{
"type": "FeatureCollection",
"name": "africa_boundary",
"crs": { "type": "name", "properties": { "name": "urn:ogc:def:crs:OGC:1.3:CRS84" } },
"features": [
{ "type": "Feature", "properties": { }, "geometry": { "type": "Polygon", "coordinates": [ [ [ -1.253888964653015, 32.214710235595703 ], [ -1.25, 32.326930999755859 ], [ -1.196388959884644, 32.404701232910156 ], [ -1.07805597782135, 32.441368103027344 ], [ -1.010555982589722, 32.508319854736328 ], [ -1.383054971694946, 32.724430084228516 ], [ -1.542778015136719, 32.939418792724609 ], [ -1.487221956253052, 32.979148864746094 ], [ -1.478888988494873, 33.058040618896484 ], [ -1.665555000305176, 33.256649017333984 ], [ -1.666666984558105, 33.383319854736328 ], [ -1.60027801990509, 33.556930541992188 ], [ -1.641944050788879, 33.650821685791016 ], [ -1.726667046546936, 33.695529937744141 ], [ -1.653610944747925, 34.084980010986328 ], [ -1.793334007263184, 34.378318786621094 ], [ -1.686388969421387, 34.485260009765625 ], [ -1.853332996368408, 34.600540161132812 ], [ -1.747221946716309, 34.747211456298828 ], [ -2.205277919769287, 35.051380157470703 ], [ -2.211518049240112, 35.099720001220703 ], [ -2.065556049346924, 35.071929931640625 ], [ -1.891667008399963, 35.089710235595703 ], [ -1.474722027778625, 35.305820465087891 ], [ -1.366945028305054, 35.313880920410156 ], [ -1.271111011505127, 35.385818481445312 ], [ -1.182500004768372, 35.577770233154297 ], [ -0.79972231388092, 35.772209167480469 ], [ -0.642222285270691, 35.712490081787109 ], [ -0.521111071109772, 35.776660919189453 ], [ -0.480555593967438, 35.846099853515625 ], [ -0.478888899087906, 35.883880615234375 ], [ -0.33777779340744, 35.897491455078125 ], [ -0.276666700839996, 35.822208404541016 ], [ -0.095555558800697, 35.787769317626953 ], [ 0.047222219407558, 35.876930236816406 ], [ 0.132499992847443, 36.051380157470703 ], [ 0.293055504560471, 36.134429931640625 ], [ 0.339444398880005, 36.196659088134766 ], [ 0.886666715145111, 36.387760162353516 ], [ 0.949999928474426, 36.450260162353516 ], [ 1.226943969726562, 36.506378173828125 ], [ 1.865556001663208, 36.56610107421875 ], [ 2.308322906494141, 36.629749298095703 ], [ 2.370832920074463, 36.630550384521484 ], [ 2.409998893737793, 36.593318939208984 ], [ 2.578887939453125, 36.590259552001953 ], [ 2.779443979263306, 36.677211761474609 ], [ 2.894443988800049, 36.792488098144531 ], [ 3.024167060852051, 36.808040618896484 ], [ 3.138333082199097, 36.738319396972656 ], [ 3.211111068725586, 36.755550384521484 ], [ 3.23444390296936, 36.812480926513672 ], [ 3.323889017105103, 36.780540466308594 ], [ 3.508888959884644, 36.775829315185547 ], [ 3.766387939453125, 36.893318176269531 ], [ 4.6524977684021, 36.891651153564453 ], [ 5.102221012115479, 36.774990081787109 ], [ 5.091110229492188, 36.709148406982422 ], [ 5.195000171661377, 36.660820007324219 ], [ 5.334444046020508, 36.641380310058594 ], [ 5.716389179229736, 36.824989318847656 ], [ 5.825832843780518, 36.813880920410156 ], [ 6.134998798370361, 36.884159088134766 ], [ 6.263054847717285, 36.946098327636719 ], [ 6.251111030578613, 36.988040924072266 ], [ 6.379166126251221, 37.083599090576172 ], [ 6.509164810180664, 37.075260162353516 ], [ 6.592775821685791, 36.973598480224609 ], [ 6.850276947021484, 36.929988861083984 ], [ 6.949999809265137, 36.883319854736328 ], [ 7.178610801696777, 36.926380157470703 ], [ 7.257499217987061, 37.009159088134766 ], [ 7.186943054199219, 37.080818176269531 ], [ 7.390276908874512, 37.083320617675781 ], [ 7.40777587890625, 37.043048858642578 ], [ 7.489119052886963, 37.053531646728516 ], [ 7.625833034515381, 36.974430084228516 ], [ 7.799999237060547, 36.984439849853516 ], [ 7.770555019378662, 36.884429931640625 ], [ 7.809998989105225, 36.861930847167969 ], [ 7.955276966094971, 36.846370697021484 ], [ 8.229166030883789, 36.955268859863281 ], [ 8.480276107788086, 36.899711608886719 ], [ 8.630229949951172, 36.942989349365234 ], [ 8.616386413574219, 36.894989013671875 ], [ 8.657220840454102, 36.867488861083984 ], [ 8.649997711181641, 36.835258483886719 ], [ 8.423887252807617, 36.790538787841797 ], [ 8.421110153198242, 36.764430999755859 ], [ 8.471663475036621, 36.753040313720703 ], [ 8.475275039672852, 36.717201232910156 ], [ 8.44305419921875, 36.654701232910156 ], [ 8.231386184692383, 36.567211151123047 ], [ 8.183609008789062, 36.524150848388672 ], [ 8.190832138061523, 36.491649627685547 ], [ 8.373607635498047, 36.444698333740234 ], [ 8.262777328491211, 35.901088714599609 ], [ 8.273609161376953, 35.758598327636719 ], [ 8.340272903442383, 35.677478790283203 ], [ 8.362218856811523, 35.521930694580078 ], [ 8.309443473815918, 35.427211761474609 ], [ 8.308332443237305, 35.339149475097656 ], [ 8.344997406005859, 35.287208557128906 ], [ 8.427221298217773, 35.267490386962891 ], [ 8.450830459594727, 35.233871459960938 ], [ 8.40110969543457, 35.192211151123047 ], [ 8.261388778686523, 34.910259246826172 ], [ 8.288610458374023, 34.752769470214844 ], [ 8.226663589477539, 34.695529937744141 ], [ 8.24749755859375, 34.641101837158203 ], [ 7.839722156524658, 34.412479400634766 ], [ 7.767498970031738, 34.236370086669922 ], [ 7.656942844390869, 34.212490081787109 ], [ 7.527222156524658, 34.1019287109375 ], [ 7.491665840148926, 33.899711608886719 ], [ 7.522499084472656, 33.788600921630859 ], [ 7.724164962768555, 33.439418792724609 ], [ 7.731943130493164, 33.248321533203125 ], [ 7.764998912811279, 33.208599090576172 ], [ 8.022775650024414, 33.112758636474609 ], [ 8.090274810791016, 33.114429473876953 ], [ 8.306106567382812, 32.834148406982422 ], [ 8.351108551025391, 32.531101226806641 ], [ 9.059162139892578, 32.091091156005859 ], [ 9.532024383544922, 30.236059188842773 ], [ 9.303886413574219, 30.122489929199219 ], [ 9.56666374206543, 29.806940078735352 ], [ 9.764720916748047, 29.433330535888672 ], [ 9.873331069946289, 28.859159469604492 ], [ 9.790273666381836, 28.270549774169922 ], [ 9.954165458679199, 27.868600845336914 ], [ 9.881107330322266, 27.621110916137695 ], [ 9.813884735107422, 27.576379776000977 ], [ 9.839162826538086, 27.508050918579102 ], [ 9.734994888305664, 27.323879241943359 ], [ 9.848331451416016, 26.908599853515625 ], [ 9.930551528930664, 26.859710693359375 ], [ 9.876384735107422, 26.528879165649414 ], [ 9.499439239501953, 26.357490539550781 ], [ 9.39305305480957, 26.182769775390625 ], [ 9.398330688476562, 26.1533203125 ], [ 10.026659965515137, 25.337490081787109 ], [ 10.054439544677734, 24.838050842285156 ], [ 10.218330383300781, 24.751110076904297 ], [ 10.252220153808594, 24.605829238891602 ], [ 10.422220230102539, 24.478050231933594 ], [ 10.715270042419434, 24.567209243774414 ], [ 11.558890342712402, 24.302490234375 ], [ 11.9864501953125, 23.522319793701172 ], [ 10.360830307006836, 22.588600158691406 ], [ 7.454489231109619, 20.852130889892578 ], [ 5.812499046325684, 19.446100234985352 ], [ 3.331943988800049, 18.97637939453125 ], [ 3.121387958526611, 19.136100769042969 ], [ 3.153610944747925, 19.223049163818359 ], [ 3.27222204208374, 19.373600006103516 ], [ 3.248054981231689, 19.512210845947266 ], [ 3.218333005905151, 19.532220840454102 ], [ 3.234999895095825, 19.815549850463867 ], [ 2.846388101577759, 19.974710464477539 ], [ 2.421665906906128, 20.053049087524414 ], [ 2.32361102104187, 20.199440002441406 ], [ 2.218054056167603, 20.279159545898438 ], [ 2.178055047988892, 20.279439926147461 ], [ 2.102499008178711, 20.220830917358398 ], [ 1.908887982368469, 20.231380462646484 ], [ 1.881111025810242, 20.301380157470703 ], [ 1.810278058052063, 20.301109313964844 ], [ 1.665555000305176, 20.442209243774414 ], [ 1.663054943084717, 20.536109924316406 ], [ 1.483332991600037, 20.63916015625 ], [ 1.375, 20.657489776611328 ], [ 1.326666951179504, 20.733329772949219 ], [ 1.178887963294983, 20.732770919799805 ], [ 1.161388993263245, 20.761100769042969 ], [ 1.169242024421692, 21.099899291992188 ], [ -0.002362631959841, 21.826360702514648 ], [ -1.429443955421448, 22.806940078735352 ], [ -3.100277900695801, 23.914159774780273 ], [ -4.806388854980469, 25.000270843505859 ], [ -6.897222995758057, 26.267490386962891 ], [ -8.669294357299805, 27.28019905090332 ], [ -8.669294357299805, 28.70928955078125 ], [ -8.495553970336914, 28.790550231933594 ], [ -8.357776641845703, 28.919160842895508 ], [ -8.046667098999023, 29.093610763549805 ], [ -7.622776985168457, 29.391939163208008 ], [ -7.434165954589844, 29.397220611572266 ], [ -7.199720859527588, 29.594720840454102 ], [ -6.575555801391602, 29.571109771728516 ], [ -6.511110782623291, 29.633600234985352 ], [ -6.474443912506104, 29.833049774169922 ], [ -6.400278091430664, 29.804439544677734 ], [ -6.191388130187988, 29.809719085693359 ], [ -5.593889236450195, 29.896940231323242 ], [ -5.396111011505127, 29.974159240722656 ], [ -5.144999980926514, 30.186660766601562 ], [ -4.942499160766602, 30.492210388183594 ], [ -4.591945171356201, 30.626380920410156 ], [ -4.430277824401855, 30.637210845947266 ], [ -4.17388916015625, 30.766109466552734 ], [ -4.027223110198975, 30.906660079956055 ], [ -3.646667003631592, 30.961099624633789 ], [ -3.602221965789795, 30.99138069152832 ], [ -3.598054885864258, 31.086109161376953 ], [ -3.724443912506104, 31.188600540161133 ], [ -3.815556049346924, 31.152490615844727 ], [ -3.825556039810181, 31.182769775390625 ], [ -3.796389102935791, 31.221660614013672 ], [ -3.804167032241821, 31.339160919189453 ], [ -3.724721908569336, 31.394710540771484 ], [ -3.835556030273438, 31.466930389404297 ], [ -3.835278034210205, 31.650270462036133 ], [ -3.818610906600952, 31.695550918579102 ], [ -3.714721918106079, 31.716379165649414 ], [ -3.5188889503479, 31.672769546508789 ], [ -2.972500085830688, 31.850830078125 ], [ -2.938333034515381, 32.02886962890625 ], [ -2.865278005599976, 32.084709167480469 ], [ -2.220278024673462, 32.149990081787109 ], [ -1.213055014610291, 32.089710235595703 ], [ -1.177778005599976, 32.114990234375 ], [ -1.19861102104187, 32.16693115234375 ], [ -1.292778015136719, 32.159149169921875 ], [ -1.253888964653015, 32.214710235595703 ] ] ] } },
{ "type": "Feature", "properties": { }, "geometry": { "type": "MultiPolygon", "coordinates": [ [ [ [ 12.010069847106934, -5.020615100860596 ], [ 12.166390419006348, -4.895834922790527 ], [ 12.206379890441895, -4.758889198303223 ], [ 12.292220115661621, -4.793612003326416 ], [ 12.412779808044434, -4.602499961853027 ], [ 12.649999618530273, -4.559444904327393 ], [ 12.664440155029297, -4.521667003631592 ], [ 12.780830383300781, -4.388888835906982 ], [ 12.895830154418945, -4.415277004241943 ], [ 12.922220230102539, -4.48527717590332 ], [ 13.091050148010254, -4.633071899414062 ], [ 13.082500457763672, -4.670000076293945 ], [ 12.825550079345703, -4.735557079315186 ], [ 12.708049774169922, -4.9186110496521 ], [ 12.462050437927246, -5.092357158660889 ], [ 12.53888988494873, -5.120832920074463 ], [ 12.526659965515137, -5.724166870117188 ], [ 12.283889770507812, -5.734446048736572 ], [ 12.209659576416016, -5.770905017852783 ], [ 12.154999732971191, -5.681666851043701 ], [ 12.154159545898438, -5.605278968811035 ], [ 12.17805004119873, -5.541389942169189 ], [ 12.22389030456543, -5.534722805023193 ], [ 12.228610038757324, -5.476944923400879 ], [ 12.104999542236328, -5.166944980621338 ], [ 12.019720077514648, -5.045279979705811 ], [ 12.045829772949219, -5.028335094451904 ], [ 12.066659927368164, -5.049723148345947 ], [ 12.114439964294434, -5.015277862548828 ], [ 12.010069847106934, -5.020615100860596 ] ] ], [ [ [ 13.178019523620605, -5.859609127044678 ], [ 13.341389656066895, -5.890555858612061 ], [ 13.408049583435059, -5.853888988494873 ], [ 13.980279922485352, -5.83583402633667 ], [ 14.335550308227539, -5.892500877380371 ], [ 15.028059959411621, -5.862779140472412 ], [ 16.368320465087891, -5.853055953979492 ], [ 16.579719543457031, -5.900833129882812 ], [ 16.600000381469727, -6.012500762939453 ], [ 16.717489242553711, -6.177223205566406 ], [ 16.703880310058594, -6.464446067810059 ], [ 16.841110229492188, -6.799444198608398 ], [ 16.91193962097168, -6.865555763244629 ], [ 16.959999084472656, -6.98527717590332 ], [ 16.945819854736328, -7.208334922790527 ], [ 17.105550765991211, -7.422223091125488 ], [ 17.181100845336914, -7.427777767181396 ], [ 17.146659851074219, -7.46944522857666 ], [ 17.214439392089844, -7.588613033294678 ], [ 17.287769317626953, -7.626389980316162 ], [ 17.284160614013672, -7.699443817138672 ], [ 17.419719696044922, -7.848056793212891 ], [ 17.437210083007812, -7.924723148345947 ], [ 17.543329238891602, -8.021390914916992 ], [ 17.537220001220703, -8.07722282409668 ], [ 17.638050079345703, -8.098054885864258 ], [ 17.740549087524414, -8.061946868896484 ], [ 17.804990768432617, -8.086389541625977 ], [ 17.868600845336914, -8.045833587646484 ], [ 17.922210693359375, -8.046669006347656 ], [ 18.007219314575195, -8.108057022094727 ], [ 18.118049621582031, -8.106943130493164 ], [ 18.111940383911133, -8.078058242797852 ], [ 18.135269165039062, -8.020833969116211 ], [ 18.525829315185547, -7.995555877685547 ], [ 18.531110763549805, -7.930278778076172 ], [ 18.767770767211914, -7.930554866790771 ], [ 18.794990539550781, -7.998888969421387 ], [ 19.373050689697266, -7.996111869812012 ], [ 19.359159469604492, -7.85805606842041 ], [ 19.37748908996582, -7.571668148040771 ], [ 19.471380233764648, -7.568611145019531 ], [ 19.535829544067383, -7.460000038146973 ], [ 19.499439239501953, -7.351666927337646 ], [ 19.504709243774414, -7.1438889503479 ], [ 19.566379547119141, -7.053055763244629 ], [ 19.542219161987305, -6.997222900390625 ], [ 20.311380386352539, -6.994722843170166 ], [ 20.332490921020508, -6.914444923400879 ], [ 20.631099700927734, -6.914444923400879 ], [ 20.539989471435547, -7.142222881317139 ], [ 20.541929244995117, -7.284683227539062 ], [ 21.783599853515625, -7.281668186187744 ], [ 21.819709777832031, -7.325557231903076 ], [ 21.846099853515625, -7.452500820159912 ], [ 21.749439239501953, -7.945001125335693 ], [ 21.809160232543945, -8.062221527099609 ], [ 21.937210083007812, -8.443058013916016 ], [ 21.860269546508789, -8.85472297668457 ], [ 21.854709625244141, -9.229445457458496 ], [ 21.790550231933594, -9.405555725097656 ], [ 21.834989547729492, -9.533613204956055 ], [ 22.024990081787109, -9.851390838623047 ], [ 22.147209167480469, -9.911392211914062 ], [ 22.31443977355957, -10.38584041595459 ], [ 22.26416015625, -10.50055980682373 ], [ 22.303329467773438, -10.537779808044434 ], [ 22.31304931640625, -10.767219543457031 ], [ 22.186660766601562, -10.829170227050781 ], [ 22.165550231933594, -10.873330116271973 ], [ 22.246099472045898, -11.073060035705566 ], [ 22.24445915222168, -11.250639915466309 ], [ 22.483600616455078, -11.130000114440918 ], [ 22.519710540771484, -11.041950225830078 ], [ 22.580829620361328, -11.034449577331543 ], [ 22.723600387573242, -11.093330383300781 ], [ 22.869159698486328, -11.050559997558594 ], [ 22.942770004272461, -11.095000267028809 ], [ 23.108049392700195, -11.091950416564941 ], [ 23.397489547729492, -10.970279693603516 ], [ 23.503049850463867, -10.959719657897949 ], [ 23.850549697875977, -11.027779579162598 ], [ 23.886100769042969, -11.01471996307373 ], [ 23.982719421386719, -10.869629859924316 ], [ 24.062210083007812, -11.421950340270996 ], [ 24.028610229492188, -11.457779884338379 ], [ 23.995540618896484, -11.771670341491699 ], [ 23.974990844726562, -12.199999809265137 ], [ 24.034990310668945, -12.264169692993164 ], [ 24.052219390869141, -12.385279655456543 ], [ 23.914989471435547, -12.669719696044922 ], [ 23.886940002441406, -12.804719924926758 ], [ 24.020549774169922, -13.006389617919922 ], [ 21.998329162597656, -13.004170417785645 ], [ 22.000789642333984, -16.17085075378418 ], [ 22.070829391479492, -16.239170074462891 ], [ 22.138879776000977, -16.492500305175781 ], [ 22.248880386352539, -16.569999694824219 ], [ 23.20166015625, -17.479719161987305 ], [ 23.474859237670898, -17.624530792236328 ], [ 21.423599243164062, -18.006669998168945 ], [ 21.382640838623047, -18.011730194091797 ], [ 21.242769241333008, -17.938339233398438 ], [ 20.971660614013672, -17.962499618530273 ], [ 20.784860610961914, -18.011730194091797 ], [ 20.393600463867188, -17.887500762939453 ], [ 20.099720001220703, -17.895559310913086 ], [ 19.91526985168457, -17.857509613037109 ], [ 19.755550384521484, -17.897499084472656 ], [ 19.662490844726562, -17.837230682373047 ], [ 19.459709167480469, -17.861669540405273 ], [ 18.916660308837891, -17.815010070800781 ], [ 18.719709396362305, -17.706949234008789 ], [ 18.483329772949219, -17.440280914306641 ], [ 18.407339096069336, -17.38677978515625 ], [ 14.209309577941895, -17.38677978515625 ], [ 14.187769889831543, -17.416389465332031 ], [ 13.980830192565918, -17.424999237060547 ], [ 13.544719696044922, -17.136669158935547 ], [ 13.496939659118652, -17.026950836181641 ], [ 13.374159812927246, -16.968889236450195 ], [ 12.93887996673584, -17.011390686035156 ], [ 12.508609771728516, -17.238889694213867 ], [ 12.45166015625, -17.253620147705078 ], [ 12.428330421447754, -17.205560684204102 ], [ 12.246939659118652, -17.226669311523438 ], [ 12.123049736022949, -17.148340225219727 ], [ 11.976940155029297, -17.163610458374023 ], [ 11.753749847412109, -17.25786018371582 ], [ 11.769439697265625, -16.827510833740234 ], [ 11.814999580383301, -16.802509307861328 ], [ 11.786109924316406, -16.183340072631836 ], [ 11.808329582214355, -15.981949806213379 ], [ 11.731109619140625, -15.854720115661621 ], [ 11.741390228271484, -15.819720268249512 ], [ 11.780550003051758, -15.778610229492188 ], [ 11.863329887390137, -15.784729957580566 ], [ 12.015000343322754, -15.569450378417969 ], [ 12.064720153808594, -15.211939811706543 ], [ 12.146109580993652, -15.17333984375 ], [ 12.341670036315918, -14.390839576721191 ], [ 12.317219734191895, -14.180839538574219 ], [ 12.412779808044434, -13.880840301513672 ], [ 12.489170074462891, -13.879730224609375 ], [ 12.505829811096191, -13.838339805603027 ], [ 12.515549659729004, -13.417220115661621 ], [ 12.640549659729004, -13.339449882507324 ], [ 12.634160041809082, -13.291950225830078 ], [ 12.729439735412598, -13.217780113220215 ], [ 12.966389656066895, -12.952500343322754 ], [ 12.92555046081543, -12.83806037902832 ], [ 12.988889694213867, -12.771949768066406 ], [ 13.192219734191895, -12.598609924316406 ], [ 13.34889030456543, -12.604720115661621 ], [ 13.383049964904785, -12.583339691162109 ], [ 13.513879776000977, -12.364170074462891 ], [ 13.594160079956055, -12.31056022644043 ], [ 13.774169921875, -11.883339881896973 ], [ 13.781390190124512, -11.498339653015137 ], [ 13.821390151977539, -11.295829772949219 ], [ 13.848050117492676, -10.950559616088867 ], [ 13.72389030456543, -10.758890151977539 ], [ 13.773329734802246, -10.697230339050293 ], [ 13.76471996307373, -10.666110038757324 ], [ 13.525830268859863, -10.405559539794922 ], [ 13.521109580993652, -10.321109771728516 ], [ 13.364439964294434, -10.056110382080078 ], [ 13.32721996307373, -9.901391983032227 ], [ 13.18943977355957, -9.687225341796875 ], [ 13.224160194396973, -9.616113662719727 ], [ 13.143119812011719, -9.336591720581055 ], [ 12.984720230102539, -9.075000762939453 ], [ 13.018890380859375, -8.983613967895508 ], [ 13.13778018951416, -8.872222900390625 ], [ 13.000550270080566, -9.054725646972656 ], [ 13.018610000610352, -9.086391448974609 ], [ 13.217499732971191, -8.782779693603516 ], [ 13.240269660949707, -8.798057556152344 ], [ 13.36028003692627, -8.768335342407227 ], [ 13.387499809265137, -8.740278244018555 ], [ 13.408610343933105, -8.65333366394043 ], [ 13.345000267028809, -8.469722747802734 ], [ 13.381660461425781, -8.450836181640625 ], [ 13.373889923095703, -8.336945533752441 ], [ 13.123889923095703, -7.868055820465088 ], [ 12.843050003051758, -7.173335075378418 ], [ 12.834719657897949, -6.913611888885498 ], [ 12.622770309448242, -6.726110935211182 ], [ 12.518890380859375, -6.581943988800049 ], [ 12.247500419616699, -6.10916805267334 ], [ 12.254159927368164, -6.078333854675293 ], [ 12.310830116271973, -6.055277824401855 ], [ 12.283889770507812, -6.121944904327393 ], [ 12.831390380859375, -6.005000114440918 ], [ 12.984999656677246, -5.882778167724609 ], [ 13.097499847412109, -5.897778987884521 ], [ 13.178019523620605, -5.859609127044678 ] ] ] ] } },
{ "type": "Feature", "properties": { }, "geometry": { "type": "Polygon", "coordinates": [ [ [ 2.338054895401001, 11.76471996307373 ], [ 2.409998893737793, 11.904439926147461 ], [ 2.390276908874512, 11.933329582214355 ], [ 2.470555067062378, 11.97776985168457 ], [ 2.383610963821411, 12.166390419006348 ], [ 2.378055095672607, 12.240269660949707 ], [ 2.645277976989746, 12.304719924926758 ], [ 2.68638801574707, 12.290280342102051 ], [ 2.771111011505127, 12.377490043640137 ], [ 2.84349799156189, 12.393320083618164 ], [ 3.253889083862305, 12.017219543457031 ], [ 3.312222003936768, 11.890000343322754 ], [ 3.4688880443573, 11.855830192565918 ], [ 3.605494976043701, 11.691690444946289 ], [ 3.474998950958252, 11.429719924926758 ], [ 3.694165945053101, 11.135000228881836 ], [ 3.739166021347046, 11.116660118103027 ], [ 3.753889083862305, 10.794440269470215 ], [ 3.846666097640991, 10.703049659729004 ], [ 3.855000019073486, 10.585000038146973 ], [ 3.789443969726562, 10.402770042419434 ], [ 3.688888072967529, 10.44972038269043 ], [ 3.637222051620483, 10.411660194396973 ], [ 3.581943988800049, 10.275270462036133 ], [ 3.684443950653076, 10.15110969543457 ], [ 3.60944390296936, 9.948051452636719 ], [ 3.525276899337769, 9.844161987304688 ], [ 3.346666097640991, 9.809162139892578 ], [ 3.331110954284668, 9.755830764770508 ], [ 3.363332986831665, 9.681940078735352 ], [ 3.317222118377686, 9.6361083984375 ], [ 3.263333082199097, 9.635829925537109 ], [ 3.141665935516357, 9.441106796264648 ], [ 3.170278072357178, 9.274440765380859 ], [ 3.094999074935913, 9.090551376342773 ], [ 2.987499952316284, 9.061107635498047 ], [ 2.788332939147949, 9.054162979125977 ], [ 2.725831985473633, 8.083051681518555 ], [ 2.68212890625, 7.893651008605957 ], [ 2.74222207069397, 7.808609008789062 ], [ 2.733333110809326, 7.639720916748047 ], [ 2.80722188949585, 7.417220115661621 ], [ 2.757499933242798, 7.419442176818848 ], [ 2.778610944747925, 7.134442806243896 ], [ 2.747776985168457, 7.099164962768555 ], [ 2.798332929611206, 7.039998054504395 ], [ 2.725276947021484, 6.954442977905273 ], [ 2.798887968063354, 6.68860912322998 ], [ 2.741666078567505, 6.62194299697876 ], [ 2.718696117401123, 6.364455223083496 ], [ 2.29444408416748, 6.32499885559082 ], [ 1.723055005073547, 6.236664772033691 ], [ 1.634174942970276, 6.210679054260254 ], [ 1.79995596408844, 6.280929088592529 ], [ 1.771389007568359, 6.392498016357422 ], [ 1.575278043746948, 6.679719924926758 ], [ 1.623054981231689, 6.757775783538818 ], [ 1.548611044883728, 6.995275020599365 ], [ 1.642500042915344, 6.995553016662598 ], [ 1.634721994400024, 8.357772827148438 ], [ 1.613054990768433, 8.374717712402344 ], [ 1.66083300113678, 8.496940612792969 ], [ 1.624722003936768, 8.548051834106445 ], [ 1.627776980400085, 8.881107330322266 ], [ 1.596389055252075, 9.116939544677734 ], [ 1.473610997200012, 9.256385803222656 ], [ 1.337499976158142, 9.542495727539062 ], [ 1.368332982063293, 9.596663475036621 ], [ 1.355000019073486, 9.995273590087891 ], [ 0.776666581630707, 10.376660346984863 ], [ 0.785277724266052, 10.524439811706543 ], [ 0.917435109615326, 10.995759963989258 ], [ 0.967777609825134, 10.995829582214355 ], [ 0.97888857126236, 11.080269813537598 ], [ 1.102777004241943, 11.04026985168457 ], [ 1.063889026641846, 11.13971996307373 ], [ 1.156388998031616, 11.162779808044434 ], [ 1.132776975631714, 11.24944019317627 ], [ 1.153888940811157, 11.277219772338867 ], [ 1.272778034210205, 11.259160041809082 ], [ 1.308611035346985, 11.291390419006348 ], [ 1.397500038146973, 11.439720153808594 ], [ 1.5, 11.464159965515137 ], [ 1.609166026115417, 11.388330459594727 ], [ 1.766111016273499, 11.42665958404541 ], [ 2.019165992736816, 11.425270080566406 ], [ 2.313858985900879, 11.679160118103027 ], [ 2.338054895401001, 11.76471996307373 ] ] ] } },
{ "type": "Feature", "properties": { }, "geometry": { "type": "Polygon", "coordinates": [ [ [ 20.995439529418945, -18.317409515380859 ], [ 21.462490081787109, -18.304449081420898 ], [ 23.291450500488281, -17.998149871826172 ], [ 23.461940765380859, -18.226390838623047 ], [ 23.548879623413086, -18.317230224609375 ], [ 23.570829391479492, -18.467220306396484 ], [ 23.615549087524414, -18.485279083251953 ], [ 23.823329925537109, -18.322509765625 ], [ 23.988880157470703, -18.164449691772461 ], [ 24.381940841674805, -17.946670532226562 ], [ 24.464160919189453, -18.008060455322266 ], [ 24.496099472045898, -18.059450149536133 ], [ 24.601940155029297, -18.020559310913086 ], [ 24.823329925537109, -17.840560913085938 ], [ 25.265750885009766, -17.797660827636719 ], [ 25.236660003662109, -17.894449234008789 ], [ 25.309160232543945, -18.065839767456055 ], [ 25.393329620361328, -18.12251091003418 ], [ 25.659439086914062, -18.531120300292969 ], [ 25.797489166259766, -18.681669235229492 ], [ 25.808330535888672, -18.776950836181641 ], [ 25.973320007324219, -18.945560455322266 ], [ 25.961940765380859, -19.10028076171875 ], [ 26.191940307617188, -19.544729232788086 ], [ 26.348049163818359, -19.597230911254883 ], [ 26.325820922851562, -19.654449462890625 ], [ 26.404439926147461, -19.675830841064453 ], [ 26.441099166870117, -19.731109619140625 ], [ 26.588600158691406, -19.799169540405273 ], [ 26.610820770263672, -19.854450225830078 ], [ 26.969709396362305, -20.009729385375977 ], [ 27.026660919189453, -20.000280380249023 ], [ 27.219989776611328, -20.091669082641602 ], [ 27.297210693359375, -20.302509307861328 ], [ 27.287490844726562, -20.494720458984375 ], [ 27.357219696044922, -20.465000152587891 ], [ 27.713970184326172, -20.509859085083008 ], [ 27.724710464477539, -20.567499160766602 ], [ 27.700820922851562, -20.606670379638672 ], [ 27.719440460205078, -20.81195068359375 ], [ 27.685270309448242, -21.063619613647461 ], [ 27.739429473876953, -21.145559310913086 ], [ 27.908599853515625, -21.31389045715332 ], [ 28.01276969909668, -21.56195068359375 ], [ 28.202770233154297, -21.596670150756836 ], [ 28.357219696044922, -21.603059768676758 ], [ 28.491939544677734, -21.660829544067383 ], [ 28.568050384521484, -21.631109237670898 ], [ 29.080829620361328, -21.820840835571289 ], [ 29.037769317626953, -21.894729614257812 ], [ 29.037220001220703, -21.974170684814453 ], [ 29.073879241943359, -22.03778076171875 ], [ 29.156660079956055, -22.076950073242188 ], [ 29.258150100708008, -22.066520690917969 ], [ 29.370529174804688, -22.191379547119141 ], [ 29.087490081787109, -22.224170684814453 ], [ 28.960550308227539, -22.313339233398438 ], [ 28.9658203125, -22.386390686035156 ], [ 28.917770385742188, -22.458339691162109 ], [ 28.634439468383789, -22.563339233398438 ], [ 28.43971061706543, -22.573619842529297 ], [ 28.184160232543945, -22.684730529785156 ], [ 28.149160385131836, -22.780000686645508 ], [ 28.042770385742188, -22.841110229492188 ], [ 28.052219390869141, -22.881389617919922 ], [ 28.024440765380859, -22.924449920654297 ], [ 27.938600540161133, -22.955560684204102 ], [ 27.928329467773438, -23.058059692382812 ], [ 27.817489624023438, -23.109170913696289 ], [ 27.736930847167969, -23.229999542236328 ], [ 27.60137939453125, -23.220279693603516 ], [ 27.520549774169922, -23.383609771728516 ], [ 27.395820617675781, -23.390840530395508 ], [ 27.10276985168457, -23.576669692993164 ], [ 27.067209243774414, -23.660829544067383 ], [ 26.999160766601562, -23.648609161376953 ], [ 26.959430694580078, -23.753620147705078 ], [ 26.845270156860352, -24.264450073242188 ], [ 26.554990768432617, -24.436939239501953 ], [ 26.464710235595703, -24.580560684204102 ], [ 26.40287971496582, -24.630439758300781 ], [ 26.359989166259766, -24.618890762329102 ], [ 25.865949630737305, -24.73866081237793 ], [ 25.832210540771484, -25.028060913085938 ], [ 25.587089538574219, -25.621040344238281 ], [ 25.386379241943359, -25.746389389038086 ], [ 25.152210235595703, -25.76222038269043 ], [ 25.03693962097168, -25.728609085083008 ], [ 24.807769775390625, -25.830839157104492 ], [ 24.504440307617188, -25.763059616088867 ], [ 24.446100234985352, -25.735559463500977 ], [ 24.393329620361328, -25.762779235839844 ], [ 24.150270462036133, -25.621669769287109 ], [ 24.000270843505859, -25.658889770507812 ], [ 24.007219314575195, -25.62251091003418 ], [ 23.844160079956055, -25.574169158935547 ], [ 23.734439849853516, -25.46221923828125 ], [ 23.496379852294922, -25.333890914916992 ], [ 23.458320617675781, -25.278339385986328 ], [ 23.104709625244141, -25.30027961730957 ], [ 22.926380157470703, -25.383890151977539 ], [ 22.81304931640625, -25.56389045715332 ], [ 22.818880081176758, -25.668060302734375 ], [ 22.730270385742188, -25.788890838623047 ], [ 22.769159317016602, -25.82305908203125 ], [ 22.712770462036133, -25.999160766601562 ], [ 22.461940765380859, -26.215000152587891 ], [ 22.179439544677734, -26.427780151367188 ], [ 22.067209243774414, -26.614730834960938 ], [ 21.898880004882812, -26.668329238891602 ], [ 21.791379928588867, -26.671670913696289 ], [ 21.759990692138672, -26.691949844360352 ], [ 21.778610229492188, -26.770839691162109 ], [ 21.693050384521484, -26.853050231933594 ], [ 21.523609161376953, -26.853340148925781 ], [ 21.348600387573242, -26.827499389648438 ], [ 21.144159317016602, -26.866670608520508 ], [ 20.897209167480469, -26.794729232788086 ], [ 20.692340850830078, -26.894680023193359 ], [ 20.636940002441406, -26.812780380249023 ], [ 20.611379623413086, -26.449169158935547 ], [ 20.693330764770508, -26.386119842529297 ], [ 20.860820770263672, -26.133609771728516 ], [ 20.756660461425781, -25.781949996948242 ], [ 20.679710388183594, -25.679449081420898 ], [ 20.687770843505859, -25.578889846801758 ], [ 20.631940841674805, -25.518890380859375 ], [ 20.673320770263672, -25.459159851074219 ], [ 20.555549621582031, -25.379999160766602 ], [ 20.389989852905273, -25.036949157714844 ], [ 20.001409530639648, -24.763629913330078 ], [ 19.995819091796875, -22.001399993896484 ], [ 20.991939544677734, -21.996950149536133 ], [ 20.995439529418945, -18.317409515380859 ] ] ] } },
{ "type": "Feature", "properties": { }, "geometry": { "type": "Polygon", "coordinates": [ [ [ -3.049444913864136, 13.612500190734863 ], [ -2.878611087799072, 13.656109809875488 ], [ -2.90416693687439, 13.721659660339355 ], [ -2.884444952011108, 13.877490043640137 ], [ -2.833333015441895, 14.041390419006348 ], [ -2.472776889801025, 14.28888988494873 ], [ -2.107778072357178, 14.151390075683594 ], [ -2.006944894790649, 14.188050270080566 ], [ -1.980833053588867, 14.475000381469727 ], [ -1.678333044052124, 14.500550270080566 ], [ -1.318889021873474, 14.728879928588867 ], [ -1.073889017105103, 14.777500152587891 ], [ -0.725000023841858, 15.083049774169922 ], [ -0.443888813257217, 15.083049774169922 ], [ -0.386111110448837, 15.005550384521484 ], [ -0.24611109495163, 15.078049659729004 ], [ 0.234534204006195, 14.915610313415527 ], [ 0.237222194671631, 14.887499809265137 ], [ 0.193333297967911, 14.835829734802246 ], [ 0.241388902068138, 14.752220153808594 ], [ 0.166666701436043, 14.523050308227539 ], [ 0.18944439291954, 14.464719772338867 ], [ 0.405277699232101, 14.254159927368164 ], [ 0.384999990463257, 14.049169540405273 ], [ 0.62499988079071, 13.684720039367676 ], [ 0.772777676582336, 13.688329696655273 ], [ 0.774444282054901, 13.644169807434082 ], [ 0.990277528762817, 13.570269584655762 ], [ 1.072221994400024, 13.446379661560059 ], [ 1.217499971389771, 13.36361026763916 ], [ 1.126667022705078, 13.328610420227051 ], [ 0.991666376590729, 13.371660232543945 ], [ 0.989166498184204, 13.047220230102539 ], [ 1.11722195148468, 13.011110305786133 ], [ 1.578333020210266, 12.630000114440918 ], [ 1.871665954589844, 12.608880043029785 ], [ 1.98888897895813, 12.731109619140625 ], [ 2.096110105514526, 12.725549697875977 ], [ 2.200831890106201, 12.630829811096191 ], [ 2.265000104904175, 12.425000190734863 ], [ 2.077776908874512, 12.386110305786133 ], [ 2.058332920074463, 12.357219696044922 ], [ 2.401562929153442, 11.889880180358887 ], [ 2.338054895401001, 11.76471996307373 ], [ 2.313858985900879, 11.679160118103027 ], [ 2.019165992736816, 11.425270080566406 ], [ 1.766111016273499, 11.42665958404541 ], [ 1.609166026115417, 11.388330459594727 ], [ 1.5, 11.464159965515137 ], [ 1.397500038146973, 11.439720153808594 ], [ 1.308611035346985, 11.291390419006348 ], [ 1.272778034210205, 11.259160041809082 ], [ 1.153888940811157, 11.277219772338867 ], [ 1.132776975631714, 11.24944019317627 ], [ 1.156388998031616, 11.162779808044434 ], [ 1.063889026641846, 11.13971996307373 ], [ 1.102777004241943, 11.04026985168457 ], [ 0.97888857126236, 11.080269813537598 ], [ 0.967777609825134, 10.995829582214355 ], [ 0.671666622161865, 10.996660232543945 ], [ 0.504166603088379, 10.93694019317627 ], [ 0.506944417953491, 11.002499580383301 ], [ -0.285277813673019, 11.166660308837891 ], [ -0.27527779340744, 11.130000114440918 ], [ -0.352777808904648, 11.068889617919922 ], [ -0.381944388151169, 11.108610153198242 ], [ -0.423055499792099, 11.096940040588379 ], [ -0.488888889551163, 10.998330116271973 ], [ -0.567777872085571, 10.992219924926758 ], [ -0.610000014305115, 10.917220115661621 ], [ -0.665000081062317, 10.954719543457031 ], [ -0.679722189903259, 10.997500419616699 ], [ -2.831057071685791, 11.003410339355469 ], [ -2.932499885559082, 10.630000114440918 ], [ -2.857778072357178, 10.457220077514648 ], [ -2.768610954284668, 10.416660308837891 ], [ -2.843611001968384, 10.326379776000977 ], [ -2.754723072052002, 10.265000343322754 ], [ -2.796389102935791, 10.057769775390625 ], [ -2.738610982894897, 9.826107025146484 ], [ -2.794445037841797, 9.735828399658203 ], [ -2.686852931976318, 9.482336044311523 ], [ -2.744999885559082, 9.396385192871094 ], [ -2.791110992431641, 9.413330078125 ], [ -2.989722967147827, 9.727773666381836 ], [ -3.065556049346924, 9.724996566772461 ], [ -3.117500066757202, 9.82916259765625 ], [ -3.179444074630737, 9.839996337890625 ], [ -3.191111087799072, 9.923885345458984 ], [ -3.259166955947876, 9.848051071166992 ], [ -3.302778005599976, 9.858051300048828 ], [ -3.296945095062256, 9.900829315185547 ], [ -3.765000104904175, 9.930274963378906 ], [ -4.040832996368408, 9.799440383911133 ], [ -4.121665954589844, 9.829996109008789 ], [ -4.287221908569336, 9.690273284912109 ], [ -4.310832977294922, 9.598329544067383 ], [ -4.376945018768311, 9.582496643066406 ], [ -4.426389217376709, 9.657497406005859 ], [ -4.509167194366455, 9.654441833496094 ], [ -4.508612155914307, 9.711385726928711 ], [ -4.532777786254883, 9.746662139892578 ], [ -4.571389198303223, 9.686941146850586 ], [ -4.602221965789795, 9.721384048461914 ], [ -4.685554981231689, 9.675273895263672 ], [ -4.742221832275391, 9.750274658203125 ], [ -4.775278091430664, 9.736661911010742 ], [ -4.780278205871582, 9.790830612182617 ], [ -4.860000133514404, 9.874996185302734 ], [ -4.928332805633545, 9.868051528930664 ], [ -4.974443912506104, 9.905275344848633 ], [ -4.949999809265137, 9.948605537414551 ], [ -4.980000019073486, 10.053609848022461 ], [ -5.130000114440918, 10.304719924926758 ], [ -5.175000190734863, 10.289440155029297 ], [ -5.208055019378662, 10.322500228881836 ], [ -5.322500228881836, 10.299160003662109 ], [ -5.411388874053955, 10.30111026763916 ], [ -5.520659923553467, 10.430990219116211 ], [ -5.462501049041748, 10.645549774169922 ], [ -5.4563889503479, 10.746939659118652 ], [ -5.411666870117188, 10.835000038146973 ], [ -5.486388206481934, 11.030280113220215 ], [ -5.488611221313477, 11.076379776000977 ], [ -5.330277919769287, 11.114720344543457 ], [ -5.297500133514404, 11.144160270690918 ], [ -5.297222137451172, 11.206939697265625 ], [ -5.250833988189697, 11.244720458984375 ], [ -5.251667022705078, 11.395000457763672 ], [ -5.198609828948975, 11.418889999389648 ], [ -5.214723110198975, 11.577500343322754 ], [ -5.289443969726562, 11.616660118103027 ], [ -5.263611793518066, 11.74944019317627 ], [ -5.402223110198975, 11.829999923706055 ], [ -5.348055839538574, 11.82526969909668 ], [ -5.193889141082764, 11.905280113220215 ], [ -4.93638801574707, 12.009440422058105 ], [ -4.784721851348877, 12.000829696655273 ], [ -4.698609828948975, 12.062769889831543 ], [ -4.66437816619873, 12.062000274658203 ], [ -4.539443969726562, 12.13971996307373 ], [ -4.569445133209229, 12.201109886169434 ], [ -4.456943988800049, 12.333889961242676 ], [ -4.407223224639893, 12.297220230102539 ], [ -4.387500762939453, 12.31110954284668 ], [ -4.438055038452148, 12.434439659118652 ], [ -4.365832805633545, 12.533329963684082 ], [ -4.474166870117188, 12.657779693603516 ], [ -4.468889236450195, 12.725830078125 ], [ -4.269166946411133, 12.716389656066895 ], [ -4.207222938537598, 12.766389846801758 ], [ -4.20555591583252, 12.94027042388916 ], [ -4.335278034210205, 13.109990119934082 ], [ -4.3125, 13.166390419006348 ], [ -4.218889236450195, 13.181389808654785 ], [ -4.243332862854004, 13.234439849853516 ], [ -4.129444122314453, 13.306389808654785 ], [ -3.96416711807251, 13.504159927368164 ], [ -3.902499914169312, 13.457770347595215 ], [ -3.966665983200073, 13.398889541625977 ], [ -3.938611030578613, 13.378049850463867 ], [ -3.791666984558105, 13.361660003662109 ], [ -3.541110992431641, 13.178890228271484 ], [ -3.441389083862305, 13.168049812316895 ], [ -3.423333883285522, 13.197500228881836 ], [ -3.441118001937866, 13.275850296020508 ], [ -3.232500076293945, 13.288049697875977 ], [ -3.271111011505127, 13.70166015625 ], [ -3.248888969421387, 13.719989776611328 ], [ -3.190192937850952, 13.678899765014648 ], [ -3.070833921432495, 13.660829544067383 ], [ -3.049444913864136, 13.612500190734863 ] ] ] } },
{ "type": "Feature", "properties": { }, "geometry": { "type": "Polygon", "coordinates": [ [ [ 29.423589706420898, -4.449471950531006 ], [ 29.385549545288086, -4.154168128967285 ], [ 29.232490539550781, -3.884999990463257 ], [ 29.246940612792969, -3.594444036483765 ], [ 29.210550308227539, -3.236666917800903 ], [ 29.240549087524414, -3.110833883285522 ], [ 29.219160079956055, -3.021111011505127 ], [ 29.148599624633789, -2.996110916137695 ], [ 29.074440002441406, -2.874722003936768 ], [ 28.987489700317383, -2.810555934906006 ], [ 28.987770080566406, -2.769999980926514 ], [ 29.024150848388672, -2.744446992874146 ], [ 29.058879852294922, -2.604722023010254 ], [ 29.14055061340332, -2.58916711807251 ], [ 29.328880310058594, -2.653611898422241 ], [ 29.349720001220703, -2.808056116104126 ], [ 29.379440307617188, -2.826111078262329 ], [ 29.443880081176758, -2.795834064483643 ], [ 29.527490615844727, -2.826667070388794 ], [ 29.571250915527344, -2.800400018692017 ], [ 29.821939468383789, -2.772778034210205 ], [ 29.899440765380859, -2.70555591583252 ], [ 29.954710006713867, -2.474999904632568 ], [ 29.946939468383789, -2.321111917495728 ], [ 30.093610763549805, -2.380556106567383 ], [ 30.153600692749023, -2.430556058883667 ], [ 30.224990844726562, -2.338612079620361 ], [ 30.356149673461914, -2.335676908493042 ], [ 30.381099700927734, -2.299444913864136 ], [ 30.573749542236328, -2.399400949478149 ], [ 30.435270309448242, -2.64305591583252 ], [ 30.433599472045898, -2.675277948379517 ], [ 30.489160537719727, -2.670834064483643 ], [ 30.5224609375, -2.64963698387146 ], [ 30.457210540771484, -2.723056077957153 ], [ 30.417490005493164, -2.861944913864136 ], [ 30.485160827636719, -2.946501016616821 ], [ 30.557220458984375, -2.8938889503479 ], [ 30.742769241333008, -2.989722967147827 ], [ 30.840269088745117, -2.974167108535767 ], [ 30.831100463867188, -3.118056058883667 ], [ 30.853879928588867, -3.157500028610229 ], [ 30.834989547729492, -3.256944894790649 ], [ 30.767490386962891, -3.299999952316284 ], [ 30.678329467773438, -3.316667079925537 ], [ 30.624160766601562, -3.371388912200928 ], [ 30.663600921630859, -3.386667013168335 ], [ 30.631660461425781, -3.450556039810181 ], [ 30.449399948120117, -3.54800009727478 ], [ 30.400829315185547, -3.786111116409302 ], [ 30.335830688476562, -3.774167060852051 ], [ 30.255830764770508, -3.886945009231567 ], [ 30.207769393920898, -4.026112079620361 ], [ 30.072769165039062, -4.166666984558105 ], [ 30.044439315795898, -4.246388912200928 ], [ 29.905830383300781, -4.349722862243652 ], [ 29.812770843505859, -4.360278129577637 ], [ 29.788850784301758, -4.404399871826172 ], [ 29.711940765380859, -4.454722881317139 ], [ 29.423589706420898, -4.449471950531006 ] ] ] } },
{ "type": "Feature", "properties": { }, "geometry": { "type": "Polygon", "coordinates": [ [ [ 14.074990272521973, 13.081589698791504 ], [ 14.443050384521484, 13.084719657897949 ], [ 14.52610969543457, 12.969989776611328 ], [ 14.508049964904785, 12.877499580383301 ], [ 14.554579734802246, 12.827939987182617 ], [ 14.551939964294434, 12.763609886169434 ], [ 14.715000152587891, 12.710280418395996 ], [ 14.707220077514648, 12.65388011932373 ], [ 14.745550155639648, 12.673330307006836 ], [ 14.875550270080566, 12.441109657287598 ], [ 14.901659965515137, 12.142769813537598 ], [ 15.045069694519043, 12.084079742431641 ], [ 15.05165958404541, 11.944999694824219 ], [ 15.111109733581543, 11.781390190124512 ], [ 15.062769889831543, 11.681670188903809 ], [ 15.140000343322754, 11.524999618530273 ], [ 15.105549812316895, 11.489720344543457 ], [ 15.017499923706055, 11.18610954284668 ], [ 15.078610420227051, 10.889439582824707 ], [ 15.056659698486328, 10.805549621582031 ], [ 15.087220191955566, 10.747220039367676 ], [ 15.13971996307373, 10.519160270690918 ], [ 15.38778018951416, 10.228610038757324 ], [ 15.67887020111084, 9.992425918579102 ], [ 15.422220230102539, 9.92694091796875 ], [ 15.232769966125488, 9.987773895263672 ], [ 15.031390190124512, 9.946384429931641 ], [ 14.920269966125488, 9.971663475036621 ], [ 14.776390075683594, 9.921108245849609 ], [ 14.458330154418945, 9.998884201049805 ], [ 14.190549850463867, 9.981662750244141 ], [ 14.108610153198242, 9.811386108398438 ], [ 14.010000228881836, 9.729995727539062 ], [ 13.960269927978516, 9.634441375732422 ], [ 14.417499542236328, 9.134162902832031 ], [ 14.82472038269043, 8.811107635498047 ], [ 14.85276985168457, 8.817773818969727 ], [ 15.192770004272461, 8.497217178344727 ], [ 15.446660041809082, 7.877498149871826 ], [ 15.503609657287598, 7.774165153503418 ], [ 15.579999923706055, 7.758331775665283 ], [ 15.584159851074219, 7.686665058135986 ], [ 15.429160118103027, 7.428885936737061 ], [ 15.460269927978516, 7.395832061767578 ], [ 15.239720344543457, 7.246109008789062 ], [ 15.059160232543945, 6.778608798980713 ], [ 14.958609580993652, 6.733609199523926 ], [ 14.805000305175781, 6.346664905548096 ], [ 14.740269660949707, 6.26249885559082 ], [ 14.48805046081543, 6.129720211029053 ], [ 14.414440155029297, 6.044165134429932 ], [ 14.484999656677246, 5.919998168945312 ], [ 14.563329696655273, 5.910830974578857 ], [ 14.592769622802734, 5.930552959442139 ], [ 14.621660232543945, 5.839165210723877 ], [ 14.62444019317627, 5.697775840759277 ], [ 14.589159965515137, 5.604165077209473 ], [ 14.601110458374023, 5.420553207397461 ], [ 14.531660079956055, 5.293610095977783 ], [ 14.687589645385742, 5.114281177520752 ], [ 14.732769966125488, 4.623054027557373 ], [ 15.043889999389648, 4.36221981048584 ], [ 15.122890472412109, 4.114404201507568 ], [ 15.190830230712891, 4.046943187713623 ], [ 15.043889999389648, 4.029164791107178 ], [ 15.076939582824707, 3.920555114746094 ], [ 15.260270118713379, 3.673887968063354 ], [ 15.869440078735352, 3.105555057525635 ], [ 15.93889045715332, 3.106110095977783 ], [ 16.110549926757812, 2.864166021347046 ], [ 16.112770080566406, 2.823333024978638 ], [ 16.071659088134766, 2.796665906906128 ], [ 16.07805061340332, 2.706110000610352 ], [ 16.11515998840332, 2.705832004547119 ], [ 16.091939926147461, 2.6563880443573 ], [ 16.164440155029297, 2.3002769947052 ], [ 16.206409454345703, 2.221101999282837 ], [ 16.089990615844727, 2.166388034820557 ], [ 16.060550689697266, 1.97333300113678 ], [ 16.124160766601562, 1.87388801574707 ], [ 16.162490844726562, 1.72666597366333 ], [ 16.072219848632812, 1.654165983200073 ], [ 16.017770767211914, 1.76111102104187 ], [ 15.932769775390625, 1.780555009841919 ], [ 15.871939659118652, 1.825000047683716 ], [ 15.486379623413086, 1.976387977600098 ], [ 15.337220191955566, 1.920554995536804 ], [ 15.272769927978516, 1.99222195148468 ], [ 15.151390075683594, 2.039721012115479 ], [ 15.141389846801758, 2.008332967758179 ], [ 15.072219848632812, 1.980000019073486 ], [ 14.979999542236328, 2.031943082809448 ], [ 14.953880310058594, 2.003611087799072 ], [ 14.88778018951416, 2.003887891769409 ], [ 14.910829544067383, 2.053332090377808 ], [ 14.861390113830566, 2.112498998641968 ], [ 14.805270195007324, 2.060832977294922 ], [ 14.567830085754395, 2.203994035720825 ], [ 14.523889541625977, 2.160553932189941 ], [ 13.294219970703125, 2.164073944091797 ], [ 13.255000114440918, 2.266387939453125 ], [ 13.131939888000488, 2.280277013778687 ], [ 13.085550308227539, 2.246387958526611 ], [ 13.0, 2.256109952926636 ], [ 12.755000114440918, 2.232777118682861 ], [ 12.336870193481445, 2.317276000976562 ], [ 12.162220001220703, 2.280277013778687 ], [ 11.624719619750977, 2.313055038452148 ], [ 11.368370056152344, 2.303591012954712 ], [ 11.34037971496582, 2.1686110496521 ], [ 10.022910118103027, 2.167366981506348 ], [ 9.850828170776367, 2.242499113082886 ], [ 9.80854606628418, 2.346065044403076 ], [ 9.844997406005859, 2.668055057525635 ], [ 9.966665267944336, 3.081665992736816 ], [ 9.909442901611328, 3.240833044052124 ], [ 9.79527473449707, 3.413887977600098 ], [ 9.642775535583496, 3.533888101577759 ], [ 9.810274124145508, 3.630554914474487 ], [ 9.68166446685791, 3.594444036483765 ], [ 9.619997024536133, 3.603610992431641 ], [ 9.543052673339844, 3.814166069030762 ], [ 9.601108551025391, 3.774998903274536 ], [ 9.594720840454102, 3.837498903274536 ], [ 9.617774963378906, 3.86860990524292 ], [ 9.665275573730469, 3.833611011505127 ], [ 9.692775726318359, 3.854722023010254 ], [ 9.743608474731445, 3.823610067367554 ], [ 9.678607940673828, 3.907221078872681 ], [ 9.767498016357422, 3.955832004547119 ], [ 9.625829696655273, 3.941665887832642 ], [ 9.614719390869141, 3.960277080535889 ], [ 9.724163055419922, 4.09972095489502 ], [ 9.629999160766602, 4.030275821685791 ], [ 9.557497024536133, 4.011664867401123 ], [ 9.474441528320312, 4.109999179840088 ], [ 9.482219696044922, 4.059165000915527 ], [ 9.528886795043945, 3.978055000305176 ], [ 9.492495536804199, 3.966109991073608 ], [ 9.476663589477539, 4.004443168640137 ], [ 9.421108245849609, 4.01388692855835 ], [ 9.463886260986328, 3.905833005905151 ], [ 9.351385116577148, 3.908610105514526 ], [ 9.30999755859375, 3.942222118377686 ], [ 9.296663284301758, 3.98249888420105 ], [ 9.318052291870117, 4.0191650390625 ], [ 9.23249626159668, 3.960555076599121 ], [ 9.203330993652344, 4.013331890106201 ], [ 9.116941452026367, 4.012219905853271 ], [ 8.968051910400391, 4.108888149261475 ], [ 8.986804962158203, 4.214076995849609 ], [ 8.904996871948242, 4.381665229797363 ], [ 8.933609008789062, 4.546943187713623 ], [ 8.841665267944336, 4.64083194732666 ], [ 8.866386413574219, 4.589443206787109 ], [ 8.865833282470703, 4.537497997283936 ], [ 8.816385269165039, 4.583610057830811 ], [ 8.808052062988281, 4.555275917053223 ], [ 8.784440994262695, 4.540554046630859 ], [ 8.721385955810547, 4.579998970031738 ], [ 8.685552597045898, 4.666388034820557 ], [ 8.642498016357422, 4.686666011810303 ], [ 8.724721908569336, 4.519443035125732 ], [ 8.701942443847656, 4.494442939758301 ], [ 8.516942977905273, 4.513331890106201 ], [ 8.502496719360352, 4.563888072967529 ], [ 8.533330917358398, 4.572497844696045 ], [ 8.510555267333984, 4.628610134124756 ], [ 8.590484619140625, 4.8105149269104 ], [ 8.636110305786133, 4.826942920684814 ], [ 8.621940612792969, 4.894721031188965 ], [ 8.824007034301758, 5.188001155853271 ], [ 8.920276641845703, 5.607498168945312 ], [ 8.833608627319336, 5.713610172271729 ], [ 8.888884544372559, 5.78610897064209 ], [ 8.860666275024414, 5.819820880889893 ], [ 8.879997253417969, 5.854720115661621 ], [ 9.006385803222656, 5.909997940063477 ], [ 9.003330230712891, 5.944719791412354 ], [ 9.29499626159668, 6.207776069641113 ], [ 9.363330841064453, 6.325830936431885 ], [ 9.434995651245117, 6.327775955200195 ], [ 9.468606948852539, 6.40444278717041 ], [ 9.576662063598633, 6.44694185256958 ], [ 9.612218856811523, 6.521665096282959 ], [ 9.711387634277344, 6.522776126861572 ], [ 9.795551300048828, 6.801663875579834 ], [ 9.874717712402344, 6.77583122253418 ], [ 10.167220115661621, 7.0191650390625 ], [ 10.204999923706055, 6.900554180145264 ], [ 10.256389617919922, 6.875831127166748 ], [ 10.513330459594727, 6.878054141998291 ], [ 10.596110343933105, 7.134164810180664 ], [ 10.619999885559082, 7.053608894348145 ], [ 10.854160308837891, 6.94694185256958 ], [ 10.882769584655762, 6.827775955200195 ], [ 10.943329811096191, 6.778054237365723 ], [ 11.019160270690918, 6.778608798980713 ], [ 11.082220077514648, 6.697775840759277 ], [ 11.073329925537109, 6.591108798980713 ], [ 11.116939544677734, 6.444163799285889 ], [ 11.154720306396484, 6.43333101272583 ], [ 11.388890266418457, 6.460277080535889 ], [ 11.444999694824219, 6.596942901611328 ], [ 11.51471996307373, 6.604165077209473 ], [ 11.5625, 6.667498111724854 ], [ 11.587770462036133, 6.785274982452393 ], [ 11.554719924926758, 6.821109771728516 ], [ 11.587499618530273, 6.892220020294189 ], [ 11.791390419006348, 7.050830841064453 ], [ 11.886659622192383, 7.078053951263428 ], [ 11.894160270690918, 7.123054027557373 ], [ 11.749719619750977, 7.270554065704346 ], [ 11.859999656677246, 7.402221202850342 ], [ 12.043609619140625, 7.577775955200195 ], [ 12.043609619140625, 7.739719867706299 ], [ 12.222769737243652, 7.974720001220703 ], [ 12.247220039367676, 8.393886566162109 ], [ 12.275270462036133, 8.428329467773438 ], [ 12.353329658508301, 8.430274963378906 ], [ 12.421660423278809, 8.518608093261719 ], [ 12.38638973236084, 8.61305046081543 ], [ 12.492489814758301, 8.628883361816406 ], [ 12.568889617919922, 8.600551605224609 ], [ 12.6875, 8.660829544067383 ], [ 12.728329658508301, 8.759441375732422 ], [ 12.794159889221191, 8.765830993652344 ], [ 12.824159622192383, 8.847496032714844 ], [ 12.84138011932373, 9.085552215576172 ], [ 12.908889770507812, 9.235273361206055 ], [ 12.913610458374023, 9.343606948852539 ], [ 12.848930358886719, 9.360078811645508 ], [ 13.052780151367188, 9.508331298828125 ], [ 13.156390190124512, 9.515830993652344 ], [ 13.221110343933105, 9.555274963378906 ], [ 13.25139045715332, 9.67694091796875 ], [ 13.228329658508301, 9.909719467163086 ], [ 13.265549659729004, 9.984994888305664 ], [ 13.243889808654785, 10.031660079956055 ], [ 13.266389846801758, 10.08611011505127 ], [ 13.398050308227539, 10.111109733581543 ], [ 13.470549583435059, 10.191659927368164 ], [ 13.458609580993652, 10.238880157470703 ], [ 13.578330039978027, 10.682499885559082 ], [ 13.637499809265137, 10.755829811096191 ], [ 13.886659622192383, 11.170550346374512 ], [ 14.009160041809082, 11.283329963684082 ], [ 14.158049583435059, 11.233610153198242 ], [ 14.195830345153809, 11.250829696655273 ], [ 14.617770195007324, 11.505550384521484 ], [ 14.646389961242676, 11.575830459594727 ], [ 14.641110420227051, 11.646940231323242 ], [ 14.558329582214355, 11.715270042419434 ], [ 14.649439811706543, 11.914999961853027 ], [ 14.619159698486328, 12.035550117492676 ], [ 14.674160003662109, 12.150830268859863 ], [ 14.657219886779785, 12.187219619750977 ], [ 14.552769660949707, 12.232219696044922 ], [ 14.490830421447754, 12.335829734802246 ], [ 14.173890113830566, 12.384160041809082 ], [ 14.188050270080566, 12.443889617919922 ], [ 14.074990272521973, 13.081589698791504 ] ] ] } },
{ "type": "Feature", "properties": { }, "geometry": { "type": "MultiPolygon", "coordinates": [ [ [ [ -25.186389923095703, 16.921670913696289 ], [ -25.3125, 16.924999237060547 ], [ -25.317220687866211, 17.00248908996582 ], [ -25.360559463500977, 17.049999237060547 ], [ -25.334449768066406, 17.093610763549805 ], [ -25.091669082641602, 17.191659927368164 ], [ -24.974720001220703, 17.11277961730957 ], [ -24.982780456542969, 17.07666015625 ], [ -25.186389923095703, 16.921670913696289 ] ] ], [ [ [ -23.493610382080078, 14.908610343933105 ], [ -23.663330078125, 14.925000190734863 ], [ -23.791950225830078, 15.071660041809082 ], [ -23.763059616088867, 15.198329925537109 ], [ -23.763059616088867, 15.324440002441406 ], [ -23.694730758666992, 15.305830001831055 ], [ -23.706110000610352, 15.273889541625977 ], [ -23.652229309082031, 15.236109733581543 ], [ -23.444730758666992, 15.006110191345215 ], [ -23.493610382080078, 14.908610343933105 ] ] ], [ [ [ -24.368339538574219, 14.812219619750977 ], [ -24.480560302734375, 14.854999542236328 ], [ -24.522499084472656, 14.931940078735352 ], [ -24.468059539794922, 15.00139045715332 ], [ -24.381950378417969, 15.047499656677246 ], [ -24.313610076904297, 15.01138973236084 ], [ -24.299449920654297, 14.86028003692627 ], [ -24.368339538574219, 14.812219619750977 ] ] ], [ [ [ -22.800830841064453, 15.978050231933594 ], [ -22.909450531005859, 16.002220153808594 ], [ -22.962499618530273, 16.044990539550781 ], [ -22.918060302734375, 16.237770080566406 ], [ -22.848339080810547, 16.20111083984375 ], [ -22.793060302734375, 16.233879089355469 ], [ -22.672500610351562, 16.147499084472656 ], [ -22.683889389038086, 16.055830001831055 ], [ -22.800830841064453, 15.978050231933594 ] ] ] ] } },
{ "type": "Feature", "properties": { }, "geometry": { "type": "Polygon", "coordinates": [ [ [ 22.466100692749023, 11.00139045715332 ], [ 22.881160736083984, 10.923910140991211 ], [ 23.009439468383789, 10.698610305786133 ], [ 23.30388069152832, 10.459159851074219 ], [ 23.669160842895508, 9.866939544677734 ], [ 23.694709777832031, 9.671663284301758 ], [ 23.626100540161133, 9.546108245849609 ], [ 23.652210235595703, 9.279996871948242 ], [ 23.492769241333008, 9.174163818359375 ], [ 23.448600769042969, 9.024997711181641 ], [ 23.485269546508789, 8.96888542175293 ], [ 23.528610229492188, 8.957496643066406 ], [ 23.565269470214844, 9.005275726318359 ], [ 23.583049774169922, 8.988607406616211 ], [ 23.581659317016602, 8.906106948852539 ], [ 23.504159927368164, 8.801385879516602 ], [ 23.517770767211914, 8.714164733886719 ], [ 24.253330230712891, 8.691106796264648 ], [ 24.269159317016602, 8.583051681518555 ], [ 24.16581916809082, 8.477773666381836 ], [ 24.140270233154297, 8.375827789306641 ], [ 24.177219390869141, 8.316106796264648 ], [ 24.350830078125, 8.249162673950195 ], [ 24.459989547729492, 8.271385192871094 ], [ 24.534990310668945, 8.208051681518555 ], [ 24.804439544677734, 8.192775726318359 ], [ 24.855079650878906, 8.169740676879883 ], [ 25.05388069152832, 7.921109199523926 ], [ 25.225549697875977, 7.872775077819824 ], [ 25.286380767822266, 7.783331871032715 ], [ 25.296100616455078, 7.649999141693115 ], [ 25.18998908996582, 7.592775821685791 ], [ 25.206939697265625, 7.497498035430908 ], [ 25.331100463867188, 7.425275802612305 ], [ 25.374160766601562, 7.339441776275635 ], [ 26.048330307006836, 6.998331069946289 ], [ 26.094440460205078, 6.850275993347168 ], [ 26.396659851074219, 6.655275821685791 ], [ 26.384990692138672, 6.589165210723877 ], [ 26.306100845336914, 6.449441909790039 ], [ 26.301380157470703, 6.392498016357422 ], [ 26.523609161376953, 6.221108913421631 ], [ 26.523609161376953, 6.173608779907227 ], [ 26.450820922851562, 6.116108894348145 ], [ 26.437490463256836, 6.077775955200195 ], [ 26.51416015625, 6.109720230102539 ], [ 26.612209320068359, 6.014442920684814 ], [ 26.808610916137695, 5.97999906539917 ], [ 26.829439163208008, 5.904997825622559 ], [ 27.142770767211914, 5.771943092346191 ], [ 27.281940460205078, 5.548886775970459 ], [ 27.237770080566406, 5.438887119293213 ], [ 27.295549392700195, 5.235830783843994 ], [ 27.458049774169922, 5.083610057830811 ], [ 27.455860137939453, 5.017142772674561 ], [ 27.419439315795898, 5.074719905853271 ], [ 27.096380233764648, 5.202775955200195 ], [ 26.945270538330078, 5.146110057830811 ], [ 26.872489929199219, 5.031386852264404 ], [ 26.646379470825195, 5.081110000610352 ], [ 26.50054931640625, 5.044721126556396 ], [ 26.163600921630859, 5.22999906539917 ], [ 26.088329315185547, 5.240553855895996 ], [ 26.031110763549805, 5.191109180450439 ], [ 25.973320007324219, 5.231665134429932 ], [ 25.905269622802734, 5.165832042694092 ], [ 25.875820159912109, 5.217497825622559 ], [ 25.520830154418945, 5.347497940063477 ], [ 25.361940383911133, 5.314720153808594 ], [ 25.310550689697266, 5.191109180450439 ], [ 25.323600769042969, 5.057497978210449 ], [ 25.22776985168457, 5.006943225860596 ], [ 25.112770080566406, 4.998054027557373 ], [ 25.075820922851562, 4.947219848632812 ], [ 24.977209091186523, 4.987775802612305 ], [ 24.672769546508789, 4.918054103851318 ], [ 24.525550842285156, 5.077220916748047 ], [ 24.45359992980957, 5.106387138366699 ], [ 24.431659698486328, 5.065275192260742 ], [ 24.394159317016602, 5.115553855895996 ], [ 24.354990005493164, 5.059998035430908 ], [ 24.401939392089844, 5.035274982452393 ], [ 24.151939392089844, 4.899999141693115 ], [ 24.105550765991211, 4.919998168945312 ], [ 23.709159851074219, 4.77583122253418 ], [ 23.449989318847656, 4.658886909484863 ], [ 23.426380157470703, 4.59194278717041 ], [ 23.272220611572266, 4.624720096588135 ], [ 23.186660766601562, 4.724442005157471 ], [ 23.022499084472656, 4.743052959442139 ], [ 22.979160308837891, 4.828608989715576 ], [ 22.890829086303711, 4.819165229797363 ], [ 22.855829238891602, 4.706943035125732 ], [ 22.792770385742188, 4.72360897064209 ], [ 22.726659774780273, 4.622775077819824 ], [ 22.694160461425781, 4.493052959442139 ], [ 22.60137939453125, 4.477221012115479 ], [ 22.58721923828125, 4.411664962768555 ], [ 22.61305046081543, 4.369163990020752 ], [ 22.468050003051758, 4.155275821685791 ], [ 22.391380310058594, 4.128609180450439 ], [ 22.259719848632812, 4.134164810180664 ], [ 21.658599853515625, 4.299164772033691 ], [ 21.55194091796875, 4.24583101272583 ], [ 21.355270385742188, 4.279998779296875 ], [ 21.282770156860352, 4.334165096282959 ], [ 21.172210693359375, 4.303885936737061 ], [ 20.984439849853516, 4.426663875579834 ], [ 20.838600158691406, 4.449163913726807 ], [ 20.614719390869141, 4.408052921295166 ], [ 20.576099395751953, 4.414721012115479 ], [ 20.456380844116211, 4.5191650390625 ], [ 20.370269775390625, 4.725831031799316 ], [ 19.865829467773438, 5.041665077209473 ], [ 19.838329315185547, 5.08833122253418 ], [ 19.566379547119141, 5.150276184082031 ], [ 19.398330688476562, 5.119997978210449 ], [ 19.284109115600586, 5.027812004089355 ], [ 19.08888053894043, 4.918054103851318 ], [ 18.816099166870117, 4.526387214660645 ], [ 18.776660919189453, 4.423330783843994 ], [ 18.714710235595703, 4.370275020599365 ], [ 18.582210540771484, 4.370553016662598 ], [ 18.541940689086914, 4.335554122924805 ], [ 18.537769317626953, 4.299164772033691 ], [ 18.591379165649414, 4.231110095977783 ], [ 18.648880004882812, 4.002499103546143 ], [ 18.594989776611328, 3.769165992736816 ], [ 18.625999450683594, 3.478856086730957 ], [ 18.548879623413086, 3.553332090377808 ], [ 18.533330917358398, 3.598887920379639 ], [ 18.481380462646484, 3.641942977905273 ], [ 18.398050308227539, 3.577498912811279 ], [ 18.272499084472656, 3.583055019378662 ], [ 18.233879089355469, 3.499166011810303 ], [ 18.183879852294922, 3.482777118682861 ], [ 18.143880844116211, 3.550832033157349 ], [ 18.049440383911133, 3.566387891769409 ], [ 17.988880157470703, 3.53916597366333 ], [ 17.938880920410156, 3.577498912811279 ], [ 17.864990234375, 3.536109924316406 ], [ 17.759990692138672, 3.630554914474487 ], [ 17.579439163208008, 3.648333072662354 ], [ 17.493600845336914, 3.710833072662354 ], [ 17.41387939453125, 3.679721117019653 ], [ 17.356100082397461, 3.615277051925659 ], [ 17.077220916748047, 3.576666116714478 ], [ 16.987770080566406, 3.535276889801025 ], [ 16.876659393310547, 3.565831899642944 ], [ 16.861940383911133, 3.524444103240967 ], [ 16.699159622192383, 3.545277118682861 ], [ 16.58888053894043, 3.481942892074585 ], [ 16.482770919799805, 3.156666040420532 ], [ 16.501659393310547, 2.849442958831787 ], [ 16.206409454345703, 2.221101999282837 ], [ 16.164440155029297, 2.3002769947052 ], [ 16.091939926147461, 2.6563880443573 ], [ 16.11515998840332, 2.705832004547119 ], [ 16.07805061340332, 2.706110000610352 ], [ 16.071659088134766, 2.796665906906128 ], [ 16.112770080566406, 2.823333024978638 ], [ 16.110549926757812, 2.864166021347046 ], [ 15.93889045715332, 3.106110095977783 ], [ 15.869440078735352, 3.105555057525635 ], [ 15.260270118713379, 3.673887968063354 ], [ 15.076939582824707, 3.920555114746094 ], [ 15.043889999389648, 4.029164791107178 ], [ 15.190830230712891, 4.046943187713623 ], [ 15.122890472412109, 4.114404201507568 ], [ 15.043889999389648, 4.36221981048584 ], [ 14.732769966125488, 4.623054027557373 ], [ 14.687589645385742, 5.114281177520752 ], [ 14.531660079956055, 5.293610095977783 ], [ 14.601110458374023, 5.420553207397461 ], [ 14.589159965515137, 5.604165077209473 ], [ 14.62444019317627, 5.697775840759277 ], [ 14.621660232543945, 5.839165210723877 ], [ 14.592769622802734, 5.930552959442139 ], [ 14.563329696655273, 5.910830974578857 ], [ 14.484999656677246, 5.919998168945312 ], [ 14.414440155029297, 6.044165134429932 ], [ 14.48805046081543, 6.129720211029053 ], [ 14.740269660949707, 6.26249885559082 ], [ 14.805000305175781, 6.346664905548096 ], [ 14.958609580993652, 6.733609199523926 ], [ 15.059160232543945, 6.778608798980713 ], [ 15.239720344543457, 7.246109008789062 ], [ 15.460269927978516, 7.395832061767578 ], [ 15.429160118103027, 7.428885936737061 ], [ 15.499099731445312, 7.526431083679199 ], [ 15.689160346984863, 7.523888111114502 ], [ 15.782770156860352, 7.457776069641113 ], [ 16.251380920410156, 7.637219905853271 ], [ 16.404470443725586, 7.678844928741455 ], [ 16.403600692749023, 7.779998779296875 ], [ 16.56443977355957, 7.873331069946289 ], [ 16.563329696655273, 7.814998149871826 ], [ 16.629159927368164, 7.756665229797363 ], [ 16.629989624023438, 7.676942825317383 ], [ 16.817419052124023, 7.545970916748047 ], [ 16.946659088134766, 7.645276069641113 ], [ 17.16581916809082, 7.728054046630859 ], [ 17.391380310058594, 7.877775192260742 ], [ 17.708469390869141, 7.984979152679443 ], [ 17.883600234985352, 7.958332061767578 ], [ 18.046100616455078, 8.016665458679199 ], [ 18.58888053894043, 8.040273666381836 ], [ 18.624990463256836, 8.067218780517578 ], [ 18.636659622192383, 8.145830154418945 ], [ 18.686660766601562, 8.214162826538086 ], [ 18.809440612792969, 8.260829925537109 ], [ 19.125820159912109, 8.672773361206055 ], [ 18.88408088684082, 8.835037231445312 ], [ 18.929439544677734, 8.920551300048828 ], [ 19.109439849853516, 9.013608932495117 ], [ 19.388879776000977, 8.997217178344727 ], [ 19.864990234375, 9.046941757202148 ], [ 20.067489624023438, 9.135274887084961 ], [ 20.328880310058594, 9.104440689086914 ], [ 20.455549240112305, 9.157773971557617 ], [ 20.50193977355957, 9.280551910400391 ], [ 20.667770385742188, 9.298330307006836 ], [ 20.659160614013672, 9.3427734375 ], [ 20.706659317016602, 9.364162445068359 ], [ 20.953319549560547, 9.589996337890625 ], [ 20.996940612792969, 9.685274124145508 ], [ 21.269439697265625, 9.981107711791992 ], [ 21.342220306396484, 9.958606719970703 ], [ 21.408330917358398, 10.006939888000488 ], [ 21.477209091186523, 10.15110969543457 ], [ 21.673879623413086, 10.242770195007324 ], [ 21.718879699707031, 10.332500457763672 ], [ 21.700820922851562, 10.52694034576416 ], [ 21.723880767822266, 10.641940116882324 ], [ 22.003879547119141, 10.734720230102539 ], [ 22.014999389648438, 10.807769775390625 ], [ 22.063880920410156, 10.834159851074219 ], [ 22.184440612792969, 10.818889617919922 ], [ 22.201929092407227, 10.870269775390625 ], [ 22.466100692749023, 11.00139045715332 ] ] ] } },
{ "type": "Feature", "properties": { }, "geometry": { "type": "Polygon", "coordinates": [ [ [ 15.000630378723145, 23.000370025634766 ], [ 16.000829696655273, 23.450550079345703 ], [ 18.363609313964844, 22.344440460205078 ], [ 21.394710540771484, 20.852209091186523 ], [ 23.99955940246582, 19.497760772705078 ], [ 23.999710083007812, 15.699440002441406 ], [ 23.685270309448242, 15.756110191345215 ], [ 23.479160308837891, 15.726110458374023 ], [ 23.381380081176758, 15.685270309448242 ], [ 23.118320465087891, 15.710550308227539 ], [ 22.937770843505859, 15.5625 ], [ 22.919439315795898, 15.509719848632812 ], [ 22.995269775390625, 15.385829925537109 ], [ 22.984710693359375, 15.231109619140625 ], [ 22.935829162597656, 15.116109848022461 ], [ 22.868320465087891, 15.094440460205078 ], [ 22.753330230712891, 14.976940155029297 ], [ 22.668880462646484, 14.854160308837891 ], [ 22.702489852905273, 14.691390037536621 ], [ 22.416099548339844, 14.60027027130127 ], [ 22.384159088134766, 14.554160118103027 ], [ 22.381380081176758, 14.523050308227539 ], [ 22.441940307617188, 14.489439964294434 ], [ 22.440269470214844, 14.282219886779785 ], [ 22.456659317016602, 14.252220153808594 ], [ 22.555269241333008, 14.231940269470215 ], [ 22.566940307617188, 14.164159774780273 ], [ 22.552490234375, 14.120829582214355 ], [ 22.476940155029297, 14.100830078125 ], [ 22.233879089355469, 13.965829849243164 ], [ 22.084440231323242, 13.779159545898438 ], [ 22.138599395751953, 13.728050231933594 ], [ 22.153600692749023, 13.634440422058105 ], [ 22.21721076965332, 13.584719657897949 ], [ 22.295270919799805, 13.377779960632324 ], [ 22.228879928588867, 13.276390075683594 ], [ 22.079990386962891, 13.153329849243164 ], [ 21.972490310668945, 13.087499618530273 ], [ 21.828250885009766, 12.803890228271484 ], [ 21.900550842285156, 12.67665958404541 ], [ 21.970830917358398, 12.63971996307373 ], [ 22.125270843505859, 12.649999618530273 ], [ 22.223320007324219, 12.747220039367676 ], [ 22.466930389404297, 12.621660232543945 ], [ 22.383880615234375, 12.465270042419434 ], [ 22.497770309448242, 12.18694019317627 ], [ 22.476659774780273, 12.034159660339355 ], [ 22.62554931640625, 12.083609580993652 ], [ 22.552770614624023, 11.665550231933594 ], [ 22.62554931640625, 11.534440040588379 ], [ 22.791099548339844, 11.401659965515137 ], [ 22.930820465087891, 11.415829658508301 ], [ 22.975269317626953, 11.215829849243164 ], [ 22.881160736083984, 10.923910140991211 ], [ 22.466100692749023, 11.00139045715332 ], [ 22.201929092407227, 10.870269775390625 ], [ 22.184440612792969, 10.818889617919922 ], [ 22.063880920410156, 10.834159851074219 ], [ 22.014999389648438, 10.807769775390625 ], [ 22.003879547119141, 10.734720230102539 ], [ 21.723880767822266, 10.641940116882324 ], [ 21.700820922851562, 10.52694034576416 ], [ 21.718879699707031, 10.332500457763672 ], [ 21.673879623413086, 10.242770195007324 ], [ 21.477209091186523, 10.15110969543457 ], [ 21.408330917358398, 10.006939888000488 ], [ 21.342220306396484, 9.958606719970703 ], [ 21.269439697265625, 9.981107711791992 ], [ 20.996940612792969, 9.685274124145508 ], [ 20.953319549560547, 9.589996337890625 ], [ 20.706659317016602, 9.364162445068359 ], [ 20.659160614013672, 9.3427734375 ], [ 20.667770385742188, 9.298330307006836 ], [ 20.50193977355957, 9.280551910400391 ], [ 20.455549240112305, 9.157773971557617 ], [ 20.328880310058594, 9.104440689086914 ], [ 20.067489624023438, 9.135274887084961 ], [ 19.864990234375, 9.046941757202148 ], [ 19.388879776000977, 8.997217178344727 ], [ 19.109439849853516, 9.013608932495117 ], [ 18.929439544677734, 8.920551300048828 ], [ 18.88408088684082, 8.835037231445312 ], [ 19.125820159912109, 8.672773361206055 ], [ 18.809440612792969, 8.260829925537109 ], [ 18.686660766601562, 8.214162826538086 ], [ 18.636659622192383, 8.145830154418945 ], [ 18.624990463256836, 8.067218780517578 ], [ 18.58888053894043, 8.040273666381836 ], [ 18.046100616455078, 8.016665458679199 ], [ 17.883600234985352, 7.958332061767578 ], [ 17.708469390869141, 7.984979152679443 ], [ 17.391380310058594, 7.877775192260742 ], [ 17.16581916809082, 7.728054046630859 ], [ 16.946659088134766, 7.645276069641113 ], [ 16.817419052124023, 7.545970916748047 ], [ 16.629989624023438, 7.676942825317383 ], [ 16.629159927368164, 7.756665229797363 ], [ 16.563329696655273, 7.814998149871826 ], [ 16.56443977355957, 7.873331069946289 ], [ 16.403600692749023, 7.779998779296875 ], [ 16.404470443725586, 7.678844928741455 ], [ 16.251380920410156, 7.637219905853271 ], [ 15.782770156860352, 7.457776069641113 ], [ 15.689160346984863, 7.523888111114502 ], [ 15.499099731445312, 7.526431083679199 ], [ 15.584159851074219, 7.686665058135986 ], [ 15.579999923706055, 7.758331775665283 ], [ 15.503609657287598, 7.774165153503418 ], [ 15.446660041809082, 7.877498149871826 ], [ 15.192770004272461, 8.497217178344727 ], [ 14.85276985168457, 8.817773818969727 ], [ 14.82472038269043, 8.811107635498047 ], [ 14.417499542236328, 9.134162902832031 ], [ 13.960269927978516, 9.634441375732422 ], [ 14.010000228881836, 9.729995727539062 ], [ 14.108610153198242, 9.811386108398438 ], [ 14.190549850463867, 9.981662750244141 ], [ 14.458330154418945, 9.998884201049805 ], [ 14.776390075683594, 9.921108245849609 ], [ 14.920269966125488, 9.971663475036621 ], [ 15.031390190124512, 9.946384429931641 ], [ 15.232769966125488, 9.987773895263672 ], [ 15.422220230102539, 9.92694091796875 ], [ 15.67887020111084, 9.992425918579102 ], [ 15.38778018951416, 10.228610038757324 ], [ 15.13971996307373, 10.519160270690918 ], [ 15.087220191955566, 10.747220039367676 ], [ 15.056659698486328, 10.805549621582031 ], [ 15.078610420227051, 10.889439582824707 ], [ 15.017499923706055, 11.18610954284668 ], [ 15.105549812316895, 11.489720344543457 ], [ 15.140000343322754, 11.524999618530273 ], [ 15.062769889831543, 11.681670188903809 ], [ 15.111109733581543, 11.781390190124512 ], [ 15.05165958404541, 11.944999694824219 ], [ 15.045069694519043, 12.084079742431641 ], [ 14.901659965515137, 12.142769813537598 ], [ 14.875550270080566, 12.441109657287598 ], [ 14.745550155639648, 12.673330307006836 ], [ 14.707220077514648, 12.65388011932373 ], [ 14.715000152587891, 12.710280418395996 ], [ 14.551939964294434, 12.763609886169434 ], [ 14.554579734802246, 12.827939987182617 ], [ 14.508049964904785, 12.877499580383301 ], [ 14.52610969543457, 12.969989776611328 ], [ 14.443050384521484, 13.084719657897949 ], [ 14.074990272521973, 13.081589698791504 ], [ 13.625240325927734, 13.718210220336914 ], [ 13.462220191955566, 14.42805004119873 ], [ 13.475549697875977, 14.468330383300781 ], [ 13.665280342102051, 14.541939735412598 ], [ 13.684160232543945, 14.572500228881836 ], [ 13.660829544067383, 14.645830154418945 ], [ 13.794159889221191, 14.732769966125488 ], [ 13.767219543457031, 14.848050117492676 ], [ 13.859160423278809, 15.037779808044434 ], [ 14.368889808654785, 15.733880043029785 ], [ 15.48861026763916, 16.900270462036133 ], [ 15.592490196228027, 18.604440689086914 ], [ 15.753890037536621, 19.932489395141602 ], [ 15.996660232543945, 20.353050231933594 ], [ 15.568610191345215, 20.779720306396484 ], [ 15.558329582214355, 20.884439468383789 ], [ 15.584440231323242, 20.929990768432617 ], [ 15.627220153808594, 20.955270767211914 ], [ 15.284440040588379, 21.445270538330078 ], [ 15.202500343322754, 21.495819091796875 ], [ 15.194720268249512, 21.998880386352539 ], [ 15.000630378723145, 23.000370025634766 ] ] ] } },
{ "type": "Feature", "properties": { }, "geometry": { "type": "MultiPolygon", "coordinates": [ [ [ [ 44.489711761474609, -12.370840072631836 ], [ 44.381378173828125, -12.255840301513672 ], [ 44.206661224365234, -12.16195011138916 ], [ 44.357490539550781, -12.181389808654785 ], [ 44.418319702148438, -12.12639045715332 ], [ 44.412769317626953, -12.090279579162598 ], [ 44.464988708496094, -12.069450378417969 ], [ 44.523880004882812, -12.221670150756836 ], [ 44.526660919189453, -12.366109848022461 ], [ 44.489711761474609, -12.370840072631836 ] ] ], [ [ [ 43.442489624023438, -11.934720039367676 ], [ 43.226650238037109, -11.773059844970703 ], [ 43.214431762695312, -11.727499961853027 ], [ 43.258880615234375, -11.510000228881836 ], [ 43.260269165039062, -11.41139030456543 ], [ 43.289710998535156, -11.379170417785645 ], [ 43.370540618896484, -11.371109962463379 ], [ 43.396648406982422, -11.41139030456543 ], [ 43.373878479003906, -11.614170074462891 ], [ 43.498050689697266, -11.879170417785645 ], [ 43.472759246826172, -11.928059577941895 ], [ 43.442489624023438, -11.934720039367676 ] ] ] ] } },
{ "type": "Feature", "properties": { }, "geometry": { "type": "Polygon", "coordinates": [ [ [ 18.625999450683594, 3.478856086730957 ], [ 18.642219543457031, 3.210555076599121 ], [ 18.611660003662109, 3.131942987442017 ], [ 18.539329528808594, 3.075680017471313 ], [ 18.342020034790039, 2.612627983093262 ], [ 18.093330383300781, 2.229443073272705 ], [ 18.078329086303711, 1.655277013778687 ], [ 18.038600921630859, 1.445554971694946 ], [ 17.878879547119141, 0.953333079814911 ], [ 17.966930389404297, 0.447777599096298 ], [ 17.948699951171875, 0.352614909410477 ], [ 17.803600311279297, 0.148611098527908 ], [ 17.709989547729492, -0.174166694283485 ], [ 17.736770629882812, -0.316365391016006 ], [ 17.736930847167969, -0.443611085414886 ], [ 17.635549545288086, -0.67083328962326 ], [ 17.306940078735352, -1.015277981758118 ], [ 16.968050003051758, -1.153888940811157 ], [ 16.807220458984375, -1.316388964653015 ], [ 16.583879470825195, -1.766667008399963 ], [ 16.414440155029297, -1.9811110496521 ], [ 16.206939697265625, -2.158889055252075 ], [ 16.183879852294922, -2.245832920074463 ], [ 16.188880920410156, -3.061666011810303 ], [ 16.22776985168457, -3.322221994400024 ], [ 15.983329772949219, -3.756944894790649 ], [ 15.911109924316406, -3.919722080230713 ], [ 15.843330383300781, -3.969166994094849 ], [ 15.569439888000488, -4.037221908569336 ], [ 15.516949653625488, -4.096802234649658 ], [ 15.473329544067383, -4.248889923095703 ], [ 15.428609848022461, -4.293612003326416 ], [ 15.272870063781738, -4.306760787963867 ], [ 15.15194034576416, -4.420000076293945 ], [ 14.846110343933105, -4.791667938232422 ], [ 14.718890190124512, -4.885000228881836 ], [ 14.654999732971191, -4.910000801086426 ], [ 14.495829582214355, -4.840834140777588 ], [ 14.419039726257324, -4.887648105621338 ], [ 14.383330345153809, -4.59944486618042 ], [ 14.364720344543457, -4.557777881622314 ], [ 14.476659774780273, -4.456389904022217 ], [ 14.487500190734863, -4.426945209503174 ], [ 14.399160385131836, -4.341390132904053 ], [ 14.415280342102051, -4.274167060852051 ], [ 13.991109848022461, -4.465278148651123 ], [ 13.965000152587891, -4.495000839233398 ], [ 13.880270004272461, -4.484723091125488 ], [ 13.828610420227051, -4.426111221313477 ], [ 13.73915958404541, -4.441667079925537 ], [ 13.700550079345703, -4.723333835601807 ], [ 13.494159698486328, -4.80388879776001 ], [ 13.410280227661133, -4.883056163787842 ], [ 13.375550270080566, -4.786667823791504 ], [ 13.194720268249512, -4.683610916137695 ], [ 13.145279884338379, -4.589168071746826 ], [ 13.100830078125, -4.572501182556152 ], [ 13.091050148010254, -4.633071899414062 ], [ 12.922220230102539, -4.48527717590332 ], [ 12.895830154418945, -4.415277004241943 ], [ 12.780830383300781, -4.388888835906982 ], [ 12.664440155029297, -4.521667003631592 ], [ 12.649999618530273, -4.559444904327393 ], [ 12.412779808044434, -4.602499961853027 ], [ 12.292220115661621, -4.793612003326416 ], [ 12.206379890441895, -4.758889198303223 ], [ 12.166390419006348, -4.895834922790527 ], [ 12.010069847106934, -5.020615100860596 ], [ 11.756939888000488, -4.646944999694824 ], [ 11.799440383911133, -4.592778205871582 ], [ 11.749170303344727, -4.512500762939453 ], [ 11.381660461425781, -4.192223072052002 ], [ 11.336389541625977, -4.085834980010986 ], [ 11.141510009765625, -3.922898054122925 ], [ 11.244720458984375, -3.678611040115356 ], [ 11.439169883728027, -3.585000038146973 ], [ 11.478329658508301, -3.521389007568359 ], [ 11.560549736022949, -3.517221927642822 ], [ 11.694720268249512, -3.696388959884644 ], [ 11.884719848632812, -3.699167013168335 ], [ 11.925000190734863, -3.626667022705078 ], [ 11.842220306396484, -3.57944393157959 ], [ 11.84138011932373, -3.55138897895813 ], [ 11.975000381469727, -3.322221994400024 ], [ 11.958049774169922, -3.291388988494873 ], [ 11.69972038269043, -3.166944980621338 ], [ 11.731940269470215, -3.037777900695801 ], [ 11.766110420227051, -3.047223091125488 ], [ 11.80165958404541, -3.00888991355896 ], [ 11.632499694824219, -2.818610906600952 ], [ 11.564720153808594, -2.86722207069397 ], [ 11.543330192565918, -2.856945037841797 ], [ 11.546110153198242, -2.793889045715332 ], [ 11.611940383911133, -2.715832948684692 ], [ 11.647500038146973, -2.613333940505981 ], [ 11.574170112609863, -2.333333015441895 ], [ 11.681110382080078, -2.356667041778564 ], [ 11.735269546508789, -2.436666011810303 ], [ 11.771659851074219, -2.396389007568359 ], [ 11.964159965515137, -2.333333015441895 ], [ 12.021659851074219, -2.391388893127441 ], [ 12.478050231933594, -2.327223062515259 ], [ 12.517219543457031, -2.093055009841919 ], [ 12.448049545288086, -2.024445056915283 ], [ 12.452770233154297, -1.877221941947937 ], [ 12.495269775390625, -1.92388904094696 ], [ 12.524720191955566, -1.905277967453003 ], [ 12.520549774169922, -1.872499942779541 ], [ 12.654999732971191, -1.824445009231567 ], [ 12.845270156860352, -1.954444050788879 ], [ 12.904439926147461, -2.146944999694824 ], [ 12.972769737243652, -2.190834045410156 ], [ 13.019439697265625, -2.347778081893921 ], [ 13.486940383911133, -2.435276985168457 ], [ 13.725830078125, -2.186110973358154 ], [ 13.727219581604004, -2.151110887527466 ], [ 13.770549774169922, -2.093055009841919 ], [ 13.930270195007324, -2.357779026031494 ], [ 13.864439964294434, -2.42305588722229 ], [ 13.878879547119141, -2.476388931274414 ], [ 14.087770462036133, -2.494999885559082 ], [ 14.255000114440918, -2.342221975326538 ], [ 14.158329963684082, -2.228610992431641 ], [ 14.225549697875977, -2.190278053283691 ], [ 14.264439582824707, -1.966110944747925 ], [ 14.429719924926758, -1.891667008399963 ], [ 14.421389579772949, -1.812777996063232 ], [ 14.466659545898438, -1.680556058883667 ], [ 14.383890151977539, -1.610833048820496 ], [ 14.433890342712402, -1.578611016273499 ], [ 14.501660346984863, -1.390277981758118 ], [ 14.444160461425781, -1.331943988800049 ], [ 14.481940269470215, -1.212777972221375 ], [ 14.416390419006348, -1.033447980880737 ], [ 14.518610000610352, -0.609166622161865 ], [ 14.456660270690918, -0.518611311912537 ], [ 14.306659698486328, -0.433333307504654 ], [ 14.177499771118164, -0.452500104904175 ], [ 14.160829544067383, -0.357777804136276 ], [ 14.120829582214355, -0.276111096143723 ], [ 13.886940002441406, -0.253055602312088 ], [ 13.852219581604004, -0.167500004172325 ], [ 13.949999809265137, 0.033333320170641 ], [ 13.913330078125, 0.042499989271164 ], [ 13.888609886169434, 0.22277769446373 ], [ 13.969719886779785, 0.362777709960938 ], [ 14.066390037536621, 0.42805540561676 ], [ 14.072219848632812, 0.484999895095825 ], [ 14.102780342102051, 0.546388626098633 ], [ 14.279159545898438, 0.553610920906067 ], [ 14.472499847412109, 0.846110820770264 ], [ 14.365269660949707, 1.090276956558228 ], [ 14.312769889831543, 1.111111044883728 ], [ 14.273889541625977, 1.326388001441956 ], [ 14.235170364379883, 1.363793015480042 ], [ 14.159440040588379, 1.39527702331543 ], [ 14.073880195617676, 1.375277042388916 ], [ 13.903610229492188, 1.43888795375824 ], [ 13.798330307006836, 1.433887958526611 ], [ 13.778889656066895, 1.371943950653076 ], [ 13.60138988494873, 1.331943988800049 ], [ 13.521940231323242, 1.271944046020508 ], [ 13.378330230712891, 1.296388030052185 ], [ 13.305549621582031, 1.234166026115417 ], [ 13.185870170593262, 1.22312605381012 ], [ 13.152219772338867, 1.253888964653015 ], [ 13.225549697875977, 1.299721956253052 ], [ 13.246379852294922, 1.395555019378662 ], [ 13.137499809265137, 1.568611025810242 ], [ 13.141940116882324, 1.703055024147034 ], [ 13.173890113830566, 1.776111006736755 ], [ 13.161109924316406, 1.904443979263306 ], [ 13.288330078125, 2.066943883895874 ], [ 13.294219970703125, 2.164073944091797 ], [ 14.523889541625977, 2.160553932189941 ], [ 14.567830085754395, 2.203994035720825 ], [ 14.805270195007324, 2.060832977294922 ], [ 14.861390113830566, 2.112498998641968 ], [ 14.910829544067383, 2.053332090377808 ], [ 14.88778018951416, 2.003887891769409 ], [ 14.953880310058594, 2.003611087799072 ], [ 14.979999542236328, 2.031943082809448 ], [ 15.072219848632812, 1.980000019073486 ], [ 15.141389846801758, 2.008332967758179 ], [ 15.151390075683594, 2.039721012115479 ], [ 15.272769927978516, 1.99222195148468 ], [ 15.337220191955566, 1.920554995536804 ], [ 15.486379623413086, 1.976387977600098 ], [ 15.871939659118652, 1.825000047683716 ], [ 15.932769775390625, 1.780555009841919 ], [ 16.017770767211914, 1.76111102104187 ], [ 16.072219848632812, 1.654165983200073 ], [ 16.162490844726562, 1.72666597366333 ], [ 16.124160766601562, 1.87388801574707 ], [ 16.060550689697266, 1.97333300113678 ], [ 16.089990615844727, 2.166388034820557 ], [ 16.206409454345703, 2.221101999282837 ], [ 16.501659393310547, 2.849442958831787 ], [ 16.482770919799805, 3.156666040420532 ], [ 16.58888053894043, 3.481942892074585 ], [ 16.699159622192383, 3.545277118682861 ], [ 16.861940383911133, 3.524444103240967 ], [ 16.876659393310547, 3.565831899642944 ], [ 16.987770080566406, 3.535276889801025 ], [ 17.077220916748047, 3.576666116714478 ], [ 17.356100082397461, 3.615277051925659 ], [ 17.41387939453125, 3.679721117019653 ], [ 17.493600845336914, 3.710833072662354 ], [ 17.579439163208008, 3.648333072662354 ], [ 17.759990692138672, 3.630554914474487 ], [ 17.864990234375, 3.536109924316406 ], [ 17.938880920410156, 3.577498912811279 ], [ 17.988880157470703, 3.53916597366333 ], [ 18.049440383911133, 3.566387891769409 ], [ 18.143880844116211, 3.550832033157349 ], [ 18.183879852294922, 3.482777118682861 ], [ 18.233879089355469, 3.499166011810303 ], [ 18.272499084472656, 3.583055019378662 ], [ 18.398050308227539, 3.577498912811279 ], [ 18.481380462646484, 3.641942977905273 ], [ 18.533330917358398, 3.598887920379639 ], [ 18.548879623413086, 3.553332090377808 ], [ 18.625999450683594, 3.478856086730957 ] ] ] } },
{ "type": "Feature", "properties": { }, "geometry": { "type": "Polygon", "coordinates": [ [ [ 41.808830261230469, 11.266369819641113 ], [ 41.759708404541016, 11.505279541015625 ], [ 41.829429626464844, 11.741939544677734 ], [ 41.948589324951172, 11.816670417785645 ], [ 42.339420318603516, 12.396940231323242 ], [ 42.455828347852894, 12.528874596346737 ], [ 42.535820007324219, 12.504159927368164 ], [ 42.698612213134766, 12.363889694213867 ], [ 42.819164276123047, 12.440278053283691 ], [ 42.841110229492188, 12.555277824401855 ], [ 42.859165191650391, 12.564722061157227 ], [ 42.881385803222656, 12.627500534057617 ], [ 42.911666870117188, 12.616666793823242 ], [ 43.123360361871505, 12.708821821856283 ], [ 43.353870391845703, 12.396389961242676 ], [ 43.419990539550781, 12.145000457763672 ], [ 43.41387939453125, 12.056940078735352 ], [ 43.369159698486328, 11.989999771118164 ], [ 43.199161529541016, 11.951939582824707 ], [ 43.052211761474609, 11.801389694213867 ], [ 42.784988403320312, 11.740280151367188 ], [ 42.627208709716797, 11.544440269470215 ], [ 42.5283203125, 11.56443977355957 ], [ 42.534160614013672, 11.506939888000488 ], [ 42.676929473876953, 11.476940155029297 ], [ 42.663051605224609, 11.527779579162598 ], [ 42.853038787841797, 11.592780113220215 ], [ 43.101100921630859, 11.57388973236084 ], [ 43.149990081787109, 11.611669540405273 ], [ 43.173038482666016, 11.531390190124512 ], [ 43.248619079589844, 11.47284984588623 ], [ 42.943279266357422, 11.003910064697266 ], [ 42.814151763916016, 10.987770080566406 ], [ 42.772758483886719, 11.016389846801758 ], [ 42.751930236816406, 11.07666015625 ], [ 42.634429931640625, 11.098050117492676 ], [ 42.264430999755859, 10.992489814758301 ], [ 41.825820922851562, 10.970829963684082 ], [ 41.787208557128906, 10.984990119934082 ], [ 41.808830261230469, 11.266369819641113 ] ] ] } },
{ "type": "Feature", "properties": { }, "geometry": { "type": "Polygon", "coordinates": [ [ [ 34.217479705810547, 31.322490692138672 ], [ 34.394149780273438, 30.878879547119141 ], [ 34.5010986328125, 30.653049468994141 ], [ 34.543598175048828, 30.429990768432617 ], [ 34.622478485107422, 30.338329315185547 ], [ 34.713600158691406, 30.112770080566406 ], [ 34.833320617675781, 29.777769088745117 ], [ 34.862209320068359, 29.673879623413086 ], [ 34.865821838378906, 29.584159851074219 ], [ 34.901538848876953, 29.493789672851562 ], [ 34.827770233154297, 29.423330307006836 ], [ 34.742210388183594, 29.294160842895508 ], [ 34.690269470214844, 29.13722038269043 ], [ 34.681930541992188, 28.983879089355469 ], [ 34.639148712158203, 28.959440231323242 ], [ 34.646381378173828, 28.891660690307617 ], [ 34.623321533203125, 28.843050003051758 ], [ 34.602210998535156, 28.686380386352539 ], [ 34.517551422119141, 28.540210723876953 ], [ 34.512760162353516, 28.475549697875977 ], [ 34.483051300048828, 28.469989776611328 ], [ 34.410820007324219, 28.317489624023438 ], [ 34.453041076660156, 28.161659240722656 ], [ 34.441928863525391, 27.996940612792969 ], [ 34.334991455078125, 27.898330688476562 ], [ 34.266101837158203, 27.808610916137695 ], [ 34.258041381835938, 27.732500076293945 ], [ 34.189430236816406, 27.787220001220703 ], [ 34.091381072998047, 27.792770385742188 ], [ 33.872760772705078, 27.946109771728516 ], [ 33.753879547119141, 28.051380157470703 ], [ 33.564430236816406, 28.294160842895508 ], [ 33.511379241943359, 28.317489624023438 ], [ 33.377208709716797, 28.420560836791992 ], [ 33.220268249511719, 28.585550308227539 ], [ 33.216930389404297, 28.730270385742188 ], [ 33.173599243164062, 28.825830459594727 ], [ 33.180538177490234, 28.918609619140625 ], [ 33.151371002197266, 29.016939163208008 ], [ 32.891101837158203, 29.232490539550781 ], [ 32.820270538330078, 29.376659393310547 ], [ 32.728321075439453, 29.478879928588867 ], [ 32.695819854736328, 29.720830917358398 ], [ 32.606380462646484, 29.825830459594727 ], [ 32.575260162353516, 29.985549926757812 ], [ 32.507209777832031, 29.952770233154297 ], [ 32.459430694580078, 29.895549774169922 ], [ 32.499710083007812, 29.863880157470703 ], [ 32.404148101806641, 29.741939544677734 ], [ 32.343040466308594, 29.590269088745117 ], [ 32.568321228027344, 29.381099700927734 ], [ 32.646648406982422, 29.152769088745117 ], [ 32.626380920410156, 29.022769927978516 ], [ 32.654430389404297, 28.942209243774414 ], [ 32.750450134277344, 28.803960800170898 ], [ 32.831661224365234, 28.729160308837891 ], [ 32.887760162353516, 28.564720153808594 ], [ 33.018039703369141, 28.454719543457031 ], [ 33.213600158691406, 28.185550689697266 ], [ 33.331928253173828, 28.074989318847656 ], [ 33.456928253173828, 28.001380920410156 ], [ 33.560821533203125, 27.868610382080078 ], [ 33.558319091796875, 27.815830230712891 ], [ 33.476940155029297, 27.834720611572266 ], [ 33.476940155029297, 27.801109313964844 ], [ 33.559158325195312, 27.754440307617188 ], [ 33.548599243164062, 27.684999465942383 ], [ 33.494709014892578, 27.643880844116211 ], [ 33.558319091796875, 27.586109161376953 ], [ 33.555271148681641, 27.534719467163086 ], [ 33.658870697021484, 27.440280914306641 ], [ 33.691379547119141, 27.336109161376953 ], [ 33.832489013671875, 27.251659393310547 ], [ 33.835540771484375, 27.113880157470703 ], [ 34.0010986328125, 26.861940383911133 ], [ 33.972209930419922, 26.842220306396484 ], [ 33.946659088134766, 26.787220001220703 ], [ 33.935260772705078, 26.659439086914062 ], [ 34.063320159912109, 26.528879165649414 ], [ 34.374439239501953, 25.949159622192383 ], [ 34.625270843505859, 25.581110000610352 ], [ 34.995819091796875, 24.867219924926758 ], [ 34.998878479003906, 24.808330535888672 ], [ 35.081661224365234, 24.731380462646484 ], [ 35.209709167480469, 24.438329696655273 ], [ 35.623878479003906, 24.018049240112305 ], [ 35.719711303710938, 24.009159088134766 ], [ 35.813041687011719, 23.916109085083008 ], [ 35.558601379394531, 23.951379776000977 ], [ 35.536651611328125, 23.985830307006836 ], [ 35.483051300048828, 23.938329696655273 ], [ 35.568050384521484, 23.243610382080078 ], [ 35.624591827392578, 23.128000259399414 ], [ 35.2269287109375, 22.770830154418945 ], [ 34.969150543212891, 22.848600387573242 ], [ 34.713871002197266, 22.28887939453125 ], [ 34.171649932861328, 22.196659088134766 ], [ 34.100589752197266, 21.998020172119141 ], [ 31.453880310058594, 21.998329162597656 ], [ 31.515829086303711, 22.170549392700195 ], [ 31.485549926757812, 22.216379165649414 ], [ 31.441099166870117, 22.232210159301758 ], [ 31.38916015625, 22.206659317016602 ], [ 31.277490615844727, 21.999160766601562 ], [ 25.003549575805664, 22.001300811767578 ], [ 24.997770309448242, 29.248880386352539 ], [ 24.876100540161133, 29.511940002441406 ], [ 24.886940002441406, 29.66387939453125 ], [ 24.817209243774414, 29.774160385131836 ], [ 24.831380844116211, 29.886659622192383 ], [ 24.706380844116211, 30.156099319458008 ], [ 24.726940155029297, 30.233879089355469 ], [ 24.928600311279297, 30.511100769042969 ], [ 25.018600463867188, 30.793050765991211 ], [ 24.868879318237305, 31.16193962097168 ], [ 24.874710083007812, 31.383880615234375 ], [ 24.948600769042969, 31.42888069152832 ], [ 25.069719314575195, 31.581659317016602 ], [ 25.13422966003418, 31.63932991027832 ], [ 25.178600311279297, 31.533880233764648 ], [ 25.323879241943359, 31.500829696655273 ], [ 25.780269622802734, 31.597219467163086 ], [ 26.443050384521484, 31.51416015625 ], [ 26.841939926147461, 31.437770843505859 ], [ 26.964719772338867, 31.448329925537109 ], [ 27.006380081176758, 31.414440155029297 ], [ 27.343330383300781, 31.370550155639648 ], [ 27.344989776611328, 31.343879699707031 ], [ 27.427770614624023, 31.22776985168457 ], [ 27.532489776611328, 31.207769393920898 ], [ 27.861379623413086, 31.233879089355469 ], [ 27.914709091186523, 31.09943962097168 ], [ 28.213050842285156, 31.065830230712891 ], [ 28.409719467163086, 31.084720611572266 ], [ 28.755270004272461, 30.974990844726562 ], [ 28.836660385131836, 30.907220840454102 ], [ 29.027860641479492, 30.827259063720703 ], [ 29.173879623413086, 30.828880310058594 ], [ 29.36444091796875, 30.88916015625 ], [ 29.533880233764648, 30.967489242553711 ], [ 29.826940536499023, 31.145549774169922 ], [ 29.869440078735352, 31.202499389648438 ], [ 30.010269165039062, 31.289440155029297 ], [ 30.075550079345703, 31.297769546508789 ], [ 30.171379089355469, 31.268880844116211 ], [ 30.143049240112305, 31.221660614013672 ], [ 30.289989471435547, 31.236940383911133 ], [ 30.219989776611328, 31.268880844116211 ], [ 30.303049087524414, 31.336669921875 ], [ 30.367769241333008, 31.466110229492188 ], [ 30.360269546508789, 31.507770538330078 ], [ 30.465269088745117, 31.455270767211914 ], [ 30.891109466552734, 31.55055046081543 ], [ 30.550830841064453, 31.410270690917969 ], [ 30.570270538330078, 31.385829925537109 ], [ 30.677219390869141, 31.422220230102539 ], [ 30.729440689086914, 31.386379241943359 ], [ 30.787490844726562, 31.441379547119141 ], [ 30.825830459594727, 31.42694091796875 ], [ 30.958330154418945, 31.445550918579102 ], [ 31.021110534667969, 31.51416015625 ], [ 31.106939315795898, 31.486940383911133 ], [ 31.130270004272461, 31.516380310058594 ], [ 30.979719161987305, 31.585830688476562 ], [ 31.141939163208008, 31.595830917358398 ], [ 31.336380004882812, 31.534719467163086 ], [ 31.505550384521484, 31.454160690307617 ], [ 31.718610763549805, 31.470550537109375 ], [ 31.898609161376953, 31.538600921630859 ], [ 31.940549850463867, 31.516939163208008 ], [ 32.027488708496094, 31.399990081787109 ], [ 32.174430847167969, 31.303049087524414 ], [ 31.983049392700195, 31.419719696044922 ], [ 31.931390762329102, 31.515270233154297 ], [ 31.887489318847656, 31.52638053894043 ], [ 31.881629943847656, 31.411420822143555 ], [ 31.80388069152832, 31.355829238891602 ], [ 31.791379928588867, 31.283599853515625 ], [ 31.93943977355957, 31.201940536499023 ], [ 32.018318176269531, 31.216659545898438 ], [ 32.034431457519531, 31.128330230712891 ], [ 32.107769012451172, 31.046379089355469 ], [ 32.135269165039062, 31.077499389648438 ], [ 32.284988403320312, 31.127769470214844 ], [ 32.292488098144531, 31.172769546508789 ], [ 32.273880004882812, 31.253599166870117 ], [ 32.321098327636719, 31.271379470825195 ], [ 32.31610107421875, 31.259159088134766 ], [ 32.386661529541016, 31.221380233764648 ], [ 32.511661529541016, 31.104160308837891 ], [ 32.621658325195312, 31.057769775390625 ], [ 32.856098175048828, 31.112220764160156 ], [ 32.673038482666016, 31.049999237060547 ], [ 32.769710540771484, 31.043609619140625 ], [ 32.836101531982422, 31.081659317016602 ], [ 32.915821075439453, 31.099159240722656 ], [ 32.994430541992188, 31.053329467773438 ], [ 33.025829315185547, 31.111379623413086 ], [ 32.954429626464844, 31.104719161987305 ], [ 33.124980926513672, 31.191940307617188 ], [ 33.138881683349609, 31.043329238891602 ], [ 33.306930541992188, 31.09943962097168 ], [ 33.378318786621094, 31.141109466552734 ], [ 33.667488098144531, 31.119440078735352 ], [ 33.877769470214844, 31.166940689086914 ], [ 34.063320159912109, 31.233610153198242 ], [ 34.217479705810547, 31.322490692138672 ] ] ] } },
{ "type": "Feature", "properties": { }, "geometry": { "type": "Polygon", "coordinates": [ [ [ 10.022910118103027, 2.167366981506348 ], [ 11.34037971496582, 2.1686110496521 ], [ 11.353890419006348, 1.001943945884705 ], [ 9.804500579833984, 1.002554059028625 ], [ 9.844718933105469, 1.079166054725647 ], [ 9.721385955810547, 1.096665978431702 ], [ 9.580554962158203, 1.039999961853027 ], [ 9.551109313964844, 1.118610978126526 ], [ 9.512496948242188, 1.133888006210327 ], [ 9.393888473510742, 1.111665964126587 ], [ 9.357498168945312, 1.181666016578674 ], [ 9.611387252807617, 1.586665987968445 ], [ 9.674444198608398, 1.570832967758179 ], [ 9.633331298828125, 1.591665983200073 ], [ 9.611942291259766, 1.660277009010315 ], [ 9.814441680908203, 1.931388974189758 ], [ 9.772497177124023, 2.324721097946167 ], [ 9.80854606628418, 2.346065044403076 ], [ 9.850828170776367, 2.242499113082886 ], [ 10.022910118103027, 2.167366981506348 ] ] ] } },
{ "type": "Feature", "properties": { }, "geometry": { "type": "MultiPolygon", "coordinates": [ [ [ [ 40.419429779052734, 15.57388973236084 ], [ 39.977771759033203, 15.604999542236328 ], [ 39.9385986328125, 15.691390037536621 ], [ 40.034431457519531, 15.638609886169434 ], [ 40.079429626464844, 15.66139030456543 ], [ 40.019161224365234, 15.731659889221191 ], [ 39.926929473876953, 15.74055004119873 ], [ 39.928878784179688, 15.78888988494873 ], [ 39.993320465087891, 15.766110420227051 ], [ 39.982490539550781, 15.81443977355957 ], [ 40.039989471435547, 15.828610420227051 ], [ 40.011100769042969, 15.867500305175781 ], [ 40.01470947265625, 15.885829925537109 ], [ 40.094150543212891, 15.844440460205078 ], [ 40.086101531982422, 15.788610458374023 ], [ 40.138881683349609, 15.807769775390625 ], [ 40.141380310058594, 15.676939964294434 ], [ 40.166099548339844, 15.63971996307373 ], [ 40.278881072998047, 15.653329849243164 ], [ 40.219440460205078, 15.672499656677246 ], [ 40.238040924072266, 15.698610305786133 ], [ 40.313320159912109, 15.694439888000488 ], [ 40.411380767822266, 15.63638973236084 ], [ 40.419429779052734, 15.57388973236084 ] ] ], [ [ [ 41.715911865234375, 13.933380126953125 ], [ 41.931930541992188, 13.862500190734863 ], [ 42.042598724365234, 13.752050399780273 ], [ 42.109439849853516, 13.63638973236084 ], [ 42.144428253173828, 13.646389961242676 ], [ 42.192473856580449, 13.572758731002079 ], [ 42.223545944494518, 13.557689727690487 ], [ 42.186649322509766, 13.656109809875488 ], [ 42.285820007324219, 13.571390151977539 ], [ 42.315948486328125, 13.497639656066895 ], [ 42.318010367203712, 13.442328248839548 ], [ 42.368370056152344, 13.38325023651123 ], [ 42.39642952747873, 13.209284422336452 ], [ 42.474990844726562, 13.188610076904297 ], [ 42.539150238037109, 13.226940155029297 ], [ 42.568401336669922, 13.20164966583252 ], [ 42.746330261230469, 13.016940116882324 ], [ 42.789710998535156, 12.843609809875488 ], [ 42.838981628417969, 12.840259552001953 ], [ 42.858732005556014, 12.819473089307371 ], [ 42.942211151123047, 12.790280342102051 ], [ 43.002208709716797, 12.894169807434082 ], [ 43.040821075439453, 12.86277961730957 ], [ 43.067234109241475, 12.81409433284286 ], [ 43.08184814453125, 12.817970275878906 ], [ 43.123699188232422, 12.708971977233887 ], [ 42.911666870117188, 12.616666793823242 ], [ 42.881385803222656, 12.627500534057617 ], [ 42.859165191650391, 12.564722061157227 ], [ 42.841110229492188, 12.555277824401855 ], [ 42.821666717529297, 12.444722175598145 ], [ 42.751945495605469, 12.388888359069824 ], [ 42.698589324951172, 12.363889694213867 ], [ 42.535820007324219, 12.504159927368164 ], [ 42.456109400816892, 12.529163643167104 ], [ 42.378360748291016, 12.444450378417969 ], [ 42.211391448974609, 12.729720115661621 ], [ 42.125831604003906, 12.797499656677246 ], [ 42.0, 12.846389770507812 ], [ 41.95111083984375, 12.889169692993164 ], [ 41.781391143798828, 13.211939811706543 ], [ 41.599159240722656, 13.365280151367188 ], [ 41.224998474121094, 13.604999542236328 ], [ 41.068599700927734, 13.872779846191406 ], [ 40.814441680908203, 14.145279884338379 ], [ 40.748889923095703, 14.17278003692627 ], [ 40.592498779296875, 14.203049659729004 ], [ 40.468891143798828, 14.26138973236084 ], [ 40.304988861083984, 14.404999732971191 ], [ 40.228061676025391, 14.443510055541992 ], [ 40.12554931640625, 14.470000267028809 ], [ 40.051380157470703, 14.454999923706055 ], [ 39.991260528564453, 14.465100288391113 ], [ 39.950550079345703, 14.431940078735352 ], [ 39.920558929443359, 14.427780151367188 ], [ 39.789440155029297, 14.513609886169434 ], [ 39.701389312744141, 14.492779731750488 ], [ 39.613880157470703, 14.510330200195312 ], [ 39.599998474121094, 14.53888988494873 ], [ 39.543048858642578, 14.57472038269043 ], [ 39.477489471435547, 14.507780075073242 ], [ 39.370281219482422, 14.482780456542969 ], [ 39.297218322753906, 14.493610382080078 ], [ 39.232498168945312, 14.433329582214355 ], [ 39.1522216796875, 14.600000381469727 ], [ 39.086658477783203, 14.646940231323242 ], [ 39.024021148681641, 14.655159950256348 ], [ 39.010829925537109, 14.585280418395996 ], [ 38.965549468994141, 14.546110153198242 ], [ 38.921661376953125, 14.534720420837402 ], [ 38.893051147460938, 14.500829696655273 ], [ 38.743610382080078, 14.46111011505127 ], [ 38.686389923095703, 14.470829963684082 ], [ 38.638050079345703, 14.442779541015625 ], [ 38.513889312744141, 14.415280342102051 ], [ 38.449440002441406, 14.417499542236328 ], [ 38.416660308837891, 14.467220306396484 ], [ 38.334159851074219, 14.518610000610352 ], [ 38.314990997314453, 14.581669807434082 ], [ 38.271110534667969, 14.621390342712402 ], [ 38.261669158935547, 14.679439544677734 ], [ 38.192768096923828, 14.695280075073242 ], [ 38.137771606445312, 14.683890342712402 ], [ 38.035549163818359, 14.724160194396973 ], [ 38.009990692138672, 14.76471996307373 ], [ 37.981941223144531, 14.772500038146973 ], [ 37.977489471435547, 14.806940078735352 ], [ 37.911380767822266, 14.883609771728516 ], [ 37.572208404541016, 14.102250099182129 ], [ 37.524440765380859, 14.118610382080078 ], [ 37.517219543457031, 14.181389808654785 ], [ 37.467220306396484, 14.206110000610352 ], [ 37.456108093261719, 14.26278018951416 ], [ 37.395828247070312, 14.300829887390137 ], [ 37.38861083984375, 14.360549926757812 ], [ 37.359439849853516, 14.380829811096191 ], [ 37.336940765380859, 14.426670074462891 ], [ 37.291660308837891, 14.451939582824707 ], [ 37.202499389648438, 14.453049659729004 ], [ 37.127220153808594, 14.430000305175781 ], [ 37.092498779296875, 14.373889923095703 ], [ 37.084438323974609, 14.297499656677246 ], [ 37.008888244628906, 14.261940002441406 ], [ 36.961391448974609, 14.27554988861084 ], [ 36.944999694824219, 14.300829887390137 ], [ 36.825000762939453, 14.328049659729004 ], [ 36.736381530761719, 14.32721996307373 ], [ 36.699169158935547, 14.308890342712402 ], [ 36.638328552246094, 14.316109657287598 ], [ 36.559719085693359, 14.290829658508301 ], [ 36.544242858886719, 14.263543128967285 ], [ 36.443332672119141, 15.150555610656738 ], [ 36.542758941650391, 15.234720230102539 ], [ 36.634147717349101, 15.474856395884869 ], [ 36.626110076904297, 15.489444732666016 ], [ 36.697780609130859, 15.753055572509766 ], [ 36.759737729780539, 15.804860861042261 ], [ 36.915821075439453, 16.214990615844727 ], [ 36.971370697021484, 16.26416015625 ], [ 36.947780609130859, 16.358333587646484 ], [ 36.955092725368125, 16.429779230205174 ], [ 36.896389007568359, 16.517778396606445 ], [ 36.912223815917969, 16.641111373901367 ], [ 37.022758483886719, 16.850549697875977 ], [ 36.986930847167969, 16.943050384521484 ], [ 37.018039703369141, 17.003599166870117 ], [ 36.991668701171875, 17.052776336669922 ], [ 36.995834350585938, 17.073890686035156 ], [ 37.104442596435547, 17.051111221313477 ], [ 37.145587669163938, 17.016384000407939 ], [ 37.203334808349609, 17.032499313354492 ], [ 37.252223968505859, 17.024999618530273 ], [ 37.306941986083984, 17.06110954284668 ], [ 37.424161179825667, 17.037221908569336 ], [ 37.516651153564453, 17.187210083007812 ], [ 37.512500762939453, 17.323333740234375 ], [ 37.735823261889067, 17.376663537393728 ], [ 37.787498474121094, 17.465278625488281 ], [ 37.818889617919922, 17.481389999389648 ], [ 37.840831756591797, 17.478610992431641 ], [ 37.869720458984375, 17.444999694824219 ], [ 37.917214488120727, 17.44749449442525 ], [ 37.968334197998047, 17.501388549804688 ], [ 38.055831909179688, 17.551942825317383 ], [ 38.095554351806641, 17.543888092041016 ], [ 38.096646601497987, 17.487804463024329 ], [ 38.122750734009102, 17.483602219419971 ], [ 38.137650814591829, 17.507302243217207 ], [ 38.133613586425781, 17.548610687255859 ], [ 38.185832977294922, 17.562221527099609 ], [ 38.241663829191666, 17.527500395016556 ], [ 38.271099090576172, 17.547769546508789 ], [ 38.276664733886719, 17.606945037841797 ], [ 38.368038177490234, 17.662769317626953 ], [ 38.458599090576172, 17.871110916137695 ], [ 38.621318817138672, 18.008899688720703 ], [ 38.634159088134766, 17.922769546508789 ], [ 38.959430694580078, 17.297489166259766 ], [ 39.116939544677734, 16.815830230712891 ], [ 39.15576171875, 16.618080139160156 ], [ 39.146674368661536, 16.528237476963241 ], [ 39.264430999755859, 16.017490386962891 ], [ 39.331378936767578, 15.885270118713379 ], [ 39.380390055152297, 15.819123540313182 ], [ 39.414749145507812, 15.798040390014648 ], [ 39.444988250732422, 15.731940269470215 ], [ 39.444134019607453, 15.678990645676976 ], [ 39.478038787841797, 15.61221981048584 ], [ 39.466239929199219, 15.594579696655273 ], [ 39.443981170654297, 15.594169616699219 ], [ 39.443977137181705, 15.574765061096382 ], [ 39.483555147341697, 15.516111656703281 ], [ 39.542758941650391, 15.540280342102051 ], [ 39.588329315185547, 15.521389961242676 ], [ 39.714431762695312, 15.257780075073242 ], [ 39.698318481445312, 15.175000190734863 ], [ 39.725269317626953, 15.082779884338379 ], [ 39.792017467265325, 15.078864339935398 ], [ 39.827068328857422, 15.150259971618652 ], [ 39.828590393066406, 15.191749572753906 ], [ 39.805245656147051, 15.248570579429128 ], [ 39.763229370117188, 15.253499984741211 ], [ 39.759918212890625, 15.386130332946777 ], [ 39.785568237304688, 15.435090065002441 ], [ 39.795486345415711, 15.422850242263486 ], [ 39.805938720703125, 15.449469566345215 ], [ 39.821633266024449, 15.447184649296998 ], [ 39.877490997314453, 15.499170303344727 ], [ 40.085819244384766, 15.323610305786133 ], [ 40.024711608886719, 15.237500190734863 ], [ 40.049289703369141, 15.216629981994629 ], [ 40.039328394519302, 15.210122956910769 ], [ 40.123299059853842, 15.052845933287749 ], [ 40.147769927978516, 15.036840438842773 ], [ 40.162979022245771, 14.979201020689972 ], [ 40.301101684570312, 14.911660194396973 ], [ 40.451930999755859, 15.008049964904785 ], [ 40.513240814208984, 14.994770050048828 ], [ 40.623600006103516, 14.942500114440918 ], [ 40.619159698486328, 14.885829925537109 ], [ 40.697769165039062, 14.885829925537109 ], [ 40.740821838378906, 14.728050231933594 ], [ 41.106658935546875, 14.648050308227539 ], [ 41.164920806884766, 14.611419677734375 ], [ 41.287208557128906, 14.495699882507324 ], [ 41.715911865234375, 13.933380126953125 ] ] ] ] } },
{ "type": "Feature", "properties": { }, "geometry": { "type": "Polygon", "coordinates": [ [ [ 42.455828347852894, 12.528874596346737 ], [ 42.339420318603516, 12.396940231323242 ], [ 41.948589324951172, 11.816670417785645 ], [ 41.829429626464844, 11.741939544677734 ], [ 41.759708404541016, 11.505279541015625 ], [ 41.812480926513672, 11.24860954284668 ], [ 41.787208557128906, 10.984990119934082 ], [ 41.825820922851562, 10.970829963684082 ], [ 42.264430999755859, 10.992489814758301 ], [ 42.634429931640625, 11.098050117492676 ], [ 42.751930236816406, 11.07666015625 ], [ 42.772758483886719, 11.016389846801758 ], [ 42.814151763916016, 10.987770080566406 ], [ 42.943279266357422, 11.003910064697266 ], [ 42.665531158447266, 10.621379852294922 ], [ 42.712200164794922, 10.531940460205078 ], [ 42.786098480224609, 10.455550193786621 ], [ 42.816928863525391, 10.31387996673584 ], [ 43.091648101806641, 9.918329238891602 ], [ 43.216091156005859, 9.881383895874023 ], [ 43.278041839599609, 9.641386032104492 ], [ 43.341091156005859, 9.608051300048828 ], [ 43.430820465087891, 9.426107406616211 ], [ 43.583049774169922, 9.33610725402832 ], [ 43.627201080322266, 9.354440689086914 ], [ 44.010540008544922, 9.007219314575195 ], [ 47.011928558349609, 8.001110076904297 ], [ 47.989429473876953, 8.0030517578125 ], [ 46.418590545654297, 6.473330974578857 ], [ 44.950820922851562, 4.9024977684021 ], [ 43.981929779052734, 4.963054180145264 ], [ 43.623600006103516, 4.869163990020752 ], [ 43.163871765136719, 4.67083215713501 ], [ 42.971370697021484, 4.508609771728516 ], [ 42.914150238037109, 4.356109142303467 ], [ 42.831661224365234, 4.295276165008545 ], [ 42.514148712158203, 4.233609199523926 ], [ 42.195819854736328, 4.208887100219727 ], [ 42.075820922851562, 4.175277233123779 ], [ 41.955818176269531, 4.085276126861572 ], [ 41.930538177490234, 4.009722232818604 ], [ 41.836929321289062, 3.947777032852173 ], [ 41.771369934082031, 3.986109972000122 ], [ 41.319149017333984, 3.944442987442017 ], [ 41.129150390625, 3.962776899337769 ], [ 40.783428192138672, 4.287619113922119 ], [ 39.866649627685547, 3.869442939758301 ], [ 39.782760620117188, 3.678332090377808 ], [ 39.560260772705078, 3.406666040420532 ], [ 39.504989624023438, 3.418055057525635 ], [ 39.498039245605469, 3.455276966094971 ], [ 39.196929931640625, 3.478610992431641 ], [ 39.055538177490234, 3.527220964431763 ], [ 38.913600921630859, 3.513887882232666 ], [ 38.52886962890625, 3.653887987136841 ], [ 38.448040008544922, 3.599442958831787 ], [ 38.121089935302734, 3.611665964126587 ], [ 37.998039245605469, 3.728610038757324 ], [ 36.973308563232422, 4.396666049957275 ], [ 36.647480010986328, 4.446664810180664 ], [ 36.045818328857422, 4.446664810180664 ], [ 35.951259613037109, 4.520975112915039 ], [ 35.940319061279297, 4.62208080291748 ], [ 35.774429321289062, 4.798608779907227 ], [ 35.773868560791016, 5.075275897979736 ], [ 35.830818176269531, 5.153886795043945 ], [ 35.795269012451172, 5.237497806549072 ], [ 35.836929321289062, 5.313053131103516 ], [ 35.689701080322266, 5.389997959136963 ], [ 35.604988098144531, 5.373054027557373 ], [ 35.533329010009766, 5.425275802612305 ], [ 35.458038330078125, 5.432497978210449 ], [ 35.361099243164062, 5.352221012115479 ], [ 35.319438934326172, 5.360554218292236 ], [ 35.271099090576172, 5.435554027557373 ], [ 35.289989471435547, 5.507775783538818 ], [ 35.103870391845703, 5.632497787475586 ], [ 35.105819702148438, 5.692776203155518 ], [ 34.975540161132812, 5.949718952178955 ], [ 34.981369018554688, 6.061109066009521 ], [ 34.870540618896484, 6.237497806549072 ], [ 34.759990692138672, 6.609721183776855 ], [ 34.687480926513672, 6.694997787475586 ], [ 34.507488250732422, 6.800275802612305 ], [ 34.476089477539062, 6.911386966705322 ], [ 34.206649780273438, 7.049164772033691 ], [ 34.185539245605469, 7.164721012115479 ], [ 34.029430389404297, 7.239163875579834 ], [ 34.026931762695312, 7.386664867401123 ], [ 33.655540466308594, 7.683053016662598 ], [ 33.441368103027344, 7.74583101272583 ], [ 33.337490081787109, 7.712499141693115 ], [ 33.169979095458984, 7.796387195587158 ], [ 33.059711456298828, 7.789998054504395 ], [ 33.013599395751953, 7.846942901611328 ], [ 32.989429473876953, 7.925552845001221 ], [ 33.104988098144531, 8.093051910400391 ], [ 33.184711456298828, 8.128883361816406 ], [ 33.164699554443359, 8.391387939453125 ], [ 33.204429626464844, 8.43388557434082 ], [ 33.639980316162109, 8.464162826538086 ], [ 33.701648712158203, 8.380550384521484 ], [ 33.774971008300781, 8.365888595581055 ], [ 33.823040008544922, 8.414163589477539 ], [ 33.974700927734375, 8.438884735107422 ], [ 34.111930847167969, 8.565273284912109 ], [ 34.134990692138672, 8.95527458190918 ], [ 34.085819244384766, 9.553050994873047 ], [ 34.231369018554688, 10.030280113220215 ], [ 34.336368560791016, 10.182220458984375 ], [ 34.348869323730469, 10.244999885559082 ], [ 34.286098480224609, 10.554160118103027 ], [ 34.439701080322266, 10.784440040588379 ], [ 34.594429016113281, 10.88778018951416 ], [ 34.766380310058594, 10.753049850463867 ], [ 34.773319244384766, 10.68694019317627 ], [ 34.975261688232422, 10.864439964294434 ], [ 34.933319091796875, 10.956660270690918 ], [ 35.005550384521484, 11.174440383911133 ], [ 34.963871002197266, 11.256939888000488 ], [ 35.087490081787109, 11.535829544067383 ], [ 35.058589935302734, 11.739999771118164 ], [ 35.096931457519531, 11.826939582824707 ], [ 35.339710235595703, 12.024720191955566 ], [ 35.386100769042969, 12.170000076293945 ], [ 35.432491302490234, 12.200550079345703 ], [ 35.438030242919922, 12.25055980682373 ], [ 35.699420928955078, 12.665829658508301 ], [ 36.069149017333984, 12.72443962097168 ], [ 36.1416015625, 12.706859588623047 ], [ 36.155258178710938, 13.024439811706543 ], [ 36.248600006103516, 13.368049621582031 ], [ 36.397480010986328, 13.567779541015625 ], [ 36.486930847167969, 13.83944034576416 ], [ 36.446369171142578, 13.956939697265625 ], [ 36.559719085693359, 14.290829658508301 ], [ 36.644168853759766, 14.317219734191895 ], [ 36.699169158935547, 14.308890342712402 ], [ 36.736381530761719, 14.32721996307373 ], [ 36.825000762939453, 14.328049659729004 ], [ 36.944999694824219, 14.300829887390137 ], [ 36.961391448974609, 14.27554988861084 ], [ 37.008888244628906, 14.261940002441406 ], [ 37.084438323974609, 14.297499656677246 ], [ 37.092498779296875, 14.373889923095703 ], [ 37.127220153808594, 14.430000305175781 ], [ 37.202499389648438, 14.453049659729004 ], [ 37.291660308837891, 14.451939582824707 ], [ 37.336940765380859, 14.426670074462891 ], [ 37.359439849853516, 14.380829811096191 ], [ 37.38861083984375, 14.360549926757812 ], [ 37.395828247070312, 14.300829887390137 ], [ 37.456108093261719, 14.26278018951416 ], [ 37.467220306396484, 14.206110000610352 ], [ 37.517219543457031, 14.181389808654785 ], [ 37.524440765380859, 14.118610382080078 ], [ 37.572208404541016, 14.102250099182129 ], [ 37.911380767822266, 14.883609771728516 ], [ 37.977489471435547, 14.806940078735352 ], [ 37.981941223144531, 14.772500038146973 ], [ 38.009990692138672, 14.76471996307373 ], [ 38.035549163818359, 14.724160194396973 ], [ 38.137771606445312, 14.683890342712402 ], [ 38.192768096923828, 14.695280075073242 ], [ 38.261669158935547, 14.679439544677734 ], [ 38.271110534667969, 14.621390342712402 ], [ 38.314990997314453, 14.581669807434082 ], [ 38.334159851074219, 14.518610000610352 ], [ 38.416660308837891, 14.467220306396484 ], [ 38.449440002441406, 14.417499542236328 ], [ 38.513889312744141, 14.415280342102051 ], [ 38.638050079345703, 14.442779541015625 ], [ 38.686389923095703, 14.470829963684082 ], [ 38.743610382080078, 14.46111011505127 ], [ 38.893051147460938, 14.500829696655273 ], [ 38.921661376953125, 14.534720420837402 ], [ 38.965549468994141, 14.546110153198242 ], [ 39.010829925537109, 14.585280418395996 ], [ 39.024021148681641, 14.655159950256348 ], [ 39.086658477783203, 14.646940231323242 ], [ 39.1522216796875, 14.600000381469727 ], [ 39.232498168945312, 14.433329582214355 ], [ 39.297218322753906, 14.493610382080078 ], [ 39.370281219482422, 14.482780456542969 ], [ 39.477489471435547, 14.507780075073242 ], [ 39.543048858642578, 14.57472038269043 ], [ 39.599998474121094, 14.53888988494873 ], [ 39.613880157470703, 14.510330200195312 ], [ 39.701389312744141, 14.492779731750488 ], [ 39.789440155029297, 14.513609886169434 ], [ 39.920558929443359, 14.427780151367188 ], [ 39.950550079345703, 14.431940078735352 ], [ 39.991260528564453, 14.465100288391113 ], [ 40.051380157470703, 14.454999923706055 ], [ 40.12554931640625, 14.470000267028809 ], [ 40.228061676025391, 14.443510055541992 ], [ 40.304988861083984, 14.404999732971191 ], [ 40.468891143798828, 14.26138973236084 ], [ 40.592498779296875, 14.203049659729004 ], [ 40.748889923095703, 14.17278003692627 ], [ 40.814441680908203, 14.145279884338379 ], [ 41.068599700927734, 13.872779846191406 ], [ 41.224998474121094, 13.604999542236328 ], [ 41.599159240722656, 13.365280151367188 ], [ 41.781391143798828, 13.211939811706543 ], [ 41.95111083984375, 12.889169692993164 ], [ 42.0, 12.846389770507812 ], [ 42.125831604003906, 12.797499656677246 ], [ 42.211391448974609, 12.729720115661621 ], [ 42.378360748291016, 12.444450378417969 ], [ 42.455828347852894, 12.528874596346737 ] ] ] } },
{ "type": "Feature", "properties": { }, "geometry": { "type": "Polygon", "coordinates": [ [ [ 11.368370056152344, 2.303591012954712 ], [ 11.624719619750977, 2.313055038452148 ], [ 12.162220001220703, 2.280277013778687 ], [ 12.336870193481445, 2.317276000976562 ], [ 12.755000114440918, 2.232777118682861 ], [ 13.0, 2.256109952926636 ], [ 13.085550308227539, 2.246387958526611 ], [ 13.131939888000488, 2.280277013778687 ], [ 13.255000114440918, 2.266387939453125 ], [ 13.294219970703125, 2.164073944091797 ], [ 13.288330078125, 2.066943883895874 ], [ 13.161109924316406, 1.904443979263306 ], [ 13.173890113830566, 1.776111006736755 ], [ 13.141940116882324, 1.703055024147034 ], [ 13.137499809265137, 1.568611025810242 ], [ 13.246379852294922, 1.395555019378662 ], [ 13.225549697875977, 1.299721956253052 ], [ 13.152219772338867, 1.253888964653015 ], [ 13.185870170593262, 1.22312605381012 ], [ 13.305549621582031, 1.234166026115417 ], [ 13.378330230712891, 1.296388030052185 ], [ 13.521940231323242, 1.271944046020508 ], [ 13.60138988494873, 1.331943988800049 ], [ 13.778889656066895, 1.371943950653076 ], [ 13.798330307006836, 1.433887958526611 ], [ 13.903610229492188, 1.43888795375824 ], [ 14.073880195617676, 1.375277042388916 ], [ 14.159440040588379, 1.39527702331543 ], [ 14.235170364379883, 1.363793015480042 ], [ 14.273889541625977, 1.326388001441956 ], [ 14.312769889831543, 1.111111044883728 ], [ 14.365269660949707, 1.090276956558228 ], [ 14.472499847412109, 0.846110820770264 ], [ 14.279159545898438, 0.553610920906067 ], [ 14.102780342102051, 0.546388626098633 ], [ 14.072219848632812, 0.484999895095825 ], [ 14.066390037536621, 0.42805540561676 ], [ 13.969719886779785, 0.362777709960938 ], [ 13.888609886169434, 0.22277769446373 ], [ 13.913330078125, 0.042499989271164 ], [ 13.949999809265137, 0.033333320170641 ], [ 13.852219581604004, -0.167500004172325 ], [ 13.886940002441406, -0.253055602312088 ], [ 14.120829582214355, -0.276111096143723 ], [ 14.160829544067383, -0.357777804136276 ], [ 14.177499771118164, -0.452500104904175 ], [ 14.306659698486328, -0.433333307504654 ], [ 14.456660270690918, -0.518611311912537 ], [ 14.518610000610352, -0.609166622161865 ], [ 14.416390419006348, -1.033447980880737 ], [ 14.481940269470215, -1.212777972221375 ], [ 14.444160461425781, -1.331943988800049 ], [ 14.501660346984863, -1.390277981758118 ], [ 14.433890342712402, -1.578611016273499 ], [ 14.383890151977539, -1.610833048820496 ], [ 14.466659545898438, -1.680556058883667 ], [ 14.421389579772949, -1.812777996063232 ], [ 14.429719924926758, -1.891667008399963 ], [ 14.264439582824707, -1.966110944747925 ], [ 14.225549697875977, -2.190278053283691 ], [ 14.158329963684082, -2.228610992431641 ], [ 14.255000114440918, -2.342221975326538 ], [ 14.087770462036133, -2.494999885559082 ], [ 13.878879547119141, -2.476388931274414 ], [ 13.864439964294434, -2.42305588722229 ], [ 13.930270195007324, -2.357779026031494 ], [ 13.770549774169922, -2.093055009841919 ], [ 13.727219581604004, -2.151110887527466 ], [ 13.725830078125, -2.186110973358154 ], [ 13.486940383911133, -2.435276985168457 ], [ 13.019439697265625, -2.347778081893921 ], [ 12.972769737243652, -2.190834045410156 ], [ 12.904439926147461, -2.146944999694824 ], [ 12.845270156860352, -1.954444050788879 ], [ 12.654999732971191, -1.824445009231567 ], [ 12.520549774169922, -1.872499942779541 ], [ 12.524720191955566, -1.905277967453003 ], [ 12.495269775390625, -1.92388904094696 ], [ 12.452770233154297, -1.877221941947937 ], [ 12.448049545288086, -2.024445056915283 ], [ 12.517219543457031, -2.093055009841919 ], [ 12.478050231933594, -2.327223062515259 ], [ 12.021659851074219, -2.391388893127441 ], [ 11.964159965515137, -2.333333015441895 ], [ 11.771659851074219, -2.396389007568359 ], [ 11.735269546508789, -2.436666011810303 ], [ 11.681110382080078, -2.356667041778564 ], [ 11.574170112609863, -2.333333015441895 ], [ 11.647500038146973, -2.613333940505981 ], [ 11.611940383911133, -2.715832948684692 ], [ 11.546110153198242, -2.793889045715332 ], [ 11.543330192565918, -2.856945037841797 ], [ 11.564720153808594, -2.86722207069397 ], [ 11.632499694824219, -2.818610906600952 ], [ 11.80165958404541, -3.00888991355896 ], [ 11.766110420227051, -3.047223091125488 ], [ 11.731940269470215, -3.037777900695801 ], [ 11.69972038269043, -3.166944980621338 ], [ 11.958049774169922, -3.291388988494873 ], [ 11.975000381469727, -3.322221994400024 ], [ 11.84138011932373, -3.55138897895813 ], [ 11.842220306396484, -3.57944393157959 ], [ 11.925000190734863, -3.626667022705078 ], [ 11.884719848632812, -3.699167013168335 ], [ 11.694720268249512, -3.696388959884644 ], [ 11.560549736022949, -3.517221927642822 ], [ 11.478329658508301, -3.521389007568359 ], [ 11.439169883728027, -3.585000038146973 ], [ 11.244720458984375, -3.678611040115356 ], [ 11.141510009765625, -3.922898054122925 ], [ 10.930270195007324, -3.643332958221436 ], [ 10.638879776000977, -3.415832996368408 ], [ 10.629719734191895, -3.308888912200928 ], [ 10.408889770507812, -3.082221984863281 ], [ 10.039440155029297, -2.778333902359009 ], [ 9.700830459594727, -2.445555925369263 ], [ 9.927219390869141, -2.557777881622314 ], [ 9.977218627929688, -2.628334045410156 ], [ 10.159720420837402, -2.560555934906006 ], [ 10.076109886169434, -2.493334054946899 ], [ 10.08611011505127, -2.564167022705078 ], [ 10.03639030456543, -2.513611078262329 ], [ 9.959163665771484, -2.550277948379517 ], [ 9.874441146850586, -2.411945104598999 ], [ 9.758785247802734, -2.467868089675903 ], [ 9.723609924316406, -2.439167022705078 ], [ 9.740276336669922, -2.407222032546997 ], [ 9.698329925537109, -2.376667022705078 ], [ 9.690275192260742, -2.431389093399048 ], [ 9.58575439453125, -2.326402902603149 ], [ 9.571941375732422, -2.209167003631592 ], [ 9.423053741455078, -2.061110973358154 ], [ 9.272775650024414, -1.860833048820496 ], [ 9.471385955810547, -1.92305600643158 ], [ 9.530551910400391, -2.050277948379517 ], [ 9.485275268554688, -1.864166975021362 ], [ 9.449996948242188, -1.866945028305054 ], [ 9.379720687866211, -1.822499990463257 ], [ 9.329486846923828, -1.874587059020996 ], [ 9.308052062988281, -1.834444999694824 ], [ 9.257499694824219, -1.846111059188843 ], [ 9.230554580688477, -1.614722013473511 ], [ 8.983055114746094, -1.234166979789734 ], [ 9.085554122924805, -1.350833058357239 ], [ 9.122776031494141, -1.427778005599976 ], [ 9.261386871337891, -1.537222981452942 ], [ 9.284440994262695, -1.677222013473511 ], [ 9.394720077514648, -1.615556001663208 ], [ 9.416664123535156, -1.672222018241882 ], [ 9.421663284301758, -1.605834007263184 ], [ 9.557205200195312, -1.612620949745178 ], [ 9.499164581298828, -1.583889007568359 ], [ 9.48249626159668, -1.513334035873413 ], [ 9.444997787475586, -1.467777967453003 ], [ 9.382219314575195, -1.565834045410156 ], [ 9.284719467163086, -1.567221999168396 ], [ 9.247774124145508, -1.473610997200012 ], [ 9.290554046630859, -1.466667056083679 ], [ 9.356388092041016, -1.338611006736755 ], [ 9.329442977905273, -1.368056058883667 ], [ 9.21916389465332, -1.412500023841858 ], [ 9.147220611572266, -1.383332967758179 ], [ 9.15777587890625, -1.347777962684631 ], [ 9.114164352416992, -1.358333945274353 ], [ 9.034877777099609, -1.283259987831116 ], [ 9.03138542175293, -1.189445018768311 ], [ 8.918607711791992, -1.044999957084656 ], [ 8.920553207397461, -1.004721999168396 ], [ 8.874719619750977, -0.973888993263245 ], [ 8.706386566162109, -0.624444484710693 ], [ 8.711942672729492, -0.57111120223999 ], [ 8.777496337890625, -0.630555629730225 ], [ 8.795555114746094, -0.746944487094879 ], [ 8.860553741455078, -0.804166793823242 ], [ 8.900274276733398, -0.679166674613953 ], [ 8.93610954284668, -0.698611080646515 ], [ 9.006109237670898, -0.879444479942322 ], [ 9.056108474731445, -0.703055620193481 ], [ 9.113330841064453, -0.686111211776733 ], [ 9.098888397216797, -0.604722321033478 ], [ 9.306941986083984, -0.35249999165535 ], [ 9.345552444458008, -0.083611130714417 ], [ 9.307218551635742, 0.321110993623734 ], [ 9.352775573730469, 0.363055497407913 ], [ 9.374719619750977, 0.31055548787117 ], [ 9.356941223144531, 0.181666597723961 ], [ 9.434164047241211, 0.196111097931862 ], [ 9.473609924316406, 0.106666602194309 ], [ 9.495274543762207, 0.098055526614189 ], [ 9.48944091796875, 0.164444401860237 ], [ 9.520553588867188, 0.178055495023727 ], [ 9.588054656982422, 0.112777702510357 ], [ 9.646385192871094, 0.148333296179771 ], [ 9.810832977294922, 0.01805555075407 ], [ 9.760829925537109, 0.12694439291954 ], [ 9.908166885375977, 0.179660201072693 ], [ 9.98249626159668, 0.174166604876518 ], [ 10.023889541625977, 0.193611100316048 ], [ 9.823053359985352, 0.178611099720001 ], [ 9.672222137451172, 0.224166601896286 ], [ 9.563608169555664, 0.31444439291954 ], [ 9.496664047241211, 0.294444411993027 ], [ 9.39971923828125, 0.488888800144196 ], [ 9.30333137512207, 0.534722089767456 ], [ 9.319997787475586, 0.624999821186066 ], [ 9.546663284301758, 0.669999778270721 ], [ 9.560274124145508, 0.614722013473511 ], [ 9.460830688476562, 0.600277483463287 ], [ 9.539164543151855, 0.586110889911652 ], [ 9.583054542541504, 0.597222089767456 ], [ 9.58027458190918, 0.537222027778625 ], [ 9.608053207397461, 0.468611001968384 ], [ 9.626943588256836, 0.735555410385132 ], [ 9.559999465942383, 0.958610892295837 ], [ 9.680830001831055, 1.057500004768372 ], [ 9.759162902832031, 1.051944017410278 ], [ 9.804500579833984, 1.002554059028625 ], [ 11.353890419006348, 1.001943945884705 ], [ 11.34037971496582, 2.1686110496521 ], [ 11.368370056152344, 2.303591012954712 ] ] ] } },
{ "type": "Feature", "properties": { }, "geometry": { "type": "Polygon", "coordinates": [ [ [ -16.569269180297852, 13.590049743652344 ], [ -15.488889694213867, 13.58944034576416 ], [ -15.458609580993652, 13.704440116882324 ], [ -15.364720344543457, 13.781390190124512 ], [ -15.314999580383301, 13.795280456542969 ], [ -15.251669883728027, 13.744720458984375 ], [ -15.070549964904785, 13.826379776000977 ], [ -14.863889694213867, 13.784159660339355 ], [ -14.816390037536621, 13.741109848022461 ], [ -14.791950225830078, 13.653329849243164 ], [ -14.718890190124512, 13.611940383911133 ], [ -14.649169921875, 13.662220001220703 ], [ -14.599169731140137, 13.670269966125488 ], [ -14.51194953918457, 13.634440422058105 ], [ -14.435279846191406, 13.509719848632812 ], [ -14.337779998779297, 13.453880310058594 ], [ -13.98777961730957, 13.582500457763672 ], [ -13.914170265197754, 13.566670417785645 ], [ -13.808329582214355, 13.453049659729004 ], [ -13.798609733581543, 13.400270462036133 ], [ -13.849720001220703, 13.333609580993652 ], [ -14.297499656677246, 13.241109848022461 ], [ -14.378330230712891, 13.244999885559082 ], [ -14.573610305786133, 13.36305046081543 ], [ -14.647780418395996, 13.344440460205078 ], [ -14.728059768676758, 13.368889808654785 ], [ -14.850560188293457, 13.453880310058594 ], [ -14.954440116882324, 13.472499847412109 ], [ -15.111390113830566, 13.595829963684082 ], [ -15.19694995880127, 13.534999847412109 ], [ -15.212779998779297, 13.429719924926758 ], [ -15.25944995880127, 13.385560035705566 ], [ -15.359999656677246, 13.367219924926758 ], [ -15.505279541015625, 13.398329734802246 ], [ -15.567500114440918, 13.361109733581543 ], [ -15.808890342712402, 13.34889030456543 ], [ -15.809439659118652, 13.159999847412109 ], [ -16.700550079345703, 13.16139030456543 ], [ -16.774820327758789, 13.037090301513672 ], [ -16.826389312744141, 13.337770462036133 ], [ -16.682220458984375, 13.489999771118164 ], [ -16.581949234008789, 13.45166015625 ], [ -16.586940765380859, 13.328049659729004 ], [ -16.378889083862305, 13.215550422668457 ], [ -16.440830230712891, 13.274720191955566 ], [ -16.236949920654297, 13.316390037536621 ], [ -16.207229614257812, 13.265270233154297 ], [ -16.214729309082031, 13.372500419616699 ], [ -16.149999618530273, 13.424440383911133 ], [ -15.608329772949219, 13.452500343322754 ], [ -15.544449806213379, 13.507769584655762 ], [ -15.349720001220703, 13.437769889831543 ], [ -15.556949615478516, 13.529999732971191 ], [ -15.777219772338867, 13.458609580993652 ], [ -16.154169082641602, 13.45028018951416 ], [ -16.320840835571289, 13.33611011505127 ], [ -16.523889541625977, 13.357780456542969 ], [ -16.504999160766602, 13.426939964294434 ], [ -16.56195068359375, 13.48915958404541 ], [ -16.569269180297852, 13.590049743652344 ] ] ] } },
{ "type": "Feature", "properties": { }, "geometry": { "type": "Polygon", "coordinates": [ [ [ 34.490261077880859, 31.596660614013672 ], [ 34.558589935302734, 31.533050537109375 ], [ 34.364151000976562, 31.360820770263672 ], [ 34.370540618896484, 31.294719696044922 ], [ 34.267078399658203, 31.21626091003418 ], [ 34.217479705810547, 31.322490692138672 ], [ 34.377769470214844, 31.467769622802734 ], [ 34.490261077880859, 31.596660614013672 ] ] ] } },
{ "type": "Feature", "properties": { }, "geometry": { "type": "Polygon", "coordinates": [ [ [ -2.831057071685791, 11.003410339355469 ], [ -0.679722189903259, 10.997500419616699 ], [ -0.665000081062317, 10.954719543457031 ], [ -0.610000014305115, 10.917220115661621 ], [ -0.567777872085571, 10.992219924926758 ], [ -0.488888889551163, 10.998330116271973 ], [ -0.423055499792099, 11.096940040588379 ], [ -0.381944388151169, 11.108610153198242 ], [ -0.352777808904648, 11.068889617919922 ], [ -0.27527779340744, 11.130000114440918 ], [ -0.285277813673019, 11.166660308837891 ], [ -0.150955095887184, 11.139269828796387 ], [ -0.133888900279999, 11.111390113830566 ], [ -0.02111111022532, 11.103610038757324 ], [ 0.034444440156221, 11.074999809265137 ], [ 0.032499998807907, 10.989720344543457 ], [ -0.071388892829418, 10.737770080566406 ], [ -0.068333342671394, 10.633890151977539 ], [ 0.045833330601454, 10.58611011505127 ], [ 0.19638879597187, 10.397780418395996 ], [ 0.28638881444931, 10.41388988494873 ], [ 0.320833295583725, 10.330550193786621 ], [ 0.393333286046982, 10.308329582214355 ], [ 0.34972208738327, 10.115269660949707 ], [ 0.399444401264191, 10.06110954284668 ], [ 0.368055492639542, 10.027500152587891 ], [ 0.322499990463257, 9.729162216186523 ], [ 0.349444299936295, 9.692218780517578 ], [ 0.335833311080933, 9.64971923828125 ], [ 0.275277704000473, 9.679995536804199 ], [ 0.253055512905121, 9.653608322143555 ], [ 0.28527769446373, 9.591106414794922 ], [ 0.349166601896286, 9.611661911010742 ], [ 0.376388788223267, 9.590551376342773 ], [ 0.348611086606979, 9.564441680908203 ], [ 0.233055502176285, 9.57221794128418 ], [ 0.223055496811867, 9.528608322143555 ], [ 0.297222107648849, 9.509719848632812 ], [ 0.275000005960464, 9.480550765991211 ], [ 0.221110999584198, 9.472772598266602 ], [ 0.229014202952385, 9.432279586791992 ], [ 0.287777692079544, 9.421384811401367 ], [ 0.364444404840469, 9.489716529846191 ], [ 0.462777704000473, 9.48832893371582 ], [ 0.548888802528381, 9.414997100830078 ], [ 0.551944375038147, 9.361106872558594 ], [ 0.448055386543274, 9.019996643066406 ], [ 0.514444172382355, 8.911941528320312 ], [ 0.482499986886978, 8.791664123535156 ], [ 0.389999985694885, 8.787496566772461 ], [ 0.38305538892746, 8.762218475341797 ], [ 0.472499907016754, 8.5927734375 ], [ 0.633888781070709, 8.491662979125977 ], [ 0.726944327354431, 8.284996032714844 ], [ 0.588888823986053, 8.19749641418457 ], [ 0.626944303512573, 7.7691650390625 ], [ 0.587222099304199, 7.694163799285889 ], [ 0.581944286823273, 7.62083101272583 ], [ 0.521111011505127, 7.585832118988037 ], [ 0.510555505752563, 7.460554122924805 ], [ 0.570277690887451, 7.385275840759277 ], [ 0.646666586399078, 7.399999141693115 ], [ 0.665833175182343, 7.303608894348145 ], [ 0.608055412769318, 7.014442920684814 ], [ 0.513888776302338, 6.970831871032715 ], [ 0.563888728618622, 6.917498111724854 ], [ 0.529166579246521, 6.825830936431885 ], [ 0.571111023426056, 6.813332080841064 ], [ 0.733610987663269, 6.490830898284912 ], [ 0.904722094535828, 6.329442977905273 ], [ 1.000277996063232, 6.327775955200195 ], [ 1.100000023841858, 6.160553932189941 ], [ 1.20111095905304, 6.159997940063477 ], [ 1.203850030899048, 6.099102020263672 ], [ 1.061666011810303, 6.00222110748291 ], [ 0.989722073078156, 5.81805419921875 ], [ 0.920000016689301, 5.771943092346191 ], [ 0.684166610240936, 5.753610134124756 ], [ 0.634444415569305, 5.94805383682251 ], [ 0.50083327293396, 6.061943054199219 ], [ 0.406666606664658, 6.083055019378662 ], [ 0.378333300352097, 6.049442768096924 ], [ 0.244166597723961, 6.10499906539917 ], [ 0.20805549621582, 6.089443206787109 ], [ 0.372222185134888, 6.022221088409424 ], [ 0.433055490255356, 6.070831775665283 ], [ 0.506388783454895, 6.033608913421631 ], [ 0.62111097574234, 5.935554981231689 ], [ 0.651111006736755, 5.778332233428955 ], [ 0.309722185134888, 5.776387214660645 ], [ -0.397222310304642, 5.473886966705322 ], [ -0.49333330988884, 5.367775917053223 ], [ -0.58777791261673, 5.34972095489502 ], [ -0.79972231388092, 5.2066650390625 ], [ -0.908611178398132, 5.21194314956665 ], [ -1.12944495677948, 5.1630539894104 ], [ -1.626111030578613, 5.012775897979736 ], [ -1.636389017105103, 4.963332176208496 ], [ -1.870000004768372, 4.833610057830811 ], [ -1.964722037315369, 4.751665115356445 ], [ -2.089723110198975, 4.727777004241943 ], [ -2.287221908569336, 4.894999027252197 ], [ -3.105550050735474, 5.085906028747559 ], [ -3.102313041687012, 5.112709045410156 ], [ -2.966388940811157, 5.078608989715576 ], [ -2.928575038909912, 5.099180221557617 ], [ -2.734721899032593, 5.112775802612305 ], [ -2.77333402633667, 5.349997997283936 ], [ -2.718138933181763, 5.346311092376709 ], [ -2.77666711807251, 5.61333179473877 ], [ -2.960556030273438, 5.627220153808594 ], [ -2.94861102104187, 5.713054180145264 ], [ -3.013889074325562, 5.707499027252197 ], [ -3.006666898727417, 5.857776165008545 ], [ -3.169445037841797, 6.277221202850342 ], [ -3.249166011810303, 6.611386775970459 ], [ -3.18638801574707, 6.716386795043945 ], [ -3.224165916442871, 6.81360912322998 ], [ -3.089999914169312, 7.061942100524902 ], [ -3.024167060852051, 7.07305383682251 ], [ -2.823889017105103, 7.823608875274658 ], [ -2.785278081893921, 7.853609085083008 ], [ -2.774722099304199, 7.946664810180664 ], [ -2.741111993789673, 7.938887119293213 ], [ -2.684165954589844, 8.012496948242188 ], [ -2.588888883590698, 8.040830612182617 ], [ -2.611388921737671, 8.137775421142578 ], [ -2.488055944442749, 8.197774887084961 ], [ -2.584650993347168, 8.781526565551758 ], [ -2.655833005905151, 9.013051986694336 ], [ -2.773056030273438, 9.055274963378906 ], [ -2.662499904632568, 9.269163131713867 ], [ -2.716110944747925, 9.311662673950195 ], [ -2.668056011199951, 9.382772445678711 ], [ -2.686852931976318, 9.482336044311523 ], [ -2.794445037841797, 9.735828399658203 ], [ -2.738610982894897, 9.826107025146484 ], [ -2.796389102935791, 10.057769775390625 ], [ -2.754723072052002, 10.265000343322754 ], [ -2.843611001968384, 10.326379776000977 ], [ -2.768610954284668, 10.416660308837891 ], [ -2.857778072357178, 10.457220077514648 ], [ -2.932499885559082, 10.630000114440918 ], [ -2.831057071685791, 11.003410339355469 ] ] ] } },
{ "type": "Feature", "properties": { }, "geometry": { "type": "MultiPolygon", "coordinates": [ [ [ [ 8.653886795043945, 3.213609933853149 ], [ 8.486663818359375, 3.246387958526611 ], [ 8.424999237060547, 3.333888053894043 ], [ 8.449718475341797, 3.435276985168457 ], [ 8.516107559204102, 3.461944103240967 ], [ 8.571662902832031, 3.457221984863281 ], [ 8.688886642456055, 3.752499103546143 ], [ 8.918886184692383, 3.747776985168457 ], [ 8.961385726928711, 3.699721097946167 ], [ 8.916387557983398, 3.583611011505127 ], [ 8.653886795043945, 3.213609933853149 ] ] ], [ [ [ -13.712550163269043, 12.666029930114746 ], [ -13.061389923095703, 12.63971996307373 ], [ -13.041669845581055, 12.590000152587891 ], [ -13.068889617919922, 12.524999618530273 ], [ -13.037779808044434, 12.473050117492676 ], [ -12.955280303955078, 12.47638988494873 ], [ -12.931670188903809, 12.541110038757324 ], [ -12.891670227050781, 12.543049812316895 ], [ -12.841389656066895, 12.479999542236328 ], [ -12.633330345153809, 12.4375 ], [ -12.572779655456543, 12.359160423278809 ], [ -12.496939659118652, 12.396670341491699 ], [ -12.436389923095703, 12.382769584655762 ], [ -12.345279693603516, 12.301389694213867 ], [ -12.09889030456543, 12.410280227661133 ], [ -11.968890190124512, 12.391389846801758 ], [ -11.908329963684082, 12.428890228271484 ], [ -11.841670036315918, 12.38638973236084 ], [ -11.486390113830566, 12.436659812927246 ], [ -11.373330116271973, 12.404640197753906 ], [ -11.441109657287598, 12.363329887390137 ], [ -11.430000305175781, 12.287220001220703 ], [ -11.494999885559082, 12.206110000610352 ], [ -11.462779998779297, 12.140279769897461 ], [ -11.253890037536621, 11.996109962463379 ], [ -11.154170036315918, 12.040550231933594 ], [ -11.045280456542969, 12.207220077514648 ], [ -10.892219543457031, 12.201109886169434 ], [ -10.652409553527832, 11.893509864807129 ], [ -10.511110305786133, 12.116109848022461 ], [ -10.333330154418945, 12.185270309448242 ], [ -10.329170227050781, 12.224160194396973 ], [ -9.986944198608398, 12.120829582214355 ], [ -9.761112213134766, 12.028050422668457 ], [ -9.672500610351562, 12.067770004272461 ], [ -9.667499542236328, 12.127779960632324 ], [ -9.466665267944336, 12.24860954284668 ], [ -9.345443725585938, 12.249799728393555 ], [ -9.293333053588867, 12.355549812316895 ], [ -9.398889541625977, 12.446109771728516 ], [ -9.362220764160156, 12.487500190734863 ], [ -9.311307907104492, 12.504249572753906 ], [ -9.057777404785156, 12.436659812927246 ], [ -8.946666717529297, 12.353050231933594 ], [ -8.979939460754395, 12.223710060119629 ], [ -8.899444580078125, 12.17805004119873 ], [ -8.904167175292969, 12.044440269470215 ], [ -8.796571731567383, 12.008060455322266 ], [ -8.831666946411133, 11.661660194396973 ], [ -8.703054428100586, 11.658889770507812 ], [ -8.607778549194336, 11.475830078125 ], [ -8.53416633605957, 11.493889808654785 ], [ -8.514167785644531, 11.430270195007324 ], [ -8.359649658203125, 11.371560096740723 ], [ -8.4102783203125, 11.335269927978516 ], [ -8.354721069335938, 11.322770118713379 ], [ -8.376110076904297, 11.281940460205078 ], [ -8.474721908569336, 11.291110038757324 ], [ -8.682777404785156, 10.991939544677734 ], [ -8.671388626098633, 10.954999923706055 ], [ -8.544166564941406, 10.97527027130127 ], [ -8.488887786865234, 11.058890342712402 ], [ -8.351110458374023, 11.057220458984375 ], [ -8.289722442626953, 11.007769584655762 ], [ -8.282222747802734, 10.549440383911133 ], [ -8.215555191040039, 10.421660423278809 ], [ -8.122220993041992, 10.437219619750977 ], [ -8.093889236450195, 10.356380462646484 ], [ -7.985000133514404, 10.337770462036133 ], [ -7.940556049346924, 10.243330001831055 ], [ -8.009166717529297, 10.09943962097168 ], [ -8.133333206176758, 10.010549545288086 ], [ -8.160556793212891, 9.944162368774414 ], [ -8.104721069335938, 9.867218017578125 ], [ -8.138181686401367, 9.497882843017578 ], [ -8.051389694213867, 9.397497177124023 ], [ -7.970554828643799, 9.387496948242188 ], [ -7.861944198608398, 9.423885345458984 ], [ -7.859722137451172, 9.375272750854492 ], [ -7.920834064483643, 9.2177734375 ], [ -7.908333778381348, 9.182773590087891 ], [ -7.742221832275391, 9.09971809387207 ], [ -7.736944198608398, 9.072772979736328 ], [ -7.894999980926514, 9.021663665771484 ], [ -7.936666011810303, 8.933052062988281 ], [ -7.9563889503479, 8.801107406616211 ], [ -7.914444923400879, 8.767219543457031 ], [ -7.794723033905029, 8.756940841674805 ], [ -7.674722194671631, 8.620828628540039 ], [ -7.647984981536865, 8.379758834838867 ], [ -7.748610019683838, 8.376384735107422 ], [ -7.764999866485596, 8.422218322753906 ], [ -7.824721813201904, 8.486106872558594 ], [ -7.83055591583252, 8.435829162597656 ], [ -7.880000114440918, 8.428329467773438 ], [ -7.935276985168457, 8.497774124145508 ], [ -8.198333740234375, 8.496662139892578 ], [ -8.242294311523438, 8.442659378051758 ], [ -8.221111297607422, 8.35638427734375 ], [ -8.25111198425293, 8.252220153808594 ], [ -8.072776794433594, 8.163885116577148 ], [ -7.988611221313477, 8.19166374206543 ], [ -7.948332786560059, 8.018608093261719 ], [ -8.049999237060547, 8.031940460205078 ], [ -8.212221145629883, 7.544998168945312 ], [ -8.399168014526367, 7.618607997894287 ], [ -8.468955993652344, 7.559873104095459 ], [ -8.556110382080078, 7.618607997894287 ], [ -8.557222366333008, 7.691665172576904 ], [ -8.670546531677246, 7.696662902832031 ], [ -8.723054885864258, 7.572220802307129 ], [ -8.708054542541504, 7.518332004547119 ], [ -8.839443206787109, 7.300275802612305 ], [ -8.904167175292969, 7.253610134124756 ], [ -8.928611755371094, 7.2880539894104 ], [ -9.110910415649414, 7.193941116333008 ], [ -9.0977783203125, 7.232498168945312 ], [ -9.198055267333984, 7.312498092651367 ], [ -9.204166412353516, 7.381387233734131 ], [ -9.305057525634766, 7.416371822357178 ], [ -9.39000129699707, 7.388609886169434 ], [ -9.422500610351562, 7.424997806549072 ], [ -9.484416961669922, 7.363656997680664 ], [ -9.413333892822266, 7.489441871643066 ], [ -9.355201721191406, 7.743591785430908 ], [ -9.436111450195312, 7.931941986083984 ], [ -9.4102783203125, 8.032773971557617 ], [ -9.517223358154297, 8.242773056030273 ], [ -9.484443664550781, 8.346384048461914 ], [ -9.581944465637207, 8.413885116577148 ], [ -9.656110763549805, 8.389719009399414 ], [ -9.627498626708984, 8.455551147460938 ], [ -9.662500381469727, 8.489162445068359 ], [ -9.69416618347168, 8.487773895263672 ], [ -9.706666946411133, 8.432773590087891 ], [ -9.773708343505859, 8.569677352905273 ], [ -9.837778091430664, 8.491939544677734 ], [ -9.95222282409668, 8.482217788696289 ], [ -10.045280456542969, 8.421384811401367 ], [ -10.063610076904297, 8.434719085693359 ], [ -10.056670188903809, 8.504718780517578 ], [ -10.162220001220703, 8.532218933105469 ], [ -10.248889923095703, 8.487773895263672 ], [ -10.386110305786133, 8.4949951171875 ], [ -10.485830307006836, 8.354995727539062 ], [ -10.549440383911133, 8.310274124145508 ], [ -10.652219772338867, 8.338050842285156 ], [ -10.70127010345459, 8.275754928588867 ], [ -10.589719772338867, 8.571662902832031 ], [ -10.500280380249023, 8.624996185302734 ], [ -10.467220306396484, 8.684162139892578 ], [ -10.530280113220215, 8.751386642456055 ], [ -10.595279693603516, 8.889440536499023 ], [ -10.571249961853027, 9.057003021240234 ], [ -10.733889579772949, 9.079996109008789 ], [ -10.726940155029297, 9.181108474731445 ], [ -10.656669616699219, 9.29499626159668 ], [ -10.748330116271973, 9.387775421142578 ], [ -10.828610420227051, 9.433330535888672 ], [ -10.936389923095703, 9.658330917358398 ], [ -11.214719772338867, 9.997495651245117 ], [ -11.895000457763672, 9.99610710144043 ], [ -11.893329620361328, 9.931385040283203 ], [ -12.131939888000488, 9.874996185302734 ], [ -12.235560417175293, 9.938884735107422 ], [ -12.503330230712891, 9.862216949462891 ], [ -12.519450187683105, 9.71082878112793 ], [ -12.583609580993652, 9.66221809387207 ], [ -12.704719543457031, 9.399164199829102 ], [ -12.844169616699219, 9.282218933105469 ], [ -12.900910377502441, 9.270465850830078 ], [ -12.930560111999512, 9.288885116577148 ], [ -13.007499694824219, 9.103607177734375 ], [ -13.095829963684082, 9.045829772949219 ], [ -13.1875, 9.086940765380859 ], [ -13.298430442810059, 9.0384521484375 ], [ -13.325830459594727, 9.073329925537109 ], [ -13.236949920654297, 9.184164047241211 ], [ -13.281390190124512, 9.164718627929688 ], [ -13.323060035705566, 9.184719085693359 ], [ -13.309720039367676, 9.349441528320312 ], [ -13.37693977355957, 9.273052215576172 ], [ -13.412779808044434, 9.288885116577148 ], [ -13.398340225219727, 9.436664581298828 ], [ -13.484999656677246, 9.416385650634766 ], [ -13.587220191955566, 9.540830612182617 ], [ -13.586669921875, 9.568330764770508 ], [ -13.716389656066895, 9.50416374206543 ], [ -13.72638988494873, 9.513330459594727 ], [ -13.559720039367676, 9.781108856201172 ], [ -13.658329963684082, 9.836940765380859 ], [ -13.648059844970703, 9.775274276733398 ], [ -13.677499771118164, 9.743330001831055 ], [ -13.736949920654297, 9.748886108398438 ], [ -13.755559921264648, 9.786108016967773 ], [ -13.702500343322754, 9.907497406005859 ], [ -13.787220001220703, 9.841941833496094 ], [ -13.83860969543457, 9.85749626159668 ], [ -14.066949844360352, 10.038610458374023 ], [ -14.043889999389648, 10.070830345153809 ], [ -13.993060111999512, 10.076939582824707 ], [ -14.063610076904297, 10.101110458374023 ], [ -14.053339958190918, 10.15110969543457 ], [ -14.086669921875, 10.0625 ], [ -14.134719848632812, 10.046939849853516 ], [ -14.180279731750488, 10.078330039978027 ], [ -14.183329582214355, 10.104439735412598 ], [ -14.146389961242676, 10.137499809265137 ], [ -14.13778018951416, 10.176939964294434 ], [ -14.220829963684082, 10.101659774780273 ], [ -14.321390151977539, 10.201939582824707 ], [ -14.466670036315918, 10.242500305175781 ], [ -14.550559997558594, 10.424440383911133 ], [ -14.535280227661133, 10.506389617919922 ], [ -14.628330230712891, 10.471659660339355 ], [ -14.662500381469727, 10.505550384521484 ], [ -14.504719734191895, 10.880000114440918 ], [ -14.702500343322754, 10.638879776000977 ], [ -14.716389656066895, 10.69888973236084 ], [ -14.666390419006348, 10.81110954284668 ], [ -14.755000114440918, 10.694160461425781 ], [ -14.795280456542969, 10.751660346984863 ], [ -14.739999771118164, 10.871660232543945 ], [ -14.808890342712402, 10.820830345153809 ], [ -14.81443977355957, 10.939720153808594 ], [ -14.779170036315918, 10.946660041809082 ], [ -14.68805980682373, 11.022500038146973 ], [ -14.755279541015625, 10.97638988494873 ], [ -14.820560455322266, 10.99055004119873 ], [ -14.87639045715332, 10.969719886779785 ], [ -14.889169692993164, 11.034720420837402 ], [ -14.920829772949219, 11.025830268859863 ], [ -14.914449691772461, 10.908049583435059 ], [ -14.980560302734375, 10.868330001831055 ], [ -14.957500457763672, 10.768610000610352 ], [ -15.02361011505127, 10.781109809875488 ], [ -15.078610420227051, 10.851940155029297 ], [ -15.073610305786133, 10.897780418395996 ], [ -15.030559539794922, 10.925000190734863 ], [ -15.019740104675293, 10.963879585266113 ], [ -14.855279922485352, 11.197770118713379 ], [ -14.784170150756836, 11.385270118713379 ], [ -14.691390037536621, 11.506669998168945 ], [ -14.515279769897461, 11.51222038269043 ], [ -14.276670455932617, 11.678890228271484 ], [ -14.002220153808594, 11.640830039978027 ], [ -13.878060340881348, 11.669159889221191 ], [ -13.861109733581543, 11.744159698486328 ], [ -13.799440383911133, 11.714719772338867 ], [ -13.791669845581055, 11.685549736022949 ], [ -13.709170341491699, 11.715270042419434 ], [ -13.706669807434082, 12.00139045715332 ], [ -13.890279769897461, 12.143610000610352 ], [ -13.970620155334473, 12.153229713439941 ], [ -13.956669807434082, 12.209719657897949 ], [ -13.878609657287598, 12.245550155639648 ], [ -13.714719772338867, 12.257499694824219 ], [ -13.663610458374023, 12.351659774780273 ], [ -13.644169807434082, 12.471380233764648 ], [ -13.714719772338867, 12.568889617919922 ], [ -13.712550163269043, 12.666029930114746 ] ] ] ] } },
{ "type": "Feature", "properties": { }, "geometry": { "type": "Polygon", "coordinates": [ [ [ -16.677810668945312, 12.334580421447754 ], [ -16.463890075683594, 12.361109733581543 ], [ -16.209159851074219, 12.460829734802246 ], [ -15.68556022644043, 12.430000305175781 ], [ -15.407219886779785, 12.556940078735352 ], [ -15.218330383300781, 12.684720039367676 ], [ -13.712550163269043, 12.666029930114746 ], [ -13.714719772338867, 12.568889617919922 ], [ -13.644169807434082, 12.471380233764648 ], [ -13.663610458374023, 12.351659774780273 ], [ -13.714719772338867, 12.257499694824219 ], [ -13.878609657287598, 12.245550155639648 ], [ -13.956669807434082, 12.209719657897949 ], [ -13.970620155334473, 12.153229713439941 ], [ -13.890279769897461, 12.143610000610352 ], [ -13.706669807434082, 12.00139045715332 ], [ -13.709170341491699, 11.715270042419434 ], [ -13.791669845581055, 11.685549736022949 ], [ -13.799440383911133, 11.714719772338867 ], [ -13.861109733581543, 11.744159698486328 ], [ -13.878060340881348, 11.669159889221191 ], [ -14.002220153808594, 11.640830039978027 ], [ -14.276670455932617, 11.678890228271484 ], [ -14.515279769897461, 11.51222038269043 ], [ -14.691390037536621, 11.506669998168945 ], [ -14.784170150756836, 11.385270118713379 ], [ -14.855279922485352, 11.197770118713379 ], [ -15.019740104675293, 10.963879585266113 ], [ -15.090829849243164, 10.923890113830566 ], [ -15.113889694213867, 10.985549926757812 ], [ -15.013059616088867, 11.173049926757812 ], [ -15.014450073242188, 11.227219581604004 ], [ -15.234169960021973, 10.993889808654785 ], [ -15.274439811706543, 11.029999732971191 ], [ -15.210280418395996, 11.090550422668457 ], [ -15.220279693603516, 11.141940116882324 ], [ -15.243060111999512, 11.123049736022949 ], [ -15.360830307006836, 11.148329734802246 ], [ -15.426670074462891, 11.295280456542969 ], [ -15.381939888000488, 11.375550270080566 ], [ -15.337779998779297, 11.360830307006836 ], [ -15.325559616088867, 11.380000114440918 ], [ -15.361949920654297, 11.388890266418457 ], [ -15.343890190124512, 11.445549964904785 ], [ -15.454719543457031, 11.340270042419434 ], [ -15.509169578552246, 11.33804988861084 ], [ -15.470829963684082, 11.489720344543457 ], [ -15.353610038757324, 11.517499923706055 ], [ -15.325830459594727, 11.585280418395996 ], [ -15.242779731750488, 11.572219848632812 ], [ -15.279720306396484, 11.620550155639648 ], [ -15.20221996307373, 11.596659660339355 ], [ -15.183609962463379, 11.638050079345703 ], [ -15.136110305786133, 11.570549964904785 ], [ -15.050559997558594, 11.569720268249512 ], [ -15.010829925537109, 11.609160423278809 ], [ -15.094449996948242, 11.614720344543457 ], [ -15.130000114440918, 11.66388988494873 ], [ -15.131389617919922, 11.70221996307373 ], [ -15.216670036315918, 11.671939849853516 ], [ -15.185830116271973, 11.721389770507812 ], [ -15.228890419006348, 11.752779960632324 ], [ -15.265000343322754, 11.667220115661621 ], [ -15.28888988494873, 11.712499618530273 ], [ -15.294449806213379, 11.646109580993652 ], [ -15.346110343933105, 11.679719924926758 ], [ -15.371950149536133, 11.590550422668457 ], [ -15.42611026763916, 11.597780227661133 ], [ -15.425829887390137, 11.6875 ], [ -15.490559577941895, 11.655830383300781 ], [ -15.490839958190918, 11.706669807434082 ], [ -15.547499656677246, 11.683050155639648 ], [ -15.555560111999512, 11.727499961853027 ], [ -15.438329696655273, 11.880000114440918 ], [ -15.186389923095703, 11.870280265808105 ], [ -15.079719543457031, 11.939999580383301 ], [ -15.062780380249023, 11.929719924926758 ], [ -15.089170455932617, 11.854160308837891 ], [ -15.059169769287109, 11.792770385742188 ], [ -14.956669807434082, 11.746669769287109 ], [ -14.923330307006836, 11.763050079345703 ], [ -15.052499771118164, 11.818610191345215 ], [ -15.067500114440918, 11.858610153198242 ], [ -15.027219772338867, 11.948329925537109 ], [ -14.990559577941895, 11.953330039978027 ], [ -15.004170417785645, 11.973609924316406 ], [ -15.085840225219727, 11.983329772949219 ], [ -15.1875, 11.910280227661133 ], [ -15.225830078125, 11.905280113220215 ], [ -15.360830307006836, 11.96304988861084 ], [ -15.431110382080078, 11.958889961242676 ], [ -15.826669692993164, 11.744170188903809 ], [ -15.80111026763916, 11.833330154418945 ], [ -15.804719924926758, 11.880829811096191 ], [ -15.824170112609863, 11.820830345153809 ], [ -15.96360969543457, 11.734160423278809 ], [ -15.956669807434082, 11.801939964294434 ], [ -15.846670150756836, 11.981940269470215 ], [ -15.778329849243164, 11.997770309448242 ], [ -15.863889694213867, 12.029170036315918 ], [ -15.980279922485352, 11.913330078125 ], [ -16.133060455322266, 11.883609771728516 ], [ -16.333890914916992, 11.996669769287109 ], [ -16.357780456542969, 12.099720001220703 ], [ -16.105279922485352, 12.332500457763672 ], [ -16.346389770507812, 12.196109771728516 ], [ -16.458339691162109, 12.171660423278809 ], [ -16.677810668945312, 12.334580421447754 ] ] ] } },
{ "type": "Feature", "properties": { }, "geometry": { "type": "Polygon", "coordinates": [ [ [ -6.64508581161499, 10.666790008544922 ], [ -6.585278034210205, 10.607219696044922 ], [ -6.418333053588867, 10.55055046081543 ], [ -6.381944179534912, 10.590550422668457 ], [ -6.420278072357178, 10.628879547119141 ], [ -6.409999847412109, 10.693050384521484 ], [ -6.243202209472656, 10.734950065612793 ], [ -6.188889026641846, 10.630270004272461 ], [ -6.24666690826416, 10.516389846801758 ], [ -6.210278987884521, 10.509719848632812 ], [ -6.168333053588867, 10.358610153198242 ], [ -6.226944923400879, 10.314160346984863 ], [ -6.223249912261963, 10.258480072021484 ], [ -6.193055152893066, 10.233880043029785 ], [ -6.0625, 10.191109657287598 ], [ -5.983333110809326, 10.208609580993652 ], [ -5.956110954284668, 10.284440040588379 ], [ -5.889443874359131, 10.275830268859863 ], [ -5.878056049346924, 10.375550270080566 ], [ -5.650278091430664, 10.451109886169434 ], [ -5.520659923553467, 10.430990219116211 ], [ -5.411388874053955, 10.30111026763916 ], [ -5.322500228881836, 10.299160003662109 ], [ -5.208055019378662, 10.322500228881836 ], [ -5.175000190734863, 10.289440155029297 ], [ -5.130000114440918, 10.304719924926758 ], [ -4.980000019073486, 10.053609848022461 ], [ -4.949999809265137, 9.948605537414551 ], [ -4.974443912506104, 9.905275344848633 ], [ -4.928332805633545, 9.868051528930664 ], [ -4.860000133514404, 9.874996185302734 ], [ -4.780278205871582, 9.790830612182617 ], [ -4.775278091430664, 9.736661911010742 ], [ -4.742221832275391, 9.750274658203125 ], [ -4.685554981231689, 9.675273895263672 ], [ -4.602221965789795, 9.721384048461914 ], [ -4.571389198303223, 9.686941146850586 ], [ -4.532777786254883, 9.746662139892578 ], [ -4.508612155914307, 9.711385726928711 ], [ -4.509167194366455, 9.654441833496094 ], [ -4.426389217376709, 9.657497406005859 ], [ -4.376945018768311, 9.582496643066406 ], [ -4.310832977294922, 9.598329544067383 ], [ -4.287221908569336, 9.690273284912109 ], [ -4.121665954589844, 9.829996109008789 ], [ -4.040832996368408, 9.799440383911133 ], [ -3.765000104904175, 9.930274963378906 ], [ -3.296945095062256, 9.900829315185547 ], [ -3.302778005599976, 9.858051300048828 ], [ -3.259166955947876, 9.848051071166992 ], [ -3.191111087799072, 9.923885345458984 ], [ -3.179444074630737, 9.839996337890625 ], [ -3.117500066757202, 9.82916259765625 ], [ -3.065556049346924, 9.724996566772461 ], [ -2.989722967147827, 9.727773666381836 ], [ -2.791110992431641, 9.413330078125 ], [ -2.744999885559082, 9.396385192871094 ], [ -2.686852931976318, 9.482336044311523 ], [ -2.668056011199951, 9.382772445678711 ], [ -2.716110944747925, 9.311662673950195 ], [ -2.662499904632568, 9.269163131713867 ], [ -2.773056030273438, 9.055274963378906 ], [ -2.655833005905151, 9.013051986694336 ], [ -2.584650993347168, 8.781526565551758 ], [ -2.488055944442749, 8.197774887084961 ], [ -2.611388921737671, 8.137775421142578 ], [ -2.588888883590698, 8.040830612182617 ], [ -2.684165954589844, 8.012496948242188 ], [ -2.741111993789673, 7.938887119293213 ], [ -2.774722099304199, 7.946664810180664 ], [ -2.785278081893921, 7.853609085083008 ], [ -2.823889017105103, 7.823608875274658 ], [ -3.024167060852051, 7.07305383682251 ], [ -3.089999914169312, 7.061942100524902 ], [ -3.224165916442871, 6.81360912322998 ], [ -3.18638801574707, 6.716386795043945 ], [ -3.249166011810303, 6.611386775970459 ], [ -3.169445037841797, 6.277221202850342 ], [ -3.006666898727417, 5.857776165008545 ], [ -3.013889074325562, 5.707499027252197 ], [ -2.94861102104187, 5.713054180145264 ], [ -2.960556030273438, 5.627220153808594 ], [ -2.77666711807251, 5.61333179473877 ], [ -2.764025926589966, 5.590342998504639 ], [ -2.718138933181763, 5.346311092376709 ], [ -2.77333402633667, 5.349997997283936 ], [ -2.734721899032593, 5.112775802612305 ], [ -2.928575038909912, 5.099180221557617 ], [ -2.84166693687439, 5.146666049957275 ], [ -2.873055934906006, 5.186387062072754 ], [ -2.968391895294189, 5.116878032684326 ], [ -3.111944913864136, 5.1441650390625 ], [ -3.199445009231567, 5.209443092346191 ], [ -3.127778053283691, 5.355555057525635 ], [ -3.154722929000854, 5.366664886474609 ], [ -3.258888959884644, 5.335277080535889 ], [ -3.241945028305054, 5.293610095977783 ], [ -3.325000047683716, 5.181108951568604 ], [ -3.277223110198975, 5.146666049957275 ], [ -3.323333978652954, 5.116942882537842 ], [ -3.720834016799927, 5.186943054199219 ], [ -3.728888988494873, 5.235832214355469 ], [ -3.74666690826416, 5.190276145935059 ], [ -3.829444885253906, 5.196942806243896 ], [ -4.005000114440918, 5.258331775665283 ], [ -3.880001068115234, 5.286386966705322 ], [ -3.773056983947754, 5.241664886474609 ], [ -3.713888883590698, 5.280831813812256 ], [ -3.771389007568359, 5.370553970336914 ], [ -3.818056106567383, 5.365275859832764 ], [ -3.73888897895813, 5.27361011505127 ], [ -3.795834064483643, 5.27249813079834 ], [ -3.881666898727417, 5.321109771728516 ], [ -4.069445133209229, 5.289165019989014 ], [ -4.430555820465088, 5.297776222229004 ], [ -4.597777843475342, 5.244442939758301 ], [ -4.670279026031494, 5.249999046325684 ], [ -4.670279026031494, 5.310554981231689 ], [ -4.731667995452881, 5.228054046630859 ], [ -4.797501087188721, 5.213332176208496 ], [ -4.795000076293945, 5.168332099914551 ], [ -4.535277843475342, 5.19999885559082 ], [ -4.140277862548828, 5.276666164398193 ], [ -3.998611927032471, 5.231110095977783 ], [ -4.894166946411133, 5.128610134124756 ], [ -5.009445190429688, 5.1524977684021 ], [ -4.997222900390625, 5.20999813079834 ], [ -5.033333778381348, 5.214721202850342 ], [ -5.110001087188721, 5.183887004852295 ], [ -5.300834178924561, 5.228054046630859 ], [ -5.328888893127441, 5.196109771728516 ], [ -5.308888912200928, 5.172221183776855 ], [ -5.406389236450195, 5.141386985778809 ], [ -5.289166927337646, 5.119164943695068 ], [ -5.186388969421387, 5.176387786865234 ], [ -5.029167175292969, 5.179164886474609 ], [ -5.015833854675293, 5.123887062072754 ], [ -5.510834217071533, 5.09138822555542 ], [ -5.553612232208252, 5.10833215713501 ], [ -5.928055763244629, 5.00555419921875 ], [ -6.411111831665039, 4.821386814117432 ], [ -6.912222862243652, 4.656109809875488 ], [ -7.066389083862305, 4.531386852264404 ], [ -7.198610782623291, 4.51388692855835 ], [ -7.442223072052002, 4.347775936126709 ], [ -7.525560855865479, 4.35145092010498 ], [ -7.563333988189697, 4.387219905853271 ], [ -7.546667098999023, 4.424164772033691 ], [ -7.588333129882812, 4.905830860137939 ], [ -7.539443969726562, 4.940554141998291 ], [ -7.554998874664307, 5.083332061767578 ], [ -7.495276927947998, 5.101109981536865 ], [ -7.464445114135742, 5.274720191955566 ], [ -7.412777900695801, 5.285274982452393 ], [ -7.367777824401855, 5.335554122924805 ], [ -7.406389236450195, 5.364442825317383 ], [ -7.43638801574707, 5.437220096588135 ], [ -7.368332862854004, 5.572220802307129 ], [ -7.415555953979492, 5.657220840454102 ], [ -7.424722194671631, 5.844997882843018 ], [ -7.641944885253906, 5.91972017288208 ], [ -7.685832977294922, 5.904444217681885 ], [ -7.762500762939453, 5.950553894042969 ], [ -7.773056030273438, 6.035830974578857 ], [ -7.845277786254883, 6.082776069641113 ], [ -7.822500228881836, 6.202775955200195 ], [ -7.902223110198975, 6.278332233428955 ], [ -8.208054542541504, 6.298608779907227 ], [ -8.289443969726562, 6.348053932189941 ], [ -8.366943359375, 6.354443073272705 ], [ -8.408334732055664, 6.424997806549072 ], [ -8.381942749023438, 6.442496776580811 ], [ -8.454721450805664, 6.489997863769531 ], [ -8.475276947021484, 6.435831069946289 ], [ -8.606666564941406, 6.507775783538818 ], [ -8.358333587646484, 6.754166126251221 ], [ -8.288055419921875, 7.180830955505371 ], [ -8.36138916015625, 7.239441871643066 ], [ -8.418333053588867, 7.501110076904297 ], [ -8.468955993652344, 7.559873104095459 ], [ -8.399168014526367, 7.618607997894287 ], [ -8.212221145629883, 7.544998168945312 ], [ -8.049999237060547, 8.031940460205078 ], [ -7.948332786560059, 8.018608093261719 ], [ -7.988611221313477, 8.19166374206543 ], [ -8.072776794433594, 8.163885116577148 ], [ -8.25111198425293, 8.252220153808594 ], [ -8.221111297607422, 8.35638427734375 ], [ -8.242294311523438, 8.442659378051758 ], [ -8.198333740234375, 8.496662139892578 ], [ -7.935276985168457, 8.497774124145508 ], [ -7.880000114440918, 8.428329467773438 ], [ -7.83055591583252, 8.435829162597656 ], [ -7.824721813201904, 8.486106872558594 ], [ -7.764999866485596, 8.422218322753906 ], [ -7.748610019683838, 8.376384735107422 ], [ -7.647984981536865, 8.379758834838867 ], [ -7.674722194671631, 8.620828628540039 ], [ -7.794723033905029, 8.756940841674805 ], [ -7.914444923400879, 8.767219543457031 ], [ -7.9563889503479, 8.801107406616211 ], [ -7.936666011810303, 8.933052062988281 ], [ -7.894999980926514, 9.021663665771484 ], [ -7.736944198608398, 9.072772979736328 ], [ -7.742221832275391, 9.09971809387207 ], [ -7.908333778381348, 9.182773590087891 ], [ -7.920834064483643, 9.2177734375 ], [ -7.859722137451172, 9.375272750854492 ], [ -7.861944198608398, 9.423885345458984 ], [ -7.970554828643799, 9.387496948242188 ], [ -8.051389694213867, 9.397497177124023 ], [ -8.138181686401367, 9.497882843017578 ], [ -8.104721069335938, 9.867218017578125 ], [ -8.160556793212891, 9.944162368774414 ], [ -8.133333206176758, 10.010549545288086 ], [ -8.009166717529297, 10.09943962097168 ], [ -7.977681159973145, 10.165470123291016 ], [ -7.885278224945068, 10.17665958404541 ], [ -7.699720859527588, 10.406390190124512 ], [ -7.534721851348877, 10.419719696044922 ], [ -7.500277996063232, 10.461389541625977 ], [ -7.456666946411133, 10.450830459594727 ], [ -7.430832862854004, 10.337770462036133 ], [ -7.360000133514404, 10.350830078125 ], [ -7.345833778381348, 10.250269889831543 ], [ -7.269721984863281, 10.254440307617188 ], [ -7.010556221008301, 10.141940116882324 ], [ -6.949999809265137, 10.171939849853516 ], [ -6.94611120223999, 10.214719772338867 ], [ -6.982223033905029, 10.253609657287598 ], [ -6.943889141082764, 10.353050231933594 ], [ -6.776112079620361, 10.377490043640137 ], [ -6.689455032348633, 10.339500427246094 ], [ -6.638055801391602, 10.409440040588379 ], [ -6.676665782928467, 10.598329544067383 ], [ -6.64508581161499, 10.666790008544922 ] ] ] } },
{ "type": "Feature", "properties": { }, "geometry": { "type": "Polygon", "coordinates": [ [ [ 34.305259704589844, -1.168056011199951 ], [ 34.029708862304688, -1.036944985389709 ], [ 34.020538330078125, -1.001389026641846 ], [ 33.920330047607422, -1.001492023468018 ], [ 33.918590545654297, -0.452777892351151 ], [ 33.976089477539062, -0.134166702628136 ], [ 33.907199859619141, 0.103055499494076 ], [ 34.107769012451172, 0.356944292783737 ], [ 34.159980773925781, 0.60305517911911 ], [ 34.260818481445312, 0.641110897064209 ], [ 34.410808563232422, 0.821944177150726 ], [ 34.527439117431641, 1.113417029380798 ], [ 34.577480316162109, 1.092499017715454 ], [ 34.605819702148438, 1.158887982368469 ], [ 34.819709777832031, 1.231387972831726 ], [ 34.829708099365234, 1.288887977600098 ], [ 34.792209625244141, 1.393610954284668 ], [ 34.999988555908203, 1.67194402217865 ], [ 34.999431610107422, 1.876665949821472 ], [ 35.026088714599609, 1.919721961021423 ], [ 34.979148864746094, 1.994722008705139 ], [ 34.994991302490234, 2.091109991073608 ], [ 34.882198333740234, 2.4130539894104 ], [ 34.940540313720703, 2.450555086135864 ], [ 34.935810089111328, 2.506943941116333 ], [ 34.839149475097656, 2.603888034820557 ], [ 34.749710083007812, 2.855833053588867 ], [ 34.662200927734375, 2.861109972000122 ], [ 34.5908203125, 2.939443111419678 ], [ 34.559150695800781, 3.111109972000122 ], [ 34.454151153564453, 3.181942939758301 ], [ 34.404979705810547, 3.406666040420532 ], [ 34.455539703369141, 3.524166107177734 ], [ 34.463321685791016, 3.671387910842896 ], [ 34.354988098144531, 3.738610029220581 ], [ 34.299430847167969, 3.706665992736816 ], [ 34.263599395751953, 3.786387920379639 ], [ 34.176090240478516, 3.775554895401001 ], [ 34.163311004638672, 3.827220916748047 ], [ 34.210540771484375, 3.84055495262146 ], [ 34.214149475097656, 3.887499094009399 ], [ 34.099430084228516, 3.879998922348022 ], [ 34.129711151123047, 3.954442977905273 ], [ 34.054698944091797, 4.185554027557373 ], [ 33.997600555419922, 4.221759796142578 ], [ 34.387489318847656, 4.609998226165771 ], [ 35.940319061279297, 4.62208080291748 ], [ 35.951259613037109, 4.520975112915039 ], [ 36.045818328857422, 4.446664810180664 ], [ 36.647480010986328, 4.446664810180664 ], [ 36.973308563232422, 4.396666049957275 ], [ 37.998039245605469, 3.728610038757324 ], [ 38.121089935302734, 3.611665964126587 ], [ 38.448040008544922, 3.599442958831787 ], [ 38.52886962890625, 3.653887987136841 ], [ 38.913600921630859, 3.513887882232666 ], [ 39.055538177490234, 3.527220964431763 ], [ 39.196929931640625, 3.478610992431641 ], [ 39.498039245605469, 3.455276966094971 ], [ 39.504989624023438, 3.418055057525635 ], [ 39.560260772705078, 3.406666040420532 ], [ 39.782760620117188, 3.678332090377808 ], [ 39.866649627685547, 3.869442939758301 ], [ 40.783428192138672, 4.287619113922119 ], [ 41.129150390625, 3.962776899337769 ], [ 41.319149017333984, 3.944442987442017 ], [ 41.771369934082031, 3.986109972000122 ], [ 41.836929321289062, 3.947777032852173 ], [ 41.913639068603516, 3.998661994934082 ], [ 41.336929321289062, 3.16749906539917 ], [ 40.986309051513672, 2.832590103149414 ], [ 40.988590240478516, 0.0 ], [ 41.029708862304688, -0.906388998031616 ], [ 41.555259704589844, -1.592221975326538 ], [ 41.557720184326172, -1.674360990524292 ], [ 41.434158325195312, -1.82805597782135 ], [ 41.280269622802734, -1.970278024673462 ], [ 41.216098785400391, -1.924999952316284 ], [ 41.181659698486328, -1.994444966316223 ], [ 41.141929626464844, -1.987499952316284 ], [ 40.999149322509766, -2.04027795791626 ], [ 40.977489471435547, -1.999722003936768 ], [ 41.008880615234375, -1.901944994926453 ], [ 40.968879699707031, -1.938055992126465 ], [ 40.974430084228516, -2.058610916137695 ], [ 40.931098937988281, -2.072778940200806 ], [ 40.904148101806641, -1.994722008705139 ], [ 40.850818634033203, -1.978610992431641 ], [ 40.923038482666016, -2.222778081893921 ], [ 40.983051300048828, -2.252501010894775 ], [ 40.957489013671875, -2.306390047073364 ], [ 40.885269165039062, -2.225833892822266 ], [ 40.770549774169922, -2.293056011199951 ], [ 40.822208404541016, -2.366111993789673 ], [ 40.810260772705078, -2.40416693687439 ], [ 40.616649627685547, -2.55666708946228 ], [ 40.527759552001953, -2.52527904510498 ], [ 40.258880615234375, -2.64500093460083 ], [ 40.188320159912109, -2.733334064483643 ], [ 40.164440155029297, -2.893610954284668 ], [ 40.185260772705078, -2.963056087493896 ], [ 40.108051300048828, -3.292500019073486 ], [ 39.974151611328125, -3.375833988189697 ], [ 39.987770080566406, -3.319722890853882 ], [ 39.964988708496094, -3.402501106262207 ], [ 39.861099243164062, -3.623332977294922 ], [ 39.810260772705078, -3.594166994094849 ], [ 39.781379699707031, -3.60916805267334 ], [ 39.870540618896484, -3.641944885253906 ], [ 39.848880767822266, -3.75639009475708 ], [ 39.758880615234375, -3.950556039810181 ], [ 39.683319091796875, -3.924722909927368 ], [ 39.741939544677734, -3.982779026031494 ], [ 39.682769775390625, -4.053890228271484 ], [ 39.653881072998047, -3.972500085830688 ], [ 39.622489929199219, -4.037500858306885 ], [ 39.557769775390625, -4.035556793212891 ], [ 39.566379547119141, -4.080833911895752 ], [ 39.611370086669922, -4.060834884643555 ], [ 39.671649932861328, -4.09222412109375 ], [ 39.451099395751953, -4.581944942474365 ], [ 39.433601379394531, -4.546946048736572 ], [ 39.398319244384766, -4.637222766876221 ], [ 39.325820922851562, -4.640000820159912 ], [ 39.300819396972656, -4.597221851348877 ], [ 39.205619812011719, -4.673121929168701 ], [ 37.783359527587891, -3.651427984237671 ], [ 37.733600616455078, -3.526112079620361 ], [ 37.617198944091797, -3.507500886917114 ], [ 37.599990844726562, -3.450278043746948 ], [ 37.613040924072266, -3.397500038146973 ], [ 37.719978332519531, -3.311944961547852 ], [ 37.675258636474609, -3.05138897895813 ], [ 37.630260467529297, -3.01694393157959 ], [ 34.305259704589844, -1.168056011199951 ] ] ] } },
{ "type": "Feature", "properties": { }, "geometry": { "type": "Polygon", "coordinates": [ [ [ 27.014720916748047, -29.641729354858398 ], [ 27.349990844726562, -29.481950759887695 ], [ 27.456659317016602, -29.291109085083008 ], [ 27.731380462646484, -28.941110610961914 ], [ 27.879989624023438, -28.912500381469727 ], [ 27.929990768432617, -28.853340148925781 ], [ 27.980550765991211, -28.883060455322266 ], [ 28.146379470825195, -28.723049163818359 ], [ 28.651100158691406, -28.569450378417969 ], [ 29.073879241943359, -28.966669082641602 ], [ 29.333049774169922, -29.092500686645508 ], [ 29.455549240112305, -29.353340148925781 ], [ 29.418050765991211, -29.433330535888672 ], [ 29.357219696044922, -29.450559616088867 ], [ 29.293329238891602, -29.504999160766602 ], [ 29.312210083007812, -29.57611083984375 ], [ 29.166929244995117, -29.672500610351562 ], [ 29.124710083007812, -29.832229614257812 ], [ 29.157489776611328, -29.851669311523438 ], [ 29.161100387573242, -29.921119689941406 ], [ 28.785270690917969, -30.103609085083008 ], [ 28.544719696044922, -30.114450454711914 ], [ 28.241659164428711, -30.263059616088867 ], [ 28.217489242553711, -30.301120758056641 ], [ 28.257499694824219, -30.326669692993164 ], [ 28.144710540771484, -30.454170227050781 ], [ 28.159990310668945, -30.498329162597656 ], [ 28.091939926147461, -30.603340148925781 ], [ 28.097770690917969, -30.658889770507812 ], [ 27.738040924072266, -30.597780227661133 ], [ 27.564130783081055, -30.403409957885742 ], [ 27.459709167480469, -30.31195068359375 ], [ 27.380989074707031, -30.316009521484375 ], [ 27.395269393920898, -30.128330230712891 ], [ 27.32805061340332, -30.139450073242188 ], [ 27.014720916748047, -29.641729354858398 ] ] ] } },
{ "type": "Feature", "properties": { }, "geometry": { "type": "Polygon", "coordinates": [ [ [ -10.266519546508789, 8.488700866699219 ], [ -10.162220001220703, 8.532218933105469 ], [ -10.056670188903809, 8.504718780517578 ], [ -10.063610076904297, 8.434719085693359 ], [ -10.045280456542969, 8.421384811401367 ], [ -9.95222282409668, 8.482217788696289 ], [ -9.837778091430664, 8.491939544677734 ], [ -9.773708343505859, 8.569677352905273 ], [ -9.706666946411133, 8.432773590087891 ], [ -9.69416618347168, 8.487773895263672 ], [ -9.662500381469727, 8.489162445068359 ], [ -9.627498626708984, 8.455551147460938 ], [ -9.656110763549805, 8.389719009399414 ], [ -9.581944465637207, 8.413885116577148 ], [ -9.484443664550781, 8.346384048461914 ], [ -9.517223358154297, 8.242773056030273 ], [ -9.4102783203125, 8.032773971557617 ], [ -9.436111450195312, 7.931941986083984 ], [ -9.355201721191406, 7.743591785430908 ], [ -9.413333892822266, 7.489441871643066 ], [ -9.484416961669922, 7.363656997680664 ], [ -9.422500610351562, 7.424997806549072 ], [ -9.39000129699707, 7.388609886169434 ], [ -9.305057525634766, 7.416371822357178 ], [ -9.204166412353516, 7.381387233734131 ], [ -9.198055267333984, 7.312498092651367 ], [ -9.0977783203125, 7.232498168945312 ], [ -9.110910415649414, 7.193941116333008 ], [ -8.928611755371094, 7.2880539894104 ], [ -8.904167175292969, 7.253610134124756 ], [ -8.839443206787109, 7.300275802612305 ], [ -8.708054542541504, 7.518332004547119 ], [ -8.723054885864258, 7.572220802307129 ], [ -8.670546531677246, 7.696662902832031 ], [ -8.557222366333008, 7.691665172576904 ], [ -8.556110382080078, 7.618607997894287 ], [ -8.468955993652344, 7.559873104095459 ], [ -8.418333053588867, 7.501110076904297 ], [ -8.36138916015625, 7.239441871643066 ], [ -8.288055419921875, 7.180830955505371 ], [ -8.358333587646484, 6.754166126251221 ], [ -8.606666564941406, 6.507775783538818 ], [ -8.475276947021484, 6.435831069946289 ], [ -8.454721450805664, 6.489997863769531 ], [ -8.381942749023438, 6.442496776580811 ], [ -8.408334732055664, 6.424997806549072 ], [ -8.366943359375, 6.354443073272705 ], [ -8.289443969726562, 6.348053932189941 ], [ -8.208054542541504, 6.298608779907227 ], [ -7.902223110198975, 6.278332233428955 ], [ -7.822500228881836, 6.202775955200195 ], [ -7.845277786254883, 6.082776069641113 ], [ -7.773056030273438, 6.035830974578857 ], [ -7.762500762939453, 5.950553894042969 ], [ -7.685832977294922, 5.904444217681885 ], [ -7.641944885253906, 5.91972017288208 ], [ -7.424722194671631, 5.844997882843018 ], [ -7.415555953979492, 5.657220840454102 ], [ -7.368332862854004, 5.572220802307129 ], [ -7.43638801574707, 5.437220096588135 ], [ -7.406389236450195, 5.364442825317383 ], [ -7.367777824401855, 5.335554122924805 ], [ -7.412777900695801, 5.285274982452393 ], [ -7.464445114135742, 5.274720191955566 ], [ -7.495276927947998, 5.101109981536865 ], [ -7.554998874664307, 5.083332061767578 ], [ -7.539443969726562, 4.940554141998291 ], [ -7.588333129882812, 4.905830860137939 ], [ -7.546667098999023, 4.424164772033691 ], [ -7.563333988189697, 4.387219905853271 ], [ -7.525560855865479, 4.35145092010498 ], [ -7.722777843475342, 4.359721183776855 ], [ -7.901668071746826, 4.481666088104248 ], [ -8.252500534057617, 4.574442863464355 ], [ -8.5433349609375, 4.751665115356445 ], [ -8.986946105957031, 4.967498779296875 ], [ -9.353055953979492, 5.210832118988037 ], [ -9.503055572509766, 5.38749885559082 ], [ -9.595001220703125, 5.431664943695068 ], [ -9.583333969116211, 5.464721202850342 ], [ -10.188610076904297, 5.997498989105225 ], [ -10.345000267028809, 6.093886852264404 ], [ -10.377499580383301, 6.167221069335938 ], [ -10.464719772338867, 6.202220916748047 ], [ -10.380279541015625, 6.126665115356445 ], [ -10.81056022644043, 6.306942939758301 ], [ -10.772780418395996, 6.313332080841064 ], [ -10.835559844970703, 6.44805383682251 ], [ -11.279170036315918, 6.669721126556396 ], [ -11.383890151977539, 6.736942768096924 ], [ -11.366109848022461, 6.805831909179688 ], [ -11.498700141906738, 6.913197994232178 ], [ -11.337779998779297, 7.092775821685791 ], [ -11.355830192565918, 7.146943092346191 ], [ -11.09889030456543, 7.387219905853271 ], [ -10.904170036315918, 7.509164810180664 ], [ -10.684720039367676, 7.744441986083984 ], [ -10.60044002532959, 7.773163795471191 ], [ -10.603329658508301, 8.030551910400391 ], [ -10.49806022644043, 8.136384963989258 ], [ -10.355549812316895, 8.146385192871094 ], [ -10.297220230102539, 8.198329925537109 ], [ -10.294449806213379, 8.365829467773438 ], [ -10.266519546508789, 8.488700866699219 ] ] ] } },
{ "type": "Feature", "properties": { }, "geometry": { "type": "Polygon", "coordinates": [ [ [ 9.532024383544922, 30.236059188842773 ], [ 9.882217407226562, 30.347490310668945 ], [ 10.215270042419434, 30.736099243164062 ], [ 10.290550231933594, 30.906660079956055 ], [ 10.123330116271973, 31.422489166259766 ], [ 10.139439582824707, 31.509990692138672 ], [ 10.306389808654785, 31.713050842285156 ], [ 10.380000114440918, 31.730550765991211 ], [ 10.466670036315918, 31.720270156860352 ], [ 10.61361026763916, 31.856380462646484 ], [ 10.624719619750977, 31.970550537109375 ], [ 10.787220001220703, 32.008880615234375 ], [ 10.882499694824219, 32.139148712158203 ], [ 11.567500114440918, 32.442211151123047 ], [ 11.583330154418945, 32.490821838378906 ], [ 11.470549583435059, 32.627761840820312 ], [ 11.491660118103027, 33.034988403320312 ], [ 11.527139663696289, 33.165779113769531 ], [ 11.643610000610352, 33.099430084228516 ], [ 11.809169769287109, 33.084148406982422 ], [ 12.316940307617188, 32.833599090576172 ], [ 12.614439964294434, 32.798320770263672 ], [ 13.243049621582031, 32.919158935546875 ], [ 13.354160308837891, 32.899711608886719 ], [ 13.619999885559082, 32.787769317626953 ], [ 13.790829658508301, 32.798599243164062 ], [ 14.20028018951416, 32.703880310058594 ], [ 14.468330383300781, 32.516380310058594 ], [ 15.147500038146973, 32.404430389404297 ], [ 15.212220191955566, 32.368881225585938 ], [ 15.369999885559082, 32.156650543212891 ], [ 15.357769966125488, 31.968330383300781 ], [ 15.493889808654785, 31.65138053894043 ], [ 15.703330039978027, 31.420549392700195 ], [ 16.029720306396484, 31.276100158691406 ], [ 16.26276969909668, 31.230270385742188 ], [ 16.705829620361328, 31.228050231933594 ], [ 17.067770004272461, 31.138050079345703 ], [ 17.370830535888672, 31.081659317016602 ], [ 17.460830688476562, 31.02638053894043 ], [ 17.854719161987305, 30.922489166259766 ], [ 17.896390914916992, 30.863880157470703 ], [ 18.041940689086914, 30.822769165039062 ], [ 18.931940078735352, 30.286380767822266 ], [ 19.046659469604492, 30.265270233154297 ], [ 19.350000381469727, 30.296659469604492 ], [ 19.701940536499023, 30.481660842895508 ], [ 20.060550689697266, 30.855270385742188 ], [ 20.154989242553711, 31.086660385131836 ], [ 20.143329620361328, 31.210269927978516 ], [ 19.980829238891602, 31.487499237060547 ], [ 19.919439315795898, 31.757499694824219 ], [ 19.952499389648438, 31.984989166259766 ], [ 20.092489242553711, 32.191379547119141 ], [ 20.497489929199219, 32.511661529541016 ], [ 20.999439239501953, 32.746379852294922 ], [ 21.378879547119141, 32.779991149902344 ], [ 21.641380310058594, 32.935550689697266 ], [ 21.87748908996582, 32.901660919189453 ], [ 22.160549163818359, 32.940269470214844 ], [ 22.209440231323242, 32.880260467529297 ], [ 22.361660003662109, 32.874439239501953 ], [ 22.484720230102539, 32.802211761474609 ], [ 23.124719619750977, 32.622211456298828 ], [ 23.096380233764648, 32.563320159912109 ], [ 23.144439697265625, 32.460269927978516 ], [ 23.083879470825195, 32.328319549560547 ], [ 23.258329391479492, 32.210269927978516 ], [ 23.307769775390625, 32.218601226806641 ], [ 23.733329772949219, 32.173038482666016 ], [ 23.996110916137695, 32.092491149902344 ], [ 23.993049621582031, 32.047218322753906 ], [ 24.482770919799805, 31.990270614624023 ], [ 24.663049697875977, 32.026931762695312 ], [ 24.979999542236328, 31.967769622802734 ], [ 25.036109924316406, 31.924440383911133 ], [ 25.022220611572266, 31.85137939453125 ], [ 25.054719924926758, 31.811660766601562 ], [ 25.13422966003418, 31.63932991027832 ], [ 25.069719314575195, 31.581659317016602 ], [ 24.948600769042969, 31.42888069152832 ], [ 24.874710083007812, 31.383880615234375 ], [ 24.868879318237305, 31.16193962097168 ], [ 25.018600463867188, 30.793050765991211 ], [ 24.928600311279297, 30.511100769042969 ], [ 24.726940155029297, 30.233879089355469 ], [ 24.706380844116211, 30.156099319458008 ], [ 24.831380844116211, 29.886659622192383 ], [ 24.817209243774414, 29.774160385131836 ], [ 24.886940002441406, 29.66387939453125 ], [ 24.876100540161133, 29.511940002441406 ], [ 24.997770309448242, 29.248880386352539 ], [ 25.000829696655273, 19.999160766601562 ], [ 24.000829696655273, 20.00193977355957 ], [ 23.99955940246582, 19.497760772705078 ], [ 21.394710540771484, 20.852209091186523 ], [ 18.363609313964844, 22.344440460205078 ], [ 16.000829696655273, 23.450550079345703 ], [ 15.000630378723145, 23.000370025634766 ], [ 14.234999656677246, 22.614160537719727 ], [ 13.595549583435059, 23.139429092407227 ], [ 13.417220115661621, 23.214710235595703 ], [ 11.9864501953125, 23.522319793701172 ], [ 11.558890342712402, 24.302490234375 ], [ 10.715270042419434, 24.567209243774414 ], [ 10.422220230102539, 24.478050231933594 ], [ 10.252220153808594, 24.605829238891602 ], [ 10.218330383300781, 24.751110076904297 ], [ 10.054439544677734, 24.838050842285156 ], [ 10.026659965515137, 25.337490081787109 ], [ 9.398330688476562, 26.1533203125 ], [ 9.39305305480957, 26.182769775390625 ], [ 9.499439239501953, 26.357490539550781 ], [ 9.876384735107422, 26.528879165649414 ], [ 9.930551528930664, 26.859710693359375 ], [ 9.848331451416016, 26.908599853515625 ], [ 9.734994888305664, 27.323879241943359 ], [ 9.839162826538086, 27.508050918579102 ], [ 9.813884735107422, 27.576379776000977 ], [ 9.881107330322266, 27.621110916137695 ], [ 9.954165458679199, 27.868600845336914 ], [ 9.790273666381836, 28.270549774169922 ], [ 9.873331069946289, 28.859159469604492 ], [ 9.764720916748047, 29.433330535888672 ], [ 9.56666374206543, 29.806940078735352 ], [ 9.303886413574219, 30.122489929199219 ], [ 9.532024383544922, 30.236059188842773 ] ] ] } },
{ "type": "Feature", "properties": { }, "geometry": { "type": "Polygon", "coordinates": [ [ [ 47.285530090332031, -14.84689998626709 ], [ 47.454990386962891, -14.665280342102051 ], [ 47.500820159912109, -14.711669921875 ], [ 47.499439239501953, -14.848340034484863 ], [ 47.412490844726562, -14.971389770507812 ], [ 47.411098480224609, -15.098609924316406 ], [ 47.4385986328125, -15.108059883117676 ], [ 47.567211151123047, -14.981389999389648 ], [ 47.643600463867188, -14.778059959411621 ], [ 47.796379089355469, -14.571390151977539 ], [ 47.921100616455078, -14.710000038146973 ], [ 47.936100006103516, -14.660840034484863 ], [ 47.918880462646484, -14.635279655456543 ], [ 47.968601226806641, -14.621669769287109 ], [ 47.995540618896484, -14.662500381469727 ], [ 47.987491607666016, -14.760000228881836 ], [ 48.020820617675781, -14.728059768676758 ], [ 48.017208099365234, -14.639450073242188 ], [ 47.931930541992188, -14.570839881896973 ], [ 47.853599548339844, -14.598340034484863 ], [ 47.807491302490234, -14.546110153198242 ], [ 47.755550384521484, -14.603610038757324 ], [ 47.720829010009766, -14.558340072631836 ], [ 47.713871002197266, -14.357230186462402 ], [ 47.804439544677734, -14.209719657897949 ], [ 47.852771759033203, -14.246390342712402 ], [ 47.927761077880859, -14.253890037536621 ], [ 47.957210540771484, -14.185000419616699 ], [ 47.904430389404297, -14.092780113220215 ], [ 48.011100769042969, -14.138339996337891 ], [ 47.998321533203125, -14.294730186462402 ], [ 48.034431457519531, -14.259730339050293 ], [ 48.020759582519531, -14.217439651489258 ], [ 48.052490234375, -14.106109619140625 ], [ 47.941928863525391, -14.006389617919922 ], [ 48.023040771484375, -13.965000152587891 ], [ 47.910549163818359, -13.897500038146973 ], [ 47.872489929199219, -13.776670455932617 ], [ 47.894161224365234, -13.713890075683594 ], [ 47.905269622802734, -13.596389770507812 ], [ 47.961929321289062, -13.585000038146973 ], [ 47.964431762695312, -13.528059959411621 ], [ 48.007209777832031, -13.581390380859375 ], [ 48.047771453857422, -13.550000190734863 ], [ 48.030818939208984, -13.51471996307373 ], [ 48.083320617675781, -13.539449691772461 ], [ 48.096931457519531, -13.602780342102051 ], [ 48.143600463867188, -13.596110343933105 ], [ 48.179988861083984, -13.754170417785645 ], [ 48.241939544677734, -13.804450035095215 ], [ 48.287208557128906, -13.808059692382812 ], [ 48.335540771484375, -13.773059844970703 ], [ 48.334148406982422, -13.554169654846191 ], [ 48.368598937988281, -13.549169540405273 ], [ 48.394989013671875, -13.586669921875 ], [ 48.455818176269531, -13.516949653625488 ], [ 48.526931762695312, -13.52610969543457 ], [ 48.518039703369141, -13.403889656066895 ], [ 48.597759246826172, -13.44888973236084 ], [ 48.739711761474609, -13.427229881286621 ], [ 48.841648101806641, -13.266110420227051 ], [ 48.812480926513672, -13.198060035705566 ], [ 48.959430694580078, -12.822230339050293 ], [ 48.870269775390625, -12.604999542236328 ], [ 48.886928558349609, -12.555279731750488 ], [ 48.836929321289062, -12.569729804992676 ], [ 48.781101226806641, -12.438340187072754 ], [ 48.730819702148438, -12.434169769287109 ], [ 48.766380310058594, -12.399169921875 ], [ 48.888050079345703, -12.460280418395996 ], [ 48.907211303710938, -12.495840072631836 ], [ 48.948040008544922, -12.482780456542969 ], [ 48.969150543212891, -12.357780456542969 ], [ 49.063880920410156, -12.276670455932617 ], [ 49.086650848388672, -12.298060417175293 ], [ 49.198879241943359, -12.154170036315918 ], [ 49.151100158691406, -12.099169731140137 ], [ 49.095268249511719, -12.099169731140137 ], [ 49.157211303710938, -12.053890228271484 ], [ 49.225269317626953, -12.105279922485352 ], [ 49.207489013671875, -12.003339767456055 ], [ 49.274429321289062, -11.947779655456543 ], [ 49.347209930419922, -12.061949729919434 ], [ 49.371929168701172, -12.207229614257812 ], [ 49.261928558349609, -12.143890380859375 ], [ 49.232490539550781, -12.225000381469727 ], [ 49.287490844726562, -12.23583984375 ], [ 49.316379547119141, -12.297499656677246 ], [ 49.356380462646484, -12.299449920654297 ], [ 49.359710693359375, -12.23583984375 ], [ 49.395259857177734, -12.232780456542969 ], [ 49.458599090576172, -12.376110076904297 ], [ 49.498600006103516, -12.346389770507812 ], [ 49.543880462646484, -12.38444995880127 ], [ 49.487491607666016, -12.41139030456543 ], [ 49.588039398193359, -12.479169845581055 ], [ 49.596660614013672, -12.532500267028809 ], [ 49.575550079345703, -12.541950225830078 ], [ 49.561378479003906, -12.632229804992676 ], [ 49.648601531982422, -12.693059921264648 ], [ 49.6533203125, -12.806110382080078 ], [ 49.710540771484375, -12.779729843139648 ], [ 49.717208862304688, -12.740839958190918 ], [ 49.801658630371094, -12.80027961730957 ], [ 49.811100006103516, -12.865280151367188 ], [ 49.9385986328125, -13.030559539794922 ], [ 49.97943115234375, -13.346670150756836 ], [ 50.026660919189453, -13.34889030456543 ], [ 50.076648712158203, -13.61083984375 ], [ 50.101940155029297, -13.627499580383301 ], [ 50.213329315185547, -14.613059997558594 ], [ 50.280269622802734, -14.867230415344238 ], [ 50.446929931640625, -15.185000419616699 ], [ 50.499439239501953, -15.251950263977051 ], [ 50.436378479003906, -15.569169998168945 ], [ 50.240821838378906, -15.968890190124512 ], [ 50.165538787841797, -15.989450454711914 ], [ 50.145820617675781, -15.934169769287109 ], [ 50.033870697021484, -15.866950035095215 ], [ 49.924430847167969, -15.582779884338379 ], [ 49.902488708496094, -15.426670074462891 ], [ 49.751380920410156, -15.435839653015137 ], [ 49.696098327636719, -15.465840339660645 ], [ 49.637210845947266, -15.547229766845703 ], [ 49.733600616455078, -15.899720191955566 ], [ 49.679710388183594, -16.039449691772461 ], [ 49.709709167480469, -16.127510070800781 ], [ 49.836101531982422, -16.197229385375977 ], [ 49.85443115234375, -16.23583984375 ], [ 49.824989318847656, -16.356670379638672 ], [ 49.849430084228516, -16.542509078979492 ], [ 49.799430847167969, -16.641670227050781 ], [ 49.719150543212891, -16.714729309082031 ], [ 49.736660003662109, -16.786399841308594 ], [ 49.817211151123047, -16.844730377197266 ], [ 49.617210388183594, -16.894170761108398 ], [ 49.420551300048828, -17.326120376586914 ], [ 49.509708404541016, -17.678340911865234 ], [ 49.364990234375, -18.403619766235352 ], [ 49.035549163818359, -19.184169769287109 ], [ 48.795551300048828, -19.98583984375 ], [ 48.616649627685547, -20.388059616088867 ], [ 48.433319091796875, -20.996950149536133 ], [ 48.426929473876953, -21.084169387817383 ], [ 48.205268859863281, -21.789449691772461 ], [ 47.919708251953125, -22.431949615478516 ], [ 47.662208557128906, -23.462230682373047 ], [ 47.617771148681641, -23.590280532836914 ], [ 47.592769622802734, -23.561119079589844 ], [ 47.570541381835938, -23.596389770507812 ], [ 47.616939544677734, -23.621950149536133 ], [ 47.575820922851562, -23.839170455932617 ], [ 47.3760986328125, -24.272510528564453 ], [ 47.325820922851562, -24.268060684204102 ], [ 47.315540313720703, -24.458890914916992 ], [ 47.200820922851562, -24.770000457763672 ], [ 47.135269165039062, -24.831670761108398 ], [ 47.133041381835938, -24.928060531616211 ], [ 47.104709625244141, -24.884450912475586 ], [ 47.094440460205078, -24.973899841308594 ], [ 46.974708557128906, -25.04888916015625 ], [ 46.884429931640625, -25.075000762939453 ], [ 46.646648406982422, -25.191669464111328 ], [ 46.503040313720703, -25.161670684814453 ], [ 46.336650848388672, -25.173620223999023 ], [ 45.942489624023438, -25.319169998168945 ], [ 45.530269622802734, -25.568609237670898 ], [ 45.158870697021484, -25.60028076171875 ], [ 44.808319091796875, -25.335559844970703 ], [ 44.711380004882812, -25.303890228271484 ], [ 44.366939544677734, -25.257780075073242 ], [ 44.297210693359375, -25.168060302734375 ], [ 44.313320159912109, -25.163059234619141 ], [ 44.389148712158203, -25.232780456542969 ], [ 44.411930084228516, -25.211669921875 ], [ 44.184429168701172, -25.069169998168945 ], [ 44.032211303710938, -25.004449844360352 ], [ 43.840259552001953, -24.514450073242188 ], [ 43.711929321289062, -24.417230606079102 ], [ 43.664150238037109, -24.311389923095703 ], [ 43.654148101806641, -23.829170227050781 ], [ 43.635818481445312, -23.666669845581055 ], [ 43.652210235595703, -23.619449615478516 ], [ 43.745819091796875, -23.581670761108398 ], [ 43.759429931640625, -23.46360969543457 ], [ 43.614990234375, -23.311389923095703 ], [ 43.596931457519531, -23.099170684814453 ], [ 43.375820159912109, -22.875280380249023 ], [ 43.286380767822266, -22.588890075683594 ], [ 43.221099853515625, -22.251119613647461 ], [ 43.250270843505859, -22.216400146484375 ], [ 43.292209625244141, -22.236669540405273 ], [ 43.296939849853516, -22.170280456542969 ], [ 43.250541687011719, -22.16278076171875 ], [ 43.259429931640625, -21.954170227050781 ], [ 43.299709320068359, -21.865009307861328 ], [ 43.311378479003906, -21.933620452880859 ], [ 43.329990386962891, -21.917230606079102 ], [ 43.334148406982422, -21.75861930847168 ], [ 43.472209930419922, -21.672500610351562 ], [ 43.474990844726562, -21.408620834350586 ], [ 43.508041381835938, -21.312780380249023 ], [ 43.741100311279297, -21.28611946105957 ], [ 43.808601379394531, -21.22528076171875 ], [ 43.949428558349609, -20.788059234619141 ], [ 44.036098480224609, -20.723899841308594 ], [ 44.176101684570312, -20.441949844360352 ], [ 44.251380920410156, -20.382780075073242 ], [ 44.292758941650391, -20.244449615478516 ], [ 44.474990844726562, -19.990009307861328 ], [ 44.473320007324219, -19.881950378417969 ], [ 44.387489318847656, -19.812229156494141 ], [ 44.369991302490234, -19.77223014831543 ], [ 44.412490844726562, -19.691949844360352 ], [ 44.438320159912109, -19.557229995727539 ], [ 44.482208251953125, -19.531669616699219 ], [ 44.469150543212891, -19.438339233398438 ], [ 44.236099243164062, -19.090280532836914 ], [ 44.243038177490234, -18.883899688720703 ], [ 44.261661529541016, -18.853059768676758 ], [ 44.163600921630859, -18.591119766235352 ], [ 44.040538787841797, -18.423059463500977 ], [ 44.031379699707031, -17.756950378417969 ], [ 43.928878784179688, -17.611949920654297 ], [ 43.931381225585938, -17.500560760498047 ], [ 44.432491302490234, -16.703620910644531 ], [ 44.466098785400391, -16.495840072631836 ], [ 44.398601531982422, -16.364730834960938 ], [ 44.442760467529297, -16.203899383544922 ], [ 44.488880157470703, -16.177230834960938 ], [ 44.861660003662109, -16.226390838623047 ], [ 45.254711151123047, -15.931389808654785 ], [ 45.273880004882812, -15.932780265808105 ], [ 45.291660308837891, -16.110559463500977 ], [ 45.326930999755859, -16.110279083251953 ], [ 45.397769927978516, -16.037509918212891 ], [ 45.365821838378906, -15.98777961730957 ], [ 45.572490692138672, -15.949170112609863 ], [ 45.606929779052734, -16.055280685424805 ], [ 45.645259857177734, -15.907219886779785 ], [ 45.619159698486328, -15.85138988494873 ], [ 45.686939239501953, -15.779170036315918 ], [ 45.822208404541016, -15.82472038269043 ], [ 45.910820007324219, -15.773059844970703 ], [ 45.957489013671875, -15.783889770507812 ], [ 45.955818176269531, -15.845000267028809 ], [ 46.0635986328125, -15.871950149536133 ], [ 46.070541381835938, -15.784170150756836 ], [ 46.011379241943359, -15.82388973236084 ], [ 46.013050079345703, -15.793609619140625 ], [ 46.089988708496094, -15.725560188293457 ], [ 46.171939849853516, -15.703610420227051 ], [ 46.232490539550781, -15.714170455932617 ], [ 46.235538482666016, -15.806110382080078 ], [ 46.270549774169922, -15.912229537963867 ], [ 46.321098327636719, -15.973340034484863 ], [ 46.395259857177734, -15.900839805603027 ], [ 46.477210998535156, -15.966110229492188 ], [ 46.422771453857422, -15.863059997558594 ], [ 46.298038482666016, -15.818059921264648 ], [ 46.360271453857422, -15.73777961730957 ], [ 46.304439544677734, -15.717229843139648 ], [ 46.331661224365234, -15.634169578552246 ], [ 46.574161529541016, -15.443340301513672 ], [ 46.947208404541016, -15.19888973236084 ], [ 46.984989166259766, -15.282219886779785 ], [ 47.076381683349609, -15.334449768066406 ], [ 46.962211608886719, -15.502229690551758 ], [ 47.093040466308594, -15.479720115661621 ], [ 47.128879547119141, -15.444729804992676 ], [ 47.223598480224609, -15.448610305786133 ], [ 47.236370086669922, -15.412500381469727 ], [ 47.196098327636719, -15.401390075683594 ], [ 47.164150238037109, -15.296389579772949 ], [ 47.111930847167969, -15.305560111999512 ], [ 47.058040618896484, -15.198060035705566 ], [ 47.105548858642578, -15.119170188903809 ], [ 47.216098785400391, -15.033610343933105 ], [ 47.310550689697266, -14.912500381469727 ], [ 47.381649017333984, -14.876950263977051 ], [ 47.358051300048828, -14.846110343933105 ], [ 47.299991607666016, -14.875280380249023 ], [ 47.285530090332031, -14.84689998626709 ] ] ] } },
{ "type": "Feature", "properties": { }, "geometry": { "type": "Polygon", "coordinates": [ [ [ 33.928138732910156, -9.699806213378906 ], [ 33.950260162353516, -9.546390533447266 ], [ 33.988590240478516, -9.497777938842773 ], [ 34.043598175048828, -9.484724044799805 ], [ 34.447761535644531, -9.899444580078125 ], [ 34.558040618896484, -10.180279731750488 ], [ 34.570541381835938, -10.444450378417969 ], [ 34.676090240478516, -10.747500419616699 ], [ 34.593868255615234, -11.028329849243164 ], [ 34.763599395751953, -11.345000267028809 ], [ 34.823318481445312, -11.340279579162598 ], [ 34.918590545654297, -11.428059577941895 ], [ 34.963249206542969, -11.56566047668457 ], [ 34.626091003417969, -11.575830459594727 ], [ 34.614429473876953, -11.763890266418457 ], [ 34.373870849609375, -12.167220115661621 ], [ 34.444431304931641, -12.503339767456055 ], [ 34.529979705810547, -12.758890151977539 ], [ 34.569149017333984, -13.346949577331543 ], [ 34.658039093017578, -13.496390342712402 ], [ 34.86212158203125, -13.497420310974121 ], [ 35.095260620117188, -13.68610954284668 ], [ 35.877201080322266, -14.656109809875488 ], [ 35.881099700927734, -14.885000228881836 ], [ 35.924160003662109, -14.885560035705566 ], [ 35.800258636474609, -15.177780151367188 ], [ 35.867198944091797, -15.419449806213379 ], [ 35.786930084228516, -16.0625 ], [ 35.606090545654297, -16.137229919433594 ], [ 35.411651611328125, -16.12445068359375 ], [ 35.293319702148438, -16.224720001220703 ], [ 35.251659393310547, -16.458610534667969 ], [ 35.137210845947266, -16.550559997558594 ], [ 35.168590545654297, -16.621120452880859 ], [ 35.271369934082031, -16.697219848632812 ], [ 35.304149627685547, -16.846120834350586 ], [ 35.271099090576172, -16.950279235839844 ], [ 35.308040618896484, -17.061389923095703 ], [ 35.290599822998047, -17.135810852050781 ], [ 35.091648101806641, -17.129169464111328 ], [ 35.052478790283203, -17.027229309082031 ], [ 35.139148712158203, -16.951950073242188 ], [ 35.146381378173828, -16.841110229492188 ], [ 35.128318786621094, -16.816949844360352 ], [ 35.049430847167969, -16.823890686035156 ], [ 34.859710693359375, -16.677499771118164 ], [ 34.761928558349609, -16.537229537963867 ], [ 34.594429016113281, -16.404720306396484 ], [ 34.575550079345703, -16.323890686035156 ], [ 34.454151153564453, -16.284170150756836 ], [ 34.410541534423828, -16.204999923706055 ], [ 34.427761077880859, -16.063619613647461 ], [ 34.263599395751953, -15.916390419006348 ], [ 34.260269165039062, -15.807780265808105 ], [ 34.409980773925781, -15.675829887390137 ], [ 34.443309783935547, -15.547499656677246 ], [ 34.425258636474609, -15.496669769287109 ], [ 34.589710235595703, -15.282779693603516 ], [ 34.566928863525391, -14.787220001220703 ], [ 34.522480010986328, -14.688610076904297 ], [ 34.541099548339844, -14.615559577941895 ], [ 34.388881683349609, -14.397219657897949 ], [ 34.301090240478516, -14.403610229492188 ], [ 34.073879241943359, -14.493889808654785 ], [ 33.932209014892578, -14.475279808044434 ], [ 33.825550079345703, -14.533889770507812 ], [ 33.736370086669922, -14.487500190734863 ], [ 33.707759857177734, -14.50055980682373 ], [ 33.692760467529297, -14.598609924316406 ], [ 33.650539398193359, -14.589449882507324 ], [ 33.549430847167969, -14.442230224609375 ], [ 33.478870391845703, -14.41055965423584 ], [ 33.161651611328125, -13.922220230102539 ], [ 33.039989471435547, -14.052780151367188 ], [ 33.004428863525391, -14.032779693603516 ], [ 32.899150848388672, -13.819999694824219 ], [ 32.782489776611328, -13.77556037902832 ], [ 32.7783203125, -13.743330001831055 ], [ 32.832759857177734, -13.709719657897949 ], [ 32.785820007324219, -13.640560150146484 ], [ 32.689701080322266, -13.622500419616699 ], [ 32.690540313720703, -13.564999580383301 ], [ 32.822208404541016, -13.538060188293457 ], [ 33.012210845947266, -13.215000152587891 ], [ 32.992759704589844, -13.03695011138916 ], [ 33.035259246826172, -12.910280227661133 ], [ 32.967758178710938, -12.850560188293457 ], [ 32.960269927978516, -12.761670112609863 ], [ 33.046379089355469, -12.603890419006348 ], [ 33.137760162353516, -12.580840110778809 ], [ 33.2269287109375, -12.588339805603027 ], [ 33.280269622802734, -12.527219772338867 ], [ 33.357208251953125, -12.543330192565918 ], [ 33.537769317626953, -12.368889808654785 ], [ 33.544429779052734, -12.327779769897461 ], [ 33.394428253173828, -12.341670036315918 ], [ 33.271099090576172, -12.131389617919922 ], [ 33.329990386962891, -11.807220458984375 ], [ 33.323600769042969, -11.607780456542969 ], [ 33.284431457519531, -11.570560455322266 ], [ 33.230541229248047, -11.57472038269043 ], [ 33.356651306152344, -11.256110191345215 ], [ 33.409149169921875, -11.170000076293945 ], [ 33.250270843505859, -10.897500038146973 ], [ 33.396930694580078, -10.798609733581543 ], [ 33.501659393310547, -10.779720306396484 ], [ 33.693038940429688, -10.581110000610352 ], [ 33.684978485107422, -10.513339996337891 ], [ 33.572761535644531, -10.400279998779297 ], [ 33.559429168701172, -10.227219581604004 ], [ 33.324161529541016, -10.067779541015625 ], [ 33.359428405761719, -9.93305778503418 ], [ 33.390270233154297, -9.90361213684082 ], [ 33.361370086669922, -9.824445724487305 ], [ 33.238590240478516, -9.731388092041016 ], [ 33.229148864746094, -9.634166717529297 ], [ 33.117759704589844, -9.586668014526367 ], [ 33.104709625244141, -9.66278076171875 ], [ 32.993320465087891, -9.621667861938477 ], [ 32.985019683837891, -9.481030464172363 ], [ 32.953868865966797, -9.489444732666016 ], [ 32.940261840820312, -9.40361213684082 ], [ 32.997760772705078, -9.373334884643555 ], [ 33.028591156005859, -9.41166877746582 ], [ 33.192478179931641, -9.50916862487793 ], [ 33.301929473876953, -9.484167098999023 ], [ 33.393878936767578, -9.538055419921875 ], [ 33.428871154785156, -9.611946105957031 ], [ 33.508880615234375, -9.621946334838867 ], [ 33.578868865966797, -9.584723472595215 ], [ 33.676929473876953, -9.610557556152344 ], [ 33.755821228027344, -9.58277702331543 ], [ 33.928138732910156, -9.699806213378906 ] ] ] } },
{ "type": "Feature", "properties": { }, "geometry": { "type": "Polygon", "coordinates": [ [ [ -6.577499866485596, 24.999160766601562 ], [ -4.806388854980469, 25.000270843505859 ], [ -3.100277900695801, 23.914159774780273 ], [ -1.429443955421448, 22.806940078735352 ], [ -0.002362631959841, 21.826360702514648 ], [ 1.169242024421692, 21.099899291992188 ], [ 1.161388993263245, 20.761100769042969 ], [ 1.178887963294983, 20.732770919799805 ], [ 1.326666951179504, 20.733329772949219 ], [ 1.375, 20.657489776611328 ], [ 1.483332991600037, 20.63916015625 ], [ 1.663054943084717, 20.536109924316406 ], [ 1.665555000305176, 20.442209243774414 ], [ 1.810278058052063, 20.301109313964844 ], [ 1.881111025810242, 20.301380157470703 ], [ 1.908887982368469, 20.231380462646484 ], [ 2.102499008178711, 20.220830917358398 ], [ 2.178055047988892, 20.279439926147461 ], [ 2.218054056167603, 20.279159545898438 ], [ 2.32361102104187, 20.199440002441406 ], [ 2.421665906906128, 20.053049087524414 ], [ 2.846388101577759, 19.974710464477539 ], [ 3.234999895095825, 19.815549850463867 ], [ 3.218333005905151, 19.532220840454102 ], [ 3.248054981231689, 19.512210845947266 ], [ 3.27222204208374, 19.373600006103516 ], [ 3.153610944747925, 19.223049163818359 ], [ 3.121387958526611, 19.136100769042969 ], [ 3.331943988800049, 18.97637939453125 ], [ 4.245090961456299, 19.146190643310547 ], [ 4.252500057220459, 16.994430541992188 ], [ 4.214166164398193, 16.993600845336914 ], [ 4.200831890106201, 16.393880844116211 ], [ 4.074442863464355, 16.303329467773438 ], [ 3.980833053588867, 16.070270538330078 ], [ 4.000832080841064, 15.989720344543457 ], [ 3.924443960189819, 15.904159545898438 ], [ 3.890276908874512, 15.718050003051758 ], [ 3.844166040420532, 15.672769546508789 ], [ 3.722498893737793, 15.649999618530273 ], [ 3.537776947021484, 15.492489814758301 ], [ 3.524817943572998, 15.359350204467773 ], [ 3.032499074935913, 15.433050155639648 ], [ 3.021944046020508, 15.37637996673584 ], [ 1.3125, 15.286660194396973 ], [ 0.974721908569336, 14.978610038757324 ], [ 0.742499828338623, 14.967490196228027 ], [ 0.694999873638153, 14.942219734191895 ], [ 0.512222170829773, 15.000829696655273 ], [ 0.396666586399078, 14.960550308227539 ], [ 0.226393893361092, 15.000760078430176 ], [ 0.234534204006195, 14.915610313415527 ], [ -0.24611109495163, 15.078049659729004 ], [ -0.386111110448837, 15.005550384521484 ], [ -0.443888813257217, 15.083049774169922 ], [ -0.725000023841858, 15.083049774169922 ], [ -1.073889017105103, 14.777500152587891 ], [ -1.318889021873474, 14.728879928588867 ], [ -1.678333044052124, 14.500550270080566 ], [ -1.980833053588867, 14.475000381469727 ], [ -2.006944894790649, 14.188050270080566 ], [ -2.107778072357178, 14.151390075683594 ], [ -2.472776889801025, 14.28888988494873 ], [ -2.833333015441895, 14.041390419006348 ], [ -2.884444952011108, 13.877490043640137 ], [ -2.90416693687439, 13.721659660339355 ], [ -2.878611087799072, 13.656109809875488 ], [ -3.049444913864136, 13.612500190734863 ], [ -3.070833921432495, 13.660829544067383 ], [ -3.190192937850952, 13.678899765014648 ], [ -3.248888969421387, 13.719989776611328 ], [ -3.271111011505127, 13.70166015625 ], [ -3.232500076293945, 13.288049697875977 ], [ -3.441118001937866, 13.275850296020508 ], [ -3.423333883285522, 13.197500228881836 ], [ -3.441389083862305, 13.168049812316895 ], [ -3.541110992431641, 13.178890228271484 ], [ -3.791666984558105, 13.361660003662109 ], [ -3.938611030578613, 13.378049850463867 ], [ -3.966665983200073, 13.398889541625977 ], [ -3.902499914169312, 13.457770347595215 ], [ -3.96416711807251, 13.504159927368164 ], [ -4.129444122314453, 13.306389808654785 ], [ -4.243332862854004, 13.234439849853516 ], [ -4.218889236450195, 13.181389808654785 ], [ -4.3125, 13.166390419006348 ], [ -4.335278034210205, 13.109990119934082 ], [ -4.20555591583252, 12.94027042388916 ], [ -4.207222938537598, 12.766389846801758 ], [ -4.269166946411133, 12.716389656066895 ], [ -4.468889236450195, 12.725830078125 ], [ -4.474166870117188, 12.657779693603516 ], [ -4.365832805633545, 12.533329963684082 ], [ -4.438055038452148, 12.434439659118652 ], [ -4.387500762939453, 12.31110954284668 ], [ -4.407223224639893, 12.297220230102539 ], [ -4.456943988800049, 12.333889961242676 ], [ -4.569445133209229, 12.201109886169434 ], [ -4.539443969726562, 12.13971996307373 ], [ -4.66437816619873, 12.062000274658203 ], [ -4.698609828948975, 12.062769889831543 ], [ -4.784721851348877, 12.000829696655273 ], [ -4.93638801574707, 12.009440422058105 ], [ -5.193889141082764, 11.905280113220215 ], [ -5.348055839538574, 11.82526969909668 ], [ -5.402223110198975, 11.829999923706055 ], [ -5.263611793518066, 11.74944019317627 ], [ -5.289443969726562, 11.616660118103027 ], [ -5.214723110198975, 11.577500343322754 ], [ -5.198609828948975, 11.418889999389648 ], [ -5.251667022705078, 11.395000457763672 ], [ -5.250833988189697, 11.244720458984375 ], [ -5.297222137451172, 11.206939697265625 ], [ -5.297500133514404, 11.144160270690918 ], [ -5.330277919769287, 11.114720344543457 ], [ -5.488611221313477, 11.076379776000977 ], [ -5.486388206481934, 11.030280113220215 ], [ -5.411666870117188, 10.835000038146973 ], [ -5.4563889503479, 10.746939659118652 ], [ -5.462501049041748, 10.645549774169922 ], [ -5.520659923553467, 10.430990219116211 ], [ -5.650278091430664, 10.451109886169434 ], [ -5.878056049346924, 10.375550270080566 ], [ -5.889443874359131, 10.275830268859863 ], [ -5.956110954284668, 10.284440040588379 ], [ -5.983333110809326, 10.208609580993652 ], [ -6.0625, 10.191109657287598 ], [ -6.193055152893066, 10.233880043029785 ], [ -6.223249912261963, 10.258480072021484 ], [ -6.226944923400879, 10.314160346984863 ], [ -6.168333053588867, 10.358610153198242 ], [ -6.210278987884521, 10.509719848632812 ], [ -6.24666690826416, 10.516389846801758 ], [ -6.188889026641846, 10.630270004272461 ], [ -6.243202209472656, 10.734950065612793 ], [ -6.409999847412109, 10.693050384521484 ], [ -6.420278072357178, 10.628879547119141 ], [ -6.381944179534912, 10.590550422668457 ], [ -6.418333053588867, 10.55055046081543 ], [ -6.585278034210205, 10.607219696044922 ], [ -6.64508581161499, 10.666790008544922 ], [ -6.676665782928467, 10.598329544067383 ], [ -6.638055801391602, 10.409440040588379 ], [ -6.689455032348633, 10.339500427246094 ], [ -6.776112079620361, 10.377490043640137 ], [ -6.943889141082764, 10.353050231933594 ], [ -6.982223033905029, 10.253609657287598 ], [ -6.94611120223999, 10.214719772338867 ], [ -6.949999809265137, 10.171939849853516 ], [ -7.010556221008301, 10.141940116882324 ], [ -7.269721984863281, 10.254440307617188 ], [ -7.345833778381348, 10.250269889831543 ], [ -7.360000133514404, 10.350830078125 ], [ -7.430832862854004, 10.337770462036133 ], [ -7.456666946411133, 10.450830459594727 ], [ -7.500277996063232, 10.461389541625977 ], [ -7.534721851348877, 10.419719696044922 ], [ -7.699720859527588, 10.406390190124512 ], [ -7.885278224945068, 10.17665958404541 ], [ -7.977681159973145, 10.165470123291016 ], [ -7.940556049346924, 10.243330001831055 ], [ -7.985000133514404, 10.337770462036133 ], [ -8.093889236450195, 10.356380462646484 ], [ -8.122220993041992, 10.437219619750977 ], [ -8.215555191040039, 10.421660423278809 ], [ -8.282222747802734, 10.549440383911133 ], [ -8.289722442626953, 11.007769584655762 ], [ -8.351110458374023, 11.057220458984375 ], [ -8.488887786865234, 11.058890342712402 ], [ -8.544166564941406, 10.97527027130127 ], [ -8.671388626098633, 10.954999923706055 ], [ -8.682777404785156, 10.991939544677734 ], [ -8.474721908569336, 11.291110038757324 ], [ -8.376110076904297, 11.281940460205078 ], [ -8.354721069335938, 11.322770118713379 ], [ -8.4102783203125, 11.335269927978516 ], [ -8.359649658203125, 11.371560096740723 ], [ -8.514167785644531, 11.430270195007324 ], [ -8.53416633605957, 11.493889808654785 ], [ -8.607778549194336, 11.475830078125 ], [ -8.703054428100586, 11.658889770507812 ], [ -8.831666946411133, 11.661660194396973 ], [ -8.796571731567383, 12.008060455322266 ], [ -8.904167175292969, 12.044440269470215 ], [ -8.899444580078125, 12.17805004119873 ], [ -8.979939460754395, 12.223710060119629 ], [ -8.946666717529297, 12.353050231933594 ], [ -9.057777404785156, 12.436659812927246 ], [ -9.311307907104492, 12.504249572753906 ], [ -9.362220764160156, 12.487500190734863 ], [ -9.398889541625977, 12.446109771728516 ], [ -9.293333053588867, 12.355549812316895 ], [ -9.345443725585938, 12.249799728393555 ], [ -9.466665267944336, 12.24860954284668 ], [ -9.667499542236328, 12.127779960632324 ], [ -9.672500610351562, 12.067770004272461 ], [ -9.761112213134766, 12.028050422668457 ], [ -9.986944198608398, 12.120829582214355 ], [ -10.329170227050781, 12.224160194396973 ], [ -10.333330154418945, 12.185270309448242 ], [ -10.511110305786133, 12.116109848022461 ], [ -10.652409553527832, 11.893509864807129 ], [ -10.892219543457031, 12.201109886169434 ], [ -11.045280456542969, 12.207220077514648 ], [ -11.154170036315918, 12.040550231933594 ], [ -11.253890037536621, 11.996109962463379 ], [ -11.462779998779297, 12.140279769897461 ], [ -11.494999885559082, 12.206110000610352 ], [ -11.430000305175781, 12.287220001220703 ], [ -11.441109657287598, 12.363329887390137 ], [ -11.373330116271973, 12.404640197753906 ], [ -11.358329772949219, 12.467490196228027 ], [ -11.451939582824707, 12.55055046081543 ], [ -11.422499656677246, 12.62360954284668 ], [ -11.428609848022461, 12.713890075683594 ], [ -11.383330345153809, 12.726659774780273 ], [ -11.412220001220703, 12.916110038757324 ], [ -11.368060111999512, 12.928890228271484 ], [ -11.378060340881348, 12.98805046081543 ], [ -11.420000076293945, 12.959440231323242 ], [ -11.434720039367676, 13.076109886169434 ], [ -11.527779579162598, 13.13778018951416 ], [ -11.597780227661133, 13.364720344543457 ], [ -11.719719886779785, 13.412779808044434 ], [ -11.798330307006836, 13.312780380249023 ], [ -11.885279655456543, 13.375 ], [ -11.868060111999512, 13.457500457763672 ], [ -12.082590103149414, 13.708279609680176 ], [ -11.952779769897461, 13.808329582214355 ], [ -11.942500114440918, 13.904439926147461 ], [ -12.015000343322754, 14.012499809265137 ], [ -11.980830192565918, 14.167220115661621 ], [ -12.031109809875488, 14.27888011932373 ], [ -12.098329544067383, 14.304439544677734 ], [ -12.09889030456543, 14.366660118103027 ], [ -12.202500343322754, 14.400830268859863 ], [ -12.178609848022461, 14.607500076293945 ], [ -12.147780418395996, 14.639439582824707 ], [ -12.245750427246094, 14.772170066833496 ], [ -12.230830192565918, 14.761940002441406 ], [ -12.13694953918457, 14.777770042419434 ], [ -12.057620048522949, 14.725549697875977 ], [ -11.97443962097168, 14.771109580993652 ], [ -11.804169654846191, 14.908049583435059 ], [ -11.802780151367188, 15.048609733581543 ], [ -11.845000267028809, 15.059160232543945 ], [ -11.710829734802246, 15.54778003692627 ], [ -11.642219543457031, 15.524160385131836 ], [ -11.51222038269043, 15.646659851074219 ], [ -11.420829772949219, 15.635829925537109 ], [ -10.898819923400879, 15.106820106506348 ], [ -10.82721996307373, 15.27554988861084 ], [ -10.762499809265137, 15.312769889831543 ], [ -10.719010353088379, 15.438139915466309 ], [ -10.164449691772461, 15.403610229492188 ], [ -10.118060111999512, 15.372770309448242 ], [ -9.817777633666992, 15.373880386352539 ], [ -9.696666717529297, 15.430000305175781 ], [ -9.41139030456543, 15.443889617919922 ], [ -9.442499160766602, 15.596940040588379 ], [ -9.338054656982422, 15.704719543457031 ], [ -9.31944465637207, 15.634160041809082 ], [ -9.333610534667969, 15.499719619750977 ], [ -5.49561595916748, 15.498459815979004 ], [ -5.335278034210205, 16.32805061340332 ], [ -5.60166597366333, 16.507770538330078 ], [ -5.974443912506104, 19.86638069152832 ], [ -6.577499866485596, 24.999160766601562 ] ] ] } },
{ "type": "Feature", "properties": { }, "geometry": { "type": "Polygon", "coordinates": [ [ [ -8.66722297668457, 26.000270843505859 ], [ -8.669294357299805, 27.28019905090332 ], [ -6.897222995758057, 26.267490386962891 ], [ -4.806388854980469, 25.000270843505859 ], [ -6.577499866485596, 24.999160766601562 ], [ -5.974443912506104, 19.86638069152832 ], [ -5.60166597366333, 16.507770538330078 ], [ -5.335278034210205, 16.32805061340332 ], [ -5.49561595916748, 15.498459815979004 ], [ -9.333610534667969, 15.499719619750977 ], [ -9.31944465637207, 15.634160041809082 ], [ -9.338054656982422, 15.704719543457031 ], [ -9.442499160766602, 15.596940040588379 ], [ -9.41139030456543, 15.443889617919922 ], [ -9.696666717529297, 15.430000305175781 ], [ -9.817777633666992, 15.373880386352539 ], [ -10.118060111999512, 15.372770309448242 ], [ -10.164449691772461, 15.403610229492188 ], [ -10.719010353088379, 15.438139915466309 ], [ -10.762499809265137, 15.312769889831543 ], [ -10.82721996307373, 15.27554988861084 ], [ -10.898819923400879, 15.106820106506348 ], [ -11.420829772949219, 15.635829925537109 ], [ -11.51222038269043, 15.646659851074219 ], [ -11.642219543457031, 15.524160385131836 ], [ -11.710829734802246, 15.54778003692627 ], [ -11.845000267028809, 15.059160232543945 ], [ -11.802780151367188, 15.048609733581543 ], [ -11.804169654846191, 14.908049583435059 ], [ -11.97443962097168, 14.771109580993652 ], [ -12.057620048522949, 14.725549697875977 ], [ -12.13694953918457, 14.777770042419434 ], [ -12.230830192565918, 14.761940002441406 ], [ -12.430830001831055, 14.88778018951416 ], [ -12.478890419006348, 15.008890151977539 ], [ -12.778530120849609, 15.146780014038086 ], [ -12.788330078125, 15.208609580993652 ], [ -12.849720001220703, 15.208049774169922 ], [ -12.893610000610352, 15.261659622192383 ], [ -12.843890190124512, 15.270279884338379 ], [ -12.845829963684082, 15.308050155639648 ], [ -12.932499885559082, 15.368049621582031 ], [ -12.964719772338867, 15.506110191345215 ], [ -13.060279846191406, 15.479160308837891 ], [ -13.100279808044434, 15.508890151977539 ], [ -13.092499732971191, 15.583330154418945 ], [ -13.242779731750488, 15.638609886169434 ], [ -13.395549774169922, 16.055269241333008 ], [ -13.460559844970703, 16.094989776611328 ], [ -13.495280265808105, 16.14971923828125 ], [ -13.677220344543457, 16.098880767822266 ], [ -13.71111011505127, 16.184989929199219 ], [ -13.851659774780273, 16.118320465087891 ], [ -13.875280380249023, 16.198049545288086 ], [ -13.973609924316406, 16.237209320068359 ], [ -13.966939926147461, 16.278049468994141 ], [ -14.225000381469727, 16.547769546508789 ], [ -14.335559844970703, 16.576940536499023 ], [ -14.337220191955566, 16.632490158081055 ], [ -14.86028003692627, 16.638320922851562 ], [ -14.981109619140625, 16.693050384521484 ], [ -15.048609733581543, 16.630270004272461 ], [ -15.097780227661133, 16.671110153198242 ], [ -15.116939544677734, 16.648330688476562 ], [ -15.087499618530273, 16.61444091796875 ], [ -15.108059883117676, 16.586109161376953 ], [ -15.239170074462891, 16.558879852294922 ], [ -15.468890190124512, 16.579719543457031 ], [ -15.550000190734863, 16.512489318847656 ], [ -15.985830307006836, 16.489990234375 ], [ -16.146110534667969, 16.55194091796875 ], [ -16.299999237060547, 16.503599166870117 ], [ -16.388050079345703, 16.219989776611328 ], [ -16.468889236450195, 16.180549621582031 ], [ -16.492219924926758, 16.052219390869141 ], [ -16.506950378417969, 16.094160079956055 ], [ -16.52726936340332, 16.077959060668945 ], [ -16.444450378417969, 16.679719924926758 ], [ -16.269170761108398, 17.046379089355469 ], [ -16.086109161376953, 17.524990081787109 ], [ -16.036109924316406, 17.85137939453125 ], [ -16.060840606689453, 18.446380615234375 ], [ -16.206949234008789, 18.977209091186523 ], [ -16.329170227050781, 19.179159164428711 ], [ -16.471109390258789, 19.264720916748047 ], [ -16.532779693603516, 19.386940002441406 ], [ -16.432500839233398, 19.37554931640625 ], [ -16.307500839233398, 19.472499847412109 ], [ -16.295280456542969, 19.544160842895508 ], [ -16.389720916748047, 19.464719772338867 ], [ -16.349720001220703, 19.543329238891602 ], [ -16.430559158325195, 19.475269317626953 ], [ -16.440559387207031, 19.408880233764648 ], [ -16.468610763549805, 19.410549163818359 ], [ -16.468889236450195, 19.454439163208008 ], [ -16.264999389648438, 19.731380462646484 ], [ -16.252220153808594, 19.899990081787109 ], [ -16.291669845581055, 19.894720077514648 ], [ -16.216949462890625, 20.006380081176758 ], [ -16.260000228881836, 20.131940841674805 ], [ -16.226949691772461, 20.144439697265625 ], [ -16.197219848632812, 20.229160308837891 ], [ -16.291109085083008, 20.331380844116211 ], [ -16.440000534057617, 20.667770385742188 ], [ -16.529169082641602, 20.733049392700195 ], [ -16.543329238891602, 20.560550689697266 ], [ -16.577499389648438, 20.589990615844727 ], [ -16.926389694213867, 21.160549163818359 ], [ -17.014999389648438, 21.043609619140625 ], [ -16.997499465942383, 20.969989776611328 ], [ -17.04888916015625, 20.895830154418945 ], [ -17.023609161376953, 20.856660842895508 ], [ -17.054349899291992, 20.770069122314453 ], [ -17.054349899291992, 20.917930603027344 ], [ -16.95305061340332, 21.338329315185547 ], [ -13.0, 21.338050842285156 ], [ -13.079170227050781, 22.510549545288086 ], [ -13.150279998779297, 22.757499694824219 ], [ -13.105549812316895, 22.893049240112305 ], [ -12.99860954284668, 23.02471923828125 ], [ -12.596389770507812, 23.276430130004883 ], [ -12.00055980682373, 23.454439163208008 ], [ -12.000829696655273, 26.0 ], [ -8.66722297668457, 26.000270843505859 ] ] ] } },
{ "type": "Feature", "properties": { }, "geometry": { "type": "Polygon", "coordinates": [ [ [ -2.211518049240112, 35.099720001220703 ], [ -2.205277919769287, 35.051380157470703 ], [ -1.747221946716309, 34.747211456298828 ], [ -1.853332996368408, 34.600540161132812 ], [ -1.686388969421387, 34.485260009765625 ], [ -1.793334007263184, 34.378318786621094 ], [ -1.653610944747925, 34.084980010986328 ], [ -1.726667046546936, 33.695529937744141 ], [ -1.641944050788879, 33.650821685791016 ], [ -1.60027801990509, 33.556930541992188 ], [ -1.666666984558105, 33.383319854736328 ], [ -1.665555000305176, 33.256649017333984 ], [ -1.478888988494873, 33.058040618896484 ], [ -1.487221956253052, 32.979148864746094 ], [ -1.542778015136719, 32.939418792724609 ], [ -1.383054971694946, 32.724430084228516 ], [ -1.010555982589722, 32.508319854736328 ], [ -1.07805597782135, 32.441368103027344 ], [ -1.196388959884644, 32.404701232910156 ], [ -1.25, 32.326930999755859 ], [ -1.253888964653015, 32.214710235595703 ], [ -1.292778015136719, 32.159149169921875 ], [ -1.19861102104187, 32.16693115234375 ], [ -1.177778005599976, 32.114990234375 ], [ -1.213055014610291, 32.089710235595703 ], [ -2.220278024673462, 32.149990081787109 ], [ -2.865278005599976, 32.084709167480469 ], [ -2.938333034515381, 32.02886962890625 ], [ -2.972500085830688, 31.850830078125 ], [ -3.5188889503479, 31.672769546508789 ], [ -3.714721918106079, 31.716379165649414 ], [ -3.818610906600952, 31.695550918579102 ], [ -3.835278034210205, 31.650270462036133 ], [ -3.835556030273438, 31.466930389404297 ], [ -3.724721908569336, 31.394710540771484 ], [ -3.804167032241821, 31.339160919189453 ], [ -3.796389102935791, 31.221660614013672 ], [ -3.825556039810181, 31.182769775390625 ], [ -3.815556049346924, 31.152490615844727 ], [ -3.724443912506104, 31.188600540161133 ], [ -3.598054885864258, 31.086109161376953 ], [ -3.602221965789795, 30.99138069152832 ], [ -3.646667003631592, 30.961099624633789 ], [ -4.027223110198975, 30.906660079956055 ], [ -4.17388916015625, 30.766109466552734 ], [ -4.430277824401855, 30.637210845947266 ], [ -4.591945171356201, 30.626380920410156 ], [ -4.942499160766602, 30.492210388183594 ], [ -5.144999980926514, 30.186660766601562 ], [ -5.396111011505127, 29.974159240722656 ], [ -5.593889236450195, 29.896940231323242 ], [ -6.191388130187988, 29.809719085693359 ], [ -6.400278091430664, 29.804439544677734 ], [ -6.474443912506104, 29.833049774169922 ], [ -6.511110782623291, 29.633600234985352 ], [ -6.575555801391602, 29.571109771728516 ], [ -7.199720859527588, 29.594720840454102 ], [ -7.434165954589844, 29.397220611572266 ], [ -7.622776985168457, 29.391939163208008 ], [ -8.046667098999023, 29.093610763549805 ], [ -8.357776641845703, 28.919160842895508 ], [ -8.495553970336914, 28.790550231933594 ], [ -8.669294357299805, 28.70928955078125 ], [ -8.669294357299805, 27.668849945068359 ], [ -13.17693042755127, 27.665079116821289 ], [ -13.02361011505127, 27.774990081787109 ], [ -12.958330154418945, 27.928600311279297 ], [ -12.816670417785645, 27.971660614013672 ], [ -12.186670303344727, 28.063880920410156 ], [ -11.501110076904297, 28.311380386352539 ], [ -11.044170379638672, 28.760549545288086 ], [ -10.557499885559082, 28.998329162597656 ], [ -10.117219924926758, 29.466659545898438 ], [ -9.791389465332031, 29.870000839233398 ], [ -9.640277862548828, 30.168050765991211 ], [ -9.611946105957031, 30.412769317626953 ], [ -9.793611526489258, 30.612499237060547 ], [ -9.886112213134766, 30.627769470214844 ], [ -9.886112213134766, 30.677490234375 ], [ -9.837778091430664, 30.755550384521484 ], [ -9.828611373901367, 30.843879699707031 ], [ -9.804445266723633, 31.342769622802734 ], [ -9.845277786254883, 31.400270462036133 ], [ -9.732778549194336, 31.56498908996582 ], [ -9.679445266723633, 31.708610534667969 ], [ -9.351945877075195, 32.043880462646484 ], [ -9.26500129699707, 32.227489471435547 ], [ -9.273056030273438, 32.562210083007812 ], [ -8.861946105957031, 32.890541076660156 ], [ -8.519445419311523, 33.269989013671875 ], [ -8.475278854370117, 33.253318786621094 ], [ -8.396112442016602, 33.284709930419922 ], [ -8.305278778076172, 33.375541687011719 ], [ -7.525278091430664, 33.631378173828125 ], [ -7.439723014831543, 33.696098327636719 ], [ -7.11833381652832, 33.830539703369141 ], [ -6.926111221313477, 33.949428558349609 ], [ -6.67055606842041, 34.265270233154297 ], [ -6.37944507598877, 34.721370697021484 ], [ -6.139999866485596, 35.236930847167969 ], [ -5.926772117614746, 35.780239105224609 ], [ -5.573610782623291, 35.830268859863281 ], [ -5.452499866485596, 35.915271759033203 ], [ -5.393455982208252, 35.912410736083984 ], [ -5.342196941375732, 35.835521697998047 ], [ -5.339168071746826, 35.790538787841797 ], [ -5.25, 35.574710845947266 ], [ -4.809444904327393, 35.258041381835938 ], [ -4.409444808959961, 35.150539398193359 ], [ -3.918334007263184, 35.260540008544922 ], [ -3.903055906295776, 35.221660614013672 ], [ -3.827500104904175, 35.199161529541016 ], [ -3.763889074325562, 35.218318939208984 ], [ -3.740000009536743, 35.272491455078125 ], [ -3.667500019073486, 35.286098480224609 ], [ -3.577500104904175, 35.226650238037109 ], [ -3.326667070388794, 35.192760467529297 ], [ -3.059444904327393, 35.296379089355469 ], [ -2.984167098999023, 35.436378479003906 ], [ -2.952501058578491, 35.434989929199219 ], [ -2.901945114135742, 35.163051605224609 ], [ -2.84166693687439, 35.126930236816406 ], [ -2.747221946716309, 35.115550994873047 ], [ -2.890278100967407, 35.233600616455078 ], [ -2.628056049346924, 35.098320007324219 ], [ -2.517222881317139, 35.098320007324219 ], [ -2.419445037841797, 35.1533203125 ], [ -2.211518049240112, 35.099720001220703 ] ] ] } },
{ "type": "Feature", "properties": { }, "geometry": { "type": "Polygon", "coordinates": [ [ [ 34.626091003417969, -11.575830459594727 ], [ 35.419139862060547, -11.57211971282959 ], [ 35.476371765136719, -11.59805965423584 ], [ 35.643600463867188, -11.589449882507324 ], [ 35.816928863525391, -11.420829772949219 ], [ 35.933319091796875, -11.430839538574219 ], [ 36.086368560791016, -11.543060302734375 ], [ 36.163040161132812, -11.577779769897461 ], [ 36.185539245605469, -11.704170227050781 ], [ 36.537208557128906, -11.726949691772461 ], [ 36.672210693359375, -11.716110229492188 ], [ 36.824989318847656, -11.570560455322266 ], [ 37.025821685791016, -11.567230224609375 ], [ 37.108039855957031, -11.664449691772461 ], [ 37.286098480224609, -11.704170227050781 ], [ 37.347209930419922, -11.686670303344727 ], [ 37.440261840820312, -11.725560188293457 ], [ 37.79193115234375, -11.56110954284668 ], [ 37.824710845947266, -11.51471996307373 ], [ 37.86859130859375, -11.326669692993164 ], [ 38.102210998535156, -11.253339767456055 ], [ 38.493309020996094, -11.417099952697754 ], [ 38.672489166259766, -11.270839691162109 ], [ 38.852771759033203, -11.207220077514648 ], [ 38.897769927978516, -11.172220230102539 ], [ 39.256938934326172, -11.170829772949219 ], [ 39.628318786621094, -10.948060035705566 ], [ 39.766929626464844, -10.920559883117676 ], [ 40.165531158447266, -10.671389579772949 ], [ 40.273868560791016, -10.586669921875 ], [ 40.420539855957031, -10.505840301513672 ], [ 40.435550689697266, -10.480449676513672 ], [ 40.521099090576172, -10.484169960021973 ], [ 40.509429931640625, -10.574170112609863 ], [ 40.569438934326172, -10.597220420837402 ], [ 40.573318481445312, -10.649999618530273 ], [ 40.639430999755859, -10.671669960021973 ], [ 40.646381378173828, -10.698610305786133 ], [ 40.578601837158203, -10.688610076904297 ], [ 40.487209320068359, -10.768340110778809 ], [ 40.494709014892578, -10.796669960021973 ], [ 40.617488861083984, -10.835840225219727 ], [ 40.612491607666016, -10.857230186462402 ], [ 40.50360107421875, -10.941109657287598 ], [ 40.506378173828125, -11.039449691772461 ], [ 40.568878173828125, -11.02610969543457 ], [ 40.561649322509766, -11.066390037536621 ], [ 40.499439239501953, -11.144450187683105 ], [ 40.506099700927734, -11.203060150146484 ], [ 40.352489471435547, -11.326950073242188 ], [ 40.481098175048828, -11.416390419006348 ], [ 40.425270080566406, -11.565279960632324 ], [ 40.475551605224609, -11.820280075073242 ], [ 40.516101837158203, -11.843339920043945 ], [ 40.478599548339844, -11.906109809875488 ], [ 40.539150238037109, -11.994449615478516 ], [ 40.509429931640625, -12.239450454711914 ], [ 40.451099395751953, -12.254730224609375 ], [ 40.507770538330078, -12.296389579772949 ], [ 40.503879547119141, -12.378060340881348 ], [ 40.562480926513672, -12.399720191955566 ], [ 40.471370697021484, -12.508890151977539 ], [ 40.568050384521484, -12.543060302734375 ], [ 40.578319549560547, -12.71111011505127 ], [ 40.616378784179688, -12.713339805603027 ], [ 40.646099090576172, -12.773340225219727 ], [ 40.609439849853516, -12.801950454711914 ], [ 40.558879852294922, -12.784999847412109 ], [ 40.556381225585938, -12.854450225830078 ], [ 40.524990081787109, -12.91388988494873 ], [ 40.476650238037109, -12.884169578552246 ], [ 40.413051605224609, -12.939169883728027 ], [ 40.418319702148438, -12.980279922485352 ], [ 40.489711761474609, -13.027500152587891 ], [ 40.513320922851562, -13.001669883728027 ], [ 40.491649627685547, -12.949999809265137 ], [ 40.596931457519531, -12.985560417175293 ], [ 40.559158325195312, -13.090279579162598 ], [ 40.570270538330078, -13.345279693603516 ], [ 40.525539398193359, -13.515000343322754 ], [ 40.601940155029297, -13.581950187683105 ], [ 40.537490844726562, -13.645279884338379 ], [ 40.637210845947266, -13.951669692993164 ], [ 40.638320922851562, -14.079170227050781 ], [ 40.596660614013672, -14.087220191955566 ], [ 40.622760772705078, -14.12555980682373 ], [ 40.530540466308594, -14.171669960021973 ], [ 40.602771759033203, -14.267780303955078 ], [ 40.668880462646484, -14.190279960632324 ], [ 40.720268249511719, -14.198060035705566 ], [ 40.741100311279297, -14.283610343933105 ], [ 40.680538177490234, -14.367500305175781 ], [ 40.637489318847656, -14.339719772338867 ], [ 40.627769470214844, -14.569450378417969 ], [ 40.666099548339844, -14.537500381469727 ], [ 40.689990997314453, -14.435839653015137 ], [ 40.801101684570312, -14.404170036315918 ], [ 40.825550079345703, -14.431670188903809 ], [ 40.828041076660156, -14.499449729919434 ], [ 40.761661529541016, -14.526390075683594 ], [ 40.766380310058594, -14.55111026763916 ], [ 40.805271148681641, -14.519729614257812 ], [ 40.829990386962891, -14.530280113220215 ], [ 40.839160919189453, -14.803890228271484 ], [ 40.737770080566406, -14.879170417785645 ], [ 40.668880462646484, -14.907500267028809 ], [ 40.641651153564453, -14.866950035095215 ], [ 40.682209014892578, -14.931389808654785 ], [ 40.747211456298828, -14.928339958190918 ], [ 40.773601531982422, -14.99806022644043 ], [ 40.659988403320312, -14.98721981048584 ], [ 40.698879241943359, -15.085280418395996 ], [ 40.534709930419922, -15.123889923095703 ], [ 40.514430999755859, -15.187230110168457 ], [ 40.578041076660156, -15.202779769897461 ], [ 40.627208709716797, -15.154999732971191 ], [ 40.665821075439453, -15.186670303344727 ], [ 40.683879852294922, -15.260000228881836 ], [ 40.543319702148438, -15.534170150756836 ], [ 40.496658325195312, -15.529170036315918 ], [ 40.360271453857422, -15.723340034484863 ], [ 40.058319091796875, -16.001670837402344 ], [ 40.132209777832031, -16.002780914306641 ], [ 39.974990844726562, -16.237510681152344 ], [ 39.879161834716797, -16.241670608520508 ], [ 39.782211303710938, -16.311670303344727 ], [ 39.817489624023438, -16.41278076171875 ], [ 39.857208251953125, -16.430559158325195 ], [ 39.674430847167969, -16.555280685424805 ], [ 39.267490386962891, -16.779729843139648 ], [ 39.156379699707031, -16.880840301513672 ], [ 39.126659393310547, -16.869729995727539 ], [ 39.127490997314453, -16.933059692382812 ], [ 39.085819244384766, -16.991670608520508 ], [ 38.723049163818359, -17.065000534057617 ], [ 38.664440155029297, -17.029169082641602 ], [ 38.561100006103516, -17.119169235229492 ], [ 38.506378173828125, -17.109729766845703 ], [ 38.497489929199219, -17.144170761108398 ], [ 38.149429321289062, -17.284450531005859 ], [ 38.118881225585938, -17.178890228271484 ], [ 38.130821228027344, -17.253620147705078 ], [ 38.111370086669922, -17.311389923095703 ], [ 37.872211456298828, -17.37639045715332 ], [ 37.730819702148438, -17.473060607910156 ], [ 37.697490692138672, -17.459169387817383 ], [ 37.41693115234375, -17.632780075073242 ], [ 37.283599853515625, -17.690010070800781 ], [ 36.981098175048828, -18.012779235839844 ], [ 36.8760986328125, -17.877229690551758 ], [ 36.820270538330078, -17.904729843139648 ], [ 36.970268249511719, -18.062780380249023 ], [ 36.887489318847656, -18.194450378417969 ], [ 36.834991455078125, -18.178060531616211 ], [ 36.783599853515625, -18.226119995117188 ], [ 36.829708099365234, -18.211950302124023 ], [ 36.597209930419922, -18.467229843139648 ], [ 36.510540008544922, -18.528900146484375 ], [ 36.384990692138672, -18.695280075073242 ], [ 36.4033203125, -18.742229461669922 ], [ 36.398880004882812, -18.794170379638672 ], [ 36.280818939208984, -18.776390075683594 ], [ 36.229988098144531, -18.696390151977539 ], [ 36.251270294189453, -18.859989166259766 ], [ 36.131938934326172, -18.903060913085938 ], [ 36.115261077880859, -18.803060531616211 ], [ 36.007488250732422, -18.919729232788086 ], [ 35.724990844726562, -19.08473014831543 ], [ 35.480819702148438, -19.379730224609375 ], [ 35.254711151123047, -19.588340759277344 ], [ 34.882209777832031, -19.863620758056641 ], [ 34.843601226806641, -19.854450225830078 ], [ 34.811100006103516, -19.776119232177734 ], [ 34.704990386962891, -19.718059539794922 ], [ 34.623600006103516, -19.595010757446289 ], [ 34.556659698486328, -19.581670761108398 ], [ 34.531650543212891, -19.620559692382812 ], [ 34.612770080566406, -19.610000610351562 ], [ 34.774990081787109, -19.820009231567383 ], [ 34.771930694580078, -19.853620529174805 ], [ 34.707210540771484, -19.894170761108398 ], [ 34.776931762695312, -20.14862060546875 ], [ 34.754161834716797, -20.182510375976562 ], [ 34.662769317626953, -20.169450759887695 ], [ 34.741939544677734, -20.23583984375 ], [ 34.692489624023438, -20.382780075073242 ], [ 34.641101837158203, -20.381109237670898 ], [ 34.656940460205078, -20.428060531616211 ], [ 34.709991455078125, -20.44805908203125 ], [ 34.712490081787109, -20.494729995727539 ], [ 34.664150238037109, -20.540000915527344 ], [ 34.894428253173828, -20.665559768676758 ], [ 34.863040924072266, -20.711669921875 ], [ 34.949710845947266, -20.693609237670898 ], [ 34.993598937988281, -20.735000610351562 ], [ 35.040538787841797, -20.941389083862305 ], [ 35.113880157470703, -20.930559158325195 ], [ 35.121101379394531, -20.968620300292969 ], [ 35.061100006103516, -21.093339920043945 ], [ 35.016380310058594, -21.116949081420898 ], [ 35.091098785400391, -21.231399536132812 ], [ 35.045551300048828, -21.255559921264648 ], [ 35.084148406982422, -21.321670532226562 ], [ 35.130260467529297, -21.191120147705078 ], [ 35.111099243164062, -21.340560913085938 ], [ 35.137489318847656, -21.431669235229492 ], [ 35.237491607666016, -21.578060150146484 ], [ 35.338039398193359, -22.106950759887695 ], [ 35.301929473876953, -22.333339691162109 ], [ 35.312480926513672, -22.418060302734375 ], [ 35.401660919189453, -22.485279083251953 ], [ 35.389430999755859, -22.292509078979492 ], [ 35.447490692138672, -22.118339538574219 ], [ 35.491939544677734, -22.098339080810547 ], [ 35.527759552001953, -22.278060913085938 ], [ 35.485820770263672, -22.632230758666992 ], [ 35.535259246826172, -22.950279235839844 ], [ 35.593040466308594, -22.922229766845703 ], [ 35.411651611328125, -23.526950836181641 ], [ 35.408599853515625, -23.739170074462891 ], [ 35.384429931640625, -23.747779846191406 ], [ 35.381378173828125, -23.680280685424805 ], [ 35.3408203125, -23.684730529785156 ], [ 35.368598937988281, -23.713619232177734 ], [ 35.335819244384766, -23.951120376586914 ], [ 35.386379241943359, -23.841119766235352 ], [ 35.463600158691406, -23.890010833740234 ], [ 35.489158630371094, -23.784730911254883 ], [ 35.533870697021484, -23.825559616088867 ], [ 35.475551605224609, -24.133340835571289 ], [ 35.179439544677734, -24.533620834350586 ], [ 35.025829315185547, -24.645280838012695 ], [ 33.573600769042969, -25.182790756225586 ], [ 33.219711303710938, -25.292779922485352 ], [ 33.234710693359375, -25.331390380859375 ], [ 33.055538177490234, -25.42333984375 ], [ 32.808319091796875, -25.616390228271484 ], [ 32.734710693359375, -25.808340072631836 ], [ 32.704429626464844, -25.825839996337891 ], [ 32.689430236816406, -25.884729385375977 ], [ 32.582210540771484, -25.97528076171875 ], [ 32.523319244384766, -25.948339462280273 ], [ 32.478870391845703, -25.971389770507812 ], [ 32.550270080566406, -25.982780456542969 ], [ 32.770820617675781, -26.211950302124023 ], [ 32.808601379394531, -26.276950836181641 ], [ 32.878040313720703, -26.278339385986328 ], [ 32.868038177490234, -26.244449615478516 ], [ 32.905540466308594, -26.103889465332031 ], [ 32.953601837158203, -26.090000152587891 ], [ 32.893089294433594, -26.846439361572266 ], [ 32.333049774169922, -26.860279083251953 ], [ 32.134220123291016, -26.840570449829102 ], [ 32.129150390625, -26.505840301513672 ], [ 32.072208404541016, -26.393339157104492 ], [ 32.061100006103516, -26.261390686035156 ], [ 32.103038787841797, -26.162220001220703 ], [ 32.089981079101562, -26.009450912475586 ], [ 31.967739105224609, -25.958179473876953 ], [ 31.919439315795898, -25.814170837402344 ], [ 32.019981384277344, -25.650279998779297 ], [ 31.988319396972656, -25.518060684204102 ], [ 32.018589019775391, -25.034999847412109 ], [ 32.016101837158203, -24.459449768066406 ], [ 31.885829925537109, -24.171119689941406 ], [ 31.876380920410156, -23.927499771118164 ], [ 31.769710540771484, -23.856389999389648 ], [ 31.683599472045898, -23.613620758056641 ], [ 31.550830841064453, -23.476669311523438 ], [ 31.561660766601562, -23.186670303344727 ], [ 31.297630310058594, -22.416139602661133 ], [ 31.393329620361328, -22.354169845581055 ], [ 32.410259246826172, -21.311119079589844 ], [ 32.492168426513672, -21.346460342407227 ], [ 32.360271453857422, -21.135839462280273 ], [ 32.521369934082031, -20.914169311523438 ], [ 32.483600616455078, -20.661670684814453 ], [ 32.502208709716797, -20.598609924316406 ], [ 32.550819396972656, -20.555000305175781 ], [ 32.665821075439453, -20.557229995727539 ], [ 32.953041076660156, -20.03639030456543 ], [ 33.026649475097656, -20.031120300292969 ], [ 33.039150238037109, -19.81389045715332 ], [ 33.059429168701172, -19.780279159545898 ], [ 32.975811004638672, -19.736669540405273 ], [ 32.978588104248047, -19.664169311523438 ], [ 32.953601837158203, -19.648609161376953 ], [ 32.912761688232422, -19.692499160766602 ], [ 32.845539093017578, -19.684999465942383 ], [ 32.850540161132812, -19.493890762329102 ], [ 32.783039093017578, -19.467779159545898 ], [ 32.784709930419922, -19.366390228271484 ], [ 32.852210998535156, -19.286670684814453 ], [ 32.845260620117188, -19.037229537963867 ], [ 32.716091156005859, -19.021949768066406 ], [ 32.699150085449219, -18.944450378417969 ], [ 32.720260620117188, -18.882780075073242 ], [ 32.701099395751953, -18.836950302124023 ], [ 32.817211151123047, -18.779169082641602 ], [ 32.899990081787109, -18.791109085083008 ], [ 32.92803955078125, -18.767229080200195 ], [ 32.949710845947266, -18.690280914306641 ], [ 32.888320922851562, -18.530559539794922 ], [ 33.013599395751953, -18.466949462890625 ], [ 33.001438140869141, -18.405029296875 ], [ 33.073040008544922, -18.34889030456543 ], [ 32.966648101806641, -18.23583984375 ], [ 33.0010986328125, -18.183330535888672 ], [ 32.946090698242188, -17.975000381469727 ], [ 32.974700927734375, -17.923610687255859 ], [ 32.966091156005859, -17.842229843139648 ], [ 33.018589019775391, -17.723339080810547 ], [ 33.043319702148438, -17.613889694213867 ], [ 32.960269927978516, -17.520839691162109 ], [ 33.044921875, -17.346260070800781 ], [ 32.968318939208984, -17.147499084472656 ], [ 32.842479705810547, -16.931110382080078 ], [ 32.943870544433594, -16.832780838012695 ], [ 32.982200622558594, -16.708610534667969 ], [ 32.768501281738281, -16.717819213867188 ], [ 32.707759857177734, -16.684169769287109 ], [ 32.708320617675781, -16.607780456542969 ], [ 32.240261077880859, -16.43889045715332 ], [ 32.062759399414062, -16.449169158935547 ], [ 31.908050537109375, -16.418329238891602 ], [ 31.760549545288086, -16.239999771118164 ], [ 31.423879623413086, -16.161109924316406 ], [ 31.300830841064453, -16.028619766235352 ], [ 31.058050155639648, -16.023059844970703 ], [ 30.984710693359375, -16.059169769287109 ], [ 30.928600311279297, -16.002229690551758 ], [ 30.422769546508789, -16.009170532226562 ], [ 30.41387939453125, -15.633609771728516 ], [ 30.357770919799805, -15.554719924926758 ], [ 30.388050079345703, -15.478890419006348 ], [ 30.358049392700195, -15.330280303955078 ], [ 30.268329620361328, -15.250840187072754 ], [ 30.212770462036133, -14.981109619140625 ], [ 30.845550537109375, -14.763890266418457 ], [ 31.382209777832031, -14.645000457763672 ], [ 32.077770233154297, -14.388059616088867 ], [ 33.2218017578125, -14.011099815368652 ], [ 33.478870391845703, -14.41055965423584 ], [ 33.549430847167969, -14.442230224609375 ], [ 33.650539398193359, -14.589449882507324 ], [ 33.692760467529297, -14.598609924316406 ], [ 33.707759857177734, -14.50055980682373 ], [ 33.736370086669922, -14.487500190734863 ], [ 33.825550079345703, -14.533889770507812 ], [ 33.932209014892578, -14.475279808044434 ], [ 34.073879241943359, -14.493889808654785 ], [ 34.301090240478516, -14.403610229492188 ], [ 34.388881683349609, -14.397219657897949 ], [ 34.541099548339844, -14.615559577941895 ], [ 34.522480010986328, -14.688610076904297 ], [ 34.566928863525391, -14.787220001220703 ], [ 34.589710235595703, -15.282779693603516 ], [ 34.425258636474609, -15.496669769287109 ], [ 34.443309783935547, -15.547499656677246 ], [ 34.409980773925781, -15.675829887390137 ], [ 34.260269165039062, -15.807780265808105 ], [ 34.263599395751953, -15.916390419006348 ], [ 34.427761077880859, -16.063619613647461 ], [ 34.410541534423828, -16.204999923706055 ], [ 34.454151153564453, -16.284170150756836 ], [ 34.575550079345703, -16.323890686035156 ], [ 34.594429016113281, -16.404720306396484 ], [ 34.761928558349609, -16.537229537963867 ], [ 34.859710693359375, -16.677499771118164 ], [ 35.049430847167969, -16.823890686035156 ], [ 35.128318786621094, -16.816949844360352 ], [ 35.146381378173828, -16.841110229492188 ], [ 35.139148712158203, -16.951950073242188 ], [ 35.052478790283203, -17.027229309082031 ], [ 35.091648101806641, -17.129169464111328 ], [ 35.290599822998047, -17.135810852050781 ], [ 35.308040618896484, -17.061389923095703 ], [ 35.271099090576172, -16.950279235839844 ], [ 35.304149627685547, -16.846120834350586 ], [ 35.271369934082031, -16.697219848632812 ], [ 35.168590545654297, -16.621120452880859 ], [ 35.137210845947266, -16.550559997558594 ], [ 35.251659393310547, -16.458610534667969 ], [ 35.293319702148438, -16.224720001220703 ], [ 35.411651611328125, -16.12445068359375 ], [ 35.606090545654297, -16.137229919433594 ], [ 35.786930084228516, -16.0625 ], [ 35.867198944091797, -15.419449806213379 ], [ 35.800258636474609, -15.177780151367188 ], [ 35.924160003662109, -14.885560035705566 ], [ 35.881099700927734, -14.885000228881836 ], [ 35.877201080322266, -14.656109809875488 ], [ 35.095260620117188, -13.68610954284668 ], [ 34.86212158203125, -13.497420310974121 ], [ 34.658039093017578, -13.496390342712402 ], [ 34.569149017333984, -13.346949577331543 ], [ 34.529979705810547, -12.758890151977539 ], [ 34.444431304931641, -12.503339767456055 ], [ 34.373870849609375, -12.167220115661621 ], [ 34.614429473876953, -11.763890266418457 ], [ 34.626091003417969, -11.575830459594727 ] ] ] } },
{ "type": "Feature", "properties": { }, "geometry": { "type": "Polygon", "coordinates": [ [ [ 14.497770309448242, -23.318059921264648 ], [ 14.410550117492676, -22.967229843139648 ], [ 14.444439888000488, -22.879720687866211 ], [ 14.467499732971191, -22.97722053527832 ], [ 14.536109924316406, -22.877229690551758 ], [ 14.51138973236084, -22.552780151367188 ], [ 14.277770042419434, -22.110279083251953 ], [ 13.949159622192383, -21.781949996948242 ], [ 13.966110229492188, -21.719449996948242 ], [ 13.799440383911133, -21.416389465332031 ], [ 13.524999618530273, -21.023059844970703 ], [ 13.242219924926758, -20.402500152587891 ], [ 13.159720420837402, -20.154729843139648 ], [ 13.056940078735352, -20.075839996337891 ], [ 13.024999618530273, -19.980279922485352 ], [ 12.786109924316406, -19.558340072631836 ], [ 12.572500228881836, -19.119729995727539 ], [ 12.464159965515137, -19.004169464111328 ], [ 12.463330268859863, -18.932510375976562 ], [ 12.36028003692627, -18.791950225830078 ], [ 12.018329620361328, -18.460559844970703 ], [ 11.791939735412598, -18.047779083251953 ], [ 11.733329772949219, -17.767499923706055 ], [ 11.753749847412109, -17.25786018371582 ], [ 11.976940155029297, -17.163610458374023 ], [ 12.123049736022949, -17.148340225219727 ], [ 12.246939659118652, -17.226669311523438 ], [ 12.428330421447754, -17.205560684204102 ], [ 12.45166015625, -17.253620147705078 ], [ 12.508609771728516, -17.238889694213867 ], [ 12.93887996673584, -17.011390686035156 ], [ 13.374159812927246, -16.968889236450195 ], [ 13.496939659118652, -17.026950836181641 ], [ 13.544719696044922, -17.136669158935547 ], [ 13.980830192565918, -17.424999237060547 ], [ 14.187769889831543, -17.416389465332031 ], [ 14.209309577941895, -17.38677978515625 ], [ 18.407339096069336, -17.38677978515625 ], [ 18.483329772949219, -17.440280914306641 ], [ 18.719709396362305, -17.706949234008789 ], [ 18.916660308837891, -17.815010070800781 ], [ 19.459709167480469, -17.861669540405273 ], [ 19.662490844726562, -17.837230682373047 ], [ 19.755550384521484, -17.897499084472656 ], [ 19.91526985168457, -17.857509613037109 ], [ 20.099720001220703, -17.895559310913086 ], [ 20.393600463867188, -17.887500762939453 ], [ 20.784860610961914, -18.011730194091797 ], [ 20.971660614013672, -17.962499618530273 ], [ 21.242769241333008, -17.938339233398438 ], [ 21.382640838623047, -18.011730194091797 ], [ 21.423599243164062, -18.006669998168945 ], [ 24.23567008972168, -17.481880187988281 ], [ 24.763879776000977, -17.509729385375977 ], [ 25.032770156860352, -17.582500457763672 ], [ 25.118320465087891, -17.694730758666992 ], [ 25.265750885009766, -17.797660827636719 ], [ 24.823329925537109, -17.840560913085938 ], [ 24.601940155029297, -18.020559310913086 ], [ 24.496099472045898, -18.059450149536133 ], [ 24.464160919189453, -18.008060455322266 ], [ 24.381940841674805, -17.946670532226562 ], [ 23.988880157470703, -18.164449691772461 ], [ 23.823329925537109, -18.322509765625 ], [ 23.615549087524414, -18.485279083251953 ], [ 23.570829391479492, -18.467220306396484 ], [ 23.548879623413086, -18.317230224609375 ], [ 23.461940765380859, -18.226390838623047 ], [ 23.291450500488281, -17.998149871826172 ], [ 21.462490081787109, -18.304449081420898 ], [ 20.995439529418945, -18.317409515380859 ], [ 20.991939544677734, -21.996950149536133 ], [ 19.995819091796875, -22.001399993896484 ], [ 19.997249603271484, -28.426359176635742 ], [ 19.569440841674805, -28.526390075683594 ], [ 19.466379165649414, -28.69972038269043 ], [ 19.274160385131836, -28.731950759887695 ], [ 19.239160537719727, -28.79888916015625 ], [ 19.294990539550781, -28.893610000610352 ], [ 19.129440307617188, -28.960830688476562 ], [ 19.009439468383789, -28.932220458984375 ], [ 18.957769393920898, -28.868059158325195 ], [ 18.639989852905273, -28.846950531005859 ], [ 18.183599472045898, -28.908889770507812 ], [ 17.708599090576172, -28.751670837402344 ], [ 17.655550003051758, -28.775840759277344 ], [ 17.604440689086914, -28.756950378417969 ], [ 17.595270156860352, -28.693340301513672 ], [ 17.409439086914062, -28.716390609741211 ], [ 17.359989166259766, -28.516399383544922 ], [ 17.321939468383789, -28.467779159545898 ], [ 17.388050079345703, -28.423049926757812 ], [ 17.399160385131836, -28.347780227661133 ], [ 17.348880767822266, -28.236669540405273 ], [ 17.221660614013672, -28.244720458984375 ], [ 17.184160232543945, -28.202499389648438 ], [ 17.194160461425781, -28.121389389038086 ], [ 17.094989776611328, -28.03639030456543 ], [ 16.917490005493164, -28.06389045715332 ], [ 16.881660461425781, -28.139720916748047 ], [ 16.882770538330078, -28.176950454711914 ], [ 16.83860969543457, -28.168609619140625 ], [ 16.851659774780273, -28.21221923828125 ], [ 16.807220458984375, -28.218330383300781 ], [ 16.824440002441406, -28.261119842529297 ], [ 16.773609161376953, -28.259450912475586 ], [ 16.778879165649414, -28.324729919433594 ], [ 16.803329467773438, -28.364450454711914 ], [ 16.72776985168457, -28.496110916137695 ], [ 16.678049087524414, -28.460559844970703 ], [ 16.483020782470703, -28.580339431762695 ], [ 16.449169158935547, -28.617780685424805 ], [ 15.730270385742188, -28.002500534057617 ], [ 15.670000076293945, -27.871400833129883 ], [ 15.534159660339355, -27.736110687255859 ], [ 15.52361011505127, -27.688619613647461 ], [ 15.292220115661621, -27.317499160766602 ], [ 15.214159965515137, -26.930280685424805 ], [ 15.180270195007324, -26.924169540405273 ], [ 15.079719543457031, -26.650009155273438 ], [ 15.134719848632812, -26.628889083862305 ], [ 15.141940116882324, -26.677780151367188 ], [ 15.171110153198242, -26.596389770507812 ], [ 15.08804988861084, -26.401390075683594 ], [ 14.968330383300781, -26.339729309082031 ], [ 14.938610076904297, -26.139450073242188 ], [ 14.978050231933594, -26.126670837402344 ], [ 14.979999542236328, -26.057500839233398 ], [ 14.834170341491699, -25.738899230957031 ], [ 14.881389617919922, -25.54888916015625 ], [ 14.812780380249023, -25.360000610351562 ], [ 14.854999542236328, -25.050559997558594 ], [ 14.790550231933594, -24.932229995727539 ], [ 14.796939849853516, -24.848339080810547 ], [ 14.726659774780273, -24.70973014831543 ], [ 14.599160194396973, -24.565559387207031 ], [ 14.615830421447754, -24.466949462890625 ], [ 14.480279922485352, -24.17333984375 ], [ 14.500829696655273, -23.642780303955078 ], [ 14.434439659118652, -23.417779922485352 ], [ 14.449159622192383, -23.382780075073242 ], [ 14.48861026763916, -23.379730224609375 ], [ 14.497770309448242, -23.318059921264648 ] ] ] } },
{ "type": "Feature", "properties": { }, "geometry": { "type": "Polygon", "coordinates": [ [ [ 11.9864501953125, 23.522319793701172 ], [ 13.417220115661621, 23.214710235595703 ], [ 13.595549583435059, 23.139429092407227 ], [ 14.234999656677246, 22.614160537719727 ], [ 15.000630378723145, 23.000370025634766 ], [ 15.194720268249512, 21.998880386352539 ], [ 15.202500343322754, 21.495819091796875 ], [ 15.284440040588379, 21.445270538330078 ], [ 15.627220153808594, 20.955270767211914 ], [ 15.584440231323242, 20.929990768432617 ], [ 15.558329582214355, 20.884439468383789 ], [ 15.568610191345215, 20.779720306396484 ], [ 15.996660232543945, 20.353050231933594 ], [ 15.753890037536621, 19.932489395141602 ], [ 15.592490196228027, 18.604440689086914 ], [ 15.48861026763916, 16.900270462036133 ], [ 14.368889808654785, 15.733880043029785 ], [ 13.859160423278809, 15.037779808044434 ], [ 13.767219543457031, 14.848050117492676 ], [ 13.794159889221191, 14.732769966125488 ], [ 13.660829544067383, 14.645830154418945 ], [ 13.684160232543945, 14.572500228881836 ], [ 13.665280342102051, 14.541939735412598 ], [ 13.475549697875977, 14.468330383300781 ], [ 13.462220191955566, 14.42805004119873 ], [ 13.625240325927734, 13.718210220336914 ], [ 13.347780227661133, 13.720000267028809 ], [ 13.25139045715332, 13.588879585266113 ], [ 12.968609809875488, 13.51278018951416 ], [ 12.862500190734863, 13.45028018951416 ], [ 12.670550346374512, 13.278059959411621 ], [ 12.629159927368164, 13.30055046081543 ], [ 12.478050231933594, 13.056659698486328 ], [ 12.244999885559082, 13.110269546508789 ], [ 12.146929740905762, 13.101189613342285 ], [ 11.867219924926758, 13.249719619750977 ], [ 11.446379661560059, 13.37639045715332 ], [ 11.038330078125, 13.360269546508789 ], [ 10.841110229492188, 13.386110305786133 ], [ 10.148329734802246, 13.259719848632812 ], [ 9.929995536804199, 13.133049964904785 ], [ 9.635274887084961, 12.802769660949707 ], [ 8.984996795654297, 12.846659660339355 ], [ 8.663608551025391, 12.943329811096191 ], [ 8.554441452026367, 13.066670417785645 ], [ 8.497495651245117, 13.085829734802246 ], [ 8.433027267456055, 13.064780235290527 ], [ 8.122217178344727, 13.303609848022461 ], [ 7.814998149871826, 13.352780342102051 ], [ 7.379720211029053, 13.099720001220703 ], [ 7.218886852264404, 13.125550270080566 ], [ 7.090555191040039, 12.995269775390625 ], [ 6.933331966400146, 12.997220039367676 ], [ 6.806387901306152, 13.108050346374512 ], [ 6.679165840148926, 13.343890190124512 ], [ 6.423055171966553, 13.605270385742188 ], [ 6.284998893737793, 13.683890342712402 ], [ 6.238052845001221, 13.683329582214355 ], [ 6.160831928253174, 13.643050193786621 ], [ 5.547472953796387, 13.893130302429199 ], [ 5.364998817443848, 13.847499847412109 ], [ 5.28610897064209, 13.752220153808594 ], [ 4.923610210418701, 13.736379623413086 ], [ 4.885554790496826, 13.781390190124512 ], [ 4.469998836517334, 13.68694019317627 ], [ 4.247776985168457, 13.481380462646484 ], [ 4.142498970031738, 13.476940155029297 ], [ 4.10499906539917, 12.996379852294922 ], [ 3.952776908874512, 12.748880386352539 ], [ 3.657777070999146, 12.52888011932373 ], [ 3.671665906906128, 11.975549697875977 ], [ 3.616944074630737, 11.919719696044922 ], [ 3.688333034515381, 11.749719619750977 ], [ 3.605494976043701, 11.691690444946289 ], [ 3.4688880443573, 11.855830192565918 ], [ 3.312222003936768, 11.890000343322754 ], [ 3.253889083862305, 12.017219543457031 ], [ 2.84349799156189, 12.393320083618164 ], [ 2.771111011505127, 12.377490043640137 ], [ 2.68638801574707, 12.290280342102051 ], [ 2.645277976989746, 12.304719924926758 ], [ 2.378055095672607, 12.240269660949707 ], [ 2.383610963821411, 12.166390419006348 ], [ 2.470555067062378, 11.97776985168457 ], [ 2.390276908874512, 11.933329582214355 ], [ 2.409998893737793, 11.904439926147461 ], [ 2.401562929153442, 11.889880180358887 ], [ 2.058332920074463, 12.357219696044922 ], [ 2.077776908874512, 12.386110305786133 ], [ 2.265000104904175, 12.425000190734863 ], [ 2.200831890106201, 12.630829811096191 ], [ 2.096110105514526, 12.725549697875977 ], [ 1.98888897895813, 12.731109619140625 ], [ 1.871665954589844, 12.608880043029785 ], [ 1.578333020210266, 12.630000114440918 ], [ 1.11722195148468, 13.011110305786133 ], [ 0.989166498184204, 13.047220230102539 ], [ 0.991666376590729, 13.371660232543945 ], [ 1.126667022705078, 13.328610420227051 ], [ 1.217499971389771, 13.36361026763916 ], [ 1.072221994400024, 13.446379661560059 ], [ 0.990277528762817, 13.570269584655762 ], [ 0.774444282054901, 13.644169807434082 ], [ 0.772777676582336, 13.688329696655273 ], [ 0.62499988079071, 13.684720039367676 ], [ 0.384999990463257, 14.049169540405273 ], [ 0.405277699232101, 14.254159927368164 ], [ 0.18944439291954, 14.464719772338867 ], [ 0.166666701436043, 14.523050308227539 ], [ 0.241388902068138, 14.752220153808594 ], [ 0.193333297967911, 14.835829734802246 ], [ 0.237222194671631, 14.887499809265137 ], [ 0.226393893361092, 15.000760078430176 ], [ 0.396666586399078, 14.960550308227539 ], [ 0.512222170829773, 15.000829696655273 ], [ 0.694999873638153, 14.942219734191895 ], [ 0.742499828338623, 14.967490196228027 ], [ 0.974721908569336, 14.978610038757324 ], [ 1.3125, 15.286660194396973 ], [ 3.021944046020508, 15.37637996673584 ], [ 3.032499074935913, 15.433050155639648 ], [ 3.524817943572998, 15.359350204467773 ], [ 3.537776947021484, 15.492489814758301 ], [ 3.722498893737793, 15.649999618530273 ], [ 3.844166040420532, 15.672769546508789 ], [ 3.890276908874512, 15.718050003051758 ], [ 3.924443960189819, 15.904159545898438 ], [ 4.000832080841064, 15.989720344543457 ], [ 3.980833053588867, 16.070270538330078 ], [ 4.074442863464355, 16.303329467773438 ], [ 4.200831890106201, 16.393880844116211 ], [ 4.214166164398193, 16.993600845336914 ], [ 4.252500057220459, 16.994430541992188 ], [ 4.245090961456299, 19.146190643310547 ], [ 5.812499046325684, 19.446100234985352 ], [ 7.454489231109619, 20.852130889892578 ], [ 10.360830307006836, 22.588600158691406 ], [ 11.9864501953125, 23.522319793701172 ] ] ] } },
{ "type": "Feature", "properties": { }, "geometry": { "type": "Polygon", "coordinates": [ [ [ 13.347780227661133, 13.720000267028809 ], [ 13.625240325927734, 13.718210220336914 ], [ 14.074990272521973, 13.081589698791504 ], [ 14.188050270080566, 12.443889617919922 ], [ 14.173890113830566, 12.384160041809082 ], [ 14.490830421447754, 12.335829734802246 ], [ 14.552769660949707, 12.232219696044922 ], [ 14.657219886779785, 12.187219619750977 ], [ 14.674160003662109, 12.150830268859863 ], [ 14.619159698486328, 12.035550117492676 ], [ 14.649439811706543, 11.914999961853027 ], [ 14.558329582214355, 11.715270042419434 ], [ 14.641110420227051, 11.646940231323242 ], [ 14.646389961242676, 11.575830459594727 ], [ 14.617770195007324, 11.505550384521484 ], [ 14.195830345153809, 11.250829696655273 ], [ 14.158049583435059, 11.233610153198242 ], [ 14.009160041809082, 11.283329963684082 ], [ 13.886659622192383, 11.170550346374512 ], [ 13.637499809265137, 10.755829811096191 ], [ 13.578330039978027, 10.682499885559082 ], [ 13.458609580993652, 10.238880157470703 ], [ 13.470549583435059, 10.191659927368164 ], [ 13.398050308227539, 10.111109733581543 ], [ 13.266389846801758, 10.08611011505127 ], [ 13.243889808654785, 10.031660079956055 ], [ 13.265549659729004, 9.984994888305664 ], [ 13.228329658508301, 9.909719467163086 ], [ 13.25139045715332, 9.67694091796875 ], [ 13.221110343933105, 9.555274963378906 ], [ 13.156390190124512, 9.515830993652344 ], [ 13.052780151367188, 9.508331298828125 ], [ 12.848930358886719, 9.360078811645508 ], [ 12.913610458374023, 9.343606948852539 ], [ 12.908889770507812, 9.235273361206055 ], [ 12.84138011932373, 9.085552215576172 ], [ 12.824159622192383, 8.847496032714844 ], [ 12.794159889221191, 8.765830993652344 ], [ 12.728329658508301, 8.759441375732422 ], [ 12.6875, 8.660829544067383 ], [ 12.568889617919922, 8.600551605224609 ], [ 12.492489814758301, 8.628883361816406 ], [ 12.38638973236084, 8.61305046081543 ], [ 12.421660423278809, 8.518608093261719 ], [ 12.353329658508301, 8.430274963378906 ], [ 12.275270462036133, 8.428329467773438 ], [ 12.247220039367676, 8.393886566162109 ], [ 12.222769737243652, 7.974720001220703 ], [ 12.043609619140625, 7.739719867706299 ], [ 12.043609619140625, 7.577775955200195 ], [ 11.859999656677246, 7.402221202850342 ], [ 11.749719619750977, 7.270554065704346 ], [ 11.894160270690918, 7.123054027557373 ], [ 11.886659622192383, 7.078053951263428 ], [ 11.791390419006348, 7.050830841064453 ], [ 11.587499618530273, 6.892220020294189 ], [ 11.554719924926758, 6.821109771728516 ], [ 11.587770462036133, 6.785274982452393 ], [ 11.5625, 6.667498111724854 ], [ 11.51471996307373, 6.604165077209473 ], [ 11.444999694824219, 6.596942901611328 ], [ 11.388890266418457, 6.460277080535889 ], [ 11.154720306396484, 6.43333101272583 ], [ 11.116939544677734, 6.444163799285889 ], [ 11.073329925537109, 6.591108798980713 ], [ 11.082220077514648, 6.697775840759277 ], [ 11.019160270690918, 6.778608798980713 ], [ 10.943329811096191, 6.778054237365723 ], [ 10.882769584655762, 6.827775955200195 ], [ 10.854160308837891, 6.94694185256958 ], [ 10.619999885559082, 7.053608894348145 ], [ 10.596110343933105, 7.134164810180664 ], [ 10.513330459594727, 6.878054141998291 ], [ 10.256389617919922, 6.875831127166748 ], [ 10.204999923706055, 6.900554180145264 ], [ 10.167220115661621, 7.0191650390625 ], [ 9.874717712402344, 6.77583122253418 ], [ 9.795551300048828, 6.801663875579834 ], [ 9.711387634277344, 6.522776126861572 ], [ 9.612218856811523, 6.521665096282959 ], [ 9.576662063598633, 6.44694185256958 ], [ 9.468606948852539, 6.40444278717041 ], [ 9.434995651245117, 6.327775955200195 ], [ 9.363330841064453, 6.325830936431885 ], [ 9.29499626159668, 6.207776069641113 ], [ 9.003330230712891, 5.944719791412354 ], [ 9.006385803222656, 5.909997940063477 ], [ 8.879997253417969, 5.854720115661621 ], [ 8.860666275024414, 5.819820880889893 ], [ 8.888884544372559, 5.78610897064209 ], [ 8.833608627319336, 5.713610172271729 ], [ 8.920276641845703, 5.607498168945312 ], [ 8.824007034301758, 5.188001155853271 ], [ 8.621940612792969, 4.894721031188965 ], [ 8.636110305786133, 4.826942920684814 ], [ 8.536108016967773, 4.775554180145264 ], [ 8.539443969726562, 4.710832118988037 ], [ 8.50999641418457, 4.699442863464355 ], [ 8.401666641235352, 4.750277042388916 ], [ 8.398887634277344, 4.798886775970459 ], [ 8.36444091796875, 4.793610095977783 ], [ 8.199165344238281, 4.969720840454102 ], [ 8.35749626159668, 4.625277042388916 ], [ 8.311386108398438, 4.585554122924805 ], [ 7.763387203216553, 4.517614841461182 ], [ 7.746665000915527, 4.49694299697876 ], [ 7.558887004852295, 4.529720783233643 ], [ 7.557498931884766, 4.580276012420654 ], [ 7.517498970031738, 4.679720878601074 ], [ 7.52944278717041, 4.596108913421631 ], [ 7.493053913116455, 4.564443111419678 ], [ 7.27444314956665, 4.594442844390869 ], [ 7.327497959136963, 4.507499217987061 ], [ 7.278848171234131, 4.51172399520874 ], [ 7.174166202545166, 4.667776107788086 ], [ 7.134998798370361, 4.663609981536865 ], [ 7.178886890411377, 4.528332233428955 ], [ 7.167777061462402, 4.473053932189941 ], [ 7.044443130493164, 4.436387062072754 ], [ 7.018332004547119, 4.503054141998291 ], [ 7.0274977684021, 4.634720802307129 ], [ 6.996387004852295, 4.70999813079834 ], [ 6.971943855285645, 4.604721069335938 ], [ 7.024721145629883, 4.384164810180664 ], [ 6.998610019683838, 4.369719982147217 ], [ 6.865553855895996, 4.399999141693115 ], [ 6.81916618347168, 4.571109771728516 ], [ 6.854166030883789, 4.603054046630859 ], [ 6.744998931884766, 4.833055019378662 ], [ 6.721943855285645, 4.806942939758301 ], [ 6.751388072967529, 4.764720916748047 ], [ 6.799164772033691, 4.525832176208496 ], [ 6.87083101272583, 4.352777004241943 ], [ 6.780553817749023, 4.337499141693115 ], [ 6.714444160461426, 4.354165077209473 ], [ 6.743332862854004, 4.569999217987061 ], [ 6.727221012115479, 4.60499906539917 ], [ 6.693333148956299, 4.498887062072754 ], [ 6.694165229797363, 4.329998970031738 ], [ 6.612778186798096, 4.32638692855835 ], [ 6.589166164398193, 4.4649977684021 ], [ 6.574442863464355, 4.326664924621582 ], [ 6.252777099609375, 4.294721126556396 ], [ 6.24555492401123, 4.316943168640137 ], [ 6.30499792098999, 4.408608913421631 ], [ 6.299722194671631, 4.441666126251221 ], [ 6.262499809265137, 4.39083194732666 ], [ 6.237222194671631, 4.493608951568604 ], [ 6.221388816833496, 4.281942844390869 ], [ 6.086111068725586, 4.282497882843018 ], [ 6.086666107177734, 4.398888111114502 ], [ 6.057776927947998, 4.2880539894104 ], [ 5.99555492401123, 4.314443111419678 ], [ 5.985000133514404, 4.415832042694092 ], [ 5.963611125946045, 4.336388111114502 ], [ 5.931108951568604, 4.340554237365723 ], [ 5.614720821380615, 4.619998931884766 ], [ 5.451943874359131, 4.923054218292236 ], [ 5.391109943389893, 5.134164810180664 ], [ 5.433053970336914, 5.134442806243896 ], [ 5.46416711807251, 5.097775936126709 ], [ 5.44083309173584, 5.158053874969482 ], [ 5.36527681350708, 5.16749906539917 ], [ 5.347776889801025, 5.355832099914551 ], [ 5.578608989715576, 5.380832195281982 ], [ 5.537498950958252, 5.425553798675537 ], [ 5.556363105773926, 5.462944030761719 ], [ 5.634442806243896, 5.529998779296875 ], [ 5.432220935821533, 5.391108989715576 ], [ 5.253887176513672, 5.439165115356445 ], [ 5.188332080841064, 5.545554161071777 ], [ 5.216664791107178, 5.579164981842041 ], [ 5.399166107177734, 5.564165115356445 ], [ 5.430554866790771, 5.622776031494141 ], [ 5.464722156524658, 5.621387004852295 ], [ 5.497221946716309, 5.57638692855835 ], [ 5.501110076904297, 5.620553970336914 ], [ 5.439444065093994, 5.653332233428955 ], [ 5.37083101272583, 5.593331813812256 ], [ 5.315000057220459, 5.618053913116455 ], [ 5.333888053894043, 5.720553874969482 ], [ 5.288609981536865, 5.612497806549072 ], [ 5.175278186798096, 5.575553894042969 ], [ 5.086389064788818, 5.697220802307129 ], [ 5.089999198913574, 5.770276069641113 ], [ 5.117392063140869, 5.795973777770996 ], [ 5.152778148651123, 5.775276184082031 ], [ 5.157221794128418, 5.816110134124756 ], [ 5.254444122314453, 5.856387138366699 ], [ 5.268054962158203, 5.90444278717041 ], [ 5.050278186798096, 5.754721164703369 ], [ 4.883887767791748, 6.004998207092285 ], [ 4.628888130187988, 6.216664791107178 ], [ 4.396667003631592, 6.363887786865234 ], [ 4.039721012115479, 6.413609981536865 ], [ 3.426110982894897, 6.411942958831787 ], [ 3.395277976989746, 6.450553894042969 ], [ 3.666944026947021, 6.518610000610352 ], [ 3.770555019378662, 6.589721202850342 ], [ 3.838888883590698, 6.59194278717041 ], [ 3.849721908569336, 6.607221126556396 ], [ 3.761666059494019, 6.611664772033691 ], [ 3.630000114440918, 6.548054218292236 ], [ 3.475831985473633, 6.536109924316406 ], [ 3.467499971389771, 6.594720840454102 ], [ 3.385555028915405, 6.474997997283936 ], [ 3.387777090072632, 6.413331985473633 ], [ 2.718696117401123, 6.364455223083496 ], [ 2.741666078567505, 6.62194299697876 ], [ 2.798887968063354, 6.68860912322998 ], [ 2.725276947021484, 6.954442977905273 ], [ 2.798332929611206, 7.039998054504395 ], [ 2.747776985168457, 7.099164962768555 ], [ 2.778610944747925, 7.134442806243896 ], [ 2.757499933242798, 7.419442176818848 ], [ 2.80722188949585, 7.417220115661621 ], [ 2.733333110809326, 7.639720916748047 ], [ 2.74222207069397, 7.808609008789062 ], [ 2.68212890625, 7.893651008605957 ], [ 2.725831985473633, 8.083051681518555 ], [ 2.788332939147949, 9.054162979125977 ], [ 2.987499952316284, 9.061107635498047 ], [ 3.094999074935913, 9.090551376342773 ], [ 3.170278072357178, 9.274440765380859 ], [ 3.141665935516357, 9.441106796264648 ], [ 3.263333082199097, 9.635829925537109 ], [ 3.317222118377686, 9.6361083984375 ], [ 3.363332986831665, 9.681940078735352 ], [ 3.331110954284668, 9.755830764770508 ], [ 3.346666097640991, 9.809162139892578 ], [ 3.525276899337769, 9.844161987304688 ], [ 3.60944390296936, 9.948051452636719 ], [ 3.684443950653076, 10.15110969543457 ], [ 3.581943988800049, 10.275270462036133 ], [ 3.637222051620483, 10.411660194396973 ], [ 3.688888072967529, 10.44972038269043 ], [ 3.789443969726562, 10.402770042419434 ], [ 3.855000019073486, 10.585000038146973 ], [ 3.846666097640991, 10.703049659729004 ], [ 3.753889083862305, 10.794440269470215 ], [ 3.739166021347046, 11.116660118103027 ], [ 3.694165945053101, 11.135000228881836 ], [ 3.474998950958252, 11.429719924926758 ], [ 3.605494976043701, 11.691690444946289 ], [ 3.688333034515381, 11.749719619750977 ], [ 3.616944074630737, 11.919719696044922 ], [ 3.671665906906128, 11.975549697875977 ], [ 3.657777070999146, 12.52888011932373 ], [ 3.952776908874512, 12.748880386352539 ], [ 4.10499906539917, 12.996379852294922 ], [ 4.142498970031738, 13.476940155029297 ], [ 4.247776985168457, 13.481380462646484 ], [ 4.469998836517334, 13.68694019317627 ], [ 4.885554790496826, 13.781390190124512 ], [ 4.923610210418701, 13.736379623413086 ], [ 5.28610897064209, 13.752220153808594 ], [ 5.364998817443848, 13.847499847412109 ], [ 5.547472953796387, 13.893130302429199 ], [ 6.160831928253174, 13.643050193786621 ], [ 6.238052845001221, 13.683329582214355 ], [ 6.284998893737793, 13.683890342712402 ], [ 6.423055171966553, 13.605270385742188 ], [ 6.679165840148926, 13.343890190124512 ], [ 6.806387901306152, 13.108050346374512 ], [ 6.933331966400146, 12.997220039367676 ], [ 7.090555191040039, 12.995269775390625 ], [ 7.218886852264404, 13.125550270080566 ], [ 7.379720211029053, 13.099720001220703 ], [ 7.814998149871826, 13.352780342102051 ], [ 8.122217178344727, 13.303609848022461 ], [ 8.433027267456055, 13.064780235290527 ], [ 8.497495651245117, 13.085829734802246 ], [ 8.554441452026367, 13.066670417785645 ], [ 8.663608551025391, 12.943329811096191 ], [ 8.984996795654297, 12.846659660339355 ], [ 9.635274887084961, 12.802769660949707 ], [ 9.929995536804199, 13.133049964904785 ], [ 10.148329734802246, 13.259719848632812 ], [ 10.841110229492188, 13.386110305786133 ], [ 11.038330078125, 13.360269546508789 ], [ 11.446379661560059, 13.37639045715332 ], [ 11.867219924926758, 13.249719619750977 ], [ 12.146929740905762, 13.101189613342285 ], [ 12.244999885559082, 13.110269546508789 ], [ 12.478050231933594, 13.056659698486328 ], [ 12.629159927368164, 13.30055046081543 ], [ 12.670550346374512, 13.278059959411621 ], [ 12.862500190734863, 13.45028018951416 ], [ 12.968609809875488, 13.51278018951416 ], [ 13.25139045715332, 13.588879585266113 ], [ 13.347780227661133, 13.720000267028809 ] ] ] } },
{ "type": "Feature", "properties": { }, "geometry": { "type": "Polygon", "coordinates": [ [ [ 30.482309341430664, -1.061622023582458 ], [ 30.522769927978516, -1.227499961853027 ], [ 30.631660461425781, -1.373056054115295 ], [ 30.739160537719727, -1.436944961547852 ], [ 30.840269088745117, -1.670555949211121 ], [ 30.808330535888672, -1.929445028305054 ], [ 30.876380920410156, -2.046945095062256 ], [ 30.829160690307617, -2.357779026031494 ], [ 30.782020568847656, -2.380749940872192 ], [ 30.573749542236328, -2.399400949478149 ], [ 30.381099700927734, -2.299444913864136 ], [ 30.356149673461914, -2.335676908493042 ], [ 30.224990844726562, -2.338612079620361 ], [ 30.153600692749023, -2.430556058883667 ], [ 30.093610763549805, -2.380556106567383 ], [ 29.946939468383789, -2.321111917495728 ], [ 29.954710006713867, -2.474999904632568 ], [ 29.899440765380859, -2.70555591583252 ], [ 29.821939468383789, -2.772778034210205 ], [ 29.571250915527344, -2.800400018692017 ], [ 29.527490615844727, -2.826667070388794 ], [ 29.443880081176758, -2.795834064483643 ], [ 29.379440307617188, -2.826111078262329 ], [ 29.349720001220703, -2.808056116104126 ], [ 29.328880310058594, -2.653611898422241 ], [ 29.14055061340332, -2.58916711807251 ], [ 29.058879852294922, -2.604722023010254 ], [ 29.024150848388672, -2.744446992874146 ], [ 28.88916015625, -2.653888940811157 ], [ 28.85331916809082, -2.513611078262329 ], [ 28.883880615234375, -2.478610992431641 ], [ 28.863609313964844, -2.410278081893921 ], [ 28.88916015625, -2.367223024368286 ], [ 28.957769393920898, -2.362222909927368 ], [ 28.993320465087891, -2.285556077957153 ], [ 29.091939926147461, -2.273056030273438 ], [ 29.123600006103516, -2.229166984558105 ], [ 29.170549392700195, -2.086389064788818 ], [ 29.123880386352539, -1.904445052146912 ], [ 29.14109992980957, -1.819722056388855 ], [ 29.361099243164062, -1.510277986526489 ], [ 29.597469329833984, -1.385249018669128 ], [ 29.829160690307617, -1.319167017936707 ], [ 29.883329391479492, -1.367777943611145 ], [ 29.901939392089844, -1.455832958221436 ], [ 29.974990844726562, -1.464444041252136 ], [ 30.170549392700195, -1.339722037315369 ], [ 30.184719085693359, -1.274999976158142 ], [ 30.279720306396484, -1.214444994926453 ], [ 30.356100082397461, -1.065000057220459 ], [ 30.482309341430664, -1.061622023582458 ] ] ] } },
{ "type": "Feature", "properties": { }, "geometry": { "type": "MultiPolygon", "coordinates": [ [ [ [ 6.529444217681885, 0.019999999552965 ], [ 6.464999198913574, 0.221944406628609 ], [ 6.490553855895996, 0.304999887943268 ], [ 6.617776870727539, 0.40361100435257 ], [ 6.683053970336914, 0.404166609048843 ], [ 6.764442920684814, 0.295277714729309 ], [ 6.709167003631592, 0.18361109495163 ], [ 6.600832939147949, 0.069999977946281 ], [ 6.529444217681885, 0.019999999552965 ] ] ], [ [ [ 7.399199962615967, 1.53059995174408 ], [ 7.353099822998047, 1.563599944114685 ], [ 7.338099956512451, 1.556699991226196 ], [ 7.327199935913086, 1.607200026512146 ], [ 7.362199783325195, 1.61080002784729 ], [ 7.373099803924561, 1.6875 ], [ 7.392199993133545, 1.684700012207031 ], [ 7.406700134277344, 1.701900005340576 ], [ 7.461400032043457, 1.682800054550171 ], [ 7.427800178527832, 1.650599956512451 ], [ 7.462800025939941, 1.634699940681458 ], [ 7.427199840545654, 1.61080002784729 ], [ 7.429200172424316, 1.556699991226196 ], [ 7.403900146484375, 1.553300023078918 ], [ 7.399199962615967, 1.53059995174408 ] ] ] ] } },
{ "type": "Feature", "properties": { }, "geometry": { "type": "Polygon", "coordinates": [ [ [ -16.52726936340332, 16.077959060668945 ], [ -16.506950378417969, 16.094160079956055 ], [ -16.492219924926758, 16.052219390869141 ], [ -16.468889236450195, 16.180549621582031 ], [ -16.388050079345703, 16.219989776611328 ], [ -16.299999237060547, 16.503599166870117 ], [ -16.146110534667969, 16.55194091796875 ], [ -15.985830307006836, 16.489990234375 ], [ -15.550000190734863, 16.512489318847656 ], [ -15.468890190124512, 16.579719543457031 ], [ -15.239170074462891, 16.558879852294922 ], [ -15.108059883117676, 16.586109161376953 ], [ -15.087499618530273, 16.61444091796875 ], [ -15.116939544677734, 16.648330688476562 ], [ -15.097780227661133, 16.671110153198242 ], [ -15.048609733581543, 16.630270004272461 ], [ -14.981109619140625, 16.693050384521484 ], [ -14.86028003692627, 16.638320922851562 ], [ -14.337220191955566, 16.632490158081055 ], [ -14.335559844970703, 16.576940536499023 ], [ -14.225000381469727, 16.547769546508789 ], [ -13.966939926147461, 16.278049468994141 ], [ -13.973609924316406, 16.237209320068359 ], [ -13.875280380249023, 16.198049545288086 ], [ -13.851659774780273, 16.118320465087891 ], [ -13.71111011505127, 16.184989929199219 ], [ -13.677220344543457, 16.098880767822266 ], [ -13.495280265808105, 16.14971923828125 ], [ -13.460559844970703, 16.094989776611328 ], [ -13.395549774169922, 16.055269241333008 ], [ -13.242779731750488, 15.638609886169434 ], [ -13.092499732971191, 15.583330154418945 ], [ -13.100279808044434, 15.508890151977539 ], [ -13.060279846191406, 15.479160308837891 ], [ -12.964719772338867, 15.506110191345215 ], [ -12.932499885559082, 15.368049621582031 ], [ -12.845829963684082, 15.308050155639648 ], [ -12.843890190124512, 15.270279884338379 ], [ -12.893610000610352, 15.261659622192383 ], [ -12.849720001220703, 15.208049774169922 ], [ -12.788330078125, 15.208609580993652 ], [ -12.778530120849609, 15.146780014038086 ], [ -12.478890419006348, 15.008890151977539 ], [ -12.430830001831055, 14.88778018951416 ], [ -12.245750427246094, 14.772170066833496 ], [ -12.147780418395996, 14.639439582824707 ], [ -12.178609848022461, 14.607500076293945 ], [ -12.202500343322754, 14.400830268859863 ], [ -12.09889030456543, 14.366660118103027 ], [ -12.098329544067383, 14.304439544677734 ], [ -12.031109809875488, 14.27888011932373 ], [ -11.980830192565918, 14.167220115661621 ], [ -12.015000343322754, 14.012499809265137 ], [ -11.942500114440918, 13.904439926147461 ], [ -11.952779769897461, 13.808329582214355 ], [ -12.082590103149414, 13.708279609680176 ], [ -11.868060111999512, 13.457500457763672 ], [ -11.885279655456543, 13.375 ], [ -11.798330307006836, 13.312780380249023 ], [ -11.719719886779785, 13.412779808044434 ], [ -11.597780227661133, 13.364720344543457 ], [ -11.527779579162598, 13.13778018951416 ], [ -11.434720039367676, 13.076109886169434 ], [ -11.420000076293945, 12.959440231323242 ], [ -11.378060340881348, 12.98805046081543 ], [ -11.368060111999512, 12.928890228271484 ], [ -11.412220001220703, 12.916110038757324 ], [ -11.383330345153809, 12.726659774780273 ], [ -11.428609848022461, 12.713890075683594 ], [ -11.422499656677246, 12.62360954284668 ], [ -11.451939582824707, 12.55055046081543 ], [ -11.358329772949219, 12.467490196228027 ], [ -11.373330116271973, 12.404640197753906 ], [ -11.486390113830566, 12.436659812927246 ], [ -11.841670036315918, 12.38638973236084 ], [ -11.908329963684082, 12.428890228271484 ], [ -11.968890190124512, 12.391389846801758 ], [ -12.09889030456543, 12.410280227661133 ], [ -12.345279693603516, 12.301389694213867 ], [ -12.436389923095703, 12.382769584655762 ], [ -12.496939659118652, 12.396670341491699 ], [ -12.572779655456543, 12.359160423278809 ], [ -12.633330345153809, 12.4375 ], [ -12.841389656066895, 12.479999542236328 ], [ -12.891670227050781, 12.543049812316895 ], [ -12.931670188903809, 12.541110038757324 ], [ -12.955280303955078, 12.47638988494873 ], [ -13.037779808044434, 12.473050117492676 ], [ -13.068889617919922, 12.524999618530273 ], [ -13.041669845581055, 12.590000152587891 ], [ -13.061389923095703, 12.63971996307373 ], [ -13.928330421447754, 12.67665958404541 ], [ -15.218330383300781, 12.684720039367676 ], [ -15.407219886779785, 12.556940078735352 ], [ -15.68556022644043, 12.430000305175781 ], [ -16.209159851074219, 12.460829734802246 ], [ -16.463890075683594, 12.361109733581543 ], [ -16.720560073852539, 12.323049545288086 ], [ -16.78972053527832, 12.415829658508301 ], [ -16.799449920654297, 12.489170074462891 ], [ -16.766670227050781, 12.532770156860352 ], [ -16.580829620361328, 12.632499694824219 ], [ -16.528339385986328, 12.585829734802246 ], [ -16.495279312133789, 12.595549583435059 ], [ -16.374170303344727, 12.544440269470215 ], [ -16.014999389648438, 12.630829811096191 ], [ -15.817779541015625, 12.55111026763916 ], [ -15.767219543457031, 12.589170455932617 ], [ -15.627220153808594, 12.531109809875488 ], [ -15.508060455322266, 12.634719848632812 ], [ -15.526949882507324, 12.662220001220703 ], [ -15.528059959411621, 12.783610343933105 ], [ -15.395000457763672, 12.796660423278809 ], [ -15.390000343322754, 12.831939697265625 ], [ -15.456669807434082, 12.828610420227051 ], [ -15.555560111999512, 12.768610000610352 ], [ -15.556110382080078, 12.627779960632324 ], [ -15.656390190124512, 12.556110382080078 ], [ -15.67471981048584, 12.608329772949219 ], [ -15.918330192565918, 12.598609924316406 ], [ -16.02471923828125, 12.727780342102051 ], [ -16.079719543457031, 12.631660461425781 ], [ -16.419719696044922, 12.575550079345703 ], [ -16.468889236450195, 12.619440078735352 ], [ -16.513059616088867, 12.62444019317627 ], [ -16.570840835571289, 12.68805980682373 ], [ -16.626110076904297, 12.655830383300781 ], [ -16.639169692993164, 12.699999809265137 ], [ -16.593330383300781, 12.744999885559082 ], [ -16.598060607910156, 12.791660308837891 ], [ -16.650279998779297, 12.718890190124512 ], [ -16.645280838012695, 12.634160041809082 ], [ -16.722780227661133, 12.578889846801758 ], [ -16.774440765380859, 12.574440002441406 ], [ -16.793609619140625, 12.712220191955566 ], [ -16.757230758666992, 12.933890342712402 ], [ -16.774820327758789, 13.037090301513672 ], [ -16.700550079345703, 13.16139030456543 ], [ -15.809439659118652, 13.159999847412109 ], [ -15.808890342712402, 13.34889030456543 ], [ -15.567500114440918, 13.361109733581543 ], [ -15.505279541015625, 13.398329734802246 ], [ -15.359999656677246, 13.367219924926758 ], [ -15.25944995880127, 13.385560035705566 ], [ -15.212779998779297, 13.429719924926758 ], [ -15.19694995880127, 13.534999847412109 ], [ -15.111390113830566, 13.595829963684082 ], [ -14.954440116882324, 13.472499847412109 ], [ -14.850560188293457, 13.453880310058594 ], [ -14.728059768676758, 13.368889808654785 ], [ -14.647780418395996, 13.344440460205078 ], [ -14.573610305786133, 13.36305046081543 ], [ -14.378330230712891, 13.244999885559082 ], [ -14.297499656677246, 13.241109848022461 ], [ -13.849720001220703, 13.333609580993652 ], [ -13.798609733581543, 13.400270462036133 ], [ -13.808329582214355, 13.453049659729004 ], [ -13.914170265197754, 13.566670417785645 ], [ -13.98777961730957, 13.582500457763672 ], [ -14.337779998779297, 13.453880310058594 ], [ -14.435279846191406, 13.509719848632812 ], [ -14.51194953918457, 13.634440422058105 ], [ -14.599169731140137, 13.670269966125488 ], [ -14.649169921875, 13.662220001220703 ], [ -14.718890190124512, 13.611940383911133 ], [ -14.791950225830078, 13.653329849243164 ], [ -14.816390037536621, 13.741109848022461 ], [ -14.863889694213867, 13.784159660339355 ], [ -15.070549964904785, 13.826379776000977 ], [ -15.251669883728027, 13.744720458984375 ], [ -15.314999580383301, 13.795280456542969 ], [ -15.364720344543457, 13.781390190124512 ], [ -15.458609580993652, 13.704440116882324 ], [ -15.488889694213867, 13.58944034576416 ], [ -16.569269180297852, 13.590049743652344 ], [ -16.573329925537109, 13.646109580993652 ], [ -16.509450912475586, 13.682780265808105 ], [ -16.526390075683594, 13.715829849243164 ], [ -16.609729766845703, 13.647780418395996 ], [ -16.645559310913086, 13.701939582824707 ], [ -16.627220153808594, 13.775279998779297 ], [ -16.566949844360352, 13.833889961242676 ], [ -16.491390228271484, 13.793889999389648 ], [ -16.503059387207031, 13.93556022644043 ], [ -16.546110153198242, 13.864439964294434 ], [ -16.708059310913086, 13.770000457763672 ], [ -16.736949920654297, 13.822500228881836 ], [ -16.740280151367188, 13.965270042419434 ], [ -16.696670532226562, 13.992770195007324 ], [ -16.573610305786133, 13.986669540405273 ], [ -16.584999084472656, 14.042770385742188 ], [ -16.420560836791992, 14.15110969543457 ], [ -16.468889236450195, 14.18943977355957 ], [ -16.463890075683594, 14.145549774169922 ], [ -16.511669158935547, 14.153610229492188 ], [ -16.631389617919922, 14.004719734191895 ], [ -16.721109390258789, 14.017219543457031 ], [ -16.654449462890625, 14.093330383300781 ], [ -16.72389030456543, 14.064720153808594 ], [ -16.776670455932617, 13.835829734802246 ], [ -16.781389236450195, 14.028050422668457 ], [ -16.878059387207031, 14.178890228271484 ], [ -16.94805908203125, 14.375550270080566 ], [ -17.065280914306641, 14.454999923706055 ], [ -17.175830841064453, 14.654439926147461 ], [ -17.33527946472168, 14.731659889221191 ], [ -17.428340911865234, 14.728329658508301 ], [ -17.423059463500977, 14.69888973236084 ], [ -17.456390380859375, 14.66139030456543 ], [ -17.520000457763672, 14.760270118713379 ], [ -17.146110534667969, 14.918049812316895 ], [ -16.981109619140625, 15.097499847412109 ], [ -16.53639030456543, 15.781390190124512 ], [ -16.52726936340332, 16.077959060668945 ] ] ] } },
{ "type": "Feature", "properties": { }, "geometry": { "type": "MultiPolygon", "coordinates": [ [ [ [ -12.559720039367676, 7.386387825012207 ], [ -12.574999809265137, 7.446942806243896 ], [ -12.908329963684082, 7.574442863464355 ], [ -12.885279655456543, 7.61416482925415 ], [ -12.597499847412109, 7.634997844696045 ], [ -12.496950149536133, 7.573608875274658 ], [ -12.521389961242676, 7.401387214660645 ], [ -12.559720039367676, 7.386387825012207 ] ] ], [ [ [ -12.900910377502441, 9.270465850830078 ], [ -12.844169616699219, 9.282218933105469 ], [ -12.704719543457031, 9.399164199829102 ], [ -12.583609580993652, 9.66221809387207 ], [ -12.519450187683105, 9.71082878112793 ], [ -12.503330230712891, 9.862216949462891 ], [ -12.235560417175293, 9.938884735107422 ], [ -12.131939888000488, 9.874996185302734 ], [ -11.893329620361328, 9.931385040283203 ], [ -11.895000457763672, 9.99610710144043 ], [ -11.214719772338867, 9.997495651245117 ], [ -10.936389923095703, 9.658330917358398 ], [ -10.828610420227051, 9.433330535888672 ], [ -10.748330116271973, 9.387775421142578 ], [ -10.656669616699219, 9.29499626159668 ], [ -10.726940155029297, 9.181108474731445 ], [ -10.733889579772949, 9.079996109008789 ], [ -10.571249961853027, 9.057003021240234 ], [ -10.595279693603516, 8.889440536499023 ], [ -10.530280113220215, 8.751386642456055 ], [ -10.467220306396484, 8.684162139892578 ], [ -10.500280380249023, 8.624996185302734 ], [ -10.589719772338867, 8.571662902832031 ], [ -10.70127010345459, 8.275754928588867 ], [ -10.652219772338867, 8.338050842285156 ], [ -10.549440383911133, 8.310274124145508 ], [ -10.485830307006836, 8.354995727539062 ], [ -10.386110305786133, 8.4949951171875 ], [ -10.266519546508789, 8.488700866699219 ], [ -10.294449806213379, 8.365829467773438 ], [ -10.297220230102539, 8.198329925537109 ], [ -10.355549812316895, 8.146385192871094 ], [ -10.49806022644043, 8.136384963989258 ], [ -10.603329658508301, 8.030551910400391 ], [ -10.60044002532959, 7.773163795471191 ], [ -10.684720039367676, 7.744441986083984 ], [ -10.904170036315918, 7.509164810180664 ], [ -11.09889030456543, 7.387219905853271 ], [ -11.277500152587891, 7.224442005157471 ], [ -11.355830192565918, 7.146943092346191 ], [ -11.337779998779297, 7.092775821685791 ], [ -11.498700141906738, 6.913197994232178 ], [ -11.755000114440918, 7.099442958831787 ], [ -12.49806022644043, 7.397221088409424 ], [ -12.43889045715332, 7.415554046630859 ], [ -12.365839958190918, 7.389720916748047 ], [ -12.494449615478516, 7.452220916748047 ], [ -12.428339958190918, 7.530275821685791 ], [ -12.296110153198242, 7.528054237365723 ], [ -12.18556022644043, 7.598609924316406 ], [ -12.295280456542969, 7.56805419921875 ], [ -12.46360969543457, 7.556108951568604 ], [ -12.505000114440918, 7.633609771728516 ], [ -12.542220115661621, 7.657220840454102 ], [ -12.461939811706543, 7.769999027252197 ], [ -12.541390419006348, 7.708610057830811 ], [ -12.606389999389648, 7.682775974273682 ], [ -12.861949920654297, 7.811943054199219 ], [ -12.958060264587402, 7.908331871032715 ], [ -12.881939888000488, 7.937498092651367 ], [ -12.822500228881836, 7.918055057525635 ], [ -12.908060073852539, 8.033330917358398 ], [ -12.878060340881348, 8.101663589477539 ], [ -12.982780456542969, 8.188886642456055 ], [ -12.976949691772461, 8.252220153808594 ], [ -13.159999847412109, 8.168052673339844 ], [ -13.162220001220703, 8.244718551635742 ], [ -13.224720001220703, 8.342220306396484 ], [ -13.285280227661133, 8.498886108398438 ], [ -13.198060035705566, 8.493608474731445 ], [ -13.068889617919922, 8.37138557434082 ], [ -13.035280227661133, 8.379997253417969 ], [ -13.125829696655273, 8.453330993652344 ], [ -13.01471996307373, 8.556386947631836 ], [ -12.950830459594727, 8.551107406616211 ], [ -12.871390342712402, 8.567218780517578 ], [ -12.946669578552246, 8.591663360595703 ], [ -13.087779998779297, 8.593330383300781 ], [ -13.028889656066895, 8.648052215576172 ], [ -13.162220001220703, 8.655275344848633 ], [ -13.101949691772461, 8.579719543457031 ], [ -13.145279884338379, 8.514442443847656 ], [ -13.165559768676758, 8.518608093261719 ], [ -13.240839958190918, 8.665275573730469 ], [ -13.236949920654297, 8.824163436889648 ], [ -13.198610305786133, 8.860275268554688 ], [ -13.172220230102539, 8.839996337890625 ], [ -13.069169998168945, 8.856386184692383 ], [ -13.162220001220703, 8.89055347442627 ], [ -13.084170341491699, 8.941108703613281 ], [ -13.194169998168945, 8.914163589477539 ], [ -13.251110076904297, 8.954719543457031 ], [ -13.298430442810059, 9.0384521484375 ], [ -13.1875, 9.086940765380859 ], [ -13.095829963684082, 9.045829772949219 ], [ -13.007499694824219, 9.103607177734375 ], [ -12.930560111999512, 9.288885116577148 ], [ -12.900910377502441, 9.270465850830078 ] ] ] ] } },
{ "type": "Feature", "properties": { }, "geometry": { "type": "MultiPolygon", "coordinates": [ [ [ [ 53.759159088134766, 12.308329582214355 ], [ 53.576381683349609, 12.344719886779785 ], [ 53.308879852294922, 12.534440040588379 ], [ 53.389991760253906, 12.56110954284668 ], [ 53.404991149902344, 12.658049583435059 ], [ 53.54193115234375, 12.712779998779297 ], [ 53.648040771484375, 12.705829620361328 ], [ 53.774711608886719, 12.616390228271484 ], [ 53.834430694580078, 12.606940269470215 ], [ 53.971099853515625, 12.656940460205078 ], [ 54.191661834716797, 12.679719924926758 ], [ 54.220829010009766, 12.65054988861084 ], [ 54.533599853515625, 12.565830230712891 ], [ 54.039440155029297, 12.350560188293457 ], [ 53.759159088134766, 12.308329582214355 ] ] ], [ [ [ 42.943279266357422, 11.003910064697266 ], [ 43.248619079589844, 11.47284984588623 ], [ 43.287490844726562, 11.46304988861084 ], [ 43.293598175048828, 11.49055004119873 ], [ 43.336101531982422, 11.423890113830566 ], [ 43.492488861083984, 11.365830421447754 ], [ 43.498878479003906, 11.215559959411621 ], [ 43.684158325195312, 10.954170227050781 ], [ 44.2783203125, 10.447770118713379 ], [ 44.384708404541016, 10.41193962097168 ], [ 44.959709167480469, 10.42665958404541 ], [ 45.794708251953125, 10.87693977355957 ], [ 45.986660003662109, 10.791390419006348 ], [ 46.250270843505859, 10.786109924316406 ], [ 46.347488403320312, 10.696940422058105 ], [ 46.448040008544922, 10.68889045715332 ], [ 46.655540466308594, 10.748330116271973 ], [ 47.398880004882812, 11.180000305175781 ], [ 47.519989013671875, 11.183050155639648 ], [ 47.691661834716797, 11.099160194396973 ], [ 48.162490844726562, 11.145549774169922 ], [ 48.347488403320312, 11.276390075683594 ], [ 48.654430389404297, 11.329170227050781 ], [ 48.92401123046875, 11.245550155639648 ], [ 49.429149627685547, 11.341939926147461 ], [ 49.543880462646484, 11.433329582214355 ], [ 50.065540313720703, 11.508049964904785 ], [ 50.273880004882812, 11.588890075683594 ], [ 50.498878479003906, 11.75 ], [ 50.570541381835938, 11.910829544067383 ], [ 50.772209167480469, 11.99055004119873 ], [ 51.278881072998047, 11.831669807434082 ], [ 51.076381683349609, 11.328049659729004 ], [ 51.079429626464844, 11.184720039367676 ], [ 51.170269012451172, 11.140830039978027 ], [ 51.114158630371094, 10.967780113220215 ], [ 51.159160614013672, 10.583609580993652 ], [ 51.009708404541016, 10.432769775390625 ], [ 51.027210235595703, 10.413049697875977 ], [ 51.226650238037109, 10.447770118713379 ], [ 51.174430847167969, 10.56194019317627 ], [ 51.260818481445312, 10.500269889831543 ], [ 51.374149322509766, 10.48861026763916 ], [ 51.412899017333984, 10.449370384216309 ], [ 51.365821838378906, 10.372220039367676 ], [ 51.245819091796875, 10.424440383911133 ], [ 51.087211608886719, 10.41193962097168 ], [ 50.954429626464844, 10.358329772949219 ], [ 50.893318176269531, 10.309160232543945 ], [ 50.901660919189453, 10.18943977355957 ], [ 50.824428558349609, 9.67027473449707 ], [ 50.8408203125, 9.443052291870117 ], [ 50.766101837158203, 9.313053131103516 ], [ 50.695819854736328, 9.276107788085938 ], [ 50.644161224365234, 9.193885803222656 ], [ 50.643600463867188, 9.083053588867188 ], [ 50.476100921630859, 8.938886642456055 ], [ 50.321929931640625, 8.618886947631836 ], [ 50.325550079345703, 8.54638671875 ], [ 50.101650238037109, 8.175554275512695 ], [ 49.831928253173828, 7.950275897979736 ], [ 49.806381225585938, 7.882775783538818 ], [ 49.819149017333984, 7.759997844696045 ], [ 49.5877685546875, 7.312777042388916 ], [ 49.291099548339844, 6.883887767791748 ], [ 49.073879241943359, 6.410553932189941 ], [ 49.059711456298828, 6.19305419921875 ], [ 48.899990081787109, 5.90555477142334 ], [ 48.642208099365234, 5.477499008178711 ], [ 48.343040466308594, 5.101387023925781 ], [ 48.085819244384766, 4.676943778991699 ], [ 47.802490234375, 4.299164772033691 ], [ 47.428321838378906, 3.860554933547974 ], [ 47.093040466308594, 3.522777080535889 ], [ 46.776100158691406, 3.168888092041016 ], [ 46.430271148681641, 2.848054885864258 ], [ 46.103321075439453, 2.509721040725708 ], [ 45.846931457519531, 2.320832967758179 ], [ 45.004161834716797, 1.860833048820496 ], [ 44.608879089355469, 1.595554947853088 ], [ 44.242210388183594, 1.299999952316284 ], [ 43.538051605224609, 0.689444303512573 ], [ 42.451648712158203, -0.463055700063705 ], [ 42.150829315185547, -0.820000112056732 ], [ 42.086380004882812, -0.831666707992554 ], [ 41.871929168701172, -1.218055963516235 ], [ 41.832210540771484, -1.168889045715332 ], [ 41.823879241943359, -1.279167056083679 ], [ 41.557720184326172, -1.674360990524292 ], [ 41.555259704589844, -1.592221975326538 ], [ 41.029708862304688, -0.906388998031616 ], [ 40.988590240478516, 0.0 ], [ 40.986309051513672, 2.832590103149414 ], [ 41.336929321289062, 3.16749906539917 ], [ 41.930538177490234, 4.009722232818604 ], [ 41.955818176269531, 4.085276126861572 ], [ 42.075820922851562, 4.175277233123779 ], [ 42.195819854736328, 4.208887100219727 ], [ 42.514148712158203, 4.233609199523926 ], [ 42.831661224365234, 4.295276165008545 ], [ 42.914150238037109, 4.356109142303467 ], [ 42.971370697021484, 4.508609771728516 ], [ 43.163871765136719, 4.67083215713501 ], [ 43.623600006103516, 4.869163990020752 ], [ 43.981929779052734, 4.963054180145264 ], [ 44.950820922851562, 4.9024977684021 ], [ 46.418590545654297, 6.473330974578857 ], [ 47.989429473876953, 8.0030517578125 ], [ 47.011928558349609, 8.001110076904297 ], [ 44.010540008544922, 9.007219314575195 ], [ 43.627201080322266, 9.354440689086914 ], [ 43.583049774169922, 9.33610725402832 ], [ 43.430820465087891, 9.426107406616211 ], [ 43.341091156005859, 9.608051300048828 ], [ 43.278041839599609, 9.641386032104492 ], [ 43.216091156005859, 9.881383895874023 ], [ 43.091648101806641, 9.918329238891602 ], [ 42.816928863525391, 10.31387996673584 ], [ 42.786098480224609, 10.455550193786621 ], [ 42.712200164794922, 10.531940460205078 ], [ 42.665531158447266, 10.621379852294922 ], [ 42.943279266357422, 11.003910064697266 ] ] ] ] } },
{ "type": "Feature", "properties": { }, "geometry": { "type": "Polygon", "coordinates": [ [ [ 29.370529174804688, -22.191379547119141 ], [ 29.450820922851562, -22.163339614868164 ], [ 29.767490386962891, -22.136110305786133 ], [ 30.133050918579102, -22.300559997558594 ], [ 30.231100082397461, -22.292230606079102 ], [ 30.294990539550781, -22.343339920043945 ], [ 30.866939544677734, -22.296119689941406 ], [ 31.155830383300781, -22.321670532226562 ], [ 31.297630310058594, -22.416139602661133 ], [ 31.561660766601562, -23.186670303344727 ], [ 31.550830841064453, -23.476669311523438 ], [ 31.683599472045898, -23.613620758056641 ], [ 31.769710540771484, -23.856389999389648 ], [ 31.876380920410156, -23.927499771118164 ], [ 31.885829925537109, -24.171119689941406 ], [ 32.016101837158203, -24.459449768066406 ], [ 32.018589019775391, -25.034999847412109 ], [ 31.988319396972656, -25.518060684204102 ], [ 32.019981384277344, -25.650279998779297 ], [ 31.919439315795898, -25.814170837402344 ], [ 31.967739105224609, -25.958179473876953 ], [ 31.878049850463867, -25.995559692382812 ], [ 31.421659469604492, -25.728340148925781 ], [ 31.320550918579102, -25.755279541015625 ], [ 31.128330230712891, -25.913890838623047 ], [ 31.063880920410156, -26.091390609741211 ], [ 30.802219390869141, -26.46221923828125 ], [ 30.803600311279297, -26.702499389648438 ], [ 30.818880081176758, -26.81056022644043 ], [ 30.899440765380859, -26.771949768066406 ], [ 30.983049392700195, -27.029449462890625 ], [ 31.161659240722656, -27.20305061340332 ], [ 31.517490386962891, -27.313060760498047 ], [ 31.983600616455078, -27.316669464111328 ], [ 31.958599090576172, -27.11277961730957 ], [ 32.006938934326172, -26.808620452880859 ], [ 32.134220123291016, -26.840570449829102 ], [ 32.333049774169922, -26.860279083251953 ], [ 32.893089294433594, -26.846439361572266 ], [ 32.826381683349609, -27.143339157104492 ], [ 32.643318176269531, -27.63555908203125 ], [ 32.545269012451172, -28.184169769287109 ], [ 32.460540771484375, -28.313060760498047 ], [ 32.371658325195312, -28.556119918823242 ], [ 32.086650848388672, -28.79833984375 ], [ 31.992490768432617, -28.794170379638672 ], [ 31.995830535888672, -28.820280075073242 ], [ 32.068878173828125, -28.817779541015625 ], [ 31.996660232543945, -28.878339767456055 ], [ 31.842489242553711, -28.940559387207031 ], [ 31.767490386962891, -28.927780151367188 ], [ 31.245830535888672, -29.491670608520508 ], [ 31.042770385742188, -29.830280303955078 ], [ 31.055549621582031, -29.868900299072266 ], [ 31.012489318847656, -29.868059158325195 ], [ 31.002769470214844, -29.903619766235352 ], [ 31.066259384155273, -29.882099151611328 ], [ 30.861110687255859, -30.089729309082031 ], [ 30.60276985168457, -30.530279159545898 ], [ 30.307500839233398, -30.943059921264648 ], [ 29.979160308837891, -31.318609237670898 ], [ 29.765829086303711, -31.444450378417969 ], [ 29.624719619750977, -31.584169387817383 ], [ 29.402490615844727, -31.688619613647461 ], [ 29.397220611572266, -31.731950759887695 ], [ 29.05388069152832, -32.101398468017578 ], [ 28.537769317626953, -32.574180603027344 ], [ 28.121660232543945, -32.817508697509766 ], [ 28.091659545898438, -32.886680603027344 ], [ 27.910549163818359, -33.015560150146484 ], [ 26.996379852294922, -33.569179534912109 ], [ 26.448049545288086, -33.774448394775391 ], [ 25.956100463867188, -33.711948394775391 ], [ 25.719989776611328, -33.770000457763672 ], [ 25.628599166870117, -33.851398468017578 ], [ 25.617490768432617, -33.942218780517578 ], [ 25.705400466918945, -34.026588439941406 ], [ 25.620000839233398, -34.04779052734375 ], [ 25.236660003662109, -33.973621368408203 ], [ 25.060550689697266, -33.962509155273438 ], [ 24.920270919799805, -34.002788543701172 ], [ 24.836940765380859, -34.154460906982422 ], [ 24.833049774169922, -34.205829620361328 ], [ 24.553600311279297, -34.172779083251953 ], [ 23.92555046081543, -34.029170989990234 ], [ 23.539159774780273, -33.991950988769531 ], [ 23.372770309448242, -34.044460296630859 ], [ 23.365829467773438, -34.092781066894531 ], [ 23.406110763549805, -34.11138916015625 ], [ 23.060829162597656, -34.082511901855469 ], [ 23.03887939453125, -34.042228698730469 ], [ 23.041660308837891, -34.090000152587891 ], [ 22.812770843505859, -34.048061370849609 ], [ 22.783330917358398, -34.011119842529297 ], [ 22.806659698486328, -33.99639892578125 ], [ 22.728609085083008, -33.982791900634766 ], [ 22.769990921020508, -34.035560607910156 ], [ 22.565830230712891, -33.995830535888672 ], [ 22.471099853515625, -34.056949615478516 ], [ 22.295270919799805, -34.053901672363281 ], [ 22.138879776000977, -34.100559234619141 ], [ 22.111660003662109, -34.160839080810547 ], [ 22.149160385131836, -34.177509307861328 ], [ 21.945550918579102, -34.228351593017578 ], [ 21.892490386962891, -34.341960906982422 ], [ 21.722219467163086, -34.397510528564453 ], [ 21.528329849243164, -34.352508544921875 ], [ 21.287220001220703, -34.433338165283203 ], [ 21.062770843505859, -34.3638916015625 ], [ 20.889440536499023, -34.370288848876953 ], [ 20.850269317626953, -34.412509918212891 ], [ 20.864719390869141, -34.454181671142578 ], [ 20.83888053894043, -34.465290069580078 ], [ 20.662220001220703, -34.440841674804688 ], [ 20.460269927978516, -34.482219696044922 ], [ 20.387489318847656, -34.559459686279297 ], [ 20.054990768432617, -34.752498626708984 ], [ 20.052219390869141, -34.807788848876953 ], [ 19.965000152587891, -34.814998626708984 ], [ 19.857780456542969, -34.752498626708984 ], [ 19.761379241943359, -34.759731292724609 ], [ 19.322219848632812, -34.593341827392578 ], [ 19.357500076293945, -34.500278472900391 ], [ 19.281940460205078, -34.40972900390625 ], [ 19.191379547119141, -34.42388916015625 ], [ 19.083330154418945, -34.36083984375 ], [ 19.123880386352539, -34.343059539794922 ], [ 19.131660461425781, -34.297500610351562 ], [ 19.083330154418945, -34.346389770507812 ], [ 18.843879699707031, -34.385570526123047 ], [ 18.80388069152832, -34.355571746826172 ], [ 18.845270156860352, -34.244998931884766 ], [ 18.815269470214844, -34.184169769287109 ], [ 18.855270385742188, -34.156108856201172 ], [ 18.813329696655273, -34.096950531005859 ], [ 18.759990692138672, -34.078899383544922 ], [ 18.601940155029297, -34.073619842529297 ], [ 18.48805046081543, -34.097789764404297 ], [ 18.440269470214844, -34.146671295166016 ], [ 18.490299224853516, -34.348518371582031 ], [ 18.309719085693359, -34.149169921875 ], [ 18.372770309448242, -33.920848846435547 ], [ 18.482500076293945, -33.894729614257812 ], [ 18.487220764160156, -33.8477783203125 ], [ 18.294719696044922, -33.466129302978516 ], [ 18.148050308227539, -33.356121063232422 ], [ 18.115549087524414, -33.258338928222656 ], [ 17.967220306396484, -33.134731292724609 ], [ 17.966110229492188, -33.098068237304688 ], [ 18.013330459594727, -33.116401672363281 ], [ 18.119720458984375, -33.204441070556641 ], [ 18.127769470214844, -33.177230834960938 ], [ 18.037220001220703, -33.101951599121094 ], [ 18.037769317626953, -33.037220001220703 ], [ 17.996940612792969, -33.002510070800781 ], [ 17.957769393920898, -33.005290985107422 ], [ 17.91387939453125, -33.048061370849609 ], [ 17.893049240112305, -33.031120300292969 ], [ 17.845270156860352, -32.820289611816406 ], [ 17.900279998779297, -32.793071746826172 ], [ 17.902490615844727, -32.733348846435547 ], [ 17.974159240722656, -32.699459075927734 ], [ 18.06498908996582, -32.781120300292969 ], [ 18.131940841674805, -32.778060913085938 ], [ 18.292219161987305, -32.624458312988281 ], [ 18.333610534667969, -32.491119384765625 ], [ 18.341659545898438, -32.241401672363281 ], [ 18.214719772338867, -31.727230072021484 ], [ 17.853330612182617, -31.253059387207031 ], [ 17.565269470214844, -30.835830688476562 ], [ 17.31498908996582, -30.402780532836914 ], [ 17.165550231933594, -30.016950607299805 ], [ 16.999439239501953, -29.515010833740234 ], [ 16.883609771728516, -29.301670074462891 ], [ 16.815269470214844, -29.085010528564453 ], [ 16.753610610961914, -29.041950225830078 ], [ 16.725549697875977, -28.980279922485352 ], [ 16.603879928588867, -28.866670608520508 ], [ 16.568330764770508, -28.723899841308594 ], [ 16.469720840454102, -28.630279541015625 ], [ 16.483020782470703, -28.580339431762695 ], [ 16.678049087524414, -28.460559844970703 ], [ 16.72776985168457, -28.496110916137695 ], [ 16.803329467773438, -28.364450454711914 ], [ 16.778879165649414, -28.324729919433594 ], [ 16.773609161376953, -28.259450912475586 ], [ 16.824440002441406, -28.261119842529297 ], [ 16.807220458984375, -28.218330383300781 ], [ 16.851659774780273, -28.21221923828125 ], [ 16.83860969543457, -28.168609619140625 ], [ 16.882770538330078, -28.176950454711914 ], [ 16.881660461425781, -28.139720916748047 ], [ 16.917490005493164, -28.06389045715332 ], [ 17.094989776611328, -28.03639030456543 ], [ 17.194160461425781, -28.121389389038086 ], [ 17.184160232543945, -28.202499389648438 ], [ 17.221660614013672, -28.244720458984375 ], [ 17.348880767822266, -28.236669540405273 ], [ 17.399160385131836, -28.347780227661133 ], [ 17.388050079345703, -28.423049926757812 ], [ 17.321939468383789, -28.467779159545898 ], [ 17.359989166259766, -28.516399383544922 ], [ 17.409439086914062, -28.716390609741211 ], [ 17.595270156860352, -28.693340301513672 ], [ 17.604440689086914, -28.756950378417969 ], [ 17.655550003051758, -28.775840759277344 ], [ 17.708599090576172, -28.751670837402344 ], [ 18.183599472045898, -28.908889770507812 ], [ 18.639989852905273, -28.846950531005859 ], [ 18.957769393920898, -28.868059158325195 ], [ 19.009439468383789, -28.932220458984375 ], [ 19.129440307617188, -28.960830688476562 ], [ 19.294990539550781, -28.893610000610352 ], [ 19.239160537719727, -28.79888916015625 ], [ 19.274160385131836, -28.731950759887695 ], [ 19.466379165649414, -28.69972038269043 ], [ 19.569440841674805, -28.526390075683594 ], [ 19.997249603271484, -28.426359176635742 ], [ 20.001409530639648, -24.763629913330078 ], [ 20.389989852905273, -25.036949157714844 ], [ 20.555549621582031, -25.379999160766602 ], [ 20.673320770263672, -25.459159851074219 ], [ 20.631940841674805, -25.518890380859375 ], [ 20.687770843505859, -25.578889846801758 ], [ 20.679710388183594, -25.679449081420898 ], [ 20.756660461425781, -25.781949996948242 ], [ 20.860820770263672, -26.133609771728516 ], [ 20.693330764770508, -26.386119842529297 ], [ 20.611379623413086, -26.449169158935547 ], [ 20.636940002441406, -26.812780380249023 ], [ 20.692340850830078, -26.894680023193359 ], [ 20.897209167480469, -26.794729232788086 ], [ 21.144159317016602, -26.866670608520508 ], [ 21.348600387573242, -26.827499389648438 ], [ 21.523609161376953, -26.853340148925781 ], [ 21.693050384521484, -26.853050231933594 ], [ 21.778610229492188, -26.770839691162109 ], [ 21.759990692138672, -26.691949844360352 ], [ 21.791379928588867, -26.671670913696289 ], [ 21.898880004882812, -26.668329238891602 ], [ 22.067209243774414, -26.614730834960938 ], [ 22.179439544677734, -26.427780151367188 ], [ 22.461940765380859, -26.215000152587891 ], [ 22.712770462036133, -25.999160766601562 ], [ 22.769159317016602, -25.82305908203125 ], [ 22.730270385742188, -25.788890838623047 ], [ 22.818880081176758, -25.668060302734375 ], [ 22.81304931640625, -25.56389045715332 ], [ 22.926380157470703, -25.383890151977539 ], [ 23.104709625244141, -25.30027961730957 ], [ 23.458320617675781, -25.278339385986328 ], [ 23.496379852294922, -25.333890914916992 ], [ 23.734439849853516, -25.46221923828125 ], [ 23.844160079956055, -25.574169158935547 ], [ 24.007219314575195, -25.62251091003418 ], [ 24.000270843505859, -25.658889770507812 ], [ 24.150270462036133, -25.621669769287109 ], [ 24.393329620361328, -25.762779235839844 ], [ 24.446100234985352, -25.735559463500977 ], [ 24.504440307617188, -25.763059616088867 ], [ 24.807769775390625, -25.830839157104492 ], [ 25.03693962097168, -25.728609085083008 ], [ 25.152210235595703, -25.76222038269043 ], [ 25.386379241943359, -25.746389389038086 ], [ 25.587089538574219, -25.621040344238281 ], [ 25.832210540771484, -25.028060913085938 ], [ 25.865949630737305, -24.73866081237793 ], [ 26.359989166259766, -24.618890762329102 ], [ 26.40287971496582, -24.630439758300781 ], [ 26.464710235595703, -24.580560684204102 ], [ 26.554990768432617, -24.436939239501953 ], [ 26.845270156860352, -24.264450073242188 ], [ 26.959430694580078, -23.753620147705078 ], [ 26.999160766601562, -23.648609161376953 ], [ 27.067209243774414, -23.660829544067383 ], [ 27.10276985168457, -23.576669692993164 ], [ 27.395820617675781, -23.390840530395508 ], [ 27.520549774169922, -23.383609771728516 ], [ 27.60137939453125, -23.220279693603516 ], [ 27.736930847167969, -23.229999542236328 ], [ 27.817489624023438, -23.109170913696289 ], [ 27.928329467773438, -23.058059692382812 ], [ 27.938600540161133, -22.955560684204102 ], [ 28.024440765380859, -22.924449920654297 ], [ 28.052219390869141, -22.881389617919922 ], [ 28.042770385742188, -22.841110229492188 ], [ 28.149160385131836, -22.780000686645508 ], [ 28.184160232543945, -22.684730529785156 ], [ 28.43971061706543, -22.573619842529297 ], [ 28.634439468383789, -22.563339233398438 ], [ 28.917770385742188, -22.458339691162109 ], [ 28.9658203125, -22.386390686035156 ], [ 28.960550308227539, -22.313339233398438 ], [ 29.087490081787109, -22.224170684814453 ], [ 29.370529174804688, -22.191379547119141 ] ], [ [ 29.073879241943359, -28.966669082641602 ], [ 28.651100158691406, -28.569450378417969 ], [ 28.146379470825195, -28.723049163818359 ], [ 27.980550765991211, -28.883060455322266 ], [ 27.929990768432617, -28.853340148925781 ], [ 27.879989624023438, -28.912500381469727 ], [ 27.731380462646484, -28.941110610961914 ], [ 27.456659317016602, -29.291109085083008 ], [ 27.349990844726562, -29.481950759887695 ], [ 27.014720916748047, -29.641729354858398 ], [ 27.32805061340332, -30.139450073242188 ], [ 27.395269393920898, -30.128330230712891 ], [ 27.380989074707031, -30.316009521484375 ], [ 27.459709167480469, -30.31195068359375 ], [ 27.564130783081055, -30.403409957885742 ], [ 27.738040924072266, -30.597780227661133 ], [ 28.097770690917969, -30.658889770507812 ], [ 28.091939926147461, -30.603340148925781 ], [ 28.159990310668945, -30.498329162597656 ], [ 28.144710540771484, -30.454170227050781 ], [ 28.257499694824219, -30.326669692993164 ], [ 28.217489242553711, -30.301120758056641 ], [ 28.241659164428711, -30.263059616088867 ], [ 28.544719696044922, -30.114450454711914 ], [ 28.785270690917969, -30.103609085083008 ], [ 29.161100387573242, -29.921119689941406 ], [ 29.157489776611328, -29.851669311523438 ], [ 29.124710083007812, -29.832229614257812 ], [ 29.166929244995117, -29.672500610351562 ], [ 29.312210083007812, -29.57611083984375 ], [ 29.293329238891602, -29.504999160766602 ], [ 29.357219696044922, -29.450559616088867 ], [ 29.418050765991211, -29.433330535888672 ], [ 29.455549240112305, -29.353340148925781 ], [ 29.333049774169922, -29.092500686645508 ], [ 29.073879241943359, -28.966669082641602 ] ] ] } },
{ "type": "Feature", "properties": { }, "geometry": { "type": "Polygon", "coordinates": [ [ [ 35.940319061279297, 4.62208080291748 ], [ 34.387489318847656, 4.609998226165771 ], [ 33.516929626464844, 3.752222061157227 ], [ 33.183868408203125, 3.766109943389893 ], [ 33.016651153564453, 3.888609886169434 ], [ 32.716648101806641, 3.755276918411255 ], [ 32.404430389404297, 3.74360990524292 ], [ 32.195259094238281, 3.611943960189819 ], [ 32.193309783935547, 3.511388063430786 ], [ 32.093601226806641, 3.532499074935913 ], [ 32.063869476318359, 3.590276956558228 ], [ 31.95026969909668, 3.594721078872681 ], [ 31.930549621582031, 3.691942930221558 ], [ 31.794719696044922, 3.823333024978638 ], [ 31.701929092407227, 3.713054895401001 ], [ 31.540830612182617, 3.653609991073608 ], [ 31.288049697875977, 3.794722080230713 ], [ 31.176660537719727, 3.795277118682861 ], [ 30.954710006713867, 3.671109914779663 ], [ 30.868520736694336, 3.492140054702759 ], [ 30.855270385742188, 3.57249903678894 ], [ 30.763050079345703, 3.682776927947998 ], [ 30.614719390869141, 3.60694408416748 ], [ 30.558879852294922, 3.613888025283813 ], [ 30.581939697265625, 3.697221040725708 ], [ 30.544439315795898, 3.870553970336914 ], [ 30.205270767211914, 3.962498903274536 ], [ 30.140270233154297, 4.108887195587158 ], [ 30.065269470214844, 4.128054141998291 ], [ 30.026660919189453, 4.205276012420654 ], [ 29.945270538330078, 4.243886947631836 ], [ 29.956659317016602, 4.302219867706299 ], [ 29.89971923828125, 4.346664905548096 ], [ 29.836660385131836, 4.346386909484863 ], [ 29.793329238891602, 4.384997844696045 ], [ 29.814720153808594, 4.560276031494141 ], [ 29.674709320068359, 4.627220153808594 ], [ 29.479990005493164, 4.676942825317383 ], [ 29.321659088134766, 4.386664867401123 ], [ 29.254440307617188, 4.38749885559082 ], [ 29.252220153808594, 4.351109981536865 ], [ 29.204990386962891, 4.343609809875488 ], [ 29.062770843505859, 4.461109161376953 ], [ 28.882770538330078, 4.479720115661621 ], [ 28.768600463867188, 4.556386947631836 ], [ 28.650829315185547, 4.423608779907227 ], [ 28.505830764770508, 4.373054027557373 ], [ 28.442489624023438, 4.287775993347168 ], [ 28.369159698486328, 4.28277587890625 ], [ 28.335830688476562, 4.351109981536865 ], [ 28.200820922851562, 4.347497940063477 ], [ 28.166379928588867, 4.387775897979736 ], [ 28.064159393310547, 4.431108951568604 ], [ 28.032770156860352, 4.560554027557373 ], [ 27.929710388183594, 4.551108837127686 ], [ 27.786109924316406, 4.606942176818848 ], [ 27.782220840454102, 4.760276794433594 ], [ 27.703880310058594, 4.793610095977783 ], [ 27.702770233154297, 4.833610057830811 ], [ 27.648880004882812, 4.901941776275635 ], [ 27.57805061340332, 4.894999027252197 ], [ 27.455860137939453, 5.017142772674561 ], [ 27.458049774169922, 5.083610057830811 ], [ 27.295549392700195, 5.235830783843994 ], [ 27.237770080566406, 5.438887119293213 ], [ 27.281940460205078, 5.548886775970459 ], [ 27.142770767211914, 5.771943092346191 ], [ 26.829439163208008, 5.904997825622559 ], [ 26.808610916137695, 5.97999906539917 ], [ 26.612209320068359, 6.014442920684814 ], [ 26.51416015625, 6.109720230102539 ], [ 26.437490463256836, 6.077775955200195 ], [ 26.450820922851562, 6.116108894348145 ], [ 26.523609161376953, 6.173608779907227 ], [ 26.523609161376953, 6.221108913421631 ], [ 26.301380157470703, 6.392498016357422 ], [ 26.306100845336914, 6.449441909790039 ], [ 26.384990692138672, 6.589165210723877 ], [ 26.396659851074219, 6.655275821685791 ], [ 26.094440460205078, 6.850275993347168 ], [ 26.048330307006836, 6.998331069946289 ], [ 25.374160766601562, 7.339441776275635 ], [ 25.331100463867188, 7.425275802612305 ], [ 25.206939697265625, 7.497498035430908 ], [ 25.18998908996582, 7.592775821685791 ], [ 25.296100616455078, 7.649999141693115 ], [ 25.286380767822266, 7.783331871032715 ], [ 25.225549697875977, 7.872775077819824 ], [ 25.05388069152832, 7.921109199523926 ], [ 24.855079650878906, 8.169740676879883 ], [ 24.804439544677734, 8.192775726318359 ], [ 24.534990310668945, 8.208051681518555 ], [ 24.459989547729492, 8.271385192871094 ], [ 24.350830078125, 8.249162673950195 ], [ 24.177219390869141, 8.316106796264648 ], [ 24.140270233154297, 8.375827789306641 ], [ 24.16581916809082, 8.477773666381836 ], [ 24.269159317016602, 8.583051681518555 ], [ 24.253330230712891, 8.691106796264648 ], [ 23.517770767211914, 8.714164733886719 ], [ 23.504159927368164, 8.801385879516602 ], [ 23.581659317016602, 8.906106948852539 ], [ 23.583049774169922, 8.988607406616211 ], [ 23.565269470214844, 9.005275726318359 ], [ 23.528610229492188, 8.957496643066406 ], [ 23.485269546508789, 8.96888542175293 ], [ 23.448600769042969, 9.024997711181641 ], [ 23.492769241333008, 9.174163818359375 ], [ 23.652210235595703, 9.279996871948242 ], [ 23.626100540161133, 9.546108245849609 ], [ 23.694709777832031, 9.671663284301758 ], [ 23.669160842895508, 9.866939544677734 ], [ 23.30388069152832, 10.459159851074219 ], [ 23.009439468383789, 10.698610305786133 ], [ 22.881160736083984, 10.923910140991211 ], [ 22.975269317626953, 11.215829849243164 ], [ 22.930820465087891, 11.415829658508301 ], [ 22.791099548339844, 11.401659965515137 ], [ 22.62554931640625, 11.534440040588379 ], [ 22.552770614624023, 11.665550231933594 ], [ 22.62554931640625, 12.083609580993652 ], [ 22.476659774780273, 12.034159660339355 ], [ 22.497770309448242, 12.18694019317627 ], [ 22.383880615234375, 12.465270042419434 ], [ 22.466930389404297, 12.621660232543945 ], [ 22.223320007324219, 12.747220039367676 ], [ 22.125270843505859, 12.649999618530273 ], [ 21.970830917358398, 12.63971996307373 ], [ 21.900550842285156, 12.67665958404541 ], [ 21.828250885009766, 12.803890228271484 ], [ 21.972490310668945, 13.087499618530273 ], [ 22.079990386962891, 13.153329849243164 ], [ 22.228879928588867, 13.276390075683594 ], [ 22.295270919799805, 13.377779960632324 ], [ 22.21721076965332, 13.584719657897949 ], [ 22.153600692749023, 13.634440422058105 ], [ 22.138599395751953, 13.728050231933594 ], [ 22.084440231323242, 13.779159545898438 ], [ 22.233879089355469, 13.965829849243164 ], [ 22.476940155029297, 14.100830078125 ], [ 22.552490234375, 14.120829582214355 ], [ 22.566940307617188, 14.164159774780273 ], [ 22.555269241333008, 14.231940269470215 ], [ 22.456659317016602, 14.252220153808594 ], [ 22.440269470214844, 14.282219886779785 ], [ 22.441940307617188, 14.489439964294434 ], [ 22.381380081176758, 14.523050308227539 ], [ 22.384159088134766, 14.554160118103027 ], [ 22.416099548339844, 14.60027027130127 ], [ 22.702489852905273, 14.691390037536621 ], [ 22.668880462646484, 14.854160308837891 ], [ 22.753330230712891, 14.976940155029297 ], [ 22.868320465087891, 15.094440460205078 ], [ 22.935829162597656, 15.116109848022461 ], [ 22.984710693359375, 15.231109619140625 ], [ 22.995269775390625, 15.385829925537109 ], [ 22.919439315795898, 15.509719848632812 ], [ 22.937770843505859, 15.5625 ], [ 23.118320465087891, 15.710550308227539 ], [ 23.381380081176758, 15.685270309448242 ], [ 23.479160308837891, 15.726110458374023 ], [ 23.685270309448242, 15.756110191345215 ], [ 23.999710083007812, 15.699440002441406 ], [ 24.000829696655273, 20.00193977355957 ], [ 25.000829696655273, 19.999160766601562 ], [ 25.003549575805664, 22.001300811767578 ], [ 31.277490615844727, 21.999160766601562 ], [ 31.38916015625, 22.206659317016602 ], [ 31.441099166870117, 22.232210159301758 ], [ 31.485549926757812, 22.216379165649414 ], [ 31.515829086303711, 22.170549392700195 ], [ 31.453880310058594, 21.998329162597656 ], [ 34.100589752197266, 21.998020172119141 ], [ 34.171649932861328, 22.196659088134766 ], [ 34.713871002197266, 22.28887939453125 ], [ 34.969150543212891, 22.848600387573242 ], [ 35.2269287109375, 22.770830154418945 ], [ 35.624591827392578, 23.128000259399414 ], [ 35.723598480224609, 22.92555046081543 ], [ 35.754711151123047, 22.920829772949219 ], [ 35.824428558349609, 22.78639030456543 ], [ 36.034160614013672, 22.681940078735352 ], [ 36.224708557128906, 22.638330459594727 ], [ 36.465549468994141, 22.318330764770508 ], [ 36.566509246826172, 22.284999847412109 ], [ 36.88970947265625, 22.048610687255859 ], [ 36.893318176269531, 22.003049850463867 ], [ 36.841098785400391, 21.96388053894043 ], [ 36.878879547119141, 21.934719085693359 ], [ 36.889430999755859, 21.646110534667969 ], [ 37.003040313720703, 21.426660537719727 ], [ 37.22943115234375, 21.171100616455078 ], [ 37.310260772705078, 21.051109313964844 ], [ 37.297210693359375, 21.009719848632812 ], [ 37.228599548339844, 21.021110534667969 ], [ 37.192489624023438, 21.097770690917969 ], [ 37.271930694580078, 21.051660537719727 ], [ 37.222759246826172, 21.138330459594727 ], [ 37.152488708496094, 21.14971923828125 ], [ 37.156650543212891, 21.205829620361328 ], [ 37.115261077880859, 21.218879699707031 ], [ 37.091648101806641, 21.173610687255859 ], [ 37.120819091796875, 21.136659622192383 ], [ 37.082210540771484, 21.046100616455078 ], [ 37.137489318847656, 20.968050003051758 ], [ 37.232208251953125, 20.469999313354492 ], [ 37.176929473876953, 20.438610076904297 ], [ 37.195819854736328, 20.128879547119141 ], [ 37.336380004882812, 19.151939392089844 ], [ 37.516380310058594, 18.72443962097168 ], [ 37.768039703369141, 18.695270538330078 ], [ 37.759990692138672, 18.62554931640625 ], [ 37.954429626464844, 18.537769317626953 ], [ 38.130821228027344, 18.363330841064453 ], [ 38.089988708496094, 18.303600311279297 ], [ 38.162490844726562, 18.253879547119141 ], [ 38.234828948974609, 18.237480163574219 ], [ 38.294158935546875, 18.291940689086914 ], [ 38.217208862304688, 18.21388053894043 ], [ 38.409988403320312, 18.206670761108398 ], [ 38.426929473876953, 18.163330078125 ], [ 38.498878479003906, 18.133329391479492 ], [ 38.51470947265625, 18.068050384521484 ], [ 38.53887939453125, 18.075550079345703 ], [ 38.538051605224609, 18.121110916137695 ], [ 38.621318817138672, 18.008899688720703 ], [ 38.458599090576172, 17.871110916137695 ], [ 38.368038177490234, 17.662769317626953 ], [ 38.276664733886719, 17.606945037841797 ], [ 38.271099090576172, 17.547769546508789 ], [ 38.241663829191666, 17.527500395016556 ], [ 38.185832977294922, 17.562221527099609 ], [ 38.133613586425781, 17.548610687255859 ], [ 38.137650814591829, 17.507302243217207 ], [ 38.122750734009102, 17.483602219419971 ], [ 38.096646601497987, 17.487804463024329 ], [ 38.095554351806641, 17.543888092041016 ], [ 38.055831909179688, 17.551942825317383 ], [ 37.968334197998047, 17.501388549804688 ], [ 37.917214488120727, 17.44749449442525 ], [ 37.869720458984375, 17.444999694824219 ], [ 37.840831756591797, 17.478610992431641 ], [ 37.818889617919922, 17.481389999389648 ], [ 37.787498474121094, 17.465278625488281 ], [ 37.735823261889067, 17.376663537393728 ], [ 37.512500762939453, 17.323333740234375 ], [ 37.516651153564453, 17.187210083007812 ], [ 37.424161179825667, 17.037221908569336 ], [ 37.306941986083984, 17.06110954284668 ], [ 37.252223968505859, 17.024999618530273 ], [ 37.203334808349609, 17.032499313354492 ], [ 37.145587669163938, 17.016384000407939 ], [ 37.104442596435547, 17.051111221313477 ], [ 36.995834350585938, 17.073890686035156 ], [ 36.991668701171875, 17.052776336669922 ], [ 37.018039703369141, 17.003599166870117 ], [ 36.986930847167969, 16.943050384521484 ], [ 37.022758483886719, 16.850549697875977 ], [ 36.912223815917969, 16.641111373901367 ], [ 36.896389007568359, 16.517778396606445 ], [ 36.955092725368125, 16.429779230205174 ], [ 36.947780609130859, 16.358333587646484 ], [ 36.971370697021484, 16.26416015625 ], [ 36.915821075439453, 16.214990615844727 ], [ 36.759737729780539, 15.804860861042261 ], [ 36.697780609130859, 15.753055572509766 ], [ 36.626110076904297, 15.489444732666016 ], [ 36.634147717349101, 15.474856395884869 ], [ 36.542758941650391, 15.234720230102539 ], [ 36.443332672119141, 15.150555610656738 ], [ 36.544708251953125, 14.260829925537109 ], [ 36.446369171142578, 13.956939697265625 ], [ 36.486930847167969, 13.83944034576416 ], [ 36.397480010986328, 13.567779541015625 ], [ 36.248600006103516, 13.368049621582031 ], [ 36.155258178710938, 13.024439811706543 ], [ 36.1416015625, 12.706859588623047 ], [ 36.069149017333984, 12.72443962097168 ], [ 35.699420928955078, 12.665829658508301 ], [ 35.438030242919922, 12.25055980682373 ], [ 35.432491302490234, 12.200550079345703 ], [ 35.386100769042969, 12.170000076293945 ], [ 35.339710235595703, 12.024720191955566 ], [ 35.096931457519531, 11.826939582824707 ], [ 35.058589935302734, 11.739999771118164 ], [ 35.087490081787109, 11.535829544067383 ], [ 34.963871002197266, 11.256939888000488 ], [ 35.005550384521484, 11.174440383911133 ], [ 34.933319091796875, 10.956660270690918 ], [ 34.975261688232422, 10.864439964294434 ], [ 34.773319244384766, 10.68694019317627 ], [ 34.766380310058594, 10.753049850463867 ], [ 34.594429016113281, 10.88778018951416 ], [ 34.439701080322266, 10.784440040588379 ], [ 34.286098480224609, 10.554160118103027 ], [ 34.348869323730469, 10.244999885559082 ], [ 34.336368560791016, 10.182220458984375 ], [ 34.231369018554688, 10.030280113220215 ], [ 34.085819244384766, 9.553050994873047 ], [ 34.134990692138672, 8.95527458190918 ], [ 34.111930847167969, 8.565273284912109 ], [ 33.974700927734375, 8.438884735107422 ], [ 33.823040008544922, 8.414163589477539 ], [ 33.774971008300781, 8.365888595581055 ], [ 33.701648712158203, 8.380550384521484 ], [ 33.639980316162109, 8.464162826538086 ], [ 33.204429626464844, 8.43388557434082 ], [ 33.164699554443359, 8.391387939453125 ], [ 33.184711456298828, 8.128883361816406 ], [ 33.104988098144531, 8.093051910400391 ], [ 32.989429473876953, 7.925552845001221 ], [ 33.013599395751953, 7.846942901611328 ], [ 33.059711456298828, 7.789998054504395 ], [ 33.169979095458984, 7.796387195587158 ], [ 33.337490081787109, 7.712499141693115 ], [ 33.441368103027344, 7.74583101272583 ], [ 33.655540466308594, 7.683053016662598 ], [ 34.026931762695312, 7.386664867401123 ], [ 34.029430389404297, 7.239163875579834 ], [ 34.185539245605469, 7.164721012115479 ], [ 34.206649780273438, 7.049164772033691 ], [ 34.476089477539062, 6.911386966705322 ], [ 34.507488250732422, 6.800275802612305 ], [ 34.687480926513672, 6.694997787475586 ], [ 34.759990692138672, 6.609721183776855 ], [ 34.870540618896484, 6.237497806549072 ], [ 34.981369018554688, 6.061109066009521 ], [ 34.975540161132812, 5.949718952178955 ], [ 35.105819702148438, 5.692776203155518 ], [ 35.103870391845703, 5.632497787475586 ], [ 35.289989471435547, 5.507775783538818 ], [ 35.271099090576172, 5.435554027557373 ], [ 35.319438934326172, 5.360554218292236 ], [ 35.361099243164062, 5.352221012115479 ], [ 35.458038330078125, 5.432497978210449 ], [ 35.533329010009766, 5.425275802612305 ], [ 35.604988098144531, 5.373054027557373 ], [ 35.689701080322266, 5.389997959136963 ], [ 35.836929321289062, 5.313053131103516 ], [ 35.795269012451172, 5.237497806549072 ], [ 35.830818176269531, 5.153886795043945 ], [ 35.773868560791016, 5.075275897979736 ], [ 35.774429321289062, 4.798608779907227 ], [ 35.940319061279297, 4.62208080291748 ] ] ] } },
{ "type": "Feature", "properties": { }, "geometry": { "type": "Polygon", "coordinates": [ [ [ 31.967739105224609, -25.958179473876953 ], [ 32.089981079101562, -26.009450912475586 ], [ 32.103038787841797, -26.162220001220703 ], [ 32.061100006103516, -26.261390686035156 ], [ 32.072208404541016, -26.393339157104492 ], [ 32.129150390625, -26.505840301513672 ], [ 32.134220123291016, -26.840570449829102 ], [ 32.006938934326172, -26.808620452880859 ], [ 31.958599090576172, -27.11277961730957 ], [ 31.983600616455078, -27.316669464111328 ], [ 31.517490386962891, -27.313060760498047 ], [ 31.161659240722656, -27.20305061340332 ], [ 30.983049392700195, -27.029449462890625 ], [ 30.899440765380859, -26.771949768066406 ], [ 30.818880081176758, -26.81056022644043 ], [ 30.803600311279297, -26.702499389648438 ], [ 30.802219390869141, -26.46221923828125 ], [ 31.063880920410156, -26.091390609741211 ], [ 31.128330230712891, -25.913890838623047 ], [ 31.320550918579102, -25.755279541015625 ], [ 31.421659469604492, -25.728340148925781 ], [ 31.878049850463867, -25.995559692382812 ], [ 31.967739105224609, -25.958179473876953 ] ] ] } },
{ "type": "Feature", "properties": { }, "geometry": { "type": "MultiPolygon", "coordinates": [ [ [ [ 39.516101837158203, -6.468613147735596 ], [ 39.473598480224609, -6.461112976074219 ], [ 39.411930084228516, -6.358334064483643 ], [ 39.396648406982422, -6.380000114440918 ], [ 39.374149322509766, -6.323057174682617 ], [ 39.289989471435547, -6.247223854064941 ], [ 39.276931762695312, -6.32000207901001 ], [ 39.208320617675781, -6.24666690826416 ], [ 39.189159393310547, -5.939167022705078 ], [ 39.309158325195312, -5.723056793212891 ], [ 39.342491149902344, -5.764723777770996 ], [ 39.354160308837891, -5.866946220397949 ], [ 39.402210235595703, -6.033335208892822 ], [ 39.418598175048828, -6.191390037536621 ], [ 39.50360107421875, -6.19833517074585 ], [ 39.500270843505859, -6.153891086578369 ], [ 39.574161529541016, -6.380835056304932 ], [ 39.559158325195312, -6.444168090820312 ], [ 39.516101837158203, -6.468613147735596 ] ] ], [ [ [ 39.653049468994141, -7.996945858001709 ], [ 39.593318939208984, -7.956112861633301 ], [ 39.710540771484375, -7.813612937927246 ], [ 39.8408203125, -7.751112937927246 ], [ 39.897769927978516, -7.642501831054688 ], [ 39.909988403320312, -7.677777767181396 ], [ 39.826381683349609, -7.907223224639893 ], [ 39.742210388183594, -7.932222843170166 ], [ 39.721660614013672, -7.977778911590576 ], [ 39.653049468994141, -7.996945858001709 ] ] ], [ [ [ 39.736099243164062, -5.440834999084473 ], [ 39.647491455078125, -5.433332920074463 ], [ 39.648880004882812, -5.343890190124512 ], [ 39.696929931640625, -5.339168071746826 ], [ 39.665271759033203, -5.296112060546875 ], [ 39.777759552001953, -5.248334884643555 ], [ 39.671649932861328, -5.205556869506836 ], [ 39.739429473876953, -5.209445953369141 ], [ 39.745540618896484, -5.163055896759033 ], [ 39.690818786621094, -5.111945152282715 ], [ 39.698318481445312, -5.022500991821289 ], [ 39.677761077880859, -4.871667861938477 ], [ 39.757209777832031, -4.937222957611084 ], [ 39.842208862304688, -4.965835094451904 ], [ 39.866939544677734, -4.897500991821289 ], [ 39.870819091796875, -4.998611927032471 ], [ 39.832489013671875, -5.127779006958008 ], [ 39.855819702148438, -5.206944942474365 ], [ 39.784709930419922, -5.394444942474365 ], [ 39.736099243164062, -5.440834999084473 ] ] ], [ [ [ 29.423589706420898, -4.449471950531006 ], [ 29.711940765380859, -4.454722881317139 ], [ 29.788850784301758, -4.404399871826172 ], [ 29.812770843505859, -4.360278129577637 ], [ 29.905830383300781, -4.349722862243652 ], [ 30.044439315795898, -4.246388912200928 ], [ 30.072769165039062, -4.166666984558105 ], [ 30.207769393920898, -4.026112079620361 ], [ 30.255830764770508, -3.886945009231567 ], [ 30.335830688476562, -3.774167060852051 ], [ 30.400829315185547, -3.786111116409302 ], [ 30.449399948120117, -3.54800009727478 ], [ 30.631660461425781, -3.450556039810181 ], [ 30.663600921630859, -3.386667013168335 ], [ 30.624160766601562, -3.371388912200928 ], [ 30.678329467773438, -3.316667079925537 ], [ 30.767490386962891, -3.299999952316284 ], [ 30.834989547729492, -3.256944894790649 ], [ 30.853879928588867, -3.157500028610229 ], [ 30.831100463867188, -3.118056058883667 ], [ 30.840269088745117, -2.974167108535767 ], [ 30.742769241333008, -2.989722967147827 ], [ 30.557220458984375, -2.8938889503479 ], [ 30.485160827636719, -2.946501016616821 ], [ 30.417490005493164, -2.861944913864136 ], [ 30.457210540771484, -2.723056077957153 ], [ 30.5224609375, -2.64963698387146 ], [ 30.489160537719727, -2.670834064483643 ], [ 30.433599472045898, -2.675277948379517 ], [ 30.435270309448242, -2.64305591583252 ], [ 30.573749542236328, -2.399400949478149 ], [ 30.782020568847656, -2.380749940872192 ], [ 30.829160690307617, -2.357779026031494 ], [ 30.876380920410156, -2.046945095062256 ], [ 30.808330535888672, -1.929445028305054 ], [ 30.840269088745117, -1.670555949211121 ], [ 30.739160537719727, -1.436944961547852 ], [ 30.631660461425781, -1.373056054115295 ], [ 30.522769927978516, -1.227499961853027 ], [ 30.482309341430664, -1.061622023582458 ], [ 30.641380310058594, -1.072221994400024 ], [ 30.751180648803711, -0.997581124305725 ], [ 34.020538330078125, -1.001389026641846 ], [ 34.029708862304688, -1.036944985389709 ], [ 34.305259704589844, -1.168056011199951 ], [ 37.630260467529297, -3.01694393157959 ], [ 37.675258636474609, -3.05138897895813 ], [ 37.719978332519531, -3.311944961547852 ], [ 37.613040924072266, -3.397500038146973 ], [ 37.599990844726562, -3.450278043746948 ], [ 37.617198944091797, -3.507500886917114 ], [ 37.733600616455078, -3.526112079620361 ], [ 37.783359527587891, -3.651427984237671 ], [ 39.205619812011719, -4.673121929168701 ], [ 39.216648101806641, -4.757224082946777 ], [ 39.168048858642578, -4.785556793212891 ], [ 39.220829010009766, -4.817780017852783 ], [ 39.164440155029297, -4.940279006958008 ], [ 39.147769927978516, -4.879724025726318 ], [ 39.131099700927734, -4.970835208892822 ], [ 39.086101531982422, -5.066668033599854 ], [ 39.126930236816406, -5.051391124725342 ], [ 39.121658325195312, -5.111668109893799 ], [ 38.828601837158203, -5.832223892211914 ], [ 38.779991149902344, -6.055834770202637 ], [ 38.863040924072266, -6.174446105957031 ], [ 38.843318939208984, -6.267778873443604 ], [ 38.873878479003906, -6.389167785644531 ], [ 39.016929626464844, -6.489723205566406 ], [ 39.031101226806641, -6.464168071746826 ], [ 39.217769622802734, -6.657224178314209 ], [ 39.289989471435547, -6.852778911590576 ], [ 39.468879699707031, -6.862500190734863 ], [ 39.549991607666016, -7.015278816223145 ], [ 39.502769470214844, -7.182778835296631 ], [ 39.480819702148438, -7.155835151672363 ], [ 39.391651153564453, -7.263613224029541 ], [ 39.353870391845703, -7.373611927032471 ], [ 39.299709320068359, -7.459167957305908 ], [ 39.290271759033203, -7.821668148040771 ], [ 39.324989318847656, -7.731112003326416 ], [ 39.446659088134766, -7.814167976379395 ], [ 39.432769775390625, -7.960556030273438 ], [ 39.341098785400391, -8.278614044189453 ], [ 39.295269012451172, -8.267780303955078 ], [ 39.303600311279297, -8.50583553314209 ], [ 39.345539093017578, -8.556669235229492 ], [ 39.355819702148438, -8.716947555541992 ], [ 39.543598175048828, -8.915557861328125 ], [ 39.448040008544922, -8.858892440795898 ], [ 39.405269622802734, -8.866945266723633 ], [ 39.392490386962891, -8.911392211914062 ], [ 39.495819091796875, -8.943891525268555 ], [ 39.499988555908203, -9.129167556762695 ], [ 39.573318481445312, -9.098892211914062 ], [ 39.646381378173828, -9.199167251586914 ], [ 39.639991760253906, -9.38083553314209 ], [ 39.591098785400391, -9.406391143798828 ], [ 39.565540313720703, -9.448890686035156 ], [ 39.651371002197266, -9.453058242797852 ], [ 39.743598937988281, -9.67194652557373 ], [ 39.699161529541016, -9.750558853149414 ], [ 39.748600006103516, -9.75250244140625 ], [ 39.785549163818359, -9.932224273681641 ], [ 39.708599090576172, -9.959723472595215 ], [ 39.698040008544922, -10.051950454711914 ], [ 39.788600921630859, -9.988058090209961 ], [ 39.929988861083984, -10.055839538574219 ], [ 39.993598937988281, -10.219169616699219 ], [ 39.996379852294922, -10.125 ], [ 40.139148712158203, -10.179730415344238 ], [ 40.118320465087891, -10.275279998779297 ], [ 40.178600311279297, -10.260560035705566 ], [ 40.223049163818359, -10.297229766845703 ], [ 40.267208099365234, -10.269169807434082 ], [ 40.198879241943359, -10.244720458984375 ], [ 40.240550994873047, -10.202500343322754 ], [ 40.356098175048828, -10.357230186462402 ], [ 40.432491302490234, -10.344719886779785 ], [ 40.394161224365234, -10.305839538574219 ], [ 40.453319549560547, -10.34889030456543 ], [ 40.435550689697266, -10.480449676513672 ], [ 40.420539855957031, -10.505840301513672 ], [ 40.273868560791016, -10.586669921875 ], [ 40.165531158447266, -10.671389579772949 ], [ 39.766929626464844, -10.920559883117676 ], [ 39.628318786621094, -10.948060035705566 ], [ 39.256938934326172, -11.170829772949219 ], [ 38.897769927978516, -11.172220230102539 ], [ 38.852771759033203, -11.207220077514648 ], [ 38.672489166259766, -11.270839691162109 ], [ 38.493309020996094, -11.417099952697754 ], [ 38.102210998535156, -11.253339767456055 ], [ 37.86859130859375, -11.326669692993164 ], [ 37.824710845947266, -11.51471996307373 ], [ 37.79193115234375, -11.56110954284668 ], [ 37.440261840820312, -11.725560188293457 ], [ 37.347209930419922, -11.686670303344727 ], [ 37.286098480224609, -11.704170227050781 ], [ 37.108039855957031, -11.664449691772461 ], [ 37.025821685791016, -11.567230224609375 ], [ 36.824989318847656, -11.570560455322266 ], [ 36.672210693359375, -11.716110229492188 ], [ 36.537208557128906, -11.726949691772461 ], [ 36.185539245605469, -11.704170227050781 ], [ 36.163040161132812, -11.577779769897461 ], [ 36.086368560791016, -11.543060302734375 ], [ 35.933319091796875, -11.430839538574219 ], [ 35.816928863525391, -11.420829772949219 ], [ 35.643600463867188, -11.589449882507324 ], [ 35.476371765136719, -11.59805965423584 ], [ 35.419139862060547, -11.57211971282959 ], [ 34.962009429931641, -11.57289981842041 ], [ 34.918590545654297, -11.428059577941895 ], [ 34.823318481445312, -11.340279579162598 ], [ 34.763599395751953, -11.345000267028809 ], [ 34.593868255615234, -11.028329849243164 ], [ 34.676090240478516, -10.747500419616699 ], [ 34.570541381835938, -10.444450378417969 ], [ 34.558040618896484, -10.180279731750488 ], [ 34.447761535644531, -9.899444580078125 ], [ 34.043598175048828, -9.484724044799805 ], [ 33.988590240478516, -9.497777938842773 ], [ 33.950260162353516, -9.546390533447266 ], [ 33.928138732910156, -9.699806213378906 ], [ 33.755821228027344, -9.58277702331543 ], [ 33.676929473876953, -9.610557556152344 ], [ 33.578868865966797, -9.584723472595215 ], [ 33.508880615234375, -9.621946334838867 ], [ 33.428871154785156, -9.611946105957031 ], [ 33.393878936767578, -9.538055419921875 ], [ 33.301929473876953, -9.484167098999023 ], [ 33.192478179931641, -9.50916862487793 ], [ 33.028591156005859, -9.41166877746582 ], [ 32.997760772705078, -9.373334884643555 ], [ 32.940681457519531, -9.406267166137695 ], [ 32.830818176269531, -9.366390228271484 ], [ 32.741928100585938, -9.281669616699219 ], [ 32.536930084228516, -9.261114120483398 ], [ 32.470821380615234, -9.160558700561523 ], [ 32.042209625244141, -9.040836334228516 ], [ 31.984439849853516, -9.073057174682617 ], [ 31.937490463256836, -9.029169082641602 ], [ 31.931379318237305, -8.980001449584961 ], [ 31.956100463867188, -8.930835723876953 ], [ 31.785549163818359, -8.885002136230469 ], [ 31.683599472045898, -8.908891677856445 ], [ 31.573049545288086, -8.818611145019531 ], [ 31.551660537719727, -8.689167022705078 ], [ 31.398050308227539, -8.629444122314453 ], [ 31.37554931640625, -8.582223892211914 ], [ 31.273050308227539, -8.621946334838867 ], [ 31.220550537109375, -8.576665878295898 ], [ 31.125820159912109, -8.615556716918945 ], [ 31.041099548339844, -8.590278625488281 ], [ 30.898599624633789, -8.455833435058594 ], [ 30.769990921020508, -8.190834045410156 ], [ 30.708599090576172, -8.000278472900391 ], [ 30.455829620361328, -7.580278873443604 ], [ 30.381940841674805, -7.283889770507812 ], [ 30.207490921020508, -6.992499828338623 ], [ 29.823049545288086, -6.698332786560059 ], [ 29.550270080566406, -6.295279026031494 ], [ 29.496660232543945, -6.043889045715332 ], [ 29.504709243774414, -5.945834159851074 ], [ 29.631940841674805, -5.748333930969238 ], [ 29.621660232543945, -5.669167995452881 ], [ 29.35137939453125, -4.951388835906982 ], [ 29.341379165649414, -4.797778129577637 ], [ 29.430820465087891, -4.541111946105957 ], [ 29.423589706420898, -4.449471950531006 ] ] ] ] } },
{ "type": "Feature", "properties": { }, "geometry": { "type": "Polygon", "coordinates": [ [ [ -0.150955095887184, 11.139269828796387 ], [ 0.506944417953491, 11.002499580383301 ], [ 0.504166603088379, 10.93694019317627 ], [ 0.671666622161865, 10.996660232543945 ], [ 0.917435109615326, 10.995759963989258 ], [ 0.785277724266052, 10.524439811706543 ], [ 0.776666581630707, 10.376660346984863 ], [ 1.355000019073486, 9.995273590087891 ], [ 1.368332982063293, 9.596663475036621 ], [ 1.337499976158142, 9.542495727539062 ], [ 1.473610997200012, 9.256385803222656 ], [ 1.596389055252075, 9.116939544677734 ], [ 1.627776980400085, 8.881107330322266 ], [ 1.624722003936768, 8.548051834106445 ], [ 1.66083300113678, 8.496940612792969 ], [ 1.613054990768433, 8.374717712402344 ], [ 1.634721994400024, 8.357772827148438 ], [ 1.642500042915344, 6.995553016662598 ], [ 1.548611044883728, 6.995275020599365 ], [ 1.623054981231689, 6.757775783538818 ], [ 1.575278043746948, 6.679719924926758 ], [ 1.771389007568359, 6.392498016357422 ], [ 1.79995596408844, 6.280929088592529 ], [ 1.634174942970276, 6.210679054260254 ], [ 1.203850030899048, 6.099102020263672 ], [ 1.20111095905304, 6.159997940063477 ], [ 1.100000023841858, 6.160553932189941 ], [ 1.000277996063232, 6.327775955200195 ], [ 0.904722094535828, 6.329442977905273 ], [ 0.733610987663269, 6.490830898284912 ], [ 0.571111023426056, 6.813332080841064 ], [ 0.529166579246521, 6.825830936431885 ], [ 0.563888728618622, 6.917498111724854 ], [ 0.513888776302338, 6.970831871032715 ], [ 0.608055412769318, 7.014442920684814 ], [ 0.665833175182343, 7.303608894348145 ], [ 0.646666586399078, 7.399999141693115 ], [ 0.570277690887451, 7.385275840759277 ], [ 0.510555505752563, 7.460554122924805 ], [ 0.521111011505127, 7.585832118988037 ], [ 0.581944286823273, 7.62083101272583 ], [ 0.587222099304199, 7.694163799285889 ], [ 0.626944303512573, 7.7691650390625 ], [ 0.588888823986053, 8.19749641418457 ], [ 0.726944327354431, 8.284996032714844 ], [ 0.633888781070709, 8.491662979125977 ], [ 0.472499907016754, 8.5927734375 ], [ 0.38305538892746, 8.762218475341797 ], [ 0.389999985694885, 8.787496566772461 ], [ 0.482499986886978, 8.791664123535156 ], [ 0.514444172382355, 8.911941528320312 ], [ 0.448055386543274, 9.019996643066406 ], [ 0.551944375038147, 9.361106872558594 ], [ 0.548888802528381, 9.414997100830078 ], [ 0.462777704000473, 9.48832893371582 ], [ 0.364444404840469, 9.489716529846191 ], [ 0.287777692079544, 9.421384811401367 ], [ 0.229014202952385, 9.432279586791992 ], [ 0.221110999584198, 9.472772598266602 ], [ 0.275000005960464, 9.480550765991211 ], [ 0.297222107648849, 9.509719848632812 ], [ 0.223055496811867, 9.528608322143555 ], [ 0.233055502176285, 9.57221794128418 ], [ 0.348611086606979, 9.564441680908203 ], [ 0.376388788223267, 9.590551376342773 ], [ 0.349166601896286, 9.611661911010742 ], [ 0.28527769446373, 9.591106414794922 ], [ 0.253055512905121, 9.653608322143555 ], [ 0.275277704000473, 9.679995536804199 ], [ 0.335833311080933, 9.64971923828125 ], [ 0.349444299936295, 9.692218780517578 ], [ 0.322499990463257, 9.729162216186523 ], [ 0.368055492639542, 10.027500152587891 ], [ 0.399444401264191, 10.06110954284668 ], [ 0.34972208738327, 10.115269660949707 ], [ 0.393333286046982, 10.308329582214355 ], [ 0.320833295583725, 10.330550193786621 ], [ 0.28638881444931, 10.41388988494873 ], [ 0.19638879597187, 10.397780418395996 ], [ 0.045833330601454, 10.58611011505127 ], [ -0.068333342671394, 10.633890151977539 ], [ -0.071388892829418, 10.737770080566406 ], [ 0.032499998807907, 10.989720344543457 ], [ 0.034444440156221, 11.074999809265137 ], [ -0.02111111022532, 11.103610038757324 ], [ -0.133888900279999, 11.111390113830566 ], [ -0.150955095887184, 11.139269828796387 ] ] ] } },
{ "type": "Feature", "properties": { }, "geometry": { "type": "MultiPolygon", "coordinates": [ [ [ [ 10.864999771118164, 33.638599395751953 ], [ 10.843050003051758, 33.7127685546875 ], [ 10.802780151367188, 33.734149932861328 ], [ 10.73721981048584, 33.706661224365234 ], [ 10.71444034576416, 33.740550994873047 ], [ 10.726110458374023, 33.880821228027344 ], [ 10.796389579772949, 33.896099090576172 ], [ 11.057220458984375, 33.798038482666016 ], [ 10.864999771118164, 33.638599395751953 ] ] ], [ [ [ 11.527139663696289, 33.165779113769531 ], [ 11.491660118103027, 33.034988403320312 ], [ 11.470549583435059, 32.627761840820312 ], [ 11.583330154418945, 32.490821838378906 ], [ 11.567500114440918, 32.442211151123047 ], [ 10.882499694824219, 32.139148712158203 ], [ 10.787220001220703, 32.008880615234375 ], [ 10.624719619750977, 31.970550537109375 ], [ 10.61361026763916, 31.856380462646484 ], [ 10.466670036315918, 31.720270156860352 ], [ 10.380000114440918, 31.730550765991211 ], [ 10.306389808654785, 31.713050842285156 ], [ 10.139439582824707, 31.509990692138672 ], [ 10.123330116271973, 31.422489166259766 ], [ 10.290550231933594, 30.906660079956055 ], [ 10.215270042419434, 30.736099243164062 ], [ 9.882217407226562, 30.347490310668945 ], [ 9.532024383544922, 30.236059188842773 ], [ 9.059162139892578, 32.091091156005859 ], [ 8.351108551025391, 32.531101226806641 ], [ 8.306106567382812, 32.834148406982422 ], [ 8.090274810791016, 33.114429473876953 ], [ 8.022775650024414, 33.112758636474609 ], [ 7.764998912811279, 33.208599090576172 ], [ 7.731943130493164, 33.248321533203125 ], [ 7.724164962768555, 33.439418792724609 ], [ 7.522499084472656, 33.788600921630859 ], [ 7.491665840148926, 33.899711608886719 ], [ 7.527222156524658, 34.1019287109375 ], [ 7.656942844390869, 34.212490081787109 ], [ 7.767498970031738, 34.236370086669922 ], [ 7.839722156524658, 34.412479400634766 ], [ 8.24749755859375, 34.641101837158203 ], [ 8.226663589477539, 34.695529937744141 ], [ 8.288610458374023, 34.752769470214844 ], [ 8.261388778686523, 34.910259246826172 ], [ 8.40110969543457, 35.192211151123047 ], [ 8.450830459594727, 35.233871459960938 ], [ 8.427221298217773, 35.267490386962891 ], [ 8.344997406005859, 35.287208557128906 ], [ 8.308332443237305, 35.339149475097656 ], [ 8.309443473815918, 35.427211761474609 ], [ 8.362218856811523, 35.521930694580078 ], [ 8.340272903442383, 35.677478790283203 ], [ 8.273609161376953, 35.758598327636719 ], [ 8.262777328491211, 35.901088714599609 ], [ 8.373607635498047, 36.444698333740234 ], [ 8.190832138061523, 36.491649627685547 ], [ 8.183609008789062, 36.524150848388672 ], [ 8.231386184692383, 36.567211151123047 ], [ 8.44305419921875, 36.654701232910156 ], [ 8.475275039672852, 36.717201232910156 ], [ 8.471663475036621, 36.753040313720703 ], [ 8.421110153198242, 36.764430999755859 ], [ 8.423887252807617, 36.790538787841797 ], [ 8.649997711181641, 36.835258483886719 ], [ 8.657220840454102, 36.867488861083984 ], [ 8.616386413574219, 36.894989013671875 ], [ 8.630229949951172, 36.942989349365234 ], [ 8.821388244628906, 36.977210998535156 ], [ 8.915554046630859, 37.030818939208984 ], [ 8.989999771118164, 37.113880157470703 ], [ 9.149721145629883, 37.181381225585938 ], [ 9.196664810180664, 37.231929779052734 ], [ 9.334720611572266, 37.22943115234375 ], [ 9.67249870300293, 37.338039398193359 ], [ 9.864719390869141, 37.324710845947266 ], [ 9.854442596435547, 37.256099700927734 ], [ 9.772777557373047, 37.220268249511719 ], [ 9.784440994262695, 37.178878784179688 ], [ 9.853610992431641, 37.139148712158203 ], [ 9.906110763549805, 37.164710998535156 ], [ 9.925277709960938, 37.213600158691406 ], [ 9.851110458374023, 37.228321075439453 ], [ 10.056389808654785, 37.261100769042969 ], [ 10.271670341491699, 37.174430847167969 ], [ 10.143329620361328, 37.16693115234375 ], [ 10.12555980682373, 37.141651153564453 ], [ 10.233059883117676, 37.108879089355469 ], [ 10.168049812316895, 37.058879852294922 ], [ 10.345549583435059, 36.874149322509766 ], [ 10.289440155029297, 36.813320159912109 ], [ 10.272219657897949, 36.848598480224609 ], [ 10.198060035705566, 36.828041076660156 ], [ 10.193329811096191, 36.790821075439453 ], [ 10.228050231933594, 36.793598175048828 ], [ 10.331110000610352, 36.737209320068359 ], [ 10.414999961853027, 36.723320007324219 ], [ 10.528059959411621, 36.777759552001953 ], [ 10.569999694824219, 36.861370086669922 ], [ 10.817500114440918, 36.948879241943359 ], [ 10.898050308227539, 37.046100616455078 ], [ 11.046939849853516, 37.081661224365234 ], [ 11.122220039367676, 36.870269775390625 ], [ 10.977499961853027, 36.756378173828125 ], [ 10.795000076293945, 36.463039398193359 ], [ 10.56194019317627, 36.392490386962891 ], [ 10.497500419616699, 36.328319549560547 ], [ 10.455280303955078, 36.169429779052734 ], [ 10.481109619140625, 36.037490844726562 ], [ 10.609720230102539, 35.856098175048828 ], [ 10.724720001220703, 35.772209167480469 ], [ 10.824440002441406, 35.782489776611328 ], [ 10.814169883728027, 35.727210998535156 ], [ 10.837220191955566, 35.698879241943359 ], [ 11.028059959411621, 35.63970947265625 ], [ 11.02694034576416, 35.525829315185547 ], [ 11.057220458984375, 35.509429931640625 ], [ 11.029999732971191, 35.436100006103516 ], [ 11.029439926147461, 35.331378936767578 ], [ 11.148050308227539, 35.239990234375 ], [ 11.103050231933594, 35.216098785400391 ], [ 10.891940116882324, 34.861930847167969 ], [ 10.605830192565918, 34.590549468994141 ], [ 10.427499771118164, 34.495269775390625 ], [ 10.375, 34.435821533203125 ], [ 10.111390113830566, 34.314708709716797 ], [ 10.021389961242676, 34.19110107421875 ], [ 10.019169807434082, 34.080268859863281 ], [ 10.096389770507812, 33.914440155029297 ], [ 10.356109619140625, 33.686100006103516 ], [ 10.486669540405273, 33.638881683349609 ], [ 10.669170379638672, 33.706928253173828 ], [ 10.718330383300781, 33.704151153564453 ], [ 10.722499847412109, 33.66387939453125 ], [ 10.672220230102539, 33.532768249511719 ], [ 10.754170417785645, 33.472759246826172 ], [ 10.903610229492188, 33.531101226806641 ], [ 10.932220458984375, 33.569438934326172 ], [ 10.900279998779297, 33.617210388183594 ], [ 10.933609962463379, 33.629989624023438 ], [ 11.048609733581543, 33.616939544677734 ], [ 11.088890075683594, 33.581661224365234 ], [ 11.114999771118164, 33.516101837158203 ], [ 11.105279922485352, 33.368320465087891 ], [ 11.291390419006348, 33.279991149902344 ], [ 11.131669998168945, 33.310821533203125 ], [ 11.118610382080078, 33.28887939453125 ], [ 11.175829887390137, 33.208049774169922 ], [ 11.527139663696289, 33.165779113769531 ] ] ] ] } },
{ "type": "Feature", "properties": { }, "geometry": { "type": "Polygon", "coordinates": [ [ [ 34.107769012451172, 0.356944292783737 ], [ 33.907199859619141, 0.103055499494076 ], [ 33.976089477539062, -0.134166702628136 ], [ 33.918590545654297, -0.452777892351151 ], [ 33.920330047607422, -1.001492023468018 ], [ 30.751180648803711, -0.997581124305725 ], [ 30.641380310058594, -1.072221994400024 ], [ 30.356100082397461, -1.065000057220459 ], [ 30.279720306396484, -1.214444994926453 ], [ 30.184719085693359, -1.274999976158142 ], [ 30.170549392700195, -1.339722037315369 ], [ 29.974990844726562, -1.464444041252136 ], [ 29.901939392089844, -1.455832958221436 ], [ 29.883329391479492, -1.367777943611145 ], [ 29.829160690307617, -1.319167017936707 ], [ 29.597469329833984, -1.385249018669128 ], [ 29.578329086303711, -0.899999976158142 ], [ 29.628330230712891, -0.888889074325562 ], [ 29.632770538330078, -0.646111071109772 ], [ 29.671939849853516, -0.572222173213959 ], [ 29.652700424194336, -0.476124286651611 ], [ 29.710819244384766, -0.069301411509514 ], [ 29.716659545898438, 0.072222203016281 ], [ 29.777219772338867, 0.175277695059776 ], [ 29.813880920410156, 0.158610999584198 ], [ 29.858329772949219, 0.366666585206985 ], [ 29.962490081787109, 0.487222105264664 ], [ 29.944160461425781, 0.572499811649323 ], [ 29.961889266967773, 0.830357611179352 ], [ 30.216100692749023, 0.992499709129333 ], [ 30.231660842895508, 1.125 ], [ 30.278049468994141, 1.168887972831726 ], [ 30.332210540771484, 1.151388049125671 ], [ 30.348600387573242, 1.196110010147095 ], [ 30.475650787353516, 1.232530951499939 ], [ 30.693330764770508, 1.49888801574707 ], [ 31.036659240722656, 1.765555024147034 ], [ 31.302770614624023, 2.121387958526611 ], [ 31.279720306396484, 2.176666021347046 ], [ 31.202489852905273, 2.229166030883789 ], [ 31.196939468383789, 2.305831909179688 ], [ 31.049720764160156, 2.303888082504272 ], [ 31.070270538330078, 2.334999084472656 ], [ 30.987209320068359, 2.408332109451294 ], [ 30.946380615234375, 2.408888101577759 ], [ 30.898050308227539, 2.335277080535889 ], [ 30.862209320068359, 2.353610992431641 ], [ 30.82666015625, 2.44222092628479 ], [ 30.729160308837891, 2.447777032852173 ], [ 30.78693962097168, 2.674721002578735 ], [ 30.856380462646484, 2.790832996368408 ], [ 30.877769470214844, 2.89722204208374 ], [ 30.76361083984375, 3.067222118377686 ], [ 30.935550689697266, 3.424721002578735 ], [ 30.909160614013672, 3.525831937789917 ], [ 30.868520736694336, 3.492140054702759 ], [ 30.954710006713867, 3.671109914779663 ], [ 31.176660537719727, 3.795277118682861 ], [ 31.288049697875977, 3.794722080230713 ], [ 31.540830612182617, 3.653609991073608 ], [ 31.701929092407227, 3.713054895401001 ], [ 31.794719696044922, 3.823333024978638 ], [ 31.930549621582031, 3.691942930221558 ], [ 31.95026969909668, 3.594721078872681 ], [ 32.063869476318359, 3.590276956558228 ], [ 32.093601226806641, 3.532499074935913 ], [ 32.193309783935547, 3.511388063430786 ], [ 32.195259094238281, 3.611943960189819 ], [ 32.404430389404297, 3.74360990524292 ], [ 32.716648101806641, 3.755276918411255 ], [ 33.016651153564453, 3.888609886169434 ], [ 33.183868408203125, 3.766109943389893 ], [ 33.516929626464844, 3.752222061157227 ], [ 33.997600555419922, 4.221759796142578 ], [ 34.054698944091797, 4.185554027557373 ], [ 34.129711151123047, 3.954442977905273 ], [ 34.099430084228516, 3.879998922348022 ], [ 34.214149475097656, 3.887499094009399 ], [ 34.210540771484375, 3.84055495262146 ], [ 34.163311004638672, 3.827220916748047 ], [ 34.176090240478516, 3.775554895401001 ], [ 34.263599395751953, 3.786387920379639 ], [ 34.299430847167969, 3.706665992736816 ], [ 34.354988098144531, 3.738610029220581 ], [ 34.463321685791016, 3.671387910842896 ], [ 34.455539703369141, 3.524166107177734 ], [ 34.404979705810547, 3.406666040420532 ], [ 34.454151153564453, 3.181942939758301 ], [ 34.559150695800781, 3.111109972000122 ], [ 34.5908203125, 2.939443111419678 ], [ 34.662200927734375, 2.861109972000122 ], [ 34.749710083007812, 2.855833053588867 ], [ 34.839149475097656, 2.603888034820557 ], [ 34.935810089111328, 2.506943941116333 ], [ 34.940540313720703, 2.450555086135864 ], [ 34.882198333740234, 2.4130539894104 ], [ 34.994991302490234, 2.091109991073608 ], [ 34.979148864746094, 1.994722008705139 ], [ 35.026088714599609, 1.919721961021423 ], [ 34.999431610107422, 1.876665949821472 ], [ 34.999988555908203, 1.67194402217865 ], [ 34.792209625244141, 1.393610954284668 ], [ 34.829708099365234, 1.288887977600098 ], [ 34.819709777832031, 1.231387972831726 ], [ 34.605819702148438, 1.158887982368469 ], [ 34.577480316162109, 1.092499017715454 ], [ 34.527439117431641, 1.113417029380798 ], [ 34.410808563232422, 0.821944177150726 ], [ 34.260818481445312, 0.641110897064209 ], [ 34.159980773925781, 0.60305517911911 ], [ 34.107769012451172, 0.356944292783737 ] ] ] } },
{ "type": "Feature", "properties": { }, "geometry": { "type": "Polygon", "coordinates": [ [ [ -13.17693042755127, 27.665079116821289 ], [ -8.669294357299805, 27.668849945068359 ], [ -8.66722297668457, 26.000270843505859 ], [ -12.000829696655273, 26.0 ], [ -12.00055980682373, 23.454439163208008 ], [ -12.596389770507812, 23.276430130004883 ], [ -12.99860954284668, 23.02471923828125 ], [ -13.105549812316895, 22.893049240112305 ], [ -13.150279998779297, 22.757499694824219 ], [ -13.079170227050781, 22.510549545288086 ], [ -13.0, 21.338050842285156 ], [ -16.95305061340332, 21.338329315185547 ], [ -17.054349899291992, 20.917930603027344 ], [ -17.054349899291992, 20.770069122314453 ], [ -17.073610305786133, 20.804159164428711 ], [ -16.956949234008789, 21.833330154418945 ], [ -16.850830078125, 22.075550079345703 ], [ -16.668889999389648, 22.296379089355469 ], [ -16.621950149536133, 22.27471923828125 ], [ -16.496950149536133, 22.325830459594727 ], [ -16.287220001220703, 22.900550842285156 ], [ -16.205560684204102, 22.928600311279297 ], [ -16.158609390258789, 23.00054931640625 ], [ -16.151950836181641, 23.068880081176758 ], [ -16.216390609741211, 23.083879470825195 ], [ -15.763059616088867, 23.791379928588867 ], [ -15.781669616699219, 23.909999847412109 ], [ -15.975000381469727, 23.663330078125 ], [ -15.901390075683594, 23.832769393920898 ], [ -15.675270080566406, 24.000469207763672 ], [ -15.413610458374023, 24.241659164428711 ], [ -15.226670265197754, 24.443330764770508 ], [ -15.031390190124512, 24.541660308837891 ], [ -14.893059730529785, 24.708330154418945 ], [ -14.831950187683105, 25.056390762329102 ], [ -14.822779655456543, 25.319440841674805 ], [ -14.711669921875, 25.525829315185547 ], [ -14.682780265808105, 25.623880386352539 ], [ -14.517219543457031, 25.930269241333008 ], [ -14.486669540405273, 26.155550003051758 ], [ -14.409170150756836, 26.259439468383789 ], [ -14.291390419006348, 26.30194091796875 ], [ -14.176950454711914, 26.427770614624023 ], [ -14.079999923706055, 26.433879852294922 ], [ -13.618060111999512, 26.687219619750977 ], [ -13.545829772949219, 26.768880844116211 ], [ -13.17693042755127, 27.665079116821289 ] ] ] } },
{ "type": "Feature", "properties": { }, "geometry": { "type": "Polygon", "coordinates": [ [ [ 31.277450561523438, 2.178203105926514 ], [ 31.302770614624023, 2.121387958526611 ], [ 31.036659240722656, 1.765555024147034 ], [ 30.693330764770508, 1.49888801574707 ], [ 30.475650787353516, 1.232530951499939 ], [ 30.348600387573242, 1.196110010147095 ], [ 30.332210540771484, 1.151388049125671 ], [ 30.278049468994141, 1.168887972831726 ], [ 30.231660842895508, 1.125 ], [ 30.216100692749023, 0.992499709129333 ], [ 29.961889266967773, 0.830357611179352 ], [ 29.944160461425781, 0.572499811649323 ], [ 29.962490081787109, 0.487222105264664 ], [ 29.858329772949219, 0.366666585206985 ], [ 29.813880920410156, 0.158610999584198 ], [ 29.777219772338867, 0.175277695059776 ], [ 29.716659545898438, 0.072222203016281 ], [ 29.710819244384766, -0.069301411509514 ], [ 29.652700424194336, -0.476124286651611 ], [ 29.671939849853516, -0.572222173213959 ], [ 29.632770538330078, -0.646111071109772 ], [ 29.628330230712891, -0.888889074325562 ], [ 29.578329086303711, -0.899999976158142 ], [ 29.597469329833984, -1.385249018669128 ], [ 29.361099243164062, -1.510277986526489 ], [ 29.14109992980957, -1.819722056388855 ], [ 29.123880386352539, -1.904445052146912 ], [ 29.170549392700195, -2.086389064788818 ], [ 29.123600006103516, -2.229166984558105 ], [ 29.091939926147461, -2.273056030273438 ], [ 28.993320465087891, -2.285556077957153 ], [ 28.957769393920898, -2.362222909927368 ], [ 28.88916015625, -2.367223024368286 ], [ 28.863609313964844, -2.410278081893921 ], [ 28.883880615234375, -2.478610992431641 ], [ 28.85331916809082, -2.513611078262329 ], [ 28.88916015625, -2.653888940811157 ], [ 29.024150848388672, -2.744446992874146 ], [ 28.987770080566406, -2.769999980926514 ], [ 28.987489700317383, -2.810555934906006 ], [ 29.074440002441406, -2.874722003936768 ], [ 29.148599624633789, -2.996110916137695 ], [ 29.219160079956055, -3.021111011505127 ], [ 29.240549087524414, -3.110833883285522 ], [ 29.210550308227539, -3.236666917800903 ], [ 29.246940612792969, -3.594444036483765 ], [ 29.232490539550781, -3.884999990463257 ], [ 29.385549545288086, -4.154168128967285 ], [ 29.430820465087891, -4.541111946105957 ], [ 29.341379165649414, -4.797778129577637 ], [ 29.35137939453125, -4.951388835906982 ], [ 29.621660232543945, -5.669167995452881 ], [ 29.631940841674805, -5.748333930969238 ], [ 29.504709243774414, -5.945834159851074 ], [ 29.496660232543945, -6.043889045715332 ], [ 29.550270080566406, -6.295279026031494 ], [ 29.823049545288086, -6.698332786560059 ], [ 30.207490921020508, -6.992499828338623 ], [ 30.381940841674805, -7.283889770507812 ], [ 30.455829620361328, -7.580278873443604 ], [ 30.708599090576172, -8.000278472900391 ], [ 30.769990921020508, -8.190834045410156 ], [ 28.89763069152832, -8.480903625488281 ], [ 28.955829620361328, -8.605279922485352 ], [ 28.961660385131836, -8.667779922485352 ], [ 28.728599548339844, -8.991945266723633 ], [ 28.525270462036133, -9.162502288818359 ], [ 28.388050079345703, -9.235279083251953 ], [ 28.371110916137695, -9.273336410522461 ], [ 28.402210235595703, -9.311668395996094 ], [ 28.521549224853516, -9.378149032592773 ], [ 28.58721923828125, -9.570001602172852 ], [ 28.696380615234375, -9.798336029052734 ], [ 28.668600082397461, -9.819446563720703 ], [ 28.624990463256836, -10.142499923706055 ], [ 28.570270538330078, -10.222499847412109 ], [ 28.693050384521484, -10.666950225830078 ], [ 28.618320465087891, -10.721670150756836 ], [ 28.507219314575195, -10.994449615478516 ], [ 28.484159469604492, -11.168060302734375 ], [ 28.358049392700195, -11.534170150756836 ], [ 28.463329315185547, -11.796669960021973 ], [ 28.812210083007812, -12.07194995880127 ], [ 29.03693962097168, -12.38444995880127 ], [ 29.210819244384766, -12.372220039367676 ], [ 29.481929779052734, -12.460280418395996 ], [ 29.522220611572266, -12.436949729919434 ], [ 29.525829315185547, -12.391670227050781 ], [ 29.480550765991211, -12.385560035705566 ], [ 29.459430694580078, -12.28639030456543 ], [ 29.499160766601562, -12.229450225830078 ], [ 29.805629730224609, -12.158530235290527 ], [ 29.80194091796875, -13.451950073242188 ], [ 29.66387939453125, -13.437780380249023 ], [ 29.629709243774414, -13.409449577331543 ], [ 29.621379852294922, -13.371950149536133 ], [ 29.682769775390625, -13.306110382080078 ], [ 29.683599472045898, -13.265000343322754 ], [ 29.589439392089844, -13.221940040588379 ], [ 29.170829772949219, -13.399720191955566 ], [ 29.065830230712891, -13.38694953918457 ], [ 29.015829086303711, -13.397780418395996 ], [ 28.961660385131836, -13.347780227661133 ], [ 28.924709320068359, -13.160280227661133 ], [ 28.844989776611328, -13.091389656066895 ], [ 28.822219848632812, -12.989170074462891 ], [ 28.67888069152832, -12.842220306396484 ], [ 28.632490158081055, -12.840840339660645 ], [ 28.596660614013672, -12.894729614257812 ], [ 28.569990158081055, -12.890839576721191 ], [ 28.493600845336914, -12.741950035095215 ], [ 28.533330917358398, -12.671389579772949 ], [ 28.366100311279297, -12.455550193786621 ], [ 28.210819244384766, -12.401390075683594 ], [ 28.151660919189453, -12.431670188903809 ], [ 28.044719696044922, -12.364999771118164 ], [ 27.981100082397461, -12.370559692382812 ], [ 27.955549240112305, -12.301670074462891 ], [ 27.854709625244141, -12.253339767456055 ], [ 27.796939849853516, -12.298609733581543 ], [ 27.674720764160156, -12.302780151367188 ], [ 27.547210693359375, -12.189720153808594 ], [ 27.478599548339844, -11.966670036315918 ], [ 27.241100311279297, -11.793609619140625 ], [ 27.213600158691406, -11.582500457763672 ], [ 27.032220840454102, -11.596110343933105 ], [ 26.986099243164062, -11.871669769287109 ], [ 26.902210235595703, -11.96111011505127 ], [ 26.723049163818359, -12.018890380859375 ], [ 26.461099624633789, -11.917220115661621 ], [ 26.017219543457031, -11.903610229492188 ], [ 25.874710083007812, -11.789449691772461 ], [ 25.782220840454102, -11.802499771118164 ], [ 25.560270309448242, -11.753339767456055 ], [ 25.518329620361328, -11.778340339660645 ], [ 25.493049621582031, -11.76222038269043 ], [ 25.50248908996582, -11.719449996948242 ], [ 25.359710693359375, -11.641670227050781 ], [ 25.288600921630859, -11.37639045715332 ], [ 25.346380233764648, -11.213890075683594 ], [ 25.332210540771484, -11.193329811096191 ], [ 24.811100006103516, -11.323610305786133 ], [ 24.698600769042969, -11.33860969543457 ], [ 24.531660079956055, -11.459719657897949 ], [ 24.448329925537109, -11.46360969543457 ], [ 24.391380310058594, -11.409449577331543 ], [ 24.312770843505859, -11.397500038146973 ], [ 24.304439544677734, -11.37555980682373 ], [ 24.361099243164062, -11.355279922485352 ], [ 24.410270690917969, -11.280280113220215 ], [ 24.39971923828125, -11.114170074462891 ], [ 24.323049545288086, -11.051950454711914 ], [ 24.143049240112305, -11.037779808044434 ], [ 24.131940841674805, -10.914719581604004 ], [ 23.982719421386719, -10.869629859924316 ], [ 23.886100769042969, -11.01471996307373 ], [ 23.850549697875977, -11.027779579162598 ], [ 23.503049850463867, -10.959719657897949 ], [ 23.397489547729492, -10.970279693603516 ], [ 23.108049392700195, -11.091950416564941 ], [ 22.942770004272461, -11.095000267028809 ], [ 22.869159698486328, -11.050559997558594 ], [ 22.723600387573242, -11.093330383300781 ], [ 22.580829620361328, -11.034449577331543 ], [ 22.519710540771484, -11.041950225830078 ], [ 22.483600616455078, -11.130000114440918 ], [ 22.24445915222168, -11.250639915466309 ], [ 22.246099472045898, -11.073060035705566 ], [ 22.165550231933594, -10.873330116271973 ], [ 22.186660766601562, -10.829170227050781 ], [ 22.31304931640625, -10.767219543457031 ], [ 22.303329467773438, -10.537779808044434 ], [ 22.26416015625, -10.50055980682373 ], [ 22.31443977355957, -10.38584041595459 ], [ 22.147209167480469, -9.911392211914062 ], [ 22.024990081787109, -9.851390838623047 ], [ 21.834989547729492, -9.533613204956055 ], [ 21.790550231933594, -9.405555725097656 ], [ 21.854709625244141, -9.229445457458496 ], [ 21.860269546508789, -8.85472297668457 ], [ 21.937210083007812, -8.443058013916016 ], [ 21.809160232543945, -8.062221527099609 ], [ 21.749439239501953, -7.945001125335693 ], [ 21.846099853515625, -7.452500820159912 ], [ 21.819709777832031, -7.325557231903076 ], [ 21.783599853515625, -7.281668186187744 ], [ 20.541929244995117, -7.284683227539062 ], [ 20.539989471435547, -7.142222881317139 ], [ 20.631099700927734, -6.914444923400879 ], [ 20.332490921020508, -6.914444923400879 ], [ 20.311380386352539, -6.994722843170166 ], [ 19.542219161987305, -6.997222900390625 ], [ 19.566379547119141, -7.053055763244629 ], [ 19.504709243774414, -7.1438889503479 ], [ 19.499439239501953, -7.351666927337646 ], [ 19.535829544067383, -7.460000038146973 ], [ 19.471380233764648, -7.568611145019531 ], [ 19.37748908996582, -7.571668148040771 ], [ 19.359159469604492, -7.85805606842041 ], [ 19.373050689697266, -7.996111869812012 ], [ 18.794990539550781, -7.998888969421387 ], [ 18.767770767211914, -7.930554866790771 ], [ 18.531110763549805, -7.930278778076172 ], [ 18.525829315185547, -7.995555877685547 ], [ 18.135269165039062, -8.020833969116211 ], [ 18.111940383911133, -8.078058242797852 ], [ 18.118049621582031, -8.106943130493164 ], [ 18.007219314575195, -8.108057022094727 ], [ 17.922210693359375, -8.046669006347656 ], [ 17.868600845336914, -8.045833587646484 ], [ 17.804990768432617, -8.086389541625977 ], [ 17.740549087524414, -8.061946868896484 ], [ 17.638050079345703, -8.098054885864258 ], [ 17.537220001220703, -8.07722282409668 ], [ 17.543329238891602, -8.021390914916992 ], [ 17.437210083007812, -7.924723148345947 ], [ 17.419719696044922, -7.848056793212891 ], [ 17.284160614013672, -7.699443817138672 ], [ 17.287769317626953, -7.626389980316162 ], [ 17.214439392089844, -7.588613033294678 ], [ 17.146659851074219, -7.46944522857666 ], [ 17.181100845336914, -7.427777767181396 ], [ 17.105550765991211, -7.422223091125488 ], [ 16.945819854736328, -7.208334922790527 ], [ 16.959999084472656, -6.98527717590332 ], [ 16.91193962097168, -6.865555763244629 ], [ 16.841110229492188, -6.799444198608398 ], [ 16.703880310058594, -6.464446067810059 ], [ 16.717489242553711, -6.177223205566406 ], [ 16.600000381469727, -6.012500762939453 ], [ 16.579719543457031, -5.900833129882812 ], [ 16.368320465087891, -5.853055953979492 ], [ 15.028059959411621, -5.862779140472412 ], [ 14.335550308227539, -5.892500877380371 ], [ 13.980279922485352, -5.83583402633667 ], [ 13.408049583435059, -5.853888988494873 ], [ 13.341389656066895, -5.890555858612061 ], [ 12.92555046081543, -5.817779064178467 ], [ 12.768050193786621, -5.853888988494873 ], [ 12.712499618530273, -5.956111907958984 ], [ 12.435830116271973, -6.016666889190674 ], [ 12.458049774169922, -5.971666812896729 ], [ 12.394160270690918, -5.958055973052979 ], [ 12.265000343322754, -5.864723205566406 ], [ 12.209659576416016, -5.770905017852783 ], [ 12.283889770507812, -5.734446048736572 ], [ 12.526659965515137, -5.724166870117188 ], [ 12.53888988494873, -5.120832920074463 ], [ 12.462050437927246, -5.092357158660889 ], [ 12.708049774169922, -4.9186110496521 ], [ 12.825550079345703, -4.735557079315186 ], [ 13.082500457763672, -4.670000076293945 ], [ 13.100830078125, -4.572501182556152 ], [ 13.145279884338379, -4.589168071746826 ], [ 13.194720268249512, -4.683610916137695 ], [ 13.375550270080566, -4.786667823791504 ], [ 13.410280227661133, -4.883056163787842 ], [ 13.494159698486328, -4.80388879776001 ], [ 13.700550079345703, -4.723333835601807 ], [ 13.73915958404541, -4.441667079925537 ], [ 13.828610420227051, -4.426111221313477 ], [ 13.880270004272461, -4.484723091125488 ], [ 13.965000152587891, -4.495000839233398 ], [ 13.991109848022461, -4.465278148651123 ], [ 14.415280342102051, -4.274167060852051 ], [ 14.399160385131836, -4.341390132904053 ], [ 14.487500190734863, -4.426945209503174 ], [ 14.476659774780273, -4.456389904022217 ], [ 14.364720344543457, -4.557777881622314 ], [ 14.383330345153809, -4.59944486618042 ], [ 14.419039726257324, -4.887648105621338 ], [ 14.495829582214355, -4.840834140777588 ], [ 14.654999732971191, -4.910000801086426 ], [ 14.718890190124512, -4.885000228881836 ], [ 14.846110343933105, -4.791667938232422 ], [ 15.15194034576416, -4.420000076293945 ], [ 15.272870063781738, -4.306760787963867 ], [ 15.428609848022461, -4.293612003326416 ], [ 15.473329544067383, -4.248889923095703 ], [ 15.516949653625488, -4.096802234649658 ], [ 15.569439888000488, -4.037221908569336 ], [ 15.843330383300781, -3.969166994094849 ], [ 15.911109924316406, -3.919722080230713 ], [ 15.983329772949219, -3.756944894790649 ], [ 16.22776985168457, -3.322221994400024 ], [ 16.188880920410156, -3.061666011810303 ], [ 16.183879852294922, -2.245832920074463 ], [ 16.206939697265625, -2.158889055252075 ], [ 16.414440155029297, -1.9811110496521 ], [ 16.583879470825195, -1.766667008399963 ], [ 16.807220458984375, -1.316388964653015 ], [ 16.968050003051758, -1.153888940811157 ], [ 17.306940078735352, -1.015277981758118 ], [ 17.635549545288086, -0.67083328962326 ], [ 17.736930847167969, -0.443611085414886 ], [ 17.736770629882812, -0.316365391016006 ], [ 17.709989547729492, -0.174166694283485 ], [ 17.803600311279297, 0.148611098527908 ], [ 17.948699951171875, 0.352614909410477 ], [ 17.966930389404297, 0.447777599096298 ], [ 17.878879547119141, 0.953333079814911 ], [ 18.038600921630859, 1.445554971694946 ], [ 18.078329086303711, 1.655277013778687 ], [ 18.093330383300781, 2.229443073272705 ], [ 18.342020034790039, 2.612627983093262 ], [ 18.539329528808594, 3.075680017471313 ], [ 18.611660003662109, 3.131942987442017 ], [ 18.642219543457031, 3.210555076599121 ], [ 18.594989776611328, 3.769165992736816 ], [ 18.648880004882812, 4.002499103546143 ], [ 18.591379165649414, 4.231110095977783 ], [ 18.537769317626953, 4.299164772033691 ], [ 18.541940689086914, 4.335554122924805 ], [ 18.582210540771484, 4.370553016662598 ], [ 18.714710235595703, 4.370275020599365 ], [ 18.776660919189453, 4.423330783843994 ], [ 18.816099166870117, 4.526387214660645 ], [ 19.08888053894043, 4.918054103851318 ], [ 19.284109115600586, 5.027812004089355 ], [ 19.398330688476562, 5.119997978210449 ], [ 19.566379547119141, 5.150276184082031 ], [ 19.838329315185547, 5.08833122253418 ], [ 19.865829467773438, 5.041665077209473 ], [ 20.370269775390625, 4.725831031799316 ], [ 20.456380844116211, 4.5191650390625 ], [ 20.576099395751953, 4.414721012115479 ], [ 20.614719390869141, 4.408052921295166 ], [ 20.838600158691406, 4.449163913726807 ], [ 20.984439849853516, 4.426663875579834 ], [ 21.172210693359375, 4.303885936737061 ], [ 21.282770156860352, 4.334165096282959 ], [ 21.355270385742188, 4.279998779296875 ], [ 21.55194091796875, 4.24583101272583 ], [ 21.658599853515625, 4.299164772033691 ], [ 22.259719848632812, 4.134164810180664 ], [ 22.391380310058594, 4.128609180450439 ], [ 22.468050003051758, 4.155275821685791 ], [ 22.61305046081543, 4.369163990020752 ], [ 22.58721923828125, 4.411664962768555 ], [ 22.60137939453125, 4.477221012115479 ], [ 22.694160461425781, 4.493052959442139 ], [ 22.726659774780273, 4.622775077819824 ], [ 22.792770385742188, 4.72360897064209 ], [ 22.855829238891602, 4.706943035125732 ], [ 22.890829086303711, 4.819165229797363 ], [ 22.979160308837891, 4.828608989715576 ], [ 23.022499084472656, 4.743052959442139 ], [ 23.186660766601562, 4.724442005157471 ], [ 23.272220611572266, 4.624720096588135 ], [ 23.426380157470703, 4.59194278717041 ], [ 23.449989318847656, 4.658886909484863 ], [ 23.709159851074219, 4.77583122253418 ], [ 24.105550765991211, 4.919998168945312 ], [ 24.151939392089844, 4.899999141693115 ], [ 24.401939392089844, 5.035274982452393 ], [ 24.354990005493164, 5.059998035430908 ], [ 24.394159317016602, 5.115553855895996 ], [ 24.431659698486328, 5.065275192260742 ], [ 24.45359992980957, 5.106387138366699 ], [ 24.525550842285156, 5.077220916748047 ], [ 24.672769546508789, 4.918054103851318 ], [ 24.977209091186523, 4.987775802612305 ], [ 25.075820922851562, 4.947219848632812 ], [ 25.112770080566406, 4.998054027557373 ], [ 25.22776985168457, 5.006943225860596 ], [ 25.323600769042969, 5.057497978210449 ], [ 25.310550689697266, 5.191109180450439 ], [ 25.361940383911133, 5.314720153808594 ], [ 25.520830154418945, 5.347497940063477 ], [ 25.875820159912109, 5.217497825622559 ], [ 25.905269622802734, 5.165832042694092 ], [ 25.973320007324219, 5.231665134429932 ], [ 26.031110763549805, 5.191109180450439 ], [ 26.088329315185547, 5.240553855895996 ], [ 26.163600921630859, 5.22999906539917 ], [ 26.50054931640625, 5.044721126556396 ], [ 26.646379470825195, 5.081110000610352 ], [ 26.872489929199219, 5.031386852264404 ], [ 26.945270538330078, 5.146110057830811 ], [ 27.096380233764648, 5.202775955200195 ], [ 27.419439315795898, 5.074719905853271 ], [ 27.455860137939453, 5.017142772674561 ], [ 27.57805061340332, 4.894999027252197 ], [ 27.648880004882812, 4.901941776275635 ], [ 27.702770233154297, 4.833610057830811 ], [ 27.703880310058594, 4.793610095977783 ], [ 27.782220840454102, 4.760276794433594 ], [ 27.786109924316406, 4.606942176818848 ], [ 27.929710388183594, 4.551108837127686 ], [ 28.032770156860352, 4.560554027557373 ], [ 28.064159393310547, 4.431108951568604 ], [ 28.166379928588867, 4.387775897979736 ], [ 28.200820922851562, 4.347497940063477 ], [ 28.335830688476562, 4.351109981536865 ], [ 28.369159698486328, 4.28277587890625 ], [ 28.442489624023438, 4.287775993347168 ], [ 28.505830764770508, 4.373054027557373 ], [ 28.650829315185547, 4.423608779907227 ], [ 28.768600463867188, 4.556386947631836 ], [ 28.882770538330078, 4.479720115661621 ], [ 29.062770843505859, 4.461109161376953 ], [ 29.204990386962891, 4.343609809875488 ], [ 29.252220153808594, 4.351109981536865 ], [ 29.254440307617188, 4.38749885559082 ], [ 29.321659088134766, 4.386664867401123 ], [ 29.479990005493164, 4.676942825317383 ], [ 29.674709320068359, 4.627220153808594 ], [ 29.814720153808594, 4.560276031494141 ], [ 29.793329238891602, 4.384997844696045 ], [ 29.836660385131836, 4.346386909484863 ], [ 29.89971923828125, 4.346664905548096 ], [ 29.956659317016602, 4.302219867706299 ], [ 29.945270538330078, 4.243886947631836 ], [ 30.026660919189453, 4.205276012420654 ], [ 30.065269470214844, 4.128054141998291 ], [ 30.140270233154297, 4.108887195587158 ], [ 30.205270767211914, 3.962498903274536 ], [ 30.544439315795898, 3.870553970336914 ], [ 30.581939697265625, 3.697221040725708 ], [ 30.558879852294922, 3.613888025283813 ], [ 30.614719390869141, 3.60694408416748 ], [ 30.763050079345703, 3.682776927947998 ], [ 30.855270385742188, 3.57249903678894 ], [ 30.868520736694336, 3.492140054702759 ], [ 30.909160614013672, 3.525831937789917 ], [ 30.935550689697266, 3.424721002578735 ], [ 30.76361083984375, 3.067222118377686 ], [ 30.877769470214844, 2.89722204208374 ], [ 30.856380462646484, 2.790832996368408 ], [ 30.78693962097168, 2.674721002578735 ], [ 30.729160308837891, 2.447777032852173 ], [ 30.82666015625, 2.44222092628479 ], [ 30.862209320068359, 2.353610992431641 ], [ 30.898050308227539, 2.335277080535889 ], [ 30.946380615234375, 2.408888101577759 ], [ 30.987209320068359, 2.408332109451294 ], [ 31.070270538330078, 2.334999084472656 ], [ 31.049720764160156, 2.303888082504272 ], [ 31.196939468383789, 2.305831909179688 ], [ 31.202489852905273, 2.229166030883789 ], [ 31.277450561523438, 2.178203105926514 ] ] ] } },
{ "type": "Feature", "properties": { }, "geometry": { "type": "Polygon", "coordinates": [ [ [ 28.761909484863281, -16.534400939941406 ], [ 28.259990692138672, -16.724170684814453 ], [ 28.138599395751953, -16.823619842529297 ], [ 27.82526969909668, -16.959169387817383 ], [ 27.638879776000977, -17.224720001220703 ], [ 27.619159698486328, -17.337230682373047 ], [ 27.145820617675781, -17.804449081420898 ], [ 27.146219253540039, -17.845279693603516 ], [ 27.122430801391602, -17.880760192871094 ], [ 27.020769119262695, -17.964179992675781 ], [ 26.689159393310547, -18.075279235839844 ], [ 26.462770462036133, -17.968610763549805 ], [ 26.314720153808594, -17.935840606689453 ], [ 26.214990615844727, -17.884170532226562 ], [ 25.971660614013672, -18.006389617919922 ], [ 25.859710693359375, -17.973339080810547 ], [ 25.854160308837891, -17.908620834350586 ], [ 25.719989776611328, -17.836389541625977 ], [ 25.391939163208008, -17.850839614868164 ], [ 25.265750885009766, -17.797660827636719 ], [ 25.118320465087891, -17.694730758666992 ], [ 25.032770156860352, -17.582500457763672 ], [ 24.763879776000977, -17.509729385375977 ], [ 24.23567008972168, -17.481880187988281 ], [ 23.474859237670898, -17.624530792236328 ], [ 23.20166015625, -17.479719161987305 ], [ 22.248880386352539, -16.569999694824219 ], [ 22.138879776000977, -16.492500305175781 ], [ 22.070829391479492, -16.239170074462891 ], [ 22.000789642333984, -16.17085075378418 ], [ 21.998329162597656, -13.004170417785645 ], [ 24.020549774169922, -13.006389617919922 ], [ 23.886940002441406, -12.804719924926758 ], [ 23.914989471435547, -12.669719696044922 ], [ 24.052219390869141, -12.385279655456543 ], [ 24.034990310668945, -12.264169692993164 ], [ 23.974990844726562, -12.199999809265137 ], [ 23.995540618896484, -11.771670341491699 ], [ 24.028610229492188, -11.457779884338379 ], [ 24.062210083007812, -11.421950340270996 ], [ 23.982719421386719, -10.869629859924316 ], [ 24.131940841674805, -10.914719581604004 ], [ 24.143049240112305, -11.037779808044434 ], [ 24.323049545288086, -11.051950454711914 ], [ 24.39971923828125, -11.114170074462891 ], [ 24.410270690917969, -11.280280113220215 ], [ 24.361099243164062, -11.355279922485352 ], [ 24.304439544677734, -11.37555980682373 ], [ 24.312770843505859, -11.397500038146973 ], [ 24.391380310058594, -11.409449577331543 ], [ 24.448329925537109, -11.46360969543457 ], [ 24.531660079956055, -11.459719657897949 ], [ 24.698600769042969, -11.33860969543457 ], [ 24.811100006103516, -11.323610305786133 ], [ 25.332210540771484, -11.193329811096191 ], [ 25.346380233764648, -11.213890075683594 ], [ 25.288600921630859, -11.37639045715332 ], [ 25.359710693359375, -11.641670227050781 ], [ 25.50248908996582, -11.719449996948242 ], [ 25.493049621582031, -11.76222038269043 ], [ 25.518329620361328, -11.778340339660645 ], [ 25.560270309448242, -11.753339767456055 ], [ 25.782220840454102, -11.802499771118164 ], [ 25.874710083007812, -11.789449691772461 ], [ 26.017219543457031, -11.903610229492188 ], [ 26.461099624633789, -11.917220115661621 ], [ 26.723049163818359, -12.018890380859375 ], [ 26.902210235595703, -11.96111011505127 ], [ 26.986099243164062, -11.871669769287109 ], [ 27.032220840454102, -11.596110343933105 ], [ 27.213600158691406, -11.582500457763672 ], [ 27.241100311279297, -11.793609619140625 ], [ 27.478599548339844, -11.966670036315918 ], [ 27.547210693359375, -12.189720153808594 ], [ 27.674720764160156, -12.302780151367188 ], [ 27.796939849853516, -12.298609733581543 ], [ 27.854709625244141, -12.253339767456055 ], [ 27.955549240112305, -12.301670074462891 ], [ 27.981100082397461, -12.370559692382812 ], [ 28.044719696044922, -12.364999771118164 ], [ 28.151660919189453, -12.431670188903809 ], [ 28.210819244384766, -12.401390075683594 ], [ 28.366100311279297, -12.455550193786621 ], [ 28.533330917358398, -12.671389579772949 ], [ 28.493600845336914, -12.741950035095215 ], [ 28.569990158081055, -12.890839576721191 ], [ 28.596660614013672, -12.894729614257812 ], [ 28.632490158081055, -12.840840339660645 ], [ 28.67888069152832, -12.842220306396484 ], [ 28.822219848632812, -12.989170074462891 ], [ 28.844989776611328, -13.091389656066895 ], [ 28.924709320068359, -13.160280227661133 ], [ 28.961660385131836, -13.347780227661133 ], [ 29.015829086303711, -13.397780418395996 ], [ 29.065830230712891, -13.38694953918457 ], [ 29.170829772949219, -13.399720191955566 ], [ 29.589439392089844, -13.221940040588379 ], [ 29.683599472045898, -13.265000343322754 ], [ 29.682769775390625, -13.306110382080078 ], [ 29.621379852294922, -13.371950149536133 ], [ 29.629709243774414, -13.409449577331543 ], [ 29.66387939453125, -13.437780380249023 ], [ 29.80194091796875, -13.451950073242188 ], [ 29.805629730224609, -12.158530235290527 ], [ 29.499160766601562, -12.229450225830078 ], [ 29.459430694580078, -12.28639030456543 ], [ 29.480550765991211, -12.385560035705566 ], [ 29.525829315185547, -12.391670227050781 ], [ 29.522220611572266, -12.436949729919434 ], [ 29.481929779052734, -12.460280418395996 ], [ 29.210819244384766, -12.372220039367676 ], [ 29.03693962097168, -12.38444995880127 ], [ 28.812210083007812, -12.07194995880127 ], [ 28.463329315185547, -11.796669960021973 ], [ 28.358049392700195, -11.534170150756836 ], [ 28.484159469604492, -11.168060302734375 ], [ 28.507219314575195, -10.994449615478516 ], [ 28.618320465087891, -10.721670150756836 ], [ 28.693050384521484, -10.666950225830078 ], [ 28.570270538330078, -10.222499847412109 ], [ 28.624990463256836, -10.142499923706055 ], [ 28.668600082397461, -9.819446563720703 ], [ 28.696380615234375, -9.798336029052734 ], [ 28.58721923828125, -9.570001602172852 ], [ 28.521549224853516, -9.378149032592773 ], [ 28.402210235595703, -9.311668395996094 ], [ 28.371110916137695, -9.273336410522461 ], [ 28.388050079345703, -9.235279083251953 ], [ 28.525270462036133, -9.162502288818359 ], [ 28.728599548339844, -8.991945266723633 ], [ 28.961660385131836, -8.667779922485352 ], [ 28.955829620361328, -8.605279922485352 ], [ 28.89763069152832, -8.480903625488281 ], [ 30.769990921020508, -8.190834045410156 ], [ 30.898599624633789, -8.455833435058594 ], [ 31.041099548339844, -8.590278625488281 ], [ 31.125820159912109, -8.615556716918945 ], [ 31.220550537109375, -8.576665878295898 ], [ 31.273050308227539, -8.621946334838867 ], [ 31.37554931640625, -8.582223892211914 ], [ 31.398050308227539, -8.629444122314453 ], [ 31.551660537719727, -8.689167022705078 ], [ 31.573049545288086, -8.818611145019531 ], [ 31.683599472045898, -8.908891677856445 ], [ 31.785549163818359, -8.885002136230469 ], [ 31.956100463867188, -8.930835723876953 ], [ 31.931379318237305, -8.980001449584961 ], [ 31.937490463256836, -9.029169082641602 ], [ 31.984439849853516, -9.073057174682617 ], [ 32.042209625244141, -9.040836334228516 ], [ 32.470821380615234, -9.160558700561523 ], [ 32.536930084228516, -9.261114120483398 ], [ 32.741928100585938, -9.281669616699219 ], [ 32.830818176269531, -9.366390228271484 ], [ 32.940681457519531, -9.406267166137695 ], [ 32.953868865966797, -9.489444732666016 ], [ 32.985019683837891, -9.481030464172363 ], [ 32.993320465087891, -9.621667861938477 ], [ 33.104709625244141, -9.66278076171875 ], [ 33.117759704589844, -9.586668014526367 ], [ 33.229148864746094, -9.634166717529297 ], [ 33.238590240478516, -9.731388092041016 ], [ 33.361370086669922, -9.824445724487305 ], [ 33.390270233154297, -9.90361213684082 ], [ 33.359428405761719, -9.93305778503418 ], [ 33.324161529541016, -10.067779541015625 ], [ 33.559429168701172, -10.227219581604004 ], [ 33.572761535644531, -10.400279998779297 ], [ 33.684978485107422, -10.513339996337891 ], [ 33.693038940429688, -10.581110000610352 ], [ 33.501659393310547, -10.779720306396484 ], [ 33.396930694580078, -10.798609733581543 ], [ 33.250270843505859, -10.897500038146973 ], [ 33.409149169921875, -11.170000076293945 ], [ 33.356651306152344, -11.256110191345215 ], [ 33.230541229248047, -11.57472038269043 ], [ 33.284431457519531, -11.570560455322266 ], [ 33.323600769042969, -11.607780456542969 ], [ 33.329990386962891, -11.807220458984375 ], [ 33.271099090576172, -12.131389617919922 ], [ 33.394428253173828, -12.341670036315918 ], [ 33.544429779052734, -12.327779769897461 ], [ 33.537769317626953, -12.368889808654785 ], [ 33.357208251953125, -12.543330192565918 ], [ 33.280269622802734, -12.527219772338867 ], [ 33.2269287109375, -12.588339805603027 ], [ 33.137760162353516, -12.580840110778809 ], [ 33.046379089355469, -12.603890419006348 ], [ 32.960269927978516, -12.761670112609863 ], [ 32.967758178710938, -12.850560188293457 ], [ 33.035259246826172, -12.910280227661133 ], [ 32.992759704589844, -13.03695011138916 ], [ 33.012210845947266, -13.215000152587891 ], [ 32.822208404541016, -13.538060188293457 ], [ 32.690540313720703, -13.564999580383301 ], [ 32.689701080322266, -13.622500419616699 ], [ 32.785820007324219, -13.640560150146484 ], [ 32.832759857177734, -13.709719657897949 ], [ 32.7783203125, -13.743330001831055 ], [ 32.782489776611328, -13.77556037902832 ], [ 32.899150848388672, -13.819999694824219 ], [ 33.004428863525391, -14.032779693603516 ], [ 33.039989471435547, -14.052780151367188 ], [ 33.161651611328125, -13.922220230102539 ], [ 33.2218017578125, -14.011099815368652 ], [ 32.077770233154297, -14.388059616088867 ], [ 31.382209777832031, -14.645000457763672 ], [ 30.845550537109375, -14.763890266418457 ], [ 30.212770462036133, -14.981109619140625 ], [ 30.268329620361328, -15.250840187072754 ], [ 30.358049392700195, -15.330280303955078 ], [ 30.388050079345703, -15.478890419006348 ], [ 30.357770919799805, -15.554719924926758 ], [ 30.41387939453125, -15.633609771728516 ], [ 30.378049850463867, -15.65056037902832 ], [ 29.831380844116211, -15.616109848022461 ], [ 29.319160461425781, -15.74860954284668 ], [ 28.927219390869141, -15.972220420837402 ], [ 28.858329772949219, -16.0625 ], [ 28.850549697875977, -16.399730682373047 ], [ 28.761909484863281, -16.534400939941406 ] ] ] } },
{ "type": "Feature", "properties": { }, "geometry": { "type": "Polygon", "coordinates": [ [ [ 28.759759902954102, -16.537670135498047 ], [ 28.850549697875977, -16.399730682373047 ], [ 28.858329772949219, -16.0625 ], [ 28.927219390869141, -15.972220420837402 ], [ 29.319160461425781, -15.74860954284668 ], [ 29.831380844116211, -15.616109848022461 ], [ 30.378049850463867, -15.65056037902832 ], [ 30.41387939453125, -15.633609771728516 ], [ 30.422769546508789, -16.009170532226562 ], [ 30.928600311279297, -16.002229690551758 ], [ 30.984710693359375, -16.059169769287109 ], [ 31.058050155639648, -16.023059844970703 ], [ 31.300830841064453, -16.028619766235352 ], [ 31.423879623413086, -16.161109924316406 ], [ 31.760549545288086, -16.239999771118164 ], [ 31.908050537109375, -16.418329238891602 ], [ 32.062759399414062, -16.449169158935547 ], [ 32.240261077880859, -16.43889045715332 ], [ 32.708320617675781, -16.607780456542969 ], [ 32.707759857177734, -16.684169769287109 ], [ 32.768501281738281, -16.717819213867188 ], [ 32.982200622558594, -16.708610534667969 ], [ 32.943870544433594, -16.832780838012695 ], [ 32.842479705810547, -16.931110382080078 ], [ 32.968318939208984, -17.147499084472656 ], [ 33.044921875, -17.346260070800781 ], [ 32.960269927978516, -17.520839691162109 ], [ 33.043319702148438, -17.613889694213867 ], [ 33.018589019775391, -17.723339080810547 ], [ 32.966091156005859, -17.842229843139648 ], [ 32.974700927734375, -17.923610687255859 ], [ 32.946090698242188, -17.975000381469727 ], [ 33.0010986328125, -18.183330535888672 ], [ 32.966648101806641, -18.23583984375 ], [ 33.073040008544922, -18.34889030456543 ], [ 33.001438140869141, -18.405029296875 ], [ 33.013599395751953, -18.466949462890625 ], [ 32.888320922851562, -18.530559539794922 ], [ 32.949710845947266, -18.690280914306641 ], [ 32.92803955078125, -18.767229080200195 ], [ 32.899990081787109, -18.791109085083008 ], [ 32.817211151123047, -18.779169082641602 ], [ 32.701099395751953, -18.836950302124023 ], [ 32.720260620117188, -18.882780075073242 ], [ 32.699150085449219, -18.944450378417969 ], [ 32.716091156005859, -19.021949768066406 ], [ 32.845260620117188, -19.037229537963867 ], [ 32.852210998535156, -19.286670684814453 ], [ 32.784709930419922, -19.366390228271484 ], [ 32.783039093017578, -19.467779159545898 ], [ 32.850540161132812, -19.493890762329102 ], [ 32.845539093017578, -19.684999465942383 ], [ 32.912761688232422, -19.692499160766602 ], [ 32.953601837158203, -19.648609161376953 ], [ 32.978588104248047, -19.664169311523438 ], [ 32.975811004638672, -19.736669540405273 ], [ 33.059429168701172, -19.780279159545898 ], [ 33.039150238037109, -19.81389045715332 ], [ 33.026649475097656, -20.031120300292969 ], [ 32.953041076660156, -20.03639030456543 ], [ 32.665821075439453, -20.557229995727539 ], [ 32.550819396972656, -20.555000305175781 ], [ 32.502208709716797, -20.598609924316406 ], [ 32.483600616455078, -20.661670684814453 ], [ 32.521369934082031, -20.914169311523438 ], [ 32.360271453857422, -21.135839462280273 ], [ 32.492168426513672, -21.346460342407227 ], [ 32.410259246826172, -21.311119079589844 ], [ 31.393329620361328, -22.354169845581055 ], [ 31.297630310058594, -22.416139602661133 ], [ 31.155830383300781, -22.321670532226562 ], [ 30.866939544677734, -22.296119689941406 ], [ 30.294990539550781, -22.343339920043945 ], [ 30.231100082397461, -22.292230606079102 ], [ 30.133050918579102, -22.300559997558594 ], [ 29.767490386962891, -22.136110305786133 ], [ 29.450820922851562, -22.163339614868164 ], [ 29.370529174804688, -22.191379547119141 ], [ 29.258150100708008, -22.066520690917969 ], [ 29.156660079956055, -22.076950073242188 ], [ 29.073879241943359, -22.03778076171875 ], [ 29.037220001220703, -21.974170684814453 ], [ 29.037769317626953, -21.894729614257812 ], [ 29.080829620361328, -21.820840835571289 ], [ 28.568050384521484, -21.631109237670898 ], [ 28.491939544677734, -21.660829544067383 ], [ 28.357219696044922, -21.603059768676758 ], [ 28.202770233154297, -21.596670150756836 ], [ 28.01276969909668, -21.56195068359375 ], [ 27.908599853515625, -21.31389045715332 ], [ 27.739429473876953, -21.145559310913086 ], [ 27.685270309448242, -21.063619613647461 ], [ 27.719440460205078, -20.81195068359375 ], [ 27.700820922851562, -20.606670379638672 ], [ 27.724710464477539, -20.567499160766602 ], [ 27.713970184326172, -20.509859085083008 ], [ 27.357219696044922, -20.465000152587891 ], [ 27.287490844726562, -20.494720458984375 ], [ 27.297210693359375, -20.302509307861328 ], [ 27.219989776611328, -20.091669082641602 ], [ 27.026660919189453, -20.000280380249023 ], [ 26.969709396362305, -20.009729385375977 ], [ 26.610820770263672, -19.854450225830078 ], [ 26.588600158691406, -19.799169540405273 ], [ 26.441099166870117, -19.731109619140625 ], [ 26.404439926147461, -19.675830841064453 ], [ 26.325820922851562, -19.654449462890625 ], [ 26.348049163818359, -19.597230911254883 ], [ 26.191940307617188, -19.544729232788086 ], [ 25.961940765380859, -19.10028076171875 ], [ 25.973320007324219, -18.945560455322266 ], [ 25.808330535888672, -18.776950836181641 ], [ 25.797489166259766, -18.681669235229492 ], [ 25.659439086914062, -18.531120300292969 ], [ 25.393329620361328, -18.12251091003418 ], [ 25.309160232543945, -18.065839767456055 ], [ 25.236660003662109, -17.894449234008789 ], [ 25.265750885009766, -17.797660827636719 ], [ 25.391939163208008, -17.850839614868164 ], [ 25.719989776611328, -17.836389541625977 ], [ 25.854160308837891, -17.908620834350586 ], [ 25.859710693359375, -17.973339080810547 ], [ 25.971660614013672, -18.006389617919922 ], [ 26.214990615844727, -17.884170532226562 ], [ 26.314720153808594, -17.935840606689453 ], [ 26.462770462036133, -17.968610763549805 ], [ 26.689159393310547, -18.075279235839844 ], [ 27.020769119262695, -17.964179992675781 ], [ 27.122430801391602, -17.880760192871094 ], [ 27.146219253540039, -17.845279693603516 ], [ 27.145820617675781, -17.804449081420898 ], [ 27.619159698486328, -17.337230682373047 ], [ 27.638879776000977, -17.224720001220703 ], [ 27.82526969909668, -16.959169387817383 ], [ 28.138599395751953, -16.823619842529297 ], [ 28.259990692138672, -16.724170684814453 ], [ 28.759759902954102, -16.537670135498047 ] ] ] } }
]
}
