{
"type": "FeatureCollection",
"name": "aus_boundary",
"crs": { "type": "name", "properties": { "name": "urn:ogc:def:crs:OGC:1.3:CRS84" } },
"features": [
{ "type": "Feature", "properties": { }, "geometry": { "type": "MultiPolygon", "coordinates": [ [ [ [ 113.205497741699219, -26.144729614257812 ], [ 113.149101257324219, -26.098899841308594 ], [ 113.12249755859375, -26.018890380859375 ], [ 112.955802917480469, -25.791389465332031 ], [ 112.908302307128906, -25.564729690551758 ], [ 112.94329833984375, -25.495290756225586 ], [ 113.004402160644531, -25.495559692382812 ], [ 112.983001708984375, -25.555280685424805 ], [ 113.146598815917969, -25.948890686035156 ], [ 113.227798461914062, -26.101390838623047 ], [ 113.205497741699219, -26.144729614257812 ] ] ], [ [ [ 148.339096069335938, -40.503330230712891 ], [ 148.32269287109375, -40.4375 ], [ 148.00579833984375, -40.431678771972656 ], [ 147.99859619140625, -40.389720916748047 ], [ 148.06829833984375, -40.34722900390625 ], [ 148.332199096679688, -40.304450988769531 ], [ 148.477706909179688, -40.428611755371094 ], [ 148.339096069335938, -40.503330230712891 ] ] ], [ [ [ 151.27520751953125, -23.779449462890625 ], [ 151.2052001953125, -23.772499084472656 ], [ 151.047500610351562, -23.575279235839844 ], [ 151.01690673828125, -23.458339691162109 ], [ 151.0657958984375, -23.447780609130859 ], [ 151.185806274414062, -23.539449691772461 ], [ 151.235504150390625, -23.489719390869141 ], [ 151.230804443359375, -23.619169235229492 ], [ 151.292999267578125, -23.703899383544922 ], [ 151.27520751953125, -23.779449462890625 ] ] ], [ [ [ 136.899398803710938, -14.301950454711914 ], [ 136.754104614257812, -14.26194953918457 ], [ 136.560501098632812, -14.257229804992676 ], [ 136.4324951171875, -14.198610305786133 ], [ 136.364395141601562, -14.194729804992676 ], [ 136.436599731445312, -14.131950378417969 ], [ 136.405197143554688, -13.967780113220215 ], [ 136.429397583007812, -13.899169921875 ], [ 136.406295776367188, -13.828889846801758 ], [ 136.427200317382812, -13.815560340881348 ], [ 136.460205078125, -13.839449882507324 ], [ 136.622695922851562, -13.791950225830078 ], [ 136.5679931640625, -13.689729690551758 ], [ 136.619094848632812, -13.684169769287109 ], [ 136.657699584960938, -13.70028018951416 ], [ 136.713302612304688, -13.651949882507324 ], [ 136.724105834960938, -13.680839538574219 ], [ 136.674697875976562, -13.73583984375 ], [ 136.714096069335938, -13.840000152587891 ], [ 136.807998657226562, -13.854169845581055 ], [ 136.841903686523438, -13.819169998168945 ], [ 136.838302612304688, -13.751110076904297 ], [ 136.906097412109375, -13.767230033874512 ], [ 136.919692993164062, -13.807220458984375 ], [ 136.768600463867188, -13.939450263977051 ], [ 136.76190185546875, -14.003890037536621 ], [ 136.80859375, -14.021670341491699 ], [ 136.706100463867188, -14.075559616088867 ], [ 136.707199096679688, -14.165280342102051 ], [ 136.7716064453125, -14.19694995880127 ], [ 136.777496337890625, -14.152219772338867 ], [ 136.867202758789062, -14.211669921875 ], [ 136.944900512695312, -14.18556022644043 ], [ 136.899398803710938, -14.301950454711914 ] ] ], [ [ [ 73.5213623046875, -53.199169158935547 ], [ 73.396636962890625, -53.138339996337891 ], [ 73.339981079101562, -53.025291442871094 ], [ 73.234420776367188, -52.987789154052734 ], [ 73.299423217773438, -52.964179992675781 ], [ 73.372482299804688, -53.019180297851562 ], [ 73.40692138671875, -52.993610382080078 ], [ 73.41802978515625, -53.026119232177734 ], [ 73.578872680664062, -53.024448394775391 ], [ 73.71942138671875, -53.110851287841797 ], [ 73.624969482421875, -53.171119689941406 ], [ 73.5213623046875, -53.199169158935547 ] ] ], [ [ [ 153.053604125976562, -25.797779083251953 ], [ 152.94219970703125, -25.571399688720703 ], [ 153.0635986328125, -25.341400146484375 ], [ 153.06219482421875, -25.239719390869141 ], [ 153.00689697265625, -25.227779388427734 ], [ 153.211105346679688, -25.056400299072266 ], [ 153.246597290039062, -24.964170455932617 ], [ 153.187698364257812, -24.836399078369141 ], [ 153.1343994140625, -24.812229156494141 ], [ 153.281600952148438, -24.699169158935547 ], [ 153.294403076171875, -24.919170379638672 ], [ 153.368804931640625, -25.002510070800781 ], [ 153.085800170898438, -25.656669616699219 ], [ 153.053604125976562, -25.797779083251953 ] ] ], [ [ [ 143.88330078125, -40.110561370849609 ], [ 143.8916015625, -39.981948852539062 ], [ 143.835006713867188, -39.930561065673828 ], [ 143.854095458984375, -39.714729309082031 ], [ 143.937393188476562, -39.662220001220703 ], [ 143.929092407226562, -39.587230682373047 ], [ 143.981903076171875, -39.574451446533203 ], [ 144.108596801757812, -39.662509918212891 ], [ 144.109100341796875, -40.020839691162109 ], [ 143.974105834960938, -40.108608245849609 ], [ 143.88330078125, -40.110561370849609 ] ] ], [ [ [ 148.101104736328125, -40.267230987548828 ], [ 148.040206909179688, -40.238620758056641 ], [ 148.0010986328125, -40.108890533447266 ], [ 147.8804931640625, -40.031669616699219 ], [ 147.906295776367188, -39.988059997558594 ], [ 147.879104614257812, -39.906951904296875 ], [ 147.784698486328125, -39.900279998779297 ], [ 147.75830078125, -39.878898620605469 ], [ 147.874893188476562, -39.789180755615234 ], [ 147.860504150390625, -39.751121520996094 ], [ 147.961898803710938, -39.711109161376953 ], [ 148.189407348632812, -39.945850372314453 ], [ 148.295501708984375, -39.964450836181641 ], [ 148.290802001953125, -40.068061828613281 ], [ 148.224899291992188, -40.120288848876953 ], [ 148.242706298828125, -40.133350372314453 ], [ 148.296905517578125, -40.098899841308594 ], [ 148.335205078125, -40.192218780517578 ], [ 148.318603515625, -40.233341217041016 ], [ 148.101104736328125, -40.267230987548828 ] ] ], [ [ [ 130.493606567382812, -11.83860969543457 ], [ 130.329696655273438, -11.775839805603027 ], [ 130.032699584960938, -11.81110954284668 ], [ 130.016403198242188, -11.77361011505127 ], [ 130.06719970703125, -11.764450073242188 ], [ 130.06829833984375, -11.680560111999512 ], [ 130.154098510742188, -11.703610420227051 ], [ 130.193603515625, -11.667220115661621 ], [ 130.1885986328125, -11.495559692382812 ], [ 130.146896362304688, -11.48861026763916 ], [ 130.2532958984375, -11.345279693603516 ], [ 130.342498779296875, -11.323610305786133 ], [ 130.3988037109375, -11.438610076904297 ], [ 130.376907348632812, -11.501110076904297 ], [ 130.451904296875, -11.578060150146484 ], [ 130.4490966796875, -11.706390380859375 ], [ 130.555206298828125, -11.706110000610352 ], [ 130.636398315429688, -11.765839576721191 ], [ 130.615798950195312, -11.821109771728516 ], [ 130.493606567382812, -11.83860969543457 ] ] ], [ [ [ 130.973297119140625, -11.933890342712402 ], [ 130.94189453125, -11.928339958190918 ], [ 130.5115966796875, -11.662779808044434 ], [ 130.394699096679688, -11.346110343933105 ], [ 130.365203857421875, -11.209449768066406 ], [ 130.377395629882812, -11.170559883117676 ], [ 130.399703979492188, -11.159440040588379 ], [ 130.51409912109375, -11.296950340270996 ], [ 130.554092407226562, -11.271389961242676 ], [ 130.594696044921875, -11.300000190734863 ], [ 130.55499267578125, -11.380279541015625 ], [ 130.600494384765625, -11.383890151977539 ], [ 130.653594970703125, -11.329999923706055 ], [ 130.696395874023438, -11.435279846191406 ], [ 130.705001831054688, -11.390279769897461 ], [ 130.90020751953125, -11.306670188903809 ], [ 131.004104614257812, -11.352219581604004 ], [ 131.020004272460938, -11.414170265197754 ], [ 131.103607177734375, -11.27610969543457 ], [ 131.149093627929688, -11.255279541015625 ], [ 131.216598510742188, -11.404720306396484 ], [ 131.20269775390625, -11.246950149536133 ], [ 131.25469970703125, -11.194450378417969 ], [ 131.285507202148438, -11.193059921264648 ], [ 131.292205810546875, -11.275839805603027 ], [ 131.404998779296875, -11.243060111999512 ], [ 131.435501098632812, -11.269729614257812 ], [ 131.464996337890625, -11.388890266418457 ], [ 131.51910400390625, -11.379170417785645 ], [ 131.539093017578125, -11.461669921875 ], [ 131.472396850585938, -11.48861026763916 ], [ 131.473602294921875, -11.609729766845703 ], [ 131.382400512695312, -11.581390380859375 ], [ 131.284103393554688, -11.729720115661621 ], [ 131.096099853515625, -11.823060035705566 ], [ 130.973297119140625, -11.933890342712402 ] ] ], [ [ [ 137.469100952148438, -36.084449768066406 ], [ 137.354400634765625, -36.001949310302734 ], [ 137.20050048828125, -35.984729766845703 ], [ 137.168304443359375, -36.039451599121094 ], [ 136.716293334960938, -36.071678161621094 ], [ 136.667694091796875, -35.987789154052734 ], [ 136.536895751953125, -35.916950225830078 ], [ 136.5718994140625, -35.777500152587891 ], [ 136.935195922851562, -35.683059692382812 ], [ 137.278594970703125, -35.616950988769531 ], [ 137.320205688476562, -35.590000152587891 ], [ 137.628005981445312, -35.585010528564453 ], [ 137.577499389648438, -35.631389617919922 ], [ 137.6488037109375, -35.663349151611328 ], [ 137.584701538085938, -35.723628997802734 ], [ 137.594696044921875, -35.745830535888672 ], [ 137.773300170898438, -35.738620758056641 ], [ 137.789901733398438, -35.805561065673828 ], [ 137.842697143554688, -35.809181213378906 ], [ 137.908599853515625, -35.731960296630859 ], [ 138.021896362304688, -35.746120452880859 ], [ 138.1343994140625, -35.850841522216797 ], [ 138.049392700195312, -35.920558929443359 ], [ 137.776901245117188, -35.865280151367188 ], [ 137.619705200195312, -35.920009613037109 ], [ 137.598602294921875, -35.944450378417969 ], [ 137.619094848632812, -36.004180908203125 ], [ 137.469100952148438, -36.084449768066406 ] ] ], [ [ [ 139.161895751953125, -16.752780914306641 ], [ 139.141098022460938, -16.739730834960938 ], [ 139.162399291992188, -16.605279922485352 ], [ 139.284896850585938, -16.475559234619141 ], [ 139.590499877929688, -16.398059844970703 ], [ 139.721603393554688, -16.493059158325195 ], [ 139.605499267578125, -16.552509307861328 ], [ 139.556900024414062, -16.48444938659668 ], [ 139.484100341796875, -16.526119232177734 ], [ 139.453292846679688, -16.658060073852539 ], [ 139.237197875976562, -16.730009078979492 ], [ 139.185501098632812, -16.667779922485352 ], [ 139.161895751953125, -16.752780914306641 ] ] ], [ [ [ 144.751998901367188, -41.407619476318359 ], [ 144.781600952148438, -41.390560150146484 ], [ 144.619705200195312, -40.928340911865234 ], [ 144.695205688476562, -40.886669158935547 ], [ 144.701400756835938, -40.759178161621094 ], [ 144.686904907226562, -40.674999237060547 ], [ 144.715499877929688, -40.640281677246094 ], [ 144.76220703125, -40.728061676025391 ], [ 144.981094360351562, -40.747230529785156 ], [ 145.100799560546875, -40.819171905517578 ], [ 145.245498657226562, -40.793338775634766 ], [ 145.252197265625, -40.711399078369141 ], [ 145.3074951171875, -40.756389617919922 ], [ 145.267501831054688, -40.788070678710938 ], [ 145.326400756835938, -40.838619232177734 ], [ 145.720199584960938, -40.936668395996094 ], [ 145.791397094726562, -41.019168853759766 ], [ 146.189102172851562, -41.156120300292969 ], [ 146.397201538085938, -41.172229766845703 ], [ 146.546401977539062, -41.128898620605469 ], [ 146.578903198242188, -41.185009002685547 ], [ 146.722396850585938, -41.069461822509766 ], [ 146.782196044921875, -41.080280303955078 ], [ 146.800201416015625, -41.156959533691406 ], [ 146.94110107421875, -41.169719696044922 ], [ 146.914901733398438, -41.134998321533203 ], [ 146.8291015625, -41.116111755371094 ], [ 146.81719970703125, -41.063899993896484 ], [ 146.874099731445312, -41.023899078369141 ], [ 147.340805053710938, -40.941951751708984 ], [ 147.412399291992188, -41.017780303955078 ], [ 147.483001708984375, -40.990009307861328 ], [ 147.586898803710938, -40.854740142822266 ], [ 147.671600341796875, -40.829730987548828 ], [ 147.795501708984375, -40.891670227050781 ], [ 147.86749267578125, -40.882778167724609 ], [ 147.930801391601562, -40.827220916748047 ], [ 147.949996948242188, -40.758899688720703 ], [ 148.005996704101562, -40.747200012207031 ], [ 148.251907348632812, -40.882511138916016 ], [ 148.326095581054688, -40.983898162841797 ], [ 148.26300048828125, -41.169170379638672 ], [ 148.320205688476562, -41.269741058349609 ], [ 148.248306274414062, -41.331668853759766 ], [ 148.289398193359375, -41.329170227050781 ], [ 148.343795776367188, -41.28778076171875 ], [ 148.280807495117188, -41.5211181640625 ], [ 148.302993774414062, -41.748340606689453 ], [ 148.2666015625, -41.789730072021484 ], [ 148.298004150390625, -42.035011291503906 ], [ 148.364700317382812, -42.116390228271484 ], [ 148.311294555664062, -42.166118621826172 ], [ 148.361892700195312, -42.196399688720703 ], [ 148.360794067382812, -42.232219696044922 ], [ 148.317398071289062, -42.275840759277344 ], [ 148.257705688476562, -42.248069763183594 ], [ 148.300796508789062, -42.204448699951172 ], [ 148.314697265625, -42.126399993896484 ], [ 148.165496826171875, -42.064170837402344 ], [ 148.239105224609375, -42.012500762939453 ], [ 148.198593139648438, -41.943061828613281 ], [ 148.12860107421875, -42.063339233398438 ], [ 148.214096069335938, -42.096950531005859 ], [ 148.093795776367188, -42.100841522216797 ], [ 147.963302612304688, -42.341121673583984 ], [ 148.014694213867188, -42.315559387207031 ], [ 148.031097412109375, -42.331390380859375 ], [ 147.973800659179688, -42.536670684814453 ], [ 147.955795288085938, -42.557788848876953 ], [ 147.917404174804688, -42.517501831054688 ], [ 147.889999389648438, -42.550830841064453 ], [ 147.953292846679688, -42.651119232177734 ], [ 147.956893920898438, -42.723068237304688 ], [ 147.886093139648438, -42.767791748046875 ], [ 147.843002319335938, -42.869449615478516 ], [ 147.859405517578125, -42.891670227050781 ], [ 147.913803100585938, -42.890010833740234 ], [ 147.87969970703125, -42.859729766845703 ], [ 147.907196044921875, -42.839168548583984 ], [ 147.998794555664062, -42.904731750488281 ], [ 147.961105346679688, -43.141109466552734 ], [ 148.00689697265625, -43.155849456787109 ], [ 147.992202758789062, -43.230678558349609 ], [ 147.899093627929688, -43.185569763183594 ], [ 147.884902954101562, -43.13555908203125 ], [ 147.797195434570312, -43.245830535888672 ], [ 147.69720458984375, -43.163619995117188 ], [ 147.6929931640625, -43.142230987548828 ], [ 147.739395141601562, -43.120830535888672 ], [ 147.6343994140625, -43.070289611816406 ], [ 147.618804931640625, -43.015838623046875 ], [ 147.679397583007812, -42.940559387207031 ], [ 147.722396850585938, -42.943618774414062 ], [ 147.719100952148438, -43.010829925537109 ], [ 147.784896850585938, -43.052219390869141 ], [ 147.871597290039062, -43.045558929443359 ], [ 147.836593627929688, -42.906391143798828 ], [ 147.586593627929688, -42.824729919433594 ], [ 147.50909423828125, -42.850559234619141 ], [ 147.519699096679688, -42.92333984375 ], [ 147.553802490234375, -42.979999542236328 ], [ 147.534393310546875, -43.014171600341797 ], [ 147.436904907226562, -43.045009613037109 ], [ 147.40130615234375, -43.002780914306641 ], [ 147.4552001953125, -43.021949768066406 ], [ 147.480194091796875, -42.998340606689453 ], [ 147.473007202148438, -42.9091796875 ], [ 147.417404174804688, -42.930290222167969 ], [ 147.408004760742188, -42.889720916748047 ], [ 147.292694091796875, -42.822780609130859 ], [ 147.363296508789062, -42.921398162841797 ], [ 147.33160400390625, -43.045009613037109 ], [ 147.272506713867188, -43.016681671142578 ], [ 147.25860595703125, -43.046680450439453 ], [ 147.303604125976562, -43.082500457763672 ], [ 147.241897583007812, -43.133621215820312 ], [ 147.264999389648438, -43.215560913085938 ], [ 147.246307373046875, -43.271678924560547 ], [ 147.2008056640625, -43.286670684814453 ], [ 147.098297119140625, -43.244449615478516 ], [ 147.104705810546875, -43.160839080810547 ], [ 147.076095581054688, -43.202228546142578 ], [ 147.036895751953125, -43.196121215820312 ], [ 147.006607055664062, -43.112510681152344 ], [ 146.980804443359375, -43.120288848876953 ], [ 146.96380615234375, -43.184459686279297 ], [ 147.096099853515625, -43.286960601806641 ], [ 147.085006713867188, -43.313610076904297 ], [ 146.962493896484375, -43.334728240966797 ], [ 147.054397583007812, -43.352230072021484 ], [ 147.000198364257812, -43.424739837646484 ], [ 146.923294067382812, -43.435009002685547 ], [ 147.01190185546875, -43.468891143798828 ], [ 147.0010986328125, -43.483058929443359 ], [ 146.939895629882812, -43.476398468017578 ], [ 146.93829345703125, -43.601390838623047 ], [ 146.833602905273438, -43.648059844970703 ], [ 146.803604125976562, -43.609169006347656 ], [ 146.664093017578125, -43.591949462890625 ], [ 146.578292846679688, -43.510009765625 ], [ 146.564697265625, -43.467231750488281 ], [ 146.518295288085938, -43.538890838623047 ], [ 146.287399291992188, -43.533618927001953 ], [ 146.252700805664062, -43.489730834960938 ], [ 146.209701538085938, -43.4969482421875 ], [ 146.1885986328125, -43.543071746826172 ], [ 146.168304443359375, -43.510280609130859 ], [ 146.031906127929688, -43.555000305175781 ], [ 146.035507202148438, -43.480281829833984 ], [ 145.92999267578125, -43.379169464111328 ], [ 146.091598510742188, -43.355281829833984 ], [ 146.233306884765625, -43.394451141357422 ], [ 146.236297607421875, -43.327220916748047 ], [ 146.169692993164062, -43.280281066894531 ], [ 146.121597290039062, -43.336948394775391 ], [ 146.01300048828125, -43.324451446533203 ], [ 145.924697875976562, -43.204170227050781 ], [ 145.866897583007812, -43.264171600341797 ], [ 145.927993774414062, -43.283901214599609 ], [ 145.914703369140625, -43.306671142578125 ], [ 145.851303100585938, -43.307239532470703 ], [ 145.587203979492188, -42.971401214599609 ], [ 145.481094360351562, -42.922779083251953 ], [ 145.362503051757812, -42.759178161621094 ], [ 145.360504150390625, -42.678890228271484 ], [ 145.303604125976562, -42.615291595458984 ], [ 145.256301879882812, -42.611671447753906 ], [ 145.293594360351562, -42.564731597900391 ], [ 145.233306884765625, -42.468608856201172 ], [ 145.183303833007812, -42.206119537353516 ], [ 145.431304931640625, -42.377510070800781 ], [ 145.462493896484375, -42.514461517333984 ], [ 145.479904174804688, -42.482231140136719 ], [ 145.482696533203125, -42.416950225830078 ], [ 145.517196655273438, -42.433059692382812 ], [ 145.517196655273438, -42.336940765380859 ], [ 145.470199584960938, -42.344459533691406 ], [ 145.342193603515625, -42.151668548583984 ], [ 145.289093017578125, -42.17333984375 ], [ 145.278793334960938, -42.22222900390625 ], [ 145.231597900390625, -42.204181671142578 ], [ 145.26409912109375, -42.125 ], [ 145.246597290039062, -42.032501220703125 ], [ 145.120193481445312, -41.894168853759766 ], [ 144.919097900390625, -41.710849761962891 ], [ 144.874099731445312, -41.571670532226562 ], [ 144.751998901367188, -41.407619476318359 ] ] ], [ [ [ 133.049301147460938, -11.498700141906738 ], [ 133.150497436523438, -11.693610191345215 ], [ 133.238296508789062, -11.734999656677246 ], [ 133.339096069335938, -11.716950416564941 ], [ 133.312393188476562, -11.745840072631836 ], [ 133.367706298828125, -11.775839805603027 ], [ 133.402694702148438, -11.728059768676758 ], [ 133.411895751953125, -11.754170417785645 ], [ 133.4591064453125, -11.791390419006348 ], [ 133.534698486328125, -11.752499580383301 ], [ 133.527496337890625, -11.866390228271484 ], [ 133.581893920898438, -11.803339958190918 ], [ 133.613601684570312, -11.835000038146973 ], [ 133.832199096679688, -11.717499732971191 ], [ 133.932998657226562, -11.748889923095703 ], [ 133.89630126953125, -11.80111026763916 ], [ 133.866897583007812, -11.796389579772949 ], [ 133.835205078125, -11.826950073242188 ], [ 133.874893188476562, -11.891389846801758 ], [ 133.939697265625, -11.91388988494873 ], [ 134.033004760742188, -11.843339920043945 ], [ 134.0841064453125, -11.885000228881836 ], [ 134.08270263671875, -11.927229881286621 ], [ 134.141098022460938, -11.881389617919922 ], [ 134.1824951171875, -12.079170227050781 ], [ 134.256301879882812, -12.023059844970703 ], [ 134.25909423828125, -11.979720115661621 ], [ 134.292999267578125, -11.975279808044434 ], [ 134.394699096679688, -12.05027961730957 ], [ 134.594100952148438, -12.066109657287598 ], [ 134.7554931640625, -11.953060150146484 ], [ 134.858901977539062, -12.124170303344727 ], [ 135.0780029296875, -12.268340110778809 ], [ 135.158004760742188, -12.241669654846191 ], [ 135.224395751953125, -12.293889999389648 ], [ 135.189697265625, -12.230279922485352 ], [ 135.339706420898438, -12.247779846191406 ], [ 135.328292846679688, -12.227780342102051 ], [ 135.25079345703125, -12.187780380249023 ], [ 135.421401977539062, -12.084170341491699 ], [ 135.427200317382812, -12.114170074462891 ], [ 135.5072021484375, -12.098340034484863 ], [ 135.541900634765625, -12.06305980682373 ], [ 135.5740966796875, -12.098609924316406 ], [ 135.660202026367188, -12.049169540405273 ], [ 135.659103393554688, -12.021949768066406 ], [ 135.586105346679688, -12.060839653015137 ], [ 135.57159423828125, -12.034999847412109 ], [ 135.592193603515625, -11.958339691162109 ], [ 135.742202758789062, -11.940279960632324 ], [ 135.8760986328125, -11.842780113220215 ], [ 135.87109375, -11.763609886169434 ], [ 135.908004760742188, -11.763059616088867 ], [ 135.94659423828125, -11.80111026763916 ], [ 135.805206298828125, -11.961950302124023 ], [ 135.741897583007812, -11.98528003692627 ], [ 135.750198364257812, -12.000840187072754 ], [ 135.909103393554688, -11.961669921875 ], [ 135.680206298828125, -12.148340225219727 ], [ 135.669692993164062, -12.196669578552246 ], [ 135.727706909179688, -12.314729690551758 ], [ 135.881301879882812, -12.153059959411621 ], [ 135.914398193359375, -12.184450149536133 ], [ 136.019699096679688, -12.085840225219727 ], [ 136.041595458984375, -12.096670150756836 ], [ 135.9385986328125, -12.201390266418457 ], [ 135.963302612304688, -12.264169692993164 ], [ 136.049102783203125, -12.232230186462402 ], [ 136.049102783203125, -12.271670341491699 ], [ 135.982696533203125, -12.368610382080078 ], [ 136.034103393554688, -12.469719886779785 ], [ 136.149703979492188, -12.43556022644043 ], [ 136.229904174804688, -12.460559844970703 ], [ 136.322402954101562, -12.350560188293457 ], [ 136.366302490234375, -12.244170188903809 ], [ 136.342193603515625, -12.208060264587402 ], [ 136.1846923828125, -12.195560455322266 ], [ 136.178298950195312, -12.163610458374023 ], [ 136.456100463867188, -11.945280075073242 ], [ 136.544097900390625, -11.941949844360352 ], [ 136.578704833984375, -11.880260467529297 ], [ 136.596603393554688, -11.91388988494873 ], [ 136.580001831054688, -11.946669578552246 ], [ 136.485794067382812, -11.979450225830078 ], [ 136.499099731445312, -12.020839691162109 ], [ 136.527496337890625, -12.00055980682373 ], [ 136.598800659179688, -12.09889030456543 ], [ 136.590194702148438, -12.151949882507324 ], [ 136.668304443359375, -12.282219886779785 ], [ 136.715194702148438, -12.285280227661133 ], [ 136.75970458984375, -12.253890037536621 ], [ 136.736892700195312, -12.217499732971191 ], [ 136.688796997070312, -12.216389656066895 ], [ 136.69219970703125, -12.192779541015625 ], [ 136.776901245117188, -12.171389579772949 ], [ 136.927200317382812, -12.279729843139648 ], [ 136.983596801757812, -12.346110343933105 ], [ 136.790206909179688, -12.498339653015137 ], [ 136.801101684570312, -12.46111011505127 ], [ 136.744400024414062, -12.478610038757324 ], [ 136.683807373046875, -12.706390380859375 ], [ 136.611892700195312, -12.713339805603027 ], [ 136.62109375, -12.831390380859375 ], [ 136.578903198242188, -12.806949615478516 ], [ 136.56829833984375, -12.758339881896973 ], [ 136.539093017578125, -12.747779846191406 ], [ 136.554092407226562, -12.803609848022461 ], [ 136.528793334960938, -12.819450378417969 ], [ 136.483306884765625, -12.768610000610352 ], [ 136.467193603515625, -12.787779808044434 ], [ 136.535797119140625, -12.912779808044434 ], [ 136.635498046875, -12.945839881896973 ], [ 136.658599853515625, -12.996950149536133 ], [ 136.576400756835938, -13.008890151977539 ], [ 136.522705078125, -12.977499961853027 ], [ 136.491302490234375, -12.978340148925781 ], [ 136.528594970703125, -13.044170379638672 ], [ 136.563796997070312, -13.057780265808105 ], [ 136.474899291992188, -13.242230415344238 ], [ 136.415206909179688, -13.23528003692627 ], [ 136.347396850585938, -13.321669578552246 ], [ 136.347396850585938, -13.253890037536621 ], [ 136.39019775390625, -13.221110343933105 ], [ 136.37249755859375, -13.065279960632324 ], [ 136.338302612304688, -13.053609848022461 ], [ 136.307693481445312, -13.08611011505127 ], [ 136.317703247070312, -13.166110038757324 ], [ 136.281295776367188, -13.16388988494873 ], [ 136.2532958984375, -13.130840301513672 ], [ 136.228897094726562, -13.155559539794922 ], [ 136.243606567382812, -13.205280303955078 ], [ 136.162399291992188, -13.243339538574219 ], [ 136.152496337890625, -13.127499580383301 ], [ 136.111602783203125, -13.16388988494873 ], [ 136.054702758789062, -13.310279846191406 ], [ 136.0177001953125, -13.227499961853027 ], [ 135.991104125976562, -13.225839614868164 ], [ 135.969894409179688, -13.298060417175293 ], [ 135.9552001953125, -13.265279769897461 ], [ 135.892501831054688, -13.33611011505127 ], [ 135.933303833007812, -13.423620223999023 ], [ 135.974899291992188, -13.420000076293945 ], [ 135.933303833007812, -13.473609924316406 ], [ 135.886398315429688, -13.43610954284668 ], [ 135.858001708984375, -13.447500228881836 ], [ 135.879104614257812, -13.658610343933105 ], [ 135.923004150390625, -13.680000305175781 ], [ 135.888900756835938, -13.693059921264648 ], [ 135.88470458984375, -13.724729537963867 ], [ 135.930206298828125, -13.750280380249023 ], [ 136.006301879882812, -13.717499732971191 ], [ 136.047500610351562, -13.649720191955566 ], [ 136.082504272460938, -13.666950225830078 ], [ 136.0126953125, -13.77556037902832 ], [ 135.961898803710938, -13.937230110168457 ], [ 135.916900634765625, -13.968339920043945 ], [ 135.907699584960938, -14.196390151977539 ], [ 135.803802490234375, -14.230839729309082 ], [ 135.418594360351562, -14.731949806213379 ], [ 135.370498657226562, -14.727279663085938 ], [ 135.45660400390625, -14.941109657287598 ], [ 135.540496826171875, -15.018059730529785 ], [ 135.878005981445312, -15.194169998168945 ], [ 136.167694091796875, -15.388339996337891 ], [ 136.240203857421875, -15.416110038757324 ], [ 136.266098022460938, -15.546389579772949 ], [ 136.32440185546875, -15.605839729309082 ], [ 136.44219970703125, -15.645279884338379 ], [ 136.51910400390625, -15.721949577331543 ], [ 136.594100952148438, -15.710559844970703 ], [ 136.611602783203125, -15.760000228881836 ], [ 136.715194702148438, -15.858610153198242 ], [ 136.702499389648438, -15.927499771118164 ], [ 136.727401733398438, -15.943889617919922 ], [ 136.835205078125, -15.910280227661133 ], [ 136.925796508789062, -15.946669578552246 ], [ 136.972198486328125, -15.866390228271484 ], [ 137.393295288085938, -16.130840301513672 ], [ 137.730804443359375, -16.246120452880859 ], [ 138.044403076171875, -16.594169616699219 ], [ 138.293594360351562, -16.746120452880859 ], [ 139.00360107421875, -16.895280838012695 ], [ 139.150802612304688, -17.030010223388672 ], [ 139.143798828125, -17.136119842529297 ], [ 139.201400756835938, -17.281120300292969 ], [ 139.260498046875, -17.342510223388672 ], [ 139.567703247070312, -17.47361946105957 ], [ 139.631103515625, -17.530279159545898 ], [ 139.930801391601562, -17.631389617919922 ], [ 139.977706909179688, -17.697229385375977 ], [ 140.125503540039062, -17.718620300292969 ], [ 140.506607055664062, -17.638889312744141 ], [ 140.831298828125, -17.453620910644531 ], [ 140.883895874023438, -17.365009307861328 ], [ 140.9490966796875, -17.013620376586914 ], [ 141.229904174804688, -16.604169845581055 ], [ 141.427703857421875, -16.07305908203125 ], [ 141.37579345703125, -15.929450035095215 ], [ 141.417404174804688, -15.79971981048584 ], [ 141.460494995117188, -15.536109924316406 ], [ 141.654403686523438, -15.087499618530273 ], [ 141.641403198242188, -14.933059692382812 ], [ 141.56939697265625, -14.77361011505127 ], [ 141.52020263671875, -14.475000381469727 ], [ 141.598602294921875, -14.19944953918457 ], [ 141.590499877929688, -14.096389770507812 ], [ 141.475204467773438, -13.943889617919922 ], [ 141.471893310546875, -13.808609962463379 ], [ 141.541900634765625, -13.532779693603516 ], [ 141.678298950195312, -13.293609619140625 ], [ 141.6846923828125, -13.225000381469727 ], [ 141.63189697265625, -13.16195011138916 ], [ 141.584396362304688, -12.995840072631836 ], [ 141.629898071289062, -12.895279884338379 ], [ 141.7030029296875, -12.876110076904297 ], [ 141.828598022460938, -12.688610076904297 ], [ 141.865798950195312, -12.696669578552246 ], [ 141.917404174804688, -12.799169540405273 ], [ 141.908004760742188, -12.750280380249023 ], [ 141.9971923828125, -12.726670265197754 ], [ 141.829696655273438, -12.662779808044434 ], [ 141.88909912109375, -12.609169960021973 ], [ 141.975204467773438, -12.589449882507324 ], [ 141.782394409179688, -12.577500343322754 ], [ 141.694107055664062, -12.504449844360352 ], [ 141.75079345703125, -12.472499847412109 ], [ 141.666900634765625, -12.447230339050293 ], [ 141.6322021484375, -12.568059921264648 ], [ 141.593002319335938, -12.557499885559082 ], [ 141.713302612304688, -12.23721981048584 ], [ 141.802200317382812, -12.240839958190918 ], [ 141.751907348632812, -12.216389656066895 ], [ 141.801605224609375, -12.058890342712402 ], [ 141.870803833007812, -11.968339920043945 ], [ 141.89630126953125, -12.009730339050293 ], [ 141.917404174804688, -12.105279922485352 ], [ 141.959396362304688, -12.042779922485352 ], [ 142.017196655273438, -12.07194995880127 ], [ 142.032699584960938, -12.038610458374023 ], [ 141.94610595703125, -11.976670265197754 ], [ 141.966293334960938, -11.816670417785645 ], [ 142.131301879882812, -11.318610191345215 ], [ 142.1376953125, -10.967499732971191 ], [ 142.182693481445312, -10.92278003692627 ], [ 142.339401245117188, -10.89861011505127 ], [ 142.44189453125, -10.710559844970703 ], [ 142.615203857421875, -10.752220153808594 ], [ 142.505203247070312, -10.943340301513672 ], [ 142.52520751953125, -10.943329811096191 ], [ 142.561294555664062, -10.87639045715332 ], [ 142.598297119140625, -10.867219924926758 ], [ 142.673797607421875, -10.953889846801758 ], [ 142.662704467773438, -11.003609657287598 ], [ 142.722702026367188, -10.961389541625977 ], [ 142.804092407226562, -11.167220115661621 ], [ 142.801101684570312, -11.287779808044434 ], [ 142.86749267578125, -11.381669998168945 ], [ 142.829696655273438, -11.54971981048584 ], [ 142.86749267578125, -11.715840339660645 ], [ 142.857192993164062, -11.827500343322754 ], [ 142.964706420898438, -11.924449920654297 ], [ 143.020492553710938, -11.93610954284668 ], [ 143.096298217773438, -11.903329849243164 ], [ 143.245193481445312, -11.975640296936035 ], [ 143.169403076171875, -12.034170150756836 ], [ 143.0791015625, -12.228890419006348 ], [ 143.0758056640625, -12.335840225219727 ], [ 143.248001098632812, -12.381950378417969 ], [ 143.280197143554688, -12.446669578552246 ], [ 143.275497436523438, -12.509719848632812 ], [ 143.429092407226562, -12.614450454711914 ], [ 143.356597900390625, -12.884730339050293 ], [ 143.439697265625, -12.852499961853027 ], [ 143.544403076171875, -12.839449882507324 ], [ 143.4971923828125, -12.918060302734375 ], [ 143.526092529296875, -13.333060264587402 ], [ 143.595199584960938, -13.428339958190918 ], [ 143.529998779296875, -13.75055980682373 ], [ 143.601303100585938, -13.93610954284668 ], [ 143.682693481445312, -14.015000343322754 ], [ 143.767196655273438, -14.381389617919922 ], [ 143.81610107421875, -14.44944953918457 ], [ 143.939895629882812, -14.51194953918457 ], [ 144.14190673828125, -14.389169692993164 ], [ 144.180206298828125, -14.344449996948242 ], [ 144.19610595703125, -14.255559921264648 ], [ 144.304092407226562, -14.313340187072754 ], [ 144.43719482421875, -14.252779960632324 ], [ 144.477706909179688, -14.161109924316406 ], [ 144.576095581054688, -14.254170417785645 ], [ 144.56689453125, -14.361949920654297 ], [ 144.636398315429688, -14.347780227661133 ], [ 144.608901977539062, -14.456110000610352 ], [ 144.674697875976562, -14.555839538574219 ], [ 144.892501831054688, -14.61361026763916 ], [ 145.024993896484375, -14.801950454711914 ], [ 145.221893310546875, -14.835000038146973 ], [ 145.20550537109375, -14.868060111999512 ], [ 145.2666015625, -14.951669692993164 ], [ 145.3385009765625, -14.943280220031738 ], [ 145.235198974609375, -15.125280380249023 ], [ 145.2554931640625, -15.236669540405273 ], [ 145.289398193359375, -15.258609771728516 ], [ 145.326904296875, -15.220829963684082 ], [ 145.350204467773438, -15.265000343322754 ], [ 145.235504150390625, -15.428890228271484 ], [ 145.318603515625, -15.576950073242188 ], [ 145.355194091796875, -15.907779693603516 ], [ 145.451095581054688, -16.039730072021484 ], [ 145.462493896484375, -16.089170455932617 ], [ 145.458602905273438, -16.230279922485352 ], [ 145.472702026367188, -16.26222038269043 ], [ 145.410797119140625, -16.333059310913086 ], [ 145.403594970703125, -16.462230682373047 ], [ 145.5093994140625, -16.561119079589844 ], [ 145.769699096679688, -16.878620147705078 ], [ 145.7716064453125, -16.988899230957031 ], [ 145.836593627929688, -16.887500762939453 ], [ 145.868804931640625, -16.913890838623047 ], [ 145.922500610351562, -16.869169235229492 ], [ 145.958297729492188, -16.890560150146484 ], [ 145.87860107421875, -17.038059234619141 ], [ 146.02630615234375, -17.356119155883789 ], [ 146.0740966796875, -17.392229080200195 ], [ 146.063796997070312, -17.518060684204102 ], [ 146.143295288085938, -17.626670837402344 ], [ 146.090805053710938, -17.833890914916992 ], [ 146.094406127929688, -17.952779769897461 ], [ 146.0032958984375, -18.131669998168945 ], [ 146.0093994140625, -18.238059997558594 ], [ 146.095504760742188, -18.347780227661133 ], [ 146.173599243164062, -18.373340606689453 ], [ 146.208602905273438, -18.514169692993164 ], [ 146.334701538085938, -18.530929565429688 ], [ 146.32769775390625, -18.642229080200195 ], [ 146.26800537109375, -18.843889236450195 ], [ 146.330795288085938, -18.954439163208008 ], [ 146.6343994140625, -19.175289154052734 ], [ 146.94769287109375, -19.304449081420898 ], [ 147.015792846679688, -19.241670608520508 ], [ 147.01690673828125, -19.179170608520508 ], [ 147.064407348632812, -19.25139045715332 ], [ 147.052993774414062, -19.306669235229492 ], [ 147.123794555664062, -19.411670684814453 ], [ 147.421401977539062, -19.416109085083008 ], [ 147.44720458984375, -19.392509460449219 ], [ 147.439407348632812, -19.340839385986328 ], [ 147.603607177734375, -19.688899993896484 ], [ 147.564697265625, -19.706949234008789 ], [ 147.671401977539062, -19.826389312744141 ], [ 147.783599853515625, -19.837509155273438 ], [ 147.749099731445312, -19.701120376586914 ], [ 147.82110595703125, -19.70973014831543 ], [ 147.851303100585938, -19.736669540405273 ], [ 147.852996826171875, -19.831390380859375 ], [ 147.928604125976562, -19.904449462890625 ], [ 148.0, -19.920280456542969 ], [ 148.076904296875, -19.880559921264648 ], [ 148.131103515625, -19.93610954284668 ], [ 148.274398803710938, -19.968330383300781 ], [ 148.259902954101562, -20.083610534667969 ], [ 148.411300659179688, -20.206949234008789 ], [ 148.466293334960938, -20.186389923095703 ], [ 148.423599243164062, -20.168060302734375 ], [ 148.474105834960938, -20.134170532226562 ], [ 148.435195922851562, -20.095560073852539 ], [ 148.444107055664062, -20.063339233398438 ], [ 148.56109619140625, -20.055280685424805 ], [ 148.602203369140625, -20.208620071411133 ], [ 148.63360595703125, -20.215000152587891 ], [ 148.677703857421875, -20.190010070800781 ], [ 148.680496215820312, -20.273059844970703 ], [ 148.76800537109375, -20.228340148925781 ], [ 148.839096069335938, -20.398340225219727 ], [ 148.935501098632812, -20.532779693603516 ], [ 148.8302001953125, -20.497779846191406 ], [ 148.82269287109375, -20.447500228881836 ], [ 148.787399291992188, -20.43556022644043 ], [ 148.781295776367188, -20.470010757446289 ], [ 148.741104125976562, -20.475830078125 ], [ 148.693801879882812, -20.443889617919922 ], [ 148.721099853515625, -20.503059387207031 ], [ 148.652496337890625, -20.558340072631836 ], [ 148.784393310546875, -20.766950607299805 ], [ 148.843002319335938, -20.77556037902832 ], [ 148.823593139648438, -20.892229080200195 ], [ 148.95159912109375, -20.870279312133789 ], [ 149.067398071289062, -20.907230377197266 ], [ 149.045196533203125, -20.917509078979492 ], [ 149.023605346679688, -20.975009918212891 ], [ 149.1593017578125, -21.005729675292969 ], [ 149.231597900390625, -21.078620910644531 ], [ 149.219696044921875, -21.274999618530273 ], [ 149.289398193359375, -21.286399841308594 ], [ 149.282394409179688, -21.507780075073242 ], [ 149.393798828125, -21.503620147705078 ], [ 149.408599853515625, -21.580560684204102 ], [ 149.4429931640625, -21.582500457763672 ], [ 149.468795776367188, -21.537509918212891 ], [ 149.492996215820312, -21.561670303344727 ], [ 149.439895629882812, -21.635009765625 ], [ 149.478607177734375, -21.733060836791992 ], [ 149.430496215820312, -21.765560150146484 ], [ 149.582504272460938, -22.220840454101562 ], [ 149.610000610351562, -22.254999160766602 ], [ 149.58380126953125, -22.278900146484375 ], [ 149.69549560546875, -22.348060607910156 ], [ 149.701400756835938, -22.450839996337891 ], [ 149.665496826171875, -22.49945068359375 ], [ 149.781097412109375, -22.430000305175781 ], [ 149.808303833007812, -22.379169464111328 ], [ 150.038803100585938, -22.647790908813477 ], [ 149.919998168945312, -22.308889389038086 ], [ 149.969406127929688, -22.189449310302734 ], [ 150.043594360351562, -22.137779235839844 ], [ 150.190200805664062, -22.332500457763672 ], [ 150.182998657226562, -22.370559692382812 ], [ 150.237197875976562, -22.409730911254883 ], [ 150.394699096679688, -22.473609924316406 ], [ 150.604095458984375, -22.61083984375 ], [ 150.531295776367188, -22.401950836181641 ], [ 150.552703857421875, -22.336399078369141 ], [ 150.63299560546875, -22.341110229492188 ], [ 150.65130615234375, -22.414169311523438 ], [ 150.670806884765625, -22.358619689941406 ], [ 150.754898071289062, -22.464450836181641 ], [ 150.728897094726562, -22.526119232177734 ], [ 150.677200317382812, -22.498619079589844 ], [ 150.677200317382812, -22.568340301513672 ], [ 150.715194702148438, -22.556390762329102 ], [ 150.727203369140625, -22.631950378417969 ], [ 150.7572021484375, -22.58806037902832 ], [ 150.75360107421875, -22.536949157714844 ], [ 150.778793334960938, -22.536670684814453 ], [ 150.807998657226562, -22.81001091003418 ], [ 150.76409912109375, -22.996389389038086 ], [ 150.794097900390625, -23.221950531005859 ], [ 150.832199096679688, -23.245559692382812 ], [ 150.8302001953125, -23.283889770507812 ], [ 150.783294677734375, -23.314729690551758 ], [ 150.8804931640625, -23.483339309692383 ], [ 150.867202758789062, -23.504999160766602 ], [ 150.875198364257812, -23.56195068359375 ], [ 151.01300048828125, -23.55194091796875 ], [ 151.13409423828125, -23.689449310302734 ], [ 151.157196044921875, -23.781669616699219 ], [ 151.396896362304688, -23.948890686035156 ], [ 151.440505981445312, -24.011119842529297 ], [ 151.479095458984375, -23.993610382080078 ], [ 151.545806884765625, -24.028890609741211 ], [ 151.530502319335938, -24.075839996337891 ], [ 151.55859375, -24.098899841308594 ], [ 151.582199096679688, -24.04888916015625 ], [ 151.689697265625, -24.100559234619141 ], [ 151.671401977539062, -24.040000915527344 ], [ 151.614395141601562, -24.010280609130859 ], [ 151.63690185546875, -23.976669311523438 ], [ 151.731903076171875, -24.020559310913086 ], [ 151.707992553710938, -24.04694938659668 ], [ 151.736099243164062, -24.076120376586914 ], [ 151.764694213867188, -24.030010223388672 ], [ 151.81610107421875, -24.154729843139648 ], [ 151.875503540039062, -24.183059692382812 ], [ 151.89410400390625, -24.15056037902832 ], [ 152.128005981445312, -24.604719161987305 ], [ 152.277206420898438, -24.709999084472656 ], [ 152.418304443359375, -24.760280609130859 ], [ 152.490203857421875, -24.846950531005859 ], [ 152.499099731445312, -24.977779388427734 ], [ 152.63580322265625, -25.155279159545898 ], [ 152.581893920898438, -25.170560836791992 ], [ 152.800201416015625, -25.280279159545898 ], [ 152.824996948242188, -25.246950149536133 ], [ 152.910797119140625, -25.289449691772461 ], [ 152.928604125976562, -25.418340682983398 ], [ 152.867996215820312, -25.473339080810547 ], [ 152.960494995117188, -25.490009307861328 ], [ 152.892196655273438, -25.564170837402344 ], [ 152.94189453125, -25.757780075073242 ], [ 153.016098022460938, -25.826120376586914 ], [ 153.018600463867188, -25.968889236450195 ], [ 153.064697265625, -25.90056037902832 ], [ 153.060195922851562, -25.821670532226562 ], [ 153.12939453125, -25.9375 ], [ 153.202499389648438, -25.940559387207031 ], [ 153.080001831054688, -26.270839691162109 ], [ 153.07470703125, -26.342229843139648 ], [ 153.131103515625, -26.387229919433594 ], [ 153.111892700195312, -26.666950225830078 ], [ 153.149398803710938, -26.682790756225586 ], [ 153.1416015625, -26.892780303955078 ], [ 153.211898803710938, -27.069999694824219 ], [ 153.172500610351562, -27.090280532836914 ], [ 153.102996826171875, -27.096670150756836 ], [ 153.039901733398438, -27.165000915527344 ], [ 153.039703369140625, -27.194450378417969 ], [ 153.119094848632812, -27.197780609130859 ], [ 153.104095458984375, -27.261390686035156 ], [ 153.058303833007812, -27.290000915527344 ], [ 153.0758056640625, -27.325839996337891 ], [ 153.166595458984375, -27.368059158325195 ], [ 153.19659423828125, -27.46221923828125 ], [ 153.301895141601562, -27.570009231567383 ], [ 153.361297607421875, -27.738899230957031 ], [ 153.443801879882812, -27.795560836791992 ], [ 153.440704345703125, -27.951419830322266 ], [ 153.482696533203125, -28.127780914306641 ], [ 153.589401245117188, -28.265279769897461 ], [ 153.56109619140625, -28.524440765380859 ], [ 153.6199951171875, -28.704450607299805 ], [ 153.606597900390625, -28.862789154052734 ], [ 153.45159912109375, -29.036670684814453 ], [ 153.357498168945312, -29.418899536132812 ], [ 153.264999389648438, -29.920280456542969 ], [ 153.20159912109375, -30.132509231567383 ], [ 153.01409912109375, -30.603059768676758 ], [ 153.01800537109375, -30.878339767456055 ], [ 153.086593627929688, -30.888620376586914 ], [ 153.0115966796875, -31.142229080200195 ], [ 152.948898315429688, -31.481950759887695 ], [ 152.87249755859375, -31.561670303344727 ], [ 152.776092529296875, -31.83806037902832 ], [ 152.635498046875, -31.938060760498047 ], [ 152.515792846679688, -32.118900299072266 ], [ 152.549697875976562, -32.189739227294922 ], [ 152.578292846679688, -32.212791442871094 ], [ 152.543899536132812, -32.251949310302734 ], [ 152.546401977539062, -32.443698883056641 ], [ 152.377197265625, -32.511398315429688 ], [ 152.227401733398438, -32.631401062011719 ], [ 152.216293334960938, -32.708629608154297 ], [ 152.144699096679688, -32.668891906738281 ], [ 152.061294555664062, -32.701129913330078 ], [ 152.191604614257812, -32.723339080810547 ], [ 152.184402465820312, -32.766948699951172 ], [ 151.82940673828125, -32.875560760498047 ], [ 151.550506591796875, -33.297508239746094 ], [ 151.539703369140625, -33.275569915771484 ], [ 151.456298828125, -33.314449310302734 ], [ 151.440505981445312, -33.351119995117188 ], [ 151.453903198242188, -33.373340606689453 ], [ 151.50830078125, -33.362510681152344 ], [ 151.426300048828125, -33.527790069580078 ], [ 151.271102905273438, -33.569179534912109 ], [ 151.241897583007812, -33.525848388671875 ], [ 151.220199584960938, -33.576679229736328 ], [ 151.224105834960938, -33.610008239746094 ], [ 151.308303833007812, -33.585010528564453 ], [ 151.283294677734375, -33.668621063232422 ], [ 151.33880615234375, -33.616401672363281 ], [ 151.304702758789062, -33.823898315429688 ], [ 151.2554931640625, -33.840839385986328 ], [ 151.245803833007812, -33.872791290283203 ], [ 151.291397094726562, -33.856391906738281 ], [ 151.274398803710938, -33.963890075683594 ], [ 151.2510986328125, -34.005840301513672 ], [ 151.187393188476562, -33.958339691162109 ], [ 151.154403686523438, -34.023059844970703 ], [ 151.229095458984375, -34.023899078369141 ], [ 151.231903076171875, -34.046398162841797 ], [ 151.141098022460938, -34.082778930664062 ], [ 151.174392700195312, -34.099170684814453 ], [ 150.965194702148438, -34.289451599121094 ], [ 150.88330078125, -34.5372314453125 ], [ 150.858596801757812, -34.511669158935547 ], [ 150.819900512695312, -34.5211181640625 ], [ 150.802200317382812, -34.560009002685547 ], [ 150.912704467773438, -34.604728698730469 ], [ 150.865005493164062, -34.619449615478516 ], [ 150.83770751953125, -34.775558471679688 ], [ 150.720794677734375, -34.877231597900391 ], [ 150.777999877929688, -34.903621673583984 ], [ 150.781097412109375, -34.990840911865234 ], [ 150.855804443359375, -35.0211181640625 ], [ 150.834396362304688, -35.091670989990234 ], [ 150.805496215820312, -35.109451293945312 ], [ 150.778594970703125, -35.012779235839844 ], [ 150.69659423828125, -35.029460906982422 ], [ 150.677505493164062, -35.075839996337891 ], [ 150.768798828125, -35.131679534912109 ], [ 150.753799438476562, -35.187229156494141 ], [ 150.57159423828125, -35.204170227050781 ], [ 150.494400024414062, -35.293621063232422 ], [ 150.288803100585938, -35.727508544921875 ], [ 150.19439697265625, -35.725009918212891 ], [ 150.236892700195312, -35.839729309082031 ], [ 150.157699584960938, -35.889461517333984 ], [ 150.153793334960938, -36.056400299072266 ], [ 150.083602905273438, -36.089820861816406 ], [ 150.124893188476562, -36.087509155273438 ], [ 150.141098022460938, -36.317501068115234 ], [ 150.054092407226562, -36.487789154052734 ], [ 150.053298950195312, -36.596950531005859 ], [ 149.976898193359375, -36.72528076171875 ], [ 149.966293334960938, -36.794719696044922 ], [ 149.902496337890625, -36.92333984375 ], [ 149.941604614257812, -37.063339233398438 ], [ 149.8721923828125, -37.102779388427734 ], [ 149.905807495117188, -37.128620147705078 ], [ 149.94549560546875, -37.114719390869141 ], [ 150.048004150390625, -37.269168853759766 ], [ 149.985504150390625, -37.256679534912109 ], [ 149.94439697265625, -37.2841796875 ], [ 149.979705810546875, -37.497779846191406 ], [ 149.902496337890625, -37.551120758056641 ], [ 149.777496337890625, -37.560569763183594 ], [ 149.797500610351562, -37.513629913330078 ], [ 149.716903686523438, -37.518329620361328 ], [ 149.76190185546875, -37.585010528564453 ], [ 149.598007202148438, -37.731948852539062 ], [ 149.2677001953125, -37.82305908203125 ], [ 149.248794555664062, -37.791389465332031 ], [ 148.544998168945312, -37.812778472900391 ], [ 148.21380615234375, -37.838619232177734 ], [ 147.753799438476562, -37.985000610351562 ], [ 147.309097290039062, -38.296108245849609 ], [ 146.841598510742188, -38.688060760498047 ], [ 146.834396362304688, -38.658058166503906 ], [ 146.406906127929688, -38.738330841064453 ], [ 146.349899291992188, -38.695011138916016 ], [ 146.189102172851562, -38.747219085693359 ], [ 146.279403686523438, -38.913059234619141 ], [ 146.308807373046875, -38.915000915527344 ], [ 146.430206298828125, -38.792228698730469 ], [ 146.465499877929688, -38.796669006347656 ], [ 146.485198974609375, -38.917499542236328 ], [ 146.435501098632812, -39.018890380859375 ], [ 146.484405517578125, -39.073329925537109 ], [ 146.378799438476562, -39.143058776855469 ], [ 146.3197021484375, -39.101669311523438 ], [ 146.342498779296875, -39.066959381103516 ], [ 146.165802001953125, -38.862789154052734 ], [ 146.0697021484375, -38.820278167724609 ], [ 146.020492553710938, -38.826950073242188 ], [ 146.008895874023438, -38.893890380859375 ], [ 145.925003051757812, -38.912509918212891 ], [ 145.82769775390625, -38.731948852539062 ], [ 145.752395629882812, -38.662509918212891 ], [ 145.843002319335938, -38.705280303955078 ], [ 145.82220458984375, -38.656108856201172 ], [ 145.75360107421875, -38.639720916748047 ], [ 145.611297607421875, -38.684169769287109 ], [ 145.494400024414062, -38.569171905517578 ], [ 145.37860107421875, -38.541110992431641 ], [ 145.4324951171875, -38.470279693603516 ], [ 145.422698974609375, -38.423061370849609 ], [ 145.51019287109375, -38.428611755371094 ], [ 145.557205200195312, -38.376399993896484 ], [ 145.451095581054688, -38.231391906738281 ], [ 145.256103515625, -38.236118316650391 ], [ 145.228607177734375, -38.414451599121094 ], [ 145.0679931640625, -38.442501068115234 ], [ 144.941604614257812, -38.510829925537109 ], [ 144.663604736328125, -38.323890686035156 ], [ 144.813796997070312, -38.383060455322266 ], [ 144.94110107421875, -38.36083984375 ], [ 145.114700317382812, -38.174449920654297 ], [ 145.132400512695312, -38.140281677246094 ], [ 145.102203369140625, -38.047229766845703 ], [ 144.973602294921875, -37.890010833740234 ], [ 144.912994384765625, -37.867500305175781 ], [ 144.470504760742188, -38.105831146240234 ], [ 144.380203247070312, -38.115009307861328 ], [ 144.363006591796875, -38.14862060546875 ], [ 144.466903686523438, -38.175830841064453 ], [ 144.540802001953125, -38.177780151367188 ], [ 144.6427001953125, -38.131950378417969 ], [ 144.697402954101562, -38.142780303955078 ], [ 144.711593627929688, -38.210559844970703 ], [ 144.633895874023438, -38.299728393554688 ], [ 144.432998657226562, -38.293060302734375 ], [ 144.063796997070312, -38.483058929443359 ], [ 143.844894409179688, -38.695278167724609 ], [ 143.706893920898438, -38.730831146240234 ], [ 143.5343017578125, -38.862220764160156 ], [ 143.355194091796875, -38.760829925537109 ], [ 143.224899291992188, -38.761951446533203 ], [ 143.096298217773438, -38.658889770507812 ], [ 142.806106567382812, -38.577510833740234 ], [ 142.498306274414062, -38.374168395996094 ], [ 142.457199096679688, -38.407230377197266 ], [ 142.388900756835938, -38.364719390869141 ], [ 142.171600341796875, -38.401950836181641 ], [ 141.870803833007812, -38.278339385986328 ], [ 141.743606567382812, -38.267501831054688 ], [ 141.63079833984375, -38.311679840087891 ], [ 141.614395141601562, -38.344169616699219 ], [ 141.656097412109375, -38.390838623046875 ], [ 141.554702758789062, -38.444450378417969 ], [ 141.50360107421875, -38.384738922119141 ], [ 141.433303833007812, -38.375 ], [ 141.414703369140625, -38.409999847412109 ], [ 141.372695922851562, -38.386951446533203 ], [ 141.402999877929688, -38.340568542480469 ], [ 141.282394409179688, -38.220840454101562 ], [ 141.01409912109375, -38.078609466552734 ], [ 140.843307495117188, -38.054450988769531 ], [ 140.698593139648438, -38.071949005126953 ], [ 140.362503051757812, -37.893890380859375 ], [ 140.227996826171875, -37.659450531005859 ], [ 140.106597900390625, -37.566120147705078 ], [ 140.132705688476562, -37.557788848876953 ], [ 140.119705200195312, -37.529170989990234 ], [ 140.040802001953125, -37.487228393554688 ], [ 140.00799560546875, -37.507511138916016 ], [ 139.744705200195312, -37.191680908203125 ], [ 139.783599853515625, -37.153629302978516 ], [ 139.731399536132812, -37.009731292724609 ], [ 139.668106079101562, -36.956619262695312 ], [ 139.800201416015625, -36.894729614257812 ], [ 139.849700927734375, -36.836681365966797 ], [ 139.861602783203125, -36.666389465332031 ], [ 139.64520263671875, -36.205558776855469 ], [ 139.3843994140625, -35.899169921875 ], [ 138.917999267578125, -35.578338623046875 ], [ 138.965194702148438, -35.572788238525391 ], [ 139.398300170898438, -35.884178161621094 ], [ 139.612197875976562, -36.125850677490234 ], [ 139.667694091796875, -36.230831146240234 ], [ 139.604095458984375, -36.041400909423828 ], [ 139.295806884765625, -35.772789001464844 ], [ 139.037399291992188, -35.601959228515625 ], [ 139.041900634765625, -35.57305908203125 ], [ 139.12860107421875, -35.505561828613281 ], [ 139.224700927734375, -35.543891906738281 ], [ 139.240005493164062, -35.589179992675781 ], [ 139.225494384765625, -35.6844482421875 ], [ 139.32159423828125, -35.701950073242188 ], [ 139.361297607421875, -35.603900909423828 ], [ 139.214996337890625, -35.514171600341797 ], [ 139.281097412109375, -35.482231140136719 ], [ 139.354400634765625, -35.497791290283203 ], [ 139.37359619140625, -35.4716796875 ], [ 139.293899536132812, -35.356121063232422 ], [ 139.227996826171875, -35.318901062011719 ], [ 138.984100341796875, -35.399440765380859 ], [ 138.95050048828125, -35.442501068115234 ], [ 138.955795288085938, -35.475288391113281 ], [ 139.033599853515625, -35.498889923095703 ], [ 139.029403686523438, -35.521671295166016 ], [ 138.844894409179688, -35.505840301513672 ], [ 138.991104125976562, -35.536388397216797 ], [ 138.992996215820312, -35.557239532470703 ], [ 138.723800659179688, -35.538059234619141 ], [ 138.535507202148438, -35.654449462890625 ], [ 138.275802612304688, -35.647209167480469 ], [ 138.202194213867188, -35.671390533447266 ], [ 138.097396850585938, -35.624168395996094 ], [ 138.1322021484375, -35.549449920654297 ], [ 138.427200317382812, -35.357219696044922 ], [ 138.470794677734375, -35.229450225830078 ], [ 138.464096069335938, -35.116111755371094 ], [ 138.51300048828125, -35.034168243408203 ], [ 138.490005493164062, -34.7852783203125 ], [ 138.51220703125, -34.769729614257812 ], [ 138.548797607421875, -34.79833984375 ], [ 138.537200927734375, -34.744998931884766 ], [ 138.364105224609375, -34.596118927001953 ], [ 138.088302612304688, -34.131401062011719 ], [ 138.00689697265625, -34.240840911865234 ], [ 138.035797119140625, -34.294719696044922 ], [ 138.017501831054688, -34.346389770507812 ], [ 137.928604125976562, -34.418060302734375 ], [ 137.885498046875, -34.576118469238281 ], [ 137.874893188476562, -34.729728698730469 ], [ 137.7510986328125, -35.130279541015625 ], [ 137.680496215820312, -35.181671142578125 ], [ 137.468002319335938, -35.114719390869141 ], [ 137.38720703125, -35.131950378417969 ], [ 137.346298217773438, -35.175289154052734 ], [ 137.250198364257812, -35.171390533447266 ], [ 137.178802490234375, -35.245838165283203 ], [ 137.033004760742188, -35.228610992431641 ], [ 136.896102905273438, -35.304168701171875 ], [ 136.83050537109375, -35.254718780517578 ], [ 136.95770263671875, -35.107219696044922 ], [ 136.974105834960938, -34.963340759277344 ], [ 137.020004272460938, -34.901119232177734 ], [ 137.221603393554688, -34.913341522216797 ], [ 137.347396850585938, -34.938339233398438 ], [ 137.381301879882812, -34.960849761962891 ], [ 137.430496215820312, -34.943061828613281 ], [ 137.507705688476562, -34.628620147705078 ], [ 137.479400634765625, -34.466388702392578 ], [ 137.453903198242188, -34.445850372314453 ], [ 137.407699584960938, -34.471401214599609 ], [ 137.483001708984375, -34.354728698730469 ], [ 137.488006591796875, -34.247219085693359 ], [ 137.44970703125, -34.157508850097656 ], [ 137.536102294921875, -34.106948852539062 ], [ 137.556594848632812, -34.058891296386719 ], [ 137.523300170898438, -34.012508392333984 ], [ 137.626296997070312, -33.925559997558594 ], [ 137.626602172851562, -33.858890533447266 ], [ 137.8966064453125, -33.600288391113281 ], [ 137.931594848632812, -33.6138916015625 ], [ 137.921905517578125, -33.461940765380859 ], [ 137.814407348632812, -33.282501220703125 ], [ 137.831298828125, -33.216960906982422 ], [ 137.991592407226562, -33.141120910644531 ], [ 138.036605834960938, -33.142501831054688 ], [ 138.022506713867188, -33.045848846435547 ], [ 137.953598022460938, -33.011959075927734 ], [ 137.895492553710938, -32.781681060791016 ], [ 137.932998657226562, -32.753341674804688 ], [ 137.802200317382812, -32.606121063232422 ], [ 137.776901245117188, -32.526950836181641 ], [ 137.755203247070312, -32.633338928222656 ], [ 137.808303833007812, -32.841400146484375 ], [ 137.778305053710938, -32.992500305175781 ], [ 137.657394409179688, -32.952789306640625 ], [ 137.598602294921875, -32.991668701171875 ], [ 137.595504760742188, -33.029720306396484 ], [ 137.445205688476562, -33.144451141357422 ], [ 137.365493774414062, -33.420009613037109 ], [ 137.169403076171875, -33.700008392333984 ], [ 137.019393920898438, -33.735008239746094 ], [ 136.966903686523438, -33.678619384765625 ], [ 136.88330078125, -33.745838165283203 ], [ 136.889404296875, -33.773609161376953 ], [ 136.95440673828125, -33.762500762939453 ], [ 136.556594848632812, -33.961669921875 ], [ 136.339706420898438, -34.141109466552734 ], [ 136.216293334960938, -34.325290679931641 ], [ 136.13360595703125, -34.354450225830078 ], [ 136.107192993164062, -34.4263916015625 ], [ 136.127197265625, -34.455570220947266 ], [ 136.108901977539062, -34.538059234619141 ], [ 136.089996337890625, -34.540561676025391 ], [ 136.068801879882812, -34.486949920654297 ], [ 135.962203979492188, -34.518058776855469 ], [ 135.919097900390625, -34.588619232177734 ], [ 135.942398071289062, -34.640289306640625 ], [ 135.879104614257812, -34.634738922119141 ], [ 135.856597900390625, -34.702789306640625 ], [ 135.892501831054688, -34.758899688720703 ], [ 135.802993774414062, -34.803058624267578 ], [ 135.8074951171875, -34.820011138916016 ], [ 135.881607055664062, -34.817508697509766 ], [ 135.996307373046875, -34.735279083251953 ], [ 136.015792846679688, -34.752780914306641 ], [ 136.018798828125, -34.810840606689453 ], [ 135.965194702148438, -34.866401672363281 ], [ 136.008895874023438, -34.985851287841797 ], [ 135.962005615234375, -35.008491516113281 ], [ 135.823593139648438, -34.874458312988281 ], [ 135.755203247070312, -34.857780456542969 ], [ 135.682205200195312, -34.921680450439453 ], [ 135.6824951171875, -34.952789306640625 ], [ 135.624099731445312, -34.953620910644531 ], [ 135.606094360351562, -34.893070220947266 ], [ 135.446395874023438, -34.726951599121094 ], [ 135.322402954101562, -34.691120147705078 ], [ 135.348800659179688, -34.653068542480469 ], [ 135.2510986328125, -34.574718475341797 ], [ 135.165206909179688, -34.578060150146484 ], [ 135.117202758789062, -34.605010986328125 ], [ 135.104904174804688, -34.594459533691406 ], [ 135.2008056640625, -34.437789916992188 ], [ 135.215499877929688, -34.501121520996094 ], [ 135.349899291992188, -34.587791442871094 ], [ 135.386093139648438, -34.641941070556641 ], [ 135.499404907226562, -34.626670837402344 ], [ 135.50439453125, -34.613620758056641 ], [ 135.437393188476562, -34.603889465332031 ], [ 135.43719482421875, -34.551948547363281 ], [ 135.397705078125, -34.587791442871094 ], [ 135.343795776367188, -34.262229919433594 ], [ 135.302993774414062, -34.186119079589844 ], [ 135.232696533203125, -34.147220611572266 ], [ 135.27130126953125, -34.092220306396484 ], [ 135.26300048828125, -34.008338928222656 ], [ 135.041900634765625, -33.776119232177734 ], [ 134.841903686523438, -33.640010833740234 ], [ 134.868804931640625, -33.541118621826172 ], [ 134.80859375, -33.352779388427734 ], [ 134.674697875976562, -33.243061065673828 ], [ 134.730194091796875, -33.233070373535156 ], [ 134.705795288085938, -33.175289154052734 ], [ 134.593597412109375, -33.140010833740234 ], [ 134.564697265625, -33.156959533691406 ], [ 134.663604736328125, -33.223628997802734 ], [ 134.603897094726562, -33.216129302978516 ], [ 134.467498779296875, -33.15972900390625 ], [ 134.358596801757812, -33.158069610595703 ], [ 134.343597412109375, -33.201679229736328 ], [ 134.272506713867188, -33.163070678710938 ], [ 134.238800048828125, -33.055290222167969 ], [ 134.162704467773438, -33.048351287841797 ], [ 134.175201416015625, -33.018070220947266 ], [ 134.203903198242188, -33.011119842529297 ], [ 134.2030029296875, -32.964450836181641 ], [ 134.161300659179688, -32.936679840087891 ], [ 134.076904296875, -32.942230224609375 ], [ 134.07159423828125, -32.897220611572266 ], [ 134.12579345703125, -32.861118316650391 ], [ 134.117706298828125, -32.796958923339844 ], [ 134.0657958984375, -32.725849151611328 ], [ 134.196395874023438, -32.723888397216797 ], [ 134.19940185546875, -32.804729461669922 ], [ 134.214401245117188, -32.813060760498047 ], [ 134.296905517578125, -32.680290222167969 ], [ 134.278305053710938, -32.590290069580078 ], [ 134.14300537109375, -32.457511901855469 ], [ 134.035507202148438, -32.463901519775391 ], [ 133.895004272460938, -32.548900604248047 ], [ 133.851898193359375, -32.545009613037109 ], [ 133.877700805664062, -32.410568237304688 ], [ 133.939895629882812, -32.420291900634766 ], [ 133.952194213867188, -32.394741058349609 ], [ 133.826400756835938, -32.250850677490234 ], [ 133.775497436523438, -32.268070220947266 ], [ 133.730804443359375, -32.203350067138672 ], [ 133.661605834960938, -32.155288696289062 ], [ 133.678298950195312, -32.117511749267578 ], [ 133.606094360351562, -32.096950531005859 ], [ 133.560501098632812, -32.17279052734375 ], [ 133.5, -32.153068542480469 ], [ 133.476898193359375, -32.108070373535156 ], [ 133.415206909179688, -32.137508392333984 ], [ 133.416107177734375, -32.157791137695312 ], [ 133.480499267578125, -32.176120758056641 ], [ 133.4949951171875, -32.202228546142578 ], [ 133.144699096679688, -32.205841064453125 ], [ 133.059097290039062, -32.114730834960938 ], [ 132.88079833984375, -32.029460906982422 ], [ 132.791397094726562, -31.958620071411133 ], [ 132.587997436523438, -31.935840606689453 ], [ 132.468307495117188, -31.960559844970703 ], [ 132.44769287109375, -31.983890533447266 ], [ 132.479202270507812, -32.025829315185547 ], [ 132.211105346679688, -32.033351898193359 ], [ 131.76300048828125, -31.719169616699219 ], [ 131.19219970703125, -31.485559463500977 ], [ 131.124893188476562, -31.474729537963867 ], [ 130.859695434570312, -31.60028076171875 ], [ 129.935806274414062, -31.593339920043945 ], [ 128.969894409179688, -31.69805908203125 ], [ 128.470794677734375, -31.920280456542969 ], [ 127.942703247070312, -32.101398468017578 ], [ 127.567497253417969, -32.187229156494141 ], [ 127.334701538085938, -32.266948699951172 ], [ 126.705299377441406, -32.312789916992188 ], [ 126.399398803710938, -32.292240142822266 ], [ 126.20050048828125, -32.239459991455078 ], [ 125.959396362304688, -32.268901824951172 ], [ 125.5072021484375, -32.550838470458984 ], [ 125.211898803710938, -32.641948699951172 ], [ 124.727798461914062, -32.902240753173828 ], [ 124.341102600097656, -32.960849761962891 ], [ 124.196403503417969, -33.044181823730469 ], [ 124.096099853515625, -33.153068542480469 ], [ 123.959396362304688, -33.555290222167969 ], [ 123.756103515625, -33.710010528564453 ], [ 123.740798950195312, -33.800571441650391 ], [ 123.519096374511719, -33.944179534912109 ], [ 123.444999694824219, -33.89862060546875 ], [ 123.351898193359375, -33.897789001464844 ], [ 123.184097290039062, -34.011669158935547 ], [ 123.1405029296875, -34.007789611816406 ], [ 123.104698181152344, -33.890010833740234 ], [ 123.027198791503906, -33.858070373535156 ], [ 122.838302612304688, -33.908069610595703 ], [ 122.606101989746094, -33.894451141357422 ], [ 122.493896484375, -33.95806884765625 ], [ 122.427200317382812, -33.923900604248047 ], [ 122.3052978515625, -33.928901672363281 ], [ 122.262496948242188, -33.962230682373047 ], [ 122.25830078125, -34.014171600341797 ], [ 122.091598510742188, -34.023059844970703 ], [ 122.073898315429688, -34.016948699951172 ], [ 122.107498168945312, -33.983348846435547 ], [ 122.017799377441406, -33.834728240966797 ], [ 121.925498962402344, -33.833629608154297 ], [ 121.796401977539062, -33.900009155273438 ], [ 121.394401550292969, -33.816959381103516 ], [ 121.212196350097656, -33.840839385986328 ], [ 121.167999267578125, -33.878620147705078 ], [ 121.05169677734375, -33.856960296630859 ], [ 120.576400756835938, -33.893619537353516 ], [ 120.439697265625, -33.970851898193359 ], [ 120.032501220703125, -33.925289154052734 ], [ 119.813003540039062, -33.977790832519531 ], [ 119.49639892578125, -34.244731903076172 ], [ 119.468002319335938, -34.325290679931641 ], [ 119.481101989746094, -34.360000610351562 ], [ 119.560302734375, -34.387859344482422 ], [ 119.405502319335938, -34.375278472900391 ], [ 119.366897583007812, -34.492229461669922 ], [ 119.319099426269531, -34.445278167724609 ], [ 119.267196655273438, -34.463058471679688 ], [ 119.257797241210938, -34.521400451660156 ], [ 119.219398498535156, -34.533618927001953 ], [ 119.190803527832031, -34.498069763183594 ], [ 118.840499877929688, -34.453899383544922 ], [ 118.885498046875, -34.501399993896484 ], [ 118.757499694824219, -34.537509918212891 ], [ 118.719398498535156, -34.575008392333984 ], [ 118.754203796386719, -34.606948852539062 ], [ 118.643600463867188, -34.678619384765625 ], [ 118.479698181152344, -34.722511291503906 ], [ 118.408599853515625, -34.787220001220703 ], [ 118.389701843261719, -34.916679382324219 ], [ 118.239997863769531, -34.916679382324219 ], [ 118.159400939941406, -34.950839996337891 ], [ 118.202201843261719, -35.005840301513672 ], [ 118.185302734375, -35.027511596679688 ], [ 118.133903503417969, -34.994449615478516 ], [ 117.846099853515625, -35.026679992675781 ], [ 117.830001831054688, -35.046951293945312 ], [ 117.879402160644531, -35.081951141357422 ], [ 117.898597717285156, -35.044460296630859 ], [ 118.000801086425781, -35.095008850097656 ], [ 117.934402465820312, -35.125850677490234 ], [ 117.726600646972656, -35.048069000244141 ], [ 117.660202026367188, -35.0513916015625 ], [ 117.62249755859375, -35.082500457763672 ], [ 117.616401672363281, -35.137508392333984 ], [ 117.26409912109375, -35.015850067138672 ], [ 117.177696228027344, -35.013629913330078 ], [ 117.129402160644531, -35.063610076904297 ], [ 116.959999084472656, -35.013889312744141 ], [ 116.902496337890625, -35.055290222167969 ], [ 116.470001220703125, -35.002510070800781 ], [ 116.371902465820312, -34.944450378417969 ], [ 116.377799987792969, -34.929180145263672 ], [ 116.497200012207031, -34.948619842529297 ], [ 116.383598327636719, -34.858341217041016 ], [ 116.399398803710938, -34.912788391113281 ], [ 116.338600158691406, -34.921390533447266 ], [ 116.030502319335938, -34.834171295166016 ], [ 115.976898193359375, -34.835559844970703 ], [ 115.916099548339844, -34.707229614257812 ], [ 115.648002624511719, -34.467788696289062 ], [ 115.31719970703125, -34.305850982666016 ], [ 115.1947021484375, -34.302791595458984 ], [ 115.12640380859375, -34.363071441650391 ], [ 115.008003234863281, -34.263069152832031 ], [ 114.959999084472656, -33.7216796875 ], [ 114.970001220703125, -33.651950836181641 ], [ 115.00579833984375, -33.627510070800781 ], [ 114.992897033691406, -33.520179748535156 ], [ 115.071403503417969, -33.562229156494141 ], [ 115.099098205566406, -33.611679077148438 ], [ 115.218597412109375, -33.653629302978516 ], [ 115.396896362304688, -33.62139892578125 ], [ 115.580299377441406, -33.427230834960938 ], [ 115.627998352050781, -33.301399230957031 ], [ 115.680801391601562, -33.308071136474609 ], [ 115.711097717285156, -33.270011901855469 ], [ 115.7030029296875, -33.196678161621094 ], [ 115.664100646972656, -33.288349151611328 ], [ 115.669403076171875, -32.981960296630859 ], [ 115.593902587890625, -32.677509307861328 ], [ 115.678596496582031, -32.529731750488281 ], [ 115.629402160644531, -32.621959686279297 ], [ 115.681602478027344, -32.768070220947266 ], [ 115.711097717285156, -32.782791137695312 ], [ 115.711097717285156, -32.731399536132812 ], [ 115.659400939941406, -32.636680603027344 ], [ 115.746597290039062, -32.644180297851562 ], [ 115.768898010253906, -32.598628997802734 ], [ 115.712997436523438, -32.549449920654297 ], [ 115.744102478027344, -32.430561065673828 ], [ 115.673896789550781, -32.277240753173828 ], [ 115.722999572753906, -32.275569915771484 ], [ 115.755203247070312, -32.195011138916016 ], [ 115.681602478027344, -31.660560607910156 ], [ 115.419700622558594, -31.228889465332031 ], [ 115.099098205566406, -30.633340835571289 ], [ 115.009101867675781, -30.323339462280273 ], [ 115.024398803710938, -30.279729843139648 ], [ 114.935798645019531, -30.058059692382812 ], [ 114.966102600097656, -29.896669387817383 ], [ 114.93890380859375, -29.746120452880859 ], [ 114.979698181152344, -29.498889923095703 ], [ 114.839103698730469, -29.102779388427734 ], [ 114.577796936035156, -28.788619995117188 ], [ 114.596603393554688, -28.728340148925781 ], [ 114.542198181152344, -28.554449081420898 ], [ 114.31109619140625, -28.232229232788086 ], [ 114.166900634765625, -28.109729766845703 ], [ 114.095497131347656, -27.857509613037109 ], [ 114.142501831054688, -27.701120376586914 ], [ 114.008003234863281, -27.322229385375977 ], [ 113.743896484375, -26.900840759277344 ], [ 113.518600463867188, -26.614450454711914 ], [ 113.283599853515625, -26.403900146484375 ], [ 113.239402770996094, -26.265560150146484 ], [ 113.13079833984375, -26.151670455932617 ], [ 113.209999084472656, -26.176399230957031 ], [ 113.253898620605469, -26.238059997558594 ], [ 113.270500183105469, -26.031949996948242 ], [ 113.291603088378906, -26.040279388427734 ], [ 113.341598510742188, -26.358060836791992 ], [ 113.377998352050781, -26.153339385986328 ], [ 113.420501708984375, -26.183620452880859 ], [ 113.475303649902344, -26.385839462280273 ], [ 113.49859619140625, -26.346670150756836 ], [ 113.491096496582031, -26.276950836181641 ], [ 113.534103393554688, -26.335010528564453 ], [ 113.548301696777344, -26.586940765380859 ], [ 113.57659912109375, -26.606399536132812 ], [ 113.594398498535156, -26.482509613037109 ], [ 113.645500183105469, -26.655839920043945 ], [ 113.74749755859375, -26.585840225219727 ], [ 113.81109619140625, -26.576950073242188 ], [ 113.863899230957031, -26.484729766845703 ], [ 113.863601684570312, -26.341119766235352 ], [ 113.789100646972656, -26.250560760498047 ], [ 113.666397094726562, -26.208890914916992 ], [ 113.440498352050781, -25.806949615478516 ], [ 113.455001831054688, -25.776670455932617 ], [ 113.398597717285156, -25.731670379638672 ], [ 113.393600463867188, -25.67194938659668 ], [ 113.4927978515625, -25.501949310302734 ], [ 113.502799987792969, -25.599449157714844 ], [ 113.732200622558594, -25.878059387207031 ], [ 113.682197570800781, -26.093059539794922 ], [ 113.711898803710938, -26.195280075073242 ], [ 113.763900756835938, -26.203889846801758 ], [ 113.862197875976562, -26.058340072631836 ], [ 113.851097106933594, -25.946950912475586 ], [ 113.890800476074219, -25.960559844970703 ], [ 113.888298034667969, -26.071950912475586 ], [ 113.954696655273438, -26.318340301513672 ], [ 114.06610107421875, -26.461950302124023 ], [ 114.202796936035156, -26.341949462890625 ], [ 114.222702026367188, -26.289449691772461 ], [ 114.173301696777344, -26.193609237670898 ], [ 114.19439697265625, -26.019170761108398 ], [ 114.186698913574219, -25.975009918212891 ], [ 114.239700317382812, -26.001399993896484 ], [ 114.2655029296875, -25.983060836791992 ], [ 114.230796813964844, -25.952230453491211 ], [ 114.260002136230469, -25.85222053527832 ], [ 114.037200927734375, -25.637500762939453 ], [ 113.813301086425781, -25.191669464111328 ], [ 113.697700500488281, -25.121669769287109 ], [ 113.646598815917969, -24.99751091003418 ], [ 113.657997131347656, -24.915840148925781 ], [ 113.612800598144531, -24.894170761108398 ], [ 113.612503051757812, -24.746120452880859 ], [ 113.407798767089844, -24.485559463500977 ], [ 113.3822021484375, -24.243890762329102 ], [ 113.431098937988281, -24.179449081420898 ], [ 113.408599853515625, -24.054449081420898 ], [ 113.643302917480469, -23.596389770507812 ], [ 113.737800598144531, -23.535009384155273 ], [ 113.782798767089844, -23.331119537353516 ], [ 113.754402160644531, -23.135009765625 ], [ 113.815299987792969, -23.050289154052734 ], [ 113.774398803710938, -22.840000152587891 ], [ 113.718597412109375, -22.745010375976562 ], [ 113.660499572753906, -22.730840682983398 ], [ 113.6990966796875, -22.513620376586914 ], [ 113.99639892578125, -21.880279541015625 ], [ 114.087799072265625, -21.811119079589844 ], [ 114.150497436523438, -21.791120529174805 ], [ 114.17669677734375, -21.815559387207031 ], [ 114.080497741699219, -22.139730453491211 ], [ 114.110298156738281, -22.333339691162109 ], [ 114.153900146484375, -22.300559997558594 ], [ 114.166603088378906, -22.352779388427734 ], [ 114.109397888183594, -22.474729537963867 ], [ 114.1416015625, -22.526119232177734 ], [ 114.191703796386719, -22.517229080200195 ], [ 114.264999389648438, -22.453620910644531 ], [ 114.351097106933594, -22.492780685424805 ], [ 114.4447021484375, -22.227779388427734 ], [ 114.517997741699219, -22.087230682373047 ], [ 114.493598937988281, -22.007509231567383 ], [ 114.509696960449219, -21.997230529785156 ], [ 114.542800903320312, -22.046390533447266 ], [ 114.68890380859375, -21.819450378417969 ], [ 115.445503234863281, -21.521949768066406 ], [ 115.675003051757812, -21.289449691772461 ], [ 115.800300598144531, -21.240840911865234 ], [ 115.915496826171875, -21.076950073242188 ], [ 116.154098510742188, -20.971120834350586 ], [ 116.191902160644531, -20.843059539794922 ], [ 116.293601989746094, -20.866390228271484 ], [ 116.711898803710938, -20.646669387817383 ], [ 116.795501708984375, -20.536670684814453 ], [ 116.829399108886719, -20.550289154052734 ], [ 116.785499572753906, -20.648340225219727 ], [ 116.815299987792969, -20.693059921264648 ], [ 116.87139892578125, -20.718620300292969 ], [ 117.158302307128906, -20.59861946105957 ], [ 117.186897277832031, -20.680839538574219 ], [ 117.31719970703125, -20.728059768676758 ], [ 117.531600952148438, -20.704170227050781 ], [ 117.606101989746094, -20.660560607910156 ], [ 117.731903076171875, -20.657220840454102 ], [ 117.845497131347656, -20.61138916015625 ], [ 118.13189697265625, -20.368619918823242 ], [ 118.178298950195312, -20.345010757446289 ], [ 118.227798461914062, -20.373619079589844 ], [ 118.607803344726562, -20.308059692382812 ], [ 118.661102294921875, -20.331949234008789 ], [ 118.818603515625, -20.275279998779297 ], [ 119.0780029296875, -19.970010757446289 ], [ 119.460502624511719, -20.001670837402344 ], [ 119.546897888183594, -20.065010070800781 ], [ 119.601402282714844, -20.066120147705078 ], [ 119.713302612304688, -19.976869583129883 ], [ 120.291397094726562, -19.891399383544922 ], [ 121.027496337890625, -19.592229843139648 ], [ 121.333900451660156, -19.332229614257812 ], [ 121.557197570800781, -18.993619918823242 ], [ 121.644996643066406, -18.798620223999023 ], [ 121.611099243164062, -18.713890075683594 ], [ 121.752998352050781, -18.673620223999023 ], [ 121.778297424316406, -18.642780303955078 ], [ 121.732803344726562, -18.586669921875 ], [ 121.8135986328125, -18.458339691162109 ], [ 121.89520263671875, -18.472509384155273 ], [ 122.018898010253906, -18.387229919433594 ], [ 122.218597412109375, -18.200000762939453 ], [ 122.314102172851562, -18.156669616699219 ], [ 122.364402770996094, -18.074729919433594 ], [ 122.359703063964844, -18.000839233398438 ], [ 122.252799987792969, -17.958339691162109 ], [ 122.19439697265625, -18.003620147705078 ], [ 122.170799255371094, -17.978889465332031 ], [ 122.208000183105469, -17.918060302734375 ], [ 122.171096801757812, -17.629449844360352 ], [ 122.140800476074219, -17.558059692382812 ], [ 122.175003051757812, -17.243339538574219 ], [ 122.278602600097656, -17.146669387817383 ], [ 122.24859619140625, -17.120559692382812 ], [ 122.425498962402344, -16.966669082641602 ], [ 122.464103698730469, -16.986949920654297 ], [ 122.473297119140625, -16.913890838623047 ], [ 122.587196350097656, -16.972230911254883 ], [ 122.551399230957031, -16.826950073242188 ], [ 122.5718994140625, -16.785009384155273 ], [ 122.8197021484375, -16.780010223388672 ], [ 122.737998962402344, -16.703899383544922 ], [ 122.760200500488281, -16.60028076171875 ], [ 122.905502319335938, -16.438060760498047 ], [ 123.005203247070312, -16.376119613647461 ], [ 123.062202453613281, -16.451669692993164 ], [ 123.043899536132812, -16.481399536132812 ], [ 122.990798950195312, -16.473899841308594 ], [ 122.969100952148438, -16.592990875244141 ], [ 122.980499267578125, -16.631669998168945 ], [ 123.020797729492188, -16.616949081420898 ], [ 123.021102905273438, -16.675289154052734 ], [ 123.096099853515625, -16.716119766235352 ], [ 123.141899108886719, -16.911399841308594 ], [ 123.248001098632812, -17.005279541015625 ], [ 123.382797241210938, -17.313339233398438 ], [ 123.495002746582031, -17.420839309692383 ], [ 123.564399719238281, -17.593620300292969 ], [ 123.583297729492188, -17.557790756225586 ], [ 123.591102600097656, -17.302230834960938 ], [ 123.644996643066406, -17.183340072631836 ], [ 123.576896667480469, -17.086399078369141 ], [ 123.578903198242188, -17.022790908813477 ], [ 123.630500793457031, -16.995290756225586 ], [ 123.660003662109375, -16.996400833129883 ], [ 123.782501220703125, -17.142509460449219 ], [ 123.8822021484375, -17.193340301513672 ], [ 123.82659912109375, -17.124729156494141 ], [ 123.794700622558594, -17.003339767456055 ], [ 123.868598937988281, -17.025009155273438 ], [ 123.828903198242188, -16.958620071411133 ], [ 123.943901062011719, -16.862789154052734 ], [ 123.931900024414062, -16.802780151367188 ], [ 123.924697875976562, -16.846950531005859 ], [ 123.793899536132812, -16.897790908813477 ], [ 123.76080322265625, -16.882509231567383 ], [ 123.681098937988281, -16.730279922485352 ], [ 123.50579833984375, -16.655839920043945 ], [ 123.613601684570312, -16.564170837402344 ], [ 123.596603393554688, -16.540000915527344 ], [ 123.468902587890625, -16.542779922485352 ], [ 123.422996520996094, -16.496669769287109 ], [ 123.637496948242188, -16.498340606689453 ], [ 123.654098510742188, -16.482229232788086 ], [ 123.505500793457031, -16.419170379638672 ], [ 123.58270263671875, -16.406669616699219 ], [ 123.69830322265625, -16.432790756225586 ], [ 123.62969970703125, -16.371669769287109 ], [ 123.713897705078125, -16.381669998168945 ], [ 123.713302612304688, -16.342229843139648 ], [ 123.550300598144531, -16.283889770507812 ], [ 123.596900939941406, -16.160280227661133 ], [ 123.772201538085938, -16.164730072021484 ], [ 123.80889892578125, -16.19944953918457 ], [ 123.762199401855469, -16.210840225219727 ], [ 123.826896667480469, -16.236120223999023 ], [ 123.730003356933594, -16.258060455322266 ], [ 123.870498657226562, -16.343059539794922 ], [ 123.836601257324219, -16.373340606689453 ], [ 123.88079833984375, -16.426399230957031 ], [ 123.893898010253906, -16.336950302124023 ], [ 123.984703063964844, -16.387229919433594 ], [ 123.985496520996094, -16.285560607910156 ], [ 123.908599853515625, -16.225559234619141 ], [ 124.1343994140625, -16.283060073852539 ], [ 124.215797424316406, -16.400279998779297 ], [ 124.333297729492188, -16.410280227661133 ], [ 124.382797241210938, -16.351119995117188 ], [ 124.572502136230469, -16.405279159545898 ], [ 124.745498657226562, -16.385009765625 ], [ 124.835800170898438, -16.430000305175781 ], [ 124.899398803710938, -16.415000915527344 ], [ 124.568901062011719, -16.32444953918457 ], [ 124.424102783203125, -16.349449157714844 ], [ 124.3822021484375, -16.282510757446289 ], [ 124.42669677734375, -16.0625 ], [ 124.458900451660156, -16.059730529785156 ], [ 124.517799377441406, -16.178340911865234 ], [ 124.593002319335938, -16.114170074462891 ], [ 124.577499389648438, -15.993339538574219 ], [ 124.643898010253906, -15.866669654846191 ], [ 124.724700927734375, -15.814169883728027 ], [ 124.6177978515625, -15.800000190734863 ], [ 124.499397277832031, -15.996390342712402 ], [ 124.443901062011719, -15.834449768066406 ], [ 124.404998779296875, -15.87444019317627 ], [ 124.37139892578125, -15.671389579772949 ], [ 124.403900146484375, -15.639450073242188 ], [ 124.379203796386719, -15.520279884338379 ], [ 124.44830322265625, -15.527219772338867 ], [ 124.451103210449219, -15.482500076293945 ], [ 124.5166015625, -15.477780342102051 ], [ 124.620201110839844, -15.515839576721191 ], [ 124.633003234863281, -15.422229766845703 ], [ 124.671096801757812, -15.454170227050781 ], [ 124.675498962402344, -15.398889541625977 ], [ 124.733299255371094, -15.359450340270996 ], [ 124.658302307128906, -15.28555965423584 ], [ 124.726898193359375, -15.272780418395996 ], [ 124.984397888183594, -15.418339729309082 ], [ 125.027801513671875, -15.494449615478516 ], [ 125.06719970703125, -15.454449653625488 ], [ 125.182296752929688, -15.522950172424316 ], [ 125.073898315429688, -15.429169654846191 ], [ 125.086601257324219, -15.356949806213379 ], [ 125.145500183105469, -15.318610191345215 ], [ 125.028602600097656, -15.283060073852539 ], [ 124.922798156738281, -15.340840339660645 ], [ 124.878898620605469, -15.296389579772949 ], [ 124.958900451660156, -15.214719772338867 ], [ 125.011100769042969, -15.229169845581055 ], [ 125.050003051757812, -15.167779922485352 ], [ 125.012802124023438, -15.153610229492188 ], [ 124.998001098632812, -15.188610076904297 ], [ 124.927696228027344, -15.203889846801758 ], [ 124.873001098632812, -15.255559921264648 ], [ 124.853897094726562, -15.194729804992676 ], [ 124.82440185546875, -15.167499542236328 ], [ 124.897499084472656, -15.100000381469727 ], [ 124.967796325683594, -15.135279655456543 ], [ 125.035797119140625, -15.075839996337891 ], [ 125.000503540039062, -14.976110458374023 ], [ 125.072196960449219, -14.974169731140137 ], [ 125.072196960449219, -15.056949615478516 ], [ 125.108001708984375, -15.028889656066895 ], [ 125.147201538085938, -15.151390075683594 ], [ 125.166397094726562, -15.16055965423584 ], [ 125.142501831054688, -15.033889770507812 ], [ 125.275299072265625, -15.095840454101562 ], [ 125.276397705078125, -15.134730339050293 ], [ 125.407798767089844, -15.154999732971191 ], [ 125.437797546386719, -15.128890037536621 ], [ 125.361900329589844, -15.105560302734375 ], [ 125.430496215820312, -15.017230033874512 ], [ 125.181900024414062, -14.954730033874512 ], [ 125.242996215820312, -14.901949882507324 ], [ 125.279701232910156, -14.927229881286621 ], [ 125.316398620605469, -14.879449844360352 ], [ 125.2041015625, -14.856949806213379 ], [ 125.135002136230469, -14.753890037536621 ], [ 125.179397583007812, -14.696669578552246 ], [ 125.294700622558594, -14.643610000610352 ], [ 125.233299255371094, -14.635279655456543 ], [ 125.2615966796875, -14.580840110778809 ], [ 125.348297119140625, -14.49860954284668 ], [ 125.341102600097656, -14.606670379638672 ], [ 125.3916015625, -14.541390419006348 ], [ 125.431900024414062, -14.642499923706055 ], [ 125.537200927734375, -14.5 ], [ 125.527999877929688, -14.551389694213867 ], [ 125.588897705078125, -14.549449920654297 ], [ 125.601402282714844, -14.231949806213379 ], [ 125.624198913574219, -14.222780227661133 ], [ 125.702796936035156, -14.294449806213379 ], [ 125.715499877929688, -14.328889846801758 ], [ 125.653900146484375, -14.364729881286621 ], [ 125.681396484375, -14.484729766845703 ], [ 125.6343994140625, -14.625 ], [ 125.660797119140625, -14.611669540405273 ], [ 125.734397888183594, -14.42527961730957 ], [ 125.733001708984375, -14.471949577331543 ], [ 125.840301513671875, -14.451109886169434 ], [ 125.825302124023438, -14.57528018951416 ], [ 125.902801513671875, -14.643610000610352 ], [ 125.919700622558594, -14.635560035705566 ], [ 125.919097900390625, -14.524450302124023 ], [ 126.033302307128906, -14.519729614257812 ], [ 126.009696960449219, -14.419170379638672 ], [ 125.977500915527344, -14.406390190124512 ], [ 126.017997741699219, -14.36221981048584 ], [ 126.066398620605469, -14.344169616699219 ], [ 126.053298950195312, -14.241109848022461 ], [ 126.142501831054688, -14.195560455322266 ], [ 126.139999389648438, -14.117230415344238 ], [ 126.062202453613281, -14.07528018951416 ], [ 126.018898010253906, -14.08860969543457 ], [ 125.970497131347656, -14.032219886779785 ], [ 125.977500915527344, -13.989729881286621 ], [ 126.018302917480469, -14.031390190124512 ], [ 126.038299560546875, -13.982500076293945 ], [ 126.085800170898438, -14.036669731140137 ], [ 126.088897705078125, -13.97305965423584 ], [ 126.012496948242188, -13.926389694213867 ], [ 126.148002624511719, -13.927499771118164 ], [ 126.107803344726562, -14.016389846801758 ], [ 126.200302124023438, -14.016110420227051 ], [ 126.184700012207031, -14.155280113220215 ], [ 126.287803649902344, -14.233059883117676 ], [ 126.349403381347656, -14.175840377807617 ], [ 126.306900024414062, -14.098340034484863 ], [ 126.431396484375, -13.975000381469727 ], [ 126.455497741699219, -13.999730110168457 ], [ 126.525802612304688, -13.922499656677246 ], [ 126.534400939941406, -13.960000038146973 ], [ 126.455001831054688, -14.067779541015625 ], [ 126.461402893066406, -14.085840225219727 ], [ 126.519096374511719, -14.069729804992676 ], [ 126.514396667480469, -14.141949653625488 ], [ 126.566902160644531, -14.137499809265137 ], [ 126.56610107421875, -14.216110229492188 ], [ 126.600502014160156, -14.229720115661621 ], [ 126.642799377441406, -14.075559616088867 ], [ 126.697196960449219, -14.126950263977051 ], [ 126.745498657226562, -14.037229537963867 ], [ 126.695503234863281, -14.0 ], [ 126.853897094726562, -13.955280303955078 ], [ 126.744400024414062, -13.798060417175293 ], [ 126.820503234863281, -13.767499923706055 ], [ 126.827796936035156, -13.816109657287598 ], [ 126.875801086425781, -13.801389694213867 ], [ 126.843002319335938, -13.764450073242188 ], [ 126.956596374511719, -13.730409622192383 ], [ 127.115798950195312, -13.969169616699219 ], [ 127.165496826171875, -13.924169540405273 ], [ 127.200302124023438, -13.954170227050781 ], [ 127.232200622558594, -13.899999618530273 ], [ 127.332496643066406, -13.968890190124512 ], [ 127.314399719238281, -13.915559768676758 ], [ 127.343902587890625, -13.907779693603516 ], [ 127.447196960449219, -13.984169960021973 ], [ 127.446601867675781, -14.059169769287109 ], [ 127.653900146484375, -14.173060417175293 ], [ 127.9490966796875, -14.579449653625488 ], [ 128.00360107421875, -14.56110954284668 ], [ 128.165496826171875, -14.70028018951416 ], [ 128.223297119140625, -14.704730033874512 ], [ 128.226303100585938, -14.745840072631836 ], [ 128.1907958984375, -14.734999656677246 ], [ 128.177993774414062, -14.770560264587402 ], [ 128.2001953125, -14.828060150146484 ], [ 128.123001098632812, -14.849729537963867 ], [ 128.1304931640625, -14.895560264587402 ], [ 128.069107055664062, -15.100839614868164 ], [ 128.07769775390625, -15.283340454101562 ], [ 128.043594360351562, -15.296669960021973 ], [ 128.0740966796875, -15.377779960632324 ], [ 128.01220703125, -15.494999885559082 ], [ 128.043594360351562, -15.491390228271484 ], [ 128.093795776367188, -15.441949844360352 ], [ 128.118804931640625, -15.290559768676758 ], [ 128.110000610351562, -15.19834041595459 ], [ 128.123794555664062, -15.185000419616699 ], [ 128.246902465820312, -15.290280342102051 ], [ 128.285202026367188, -15.407219886779785 ], [ 128.293304443359375, -15.311949729919434 ], [ 128.19110107421875, -15.085280418395996 ], [ 128.213592529296875, -15.024720191955566 ], [ 128.3096923828125, -14.909170150756836 ], [ 128.335006713867188, -14.977219581604004 ], [ 128.425201416015625, -15.047220230102539 ], [ 128.45880126953125, -15.015560150146484 ], [ 128.403305053710938, -14.881669998168945 ], [ 128.44110107421875, -14.854720115661621 ], [ 128.380203247070312, -14.808609962463379 ], [ 128.530197143554688, -14.759169578552246 ], [ 129.073898315429688, -14.892780303955078 ], [ 129.18499755859375, -14.977780342102051 ], [ 129.153793334960938, -15.223609924316406 ], [ 129.19110107421875, -15.182499885559082 ], [ 129.212997436523438, -15.238889694213867 ], [ 129.256301879882812, -15.030559539794922 ], [ 129.217697143554688, -14.855839729309082 ], [ 129.240493774414062, -14.840000152587891 ], [ 129.546905517578125, -15.028059959411621 ], [ 129.592193603515625, -15.103610038757324 ], [ 129.58380126953125, -15.170280456542969 ], [ 129.639404296875, -15.13694953918457 ], [ 129.665496826171875, -15.144729614257812 ], [ 129.670501708984375, -15.201669692993164 ], [ 129.732498168945312, -15.197230339050293 ], [ 129.615798950195312, -14.958339691162109 ], [ 129.643798828125, -14.837220191955566 ], [ 129.864700317382812, -14.843059539794922 ], [ 129.885498046875, -14.806389808654785 ], [ 129.982498168945312, -14.810000419616699 ], [ 129.989395141601562, -14.713890075683594 ], [ 129.847396850585938, -14.796950340270996 ], [ 129.767196655273438, -14.823329925537109 ], [ 129.796096801757812, -14.769169807434082 ], [ 129.726898193359375, -14.800000190734863 ], [ 129.603302001953125, -14.67471981048584 ], [ 129.585006713867188, -14.627229690551758 ], [ 129.764694213867188, -14.560279846191406 ], [ 129.76300048828125, -14.535280227661133 ], [ 129.664901733398438, -14.579449653625488 ], [ 129.537399291992188, -14.549169540405273 ], [ 129.359100341796875, -14.425559997558594 ], [ 129.412200927734375, -14.231109619140625 ], [ 129.477996826171875, -14.170829772949219 ], [ 129.495498657226562, -14.094449996948242 ], [ 129.478897094726562, -14.047229766845703 ], [ 129.582504272460938, -14.097229957580566 ], [ 129.613601684570312, -14.058340072631836 ], [ 129.723602294921875, -14.005279541015625 ], [ 129.75, -13.938340187072754 ], [ 129.714706420898438, -13.880000114440918 ], [ 129.766098022460938, -13.802229881286621 ], [ 129.815200805664062, -13.777779579162598 ], [ 129.790802001953125, -13.763059616088867 ], [ 129.782699584960938, -13.692230224609375 ], [ 129.882705688476562, -13.44972038269043 ], [ 129.913604736328125, -13.513890266418457 ], [ 129.974700927734375, -13.529170036315918 ], [ 130.145004272460938, -13.459719657897949 ], [ 130.229400634765625, -13.345279693603516 ], [ 130.275497436523438, -13.32444953918457 ], [ 130.321395874023438, -13.355839729309082 ], [ 130.326400756835938, -13.331110000610352 ], [ 130.124404907226562, -13.171950340270996 ], [ 130.124099731445312, -12.973609924316406 ], [ 130.139297485351562, -12.925589561462402 ], [ 130.185501098632812, -12.907500267028809 ], [ 130.204696655273438, -12.942500114440918 ], [ 130.256103515625, -12.941670417785645 ], [ 130.33270263671875, -12.888890266418457 ], [ 130.356094360351562, -12.754449844360352 ], [ 130.352996826171875, -12.67527961730957 ], [ 130.5093994140625, -12.658340454101562 ], [ 130.499404907226562, -12.603059768676758 ], [ 130.616302490234375, -12.716950416564941 ], [ 130.691299438476562, -12.705559730529785 ], [ 130.556594848632812, -12.634169578552246 ], [ 130.614700317382812, -12.617500305175781 ], [ 130.613296508789062, -12.593890190124512 ], [ 130.57550048828125, -12.586950302124023 ], [ 130.57659912109375, -12.402779579162598 ], [ 130.619400024414062, -12.385000228881836 ], [ 130.775802612304688, -12.431670188903809 ], [ 130.786605834960938, -12.581390380859375 ], [ 130.827499389648438, -12.546389579772949 ], [ 130.959396362304688, -12.628060340881348 ], [ 130.94219970703125, -12.584449768066406 ], [ 130.894393920898438, -12.567500114440918 ], [ 130.868606567382812, -12.519450187683105 ], [ 130.914901733398438, -12.51084041595459 ], [ 130.886398315429688, -12.461950302124023 ], [ 130.831893920898438, -12.460559844970703 ], [ 130.8258056640625, -12.406390190124512 ], [ 130.89630126953125, -12.328889846801758 ], [ 131.046096801757812, -12.37360954284668 ], [ 130.996902465820312, -12.192779541015625 ], [ 131.0177001953125, -12.14861011505127 ], [ 131.190200805664062, -12.204730033874512 ], [ 131.220199584960938, -12.242230415344238 ], [ 131.272705078125, -12.066109657287598 ], [ 131.303604125976562, -12.070280075073242 ], [ 131.361297607421875, -12.239170074462891 ], [ 131.441299438476562, -12.291110038757324 ], [ 131.727996826171875, -12.283610343933105 ], [ 131.889694213867188, -12.218890190124512 ], [ 131.933807373046875, -12.269450187683105 ], [ 132.06219482421875, -12.310839653015137 ], [ 132.241104125976562, -12.159999847412109 ], [ 132.284103393554688, -12.239170074462891 ], [ 132.347702026367188, -12.201109886169434 ], [ 132.391403198242188, -12.231109619140625 ], [ 132.420196533203125, -12.307780265808105 ], [ 132.38360595703125, -12.36221981048584 ], [ 132.416397094726562, -12.349729537963867 ], [ 132.4447021484375, -12.308340072631836 ], [ 132.421600341796875, -12.209449768066406 ], [ 132.435806274414062, -12.157779693603516 ], [ 132.56829833984375, -12.089170455932617 ], [ 132.682693481445312, -12.140560150146484 ], [ 132.75439453125, -12.132780075073242 ], [ 132.647201538085938, -12.089170455932617 ], [ 132.627700805664062, -12.041950225830078 ], [ 132.652999877929688, -11.861669540405273 ], [ 132.592498779296875, -11.784449577331543 ], [ 132.69189453125, -11.66139030456543 ], [ 132.531600952148438, -11.541950225830078 ], [ 132.469894409179688, -11.462499618530273 ], [ 132.37579345703125, -11.437780380249023 ], [ 132.105804443359375, -11.526390075683594 ], [ 132.057205200195312, -11.505559921264648 ], [ 131.982498168945312, -11.405559539794922 ], [ 131.944900512695312, -11.392780303955078 ], [ 131.974105834960938, -11.361120223999023 ], [ 131.8721923828125, -11.310000419616699 ], [ 131.776092529296875, -11.321390151977539 ], [ 131.792404174804688, -11.256389617919922 ], [ 131.835494995117188, -11.280839920043945 ], [ 131.841903686523438, -11.255000114440918 ], [ 131.8135986328125, -11.208889961242676 ], [ 131.879898071289062, -11.175559997558594 ], [ 131.930496215820312, -11.252779960632324 ], [ 131.983001708984375, -11.230279922485352 ], [ 131.971603393554688, -11.131669998168945 ], [ 132.005203247070312, -11.135829925537109 ], [ 132.108596801757812, -11.277779579162598 ], [ 132.110000610351562, -11.335840225219727 ], [ 132.128799438476562, -11.315839767456055 ], [ 132.161102294921875, -11.403889656066895 ], [ 132.204696655273438, -11.411109924316406 ], [ 132.187698364257812, -11.356949806213379 ], [ 132.232192993164062, -11.36277961730957 ], [ 132.14190673828125, -11.144729614257812 ], [ 132.178298950195312, -11.130840301513672 ], [ 132.271102905273438, -11.267499923706055 ], [ 132.26690673828125, -11.171389579772949 ], [ 132.337493896484375, -11.129170417785645 ], [ 132.381301879882812, -11.217499732971191 ], [ 132.375198364257812, -11.288339614868164 ], [ 132.418304443359375, -11.26278018951416 ], [ 132.425506591796875, -11.215279579162598 ], [ 132.454696655273438, -11.214719772338867 ], [ 132.654403686523438, -11.495840072631836 ], [ 132.716293334960938, -11.522500038146973 ], [ 132.896896362304688, -11.420000076293945 ], [ 132.869705200195312, -11.333609580993652 ], [ 132.938003540039062, -11.358059883117676 ], [ 133.049301147460938, -11.498700141906738 ] ] ] ] } },
{ "type": "Feature", "properties": { }, "geometry": { "type": "MultiPolygon", "coordinates": [ [ [ [ -176.533401489257812, -44.125 ], [ -176.608901977539062, -44.090560913085938 ], [ -176.656204223632812, -44.011508941650391 ], [ -176.528900146484375, -43.941120147705078 ], [ -176.530593872070312, -43.877231597900391 ], [ -176.576400756835938, -43.824718475341797 ], [ -176.6842041015625, -43.809719085693359 ], [ -176.829193115234375, -43.843059539794922 ], [ -176.849502563476562, -43.819728851318359 ], [ -176.781692504882812, -43.753890991210938 ], [ -176.7283935546875, -43.774440765380859 ], [ -176.617202758789062, -43.755001068115234 ], [ -176.604507446289062, -43.707500457763672 ], [ -176.269195556640625, -43.763889312744141 ], [ -176.388900756835938, -43.8466796875 ], [ -176.350006103515625, -43.802509307861328 ], [ -176.371902465820312, -43.770839691162109 ], [ -176.511398315429688, -43.749458312988281 ], [ -176.535598754882812, -43.767501831054688 ], [ -176.522201538085938, -43.793060302734375 ], [ -176.42950439453125, -43.802780151367188 ], [ -176.500900268554688, -43.861671447753906 ], [ -176.455001831054688, -43.952510833740234 ], [ -176.299697875976562, -44.025279998779297 ], [ -176.297195434570312, -44.048061370849609 ], [ -176.533401489257812, -44.125 ] ] ], [ [ [ 166.234695434570312, -50.854450225830078 ], [ 166.064407348632812, -50.833339691162109 ], [ 166.08160400390625, -50.786960601806641 ], [ 166.0596923828125, -50.756950378417969 ], [ 165.992706298828125, -50.774448394775391 ], [ 166.026596069335938, -50.803340911865234 ], [ 166.018798828125, -50.841129302978516 ], [ 165.895492553710938, -50.850559234619141 ], [ 165.8966064453125, -50.774169921875 ], [ 166.044403076171875, -50.706119537353516 ], [ 166.117202758789062, -50.580558776855469 ], [ 166.095199584960938, -50.536670684814453 ], [ 166.274993896484375, -50.541950225830078 ], [ 166.291900634765625, -50.568351745605469 ], [ 166.185195922851562, -50.610279083251953 ], [ 166.189407348632812, -50.668621063232422 ], [ 166.215499877929688, -50.703609466552734 ], [ 166.131103515625, -50.701389312744141 ], [ 166.250198364257812, -50.818889617919922 ], [ 166.234695434570312, -50.854450225830078 ] ] ], [ [ [ 174.940200805664062, -38.101108551025391 ], [ 174.794692993164062, -38.090568542480469 ], [ 174.793594360351562, -38.046398162841797 ], [ 174.892501831054688, -37.976398468017578 ], [ 174.861099243164062, -37.940010070800781 ], [ 174.82269287109375, -37.999729156494141 ], [ 174.786300659179688, -37.988338470458984 ], [ 174.788803100585938, -37.860000610351562 ], [ 174.864700317382812, -37.809181213378906 ], [ 174.964096069335938, -37.777790069580078 ], [ 174.974700927734375, -37.740840911865234 ], [ 174.861602783203125, -37.784999847412109 ], [ 174.717498779296875, -37.424999237060547 ], [ 174.719100952148438, -37.393619537353516 ], [ 174.83160400390625, -37.308059692382812 ], [ 174.830001831054688, -37.290569305419922 ], [ 174.733596801757812, -37.368610382080078 ], [ 174.70159912109375, -37.349720001220703 ], [ 174.551895141601562, -37.080841064453125 ], [ 174.55859375, -37.062511444091797 ], [ 174.661300659179688, -37.065570831298828 ], [ 174.71380615234375, -37.227790832519531 ], [ 174.743301391601562, -37.244998931884766 ], [ 174.733596801757812, -37.179729461669922 ], [ 174.770004272460938, -37.113620758056641 ], [ 174.94110107421875, -37.118061065673828 ], [ 174.94329833984375, -37.071121215820312 ], [ 174.786300659179688, -37.025009155273438 ], [ 174.796600341796875, -36.975009918212891 ], [ 174.83270263671875, -36.948619842529297 ], [ 174.69659423828125, -36.939739227294922 ], [ 174.62249755859375, -36.982219696044922 ], [ 174.616592407226562, -37.023059844970703 ], [ 174.5155029296875, -37.045570373535156 ], [ 174.451904296875, -36.923900604248047 ], [ 174.416595458984375, -36.784168243408203 ], [ 174.20880126953125, -36.535289764404297 ], [ 174.202194213867188, -36.481121063232422 ], [ 174.235000610351562, -36.442790985107422 ], [ 174.388900756835938, -36.595001220703125 ], [ 174.356094360351562, -36.625560760498047 ], [ 174.447402954101562, -36.653900146484375 ], [ 174.471099853515625, -36.518341064453125 ], [ 174.439102172851562, -36.408351898193359 ], [ 174.469406127929688, -36.377510070800781 ], [ 174.434402465820312, -36.35028076171875 ], [ 174.384902954101562, -36.398899078369141 ], [ 174.303802490234375, -36.395290374755859 ], [ 174.270004272460938, -36.357791900634766 ], [ 174.292205810546875, -36.316951751708984 ], [ 174.407394409179688, -36.318340301513672 ], [ 174.518295288085938, -36.258060455322266 ], [ 174.477996826171875, -36.246391296386719 ], [ 174.346603393554688, -36.298061370849609 ], [ 174.300506591796875, -36.281959533691406 ], [ 174.313796997070312, -36.259731292724609 ], [ 174.363296508789062, -36.282230377197266 ], [ 174.422500610351562, -36.158069610595703 ], [ 174.397994995117188, -36.126121520996094 ], [ 174.346099853515625, -36.212230682373047 ], [ 174.26800537109375, -36.181949615478516 ], [ 174.282699584960938, -36.121120452880859 ], [ 174.202194213867188, -36.127510070800781 ], [ 174.185806274414062, -36.171958923339844 ], [ 174.312393188476562, -36.236679077148438 ], [ 174.2593994140625, -36.273059844970703 ], [ 174.022293090820312, -36.101390838623047 ], [ 173.929092407226562, -35.914730072021484 ], [ 173.873794555664062, -35.951129913330078 ], [ 174.12579345703125, -36.271961212158203 ], [ 174.180496215820312, -36.282501220703125 ], [ 174.197998046875, -36.368621826171875 ], [ 174.089996337890625, -36.411399841308594 ], [ 174.049102783203125, -36.353610992431641 ], [ 174.020492553710938, -36.273899078369141 ], [ 173.563003540039062, -35.735851287841797 ], [ 173.3988037109375, -35.573890686035156 ], [ 173.465805053710938, -35.429180145263672 ], [ 173.501907348632812, -35.419731140136719 ], [ 173.533798217773438, -35.458339691162109 ], [ 173.655502319335938, -35.322509765625 ], [ 173.556106567382812, -35.280849456787109 ], [ 173.56689453125, -35.369731903076172 ], [ 173.416107177734375, -35.384449005126953 ], [ 173.386398315429688, -35.523349761962891 ], [ 173.311294555664062, -35.454730987548828 ], [ 173.268295288085938, -35.388629913330078 ], [ 173.314102172851562, -35.311119079589844 ], [ 173.27020263671875, -35.321399688720703 ], [ 173.244400024414062, -35.3739013671875 ], [ 173.20269775390625, -35.325290679931641 ], [ 173.25079345703125, -35.276401519775391 ], [ 173.202499389648438, -35.299449920654297 ], [ 173.091903686523438, -35.216949462890625 ], [ 173.091903686523438, -35.187511444091797 ], [ 173.152694702148438, -35.189178466796875 ], [ 173.187393188476562, -35.143329620361328 ], [ 173.198593139648438, -35.051120758056641 ], [ 173.151092529296875, -34.946670532226562 ], [ 172.722396850585938, -34.495288848876953 ], [ 172.674392700195312, -34.479450225830078 ], [ 172.69580078125, -34.420009613037109 ], [ 172.826095581054688, -34.445011138916016 ], [ 173.047698974609375, -34.398349761962891 ], [ 173.043304443359375, -34.517791748046875 ], [ 173.007400512695312, -34.526950836181641 ], [ 172.961898803710938, -34.465290069580078 ], [ 172.908294677734375, -34.544181823730469 ], [ 172.944107055664062, -34.570011138916016 ], [ 172.99749755859375, -34.566398620605469 ], [ 173.004104614257812, -34.654460906982422 ], [ 173.023300170898438, -34.635280609130859 ], [ 173.00970458984375, -34.541671752929688 ], [ 173.032196044921875, -34.546958923339844 ], [ 173.057693481445312, -34.680290222167969 ], [ 173.187698364257812, -34.821670532226562 ], [ 173.115005493164062, -34.778629302978516 ], [ 173.12860107421875, -34.822509765625 ], [ 173.301101684570312, -34.910289764404297 ], [ 173.259902954101562, -34.966670989990234 ], [ 173.26910400390625, -35.019741058349609 ], [ 173.358901977539062, -34.981121063232422 ], [ 173.342498779296875, -34.870830535888672 ], [ 173.416397094726562, -34.857791900634766 ], [ 173.433807373046875, -34.795009613037109 ], [ 173.500198364257812, -34.864719390869141 ], [ 173.399703979492188, -34.897228240966797 ], [ 173.441604614257812, -34.973339080810547 ], [ 173.585494995117188, -35.016681671142578 ], [ 173.56689453125, -34.936111450195312 ], [ 173.635498046875, -34.943901062011719 ], [ 173.779693603515625, -35.012790679931641 ], [ 173.721893310546875, -35.064739227294922 ], [ 173.75469970703125, -35.098339080810547 ], [ 173.801300048828125, -35.050289154052734 ], [ 173.805496215820312, -35.013629913330078 ], [ 173.88720703125, -35.000850677490234 ], [ 173.976104736328125, -35.106681823730469 ], [ 174.1416015625, -35.186958312988281 ], [ 174.015792846679688, -35.204730987548828 ], [ 174.14019775390625, -35.322238922119141 ], [ 174.153594970703125, -35.37445068359375 ], [ 174.234695434570312, -35.308330535888672 ], [ 174.163604736328125, -35.29888916015625 ], [ 174.167404174804688, -35.271400451660156 ], [ 174.31329345703125, -35.23638916015625 ], [ 174.352203369140625, -35.203899383544922 ], [ 174.335006713867188, -35.300559997558594 ], [ 174.38800048828125, -35.426959991455078 ], [ 174.455795288085938, -35.431678771972656 ], [ 174.5, -35.497230529785156 ], [ 174.453903198242188, -35.509731292724609 ], [ 174.57220458984375, -35.595558166503906 ], [ 174.569900512695312, -35.648059844970703 ], [ 174.479095458984375, -35.641948699951172 ], [ 174.549392700195312, -35.694179534912109 ], [ 174.518295288085938, -35.724170684814453 ], [ 174.584701538085938, -35.750850677490234 ], [ 174.602401733398438, -35.844459533691406 ], [ 174.560806274414062, -35.847789764404297 ], [ 174.491104125976562, -35.769451141357422 ], [ 174.383895874023438, -35.801399230957031 ], [ 174.379104614257812, -35.736949920654297 ], [ 174.348800659179688, -35.743900299072266 ], [ 174.346893310546875, -35.83306884765625 ], [ 174.486297607421875, -35.824718475341797 ], [ 174.525497436523438, -35.849170684814453 ], [ 174.475494384765625, -35.906120300292969 ], [ 174.498001098632812, -35.994178771972656 ], [ 174.612701416015625, -36.042240142822266 ], [ 174.70880126953125, -36.205558776855469 ], [ 174.82470703125, -36.277240753173828 ], [ 174.793899536132812, -36.324729919433594 ], [ 174.876907348632812, -36.350849151611328 ], [ 174.804092407226562, -36.363338470458984 ], [ 174.76019287109375, -36.345569610595703 ], [ 174.778305053710938, -36.480560302734375 ], [ 174.721603393554688, -36.411399841308594 ], [ 174.714706420898438, -36.595840454101562 ], [ 174.7738037109375, -36.621681213378906 ], [ 174.853897094726562, -36.607509613037109 ], [ 174.791595458984375, -36.642509460449219 ], [ 174.723602294921875, -36.631671905517578 ], [ 174.8179931640625, -36.816120147705078 ], [ 174.735000610351562, -36.815559387207031 ], [ 174.7001953125, -36.760009765625 ], [ 174.619598388671875, -36.802669525146484 ], [ 174.681900024414062, -36.807239532470703 ], [ 174.643295288085938, -36.830009460449219 ], [ 174.684402465820312, -36.9122314453125 ], [ 174.74609375, -36.845851898193359 ], [ 174.873001098632812, -36.851119995117188 ], [ 174.89630126953125, -36.869171142578125 ], [ 174.870803833007812, -36.948898315429688 ], [ 174.89410400390625, -36.961399078369141 ], [ 174.925506591796875, -36.841960906982422 ], [ 174.99969482421875, -36.936679840087891 ], [ 175.022506713867188, -36.928611755371094 ], [ 175.000198364257812, -36.881118774414062 ], [ 175.055496215820312, -36.880290985107422 ], [ 175.087493896484375, -36.900848388671875 ], [ 175.077499389648438, -36.960010528564453 ], [ 175.116104125976562, -36.975009918212891 ], [ 175.221099853515625, -36.937789916992188 ], [ 175.310501098632812, -36.995010375976562 ], [ 175.319107055664062, -37.152500152587891 ], [ 175.38519287109375, -37.225849151611328 ], [ 175.564102172851562, -37.183071136474609 ], [ 175.5841064453125, -37.249729156494141 ], [ 175.590805053710938, -37.177791595458984 ], [ 175.45880126953125, -36.885009765625 ], [ 175.5133056640625, -36.854179382324219 ], [ 175.466903686523438, -36.810009002685547 ], [ 175.517196655273438, -36.773059844970703 ], [ 175.473800659179688, -36.713348388671875 ], [ 175.50689697265625, -36.641399383544922 ], [ 175.366302490234375, -36.561668395996094 ], [ 175.353607177734375, -36.481948852539062 ], [ 175.441604614257812, -36.478900909423828 ], [ 175.49749755859375, -36.535839080810547 ], [ 175.537994384765625, -36.514728546142578 ], [ 175.564895629882812, -36.567508697509766 ], [ 175.538803100585938, -36.601119995117188 ], [ 175.600204467773438, -36.617229461669922 ], [ 175.623001098632812, -36.77056884765625 ], [ 175.843002319335938, -36.718059539794922 ], [ 175.847702026367188, -36.752239227294922 ], [ 175.733596801757812, -36.805839538574219 ], [ 175.707504272460938, -36.870010375976562 ], [ 175.743804931640625, -36.893901824951172 ], [ 175.802505493164062, -36.828899383544922 ], [ 175.845504760742188, -36.839740753173828 ], [ 175.882705688476562, -37.019451141357422 ], [ 175.918304443359375, -37.067508697509766 ], [ 175.88720703125, -37.244178771972656 ], [ 175.927200317382812, -37.256118774414062 ], [ 175.973602294921875, -37.472499847412109 ], [ 176.071395874023438, -37.511390686035156 ], [ 176.169403076171875, -37.620288848876953 ], [ 176.0740966796875, -37.5997314453125 ], [ 176.095199584960938, -37.576129913330078 ], [ 176.02520751953125, -37.520839691162109 ], [ 175.946395874023438, -37.523059844970703 ], [ 175.953598022460938, -37.581951141357422 ], [ 176.13189697265625, -37.692230224609375 ], [ 176.165496826171875, -37.663608551025391 ], [ 176.19659423828125, -37.685009002685547 ], [ 176.191604614257812, -37.723899841308594 ], [ 176.24249267578125, -37.716949462890625 ], [ 176.19769287109375, -37.631401062011719 ], [ 176.235504150390625, -37.639728546142578 ], [ 176.297698974609375, -37.698619842529297 ], [ 177.061599731445312, -37.966129302978516 ], [ 177.06719970703125, -37.998340606689453 ], [ 177.1376953125, -38.024181365966797 ], [ 177.223800659179688, -37.995288848876953 ], [ 177.4552001953125, -37.966960906982422 ], [ 177.57159423828125, -37.902240753173828 ], [ 177.732192993164062, -37.682510375976562 ], [ 178.0, -37.592220306396484 ], [ 177.990798950195312, -37.545558929443359 ], [ 178.281906127929688, -37.560840606689453 ], [ 178.431304931640625, -37.640560150146484 ], [ 178.50439453125, -37.650009155273438 ], [ 178.5596923828125, -37.698898315429688 ], [ 178.350494384765625, -38.004730224609375 ], [ 178.377700805664062, -38.098628997802734 ], [ 178.332504272460938, -38.137508392333984 ], [ 178.345794677734375, -38.433620452880859 ], [ 178.08050537109375, -38.708900451660156 ], [ 177.969894409179688, -38.684181213378906 ], [ 177.926300048828125, -38.706680297851562 ], [ 177.934097290039062, -38.881679534912109 ], [ 177.878799438476562, -39.088348388671875 ], [ 177.967697143554688, -39.098339080810547 ], [ 177.999404907226562, -39.127510070800781 ], [ 177.874893188476562, -39.286121368408203 ], [ 177.8240966796875, -39.193069458007812 ], [ 177.865203857421875, -39.099170684814453 ], [ 177.419998168945312, -39.059730529785156 ], [ 177.05499267578125, -39.204448699951172 ], [ 176.8988037109375, -39.4122314453125 ], [ 176.94970703125, -39.589740753173828 ], [ 176.938201904296875, -39.683139801025391 ], [ 176.9530029296875, -39.628341674804688 ], [ 177.116897583007812, -39.662220001220703 ], [ 177.08270263671875, -39.730010986328125 ], [ 177.0054931640625, -39.808338165283203 ], [ 176.808303833007812, -40.216670989990234 ], [ 176.684402465820312, -40.294731140136719 ], [ 176.698898315429688, -40.294181823730469 ], [ 176.620193481445312, -40.478618621826172 ], [ 176.52130126953125, -40.513900756835938 ], [ 176.241302490234375, -40.876670837402344 ], [ 176.220794677734375, -40.931678771972656 ], [ 176.142196655273438, -40.975288391113281 ], [ 175.994094848632812, -41.220001220703125 ], [ 175.650497436523438, -41.434181213378906 ], [ 175.322998046875, -41.614459991455078 ], [ 175.230804443359375, -41.620830535888672 ], [ 175.1846923828125, -41.535839080810547 ], [ 175.193801879882812, -41.437789916992188 ], [ 175.0802001953125, -41.385570526123047 ], [ 175.027206420898438, -41.381671905517578 ], [ 174.918594360351562, -41.448070526123047 ], [ 174.861099243164062, -41.419731140136719 ], [ 174.901901245117188, -41.258350372314453 ], [ 174.895004272460938, -41.228069305419922 ], [ 174.827194213867188, -41.218891143798828 ], [ 174.777999877929688, -41.255840301513672 ], [ 174.771102905273438, -41.278060913085938 ], [ 174.8240966796875, -41.289180755615234 ], [ 174.826400756835938, -41.323341369628906 ], [ 174.744705200195312, -41.347511291503906 ], [ 174.62969970703125, -41.314998626708984 ], [ 174.591903686523438, -41.278629302978516 ], [ 174.613006591796875, -41.232231140136719 ], [ 174.666900634765625, -41.229740142822266 ], [ 174.864700317382812, -41.104740142822266 ], [ 174.841094970703125, -41.048069000244141 ], [ 174.941604614257812, -40.976390838623047 ], [ 174.960205078125, -40.899448394775391 ], [ 175.120803833007812, -40.726959228515625 ], [ 175.238006591796875, -40.329730987548828 ], [ 175.234405517578125, -40.296390533447266 ], [ 175.310195922851562, -40.286670684814453 ], [ 175.349899291992188, -40.211940765380859 ], [ 175.306106567382812, -40.270000457763672 ], [ 175.25079345703125, -40.2841796875 ], [ 175.217697143554688, -40.272781372070312 ], [ 175.18609619140625, -40.146961212158203 ], [ 174.986297607421875, -39.930011749267578 ], [ 174.790802001953125, -39.854740142822266 ], [ 174.557998657226562, -39.824718475341797 ], [ 174.410507202148438, -39.716949462890625 ], [ 174.348800659179688, -39.634449005126953 ], [ 174.20880126953125, -39.577220916748047 ], [ 173.986892700195312, -39.550571441650391 ], [ 173.795196533203125, -39.421958923339844 ], [ 173.75469970703125, -39.314449310302734 ], [ 173.781906127929688, -39.191390991210938 ], [ 173.830001831054688, -39.145839691162109 ], [ 174.226593017578125, -38.972511291503906 ], [ 174.375198364257812, -38.979179382324219 ], [ 174.546096801757812, -38.871959686279297 ], [ 174.594406127929688, -38.815841674804688 ], [ 174.723602294921875, -38.193901062011719 ], [ 174.697998046875, -38.112239837646484 ], [ 174.918594360351562, -38.118900299072266 ], [ 174.940200805664062, -38.101108551025391 ] ] ], [ [ [ 167.525497436523438, -47.278888702392578 ], [ 167.528305053710938, -47.204730987548828 ], [ 167.62249755859375, -47.161960601806641 ], [ 167.61749267578125, -47.081951141357422 ], [ 167.657196044921875, -47.044170379638672 ], [ 167.736602783203125, -47.042781829833984 ], [ 167.729095458984375, -46.960838317871094 ], [ 167.787994384765625, -46.947498321533203 ], [ 167.813003540039062, -46.908340454101562 ], [ 167.76910400390625, -46.714729309082031 ], [ 167.798294067382812, -46.688339233398438 ], [ 168.011505126953125, -46.730548858642578 ], [ 168.189407348632812, -46.901668548583984 ], [ 168.078903198242188, -46.908618927001953 ], [ 168.014694213867188, -46.888618469238281 ], [ 167.964706420898438, -46.973060607910156 ], [ 168.118804931640625, -46.960559844970703 ], [ 168.1322021484375, -46.995830535888672 ], [ 168.225494384765625, -46.971668243408203 ], [ 168.2593994140625, -47.003330230712891 ], [ 168.195205688476562, -47.049449920654297 ], [ 168.188003540039062, -47.108058929443359 ], [ 168.014404296875, -47.119731903076172 ], [ 167.900802612304688, -47.188899993896484 ], [ 167.6929931640625, -47.172229766845703 ], [ 167.614395141601562, -47.223060607910156 ], [ 167.722198486328125, -47.209171295166016 ], [ 167.685501098632812, -47.257228851318359 ], [ 167.525497436523438, -47.278888702392578 ] ] ], [ [ [ 169.511703491210938, -43.718719482421875 ], [ 169.486602783203125, -43.662509918212891 ], [ 169.5032958984375, -43.637229919433594 ], [ 169.796905517578125, -43.517230987548828 ], [ 169.860504150390625, -43.570560455322266 ], [ 169.849899291992188, -43.527778625488281 ], [ 169.790496826171875, -43.496681213378906 ], [ 169.81719970703125, -43.469730377197266 ], [ 169.930496215820312, -43.489181518554688 ], [ 169.974899291992188, -43.460838317871094 ], [ 169.863296508789062, -43.461669921875 ], [ 169.842697143554688, -43.441959381103516 ], [ 169.87109375, -43.406681060791016 ], [ 170.06719970703125, -43.307239532470703 ], [ 170.113601684570312, -43.34722900390625 ], [ 170.14410400390625, -43.340568542480469 ], [ 170.087203979492188, -43.283069610595703 ], [ 170.125503540039062, -43.246120452880859 ], [ 170.235794067382812, -43.242229461669922 ], [ 170.293594360351562, -43.161399841308594 ], [ 170.19940185546875, -43.210010528564453 ], [ 170.26190185546875, -43.134998321533203 ], [ 170.332504272460938, -43.136398315429688 ], [ 170.38690185546875, -43.170841217041016 ], [ 170.410507202148438, -43.272789001464844 ], [ 170.427505493164062, -43.194728851318359 ], [ 170.367996215820312, -43.137229919433594 ], [ 170.284103393554688, -43.114181518554688 ], [ 170.386398315429688, -43.085010528564453 ], [ 170.486099243164062, -43.020011901855469 ], [ 170.668594360351562, -42.958061218261719 ], [ 170.748306274414062, -43.061111450195312 ], [ 170.697998046875, -42.950290679931641 ], [ 170.975799560546875, -42.722240447998047 ], [ 171.0238037109375, -42.751399993896484 ], [ 171.027206420898438, -42.812511444091797 ], [ 170.976104736328125, -42.839179992675781 ], [ 171.022994995117188, -42.982791900634766 ], [ 171.039703369140625, -42.931400299072266 ], [ 170.995803833007812, -42.845008850097656 ], [ 171.042694091796875, -42.831951141357422 ], [ 171.044998168945312, -42.756401062011719 ], [ 170.99749755859375, -42.7086181640625 ], [ 171.21270751953125, -42.46112060546875 ], [ 171.38909912109375, -42.449718475341797 ], [ 171.474502563476562, -42.372310638427734 ], [ 171.369400024414062, -42.439449310302734 ], [ 171.227996826171875, -42.441120147705078 ], [ 171.230194091796875, -42.408901214599609 ], [ 171.297698974609375, -42.310291290283203 ], [ 171.334396362304688, -42.141120910644531 ], [ 171.417205810546875, -42.007511138916016 ], [ 171.474105834960938, -41.754718780517578 ], [ 171.569107055664062, -41.766120910644531 ], [ 171.855194091796875, -41.667499542236328 ], [ 171.986892700195312, -41.457511901855469 ], [ 172.06610107421875, -41.419448852539062 ], [ 172.091094970703125, -41.304458618164062 ], [ 172.14019775390625, -41.291679382324219 ], [ 172.102706909179688, -41.255561828613281 ], [ 172.113800048828125, -40.880001068115234 ], [ 172.539398193359375, -40.583629608154297 ], [ 172.519393920898438, -40.631401062011719 ], [ 172.596298217773438, -40.601398468017578 ], [ 172.580795288085938, -40.541400909423828 ], [ 172.723007202148438, -40.496681213378906 ], [ 172.990005493164062, -40.533901214599609 ], [ 172.731597900390625, -40.519741058349609 ], [ 172.660507202148438, -40.659740447998047 ], [ 172.76690673828125, -40.790840148925781 ], [ 172.875198364257812, -40.851119995117188 ], [ 172.985198974609375, -40.781108856201172 ], [ 173.020492553710938, -40.809730529785156 ], [ 173.0596923828125, -40.971950531005859 ], [ 173.0216064453125, -40.994998931884766 ], [ 173.06719970703125, -41.137229919433594 ], [ 173.027999877929688, -41.148349761962891 ], [ 173.081893920898438, -41.185009002685547 ], [ 173.085800170898438, -41.302230834960938 ], [ 173.207199096679688, -41.308620452880859 ], [ 173.606597900390625, -41.052509307861328 ], [ 173.649993896484375, -41.108619689941406 ], [ 173.740005493164062, -41.047229766845703 ], [ 173.738296508789062, -41.018619537353516 ], [ 173.6968994140625, -41.033618927001953 ], [ 173.678298950195312, -41.014461517333984 ], [ 173.850799560546875, -40.926399230957031 ], [ 173.862503051757812, -40.980838775634766 ], [ 173.994400024414062, -40.896671295166016 ], [ 174.029403686523438, -40.943618774414062 ], [ 173.778594970703125, -41.015560150146484 ], [ 173.778594970703125, -41.114459991455078 ], [ 173.846298217773438, -41.053058624267578 ], [ 173.9530029296875, -41.060569763183594 ], [ 173.864105224609375, -41.111949920654297 ], [ 173.861892700195312, -41.214179992675781 ], [ 173.792404174804688, -41.261680603027344 ], [ 174.029693603515625, -41.198341369628906 ], [ 173.899703979492188, -41.197498321533203 ], [ 173.88580322265625, -41.161670684814453 ], [ 173.902496337890625, -41.128341674804688 ], [ 173.964706420898438, -41.115558624267578 ], [ 173.982192993164062, -41.143341064453125 ], [ 174.039398193359375, -41.031959533691406 ], [ 174.018295288085938, -41.021961212158203 ], [ 173.990798950195312, -41.056400299072266 ], [ 173.94970703125, -41.013339996337891 ], [ 174.003005981445312, -40.968620300292969 ], [ 174.07220458984375, -41.016120910644531 ], [ 174.192703247070312, -40.983619689941406 ], [ 174.214401245117188, -41.037788391113281 ], [ 174.180206298828125, -41.047229766845703 ], [ 174.221099853515625, -41.071949005126953 ], [ 174.288604736328125, -41.013889312744141 ], [ 174.32159423828125, -41.018058776855469 ], [ 174.244094848632812, -41.131679534912109 ], [ 174.18499755859375, -41.102508544921875 ], [ 174.210006713867188, -41.197498321533203 ], [ 173.978897094726562, -41.242790222167969 ], [ 173.942703247070312, -41.287509918212891 ], [ 174.064895629882812, -41.253330230712891 ], [ 174.206298828125, -41.269451141357422 ], [ 174.326904296875, -41.2227783203125 ], [ 174.231903076171875, -41.328060150146484 ], [ 174.18359375, -41.309169769287109 ], [ 174.052703857421875, -41.421108245849609 ], [ 174.050003051757812, -41.466388702392578 ], [ 174.099395751953125, -41.564739227294922 ], [ 174.100799560546875, -41.505569458007812 ], [ 174.151092529296875, -41.551399230957031 ], [ 174.179092407226562, -41.602790832519531 ], [ 174.012496948242188, -41.688579559326172 ], [ 174.185806274414062, -41.636680603027344 ], [ 174.233306884765625, -41.729450225830078 ], [ 174.291595458984375, -41.740840911865234 ], [ 174.27130126953125, -41.780559539794922 ], [ 173.965194702148438, -42.086940765380859 ], [ 173.9501953125, -42.171119689941406 ], [ 173.8760986328125, -42.117229461669922 ], [ 173.928298950195312, -42.202510833740234 ], [ 173.738296508789062, -42.338619232177734 ], [ 173.723007202148438, -42.439170837402344 ], [ 173.675201416015625, -42.417240142822266 ], [ 173.618301391601562, -42.439739227294922 ], [ 173.317703247070312, -42.861949920654297 ], [ 173.3258056640625, -42.913619995117188 ], [ 173.099395751953125, -43.061389923095703 ], [ 172.920196533203125, -43.105838775634766 ], [ 172.718795776367188, -43.282508850097656 ], [ 172.300201416015625, -43.257789611816406 ], [ 172.406295776367188, -43.282230377197266 ], [ 172.7554931640625, -43.294460296630859 ], [ 172.731094360351562, -43.405841827392578 ], [ 172.611602783203125, -43.444179534912109 ], [ 172.220794677734375, -43.446121215820312 ], [ 171.984100341796875, -43.317230224609375 ], [ 172.2041015625, -43.461681365966797 ], [ 172.612701416015625, -43.470851898193359 ], [ 172.710494995117188, -43.422508239746094 ], [ 172.76220703125, -43.537509918212891 ], [ 172.8240966796875, -43.612510681152344 ], [ 172.677703857421875, -43.642509460449219 ], [ 172.7030029296875, -43.660839080810547 ], [ 172.780807495117188, -43.630569458007812 ], [ 172.874893188476562, -43.670291900634766 ], [ 172.89410400390625, -43.619731903076172 ], [ 172.927200317382812, -43.632789611816406 ], [ 172.928298950195312, -43.694461822509766 ], [ 173.06329345703125, -43.659450531005859 ], [ 173.116897583007812, -43.770011901855469 ], [ 173.05859375, -43.871120452880859 ], [ 172.990798950195312, -43.884998321533203 ], [ 172.980499267578125, -43.8094482421875 ], [ 172.939895629882812, -43.756118774414062 ], [ 172.923294067382812, -43.780010223388672 ], [ 172.966598510742188, -43.914459228515625 ], [ 172.897506713867188, -43.903339385986328 ], [ 172.736892700195312, -43.825839996337891 ], [ 172.756103515625, -43.791950225830078 ], [ 172.436599731445312, -43.855281829833984 ], [ 172.420196533203125, -43.839450836181641 ], [ 172.6427001953125, -43.772228240966797 ], [ 172.472198486328125, -43.723621368408203 ], [ 172.39019775390625, -43.763889312744141 ], [ 172.38690185546875, -43.863338470458984 ], [ 172.2626953125, -43.883899688720703 ], [ 171.657196044921875, -43.513900756835938 ], [ 171.627197265625, -43.435291290283203 ], [ 171.484695434570312, -43.345291137695312 ], [ 171.417205810546875, -43.249458312988281 ], [ 171.524398803710938, -43.217510223388672 ], [ 171.539093017578125, -43.178070068359375 ], [ 171.490798950195312, -43.136951446533203 ], [ 171.5072021484375, -43.192508697509766 ], [ 171.44970703125, -43.211109161376953 ], [ 171.318801879882812, -43.046398162841797 ], [ 171.37359619140625, -43.179729461669922 ], [ 171.426101684570312, -43.206119537353516 ], [ 171.39300537109375, -43.263900756835938 ], [ 171.44830322265625, -43.325279235839844 ], [ 171.143798828125, -43.216960906982422 ], [ 171.203598022460938, -43.296119689941406 ], [ 171.031600952148438, -43.288070678710938 ], [ 170.96270751953125, -43.305278778076172 ], [ 171.347396850585938, -43.309181213378906 ], [ 171.4552001953125, -43.351119995117188 ], [ 171.665802001953125, -43.536960601806641 ], [ 172.0950927734375, -43.785331726074219 ], [ 172.189697265625, -43.9091796875 ], [ 171.86749267578125, -44.063060760498047 ], [ 171.82769775390625, -44.056121826171875 ], [ 171.791397094726562, -43.954730987548828 ], [ 171.800796508789062, -44.062511444091797 ], [ 171.539398193359375, -44.170009613037109 ], [ 171.502700805664062, -44.096118927001953 ], [ 171.40020751953125, -44.040290832519531 ], [ 171.348007202148438, -44.033340454101562 ], [ 171.510498046875, -44.201129913330078 ], [ 171.355804443359375, -44.277229309082031 ], [ 171.042404174804688, -44.182510375976562 ], [ 171.011398315429688, -44.108348846435547 ], [ 170.987503051757812, -44.176948547363281 ], [ 171.110198974609375, -44.235279083251953 ], [ 171.050003051757812, -44.2711181640625 ], [ 171.152496337890625, -44.242229461669922 ], [ 171.342498779296875, -44.295570373535156 ], [ 171.254898071289062, -44.478351593017578 ], [ 171.173004150390625, -44.548900604248047 ], [ 171.212203979492188, -44.763889312744141 ], [ 171.172698974609375, -44.787220001220703 ], [ 171.209701538085938, -44.806121826171875 ], [ 171.198593139648438, -44.920009613037109 ], [ 171.176101684570312, -44.940841674804688 ], [ 170.786102294921875, -44.873889923095703 ], [ 170.478302001953125, -44.743900299072266 ], [ 170.607192993164062, -44.835559844970703 ], [ 171.164703369140625, -44.970279693603516 ], [ 170.961898803710938, -45.169181823730469 ], [ 170.873306274414062, -45.367229461669922 ], [ 170.911300659179688, -45.397220611572266 ], [ 170.717697143554688, -45.646671295166016 ], [ 170.628799438476562, -45.73583984375 ], [ 170.698593139648438, -45.739170074462891 ], [ 170.760498046875, -45.775001525878906 ], [ 170.554397583007812, -45.8880615234375 ], [ 170.608596801757812, -45.8880615234375 ], [ 170.724700927734375, -45.813060760498047 ], [ 170.790802001953125, -45.806949615478516 ], [ 170.77630615234375, -45.882778167724609 ], [ 170.342498779296875, -45.973621368408203 ], [ 170.281600952148438, -46.029449462890625 ], [ 170.24859619140625, -46.122219085693359 ], [ 169.849395751953125, -46.389450073242188 ], [ 169.845199584960938, -46.470001220703125 ], [ 169.710800170898438, -46.496120452880859 ], [ 169.748306274414062, -46.516109466552734 ], [ 169.692398071289062, -46.560558319091797 ], [ 169.57049560546875, -46.569450378417969 ], [ 169.482192993164062, -46.599170684814453 ], [ 169.484100341796875, -46.633060455322266 ], [ 169.192398071289062, -46.662509918212891 ], [ 169.167205810546875, -46.616668701171875 ], [ 169.153793334960938, -46.662220001220703 ], [ 169.06719970703125, -46.634998321533203 ], [ 169.053802490234375, -46.678619384765625 ], [ 168.8782958984375, -46.661949157714844 ], [ 168.844894409179688, -46.563610076904297 ], [ 168.613601684570312, -46.552509307861328 ], [ 168.634902954101562, -46.588058471679688 ], [ 168.593002319335938, -46.614170074462891 ], [ 168.416107177734375, -46.603340148925781 ], [ 168.44219970703125, -46.575000762939453 ], [ 168.539703369140625, -46.593059539794922 ], [ 168.550796508789062, -46.570560455322266 ], [ 168.351593017578125, -46.556110382080078 ], [ 168.395492553710938, -46.628341674804688 ], [ 168.360504150390625, -46.615009307861328 ], [ 168.276596069335938, -46.525840759277344 ], [ 168.339401245117188, -46.539169311523438 ], [ 168.395492553710938, -46.485000610351562 ], [ 168.368804931640625, -46.416110992431641 ], [ 168.353897094726562, -46.456951141357422 ], [ 168.302505493164062, -46.481670379638672 ], [ 168.250198364257812, -46.400848388671875 ], [ 168.175003051757812, -46.340290069580078 ], [ 167.95550537109375, -46.371391296386719 ], [ 167.916107177734375, -46.399169921875 ], [ 167.8197021484375, -46.388889312744141 ], [ 167.703598022460938, -46.191120147705078 ], [ 167.546401977539062, -46.154170989990234 ], [ 167.451904296875, -46.154720306396484 ], [ 167.389404296875, -46.258609771728516 ], [ 166.717498779296875, -46.210849761962891 ], [ 166.670196533203125, -46.153621673583984 ], [ 166.854705810546875, -45.994171142578125 ], [ 166.681106567382812, -46.085838317871094 ], [ 166.613601684570312, -46.086399078369141 ], [ 166.626907348632812, -46.047229766845703 ], [ 166.809097290039062, -45.935840606689453 ], [ 166.691604614257812, -45.944728851318359 ], [ 166.6990966796875, -45.923061370849609 ], [ 166.484405517578125, -46.014450073242188 ], [ 166.465194702148438, -45.983058929443359 ], [ 166.476898193359375, -45.809719085693359 ], [ 166.537399291992188, -45.79888916015625 ], [ 166.620498657226562, -45.814170837402344 ], [ 166.983596801757812, -45.732509613037109 ], [ 167.010498046875, -45.698890686035156 ], [ 166.77520751953125, -45.719730377197266 ], [ 166.793304443359375, -45.684719085693359 ], [ 166.88580322265625, -45.654170989990234 ], [ 166.775802612304688, -45.66278076171875 ], [ 166.7666015625, -45.608058929443359 ], [ 166.785202026367188, -45.593059539794922 ], [ 167.0, -45.576961517333984 ], [ 166.992202758789062, -45.535011291503906 ], [ 166.751907348632812, -45.585010528564453 ], [ 166.70440673828125, -45.574451446533203 ], [ 166.76190185546875, -45.418891906738281 ], [ 166.811294555664062, -45.399169921875 ], [ 166.95050048828125, -45.436389923095703 ], [ 166.918304443359375, -45.378620147705078 ], [ 166.893600463867188, -45.402229309082031 ], [ 166.801300048828125, -45.353618621826172 ], [ 166.88079833984375, -45.279170989990234 ], [ 166.927703857421875, -45.320278167724609 ], [ 167.00830078125, -45.341670989990234 ], [ 167.060195922851562, -45.387229919433594 ], [ 167.013900756835938, -45.433059692382812 ], [ 167.07080078125, -45.427219390869141 ], [ 167.089401245117188, -45.385009765625 ], [ 167.13690185546875, -45.407501220703125 ], [ 167.168899536132812, -45.472499847412109 ], [ 167.209396362304688, -45.461399078369141 ], [ 167.047698974609375, -45.326679229736328 ], [ 167.195205688476562, -45.289451599121094 ], [ 167.26019287109375, -45.335838317871094 ], [ 167.307693481445312, -45.318611145019531 ], [ 167.224700927734375, -45.295558929443359 ], [ 167.243301391601562, -45.24945068359375 ], [ 167.048599243164062, -45.276119232177734 ], [ 166.996902465820312, -45.145839691162109 ], [ 167.053802490234375, -45.12445068359375 ], [ 167.157394409179688, -45.188339233398438 ], [ 167.173599243164062, -45.171398162841797 ], [ 167.053298950195312, -45.101398468017578 ], [ 167.1282958984375, -45.039451599121094 ], [ 167.19970703125, -45.127510070800781 ], [ 167.184402465820312, -45.068069458007812 ], [ 167.144393920898438, -45.008060455322266 ], [ 167.173797607421875, -44.984451293945312 ], [ 167.32940673828125, -45.023059844970703 ], [ 167.198593139648438, -44.956119537353516 ], [ 167.32080078125, -44.87139892578125 ], [ 167.423294067382812, -44.845840454101562 ], [ 167.459701538085938, -44.994731903076172 ], [ 167.511093139648438, -44.986949920654297 ], [ 167.44940185546875, -44.845001220703125 ], [ 167.458602905273438, -44.783618927001953 ], [ 167.524993896484375, -44.768070220947266 ], [ 167.563796997070312, -44.796680450439453 ], [ 167.542205810546875, -44.869449615478516 ], [ 167.570205688476562, -44.876121520996094 ], [ 167.602996826171875, -44.796398162841797 ], [ 167.56329345703125, -44.760570526123047 ], [ 167.584701538085938, -44.721118927001953 ], [ 167.674392700195312, -44.765560150146484 ], [ 167.592697143554688, -44.688339233398438 ], [ 167.809097290039062, -44.594181060791016 ], [ 167.927703857421875, -44.696670532226562 ], [ 167.94189453125, -44.680839538574219 ], [ 167.927200317382812, -44.639720916748047 ], [ 167.852401733398438, -44.603351593017578 ], [ 167.83880615234375, -44.498611450195312 ], [ 167.963592529296875, -44.395011901855469 ], [ 168.128005981445312, -44.316959381103516 ], [ 168.14410400390625, -44.292510986328125 ], [ 168.100204467773438, -44.261398315429688 ], [ 168.248306274414062, -44.189731597900391 ], [ 168.38299560546875, -44.034450531005859 ], [ 168.49249267578125, -44.027511596679688 ], [ 168.590805053710938, -43.979450225830078 ], [ 168.723007202148438, -44.012508392333984 ], [ 169.073593139648438, -43.855571746826172 ], [ 169.121902465820312, -43.920841217041016 ], [ 169.25, -43.961681365966797 ], [ 169.105804443359375, -43.871391296386719 ], [ 169.089706420898438, -43.820278167724609 ], [ 169.462203979492188, -43.645290374755859 ], [ 169.511703491210938, -43.718719482421875 ] ] ] ] } }
]
}
