{
"type": "FeatureCollection",
"name": "centralasia_boundary",
"crs": { "type": "name", "properties": { "name": "urn:ogc:def:crs:OGC:1.3:CRS84" } },
"features": [
{ "type": "Feature", "properties": { }, "geometry": { "type": "Polygon", "coordinates": [ [ [ 61.136711120605469, 44.226280212402344 ], [ 61.134539363149855, 44.20675063550032 ], [ 61.114698209500467, 44.217297428137869 ], [ 61.049709320068359, 44.381649017333984 ], [ 61.027210235595703, 44.343318939208984 ], [ 61.063432176275278, 44.244548475699432 ], [ 61.008639714139235, 44.273674036967762 ], [ 60.979709625244141, 44.333599090576172 ], [ 60.951648712158203, 44.322208404541016 ], [ 60.973064796484323, 44.292584292199606 ], [ 58.571380615234375, 45.570659637451172 ], [ 55.997200012207031, 45.003101348876953 ], [ 55.998451232910156, 41.325473785400391 ], [ 55.903900146484375, 41.333599090576172 ], [ 55.812198638916016, 41.290000915527344 ], [ 55.728900909423828, 41.292198181152344 ], [ 55.652500152587891, 41.267200469970703 ], [ 55.537498474121094, 41.262199401855469 ], [ 55.456901550292969, 41.286701202392578 ], [ 55.394699096679688, 41.387199401855469 ], [ 55.289199829101562, 41.439701080322266 ], [ 55.243301391601562, 41.484699249267578 ], [ 55.120800018310547, 41.658100128173828 ], [ 54.971698760986328, 41.802200317382812 ], [ 54.956699371337891, 41.829200744628906 ], [ 54.956699371337891, 41.912498474121094 ], [ 54.761100769042969, 42.05889892578125 ], [ 54.365299224853516, 42.235298156738281 ], [ 54.198600769042969, 42.332500457763672 ], [ 53.995601654052734, 42.348598480224609 ], [ 53.663101196289062, 42.289199829101562 ], [ 53.462799072265625, 42.271400451660156 ], [ 53.014999389648438, 42.138900756835938 ], [ 52.9281005859375, 42.096698760986328 ], [ 52.443321228027344, 41.744499206542969 ], [ 52.430538177490234, 41.755821228027344 ], [ 52.492210388183594, 41.914150238037109 ], [ 52.428321838378906, 42.003040313720703 ], [ 52.418048858642578, 42.123600006103516 ], [ 52.594711303710938, 42.335269927978516 ], [ 52.681659698486328, 42.556381225585938 ], [ 52.656101226806641, 42.624988555908203 ], [ 52.599430084228516, 42.683601379394531 ], [ 52.7158203125, 42.581661224365234 ], [ 52.746658325195312, 42.651100158691406 ], [ 52.730819702148438, 42.718318939208984 ], [ 52.547210693359375, 42.807769775390625 ], [ 52.377490997314453, 42.831100463867188 ], [ 52.272491455078125, 42.786098480224609 ], [ 52.196929931640625, 42.875820159912109 ], [ 52.137210845947266, 42.884159088134766 ], [ 51.935550689697266, 42.835540771484375 ], [ 51.87860107421875, 42.859149932861328 ], [ 51.769710540771484, 43.032211303710938 ], [ 51.668880462646484, 43.10443115234375 ], [ 51.677761077880859, 43.159160614013672 ], [ 51.647491455078125, 43.185260772705078 ], [ 51.294708251953125, 43.144428253173828 ], [ 51.262210845947266, 43.163051605224609 ], [ 51.298320770263672, 43.261100769042969 ], [ 51.315818786621094, 43.449710845947266 ], [ 51.242210388183594, 43.57720947265625 ], [ 51.146099090576172, 43.619709014892578 ], [ 51.106658935546875, 43.670269012451172 ], [ 50.983600616455078, 43.91387939453125 ], [ 50.850551605224609, 44.034431457519531 ], [ 50.861370086669922, 44.097488403320312 ], [ 50.823318481445312, 44.208320617675781 ], [ 50.662208557128906, 44.267768859863281 ], [ 50.41387939453125, 44.290538787841797 ], [ 50.231380462646484, 44.368881225585938 ], [ 50.224430084228516, 44.573318481445312 ], [ 50.315540313720703, 44.658599853515625 ], [ 50.669990539550781, 44.614158630371094 ], [ 50.810550689697266, 44.633319854736328 ], [ 50.914440155029297, 44.605258941650391 ], [ 50.995269775390625, 44.530540466308594 ], [ 51.139991760253906, 44.47943115234375 ], [ 51.207489013671875, 44.486099243164062 ], [ 51.250270843505859, 44.518039703369141 ], [ 51.377490997314453, 44.553329467773438 ], [ 51.379989624023438, 44.516929626464844 ], [ 51.570270538330078, 44.513881683349609 ], [ 51.570541381835938, 44.534160614013672 ], [ 51.427211761474609, 44.609149932861328 ], [ 51.297489166259766, 44.599430084228516 ], [ 51.267768859863281, 44.654991149902344 ], [ 50.953041076660156, 44.861930847167969 ], [ 50.973049163818359, 44.943878173828125 ], [ 50.9658203125, 44.978038787841797 ], [ 51.182769775390625, 45.059989929199219 ], [ 51.282768249511719, 45.025539398193359 ], [ 51.247489929199219, 45.111660003662109 ], [ 51.414710998535156, 45.384429931640625 ], [ 51.506099700927734, 45.332210540771484 ], [ 51.624439239501953, 45.351100921630859 ], [ 51.755821228027344, 45.449989318847656 ], [ 51.858600616455078, 45.393039703369141 ], [ 52.369991302490234, 45.403598785400391 ], [ 52.915538787841797, 45.311378479003906 ], [ 53.235271453857422, 45.335269927978516 ], [ 52.743598937988281, 45.519989013671875 ], [ 52.747760772705078, 45.646930694580078 ], [ 53.035259246826172, 45.926658630371094 ], [ 53.075870513916016, 46.033538818359375 ], [ 53.164150238037109, 46.317211151123047 ], [ 53.079990386962891, 46.508598327636719 ], [ 52.997211456298828, 46.482490539550781 ], [ 53.006938934326172, 46.529991149902344 ], [ 53.207210540771484, 46.646648406982422 ], [ 53.194149017333984, 46.714988708496094 ], [ 53.129161834716797, 46.722488403320312 ], [ 53.082759857177734, 46.85137939453125 ], [ 52.896930694580078, 46.963600158691406 ], [ 52.646099090576172, 46.946098327636719 ], [ 52.541660308837891, 46.984439849853516 ], [ 52.431381225585938, 46.989429473876953 ], [ 52.355258941650391, 46.886379241943359 ], [ 52.175819396972656, 46.868598937988281 ], [ 52.234989166259766, 46.831661224365234 ], [ 52.239990234375, 46.802490234375 ], [ 52.069709777832031, 46.823879241943359 ], [ 52.001930236816406, 46.903598785400391 ], [ 52.004428863525391, 46.935260772705078 ], [ 51.944149017333984, 46.875541687011719 ], [ 51.854709625244141, 46.891101837158203 ], [ 51.890819549560547, 46.933879852294922 ], [ 51.785259246826172, 46.901931762695312 ], [ 51.683040618896484, 46.954429626464844 ], [ 51.69110107421875, 47.048870086669922 ], [ 51.649429321289062, 47.053878784179688 ], [ 51.597759246826172, 46.982490539550781 ], [ 51.526931762695312, 47.055271148681641 ], [ 51.198318481445312, 47.115261077880859 ], [ 51.010540008544922, 47.068599700927734 ], [ 50.900539398193359, 47.012760162353516 ], [ 50.840549468994141, 47.033599853515625 ], [ 50.758319854736328, 46.908329010009766 ], [ 50.732490539550781, 46.914710998535156 ], [ 50.755260467529297, 46.969711303710938 ], [ 50.606658935546875, 46.928321838378906 ], [ 50.603599548339844, 46.853038787841797 ], [ 50.557769775390625, 46.823600769042969 ], [ 50.430271148681641, 46.901100158691406 ], [ 50.218040466308594, 46.716648101806641 ], [ 50.192211151123047, 46.757488250732422 ], [ 49.812210083007812, 46.531940460205078 ], [ 49.768878936767578, 46.563041687011719 ], [ 49.752490997314453, 46.530818939208984 ], [ 49.617488861083984, 46.575550079345703 ], [ 49.619991302490234, 46.519161224365234 ], [ 49.483089447021484, 46.560909271240234 ], [ 49.467208862304688, 46.588329315185547 ], [ 49.501380920410156, 46.492771148681641 ], [ 49.297210693359375, 46.579990386962891 ], [ 49.393039703369141, 46.474708557128906 ], [ 49.278598785400391, 46.517768859863281 ], [ 49.365261077880859, 46.424991607666016 ], [ 49.360538482666016, 46.388881683349609 ], [ 49.219711303710938, 46.466930389404297 ], [ 49.286380767822266, 46.389430999755859 ], [ 49.168598175048828, 46.406379699707031 ], [ 49.196681976318359, 46.365856170654297 ], [ 49.0635986328125, 46.403099060058594 ], [ 48.918098449707031, 46.489200592041016 ], [ 48.839199066162109, 46.481700897216797 ], [ 48.740299224853516, 46.558300018310547 ], [ 48.560600280761719, 46.564998626708984 ], [ 48.581100463867188, 46.596401214599609 ], [ 48.55780029296875, 46.631698608398438 ], [ 48.478298187255859, 46.666900634765625 ], [ 48.513301849365234, 46.736099243164062 ], [ 48.589401245117188, 46.769699096679688 ], [ 48.710601806640625, 46.759700775146484 ], [ 48.765300750732422, 46.690799713134766 ], [ 48.941398620605469, 46.704200744628906 ], [ 49.027198791503906, 46.776100158691406 ], [ 48.721099853515625, 47.098300933837891 ], [ 48.547199249267578, 47.417198181152344 ], [ 48.443901062011719, 47.436901092529297 ], [ 48.298599243164062, 47.587799072265625 ], [ 48.240798950195312, 47.674701690673828 ], [ 48.096099853515625, 47.771400451660156 ], [ 47.918899536132812, 47.782501220703125 ], [ 47.691398620605469, 47.765800476074219 ], [ 47.427501678466797, 47.842800140380859 ], [ 47.413101196289062, 47.831699371337891 ], [ 47.390300750732422, 47.686100006103516 ], [ 47.141399383544922, 47.813899993896484 ], [ 47.138599395751953, 47.834701538085938 ], [ 47.18280029296875, 47.874198913574219 ], [ 47.0625, 47.996101379394531 ], [ 47.137798309326172, 48.018600463867188 ], [ 47.215000152587891, 48.07080078125 ], [ 47.19940185546875, 48.087200164794922 ], [ 47.122200012207031, 48.102199554443359 ], [ 47.138301849365234, 48.169998168945312 ], [ 47.096401214599609, 48.209999084472656 ], [ 47.135299682617188, 48.248600006103516 ], [ 47.122798919677734, 48.271701812744141 ], [ 46.499198913574219, 48.417499542236328 ], [ 46.778900146484375, 48.936698913574219 ], [ 46.954399108886719, 49.013099670410156 ], [ 47.040298461914062, 49.098598480224609 ], [ 47.062801361083984, 49.142799377441406 ], [ 47.057498931884766, 49.202800750732422 ], [ 47.026100158691406, 49.236099243164062 ], [ 46.868301391601562, 49.322799682617188 ], [ 46.795799255371094, 49.339698791503906 ], [ 46.929401397705078, 49.863601684570312 ], [ 47.009201049804688, 49.900798797607422 ], [ 47.188301086425781, 49.944198608398438 ], [ 47.302501678466797, 50.031898498535156 ], [ 47.356700897216797, 50.090301513671875 ], [ 47.335800170898438, 50.135601043701172 ], [ 47.280601501464844, 50.182201385498047 ], [ 47.342800140380859, 50.241901397705078 ], [ 47.316699981689453, 50.294399261474609 ], [ 47.416099548339844, 50.331901550292969 ], [ 47.520801544189453, 50.4364013671875 ], [ 47.599700927734375, 50.460800170898438 ], [ 47.6343994140625, 50.454700469970703 ], [ 47.695598602294922, 50.398300170898438 ], [ 47.760799407958984, 50.375301361083984 ], [ 47.781398773193359, 50.342201232910156 ], [ 47.828899383544922, 50.328601837158203 ], [ 48.016899108886719, 50.1875 ], [ 48.034698486328125, 50.147201538085938 ], [ 48.110599517822266, 50.098598480224609 ], [ 48.165599822998047, 49.966098785400391 ], [ 48.2489013671875, 49.908901214599609 ], [ 48.245800018310547, 49.873100280761719 ], [ 48.332199096679688, 49.878898620605469 ], [ 48.376701354980469, 49.833301544189453 ], [ 48.407798767089844, 49.837501525878906 ], [ 48.450801849365234, 49.816898345947266 ], [ 48.497798919677734, 49.849700927734375 ], [ 48.828300476074219, 49.955799102783203 ], [ 48.916900634765625, 50.034198760986328 ], [ 48.87969970703125, 50.101699829101562 ], [ 48.791099548339844, 50.123600006103516 ], [ 48.811100006103516, 50.194198608398438 ], [ 48.746700286865234, 50.272800445556641 ], [ 48.694999694824219, 50.485599517822266 ], [ 48.697498321533203, 50.591899871826172 ], [ 48.595600128173828, 50.622501373291016 ], [ 48.598598480224609, 50.651901245117188 ], [ 48.63330078125, 50.655300140380859 ], [ 48.739398956298828, 50.608299255371094 ], [ 48.830299377441406, 50.596698760986328 ], [ 49.030799865722656, 50.688098907470703 ], [ 49.158298492431641, 50.792800903320312 ], [ 49.301101684570312, 50.810001373291016 ], [ 49.425800323486328, 50.851398468017578 ], [ 49.44219970703125, 50.869998931884766 ], [ 49.440799713134766, 50.905799865722656 ], [ 49.364398956298828, 50.979698181152344 ], [ 49.416099548339844, 51.043300628662109 ], [ 49.421398162841797, 51.084701538085938 ], [ 49.461898803710938, 51.124198913574219 ], [ 49.546100616455078, 51.108600616455078 ], [ 49.80419921875, 51.110298156738281 ], [ 49.968101501464844, 51.226100921630859 ], [ 50.257499694824219, 51.275299072265625 ], [ 50.363300323486328, 51.316898345947266 ], [ 50.372798919677734, 51.332199096679688 ], [ 50.354400634765625, 51.378101348876953 ], [ 50.397201538085938, 51.399700164794922 ], [ 50.384700775146484, 51.425300598144531 ], [ 50.482200622558594, 51.43280029296875 ], [ 50.494701385498047, 51.458900451660156 ], [ 50.548900604248047, 51.468601226806641 ], [ 50.543598175048828, 51.56719970703125 ], [ 50.594699859619141, 51.589698791503906 ], [ 50.602798461914062, 51.639999389648438 ], [ 50.717498779296875, 51.622501373291016 ], [ 50.68280029296875, 51.573101043701172 ], [ 50.782798767089844, 51.576400756835938 ], [ 50.810600280761719, 51.591701507568359 ], [ 50.8135986328125, 51.648101806640625 ], [ 50.758598327636719, 51.719699859619141 ], [ 50.772800445556641, 51.767726898193359 ], [ 50.863300323486328, 51.751399993896484 ], [ 50.938899993896484, 51.688899993896484 ], [ 51.18170166015625, 51.676700592041016 ], [ 51.258098602294922, 51.694198608398438 ], [ 51.302501678466797, 51.648101806640625 ], [ 51.389999389648438, 51.638301849365234 ], [ 51.403301239013672, 51.614398956298828 ], [ 51.391399383544922, 51.568901062011719 ], [ 51.258899688720703, 51.55059814453125 ], [ 51.258098602294922, 51.532199859619141 ], [ 51.287200927734375, 51.515300750732422 ], [ 51.3031005859375, 51.479698181152344 ], [ 51.437198638916016, 51.469200134277344 ], [ 51.525001525878906, 51.492801666259766 ], [ 51.591098785400391, 51.544998168945312 ], [ 51.649398803710938, 51.528598785400391 ], [ 51.650001525878906, 51.469699859619141 ], [ 51.681900024414062, 51.454700469970703 ], [ 51.803298950195312, 51.5 ], [ 51.780601501464844, 51.594398498535156 ], [ 51.874198913574219, 51.673599243164062 ], [ 51.925800323486328, 51.687198638916016 ], [ 52.020599365234375, 51.663600921630859 ], [ 52.105800628662109, 51.664199829101562 ], [ 52.137199401855469, 51.678600311279297 ], [ 52.177501678466797, 51.728900909423828 ], [ 52.296901702880859, 51.733100891113281 ], [ 52.313301086425781, 51.778900146484375 ], [ 52.346900939941406, 51.781101226806641 ], [ 52.38690185546875, 51.680000305175781 ], [ 52.470298767089844, 51.591400146484375 ], [ 52.501399993896484, 51.510299682617188 ], [ 52.583099365234375, 51.464401245117188 ], [ 52.647201538085938, 51.467201232910156 ], [ 52.677799224853516, 51.452800750732422 ], [ 52.769699096679688, 51.504199981689453 ], [ 52.822200775146484, 51.485000610351562 ], [ 52.885299682617188, 51.487499237060547 ], [ 52.888099670410156, 51.460601806640625 ], [ 52.943901062011719, 51.448600769042969 ], [ 53.048301696777344, 51.49169921875 ], [ 53.148300170898438, 51.482498168945312 ], [ 53.155601501464844, 51.514701843261719 ], [ 53.208099365234375, 51.491901397705078 ], [ 53.294399261474609, 51.486400604248047 ], [ 53.356700897216797, 51.506698608398438 ], [ 53.428600311279297, 51.49169921875 ], [ 53.471401214599609, 51.450801849365234 ], [ 53.638599395751953, 51.393100738525391 ], [ 53.637199401855469, 51.372501373291016 ], [ 53.595798492431641, 51.360599517822266 ], [ 53.619701385498047, 51.341098785400391 ], [ 53.613300323486328, 51.298900604248047 ], [ 53.661399841308594, 51.267200469970703 ], [ 53.678298950195312, 51.227500915527344 ], [ 53.806098937988281, 51.215599060058594 ], [ 53.876701354980469, 51.191699981689453 ], [ 53.957199096679688, 51.193099975585938 ], [ 54.020301818847656, 51.160301208496094 ], [ 54.041900634765625, 51.122798919677734 ], [ 54.133098602294922, 51.106098175048828 ], [ 54.172500610351562, 51.029201507568359 ], [ 54.167198181152344, 50.998298645019531 ], [ 54.204399108886719, 50.966899871826172 ], [ 54.266700744628906, 50.945598602294922 ], [ 54.301399230957031, 50.907501220703125 ], [ 54.420600891113281, 50.889400482177734 ], [ 54.506401062011719, 50.856899261474609 ], [ 54.503898620605469, 50.828098297119141 ], [ 54.438098907470703, 50.765300750732422 ], [ 54.439201354980469, 50.708099365234375 ], [ 54.397499084472656, 50.631401062011719 ], [ 54.443599700927734, 50.563301086425781 ], [ 54.520664215087891, 50.530658721923828 ], [ 54.610298156738281, 50.543598175048828 ], [ 54.703098297119141, 50.61309814453125 ], [ 54.658298492431641, 50.721900939941406 ], [ 54.676101684570312, 50.783901214599609 ], [ 54.648300170898438, 50.818901062011719 ], [ 54.673900604248047, 50.8739013671875 ], [ 54.627498626708984, 50.907501220703125 ], [ 54.519401550292969, 50.931400299072266 ], [ 54.566699981689453, 50.957199096679688 ], [ 54.545299530029297, 51.000598907470703 ], [ 54.564701080322266, 51.017501831054688 ], [ 54.647201538085938, 51.036899566650391 ], [ 54.705001831054688, 51.032199859619141 ], [ 54.828899383544922, 50.983299255371094 ], [ 54.948101043701172, 50.903598785400391 ], [ 55.068099975585938, 50.900299072265625 ], [ 55.088298797607422, 50.885299682617188 ], [ 55.075298309326172, 50.828300476074219 ], [ 55.231399536132812, 50.729999542236328 ], [ 55.369998931884766, 50.651901245117188 ], [ 55.443599700927734, 50.669200897216797 ], [ 55.497798919677734, 50.661701202392578 ], [ 55.544998168945312, 50.605598449707031 ], [ 55.594200134277344, 50.597499847412109 ], [ 55.638301849365234, 50.557201385498047 ], [ 55.701400756835938, 50.532798767089844 ], [ 55.779701232910156, 50.591400146484375 ], [ 55.931400299072266, 50.639701843261719 ], [ 56.116100311279297, 50.739200592041016 ], [ 56.1781005859375, 50.916400909423828 ], [ 56.321701049804688, 50.888599395751953 ], [ 56.356098175048828, 50.901699066162109 ], [ 56.373100280761719, 50.958099365234375 ], [ 56.453300476074219, 50.978099822998047 ], [ 56.439201354980469, 51.034999847412109 ], [ 56.503299713134766, 51.081699371337891 ], [ 56.529998779296875, 51.074699401855469 ], [ 56.6260986328125, 50.985801696777344 ], [ 56.729198455810547, 50.977798461914062 ], [ 56.700298309326172, 51.056400299072266 ], [ 56.774398803710938, 51.090801239013672 ], [ 56.873298645019531, 51.058300018310547 ], [ 57.099700927734375, 51.075801849365234 ], [ 57.1864013671875, 51.108600616455078 ], [ 57.218898773193359, 51.024700164794922 ], [ 57.297500610351562, 51.006401062011719 ], [ 57.350799560546875, 50.907501220703125 ], [ 57.481899261474609, 50.864700317382812 ], [ 57.516101837158203, 50.875801086425781 ], [ 57.543098449707031, 50.915000915527344 ], [ 57.569198608398438, 50.92559814453125 ], [ 57.715301513671875, 50.903900146484375 ], [ 57.741901397705078, 50.913600921630859 ], [ 57.760601043701172, 50.964199066162109 ], [ 57.749698638916016, 51.072498321533203 ], [ 57.794399261474609, 51.119998931884766 ], [ 57.860801696777344, 51.096900939941406 ], [ 57.923301696777344, 51.096900939941406 ], [ 57.952201843261719, 51.074699401855469 ], [ 58.075801849365234, 51.094398498535156 ], [ 58.109699249267578, 51.062198638916016 ], [ 58.172199249267578, 51.054401397705078 ], [ 58.191898345947266, 51.062801361083984 ], [ 58.215301513671875, 51.115798950195312 ], [ 58.337257385253906, 51.158355712890625 ], [ 58.391101837158203, 51.115299224853516 ], [ 58.390800476074219, 51.079399108886719 ], [ 58.543300628662109, 51.072498321533203 ], [ 58.601398468017578, 51.046699523925781 ], [ 58.624401092529297, 50.988601684570312 ], [ 58.565601348876953, 50.915298461914062 ], [ 58.596698760986328, 50.866100311279297 ], [ 58.664398193359375, 50.872501373291016 ], [ 58.665599822998047, 50.805000305175781 ], [ 58.783298492431641, 50.795799255371094 ], [ 58.808601379394531, 50.743301391601562 ], [ 58.940299987792969, 50.683101654052734 ], [ 59.234699249267578, 50.668300628662109 ], [ 59.288898468017578, 50.62030029296875 ], [ 59.346900939941406, 50.635299682617188 ], [ 59.492500305175781, 50.629398345947266 ], [ 59.527198791503906, 50.596401214599609 ], [ 59.586399078369141, 50.584400177001953 ], [ 59.575801849365234, 50.556400299072266 ], [ 59.499698638916016, 50.559700012207031 ], [ 59.466400146484375, 50.532501220703125 ], [ 59.542499542236328, 50.478298187255859 ], [ 59.650798797607422, 50.533901214599609 ], [ 59.819698333740234, 50.547199249267578 ], [ 59.87030029296875, 50.619400024414062 ], [ 59.946399688720703, 50.689201354980469 ], [ 59.9385986328125, 50.762500762939453 ], [ 59.984401702880859, 50.838298797607422 ], [ 60.043598175048828, 50.863300323486328 ], [ 60.115798950195312, 50.863300323486328 ], [ 60.165298461914062, 50.845798492431641 ], [ 60.170299530029297, 50.775299072265625 ], [ 60.242801666259766, 50.718101501464844 ], [ 60.312198638916016, 50.692501068115234 ], [ 60.698101043701172, 50.661701202392578 ], [ 60.778900146484375, 50.662498474121094 ], [ 61.381401062011719, 50.783599853515625 ], [ 61.426700592041016, 50.8031005859375 ], [ 61.461700439453125, 50.873100280761719 ], [ 61.549198150634766, 51.215599060058594 ], [ 61.585601806640625, 51.241401672363281 ], [ 61.681926727294922, 51.268318176269531 ], [ 61.581699371337891, 51.3031005859375 ], [ 61.4986572265625, 51.428680419921875 ], [ 61.421699523925781, 51.43170166015625 ], [ 61.355800628662109, 51.457801818847656 ], [ 61.3031005859375, 51.4468994140625 ], [ 61.016101837158203, 51.481899261474609 ], [ 60.977199554443359, 51.497501373291016 ], [ 60.934398651123047, 51.555301666259766 ], [ 60.926700592041016, 51.587200164794922 ], [ 60.944400787353516, 51.619998931884766 ], [ 60.527801513671875, 51.627201080322266 ], [ 60.519401550292969, 51.655799865722656 ], [ 60.386699676513672, 51.672500610351562 ], [ 60.373600006103516, 51.695598602294922 ], [ 60.461700439453125, 51.737800598144531 ], [ 60.464401245117188, 51.766101837158203 ], [ 60.4989013671875, 51.786098480224609 ], [ 60.496700286865234, 51.801898956298828 ], [ 60.31610107421875, 51.831401824951172 ], [ 60.167499542236328, 51.900001525878906 ], [ 60.143901824951172, 51.895599365234375 ], [ 60.148101806640625, 51.868598937988281 ], [ 60.1343994140625, 51.863300323486328 ], [ 60.064399719238281, 51.873600006103516 ], [ 60.002201080322266, 51.958301544189453 ], [ 60.023338317871094, 52.001396179199219 ], [ 60.223098754882812, 51.999198913574219 ], [ 60.486698150634766, 52.154701232910156 ], [ 60.715301513671875, 52.156898498535156 ], [ 60.782501220703125, 52.220298767089844 ], [ 60.909198760986328, 52.257198333740234 ], [ 60.981700897216797, 52.310798645019531 ], [ 61.061901092529297, 52.342498779296875 ], [ 60.978599548339844, 52.413101196289062 ], [ 60.970798492431641, 52.494998931884766 ], [ 60.834701538085938, 52.529998779296875 ], [ 60.834701538085938, 52.635799407958984 ], [ 60.735801696777344, 52.637500762939453 ], [ 60.732498168945312, 52.655601501464844 ], [ 60.694198608398438, 52.680801391601562 ], [ 60.701099395751953, 52.719200134277344 ], [ 60.731700897216797, 52.749698638916016 ], [ 60.858299255371094, 52.781898498535156 ], [ 60.878101348876953, 52.819400787353516 ], [ 61.080600738525391, 52.929698944091797 ], [ 60.996700286865234, 52.978900909423828 ], [ 61.108600616455078, 52.982799530029297 ], [ 61.203300476074219, 53.021900177001953 ], [ 61.309200286865234, 52.993301391601562 ], [ 61.375801086425781, 52.992801666259766 ], [ 61.462799072265625, 53.029701232910156 ], [ 61.620601654052734, 52.952800750732422 ], [ 61.685298919677734, 52.982799530029297 ], [ 61.862499237060547, 52.986698150634766 ], [ 61.967201232910156, 52.9375 ], [ 62.101898193359375, 52.978298187255859 ], [ 62.144699096679688, 53.07440185546875 ], [ 62.104698181152344, 53.125 ], [ 61.781101226806641, 53.180801391601562 ], [ 61.67559814453125, 53.255001068115234 ], [ 61.538101196289062, 53.215599060058594 ], [ 61.390300750732422, 53.273899078369141 ], [ 61.195598602294922, 53.299400329589844 ], [ 61.152801513671875, 53.362201690673828 ], [ 61.161899566650391, 53.389400482177734 ], [ 61.237800598144531, 53.455799102783203 ], [ 61.241901397705078, 53.506900787353516 ], [ 61.311901092529297, 53.51190185546875 ], [ 61.382801055908203, 53.452499389648438 ], [ 61.434398651123047, 53.44329833984375 ], [ 61.500801086425781, 53.487201690673828 ], [ 61.577499389648438, 53.513301849365234 ], [ 61.538898468017578, 53.593299865722656 ], [ 61.395301818847656, 53.592800140380859 ], [ 61.343898773193359, 53.548301696777344 ], [ 61.148101806640625, 53.574699401855469 ], [ 61.094200134277344, 53.616901397705078 ], [ 60.901100158691406, 53.624401092529297 ], [ 60.902198791503906, 53.656898498535156 ], [ 60.917499542236328, 53.661399841308594 ], [ 60.977199554443359, 53.660598754882812 ], [ 61.010601043701172, 53.639198303222656 ], [ 61.059700012207031, 53.643299102783203 ], [ 61.074199676513672, 53.710800170898438 ], [ 61.134700775146484, 53.722198486328125 ], [ 61.168598175048828, 53.769699096679688 ], [ 61.226898193359375, 53.811901092529297 ], [ 61.224201202392578, 53.834201812744141 ], [ 61.150001525878906, 53.847198486328125 ], [ 61.118598937988281, 53.88330078125 ], [ 61.000598907470703, 53.889701843261719 ], [ 60.991100311279297, 53.904399871826172 ], [ 61.004199981689453, 53.939399719238281 ], [ 61.043300628662109, 53.957801818847656 ], [ 61.166698455810547, 53.959400177001953 ], [ 61.1864013671875, 53.923599243164062 ], [ 61.215000152587891, 53.912498474121094 ], [ 61.246700286865234, 53.928298950195312 ], [ 61.251930236816406, 53.951206207275391 ], [ 61.215599060058594, 54.025798797607422 ], [ 61.303298950195312, 54.033298492431641 ], [ 61.326099395751953, 54.069198608398438 ], [ 61.450801849365234, 54.064998626708984 ], [ 61.486698150634766, 54.015598297119141 ], [ 61.572799682617188, 54.002498626708984 ], [ 61.584201812744141, 53.956699371337891 ], [ 61.631401062011719, 53.959400177001953 ], [ 61.642200469970703, 54.001899719238281 ], [ 61.773899078369141, 53.98809814453125 ], [ 61.814701080322266, 54.00830078125 ], [ 61.845600128173828, 53.998298645019531 ], [ 61.855300903320312, 53.951698303222656 ], [ 62.025798797607422, 53.939701080322266 ], [ 62.024700164794922, 54.025001525878906 ], [ 62.335601806640625, 54.021701812744141 ], [ 62.457801818847656, 54.040000915527344 ], [ 62.470298767089844, 54.002201080322266 ], [ 62.401699066162109, 53.966701507568359 ], [ 62.413600921630859, 53.946701049804688 ], [ 62.535800933837891, 53.87969970703125 ], [ 62.574199676513672, 53.896900177001953 ], [ 62.548099517822266, 53.92919921875 ], [ 62.608898162841797, 53.977500915527344 ], [ 62.565601348876953, 54.033100128173828 ], [ 62.644699096679688, 54.076400756835938 ], [ 62.783599853515625, 54.082801818847656 ], [ 62.833900451660156, 54.108600616455078 ], [ 62.913898468017578, 54.085800170898438 ], [ 63.012500762939453, 54.101100921630859 ], [ 63.110000610351562, 54.095600128173828 ], [ 63.148899078369141, 54.114200592041016 ], [ 63.132198333740234, 54.168899536132812 ], [ 63.147800445556641, 54.180599212646484 ], [ 63.413600921630859, 54.174400329589844 ], [ 63.484401702880859, 54.208599090576172 ], [ 63.5625, 54.206401824951172 ], [ 63.736900329589844, 54.259998321533203 ], [ 63.806098937988281, 54.24420166015625 ], [ 63.901756286621094, 54.196403503417969 ], [ 64.019996643066406, 54.237800598144531 ], [ 63.979999542236328, 54.280601501464844 ], [ 63.992801666259766, 54.311100006103516 ], [ 64.049201965332031, 54.298099517822266 ], [ 64.085296630859375, 54.31829833984375 ], [ 64.201896667480469, 54.319198608398438 ], [ 64.3031005859375, 54.348598480224609 ], [ 64.411399841308594, 54.341701507568359 ], [ 64.476898193359375, 54.370800018310547 ], [ 64.547500610351562, 54.3656005859375 ], [ 64.602241516113281, 54.394149780273438 ], [ 64.665298461914062, 54.356899261474609 ], [ 64.737800598144531, 54.341098785400391 ], [ 64.899696350097656, 54.404201507568359 ], [ 64.957801818847656, 54.409198760986328 ], [ 65.014701843261719, 54.385601043701172 ], [ 65.106101989746094, 54.315601348876953 ], [ 65.216400146484375, 54.318901062011719 ], [ 65.2406005859375, 54.348098754882812 ], [ 65.201103210449219, 54.461399078369141 ], [ 65.224700927734375, 54.480300903320312 ], [ 65.218597412109375, 54.527801513671875 ], [ 65.355598449707031, 54.569400787353516 ], [ 65.475601196289062, 54.562801361083984 ], [ 65.485298156738281, 54.577499389648438 ], [ 65.461097717285156, 54.615299224853516 ], [ 65.483299255371094, 54.638099670410156 ], [ 65.757499694824219, 54.601398468017578 ], [ 65.790603637695312, 54.61669921875 ], [ 65.844398498535156, 54.684700012207031 ], [ 65.966903686523438, 54.713600158691406 ], [ 65.991096496582031, 54.617500305175781 ], [ 66.49530029296875, 54.723098754882812 ], [ 66.722801208496094, 54.726898193359375 ], [ 66.80889892578125, 54.766700744628906 ], [ 67.015296936035156, 54.772499084472656 ], [ 67.077499389648438, 54.796398162841797 ], [ 67.245597839355469, 54.80670166015625 ], [ 67.322799682617188, 54.867500305175781 ], [ 67.401100158691406, 54.850601196289062 ], [ 67.475799560546875, 54.864700317382812 ], [ 67.581398010253906, 54.854400634765625 ], [ 67.766403198242188, 54.891899108886719 ], [ 67.832199096679688, 54.963298797607422 ], [ 67.924400329589844, 54.982498168945312 ], [ 68.034400939941406, 54.950298309326172 ], [ 68.205299377441406, 54.966098785400391 ], [ 68.212501525878906, 54.999698638916016 ], [ 68.25, 55.01190185546875 ], [ 68.2593994140625, 55.048900604248047 ], [ 68.323600769042969, 55.056900024414062 ], [ 68.330802917480469, 55.080600738525391 ], [ 68.244400024414062, 55.104698181152344 ], [ 68.210296630859375, 55.138900756835938 ], [ 68.229698181152344, 55.161899566650391 ], [ 68.199699401855469, 55.178298950195312 ], [ 68.304496765136719, 55.205299377441406 ], [ 68.313102722167969, 55.190601348876953 ], [ 68.357498168945312, 55.1875 ], [ 68.388900756835938, 55.204200744628906 ], [ 68.500297546386719, 55.190601348876953 ], [ 68.56829833984375, 55.211898803710938 ], [ 68.625801086425781, 55.201900482177734 ], [ 68.642501831054688, 55.223098754882812 ], [ 68.638900756835938, 55.255599975585938 ], [ 68.705001831054688, 55.286701202392578 ], [ 68.700302124023438, 55.333301544189453 ], [ 68.724723815917969, 55.366115570068359 ], [ 68.855003356933594, 55.350601196289062 ], [ 68.893096923828125, 55.335800170898438 ], [ 68.933296203613281, 55.286098480224609 ], [ 69.00250244140625, 55.287498474121094 ], [ 69.0010986328125, 55.353599548339844 ], [ 68.939399719238281, 55.37030029296875 ], [ 68.923301696777344, 55.424198150634766 ], [ 68.952499389648438, 55.444698333740234 ], [ 69.168296813964844, 55.400600433349609 ], [ 69.185600280761719, 55.343898773193359 ], [ 69.232803344726562, 55.332500457763672 ], [ 69.351402282714844, 55.394401550292969 ], [ 69.491096496582031, 55.357498168945312 ], [ 69.672798156738281, 55.354400634765625 ], [ 69.846099853515625, 55.294998168945312 ], [ 69.949203491210938, 55.204200744628906 ], [ 70.055801391601562, 55.207801818847656 ], [ 70.238899230957031, 55.138900756835938 ], [ 70.288101196289062, 55.187198638916016 ], [ 70.398300170898438, 55.209201812744141 ], [ 70.421897888183594, 55.261398315429688 ], [ 70.470298767089844, 55.297199249267578 ], [ 70.578300476074219, 55.276401519775391 ], [ 70.67919921875, 55.3135986328125 ], [ 70.798103332519531, 55.318901062011719 ], [ 70.843299865722656, 55.301898956298828 ], [ 70.803298950195312, 55.250801086425781 ], [ 70.997802734375, 55.095798492431641 ], [ 70.99639892578125, 55.024200439453125 ], [ 70.975799560546875, 54.975799560546875 ], [ 70.999702453613281, 54.955600738525391 ], [ 70.968299865722656, 54.893100738525391 ], [ 71.025001525878906, 54.849399566650391 ], [ 71.013099670410156, 54.797500610351562 ], [ 71.105300903320312, 54.736099243164062 ], [ 71.227500915527344, 54.733898162841797 ], [ 71.278900146484375, 54.690299987792969 ], [ 71.288299560546875, 54.634201049804688 ], [ 71.160301208496094, 54.595600128173828 ], [ 71.167198181152344, 54.483600616455078 ], [ 71.19580078125, 54.471401214599609 ], [ 71.1885986328125, 54.419399261474609 ], [ 71.221702575683594, 54.410301208496094 ], [ 71.213600158691406, 54.325801849365234 ], [ 71.125, 54.317501068115234 ], [ 71.086402893066406, 54.339199066162109 ], [ 70.996902465820312, 54.339199066162109 ], [ 70.997802734375, 54.278099060058594 ], [ 71.074996948242188, 54.270801544189453 ], [ 71.079399108886719, 54.209999084472656 ], [ 71.06414794921875, 54.19305419921875 ], [ 71.114700317382812, 54.181400299072266 ], [ 71.185600280761719, 54.103298187255859 ], [ 71.257797241210938, 54.1260986328125 ], [ 71.336402893066406, 54.215000152587891 ], [ 71.405296325683594, 54.19110107421875 ], [ 71.483299255371094, 54.193599700927734 ], [ 71.5010986328125, 54.113300323486328 ], [ 71.596702575683594, 54.13690185546875 ], [ 71.653602600097656, 54.110000610351562 ], [ 71.749198913574219, 54.154399871826172 ], [ 71.730598449707031, 54.213100433349609 ], [ 71.767799377441406, 54.255298614501953 ], [ 71.889396667480469, 54.258098602294922 ], [ 72.032501220703125, 54.235599517822266 ], [ 72.122200012207031, 54.133098602294922 ], [ 72.190597534179688, 54.135601043701172 ], [ 72.211402893066406, 54.150600433349609 ], [ 72.205802917480469, 54.200000762939453 ], [ 72.084701538085938, 54.229198455810547 ], [ 72.105003356933594, 54.287498474121094 ], [ 72.133903503417969, 54.314998626708984 ], [ 72.045303344726562, 54.36309814453125 ], [ 72.05169677734375, 54.387798309326172 ], [ 72.1968994140625, 54.3739013671875 ], [ 72.288299560546875, 54.300300598144531 ], [ 72.291397094726562, 54.274398803710938 ], [ 72.344398498535156, 54.263599395751953 ], [ 72.360298156738281, 54.24420166015625 ], [ 72.321701049804688, 54.186100006103516 ], [ 72.508903503417969, 54.142799377441406 ], [ 72.486396789550781, 54.113601684570312 ], [ 72.380599975585938, 54.094200134277344 ], [ 72.390602111816406, 54.057498931884766 ], [ 72.445602416992188, 54.026100158691406 ], [ 72.396102905273438, 53.927799224853516 ], [ 72.478302001953125, 53.909198760986328 ], [ 72.569999694824219, 53.987499237060547 ], [ 72.731101989746094, 53.961700439453125 ], [ 72.669403076171875, 54.0635986328125 ], [ 72.528846740722656, 54.050746917724609 ], [ 72.55059814453125, 54.107799530029297 ], [ 72.613296508789062, 54.145301818847656 ], [ 72.814697265625, 54.138099670410156 ], [ 72.865798950195312, 54.123100280761719 ], [ 72.975303649902344, 54.128299713134766 ], [ 72.993598937988281, 54.116100311279297 ], [ 73.000602722167969, 54.053600311279297 ], [ 73.059402465820312, 54.043300628662109 ], [ 73.06939697265625, 53.988899230957031 ], [ 73.397201538085938, 53.948600769042969 ], [ 73.410003662109375, 53.982200622558594 ], [ 73.470596313476562, 53.977199554443359 ], [ 73.494400024414062, 53.951400756835938 ], [ 73.545799255371094, 53.959400177001953 ], [ 73.541702270507812, 54.015300750732422 ], [ 73.626899719238281, 54.039199829101562 ], [ 73.611701965332031, 54.077499389648438 ], [ 73.690299987792969, 54.086898803710938 ], [ 73.699699401855469, 54.055801391601562 ], [ 73.763900756835938, 54.065601348876953 ], [ 73.711700439453125, 53.875 ], [ 73.653602600097656, 53.864200592041016 ], [ 73.500801086425781, 53.883098602294922 ], [ 73.443099975585938, 53.875801086425781 ], [ 73.414398193359375, 53.835800170898438 ], [ 73.461097717285156, 53.81610107421875 ], [ 73.356399536132812, 53.789699554443359 ], [ 73.329696655273438, 53.69329833984375 ], [ 73.260299682617188, 53.683300018310547 ], [ 73.238601684570312, 53.644401550292969 ], [ 73.281898498535156, 53.613899230957031 ], [ 73.253898620605469, 53.580001831054688 ], [ 73.414398193359375, 53.527801513671875 ], [ 73.37030029296875, 53.466899871826172 ], [ 73.437202453613281, 53.436100006103516 ], [ 73.581703186035156, 53.519699096679688 ], [ 73.600799560546875, 53.573101043701172 ], [ 73.663299560546875, 53.568099975585938 ], [ 73.676902770996094, 53.619400024414062 ], [ 73.775596618652344, 53.617500305175781 ], [ 73.81109619140625, 53.598300933837891 ], [ 73.917503356933594, 53.654201507568359 ], [ 74.081398010253906, 53.632198333740234 ], [ 74.088302612304688, 53.573898315429688 ], [ 74.143096923828125, 53.573299407958984 ], [ 74.159400939941406, 53.605800628662109 ], [ 74.246696472167969, 53.602199554443359 ], [ 74.266899108886719, 53.56610107421875 ], [ 74.293601989746094, 53.560798645019531 ], [ 74.283897399902344, 53.527500152587891 ], [ 74.37640380859375, 53.471698760986328 ], [ 74.42919921875, 53.478599548339844 ], [ 74.483596801757812, 53.584400177001953 ], [ 74.43890380859375, 53.610000610351562 ], [ 74.466400146484375, 53.69329833984375 ], [ 74.646896362304688, 53.688301086425781 ], [ 74.675300598144531, 53.763900756835938 ], [ 74.75830078125, 53.766899108886719 ], [ 74.787200927734375, 53.833900451660156 ], [ 74.812202453613281, 53.844398498535156 ], [ 74.947196960449219, 53.838600158691406 ], [ 75.033897399902344, 53.80670166015625 ], [ 75.369400024414062, 53.970798492431641 ], [ 75.457199096679688, 53.99420166015625 ], [ 75.384201049804688, 54.06719970703125 ], [ 75.5010986328125, 54.115299224853516 ], [ 75.573600769042969, 54.097198486328125 ], [ 75.692726135253906, 54.112613677978516 ], [ 76.207199096679688, 54.259201049804688 ], [ 76.185600280761719, 54.295600891113281 ], [ 76.238899230957031, 54.358898162841797 ], [ 76.487800598144531, 54.325599670410156 ], [ 76.576400756835938, 54.363300323486328 ], [ 76.656898498535156, 54.367801666259766 ], [ 76.675300598144531, 54.430000305175781 ], [ 76.69940185546875, 54.444698333740234 ], [ 76.811698913574219, 54.447799682617188 ], [ 76.923599243164062, 54.475601196289062 ], [ 76.925003051757812, 54.4375 ], [ 76.778900146484375, 54.394199371337891 ], [ 76.785301208496094, 54.373600006103516 ], [ 76.855796813964844, 54.358898162841797 ], [ 76.864997863769531, 54.318099975585938 ], [ 76.855796813964844, 54.293598175048828 ], [ 76.810798645019531, 54.260799407958984 ], [ 76.802497863769531, 54.227500915527344 ], [ 76.721397399902344, 54.153301239013672 ], [ 76.641700744628906, 54.137199401855469 ], [ 76.521400451660156, 54.170799255371094 ], [ 76.392501831054688, 54.158901214599609 ], [ 76.498100280761719, 54.053298950195312 ], [ 76.542800903320312, 53.973300933837891 ], [ 77.523902893066406, 53.506401062011719 ], [ 77.801101684570312, 53.345798492431641 ], [ 77.921401977539062, 53.258899688720703 ], [ 78.046401977539062, 53.1260986328125 ], [ 78.073097229003906, 53.075298309326172 ], [ 78.452499389648438, 52.708099365234375 ], [ 78.542800903320312, 52.590599060058594 ], [ 78.916397094726562, 52.184200286865234 ], [ 79.336898803710938, 51.669200897216797 ], [ 79.536399841308594, 51.450000762939453 ], [ 79.983299255371094, 50.826099395751953 ], [ 80.077796936035156, 50.757499694824219 ], [ 80.109397888183594, 50.763301849365234 ], [ 80.035003662109375, 50.832801818847656 ], [ 80.065299987792969, 50.860000610351562 ], [ 80.136100769042969, 50.819400787353516 ], [ 80.171897888183594, 50.828601837158203 ], [ 80.188301086425781, 50.838298797607422 ], [ 80.198898315429688, 50.887798309326172 ], [ 80.245796203613281, 50.893901824951172 ], [ 80.283897399902344, 50.922500610351562 ], [ 80.385597229003906, 50.923099517822266 ], [ 80.467796325683594, 50.967800140380859 ], [ 80.486701965332031, 51.058300018310547 ], [ 80.480003356933594, 51.080600738525391 ], [ 80.430496215820312, 51.118598937988281 ], [ 80.4385986328125, 51.197498321533203 ], [ 80.484397888183594, 51.216400146484375 ], [ 80.63330078125, 51.214401245117188 ], [ 80.637496948242188, 51.2593994140625 ], [ 80.687797546386719, 51.314399719238281 ], [ 80.872200012207031, 51.258899688720703 ], [ 80.899398803710938, 51.290000915527344 ], [ 80.932197570800781, 51.283901214599609 ], [ 80.944198608398438, 51.271099090576172 ], [ 80.940299987792969, 51.221099853515625 ], [ 81.040802001953125, 51.181400299072266 ], [ 81.100601196289062, 51.180301666259766 ], [ 81.128898620605469, 51.204200744628906 ], [ 81.183601379394531, 51.196098327636719 ], [ 81.168899536132812, 51.137199401855469 ], [ 81.092498779296875, 51.018100738525391 ], [ 81.076400756835938, 50.947799682617188 ], [ 81.183097839355469, 50.943901062011719 ], [ 81.301399230957031, 50.970001220703125 ], [ 81.424697875976562, 50.966400146484375 ], [ 81.421897888183594, 50.927799224853516 ], [ 81.489997863769531, 50.841098785400391 ], [ 81.440803527832031, 50.759998321533203 ], [ 81.468101501464844, 50.742198944091797 ], [ 81.725799560546875, 50.747501373291016 ], [ 81.761100769042969, 50.790000915527344 ], [ 81.782798767089844, 50.793300628662109 ], [ 81.828903198242188, 50.768299102783203 ], [ 81.915603637695312, 50.786899566650391 ], [ 82.011100769042969, 50.771400451660156 ], [ 82.097801208496094, 50.721698760986328 ], [ 82.150299072265625, 50.710601806640625 ], [ 82.236701965332031, 50.720298767089844 ], [ 82.279403686523438, 50.754398345947266 ], [ 82.31719970703125, 50.743598937988281 ], [ 82.356399536132812, 50.759700775146484 ], [ 82.377197265625, 50.74530029296875 ], [ 82.442802429199219, 50.758098602294922 ], [ 82.4989013671875, 50.721099853515625 ], [ 82.720298767089844, 50.810798645019531 ], [ 82.727500915527344, 50.898899078369141 ], [ 82.761100769042969, 50.910800933837891 ], [ 83.010002136230469, 50.889400482177734 ], [ 83.087196350097656, 50.923599243164062 ], [ 83.138603210449219, 51.001899719238281 ], [ 83.456398010253906, 51.002498626708984 ], [ 83.497200012207031, 50.961700439453125 ], [ 83.662498474121094, 50.932498931884766 ], [ 83.731101989746094, 50.885601043701172 ], [ 83.835800170898438, 50.88079833984375 ], [ 83.901702880859375, 50.813899993896484 ], [ 83.972503662109375, 50.801700592041016 ], [ 83.970001220703125, 50.715599060058594 ], [ 84.167503356933594, 50.600299835205078 ], [ 84.166900634765625, 50.557498931884766 ], [ 84.223098754882812, 50.514701843261719 ], [ 84.1968994140625, 50.453098297119141 ], [ 84.262802124023438, 50.354400634765625 ], [ 84.266899108886719, 50.270599365234375 ], [ 84.337196350097656, 50.247501373291016 ], [ 84.373100280761719, 50.209701538085938 ], [ 84.473899841308594, 50.256698608398438 ], [ 84.56939697265625, 50.193901062011719 ], [ 84.674400329589844, 50.1968994140625 ], [ 84.736396789550781, 50.146099090576172 ], [ 84.810600280761719, 50.144199371337891 ], [ 84.860603332519531, 50.088901519775391 ], [ 84.916397094726562, 50.104198455810547 ], [ 85.014396667480469, 50.075801849365234 ], [ 85.058296203613281, 50.013599395751953 ], [ 84.979202270507812, 49.997798919677734 ], [ 84.977798461914062, 49.912799835205078 ], [ 85.083602905273438, 49.881401062011719 ], [ 85.091903686523438, 49.819698333740234 ], [ 85.197502136230469, 49.733299255371094 ], [ 85.216697692871094, 49.701400756835938 ], [ 85.211097717285156, 49.647201538085938 ], [ 85.274200439453125, 49.584999084472656 ], [ 85.403900146484375, 49.623298645019531 ], [ 85.473098754882812, 49.594398498535156 ], [ 85.531898498535156, 49.591400146484375 ], [ 85.63079833984375, 49.627498626708984 ], [ 85.690597534179688, 49.564399719238281 ], [ 85.770797729492188, 49.580001831054688 ], [ 85.837196350097656, 49.543899536132812 ], [ 85.907501220703125, 49.574199676513672 ], [ 85.969200134277344, 49.566398620605469 ], [ 85.953598022460938, 49.521400451660156 ], [ 85.969398498535156, 49.488601684570312 ], [ 86.000297546386719, 49.488300323486328 ], [ 86.044998168945312, 49.520301818847656 ], [ 86.132797241210938, 49.532798767089844 ], [ 86.19110107421875, 49.472499847412109 ], [ 86.245796203613281, 49.501399993896484 ], [ 86.293296813964844, 49.589401245117188 ], [ 86.426399230957031, 49.62139892578125 ], [ 86.480796813964844, 49.651100158691406 ], [ 86.513603210449219, 49.708900451660156 ], [ 86.611099243164062, 49.761100769042969 ], [ 86.616401672363281, 49.797199249267578 ], [ 86.783302307128906, 49.785800933837891 ], [ 86.761398315429688, 49.739398956298828 ], [ 86.800300598144531, 49.702201843261719 ], [ 86.753097534179688, 49.673301696777344 ], [ 86.69580078125, 49.674400329589844 ], [ 86.666900634765625, 49.655601501464844 ], [ 86.611099243164062, 49.601398468017578 ], [ 86.634696960449219, 49.57080078125 ], [ 86.683296203613281, 49.551898956298828 ], [ 86.746902465820312, 49.563899993896484 ], [ 86.846900939941406, 49.521701812744141 ], [ 86.839698791503906, 49.452201843261719 ], [ 86.964401245117188, 49.391899108886719 ], [ 86.92669677734375, 49.353099822998047 ], [ 87.039199829101562, 49.287200927734375 ], [ 87.052497863769531, 49.254199981689453 ], [ 87.218902587890625, 49.246101379394531 ], [ 87.299697875976562, 49.210601806640625 ], [ 87.345329284667969, 49.095699310302734 ], [ 87.259696960449219, 49.111099243164062 ], [ 86.86163330078125, 49.104988098144531 ], [ 86.73052978515625, 48.972209930419922 ], [ 86.746078491210938, 48.910541534423828 ], [ 86.821372985839844, 48.846649169921875 ], [ 86.774406433105469, 48.714431762695312 ], [ 86.644973754882812, 48.616378784179688 ], [ 86.596076965332031, 48.536098480224609 ], [ 86.344131469726562, 48.495258331298828 ], [ 86.230796813964844, 48.425258636474609 ], [ 86.021636962890625, 48.436931610107422 ], [ 85.777763366699219, 48.402210235595703 ], [ 85.536361694335938, 47.943309783935547 ], [ 85.573867797851562, 47.801929473876953 ], [ 85.609130859375, 47.499431610107422 ], [ 85.705543518066406, 47.364990234375 ], [ 85.686630249023438, 47.211929321289062 ], [ 85.58135986328125, 47.184711456298828 ], [ 85.51580810546875, 47.058040618896484 ], [ 85.21942138671875, 47.039710998535156 ], [ 84.963592529296875, 46.864151000976562 ], [ 84.78497314453125, 46.826381683349609 ], [ 84.735237121582031, 46.836929321289062 ], [ 84.781646728515625, 46.925819396972656 ], [ 84.750808715820312, 46.955539703369141 ], [ 84.661361694335938, 46.994991302490234 ], [ 84.033042907714844, 46.978321075439453 ], [ 83.564971923828125, 47.061100006103516 ], [ 83.162483215332031, 47.223590850830078 ], [ 83.061363220214844, 47.220260620117188 ], [ 83.031356811523438, 47.199150085449219 ], [ 83.014686584472656, 46.960269927978516 ], [ 82.873863220214844, 46.763599395751953 ], [ 82.79107666015625, 46.546379089355469 ], [ 82.57330322265625, 46.173038482666016 ], [ 82.536911010742188, 45.988590240478516 ], [ 82.324417114257812, 45.590541839599609 ], [ 82.3197021484375, 45.529430389404297 ], [ 82.3621826171875, 45.495540618896484 ], [ 82.589141845703125, 45.463871002197266 ], [ 82.649406433105469, 45.430271148681641 ], [ 82.658576965332031, 45.345539093017578 ], [ 82.601066589355469, 45.174709320068359 ], [ 82.549407958984375, 45.123310089111328 ], [ 82.481643676757812, 45.127479553222656 ], [ 82.32525634765625, 45.233039855957031 ], [ 82.27081298828125, 45.235820770263672 ], [ 81.948013305664062, 45.157489776611328 ], [ 81.80413818359375, 45.214710235595703 ], [ 81.797737121582031, 45.305820465087891 ], [ 81.732467651367188, 45.350818634033203 ], [ 80.869422912597656, 45.131099700927734 ], [ 80.787193298339844, 45.147769927978516 ], [ 80.076637268066406, 45.024700164794922 ], [ 79.864967346191406, 44.896099090576172 ], [ 79.87579345703125, 44.86553955078125 ], [ 80.022201538085938, 44.793598175048828 ], [ 80.262191772460938, 44.824428558349609 ], [ 80.484703063964844, 44.746089935302734 ], [ 80.516647338867188, 44.707210540771484 ], [ 80.374679565429688, 44.651920318603516 ], [ 80.407203674316406, 44.602210998535156 ], [ 80.348861694335938, 44.450260162353516 ], [ 80.376068115234375, 44.375820159912109 ], [ 80.368026733398438, 44.112758636474609 ], [ 80.4246826171875, 44.063869476318359 ], [ 80.438858032226562, 43.992210388183594 ], [ 80.739692687988281, 43.4658203125 ], [ 80.72247314453125, 43.404701232910156 ], [ 80.666641235351562, 43.348880767822266 ], [ 80.6685791015625, 43.319438934326172 ], [ 80.764686584472656, 43.293048858642578 ], [ 80.809967041015625, 43.130538940429688 ], [ 80.770523071289062, 43.108329772949219 ], [ 80.638313293457031, 43.139148712158203 ], [ 80.376632690429688, 43.025260925292969 ], [ 80.3902587890625, 42.992759704589844 ], [ 80.5777587890625, 42.908588409423828 ], [ 80.564971923828125, 42.880260467529297 ], [ 80.258872985839844, 42.816089630126953 ], [ 80.15802001953125, 42.632488250732422 ], [ 80.289138793945312, 42.231651306152344 ], [ 80.285476684570312, 42.182357788085938 ], [ 80.17669677734375, 42.219699859619141 ], [ 80.113601684570312, 42.303600311279297 ], [ 80.05670166015625, 42.336898803710938 ], [ 79.952796936035156, 42.434200286865234 ], [ 79.815597534179688, 42.446098327636719 ], [ 79.716903686523438, 42.474201202392578 ], [ 79.5718994140625, 42.453098297119141 ], [ 79.443901062011719, 42.472198486328125 ], [ 79.356697082519531, 42.607799530029297 ], [ 79.269996643066406, 42.629199981689453 ], [ 79.215301513671875, 42.67919921875 ], [ 79.1968994140625, 42.726699829101562 ], [ 79.209701538085938, 42.779701232910156 ], [ 79.1947021484375, 42.795799255371094 ], [ 79.027801513671875, 42.759700775146484 ], [ 78.973899841308594, 42.782798767089844 ], [ 78.920799255371094, 42.775001525878906 ], [ 78.80169677734375, 42.809200286865234 ], [ 78.689201354980469, 42.8125 ], [ 78.653900146484375, 42.842800140380859 ], [ 78.512199401855469, 42.885299682617188 ], [ 78.416900634765625, 42.885601043701172 ], [ 78.336898803710938, 42.852500915527344 ], [ 78.265296936035156, 42.875598907470703 ], [ 78.093902587890625, 42.857498168945312 ], [ 77.999198913574219, 42.867198944091797 ], [ 77.897499084472656, 42.900299072265625 ], [ 77.829399108886719, 42.870800018310547 ], [ 77.811996459960938, 42.902500152587891 ], [ 77.729698181152344, 42.914699554443359 ], [ 77.660003662109375, 42.915298461914062 ], [ 77.591102600097656, 42.887500762939453 ], [ 77.535598754882812, 42.921398162841797 ], [ 77.459701538085938, 42.930301666259766 ], [ 77.350303649902344, 42.896701812744141 ], [ 77.207801818847656, 42.917198181152344 ], [ 77.147499084472656, 42.965599060058594 ], [ 77.062202453613281, 42.970600128173828 ], [ 76.976898193359375, 42.99639892578125 ], [ 76.853599548339844, 42.981899261474609 ], [ 76.811996459960938, 42.9468994140625 ], [ 76.774398803710938, 42.947498321533203 ], [ 76.724197387695312, 42.916698455810547 ], [ 76.669403076171875, 42.920299530029297 ], [ 76.616897583007812, 42.900299072265625 ], [ 76.500602722167969, 42.923301696777344 ], [ 76.441398620605469, 42.891899108886719 ], [ 76.410598754882812, 42.916099548339844 ], [ 76.343101501464844, 42.906700134277344 ], [ 76.32330322265625, 42.924999237060547 ], [ 76.240303039550781, 42.936901092529297 ], [ 76.187202453613281, 42.927799224853516 ], [ 76.095001220703125, 42.941398620605469 ], [ 76.017799377441406, 42.923599243164062 ], [ 75.910797119140625, 42.946701049804688 ], [ 75.802497863769531, 42.940601348876953 ], [ 75.747200012207031, 42.850601196289062 ], [ 75.676101684570312, 42.806400299072266 ], [ 75.568603515625, 42.834201812744141 ], [ 75.209999084472656, 42.853298187255859 ], [ 74.880599975585938, 42.982799530029297 ], [ 74.751701354980469, 42.993099212646484 ], [ 74.631401062011719, 43.06610107421875 ], [ 74.56610107421875, 43.132499694824219 ], [ 74.451103210449219, 43.152198791503906 ], [ 74.391403198242188, 43.195301055908203 ], [ 74.293296813964844, 43.216701507568359 ], [ 74.201103210449219, 43.268600463867188 ], [ 74.235801696777344, 43.231399536132812 ], [ 74.235000610351562, 43.207199096679688 ], [ 74.059402465820312, 43.188098907470703 ], [ 73.973098754882812, 43.223899841308594 ], [ 73.913299560546875, 43.122798919677734 ], [ 73.831901550292969, 43.129199981689453 ], [ 73.583900451660156, 43.038600921630859 ], [ 73.55670166015625, 42.956901550292969 ], [ 73.513900756835938, 42.896400451660156 ], [ 73.525802612304688, 42.799999237060547 ], [ 73.460800170898438, 42.710601806640625 ], [ 73.432502746582031, 42.621101379394531 ], [ 73.451103210449219, 42.533298492431641 ], [ 73.533599853515625, 42.418899536132812 ], [ 73.5072021484375, 42.404701232910156 ], [ 73.406402587890625, 42.434398651123047 ], [ 73.339698791503906, 42.43280029296875 ], [ 73.328598022460938, 42.512500762939453 ], [ 73.209197998046875, 42.521400451660156 ], [ 73.156700134277344, 42.560001373291016 ], [ 72.968101501464844, 42.538898468017578 ], [ 72.908599853515625, 42.548301696777344 ], [ 72.832801818847656, 42.576900482177734 ], [ 72.791900634765625, 42.638099670410156 ], [ 72.7572021484375, 42.656101226806641 ], [ 72.599197387695312, 42.69219970703125 ], [ 72.50469970703125, 42.687801361083984 ], [ 72.296897888183594, 42.773601531982422 ], [ 72.171699523925781, 42.773601531982422 ], [ 72.1239013671875, 42.757198333740234 ], [ 71.869697570800781, 42.842800140380859 ], [ 71.80889892578125, 42.823600769042969 ], [ 71.725601196289062, 42.821701049804688 ], [ 71.597198486328125, 42.763599395751953 ], [ 71.574203491210938, 42.765300750732422 ], [ 71.530296325683594, 42.802200317382812 ], [ 71.502799987792969, 42.789199829101562 ], [ 71.424697875976562, 42.80419921875 ], [ 71.352798461914062, 42.743598937988281 ], [ 71.275299072265625, 42.759201049804688 ], [ 71.227500915527344, 42.706699371337891 ], [ 71.166900634765625, 42.686901092529297 ], [ 71.167198181152344, 42.604198455810547 ], [ 71.031097412109375, 42.573600769042969 ], [ 71.033897399902344, 42.534698486328125 ], [ 71.089698791503906, 42.480800628662109 ], [ 71.060600280761719, 42.460800170898438 ], [ 70.99639892578125, 42.486698150634766 ], [ 70.955001831054688, 42.427501678466797 ], [ 70.962501525878906, 42.388301849365234 ], [ 70.873298645019531, 42.313098907470703 ], [ 70.906898498535156, 42.266899108886719 ], [ 70.969398498535156, 42.252799987792969 ], [ 70.856903076171875, 42.196399688720703 ], [ 70.752799987792969, 42.201099395751953 ], [ 70.668899536132812, 42.101699829101562 ], [ 70.624397277832031, 42.019699096679688 ], [ 70.539199829101562, 42.038101196289062 ], [ 70.531097412109375, 42.068901062011719 ], [ 70.488296508789062, 42.099998474121094 ], [ 70.373298645019531, 42.064201354980469 ], [ 70.333099365234375, 42.039398193359375 ], [ 70.302200317382812, 41.977199554443359 ], [ 70.225601196289062, 41.941398620605469 ], [ 70.140296936035156, 41.828098297119141 ], [ 70.086898803710938, 41.80889892578125 ], [ 70.058097839355469, 41.780300140380859 ], [ 70.009201049804688, 41.780300140380859 ], [ 69.930801391601562, 41.711700439453125 ], [ 69.642196655273438, 41.673301696777344 ], [ 69.506698608398438, 41.582801818847656 ], [ 69.443099975585938, 41.567798614501953 ], [ 69.403602600097656, 41.525299072265625 ], [ 69.419403076171875, 41.474998474121094 ], [ 69.346397399902344, 41.484199523925781 ], [ 69.292503356933594, 41.458599090576172 ], [ 69.247802734375, 41.470600128173828 ], [ 69.156700134277344, 41.425800323486328 ], [ 69.150802612304688, 41.401699066162109 ], [ 69.123100280761719, 41.408298492431641 ], [ 69.056396484375, 41.379398345947266 ], [ 69.080596923828125, 41.350799560546875 ], [ 69.063102722167969, 41.216098785400391 ], [ 68.983901977539062, 41.175800323486328 ], [ 68.898300170898438, 41.161399841308594 ], [ 68.868301391601562, 41.109199523925781 ], [ 68.774398803710938, 41.077201843261719 ], [ 68.724403381347656, 40.978900909423828 ], [ 68.61669921875, 40.936901092529297 ], [ 68.611900329589844, 40.913101196289062 ], [ 68.593597412109375, 40.919998168945312 ], [ 68.593597412109375, 40.8739013671875 ], [ 68.568099975585938, 40.861400604248047 ], [ 68.589698791503906, 40.730300903320312 ], [ 68.6322021484375, 40.722198486328125 ], [ 68.651901245117188, 40.671699523925781 ], [ 68.6239013671875, 40.636398315429688 ], [ 68.648300170898438, 40.6260986328125 ], [ 68.608100891113281, 40.599700927734375 ], [ 68.537498474121094, 40.625598907470703 ], [ 68.484397888183594, 40.591098785400391 ], [ 68.233299255371094, 40.691398620605469 ], [ 68.074996948242188, 40.801101684570312 ], [ 68.015602111816406, 40.813899993896484 ], [ 68.087799072265625, 40.862499237060547 ], [ 68.135002136230469, 40.935600280761719 ], [ 68.144401550292969, 40.997798919677734 ], [ 68.12249755859375, 41.020000457763672 ], [ 68.151100158691406, 41.030799865722656 ], [ 68.143898010253906, 41.051399230957031 ], [ 68.105598449707031, 41.065601348876953 ], [ 68.082496643066406, 41.043598175048828 ], [ 68.059196472167969, 41.053600311279297 ], [ 68.028099060058594, 41.043598175048828 ], [ 67.996902465820312, 41.119998931884766 ], [ 67.934402465820312, 41.194400787353516 ], [ 67.861099243164062, 41.162799835205078 ], [ 67.754997253417969, 41.192501068115234 ], [ 67.455802917480469, 41.153301239013672 ], [ 67.071403503417969, 41.143600463867188 ], [ 66.875801086425781, 41.150001525878906 ], [ 66.720001220703125, 41.174999237060547 ], [ 66.558601379394531, 41.732799530029297 ], [ 66.526397705078125, 42.003101348876953 ], [ 66.029197692871094, 42.003101348876953 ], [ 66.036697387695312, 42.423301696777344 ], [ 66.07080078125, 42.424198150634766 ], [ 66.1239013671875, 42.996898651123047 ], [ 65.8218994140625, 42.877201080322266 ], [ 65.526901245117188, 43.31719970703125 ], [ 65.268302917480469, 43.432498931884766 ], [ 64.931396484375, 43.737800598144531 ], [ 64.458099365234375, 43.548099517822266 ], [ 63.997200012207031, 43.570598602294922 ], [ 63.211399078369141, 43.636398315429688 ], [ 62.023899078369141, 43.486099243164062 ], [ 61.136711120605469, 44.226280212402344 ] ] ] } },
{ "type": "Feature", "properties": { }, "geometry": { "type": "Polygon", "coordinates": [ [ [ 70.969398498535156, 42.252799987792969 ], [ 70.906898498535156, 42.266899108886719 ], [ 70.873298645019531, 42.313098907470703 ], [ 70.962501525878906, 42.388301849365234 ], [ 70.955001831054688, 42.427501678466797 ], [ 70.99639892578125, 42.486698150634766 ], [ 71.060600280761719, 42.460800170898438 ], [ 71.089698791503906, 42.480800628662109 ], [ 71.033897399902344, 42.534698486328125 ], [ 71.031097412109375, 42.573600769042969 ], [ 71.167198181152344, 42.604198455810547 ], [ 71.166900634765625, 42.686901092529297 ], [ 71.227500915527344, 42.706699371337891 ], [ 71.275299072265625, 42.759201049804688 ], [ 71.352798461914062, 42.743598937988281 ], [ 71.424697875976562, 42.80419921875 ], [ 71.502799987792969, 42.789199829101562 ], [ 71.530296325683594, 42.802200317382812 ], [ 71.574203491210938, 42.765300750732422 ], [ 71.597198486328125, 42.763599395751953 ], [ 71.725601196289062, 42.821701049804688 ], [ 71.80889892578125, 42.823600769042969 ], [ 71.869697570800781, 42.842800140380859 ], [ 72.1239013671875, 42.757198333740234 ], [ 72.171699523925781, 42.773601531982422 ], [ 72.296897888183594, 42.773601531982422 ], [ 72.50469970703125, 42.687801361083984 ], [ 72.599197387695312, 42.69219970703125 ], [ 72.7572021484375, 42.656101226806641 ], [ 72.791900634765625, 42.638099670410156 ], [ 72.832801818847656, 42.576900482177734 ], [ 72.908599853515625, 42.548301696777344 ], [ 72.968101501464844, 42.538898468017578 ], [ 73.156700134277344, 42.560001373291016 ], [ 73.209197998046875, 42.521400451660156 ], [ 73.328598022460938, 42.512500762939453 ], [ 73.339698791503906, 42.43280029296875 ], [ 73.406402587890625, 42.434398651123047 ], [ 73.5072021484375, 42.404701232910156 ], [ 73.533599853515625, 42.418899536132812 ], [ 73.451103210449219, 42.533298492431641 ], [ 73.432502746582031, 42.621101379394531 ], [ 73.460800170898438, 42.710601806640625 ], [ 73.525802612304688, 42.799999237060547 ], [ 73.513900756835938, 42.896400451660156 ], [ 73.55670166015625, 42.956901550292969 ], [ 73.583900451660156, 43.038600921630859 ], [ 73.831901550292969, 43.129199981689453 ], [ 73.913299560546875, 43.122798919677734 ], [ 73.973098754882812, 43.223899841308594 ], [ 74.059402465820312, 43.188098907470703 ], [ 74.235000610351562, 43.207199096679688 ], [ 74.235801696777344, 43.231399536132812 ], [ 74.201103210449219, 43.268600463867188 ], [ 74.293296813964844, 43.216701507568359 ], [ 74.391403198242188, 43.195301055908203 ], [ 74.451103210449219, 43.152198791503906 ], [ 74.56610107421875, 43.132499694824219 ], [ 74.631401062011719, 43.06610107421875 ], [ 74.751701354980469, 42.993099212646484 ], [ 74.880599975585938, 42.982799530029297 ], [ 75.209999084472656, 42.853298187255859 ], [ 75.568603515625, 42.834201812744141 ], [ 75.676101684570312, 42.806400299072266 ], [ 75.747200012207031, 42.850601196289062 ], [ 75.802497863769531, 42.940601348876953 ], [ 75.910797119140625, 42.946701049804688 ], [ 76.017799377441406, 42.923599243164062 ], [ 76.095001220703125, 42.941398620605469 ], [ 76.187202453613281, 42.927799224853516 ], [ 76.240303039550781, 42.936901092529297 ], [ 76.32330322265625, 42.924999237060547 ], [ 76.343101501464844, 42.906700134277344 ], [ 76.410598754882812, 42.916099548339844 ], [ 76.441398620605469, 42.891899108886719 ], [ 76.500602722167969, 42.923301696777344 ], [ 76.616897583007812, 42.900299072265625 ], [ 76.669403076171875, 42.920299530029297 ], [ 76.724197387695312, 42.916698455810547 ], [ 76.774398803710938, 42.947498321533203 ], [ 76.811996459960938, 42.9468994140625 ], [ 76.853599548339844, 42.981899261474609 ], [ 76.976898193359375, 42.99639892578125 ], [ 77.062202453613281, 42.970600128173828 ], [ 77.147499084472656, 42.965599060058594 ], [ 77.207801818847656, 42.917198181152344 ], [ 77.350303649902344, 42.896701812744141 ], [ 77.459701538085938, 42.930301666259766 ], [ 77.535598754882812, 42.921398162841797 ], [ 77.591102600097656, 42.887500762939453 ], [ 77.660003662109375, 42.915298461914062 ], [ 77.729698181152344, 42.914699554443359 ], [ 77.811996459960938, 42.902500152587891 ], [ 77.829399108886719, 42.870800018310547 ], [ 77.897499084472656, 42.900299072265625 ], [ 77.999198913574219, 42.867198944091797 ], [ 78.093902587890625, 42.857498168945312 ], [ 78.265296936035156, 42.875598907470703 ], [ 78.336898803710938, 42.852500915527344 ], [ 78.416900634765625, 42.885601043701172 ], [ 78.512199401855469, 42.885299682617188 ], [ 78.653900146484375, 42.842800140380859 ], [ 78.689201354980469, 42.8125 ], [ 78.80169677734375, 42.809200286865234 ], [ 78.920799255371094, 42.775001525878906 ], [ 78.973899841308594, 42.782798767089844 ], [ 79.027801513671875, 42.759700775146484 ], [ 79.1947021484375, 42.795799255371094 ], [ 79.209701538085938, 42.779701232910156 ], [ 79.1968994140625, 42.726699829101562 ], [ 79.215301513671875, 42.67919921875 ], [ 79.269996643066406, 42.629199981689453 ], [ 79.356697082519531, 42.607799530029297 ], [ 79.443901062011719, 42.472198486328125 ], [ 79.5718994140625, 42.453098297119141 ], [ 79.716903686523438, 42.474201202392578 ], [ 79.815597534179688, 42.446098327636719 ], [ 79.952796936035156, 42.434200286865234 ], [ 80.05670166015625, 42.336898803710938 ], [ 80.113601684570312, 42.303600311279297 ], [ 80.17669677734375, 42.219699859619141 ], [ 80.285476684570312, 42.182357788085938 ], [ 80.2763671875, 42.059711456298828 ], [ 80.204696655273438, 42.029148101806641 ], [ 79.977188110351562, 42.034160614013672 ], [ 79.852188110351562, 41.999988555908203 ], [ 79.801361083984375, 41.902759552001953 ], [ 79.29608154296875, 41.785820007324219 ], [ 78.670806884765625, 41.531940460205078 ], [ 78.639968872070312, 41.483039855957031 ], [ 78.531082153320312, 41.463871002197266 ], [ 78.365516662597656, 41.366378784179688 ], [ 78.373580932617188, 41.275539398193359 ], [ 78.160247802734375, 41.085540771484375 ], [ 77.505813598632812, 40.986099243164062 ], [ 77.021636962890625, 41.049991607666016 ], [ 76.867462158203125, 41.011100769042969 ], [ 76.78192138671875, 40.940818786621094 ], [ 76.7935791015625, 40.862491607666016 ], [ 76.647476196289062, 40.740261077880859 ], [ 76.639419555664062, 40.608600616455078 ], [ 76.442176818847656, 40.399150848388672 ], [ 76.328033447265625, 40.354160308837891 ], [ 76.289962768554688, 40.451381683349609 ], [ 76.269699096679688, 40.45220947265625 ], [ 76.186630249023438, 40.375541687011719 ], [ 76.045242309570312, 40.388881683349609 ], [ 75.903846740722656, 40.301380157470703 ], [ 75.689682006835938, 40.309150695800781 ], [ 75.661361694335938, 40.398319244384766 ], [ 75.696617126464844, 40.444980621337891 ], [ 75.59442138671875, 40.639980316162109 ], [ 75.56329345703125, 40.643878936767578 ], [ 75.277473449707031, 40.482479095458984 ], [ 75.058853149414062, 40.447761535644531 ], [ 74.869132995605469, 40.521369934082031 ], [ 74.844703674316406, 40.50360107421875 ], [ 74.811080932617188, 40.417488098144531 ], [ 74.8721923828125, 40.368320465087891 ], [ 74.87774658203125, 40.324710845947266 ], [ 74.724136352539062, 40.336650848388672 ], [ 74.4830322265625, 40.168048858642578 ], [ 74.322196960449219, 40.092758178710938 ], [ 74.198013305664062, 40.113880157470703 ], [ 73.994422912597656, 40.046100616455078 ], [ 73.850250244140625, 39.825820922851562 ], [ 73.841636657714844, 39.762489318847656 ], [ 73.956092834472656, 39.597759246826172 ], [ 73.8480224609375, 39.474979400634766 ], [ 73.672439575195312, 39.458953857421875 ], [ 73.491401672363281, 39.470001220703125 ], [ 73.369697570800781, 39.441898345947266 ], [ 73.360298156738281, 39.401401519775391 ], [ 73.343902587890625, 39.394699096679688 ], [ 73.153900146484375, 39.353298187255859 ], [ 73.098602294921875, 39.382499694824219 ], [ 73.028297424316406, 39.351699829101562 ], [ 72.858299255371094, 39.362499237060547 ], [ 72.664199829101562, 39.401901245117188 ], [ 72.593101501464844, 39.363899230957031 ], [ 72.538597106933594, 39.381900787353516 ], [ 72.49749755859375, 39.351699829101562 ], [ 72.415802001953125, 39.358600616455078 ], [ 72.38580322265625, 39.335800170898438 ], [ 72.342201232910156, 39.336399078369141 ], [ 72.306396484375, 39.257198333740234 ], [ 72.24859619140625, 39.191898345947266 ], [ 72.229698181152344, 39.24530029296875 ], [ 72.109199523925781, 39.288101196289062 ], [ 72.101699829101562, 39.341400146484375 ], [ 72.076698303222656, 39.374698638916016 ], [ 71.979202270507812, 39.351898193359375 ], [ 71.857200622558594, 39.286701202392578 ], [ 71.773101806640625, 39.278099060058594 ], [ 71.731399536132812, 39.337501525878906 ], [ 71.774398803710938, 39.391101837158203 ], [ 71.756698608398438, 39.462200164794922 ], [ 71.605003356933594, 39.448600769042969 ], [ 71.542503356933594, 39.461101531982422 ], [ 71.514999389648438, 39.4989013671875 ], [ 71.5531005859375, 39.56719970703125 ], [ 71.479698181152344, 39.62030029296875 ], [ 71.44439697265625, 39.602500915527344 ], [ 71.406402587890625, 39.606399536132812 ], [ 71.31610107421875, 39.564701080322266 ], [ 71.275299072265625, 39.516899108886719 ], [ 71.2030029296875, 39.533599853515625 ], [ 71.097198486328125, 39.510601043701172 ], [ 71.032798767089844, 39.411899566650391 ], [ 70.997802734375, 39.401100158691406 ], [ 70.952499389648438, 39.410301208496094 ], [ 70.921897888183594, 39.435298919677734 ], [ 70.889701843261719, 39.401901245117188 ], [ 70.848602294921875, 39.411098480224609 ], [ 70.801101684570312, 39.388900756835938 ], [ 70.720596313476562, 39.419200897216797 ], [ 70.724403381347656, 39.476699829101562 ], [ 70.673896789550781, 39.507499694824219 ], [ 70.633903503417969, 39.580799102783203 ], [ 70.548896789550781, 39.582199096679688 ], [ 70.491897583007812, 39.608299255371094 ], [ 70.417198181152344, 39.591899871826172 ], [ 70.407203674316406, 39.577499389648438 ], [ 70.356101989746094, 39.582199096679688 ], [ 70.269203186035156, 39.529201507568359 ], [ 70.234703063964844, 39.526100158691406 ], [ 70.227500915527344, 39.624698638916016 ], [ 70.163101196289062, 39.553901672363281 ], [ 70.052497863769531, 39.580001831054688 ], [ 70.00250244140625, 39.533901214599609 ], [ 69.943099975585938, 39.558601379394531 ], [ 69.842796325683594, 39.537498474121094 ], [ 69.772796630859375, 39.576400756835938 ], [ 69.708099365234375, 39.587799072265625 ], [ 69.589698791503906, 39.578899383544922 ], [ 69.543601989746094, 39.546100616455078 ], [ 69.44580078125, 39.530799865722656 ], [ 69.3843994140625, 39.559200286865234 ], [ 69.340599060058594, 39.516899108886719 ], [ 69.306098937988281, 39.539398193359375 ], [ 69.3114013671875, 39.68170166015625 ], [ 69.249198913574219, 39.754398345947266 ], [ 69.264999389648438, 39.860298156738281 ], [ 69.338302612304688, 39.99639892578125 ], [ 69.398101806640625, 39.951900482177734 ], [ 69.425003051757812, 39.901901245117188 ], [ 69.526100158691406, 39.931900024414062 ], [ 69.500297546386719, 39.968601226806641 ], [ 69.483901977539062, 40.036098480224609 ], [ 69.540802001953125, 40.131401062011719 ], [ 69.572196960449219, 40.107200622558594 ], [ 69.605796813964844, 40.111900329589844 ], [ 70.024200439453125, 40.216400146484375 ], [ 70.172798156738281, 40.141899108886719 ], [ 70.286102294921875, 40.132801055908203 ], [ 70.348602294921875, 40.083099365234375 ], [ 70.542198181152344, 40.046100616455078 ], [ 70.560302734375, 40.026401519775391 ], [ 70.552200317382812, 40.0093994140625 ], [ 70.492500305175781, 39.973598480224609 ], [ 70.467201232910156, 39.9364013671875 ], [ 70.498100280761719, 39.906898498535156 ], [ 70.528297424316406, 39.950298309326172 ], [ 70.603103637695312, 39.958301544189453 ], [ 70.643600463867188, 39.989398956298828 ], [ 70.661697387695312, 40.036899566650391 ], [ 70.661102294921875, 40.103599548339844 ], [ 70.775596618652344, 40.134998321533203 ], [ 70.8197021484375, 40.171398162841797 ], [ 70.833602905273438, 40.159698486328125 ], [ 70.861396789550781, 40.179698944091797 ], [ 70.918098449707031, 40.168899536132812 ], [ 70.974403381347656, 40.181098937988281 ], [ 70.99639892578125, 40.215301513671875 ], [ 70.982162475585938, 40.244663238525391 ], [ 70.999198913574219, 40.270301818847656 ], [ 71.217201232910156, 40.269199371337891 ], [ 71.273597717285156, 40.331901550292969 ], [ 71.30889892578125, 40.303298950195312 ], [ 71.389999389648438, 40.301898956298828 ], [ 71.421096801757812, 40.272800445556641 ], [ 71.464401245117188, 40.275299072265625 ], [ 71.490303039550781, 40.232799530029297 ], [ 71.562797546386719, 40.206100463867188 ], [ 71.621696472167969, 40.206401824951172 ], [ 71.634696960449219, 40.255298614501953 ], [ 71.665603637695312, 40.261100769042969 ], [ 71.688102722167969, 40.220798492431641 ], [ 71.6875, 40.168899536132812 ], [ 71.710601806640625, 40.145801544189453 ], [ 71.797203063964844, 40.18389892578125 ], [ 71.863296508789062, 40.264198303222656 ], [ 71.957199096679688, 40.238899230957031 ], [ 71.983100891113281, 40.252799987792969 ], [ 72.041900634765625, 40.246898651123047 ], [ 72.049400329589844, 40.263301849365234 ], [ 71.980300903320312, 40.292499542236328 ], [ 71.974403381347656, 40.31829833984375 ], [ 72.098297119140625, 40.372501373291016 ], [ 72.110298156738281, 40.430801391601562 ], [ 72.173599243164062, 40.460300445556641 ], [ 72.282501220703125, 40.462501525878906 ], [ 72.276397705078125, 40.44580078125 ], [ 72.237503051757812, 40.439701080322266 ], [ 72.2406005859375, 40.426399230957031 ], [ 72.295600891113281, 40.431098937988281 ], [ 72.423599243164062, 40.388900756835938 ], [ 72.4530029296875, 40.464401245117188 ], [ 72.381103515625, 40.521099090576172 ], [ 72.395797729492188, 40.560001373291016 ], [ 72.369400024414062, 40.598598480224609 ], [ 72.3843994140625, 40.615001678466797 ], [ 72.473602294921875, 40.55780029296875 ], [ 72.522499084472656, 40.557201385498047 ], [ 72.597198486328125, 40.518600463867188 ], [ 72.648597717285156, 40.516899108886719 ], [ 72.672500610351562, 40.532798767089844 ], [ 72.69000244140625, 40.583301544189453 ], [ 72.768096923828125, 40.569999694824219 ], [ 72.804496765136719, 40.674701690673828 ], [ 72.916702270507812, 40.700000762939453 ], [ 73.096099853515625, 40.771400451660156 ], [ 73.170303344726562, 40.81719970703125 ], [ 73.145599365234375, 40.848598480224609 ], [ 73.054702758789062, 40.842800140380859 ], [ 73.046897888183594, 40.873100280761719 ], [ 73.027801513671875, 40.878898620605469 ], [ 72.895301818847656, 40.822799682617188 ], [ 72.899398803710938, 40.867801666259766 ], [ 72.88189697265625, 40.876701354980469 ], [ 72.725601196289062, 40.86920166015625 ], [ 72.631698608398438, 40.885299682617188 ], [ 72.566703796386719, 40.964698791503906 ], [ 72.507499694824219, 40.975601196289062 ], [ 72.506103515625, 41.015300750732422 ], [ 72.404998779296875, 41.033599853515625 ], [ 72.351402282714844, 41.082801818847656 ], [ 72.319198608398438, 41.032199859619141 ], [ 72.194503784179688, 41.004295349121094 ], [ 72.216697692871094, 41.060001373291016 ], [ 72.183601379394531, 41.192501068115234 ], [ 72.121902465820312, 41.201900482177734 ], [ 72.052803039550781, 41.158901214599609 ], [ 71.999397277832031, 41.201900482177734 ], [ 71.893302917480469, 41.194400787353516 ], [ 71.887199401855469, 41.333301544189453 ], [ 71.763900756835938, 41.461700439453125 ], [ 71.748298645019531, 41.431400299072266 ], [ 71.725303649902344, 41.455600738525391 ], [ 71.694999694824219, 41.431900024414062 ], [ 71.716400146484375, 41.522499084472656 ], [ 71.691398620605469, 41.556400299072266 ], [ 71.646102905273438, 41.556400299072266 ], [ 71.620597839355469, 41.507499694824219 ], [ 71.660003662109375, 41.428901672363281 ], [ 71.603599548339844, 41.319198608398438 ], [ 71.550300598144531, 41.300800323486328 ], [ 71.438102722167969, 41.348899841308594 ], [ 71.44000244140625, 41.137199401855469 ], [ 71.418098449707031, 41.118598937988281 ], [ 71.349998474121094, 41.165798187255859 ], [ 71.31109619140625, 41.122501373291016 ], [ 71.285301208496094, 41.11920166015625 ], [ 71.271400451660156, 41.17559814453125 ], [ 71.243301391601562, 41.196399688720703 ], [ 71.202499389648438, 41.182201385498047 ], [ 71.213302612304688, 41.13690185546875 ], [ 71.195602416992188, 41.11669921875 ], [ 71.151397705078125, 41.164199829101562 ], [ 71.107498168945312, 41.164398193359375 ], [ 71.054702758789062, 41.194698333740234 ], [ 70.933097839355469, 41.19940185546875 ], [ 70.847198486328125, 41.256401062011719 ], [ 70.784698486328125, 41.243301391601562 ], [ 70.792800903320312, 41.357498168945312 ], [ 70.711898803710938, 41.470798492431641 ], [ 70.669403076171875, 41.476398468017578 ], [ 70.540298461914062, 41.421901702880859 ], [ 70.474197387695312, 41.412200927734375 ], [ 70.421699523925781, 41.473098754882812 ], [ 70.376701354980469, 41.496898651123047 ], [ 70.191703796386719, 41.525001525878906 ], [ 70.181098937988281, 41.577499389648438 ], [ 70.470001220703125, 41.713100433349609 ], [ 70.526100158691406, 41.796699523925781 ], [ 70.685302734375, 41.904998779296875 ], [ 70.844200134277344, 41.925300598144531 ], [ 70.853302001953125, 42.016399383544922 ], [ 70.871101379394531, 42.040000915527344 ], [ 70.986900329589844, 42.044399261474609 ], [ 71.146697998046875, 42.131900787353516 ], [ 71.216903686523438, 42.139400482177734 ], [ 71.259696960449219, 42.170299530029297 ], [ 71.276100158691406, 42.204200744628906 ], [ 71.06719970703125, 42.302799224853516 ], [ 71.027801513671875, 42.296398162841797 ], [ 70.969398498535156, 42.252799987792969 ] ] ] } },
{ "type": "Feature", "properties": { }, "geometry": { "type": "Polygon", "coordinates": [ [ [ 70.982162475585938, 40.244663238525391 ], [ 70.99639892578125, 40.215301513671875 ], [ 70.974403381347656, 40.181098937988281 ], [ 70.918098449707031, 40.168899536132812 ], [ 70.861396789550781, 40.179698944091797 ], [ 70.833602905273438, 40.159698486328125 ], [ 70.8197021484375, 40.171398162841797 ], [ 70.775596618652344, 40.134998321533203 ], [ 70.661102294921875, 40.103599548339844 ], [ 70.661697387695312, 40.036899566650391 ], [ 70.643600463867188, 39.989398956298828 ], [ 70.603103637695312, 39.958301544189453 ], [ 70.528297424316406, 39.950298309326172 ], [ 70.498100280761719, 39.906898498535156 ], [ 70.467201232910156, 39.9364013671875 ], [ 70.492500305175781, 39.973598480224609 ], [ 70.552200317382812, 40.0093994140625 ], [ 70.560302734375, 40.026401519775391 ], [ 70.542198181152344, 40.046100616455078 ], [ 70.348602294921875, 40.083099365234375 ], [ 70.286102294921875, 40.132801055908203 ], [ 70.172798156738281, 40.141899108886719 ], [ 70.024200439453125, 40.216400146484375 ], [ 69.605796813964844, 40.111900329589844 ], [ 69.572196960449219, 40.107200622558594 ], [ 69.540802001953125, 40.131401062011719 ], [ 69.483901977539062, 40.036098480224609 ], [ 69.500297546386719, 39.968601226806641 ], [ 69.526100158691406, 39.931900024414062 ], [ 69.425003051757812, 39.901901245117188 ], [ 69.398101806640625, 39.951900482177734 ], [ 69.338302612304688, 39.99639892578125 ], [ 69.264999389648438, 39.860298156738281 ], [ 69.249198913574219, 39.754398345947266 ], [ 69.3114013671875, 39.68170166015625 ], [ 69.306098937988281, 39.539398193359375 ], [ 69.340599060058594, 39.516899108886719 ], [ 69.3843994140625, 39.559200286865234 ], [ 69.44580078125, 39.530799865722656 ], [ 69.543601989746094, 39.546100616455078 ], [ 69.589698791503906, 39.578899383544922 ], [ 69.708099365234375, 39.587799072265625 ], [ 69.772796630859375, 39.576400756835938 ], [ 69.842796325683594, 39.537498474121094 ], [ 69.943099975585938, 39.558601379394531 ], [ 70.00250244140625, 39.533901214599609 ], [ 70.052497863769531, 39.580001831054688 ], [ 70.163101196289062, 39.553901672363281 ], [ 70.227500915527344, 39.624698638916016 ], [ 70.234703063964844, 39.526100158691406 ], [ 70.269203186035156, 39.529201507568359 ], [ 70.356101989746094, 39.582199096679688 ], [ 70.407203674316406, 39.577499389648438 ], [ 70.417198181152344, 39.591899871826172 ], [ 70.491897583007812, 39.608299255371094 ], [ 70.548896789550781, 39.582199096679688 ], [ 70.633903503417969, 39.580799102783203 ], [ 70.673896789550781, 39.507499694824219 ], [ 70.724403381347656, 39.476699829101562 ], [ 70.720596313476562, 39.419200897216797 ], [ 70.801101684570312, 39.388900756835938 ], [ 70.848602294921875, 39.411098480224609 ], [ 70.889701843261719, 39.401901245117188 ], [ 70.921897888183594, 39.435298919677734 ], [ 70.952499389648438, 39.410301208496094 ], [ 70.997802734375, 39.401100158691406 ], [ 71.032798767089844, 39.411899566650391 ], [ 71.097198486328125, 39.510601043701172 ], [ 71.2030029296875, 39.533599853515625 ], [ 71.275299072265625, 39.516899108886719 ], [ 71.31610107421875, 39.564701080322266 ], [ 71.406402587890625, 39.606399536132812 ], [ 71.44439697265625, 39.602500915527344 ], [ 71.479698181152344, 39.62030029296875 ], [ 71.5531005859375, 39.56719970703125 ], [ 71.514999389648438, 39.4989013671875 ], [ 71.542503356933594, 39.461101531982422 ], [ 71.605003356933594, 39.448600769042969 ], [ 71.756698608398438, 39.462200164794922 ], [ 71.774398803710938, 39.391101837158203 ], [ 71.731399536132812, 39.337501525878906 ], [ 71.773101806640625, 39.278099060058594 ], [ 71.857200622558594, 39.286701202392578 ], [ 71.979202270507812, 39.351898193359375 ], [ 72.076698303222656, 39.374698638916016 ], [ 72.101699829101562, 39.341400146484375 ], [ 72.109199523925781, 39.288101196289062 ], [ 72.229698181152344, 39.24530029296875 ], [ 72.24859619140625, 39.191898345947266 ], [ 72.306396484375, 39.257198333740234 ], [ 72.342201232910156, 39.336399078369141 ], [ 72.38580322265625, 39.335800170898438 ], [ 72.415802001953125, 39.358600616455078 ], [ 72.49749755859375, 39.351699829101562 ], [ 72.538597106933594, 39.381900787353516 ], [ 72.593101501464844, 39.363899230957031 ], [ 72.664199829101562, 39.401901245117188 ], [ 72.858299255371094, 39.362499237060547 ], [ 73.028297424316406, 39.351699829101562 ], [ 73.098602294921875, 39.382499694824219 ], [ 73.153900146484375, 39.353298187255859 ], [ 73.343902587890625, 39.394699096679688 ], [ 73.360298156738281, 39.401401519775391 ], [ 73.369697570800781, 39.441898345947266 ], [ 73.491401672363281, 39.470001220703125 ], [ 73.672439575195312, 39.458953857421875 ], [ 73.654693603515625, 39.438030242919922 ], [ 73.623863220214844, 39.220539093017578 ], [ 73.851356506347656, 38.976089477539062 ], [ 73.844131469726562, 38.945259094238281 ], [ 73.723297119140625, 38.912479400634766 ], [ 73.705253601074219, 38.864151000976562 ], [ 73.795211791992188, 38.661220550537109 ], [ 73.847198486328125, 38.588039398193359 ], [ 73.974136352539062, 38.533599853515625 ], [ 74.083038330078125, 38.547489166259766 ], [ 74.074417114257812, 38.609989166259766 ], [ 74.354690551757812, 38.674430847167969 ], [ 74.85662841796875, 38.470539093017578 ], [ 74.862747192382812, 38.384159088134766 ], [ 74.794418334960938, 38.30609130859375 ], [ 74.820533752441406, 38.068599700927734 ], [ 74.913589477539062, 38.01776123046875 ], [ 74.920516967773438, 37.938869476318359 ], [ 74.902763366699219, 37.847209930419922 ], [ 74.990249633789062, 37.778591156005859 ], [ 74.902763366699219, 37.647209167480469 ], [ 74.94940185546875, 37.563041687011719 ], [ 75.187469482421875, 37.406650543212891 ], [ 75.111076354980469, 37.383598327636719 ], [ 75.096626281738281, 37.321929931640625 ], [ 74.898826599121094, 37.240299224853516 ], [ 74.699691772460938, 37.391929626464844 ], [ 74.400802612304688, 37.399429321289062 ], [ 74.363861083984375, 37.428600311279297 ], [ 73.792472839355469, 37.229419708251953 ], [ 73.634407043457031, 37.239978790283203 ], [ 73.619956970214844, 37.262760162353516 ], [ 73.649406433105469, 37.304428100585938 ], [ 73.752761840820312, 37.331378936767578 ], [ 73.776641845703125, 37.434429168701172 ], [ 73.314407348632812, 37.463321685791016 ], [ 73.150527954101562, 37.400821685791016 ], [ 73.08135986328125, 37.320541381835938 ], [ 72.798858642578125, 37.22998046875 ], [ 72.663589477539062, 37.026088714599609 ], [ 72.346626281738281, 36.989978790283203 ], [ 72.011367797851562, 36.812198638916016 ], [ 71.842742919921875, 36.692478179931641 ], [ 71.695236206054688, 36.672210693359375 ], [ 71.568313598632812, 36.741371154785156 ], [ 71.43218994140625, 37.058589935302734 ], [ 71.446907043457031, 37.207759857177734 ], [ 71.490249633789062, 37.284160614013672 ], [ 71.528846740722656, 37.764430999755859 ], [ 71.588577270507812, 37.816089630126953 ], [ 71.5919189453125, 37.903041839599609 ], [ 71.546356201171875, 37.942478179931641 ], [ 71.374679565429688, 37.905818939208984 ], [ 71.264137268066406, 37.918048858642578 ], [ 71.284698486328125, 38.019981384277344 ], [ 71.363861083984375, 38.188030242919922 ], [ 71.363021850585938, 38.248870849609375 ], [ 71.101913452148438, 38.406089782714844 ], [ 70.880523681640625, 38.453041076660156 ], [ 70.672203063964844, 38.4144287109375 ], [ 70.685516357421875, 38.375259399414062 ], [ 70.596359252929688, 38.334148406982422 ], [ 70.58441162109375, 38.278591156005859 ], [ 70.378303527832031, 38.057758331298828 ], [ 70.203857421875, 37.920539855957031 ], [ 70.170242309570312, 37.941650390625 ], [ 70.16552734375, 37.872211456298828 ], [ 70.27691650390625, 37.741371154785156 ], [ 70.255538940429688, 37.621089935302734 ], [ 70.134979248046875, 37.529148101806641 ], [ 69.958587646484375, 37.564990997314453 ], [ 69.91802978515625, 37.611930847167969 ], [ 69.51580810546875, 37.580818176269531 ], [ 69.382736206054688, 37.455818176269531 ], [ 69.38134765625, 37.344150543212891 ], [ 69.451370239257812, 37.22998046875 ], [ 69.333038330078125, 37.124980926513672 ], [ 69.246627807617188, 37.094150543212891 ], [ 68.999687194824219, 37.307758331298828 ], [ 68.891647338867188, 37.317489624023438 ], [ 68.924407958984375, 37.284709930419922 ], [ 68.90496826171875, 37.272209167480469 ], [ 68.850250244140625, 37.324710845947266 ], [ 68.809402465820312, 37.322490692138672 ], [ 68.825813293457031, 37.247760772705078 ], [ 68.654693603515625, 37.246929168701172 ], [ 68.524978637695312, 37.161930084228516 ], [ 68.412193298339844, 37.148040771484375 ], [ 68.413017272949219, 37.10443115234375 ], [ 68.301643371582031, 37.111099243164062 ], [ 68.278312683105469, 37.086929321289062 ], [ 68.283309936523438, 37.019981384277344 ], [ 68.0355224609375, 36.924709320068359 ], [ 67.9105224609375, 37.014430999755859 ], [ 67.885528564453125, 37.061370849609375 ], [ 67.791641235351562, 37.088321685791016 ], [ 67.777153015136719, 37.185798645019531 ], [ 67.838096618652344, 37.26190185546875 ], [ 67.843902587890625, 37.330600738525391 ], [ 67.817497253417969, 37.446098327636719 ], [ 67.856399536132812, 37.535301208496094 ], [ 67.917198181152344, 37.617198944091797 ], [ 68.073097229003906, 37.765300750732422 ], [ 68.150596618652344, 37.9281005859375 ], [ 68.273902893066406, 37.954399108886719 ], [ 68.296401977539062, 38.018100738525391 ], [ 68.368598937988281, 38.112201690673828 ], [ 68.384201049804688, 38.195598602294922 ], [ 68.331398010253906, 38.273300170898438 ], [ 68.215599060058594, 38.332199096679688 ], [ 68.169403076171875, 38.395000457763672 ], [ 68.127197265625, 38.424400329589844 ], [ 68.111099243164062, 38.498298645019531 ], [ 68.0718994140625, 38.541400909423828 ], [ 68.080596923828125, 38.609199523925781 ], [ 68.05780029296875, 38.6968994140625 ], [ 68.100799560546875, 38.739200592041016 ], [ 68.083099365234375, 38.794399261474609 ], [ 68.154998779296875, 38.808601379394531 ], [ 68.196403503417969, 38.854400634765625 ], [ 68.18389892578125, 38.900798797607422 ], [ 68.113296508789062, 38.997501373291016 ], [ 68.036903381347656, 38.984199523925781 ], [ 67.968902587890625, 39.008899688720703 ], [ 67.863296508789062, 38.976699829101562 ], [ 67.709396362304688, 38.996700286865234 ], [ 67.687202453613281, 39.049400329589844 ], [ 67.6947021484375, 39.134700775146484 ], [ 67.653900146484375, 39.139999389648438 ], [ 67.617500305175781, 39.171901702880859 ], [ 67.517799377441406, 39.167800903320312 ], [ 67.367500305175781, 39.225299835205078 ], [ 67.36669921875, 39.294200897216797 ], [ 67.410598754882812, 39.299198150634766 ], [ 67.442497253417969, 39.485599517822266 ], [ 67.513603210449219, 39.495601654052734 ], [ 67.509696960449219, 39.554698944091797 ], [ 67.604698181152344, 39.566398620605469 ], [ 67.709701538085938, 39.625801086425781 ], [ 67.827499389648438, 39.62139892578125 ], [ 68.082496643066406, 39.56719970703125 ], [ 68.353302001953125, 39.536701202392578 ], [ 68.473297119140625, 39.537498474121094 ], [ 68.540298461914062, 39.554698944091797 ], [ 68.536697387695312, 39.587200164794922 ], [ 68.592498779296875, 39.613601684570312 ], [ 68.629997253417969, 39.656101226806641 ], [ 68.639701843261719, 39.855800628662109 ], [ 68.673896789550781, 39.849998474121094 ], [ 68.722198486328125, 39.87139892578125 ], [ 68.76080322265625, 39.827499389648438 ], [ 68.779403686523438, 39.838901519775391 ], [ 68.774398803710938, 39.861900329589844 ], [ 68.8125, 39.878299713134766 ], [ 68.815597534179688, 39.900299072265625 ], [ 68.775299072265625, 39.986900329589844 ], [ 68.805801391601562, 39.971698760986328 ], [ 68.853302001953125, 39.874198913574219 ], [ 68.909202575683594, 39.891399383544922 ], [ 68.815299987792969, 39.993900299072266 ], [ 68.808296203613281, 40.043300628662109 ], [ 68.785301208496094, 40.070598602294922 ], [ 68.808601379394531, 40.083099365234375 ], [ 68.838600158691406, 40.040798187255859 ], [ 68.900596618652344, 40.077499389648438 ], [ 68.99749755859375, 40.069999694824219 ], [ 69.0093994140625, 40.101100921630859 ], [ 68.987197875976562, 40.149200439453125 ], [ 68.705802917480469, 40.116901397705078 ], [ 68.601402282714844, 40.162799835205078 ], [ 68.600799560546875, 40.178298950195312 ], [ 68.768302917480469, 40.208099365234375 ], [ 68.835800170898438, 40.194698333740234 ], [ 68.8760986328125, 40.218601226806641 ], [ 69.032203674316406, 40.238601684570312 ], [ 69.235298156738281, 40.189701080322266 ], [ 69.321403503417969, 40.211898803710938 ], [ 69.231697082519531, 40.281700134277344 ], [ 69.239997863769531, 40.311698913574219 ], [ 69.307502746582031, 40.286399841308594 ], [ 69.339202880859375, 40.327800750732422 ], [ 69.259696960449219, 40.502799987792969 ], [ 69.210601806640625, 40.55889892578125 ], [ 69.25140380859375, 40.589698791503906 ], [ 69.332199096679688, 40.602199554443359 ], [ 69.334999084472656, 40.73809814453125 ], [ 69.351699829101562, 40.768901824951172 ], [ 69.400299072265625, 40.800300598144531 ], [ 69.459197998046875, 40.811100006103516 ], [ 69.48919677734375, 40.785598754882812 ], [ 69.534400939941406, 40.782199859619141 ], [ 69.6802978515625, 40.646701812744141 ], [ 69.732498168945312, 40.638599395751953 ], [ 69.823097229003906, 40.715599060058594 ], [ 70.050300598144531, 40.770000457763672 ], [ 70.122200012207031, 40.826698303222656 ], [ 70.248100280761719, 40.855800628662109 ], [ 70.316703796386719, 40.894199371337891 ], [ 70.374702453613281, 40.958301544189453 ], [ 70.381698608398438, 41.027801513671875 ], [ 70.430496215820312, 41.050300598144531 ], [ 70.471900939941406, 41.037200927734375 ], [ 70.544197082519531, 40.981098175048828 ], [ 70.728103637695312, 40.813899993896484 ], [ 70.728897094726562, 40.80059814453125 ], [ 70.701103210449219, 40.798099517822266 ], [ 70.667198181152344, 40.827499389648438 ], [ 70.645797729492188, 40.822498321533203 ], [ 70.649398803710938, 40.786098480224609 ], [ 70.776702880859375, 40.755599975585938 ], [ 70.795455932617188, 40.725509643554688 ], [ 70.579696655273438, 40.574699401855469 ], [ 70.514999389648438, 40.549701690673828 ], [ 70.485000610351562, 40.506698608398438 ], [ 70.350799560546875, 40.461700439453125 ], [ 70.346397399902344, 40.429698944091797 ], [ 70.378303527832031, 40.402198791503906 ], [ 70.375, 40.376701354980469 ], [ 70.456703186035156, 40.351100921630859 ], [ 70.515800476074219, 40.360298156738281 ], [ 70.558097839355469, 40.342498779296875 ], [ 70.589401245117188, 40.255298614501953 ], [ 70.625801086425781, 40.210300445556641 ], [ 70.716102600097656, 40.203899383544922 ], [ 70.870597839355469, 40.242801666259766 ], [ 70.982162475585938, 40.244663238525391 ] ] ] } },
{ "type": "Feature", "properties": { }, "geometry": { "type": "Polygon", "coordinates": [ [ [ 52.443321228027344, 41.744499206542969 ], [ 52.9281005859375, 42.096698760986328 ], [ 53.014999389648438, 42.138900756835938 ], [ 53.462799072265625, 42.271400451660156 ], [ 53.663101196289062, 42.289199829101562 ], [ 53.995601654052734, 42.348598480224609 ], [ 54.198600769042969, 42.332500457763672 ], [ 54.365299224853516, 42.235298156738281 ], [ 54.761100769042969, 42.05889892578125 ], [ 54.956699371337891, 41.912498474121094 ], [ 54.956699371337891, 41.829200744628906 ], [ 54.971698760986328, 41.802200317382812 ], [ 55.120800018310547, 41.658100128173828 ], [ 55.243301391601562, 41.484699249267578 ], [ 55.289199829101562, 41.439701080322266 ], [ 55.394699096679688, 41.387199401855469 ], [ 55.456901550292969, 41.286701202392578 ], [ 55.537498474121094, 41.262199401855469 ], [ 55.652500152587891, 41.267200469970703 ], [ 55.728900909423828, 41.292198181152344 ], [ 55.812198638916016, 41.290000915527344 ], [ 55.903900146484375, 41.333599090576172 ], [ 56.666900634765625, 41.288101196289062 ], [ 56.827499389648438, 41.299400329589844 ], [ 57.049999237060547, 41.262798309326172 ], [ 57.092201232910156, 41.3218994140625 ], [ 57.188301086425781, 41.371101379394531 ], [ 57.095798492431641, 41.401401519775391 ], [ 57.042800903320312, 41.466899871826172 ], [ 57.035800933837891, 41.575000762939453 ], [ 56.976100921630859, 41.664699554443359 ], [ 56.994701385498047, 41.749698638916016 ], [ 56.969398498535156, 41.843299865722656 ], [ 56.978298187255859, 41.884998321533203 ], [ 57.119701385498047, 41.941699981689453 ], [ 57.245800018310547, 42.095298767089844 ], [ 57.38690185546875, 42.162498474121094 ], [ 57.473899841308594, 42.175300598144531 ], [ 57.664398193359375, 42.153598785400391 ], [ 57.752201080322266, 42.184200286865234 ], [ 57.86920166015625, 42.190601348876953 ], [ 57.875, 42.206401824951172 ], [ 57.847801208496094, 42.237800598144531 ], [ 57.904701232910156, 42.260601043701172 ], [ 57.963600158691406, 42.367198944091797 ], [ 57.923900604248047, 42.441898345947266 ], [ 57.970001220703125, 42.450000762939453 ], [ 58.033599853515625, 42.505298614501953 ], [ 58.101699829101562, 42.503898620605469 ], [ 58.146701812744141, 42.462200164794922 ], [ 58.225601196289062, 42.476100921630859 ], [ 58.338100433349609, 42.441398620605469 ], [ 58.411399841308594, 42.389400482177734 ], [ 58.411899566650391, 42.296699523925781 ], [ 58.510601043701172, 42.301101684570312 ], [ 58.514198303222656, 42.318099975585938 ], [ 58.4468994140625, 42.377799987792969 ], [ 58.314998626708984, 42.548301696777344 ], [ 58.164199829101562, 42.601100921630859 ], [ 58.143100738525391, 42.63079833984375 ], [ 58.164398193359375, 42.651901245117188 ], [ 58.293899536132812, 42.697498321533203 ], [ 58.422500610351562, 42.660800933837891 ], [ 58.562801361083984, 42.662498474121094 ], [ 58.597801208496094, 42.784198760986328 ], [ 58.617500305175781, 42.797500610351562 ], [ 58.801898956298828, 42.639400482177734 ], [ 58.951698303222656, 42.540798187255859 ], [ 59.047199249267578, 42.523899078369141 ], [ 59.155799865722656, 42.541099548339844 ], [ 59.258598327636719, 42.451698303222656 ], [ 59.263900756835938, 42.372200012207031 ], [ 59.284698486328125, 42.347801208496094 ], [ 59.37139892578125, 42.338100433349609 ], [ 59.457199096679688, 42.292800903320312 ], [ 59.735801696777344, 42.322498321533203 ], [ 59.843898773193359, 42.314998626708984 ], [ 59.916099548339844, 42.297798156738281 ], [ 59.956699371337891, 42.243301391601562 ], [ 60.064399719238281, 42.188301086425781 ], [ 59.992198944091797, 42.131900787353516 ], [ 60.024700164794922, 42.014999389648438 ], [ 59.937198638916016, 41.994701385498047 ], [ 59.92559814453125, 41.980300903320312 ], [ 59.934200286865234, 41.962200164794922 ], [ 60.122798919677734, 41.921699523925781 ], [ 60.177799224853516, 41.862201690673828 ], [ 60.256099700927734, 41.822799682617188 ], [ 60.275001525878906, 41.797798156738281 ], [ 60.256900787353516, 41.772499084472656 ], [ 60.122501373291016, 41.805000305175781 ], [ 60.069698333740234, 41.757801055908203 ], [ 60.080299377441406, 41.724201202392578 ], [ 60.1864013671875, 41.594398498535156 ], [ 60.099399566650391, 41.537498474121094 ], [ 60.076900482177734, 41.442501068115234 ], [ 60.091098785400391, 41.410301208496094 ], [ 60.338600158691406, 41.308601379394531 ], [ 60.488300323486328, 41.219398498535156 ], [ 60.705001831054688, 41.258098602294922 ], [ 60.811901092529297, 41.257801055908203 ], [ 60.955799102783203, 41.248600006103516 ], [ 61.001701354980469, 41.208301544189453 ], [ 61.033100128173828, 41.245800018310547 ], [ 61.046901702880859, 41.221401214599609 ], [ 61.085800170898438, 41.237201690673828 ], [ 61.141899108886719, 41.231899261474609 ], [ 61.167198181152344, 41.198898315429688 ], [ 61.273300170898438, 41.161399841308594 ], [ 61.355300903320312, 41.187198638916016 ], [ 61.403301239013672, 41.292198181152344 ], [ 61.424701690673828, 41.302501678466797 ], [ 61.611400604248047, 41.267501831054688 ], [ 61.893299102783203, 41.111698150634766 ], [ 61.974998474121094, 40.999698638916016 ], [ 61.995800018310547, 40.849201202392578 ], [ 62.042499542236328, 40.723598480224609 ], [ 62.097198486328125, 40.653900146484375 ], [ 62.123100280761719, 40.584201812744141 ], [ 62.201400756835938, 40.486099243164062 ], [ 62.275001525878906, 40.469200134277344 ], [ 62.355300903320312, 40.420299530029297 ], [ 62.353298187255859, 40.372501373291016 ], [ 62.393901824951172, 40.324199676513672 ], [ 62.406700134277344, 40.229198455810547 ], [ 62.440799713134766, 40.18389892578125 ], [ 62.418098449707031, 40.104698181152344 ], [ 62.44110107421875, 40.031101226806641 ], [ 62.584400177001953, 39.909698486328125 ], [ 62.819400787353516, 39.784400939941406 ], [ 63.038600921630859, 39.644401550292969 ], [ 63.526401519775391, 39.393600463867188 ], [ 63.712799072265625, 39.206100463867188 ], [ 64.173896789550781, 38.955001831054688 ], [ 64.214698791503906, 38.953601837158203 ], [ 64.340301513671875, 38.991100311279297 ], [ 64.497200012207031, 38.854198455810547 ], [ 64.665298461914062, 38.741901397705078 ], [ 64.987197875976562, 38.626701354980469 ], [ 65.292198181152344, 38.410800933837891 ], [ 65.597198486328125, 38.253898620605469 ], [ 65.74859619140625, 38.226398468017578 ], [ 65.840301513671875, 38.273601531982422 ], [ 65.895301818847656, 38.280799865722656 ], [ 65.989997863769531, 38.242801666259766 ], [ 66.071701049804688, 38.236099243164062 ], [ 66.162803649902344, 38.173900604248047 ], [ 66.25360107421875, 38.154998779296875 ], [ 66.31939697265625, 38.084701538085938 ], [ 66.423896789550781, 38.043598175048828 ], [ 66.55560302734375, 38.038299560546875 ], [ 66.643898010253906, 38.003101348876953 ], [ 66.670303344726562, 37.973300933837891 ], [ 66.666397094726562, 37.936698913574219 ], [ 66.55780029296875, 37.823898315429688 ], [ 66.538299560546875, 37.772800445556641 ], [ 66.547798156738281, 37.663898468017578 ], [ 66.516899108886719, 37.521701812744141 ], [ 66.571701049804688, 37.468601226806641 ], [ 66.516700744628906, 37.404701232910156 ], [ 66.538764953613281, 37.360511779785156 ], [ 66.302749633789062, 37.323600769042969 ], [ 65.7855224609375, 37.568878173828125 ], [ 65.766082763671875, 37.534160614013672 ], [ 65.701370239257812, 37.536930084228516 ], [ 65.646926879882812, 37.458881378173828 ], [ 65.627296447753906, 37.333198547363281 ], [ 65.530807495117188, 37.248600006103516 ], [ 65.072746276855469, 37.244430541992188 ], [ 64.798019409179688, 37.124980926513672 ], [ 64.779136657714844, 37.095821380615234 ], [ 64.795242309570312, 36.923038482666016 ], [ 64.615249633789062, 36.629428863525391 ], [ 64.62774658203125, 36.459980010986328 ], [ 64.570533752441406, 36.356380462646484 ], [ 64.4588623046875, 36.247211456298828 ], [ 64.321640014648438, 36.216381072998047 ], [ 64.282470703125, 36.151920318603516 ], [ 64.169418334960938, 36.167488098144531 ], [ 64.0596923828125, 36.088039398193359 ], [ 64.063858032226562, 36.000270843505859 ], [ 63.933868408203125, 36.039150238037109 ], [ 63.595539093017578, 35.962200164794922 ], [ 63.53887939453125, 35.909709930419922 ], [ 63.317211151123047, 35.852210998535156 ], [ 63.119430541992188, 35.861930847167969 ], [ 63.104160308837891, 35.825820922851562 ], [ 63.238880157470703, 35.695529937744141 ], [ 63.095260620117188, 35.626091003417969 ], [ 63.110538482666016, 35.481369018554688 ], [ 62.623310089111328, 35.224979400634766 ], [ 62.459430694580078, 35.286380767822266 ], [ 62.305538177490234, 35.145538330078125 ], [ 62.259159088134766, 35.297771453857422 ], [ 61.972209930419922, 35.459980010986328 ], [ 61.802478790283203, 35.411090850830078 ], [ 61.576648712158203, 35.450820922851562 ], [ 61.464988708496094, 35.527210235595703 ], [ 61.365821838378906, 35.63970947265625 ], [ 61.278720855712891, 35.60675048828125 ], [ 61.231090545654297, 35.667488098144531 ], [ 61.244991302490234, 35.897209167480469 ], [ 61.125259399414062, 35.970821380615234 ], [ 61.226089477539062, 36.115261077880859 ], [ 61.142490386962891, 36.39276123046875 ], [ 61.189701080322266, 36.561370849609375 ], [ 61.157199859619141, 36.649990081787109 ], [ 60.364711761474609, 36.645538330078125 ], [ 60.029430389404297, 37.036930084228516 ], [ 59.774429321289062, 37.131649017333984 ], [ 59.620258331298828, 37.131931304931641 ], [ 59.566928863525391, 37.208881378173828 ], [ 59.519710540771484, 37.196090698242188 ], [ 59.38970947265625, 37.333049774169922 ], [ 59.371089935302734, 37.503879547119141 ], [ 59.322761535644531, 37.541370391845703 ], [ 59.249988555908203, 37.513320922851562 ], [ 59.171649932861328, 37.563041687011719 ], [ 58.926090240478516, 37.669979095458984 ], [ 58.778591156005859, 37.661930084228516 ], [ 58.544429779052734, 37.703601837158203 ], [ 58.498039245605469, 37.647769927978516 ], [ 58.451648712158203, 37.641368865966797 ], [ 58.223869323730469, 37.684711456298828 ], [ 58.198040008544922, 37.786380767822266 ], [ 57.7783203125, 37.907760620117188 ], [ 57.505260467529297, 37.929988861083984 ], [ 57.348320007324219, 37.998870849609375 ], [ 57.371089935302734, 38.093040466308594 ], [ 57.239151000976562, 38.273868560791016 ], [ 57.176090240478516, 38.280269622802734 ], [ 57.050819396972656, 38.193599700927734 ], [ 56.857208251953125, 38.231369018554688 ], [ 56.756378173828125, 38.284988403320312 ], [ 56.695259094238281, 38.266929626464844 ], [ 56.53887939453125, 38.266101837158203 ], [ 56.385540008544922, 38.231369018554688 ], [ 56.318878173828125, 38.173320770263672 ], [ 56.352771759033203, 38.132759094238281 ], [ 56.326648712158203, 38.084148406982422 ], [ 55.982761383056641, 38.072490692138672 ], [ 55.798599243164062, 38.122478485107422 ], [ 55.442760467529297, 38.086101531982422 ], [ 54.833049774169922, 37.746379852294922 ], [ 54.805820465087891, 37.561649322509766 ], [ 54.691650390625, 37.467479705810547 ], [ 54.551651000976562, 37.446090698242188 ], [ 54.231651306152344, 37.32720947265625 ], [ 53.909420013427734, 37.351520538330078 ], [ 53.805820465087891, 37.953880310058594 ], [ 53.839710235595703, 38.436939239501953 ], [ 53.824428558349609, 38.521381378173828 ], [ 53.85443115234375, 38.666370391845703 ], [ 53.97943115234375, 38.897769927978516 ], [ 53.965549468994141, 38.939159393310547 ], [ 53.852489471435547, 39.036380767822266 ], [ 53.76470947265625, 39.027210235595703 ], [ 53.731098175048828, 39.077770233154297 ], [ 53.717491149902344, 39.239990234375 ], [ 53.657211303710938, 39.200820922851562 ], [ 53.681930541992188, 39.079151153564453 ], [ 53.639991760253906, 39.124439239501953 ], [ 53.571929931640625, 39.325260162353516 ], [ 53.445541381835938, 39.314430236816406 ], [ 53.293319702148438, 39.346370697021484 ], [ 53.152210235595703, 39.340259552001953 ], [ 53.181098937988281, 39.209991455078125 ], [ 53.084430694580078, 39.401931762695312 ], [ 53.247211456298828, 39.631938934326172 ], [ 53.311939239501953, 39.657768249511719 ], [ 53.217491149902344, 39.549709320068359 ], [ 53.227771759033203, 39.515270233154297 ], [ 53.423599243164062, 39.535259246826172 ], [ 53.569988250732422, 39.463871002197266 ], [ 53.580539703369141, 39.525539398193359 ], [ 53.634159088134766, 39.488319396972656 ], [ 53.734439849853516, 39.523880004882812 ], [ 53.633041381835938, 39.564430236816406 ], [ 53.654708862304688, 39.594989776611328 ], [ 53.546379089355469, 39.672771453857422 ], [ 53.406940460205078, 39.670818328857422 ], [ 53.422210693359375, 39.723598480224609 ], [ 53.575820922851562, 39.966098785400391 ], [ 53.396930694580078, 40.001659393310547 ], [ 53.280540466308594, 39.9385986328125 ], [ 53.158599853515625, 39.996101379394531 ], [ 52.990550994873047, 39.972209930419922 ], [ 52.920551300048828, 40.011928558349609 ], [ 52.898319244384766, 39.994709014892578 ], [ 53.020820617675781, 39.772769927978516 ], [ 52.737491607666016, 40.056381225585938 ], [ 52.767208099365234, 40.160549163818359 ], [ 52.690269470214844, 40.271930694580078 ], [ 52.708599090576172, 40.341930389404297 ], [ 52.868320465087891, 40.686939239501953 ], [ 52.826099395751953, 40.716098785400391 ], [ 52.876930236816406, 40.826381683349609 ], [ 52.918598175048828, 41.081661224365234 ], [ 52.9658203125, 41.050270080566406 ], [ 52.958320617675781, 41.006099700927734 ], [ 53.062210083007812, 40.877769470214844 ], [ 53.061378479003906, 40.833881378173828 ], [ 53.111660003662109, 40.767768859863281 ], [ 53.188320159912109, 40.762760162353516 ], [ 53.256649017333984, 40.813880920410156 ], [ 53.248050689697266, 40.759708404541016 ], [ 53.334148406982422, 40.773040771484375 ], [ 53.351100921630859, 40.824710845947266 ], [ 53.384159088134766, 40.826381683349609 ], [ 53.379711151123047, 40.776100158691406 ], [ 53.473598480224609, 40.728870391845703 ], [ 53.557769775390625, 40.770549774169922 ], [ 53.556659698486328, 40.848320007324219 ], [ 53.596660614013672, 40.894428253173828 ], [ 53.657211303710938, 40.857208251953125 ], [ 53.708599090576172, 40.634990692138672 ], [ 53.753040313720703, 40.616100311279297 ], [ 53.936100006103516, 40.667488098144531 ], [ 54.031101226806641, 40.653881072998047 ], [ 54.095268249511719, 40.690818786621094 ], [ 54.059989929199219, 40.713039398193359 ], [ 54.236930847167969, 40.725818634033203 ], [ 54.223598480224609, 40.679710388183594 ], [ 54.397491455078125, 40.669158935546875 ], [ 54.426929473876953, 40.719150543212891 ], [ 54.311649322509766, 40.719989776611328 ], [ 54.268318176269531, 40.851940155029297 ], [ 54.317489624023438, 40.926658630371094 ], [ 54.474708557128906, 40.856658935546875 ], [ 54.440269470214844, 40.814159393310547 ], [ 54.486930847167969, 40.799430847167969 ], [ 54.711101531982422, 40.878318786621094 ], [ 54.759990692138672, 40.973320007324219 ], [ 54.675819396972656, 41.068050384521484 ], [ 54.766101837158203, 41.038600921630859 ], [ 54.594150543212891, 41.188880920410156 ], [ 54.064708709716797, 41.488601684570312 ], [ 53.988880157470703, 41.803321838378906 ], [ 53.896381378173828, 41.899711608886719 ], [ 53.916660308837891, 42.001659393310547 ], [ 53.892490386962891, 42.075260162353516 ], [ 53.803878784179688, 42.123878479003906 ], [ 53.630821228027344, 42.140819549560547 ], [ 53.278049468994141, 42.070541381835938 ], [ 53.150829315185547, 42.095539093017578 ], [ 53.078880310058594, 42.0635986328125 ], [ 52.776100158691406, 41.719711303710938 ], [ 52.772769927978516, 41.659709930419922 ], [ 52.879161834716797, 41.698879241943359 ], [ 52.915538787841797, 41.659709930419922 ], [ 52.823318481445312, 41.407211303710938 ], [ 52.821380615234375, 41.344440460205078 ], [ 52.911098480224609, 41.108879089355469 ], [ 52.883319854736328, 41.073040008544922 ], [ 52.847209930419922, 41.074428558349609 ], [ 52.786380767822266, 41.333599090576172 ], [ 52.556659698486328, 41.515541076660156 ], [ 52.588329315185547, 41.5877685546875 ], [ 52.583320617675781, 41.6533203125 ], [ 52.443321228027344, 41.744499206542969 ] ] ] } },
{ "type": "Feature", "properties": { }, "geometry": { "type": "Polygon", "coordinates": [ [ [ 58.560617680253863, 45.568286613215655 ], [ 60.973064796484323, 44.292584292199606 ], [ 60.951648712158203, 44.322208404541016 ], [ 60.979709625244141, 44.333599090576172 ], [ 61.008639714139235, 44.273674036967762 ], [ 61.063432176275278, 44.244548475699432 ], [ 61.027210235595703, 44.343318939208984 ], [ 61.049709320068359, 44.381649017333984 ], [ 61.114698209500467, 44.217297428137869 ], [ 61.134539363149855, 44.20675063550032 ], [ 61.136711120605469, 44.226280212402344 ], [ 62.023899078369141, 43.486099243164062 ], [ 63.211399078369141, 43.636398315429688 ], [ 63.997200012207031, 43.570598602294922 ], [ 64.458099365234375, 43.548099517822266 ], [ 64.931396484375, 43.737800598144531 ], [ 65.268302917480469, 43.432498931884766 ], [ 65.526901245117188, 43.31719970703125 ], [ 65.8218994140625, 42.877201080322266 ], [ 66.1239013671875, 42.996898651123047 ], [ 66.07080078125, 42.424198150634766 ], [ 66.036697387695312, 42.423301696777344 ], [ 66.029197692871094, 42.003101348876953 ], [ 66.526397705078125, 42.003101348876953 ], [ 66.558601379394531, 41.732799530029297 ], [ 66.720001220703125, 41.174999237060547 ], [ 66.875801086425781, 41.150001525878906 ], [ 67.071403503417969, 41.143600463867188 ], [ 67.455802917480469, 41.153301239013672 ], [ 67.754997253417969, 41.192501068115234 ], [ 67.861099243164062, 41.162799835205078 ], [ 67.934402465820312, 41.194400787353516 ], [ 67.996902465820312, 41.119998931884766 ], [ 68.028099060058594, 41.043598175048828 ], [ 68.059196472167969, 41.053600311279297 ], [ 68.082496643066406, 41.043598175048828 ], [ 68.105598449707031, 41.065601348876953 ], [ 68.143898010253906, 41.051399230957031 ], [ 68.151100158691406, 41.030799865722656 ], [ 68.12249755859375, 41.020000457763672 ], [ 68.144401550292969, 40.997798919677734 ], [ 68.135002136230469, 40.935600280761719 ], [ 68.087799072265625, 40.862499237060547 ], [ 68.015602111816406, 40.813899993896484 ], [ 68.074996948242188, 40.801101684570312 ], [ 68.233299255371094, 40.691398620605469 ], [ 68.455299377441406, 40.597801208496094 ], [ 68.484397888183594, 40.591098785400391 ], [ 68.537498474121094, 40.625598907470703 ], [ 68.608100891113281, 40.599700927734375 ], [ 68.648300170898438, 40.6260986328125 ], [ 68.6239013671875, 40.636398315429688 ], [ 68.651901245117188, 40.671699523925781 ], [ 68.6322021484375, 40.722198486328125 ], [ 68.589698791503906, 40.730300903320312 ], [ 68.568099975585938, 40.861400604248047 ], [ 68.593597412109375, 40.8739013671875 ], [ 68.593597412109375, 40.919998168945312 ], [ 68.611900329589844, 40.913101196289062 ], [ 68.61669921875, 40.936901092529297 ], [ 68.724403381347656, 40.978900909423828 ], [ 68.774398803710938, 41.077201843261719 ], [ 68.868301391601562, 41.109199523925781 ], [ 68.898300170898438, 41.161399841308594 ], [ 68.983901977539062, 41.175800323486328 ], [ 69.063102722167969, 41.216098785400391 ], [ 69.080596923828125, 41.350799560546875 ], [ 69.056396484375, 41.379398345947266 ], [ 69.123100280761719, 41.408298492431641 ], [ 69.150802612304688, 41.401699066162109 ], [ 69.156700134277344, 41.425800323486328 ], [ 69.247802734375, 41.470600128173828 ], [ 69.292503356933594, 41.458599090576172 ], [ 69.346397399902344, 41.484199523925781 ], [ 69.419403076171875, 41.474998474121094 ], [ 69.403602600097656, 41.525299072265625 ], [ 69.443099975585938, 41.567798614501953 ], [ 69.506698608398438, 41.582801818847656 ], [ 69.642196655273438, 41.673301696777344 ], [ 69.930801391601562, 41.711700439453125 ], [ 70.009201049804688, 41.780300140380859 ], [ 70.058097839355469, 41.780300140380859 ], [ 70.086898803710938, 41.80889892578125 ], [ 70.140296936035156, 41.828098297119141 ], [ 70.225601196289062, 41.941398620605469 ], [ 70.302200317382812, 41.977199554443359 ], [ 70.333099365234375, 42.039398193359375 ], [ 70.373298645019531, 42.064201354980469 ], [ 70.488296508789062, 42.099998474121094 ], [ 70.531097412109375, 42.068901062011719 ], [ 70.539199829101562, 42.038101196289062 ], [ 70.624397277832031, 42.019699096679688 ], [ 70.668899536132812, 42.101699829101562 ], [ 70.752799987792969, 42.201099395751953 ], [ 70.856903076171875, 42.196399688720703 ], [ 71.027801513671875, 42.296398162841797 ], [ 71.06719970703125, 42.302799224853516 ], [ 71.276100158691406, 42.204200744628906 ], [ 71.259696960449219, 42.170299530029297 ], [ 71.216903686523438, 42.139400482177734 ], [ 71.146697998046875, 42.131900787353516 ], [ 70.986900329589844, 42.044399261474609 ], [ 70.871101379394531, 42.040000915527344 ], [ 70.853302001953125, 42.016399383544922 ], [ 70.844200134277344, 41.925300598144531 ], [ 70.685302734375, 41.904998779296875 ], [ 70.526100158691406, 41.796699523925781 ], [ 70.470001220703125, 41.713100433349609 ], [ 70.181098937988281, 41.577499389648438 ], [ 70.191703796386719, 41.525001525878906 ], [ 70.376701354980469, 41.496898651123047 ], [ 70.421699523925781, 41.473098754882812 ], [ 70.474197387695312, 41.412200927734375 ], [ 70.540298461914062, 41.421901702880859 ], [ 70.669403076171875, 41.476398468017578 ], [ 70.711898803710938, 41.470798492431641 ], [ 70.792800903320312, 41.357498168945312 ], [ 70.784698486328125, 41.243301391601562 ], [ 70.847198486328125, 41.256401062011719 ], [ 70.933097839355469, 41.19940185546875 ], [ 71.054702758789062, 41.194698333740234 ], [ 71.107498168945312, 41.164398193359375 ], [ 71.151397705078125, 41.164199829101562 ], [ 71.195602416992188, 41.11669921875 ], [ 71.213302612304688, 41.13690185546875 ], [ 71.202499389648438, 41.182201385498047 ], [ 71.243301391601562, 41.196399688720703 ], [ 71.271400451660156, 41.17559814453125 ], [ 71.285301208496094, 41.11920166015625 ], [ 71.31109619140625, 41.122501373291016 ], [ 71.349998474121094, 41.165798187255859 ], [ 71.418098449707031, 41.118598937988281 ], [ 71.44000244140625, 41.137199401855469 ], [ 71.438102722167969, 41.348899841308594 ], [ 71.550300598144531, 41.300800323486328 ], [ 71.603599548339844, 41.319198608398438 ], [ 71.660003662109375, 41.428901672363281 ], [ 71.620597839355469, 41.507499694824219 ], [ 71.646102905273438, 41.556400299072266 ], [ 71.691398620605469, 41.556400299072266 ], [ 71.716400146484375, 41.522499084472656 ], [ 71.694999694824219, 41.431900024414062 ], [ 71.725303649902344, 41.455600738525391 ], [ 71.748298645019531, 41.431400299072266 ], [ 71.763900756835938, 41.461700439453125 ], [ 71.887199401855469, 41.333301544189453 ], [ 71.893302917480469, 41.194400787353516 ], [ 71.999397277832031, 41.201900482177734 ], [ 72.052803039550781, 41.158901214599609 ], [ 72.121902465820312, 41.201900482177734 ], [ 72.183601379394531, 41.192501068115234 ], [ 72.216697692871094, 41.060001373291016 ], [ 72.194503784179688, 41.004295349121094 ], [ 72.319198608398438, 41.032199859619141 ], [ 72.351402282714844, 41.082801818847656 ], [ 72.404998779296875, 41.033599853515625 ], [ 72.506103515625, 41.015300750732422 ], [ 72.507499694824219, 40.975601196289062 ], [ 72.566703796386719, 40.964698791503906 ], [ 72.631698608398438, 40.885299682617188 ], [ 72.725601196289062, 40.86920166015625 ], [ 72.88189697265625, 40.876701354980469 ], [ 72.899398803710938, 40.867801666259766 ], [ 72.895301818847656, 40.822799682617188 ], [ 73.027801513671875, 40.878898620605469 ], [ 73.046897888183594, 40.873100280761719 ], [ 73.054702758789062, 40.842800140380859 ], [ 73.145599365234375, 40.848598480224609 ], [ 73.170303344726562, 40.81719970703125 ], [ 73.096099853515625, 40.771400451660156 ], [ 72.916702270507812, 40.700000762939453 ], [ 72.804496765136719, 40.674701690673828 ], [ 72.768096923828125, 40.569999694824219 ], [ 72.69000244140625, 40.583301544189453 ], [ 72.672500610351562, 40.532798767089844 ], [ 72.648597717285156, 40.516899108886719 ], [ 72.597198486328125, 40.518600463867188 ], [ 72.522499084472656, 40.557201385498047 ], [ 72.473602294921875, 40.55780029296875 ], [ 72.3843994140625, 40.615001678466797 ], [ 72.369400024414062, 40.598598480224609 ], [ 72.395797729492188, 40.560001373291016 ], [ 72.381103515625, 40.521099090576172 ], [ 72.4530029296875, 40.464401245117188 ], [ 72.423599243164062, 40.388900756835938 ], [ 72.295600891113281, 40.431098937988281 ], [ 72.2406005859375, 40.426399230957031 ], [ 72.237503051757812, 40.439701080322266 ], [ 72.276397705078125, 40.44580078125 ], [ 72.282501220703125, 40.462501525878906 ], [ 72.173599243164062, 40.460300445556641 ], [ 72.110298156738281, 40.430801391601562 ], [ 72.098297119140625, 40.372501373291016 ], [ 71.974403381347656, 40.31829833984375 ], [ 71.980300903320312, 40.292499542236328 ], [ 72.049400329589844, 40.263301849365234 ], [ 72.041900634765625, 40.246898651123047 ], [ 71.983100891113281, 40.252799987792969 ], [ 71.957199096679688, 40.238899230957031 ], [ 71.863296508789062, 40.264198303222656 ], [ 71.797203063964844, 40.18389892578125 ], [ 71.710601806640625, 40.145801544189453 ], [ 71.6875, 40.168899536132812 ], [ 71.688102722167969, 40.220798492431641 ], [ 71.665603637695312, 40.261100769042969 ], [ 71.634696960449219, 40.255298614501953 ], [ 71.621696472167969, 40.206401824951172 ], [ 71.562797546386719, 40.206100463867188 ], [ 71.490303039550781, 40.232799530029297 ], [ 71.464401245117188, 40.275299072265625 ], [ 71.421096801757812, 40.272800445556641 ], [ 71.389999389648438, 40.301898956298828 ], [ 71.30889892578125, 40.303298950195312 ], [ 71.273597717285156, 40.331901550292969 ], [ 71.217201232910156, 40.269199371337891 ], [ 71.064201354980469, 40.277500152587891 ], [ 70.999198913574219, 40.270301818847656 ], [ 70.982162475585938, 40.244663238525391 ], [ 70.870597839355469, 40.242801666259766 ], [ 70.716102600097656, 40.203899383544922 ], [ 70.625801086425781, 40.210300445556641 ], [ 70.589401245117188, 40.255298614501953 ], [ 70.558097839355469, 40.342498779296875 ], [ 70.515800476074219, 40.360298156738281 ], [ 70.456703186035156, 40.351100921630859 ], [ 70.375, 40.376701354980469 ], [ 70.378303527832031, 40.402198791503906 ], [ 70.346397399902344, 40.429698944091797 ], [ 70.350799560546875, 40.461700439453125 ], [ 70.485000610351562, 40.506698608398438 ], [ 70.514999389648438, 40.549701690673828 ], [ 70.579696655273438, 40.574699401855469 ], [ 70.795455932617188, 40.725509643554688 ], [ 70.776702880859375, 40.755599975585938 ], [ 70.649398803710938, 40.786098480224609 ], [ 70.645797729492188, 40.822498321533203 ], [ 70.667198181152344, 40.827499389648438 ], [ 70.701103210449219, 40.798099517822266 ], [ 70.728897094726562, 40.80059814453125 ], [ 70.728103637695312, 40.813899993896484 ], [ 70.544197082519531, 40.981098175048828 ], [ 70.471900939941406, 41.037200927734375 ], [ 70.430496215820312, 41.050300598144531 ], [ 70.381698608398438, 41.027801513671875 ], [ 70.374702453613281, 40.958301544189453 ], [ 70.316703796386719, 40.894199371337891 ], [ 70.248100280761719, 40.855800628662109 ], [ 70.122200012207031, 40.826698303222656 ], [ 70.050300598144531, 40.770000457763672 ], [ 69.823097229003906, 40.715599060058594 ], [ 69.732498168945312, 40.638599395751953 ], [ 69.6802978515625, 40.646701812744141 ], [ 69.534400939941406, 40.782199859619141 ], [ 69.48919677734375, 40.785598754882812 ], [ 69.459197998046875, 40.811100006103516 ], [ 69.400299072265625, 40.800300598144531 ], [ 69.351699829101562, 40.768901824951172 ], [ 69.334999084472656, 40.73809814453125 ], [ 69.332199096679688, 40.602199554443359 ], [ 69.25140380859375, 40.589698791503906 ], [ 69.210601806640625, 40.55889892578125 ], [ 69.259696960449219, 40.502799987792969 ], [ 69.339202880859375, 40.327800750732422 ], [ 69.307502746582031, 40.286399841308594 ], [ 69.239997863769531, 40.311698913574219 ], [ 69.231697082519531, 40.281700134277344 ], [ 69.321403503417969, 40.211898803710938 ], [ 69.235298156738281, 40.189701080322266 ], [ 69.032203674316406, 40.238601684570312 ], [ 68.8760986328125, 40.218601226806641 ], [ 68.835800170898438, 40.194698333740234 ], [ 68.768302917480469, 40.208099365234375 ], [ 68.600799560546875, 40.178298950195312 ], [ 68.601402282714844, 40.162799835205078 ], [ 68.705802917480469, 40.116901397705078 ], [ 68.987197875976562, 40.149200439453125 ], [ 69.0093994140625, 40.101100921630859 ], [ 68.99749755859375, 40.069999694824219 ], [ 68.900596618652344, 40.077499389648438 ], [ 68.838600158691406, 40.040798187255859 ], [ 68.808601379394531, 40.083099365234375 ], [ 68.785301208496094, 40.070598602294922 ], [ 68.808296203613281, 40.043300628662109 ], [ 68.815299987792969, 39.993900299072266 ], [ 68.909202575683594, 39.891399383544922 ], [ 68.853302001953125, 39.874198913574219 ], [ 68.805801391601562, 39.971698760986328 ], [ 68.775299072265625, 39.986900329589844 ], [ 68.815597534179688, 39.900299072265625 ], [ 68.8125, 39.878299713134766 ], [ 68.774398803710938, 39.861900329589844 ], [ 68.779403686523438, 39.838901519775391 ], [ 68.76080322265625, 39.827499389648438 ], [ 68.722198486328125, 39.87139892578125 ], [ 68.673896789550781, 39.849998474121094 ], [ 68.639701843261719, 39.855800628662109 ], [ 68.629997253417969, 39.656101226806641 ], [ 68.592498779296875, 39.613601684570312 ], [ 68.536697387695312, 39.587200164794922 ], [ 68.540298461914062, 39.554698944091797 ], [ 68.473297119140625, 39.537498474121094 ], [ 68.353302001953125, 39.536701202392578 ], [ 68.082496643066406, 39.56719970703125 ], [ 67.827499389648438, 39.62139892578125 ], [ 67.709701538085938, 39.625801086425781 ], [ 67.604698181152344, 39.566398620605469 ], [ 67.509696960449219, 39.554698944091797 ], [ 67.513603210449219, 39.495601654052734 ], [ 67.442497253417969, 39.485599517822266 ], [ 67.410598754882812, 39.299198150634766 ], [ 67.36669921875, 39.294200897216797 ], [ 67.367500305175781, 39.225299835205078 ], [ 67.38189697265625, 39.209701538085938 ], [ 67.517799377441406, 39.167800903320312 ], [ 67.617500305175781, 39.171901702880859 ], [ 67.653900146484375, 39.139999389648438 ], [ 67.6947021484375, 39.134700775146484 ], [ 67.687202453613281, 39.049400329589844 ], [ 67.709396362304688, 38.996700286865234 ], [ 67.863296508789062, 38.976699829101562 ], [ 67.968902587890625, 39.008899688720703 ], [ 68.036903381347656, 38.984199523925781 ], [ 68.113296508789062, 38.997501373291016 ], [ 68.18389892578125, 38.900798797607422 ], [ 68.196403503417969, 38.854400634765625 ], [ 68.154998779296875, 38.808601379394531 ], [ 68.083099365234375, 38.794399261474609 ], [ 68.100799560546875, 38.739200592041016 ], [ 68.05780029296875, 38.6968994140625 ], [ 68.080596923828125, 38.609199523925781 ], [ 68.0718994140625, 38.541400909423828 ], [ 68.111099243164062, 38.498298645019531 ], [ 68.127197265625, 38.424400329589844 ], [ 68.169403076171875, 38.395000457763672 ], [ 68.215599060058594, 38.332199096679688 ], [ 68.331398010253906, 38.273300170898438 ], [ 68.384201049804688, 38.195598602294922 ], [ 68.368598937988281, 38.112201690673828 ], [ 68.296401977539062, 38.018100738525391 ], [ 68.273902893066406, 37.954399108886719 ], [ 68.150596618652344, 37.9281005859375 ], [ 68.073097229003906, 37.765300750732422 ], [ 67.917198181152344, 37.617198944091797 ], [ 67.856399536132812, 37.535301208496094 ], [ 67.817497253417969, 37.446098327636719 ], [ 67.843902587890625, 37.330600738525391 ], [ 67.838096618652344, 37.26190185546875 ], [ 67.777153015136719, 37.185798645019531 ], [ 67.774139404296875, 37.206089019775391 ], [ 67.649406433105469, 37.246089935302734 ], [ 67.557456970214844, 37.215541839599609 ], [ 67.521636962890625, 37.272480010986328 ], [ 67.266372680664062, 37.185260772705078 ], [ 67.229423522949219, 37.191928863525391 ], [ 67.20025634765625, 37.246650695800781 ], [ 67.021636962890625, 37.377201080322266 ], [ 66.744422912597656, 37.361370086669922 ], [ 66.665252685546875, 37.338321685791016 ], [ 66.586906433105469, 37.368038177490234 ], [ 66.538764953613281, 37.360511779785156 ], [ 66.516700744628906, 37.404701232910156 ], [ 66.571701049804688, 37.468601226806641 ], [ 66.516899108886719, 37.521701812744141 ], [ 66.547798156738281, 37.663898468017578 ], [ 66.538299560546875, 37.772800445556641 ], [ 66.55780029296875, 37.823898315429688 ], [ 66.666397094726562, 37.936698913574219 ], [ 66.670303344726562, 37.973300933837891 ], [ 66.643898010253906, 38.003101348876953 ], [ 66.55560302734375, 38.038299560546875 ], [ 66.423896789550781, 38.043598175048828 ], [ 66.31939697265625, 38.084701538085938 ], [ 66.25360107421875, 38.154998779296875 ], [ 66.162803649902344, 38.173900604248047 ], [ 66.071701049804688, 38.236099243164062 ], [ 65.989997863769531, 38.242801666259766 ], [ 65.895301818847656, 38.280799865722656 ], [ 65.840301513671875, 38.273601531982422 ], [ 65.74859619140625, 38.226398468017578 ], [ 65.597198486328125, 38.253898620605469 ], [ 65.292198181152344, 38.410800933837891 ], [ 64.987197875976562, 38.626701354980469 ], [ 64.665298461914062, 38.741901397705078 ], [ 64.497200012207031, 38.854198455810547 ], [ 64.340301513671875, 38.991100311279297 ], [ 64.214698791503906, 38.953601837158203 ], [ 64.173896789550781, 38.955001831054688 ], [ 63.712799072265625, 39.206100463867188 ], [ 63.526401519775391, 39.393600463867188 ], [ 63.038600921630859, 39.644401550292969 ], [ 62.819400787353516, 39.784400939941406 ], [ 62.584400177001953, 39.909698486328125 ], [ 62.44110107421875, 40.031101226806641 ], [ 62.418098449707031, 40.104698181152344 ], [ 62.440799713134766, 40.18389892578125 ], [ 62.406700134277344, 40.229198455810547 ], [ 62.393901824951172, 40.324199676513672 ], [ 62.353298187255859, 40.372501373291016 ], [ 62.355300903320312, 40.420299530029297 ], [ 62.275001525878906, 40.469200134277344 ], [ 62.201400756835938, 40.486099243164062 ], [ 62.123100280761719, 40.584201812744141 ], [ 62.097198486328125, 40.653900146484375 ], [ 62.042499542236328, 40.723598480224609 ], [ 61.995800018310547, 40.849201202392578 ], [ 61.974998474121094, 40.999698638916016 ], [ 61.893299102783203, 41.111698150634766 ], [ 61.611400604248047, 41.267501831054688 ], [ 61.424701690673828, 41.302501678466797 ], [ 61.403301239013672, 41.292198181152344 ], [ 61.355300903320312, 41.187198638916016 ], [ 61.273300170898438, 41.161399841308594 ], [ 61.167198181152344, 41.198898315429688 ], [ 61.141899108886719, 41.231899261474609 ], [ 61.085800170898438, 41.237201690673828 ], [ 61.046901702880859, 41.221401214599609 ], [ 61.033100128173828, 41.245800018310547 ], [ 61.001701354980469, 41.208301544189453 ], [ 60.955799102783203, 41.248600006103516 ], [ 60.811901092529297, 41.257801055908203 ], [ 60.705001831054688, 41.258098602294922 ], [ 60.488300323486328, 41.219398498535156 ], [ 60.338600158691406, 41.308601379394531 ], [ 60.091098785400391, 41.410301208496094 ], [ 60.076900482177734, 41.442501068115234 ], [ 60.099399566650391, 41.537498474121094 ], [ 60.1864013671875, 41.594398498535156 ], [ 60.080299377441406, 41.724201202392578 ], [ 60.069698333740234, 41.757801055908203 ], [ 60.122501373291016, 41.805000305175781 ], [ 60.256900787353516, 41.772499084472656 ], [ 60.275001525878906, 41.797798156738281 ], [ 60.256099700927734, 41.822799682617188 ], [ 60.177799224853516, 41.862201690673828 ], [ 60.122798919677734, 41.921699523925781 ], [ 59.934200286865234, 41.962200164794922 ], [ 59.92559814453125, 41.980300903320312 ], [ 59.937198638916016, 41.994701385498047 ], [ 60.024700164794922, 42.014999389648438 ], [ 59.992198944091797, 42.131900787353516 ], [ 60.064399719238281, 42.188301086425781 ], [ 59.956699371337891, 42.243301391601562 ], [ 59.916099548339844, 42.297798156738281 ], [ 59.843898773193359, 42.314998626708984 ], [ 59.735801696777344, 42.322498321533203 ], [ 59.457199096679688, 42.292800903320312 ], [ 59.37139892578125, 42.338100433349609 ], [ 59.284698486328125, 42.347801208496094 ], [ 59.263900756835938, 42.372200012207031 ], [ 59.258598327636719, 42.451698303222656 ], [ 59.155799865722656, 42.541099548339844 ], [ 59.047199249267578, 42.523899078369141 ], [ 58.951698303222656, 42.540798187255859 ], [ 58.801898956298828, 42.639400482177734 ], [ 58.617500305175781, 42.797500610351562 ], [ 58.597801208496094, 42.784198760986328 ], [ 58.562801361083984, 42.662498474121094 ], [ 58.422500610351562, 42.660800933837891 ], [ 58.293899536132812, 42.697498321533203 ], [ 58.164398193359375, 42.651901245117188 ], [ 58.143100738525391, 42.63079833984375 ], [ 58.164199829101562, 42.601100921630859 ], [ 58.314998626708984, 42.548301696777344 ], [ 58.4468994140625, 42.377799987792969 ], [ 58.514198303222656, 42.318099975585938 ], [ 58.510601043701172, 42.301101684570312 ], [ 58.411899566650391, 42.296699523925781 ], [ 58.411399841308594, 42.389400482177734 ], [ 58.338100433349609, 42.441398620605469 ], [ 58.225601196289062, 42.476100921630859 ], [ 58.146701812744141, 42.462200164794922 ], [ 58.101699829101562, 42.503898620605469 ], [ 58.033599853515625, 42.505298614501953 ], [ 57.970001220703125, 42.450000762939453 ], [ 57.923900604248047, 42.441898345947266 ], [ 57.963600158691406, 42.367198944091797 ], [ 57.904701232910156, 42.260601043701172 ], [ 57.847801208496094, 42.237800598144531 ], [ 57.875, 42.206401824951172 ], [ 57.86920166015625, 42.190601348876953 ], [ 57.752201080322266, 42.184200286865234 ], [ 57.664398193359375, 42.153598785400391 ], [ 57.473899841308594, 42.175300598144531 ], [ 57.38690185546875, 42.162498474121094 ], [ 57.245800018310547, 42.095298767089844 ], [ 57.119701385498047, 41.941699981689453 ], [ 56.978298187255859, 41.884998321533203 ], [ 56.969398498535156, 41.843299865722656 ], [ 56.994701385498047, 41.749698638916016 ], [ 56.976100921630859, 41.664699554443359 ], [ 57.035800933837891, 41.575000762939453 ], [ 57.042800903320312, 41.466899871826172 ], [ 57.095798492431641, 41.401401519775391 ], [ 57.188301086425781, 41.371101379394531 ], [ 57.092201232910156, 41.3218994140625 ], [ 57.049999237060547, 41.262798309326172 ], [ 56.827499389648438, 41.299400329589844 ], [ 56.666900634765625, 41.288101196289062 ], [ 55.998451232910156, 41.325473785400391 ], [ 55.997200012207031, 45.003101348876953 ], [ 58.560617680253863, 45.568286613215655 ] ] ] } }
]
}
