{
"type": "FeatureCollection",
"name": "eastasia_boundary",
"crs": { "type": "name", "properties": { "name": "urn:ogc:def:crs:OGC:1.3:CRS84" } },
"features": [
{ "type": "Feature", "properties": { }, "geometry": { "type": "MultiPolygon", "coordinates": [ [ [ [ 121.833900451660156, 31.453880310058594 ], [ 121.546401977539062, 31.531110763549805 ], [ 121.270797729492188, 31.712490081787109 ], [ 121.203598022460938, 31.800729751586914 ], [ 121.297996520996094, 31.819160461425781 ], [ 121.424697875976562, 31.776939392089844 ], [ 121.477996826171875, 31.736110687255859 ], [ 121.490196228027344, 31.679159164428711 ], [ 121.851600646972656, 31.546659469604492 ], [ 121.875, 31.518600463867188 ], [ 121.833900451660156, 31.453880310058594 ] ] ], [ [ [ 122.295799255371094, 29.934440612792969 ], [ 122.081596374511719, 30.01361083984375 ], [ 122.00830078125, 29.993610382080078 ], [ 121.969902038574219, 30.066539764404297 ], [ 121.961601257324219, 30.13916015625 ], [ 122.089103698730469, 30.151939392089844 ], [ 122.322700500488281, 30.023050308227539 ], [ 122.295799255371094, 29.934440612792969 ] ] ], [ [ [ 109.566703796386719, 18.168880462646484 ], [ 109.5635986328125, 18.251659393310547 ], [ 109.473899841308594, 18.208049774169922 ], [ 109.494102478027344, 18.24138069152832 ], [ 109.447196960449219, 18.282220840454102 ], [ 109.222702026367188, 18.303049087524414 ], [ 109.170303344726562, 18.280830383300781 ], [ 109.135002136230469, 18.354719161987305 ], [ 108.88189697265625, 18.42694091796875 ], [ 108.782997131347656, 18.486379623413086 ], [ 108.689399719238281, 18.500829696655273 ], [ 108.671096801757812, 18.563329696655273 ], [ 108.6947021484375, 18.694440841674805 ], [ 108.667800903320312, 18.791660308837891 ], [ 108.622200012207031, 18.833330154418945 ], [ 108.654098510742188, 18.929439544677734 ], [ 108.616897583007812, 19.096660614013672 ], [ 108.682998657226562, 19.149440765380859 ], [ 108.627998352050781, 19.264999389648438 ], [ 108.690299987792969, 19.381099700927734 ], [ 108.752998352050781, 19.383050918579102 ], [ 109.2041015625, 19.692770004272461 ], [ 109.230003356933594, 19.726940155029297 ], [ 109.305000305175781, 19.709720611572266 ], [ 109.303596496582031, 19.782770156860352 ], [ 109.166099548339844, 19.722770690917969 ], [ 109.162200927734375, 19.797489166259766 ], [ 109.286598205566406, 19.916940689086914 ], [ 109.514396667480469, 19.853330612182617 ], [ 109.553001403808594, 19.955270767211914 ], [ 109.580101013183594, 19.983070373535156 ], [ 109.706596374511719, 20.007219314575195 ], [ 109.800003051757812, 19.95026969909668 ], [ 109.817497253417969, 19.98805046081543 ], [ 109.838600158691406, 19.926380157470703 ], [ 109.93499755859375, 19.992219924926758 ], [ 109.978599548339844, 19.944719314575195 ], [ 109.989402770996094, 19.907770156860352 ], [ 110.041099548339844, 19.977489471435547 ], [ 110.1177978515625, 19.998880386352539 ], [ 110.152496337890625, 20.060550689697266 ], [ 110.341903686523438, 20.055269241333008 ], [ 110.381103515625, 20.034999847412109 ], [ 110.380500793457031, 20.074710845947266 ], [ 110.578598022460938, 19.971380233764648 ], [ 110.607200622558594, 19.920549392700195 ], [ 110.608001708984375, 19.98944091796875 ], [ 110.56829833984375, 20.035549163818359 ], [ 110.594703674316406, 20.106660842895508 ], [ 110.677696228027344, 20.157770156860352 ], [ 110.769096374511719, 20.016939163208008 ], [ 110.930801391601562, 20.001380920410156 ], [ 111.031097412109375, 19.639999389648438 ], [ 110.966598510742188, 19.633329391479492 ], [ 110.868301391601562, 19.536109924316406 ], [ 110.82659912109375, 19.549720764160156 ], [ 110.817703247070312, 19.596380233764648 ], [ 110.75830078125, 19.450830459594727 ], [ 110.625, 19.246110916137695 ], [ 110.583602905273438, 19.156379699707031 ], [ 110.480499267578125, 19.167770385742188 ], [ 110.510200500488281, 19.126110076904297 ], [ 110.547500610351562, 19.138330459594727 ], [ 110.565803527832031, 19.065549850463867 ], [ 110.5115966796875, 18.979999542236328 ], [ 110.460296630859375, 18.852209091186523 ], [ 110.431900024414062, 18.82666015625 ], [ 110.488899230957031, 18.792770385742188 ], [ 110.496902465820312, 18.87554931640625 ], [ 110.534103393554688, 18.784439086914062 ], [ 110.432502746582031, 18.729160308837891 ], [ 110.413902282714844, 18.66472053527832 ], [ 110.396400451660156, 18.703609466552734 ], [ 110.035202026367188, 18.506099700927734 ], [ 110.080497741699219, 18.488880157470703 ], [ 110.051101684570312, 18.385280609130859 ], [ 109.970001220703125, 18.381660461425781 ], [ 109.991401672363281, 18.430830001831055 ], [ 109.829399108886719, 18.381099700927734 ], [ 109.752799987792969, 18.402219772338867 ], [ 109.706596374511719, 18.198879241943359 ], [ 109.675796508789062, 18.238330841064453 ], [ 109.602798461914062, 18.207780838012695 ], [ 109.566703796386719, 18.168880462646484 ] ] ], [ [ [ 119.096900939941406, 49.988491058349609 ], [ 119.201896667480469, 50.009429931640625 ], [ 119.329399108886719, 50.106651306152344 ], [ 119.360496520996094, 50.336650848388672 ], [ 119.135200500488281, 50.372760772705078 ], [ 119.146598815917969, 50.403308868408203 ], [ 119.260498046875, 50.473869323730469 ], [ 119.286399841308594, 50.593601226806641 ], [ 119.501899719238281, 50.741928100585938 ], [ 119.57440185546875, 50.945529937744141 ], [ 119.776603698730469, 51.160259246826172 ], [ 119.75469970703125, 51.206928253173828 ], [ 119.812698364257812, 51.243038177490234 ], [ 119.985198974609375, 51.434429168701172 ], [ 119.974403381347656, 51.475261688232422 ], [ 120.096099853515625, 51.660808563232422 ], [ 120.566398620605469, 51.902481079101562 ], [ 120.652198791503906, 51.913600921630859 ], [ 120.712196350097656, 51.982479095458984 ], [ 120.691902160644531, 52.042758941650391 ], [ 120.779403686523438, 52.149150848388672 ], [ 120.706100463867188, 52.267490386962891 ], [ 120.629096984863281, 52.325820922851562 ], [ 120.719703674316406, 52.535549163818359 ], [ 120.439697265625, 52.636650085449219 ], [ 120.1802978515625, 52.578868865966797 ], [ 120.072502136230469, 52.589420318603516 ], [ 120.027801513671875, 52.627761840820312 ], [ 120.028297424316406, 52.76776123046875 ], [ 120.324699401855469, 52.893039703369141 ], [ 120.550498962402344, 53.070819854736328 ], [ 120.857498168945312, 53.276931762695312 ], [ 121.419097900390625, 53.315261840820312 ], [ 122.181098937988281, 53.456378936767578 ], [ 122.950302124023438, 53.487491607666016 ], [ 123.253303527832031, 53.553871154785156 ], [ 123.854698181152344, 53.481651306152344 ], [ 124.104400634765625, 53.340259552001953 ], [ 124.239997863769531, 53.361099243164062 ], [ 124.480499267578125, 53.191650390625 ], [ 124.676597595214844, 53.178600311279297 ], [ 124.711898803710938, 53.131099700927734 ], [ 124.877700805664062, 53.087760925292969 ], [ 124.881103515625, 53.154979705810547 ], [ 125.044700622558594, 53.193599700927734 ], [ 125.164703369140625, 53.193038940429688 ], [ 125.506103515625, 53.038040161132812 ], [ 125.606597900390625, 53.054698944091797 ], [ 125.724998474121094, 52.983318328857422 ], [ 125.722999572753906, 52.946369171142578 ], [ 125.652198791503906, 52.917758941650391 ], [ 125.642799377441406, 52.883319854736328 ], [ 125.844100952148438, 52.898868560791016 ], [ 125.954399108886719, 52.773868560791016 ], [ 126.060203552246094, 52.784160614013672 ], [ 126.080497741699219, 52.744430541992188 ], [ 126.036598205566406, 52.726089477539062 ], [ 126.06610107421875, 52.682209014892578 ], [ 125.976600646972656, 52.646381378173828 ], [ 125.987998962402344, 52.581928253173828 ], [ 126.021598815917969, 52.561931610107422 ], [ 126.074699401855469, 52.590259552001953 ], [ 126.195198059082031, 52.533039093017578 ], [ 126.1968994140625, 52.463871002197266 ], [ 126.266899108886719, 52.458599090576172 ], [ 126.344703674316406, 52.377479553222656 ], [ 126.316398620605469, 52.312198638916016 ], [ 126.431900024414062, 52.284431457519531 ], [ 126.309700012207031, 52.221088409423828 ], [ 126.341903686523438, 52.184711456298828 ], [ 126.544700622558594, 52.136100769042969 ], [ 126.536102294921875, 52.072208404541016 ], [ 126.446403503417969, 52.014430999755859 ], [ 126.468902587890625, 51.931659698486328 ], [ 126.726097106933594, 51.65386962890625 ], [ 126.669097900390625, 51.584430694580078 ], [ 126.718299865722656, 51.553600311279297 ], [ 126.802200317382812, 51.536930084228516 ], [ 126.82440185546875, 51.5010986328125 ], [ 126.783897399902344, 51.438591003417969 ], [ 126.911598205566406, 51.383041381835938 ], [ 126.915496826171875, 51.35137939453125 ], [ 126.820503234863281, 51.330268859863281 ], [ 126.807701110839844, 51.279708862304688 ], [ 126.842697143554688, 51.243598937988281 ], [ 126.893302917480469, 51.238590240478516 ], [ 126.899696350097656, 51.261379241943359 ], [ 126.856597900390625, 51.294708251953125 ], [ 126.907501220703125, 51.321098327636719 ], [ 126.966400146484375, 51.320819854736328 ], [ 126.976898193359375, 51.302761077880859 ], [ 126.901901245117188, 51.204990386962891 ], [ 126.9302978515625, 51.059429168701172 ], [ 127.287803649902344, 50.745258331298828 ], [ 127.277496337890625, 50.685539245605469 ], [ 127.365501403808594, 50.581378936767578 ], [ 127.288597106933594, 50.459980010986328 ], [ 127.351097106933594, 50.417488098144531 ], [ 127.330299377441406, 50.318878173828125 ], [ 127.5885009765625, 50.211208343505859 ], [ 127.578300476074219, 50.145538330078125 ], [ 127.490196228027344, 50.048599243164062 ], [ 127.485198974609375, 49.984989166259766 ], [ 127.530502319335938, 49.919151306152344 ], [ 127.503898620605469, 49.834980010986328 ], [ 127.528602600097656, 49.789150238037109 ], [ 127.665802001953125, 49.752208709716797 ], [ 127.686599731445312, 49.670818328857422 ], [ 127.820503234863281, 49.5908203125 ], [ 128.31829833984375, 49.537769317626953 ], [ 128.4971923828125, 49.585258483886719 ], [ 128.76300048828125, 49.576381683349609 ], [ 128.801895141601562, 49.558589935302734 ], [ 128.744094848632812, 49.487209320068359 ], [ 128.751602172851562, 49.467479705810547 ], [ 128.992202758789062, 49.441368103027344 ], [ 129.050003051757812, 49.364151000976562 ], [ 129.119903564453125, 49.346370697021484 ], [ 129.1907958984375, 49.389430999755859 ], [ 129.338302612304688, 49.339149475097656 ], [ 129.367401123046875, 49.353599548339844 ], [ 129.367996215820312, 49.413311004638672 ], [ 129.411605834960938, 49.431659698486328 ], [ 129.523605346679688, 49.389980316162109 ], [ 129.533004760742188, 49.304698944091797 ], [ 129.586898803710938, 49.270538330078125 ], [ 129.70379638671875, 49.275821685791016 ], [ 129.733795166015625, 49.243038177490234 ], [ 129.731903076171875, 49.192211151123047 ], [ 129.911895751953125, 49.081661224365234 ], [ 129.906097412109375, 49.036651611328125 ], [ 130.220504760742188, 48.864151000976562 ], [ 130.632705688476562, 48.876651763916016 ], [ 130.670501708984375, 48.864711761474609 ], [ 130.522705078125, 48.613601684570312 ], [ 130.626007080078125, 48.476650238037109 ], [ 130.744400024414062, 48.493869781494141 ], [ 130.763595581054688, 48.478870391845703 ], [ 130.736099243164062, 48.423038482666016 ], [ 130.82989501953125, 48.301929473876953 ], [ 130.662704467773438, 48.122211456298828 ], [ 130.677398681640625, 48.049430847167969 ], [ 130.88519287109375, 47.904430389404297 ], [ 130.94549560546875, 47.800540924072266 ], [ 130.935195922851562, 47.730258941650391 ], [ 130.987701416015625, 47.688320159912109 ], [ 131.102493286132812, 47.675830841064453 ], [ 131.393798828125, 47.736370086669922 ], [ 131.522705078125, 47.723869323730469 ], [ 131.5596923828125, 47.661369323730469 ], [ 132.268798828125, 47.731369018554688 ], [ 132.528793334960938, 47.711101531982422 ], [ 132.58270263671875, 47.76776123046875 ], [ 132.658798217773438, 47.935539245605469 ], [ 132.7073974609375, 47.955818176269531 ], [ 132.808807373046875, 47.941928863525391 ], [ 132.8843994140625, 48.008598327636719 ], [ 133.20770263671875, 48.113319396972656 ], [ 133.484603881835938, 48.068599700927734 ], [ 133.540802001953125, 48.098869323730469 ], [ 133.593505859375, 48.172489166259766 ], [ 134.229400634765625, 48.354988098144531 ], [ 134.4176025390625, 48.389408111572266 ], [ 134.491302490234375, 48.347480773925781 ], [ 134.571197509765625, 48.363819122314453 ], [ 134.600997924804688, 48.313869476318359 ], [ 134.740798950195312, 48.267810821533203 ], [ 134.683807373046875, 48.226650238037109 ], [ 134.664703369140625, 48.103870391845703 ], [ 134.58380126953125, 48.062480926513672 ], [ 134.557205200195312, 47.994430541992188 ], [ 134.772201538085938, 47.734710693359375 ], [ 134.673599243164062, 47.571659088134766 ], [ 134.491897583007812, 47.431369781494141 ], [ 134.314407348632812, 47.420818328857422 ], [ 134.156295776367188, 47.266651153564453 ], [ 134.222702026367188, 47.127201080322266 ], [ 134.211593627929688, 47.092758178710938 ], [ 134.135498046875, 47.077770233154297 ], [ 134.06219482421875, 46.974979400634766 ], [ 134.039093017578125, 46.859989166259766 ], [ 134.01080322265625, 46.812198638916016 ], [ 134.045196533203125, 46.76470947265625 ], [ 134.01910400390625, 46.666660308837891 ], [ 133.847702026367188, 46.481929779052734 ], [ 133.849899291992188, 46.439418792724609 ], [ 133.912994384765625, 46.413871765136719 ], [ 133.929397583007812, 46.376651763916016 ], [ 133.864395141601562, 46.337760925292969 ], [ 133.903305053710938, 46.261928558349609 ], [ 133.827102661132812, 46.193309783935547 ], [ 133.800506591796875, 46.215259552001953 ], [ 133.686904907226562, 46.143039703369141 ], [ 133.724395751953125, 46.064990997314453 ], [ 133.660797119140625, 45.934150695800781 ], [ 133.477096557617188, 45.826381683349609 ], [ 133.471603393554688, 45.626930236816406 ], [ 133.189895629882812, 45.504161834716797 ], [ 133.102996826171875, 45.299991607666016 ], [ 133.127700805664062, 45.152481079101562 ], [ 133.033004760742188, 45.061370849609375 ], [ 132.939102172851562, 45.020259857177734 ], [ 131.95269775390625, 45.260818481445312 ], [ 131.895492553710938, 45.338871002197266 ], [ 131.844696044921875, 45.3408203125 ], [ 131.75360107421875, 45.213039398193359 ], [ 131.666900634765625, 45.212760925292969 ], [ 131.632705688476562, 45.168880462646484 ], [ 131.654693603515625, 45.121929168701172 ], [ 131.466598510742188, 44.967201232910156 ], [ 131.349899291992188, 44.974700927734375 ], [ 131.225494384765625, 44.913871765136719 ], [ 131.130996704101562, 44.928871154785156 ], [ 130.95379638671875, 44.846088409423828 ], [ 131.094894409179688, 44.692478179931641 ], [ 131.298004150390625, 44.051929473876953 ], [ 131.2471923828125, 44.027481079101562 ], [ 131.188796997070312, 43.536651611328125 ], [ 131.301101684570312, 43.459980010986328 ], [ 131.311294555664062, 43.392208099365234 ], [ 131.274093627929688, 43.363319396972656 ], [ 131.267196655273438, 43.276088714599609 ], [ 131.190994262695312, 43.196651458740234 ], [ 131.218307495117188, 43.145820617675781 ], [ 131.107696533203125, 43.041660308837891 ], [ 131.105499267578125, 42.974430084228516 ], [ 131.1365966796875, 42.936931610107422 ], [ 131.123306274414062, 42.910808563232422 ], [ 130.89520263671875, 42.85137939453125 ], [ 130.818496704101562, 42.876091003417969 ], [ 130.405197143554688, 42.718040466308594 ], [ 130.45880126953125, 42.679988861083984 ], [ 130.532196044921875, 42.684429168701172 ], [ 130.605194091796875, 42.619709014892578 ], [ 130.617996215820312, 42.579429626464844 ], [ 130.566299438476562, 42.538040161132812 ], [ 130.603897094726562, 42.420619964599609 ], [ 130.529098510742188, 42.523040771484375 ], [ 130.514694213867188, 42.602210998535156 ], [ 130.481597900390625, 42.607208251953125 ], [ 130.46490478515625, 42.546939849853516 ], [ 130.250198364257812, 42.709980010986328 ], [ 130.25909423828125, 42.884159088134766 ], [ 130.100799560546875, 42.911930084228516 ], [ 130.13580322265625, 42.962200164794922 ], [ 130.099395751953125, 42.980541229248047 ], [ 130.041900634765625, 42.957759857177734 ], [ 129.861892700195312, 42.9658203125 ], [ 129.7510986328125, 42.704700469970703 ], [ 129.774703979492188, 42.646930694580078 ], [ 129.742706298828125, 42.640819549560547 ], [ 129.729095458984375, 42.478031158447266 ], [ 129.7012939453125, 42.438320159912109 ], [ 129.57049560546875, 42.405818939208984 ], [ 129.546905517578125, 42.364429473876953 ], [ 129.356597900390625, 42.446651458740234 ], [ 129.175796508789062, 42.234989166259766 ], [ 129.213302612304688, 42.223041534423828 ], [ 129.114395141601562, 42.139430999755859 ], [ 128.96270751953125, 42.084430694580078 ], [ 128.925796508789062, 42.024429321289062 ], [ 128.6304931640625, 42.029979705810547 ], [ 128.45379638671875, 42.003879547119141 ], [ 128.422500610351562, 42.028591156005859 ], [ 128.282394409179688, 42.039150238037109 ], [ 128.058807373046875, 42.003318786621094 ], [ 128.060806274414062, 41.910541534423828 ], [ 128.150497436523438, 41.720821380615234 ], [ 128.297195434570312, 41.593040466308594 ], [ 128.282196044921875, 41.530269622802734 ], [ 128.160507202148438, 41.386100769042969 ], [ 128.044097900390625, 41.389430999755859 ], [ 127.936897277832031, 41.446929931640625 ], [ 127.709396362304688, 41.413311004638672 ], [ 127.557197570800781, 41.429710388183594 ], [ 127.472702026367188, 41.472759246826172 ], [ 127.287498474121094, 41.471088409423828 ], [ 127.210800170898438, 41.521930694580078 ], [ 127.108901977539062, 41.532760620117188 ], [ 127.106101989746094, 41.545269012451172 ], [ 127.178596496582031, 41.587490081787109 ], [ 127.045196533203125, 41.651371002197266 ], [ 127.045196533203125, 41.724430084228516 ], [ 126.928298950195312, 41.796379089355469 ], [ 126.786903381347656, 41.692211151123047 ], [ 126.710296630859375, 41.74053955078125 ], [ 126.676902770996094, 41.669429779052734 ], [ 126.571403503417969, 41.620258331298828 ], [ 126.553802490234375, 41.496929168701172 ], [ 126.500801086425781, 41.431930541992188 ], [ 126.527198791503906, 41.357490539550781 ], [ 126.456100463867188, 41.357208251953125 ], [ 126.07550048828125, 40.997478485107422 ], [ 126.041603088378906, 40.937759399414062 ], [ 125.697998046875, 40.859149932861328 ], [ 125.647201538085938, 40.810539245605469 ], [ 125.684402465820312, 40.769981384277344 ], [ 125.603897094726562, 40.755821228027344 ], [ 125.580001831054688, 40.784988403320312 ], [ 125.405799865722656, 40.620819091796875 ], [ 125.320999145507812, 40.648040771484375 ], [ 125.031600952148438, 40.527900695800781 ], [ 125.0093994140625, 40.509990692138672 ], [ 125.042701721191406, 40.468040466308594 ], [ 124.95770263671875, 40.452770233154297 ], [ 124.891403198242188, 40.475811004638672 ], [ 124.372299194335938, 40.094310760498047 ], [ 124.358596801757812, 40.0010986328125 ], [ 124.181602478027344, 39.867771148681641 ], [ 123.985298156738281, 39.809989929199219 ], [ 123.686897277832031, 39.8377685546875 ], [ 123.650497436523438, 39.902759552001953 ], [ 123.595802307128906, 39.777488708496094 ], [ 123.481399536132812, 39.785549163818359 ], [ 123.459999084472656, 39.737491607666016 ], [ 123.409103393554688, 39.730258941650391 ], [ 123.414703369140625, 39.771648406982422 ], [ 123.271102905273438, 39.804988861083984 ], [ 123.262199401855469, 39.745819091796875 ], [ 123.209999084472656, 39.748878479003906 ], [ 123.203598022460938, 39.731929779052734 ], [ 123.256103515625, 39.721660614013672 ], [ 123.255500793457031, 39.69110107421875 ], [ 123.011398315429688, 39.677490234375 ], [ 122.996101379394531, 39.635269165039062 ], [ 122.638603210449219, 39.521930694580078 ], [ 122.552696228027344, 39.449428558349609 ], [ 122.398597717285156, 39.411651611328125 ], [ 122.116401672363281, 39.194988250732422 ], [ 122.155502319335938, 39.140541076660156 ], [ 122.042503356933594, 39.093601226806641 ], [ 122.055496215820312, 39.058879852294922 ], [ 121.996902465820312, 39.064159393310547 ], [ 121.962799072265625, 39.033039093017578 ], [ 121.846900939941406, 39.034431457519531 ], [ 121.826103210449219, 39.022209167480469 ], [ 121.893898010253906, 38.974708557128906 ], [ 121.87359619140625, 38.947769165039062 ], [ 121.837501525878906, 38.946380615234375 ], [ 121.781600952148438, 39.005550384521484 ], [ 121.717201232910156, 39.029148101806641 ], [ 121.736900329589844, 38.996101379394531 ], [ 121.664703369140625, 39.012489318847656 ], [ 121.591598510742188, 38.931098937988281 ], [ 121.69830322265625, 38.901931762695312 ], [ 121.238296508789062, 38.769161224365234 ], [ 121.176902770996094, 38.717769622802734 ], [ 121.1322021484375, 38.738601684570312 ], [ 121.115798950195312, 38.851100921630859 ], [ 121.150497436523438, 38.895259857177734 ], [ 121.085296630859375, 38.908870697021484 ], [ 121.130203247070312, 38.944988250732422 ], [ 121.226097106933594, 38.933601379394531 ], [ 121.342201232910156, 38.974708557128906 ], [ 121.32550048828125, 39.010540008544922 ], [ 121.3760986328125, 39.047771453857422 ], [ 121.468299865722656, 39.01470947265625 ], [ 121.675498962402344, 39.085819244384766 ], [ 121.689399719238281, 39.121929168701172 ], [ 121.594703674316406, 39.194438934326172 ], [ 121.699699401855469, 39.287208557128906 ], [ 121.911102294921875, 39.387760162353516 ], [ 121.919998168945312, 39.417488098144531 ], [ 121.842201232910156, 39.381649017333984 ], [ 121.708602905273438, 39.401100158691406 ], [ 121.713897705078125, 39.368881225585938 ], [ 121.529403686523438, 39.359989166259766 ], [ 121.485000610351562, 39.389991760253906 ], [ 121.433601379394531, 39.513050079345703 ], [ 121.227996826171875, 39.515270233154297 ], [ 121.228897094726562, 39.538318634033203 ], [ 121.310302734375, 39.594989776611328 ], [ 121.535797119140625, 39.621658325195312 ], [ 121.542800903320312, 39.684711456298828 ], [ 121.503898620605469, 39.684429168701172 ], [ 121.460800170898438, 39.756099700927734 ], [ 121.545303344726562, 39.864158630371094 ], [ 121.770797729492188, 39.914710998535156 ], [ 121.884101867675781, 40.006378173828125 ], [ 121.828903198242188, 40.018878936767578 ], [ 122.205802917480469, 40.369159698486328 ], [ 122.205299377441406, 40.422210693359375 ], [ 122.25, 40.430271148681641 ], [ 122.298301696777344, 40.517208099365234 ], [ 122.154998779296875, 40.607208251953125 ], [ 122.157997131347656, 40.700260162353516 ], [ 122.123298645019531, 40.681930541992188 ], [ 122.066398620605469, 40.731090545654297 ], [ 121.875297546386719, 40.801101684570312 ], [ 121.826400756835938, 40.921649932861328 ], [ 121.870796203613281, 40.985538482666016 ], [ 121.816398620605469, 40.964710235595703 ], [ 121.769699096679688, 40.853599548339844 ], [ 121.614700317382812, 40.833599090576172 ], [ 121.364700317382812, 40.931930541992188 ], [ 121.152801513671875, 40.900829315185547 ], [ 120.966598510742188, 40.812480926513672 ], [ 120.940498352050781, 40.734439849853516 ], [ 121.032798767089844, 40.708881378173828 ], [ 120.827796936035156, 40.663051605224609 ], [ 120.797996520996094, 40.596931457519531 ], [ 120.553901672363281, 40.405818939208984 ], [ 120.534698486328125, 40.369159698486328 ], [ 120.592796325683594, 40.352771759033203 ], [ 120.495498657226562, 40.304710388183594 ], [ 120.501899719238281, 40.243320465087891 ], [ 120.449699401855469, 40.197490692138672 ], [ 119.620201110839844, 39.915271759033203 ], [ 119.347702026367188, 39.724151611328125 ], [ 119.286903381347656, 39.589710235595703 ], [ 119.236396789550781, 39.5908203125 ], [ 119.252998352050781, 39.399711608886719 ], [ 118.964996337890625, 39.151931762695312 ], [ 118.891098022460938, 39.124710083007812 ], [ 118.955299377441406, 39.185550689697266 ], [ 118.748298645019531, 39.142768859863281 ], [ 118.605003356933594, 39.189430236816406 ], [ 118.50140380859375, 39.115550994873047 ], [ 118.313301086425781, 39.040538787841797 ], [ 118.182197570800781, 39.168319702148438 ], [ 118.05169677734375, 39.224151611328125 ], [ 117.879997253417969, 39.195541381835938 ], [ 117.711402893066406, 39.097488403320312 ], [ 117.75140380859375, 38.978321075439453 ], [ 117.70050048828125, 38.990550994873047 ], [ 117.55999755859375, 38.739158630371094 ], [ 117.547798156738281, 38.608051300048828 ], [ 117.647499084472656, 38.421379089355469 ], [ 117.786903381347656, 38.28887939453125 ], [ 118.13690185546875, 38.140819549560547 ], [ 118.440803527832031, 38.116378784179688 ], [ 118.538597106933594, 38.067760467529297 ], [ 118.761100769042969, 38.149990081787109 ], [ 118.830497741699219, 38.156379699707031 ], [ 118.856101989746094, 38.056659698486328 ], [ 118.928596496582031, 38.055271148681641 ], [ 119.026397705078125, 37.904991149902344 ], [ 119.031600952148438, 37.782768249511719 ], [ 119.093902587890625, 37.721660614013672 ], [ 118.969398498535156, 37.592208862304688 ], [ 118.937797546386719, 37.381378173828125 ], [ 118.971099853515625, 37.270820617675781 ], [ 119.380500793457031, 37.124710083007812 ], [ 119.767196655273438, 37.151371002197266 ], [ 119.869697570800781, 37.223598480224609 ], [ 119.894401550292969, 37.269428253173828 ], [ 119.854103088378906, 37.359439849853516 ], [ 120.05889892578125, 37.431930541992188 ], [ 120.312202453613281, 37.608600616455078 ], [ 120.3197021484375, 37.655818939208984 ], [ 120.213897705078125, 37.680271148681641 ], [ 120.348899841308594, 37.685260772705078 ], [ 120.610000610351562, 37.785820007324219 ], [ 120.88909912109375, 37.824989318847656 ], [ 120.960296630859375, 37.756938934326172 ], [ 121.146598815917969, 37.689990997314453 ], [ 121.1343994140625, 37.600551605224609 ], [ 121.168899536132812, 37.577491760253906 ], [ 121.383598327636719, 37.584148406982422 ], [ 121.382797241210938, 37.553600311279297 ], [ 121.570503234863281, 37.424709320068359 ], [ 121.672798156738281, 37.438320159912109 ], [ 121.628303527832031, 37.4658203125 ], [ 121.953300476074219, 37.456928253173828 ], [ 121.94830322265625, 37.421379089355469 ], [ 121.997200012207031, 37.426658630371094 ], [ 121.980796813964844, 37.478321075439453 ], [ 122.123298645019531, 37.557209014892578 ], [ 122.154701232910156, 37.513599395751953 ], [ 122.124198913574219, 37.488040924072266 ], [ 122.181396484375, 37.418319702148438 ], [ 122.238296508789062, 37.456378936767578 ], [ 122.309097290039062, 37.411098480224609 ], [ 122.677497863769531, 37.407211303710938 ], [ 122.563301086425781, 37.342491149902344 ], [ 122.5791015625, 37.296100616455078 ], [ 122.549697875976562, 37.302761077880859 ], [ 122.618896484375, 37.186100006103516 ], [ 122.503303527832031, 37.151100158691406 ], [ 122.442497253417969, 37.110538482666016 ], [ 122.400497436523438, 37.025829315185547 ], [ 122.411102294921875, 36.996379852294922 ], [ 122.540496826171875, 37.016651153564453 ], [ 122.5093994140625, 36.935260772705078 ], [ 122.401100158691406, 36.916660308837891 ], [ 122.4302978515625, 36.861099243164062 ], [ 122.313003540039062, 36.822490692138672 ], [ 122.188301086425781, 36.844989776611328 ], [ 122.178901672363281, 36.885269165039062 ], [ 122.26190185546875, 36.897209167480469 ], [ 122.190803527832031, 36.922489166259766 ], [ 122.152999877929688, 37.008319854736328 ], [ 122.036102294921875, 36.892490386962891 ], [ 122.037200927734375, 36.935821533203125 ], [ 121.964103698730469, 37.000541687011719 ], [ 121.917999267578125, 36.984989166259766 ], [ 121.93499755859375, 36.926658630371094 ], [ 121.620498657226562, 36.8135986328125 ], [ 121.624702453613281, 36.733600616455078 ], [ 121.517196655273438, 36.7510986328125 ], [ 121.493896484375, 36.776660919189453 ], [ 121.584396362304688, 36.819709777832031 ], [ 121.597999572753906, 36.845539093017578 ], [ 121.44580078125, 36.819709777832031 ], [ 121.469100952148438, 36.784988403320312 ], [ 121.446403503417969, 36.751380920410156 ], [ 121.280502319335938, 36.703601837158203 ], [ 121.002998352050781, 36.582210540771484 ], [ 120.840797424316406, 36.648601531982422 ], [ 120.742996215820312, 36.606929779052734 ], [ 120.736396789550781, 36.549991607666016 ], [ 120.779701232910156, 36.536098480224609 ], [ 120.847198486328125, 36.604160308837891 ], [ 120.924102783203125, 36.548870086669922 ], [ 120.893302917480469, 36.398040771484375 ], [ 120.848602294921875, 36.380550384521484 ], [ 120.81939697265625, 36.460269927978516 ], [ 120.749702453613281, 36.453601837158203 ], [ 120.681396484375, 36.371379852294922 ], [ 120.719398498535156, 36.321380615234375 ], [ 120.6405029296875, 36.321659088134766 ], [ 120.699699401855469, 36.146930694580078 ], [ 120.680801391601562, 36.127490997314453 ], [ 120.351600646972656, 36.040538787841797 ], [ 120.288299560546875, 36.060821533203125 ], [ 120.355499267578125, 36.191379547119141 ], [ 120.30169677734375, 36.268318176269531 ], [ 120.277801513671875, 36.246379852294922 ], [ 120.297798156738281, 36.179988861083984 ], [ 120.084999084472656, 36.214431762695312 ], [ 120.088302612304688, 36.112491607666016 ], [ 120.190498352050781, 35.977489471435547 ], [ 120.290000915527344, 36.007770538330078 ], [ 120.291603088378906, 35.964160919189453 ], [ 120.175003051757812, 35.935550689697266 ], [ 120.044097900390625, 35.856929779052734 ], [ 120.021896362304688, 35.761379241943359 ], [ 119.987197875976562, 35.715259552001953 ], [ 119.932197570800781, 35.756649017333984 ], [ 119.903297424316406, 35.738319396972656 ], [ 119.900802612304688, 35.621101379394531 ], [ 119.853302001953125, 35.606098175048828 ], [ 119.827201843261719, 35.656650543212891 ], [ 119.745002746582031, 35.573879241943359 ], [ 119.728599548339844, 35.618598937988281 ], [ 119.644699096679688, 35.576930999755859 ], [ 119.537803649902344, 35.364990234375 ], [ 119.427200317382812, 35.315818786621094 ], [ 119.356597900390625, 35.098320007324219 ], [ 119.209999084472656, 35.051658630371094 ], [ 119.163299560546875, 34.85137939453125 ], [ 119.201103210449219, 34.707489013671875 ], [ 119.236099243164062, 34.759990692138672 ], [ 119.437797546386719, 34.746101379394531 ], [ 119.478897094726562, 34.703319549560547 ], [ 119.458602905273438, 34.674709320068359 ], [ 119.616600036621094, 34.554149627685547 ], [ 119.927497863769531, 34.455268859863281 ], [ 120.258903503417969, 34.300819396972656 ], [ 120.37640380859375, 33.991939544677734 ], [ 120.508003234863281, 33.717491149902344 ], [ 120.488601684570312, 33.638050079345703 ], [ 120.566902160644531, 33.544990539550781 ], [ 120.668899536132812, 33.316928863525391 ], [ 120.749397277832031, 33.269428253173828 ], [ 120.734397888183594, 33.231670379638672 ], [ 120.789398193359375, 33.161380767822266 ], [ 120.827201843261719, 33.019710540771484 ], [ 120.900001525878906, 33.009159088134766 ], [ 120.899398803710938, 32.805538177490234 ], [ 120.845298767089844, 32.786098480224609 ], [ 120.839103698730469, 32.636928558349609 ], [ 121.307998657226562, 32.446659088134766 ], [ 121.410499572753906, 32.363048553466797 ], [ 121.422996520996094, 32.244430541992188 ], [ 121.358299255371094, 32.235828399658203 ], [ 121.393898010253906, 32.165538787841797 ], [ 121.57080078125, 32.097209930419922 ], [ 121.830299377441406, 31.91387939453125 ], [ 121.895797729492188, 31.698879241943359 ], [ 121.871902465820312, 31.676109313964844 ], [ 121.8052978515625, 31.683050155639648 ], [ 121.57659912109375, 31.758050918579102 ], [ 121.283302307128906, 31.871379852294922 ], [ 120.976898193359375, 31.831390380859375 ], [ 120.810501098632812, 32.019161224365234 ], [ 120.62359619140625, 32.093330383300781 ], [ 120.470802307128906, 32.091930389404297 ], [ 120.224098205566406, 31.934160232543945 ], [ 120.157798767089844, 31.939159393310547 ], [ 120.014701843261719, 31.984989166259766 ], [ 119.905502319335938, 32.132488250732422 ], [ 119.922996520996094, 32.207210540771484 ], [ 119.82659912109375, 32.306381225585938 ], [ 119.617202758789062, 32.35443115234375 ], [ 119.680801391601562, 32.303050994873047 ], [ 119.628898620605469, 32.184711456298828 ], [ 119.692497253417969, 32.236660003662109 ], [ 119.789703369140625, 32.193321228027344 ], [ 119.769996643066406, 32.119430541992188 ], [ 119.872200012207031, 32.066940307617188 ], [ 119.880500793457031, 31.993890762329102 ], [ 119.995796203613281, 31.945550918579102 ], [ 120.222503662109375, 31.902490615844727 ], [ 120.435798645019531, 31.970830917358398 ], [ 120.435798645019531, 32.021099090576172 ], [ 120.689697265625, 31.992500305175781 ], [ 120.736396789550781, 31.966379165649414 ], [ 120.787200927734375, 31.866100311279297 ], [ 120.718902587890625, 31.817489624023438 ], [ 120.766403198242188, 31.791940689086914 ], [ 120.978302001953125, 31.751380920410156 ], [ 121.229698181152344, 31.617219924926758 ], [ 121.309097290039062, 31.50193977355957 ], [ 121.639701843261719, 31.328609466552734 ], [ 121.716400146484375, 31.26555061340332 ], [ 121.884696960449219, 30.974990844726562 ], [ 121.883598327636719, 30.900829315185547 ], [ 121.847503662109375, 30.852209091186523 ], [ 121.559402465820312, 30.843610763549805 ], [ 121.429702758789062, 30.795829772949219 ], [ 121.342498779296875, 30.705829620361328 ], [ 120.995796203613281, 30.572219848632812 ], [ 120.947502136230469, 30.511940002441406 ], [ 120.936698913574219, 30.415279388427734 ], [ 120.898902893066406, 30.40138053894043 ], [ 120.911903381347656, 30.370830535888672 ], [ 120.753898620605469, 30.335550308227539 ], [ 120.697700500488281, 30.38555908203125 ], [ 120.61419677734375, 30.398050308227539 ], [ 120.383003234863281, 30.367490768432617 ], [ 120.344100952148438, 30.293050765991211 ], [ 120.244697570800781, 30.29026985168457 ], [ 120.146102905273438, 30.194719314575195 ], [ 120.249397277832031, 30.266380310058594 ], [ 120.334098815917969, 30.216110229492188 ], [ 120.3843994140625, 30.231939315795898 ], [ 120.404998779296875, 30.286109924316406 ], [ 120.481597900390625, 30.312490463256836 ], [ 120.529098510742188, 30.296100616455078 ], [ 120.581398010253906, 30.158330917358398 ], [ 120.629203796386719, 30.102209091186523 ], [ 120.768302917480469, 30.080270767211914 ], [ 120.670303344726562, 30.100269317626953 ], [ 120.635200500488281, 30.145280838012695 ], [ 120.710502624511719, 30.114990234375 ], [ 121.179397583007812, 30.303049087524414 ], [ 121.298301696777344, 30.301109313964844 ], [ 121.421096801757812, 30.237220764160156 ], [ 121.677696228027344, 29.963050842285156 ], [ 121.792800903320312, 29.960269927978516 ], [ 121.931396484375, 29.882219314575195 ], [ 122.126602172851562, 29.888889312744141 ], [ 122.108596801757812, 29.868330001831055 ], [ 121.951896667480469, 29.809999465942383 ], [ 121.672500610351562, 29.559160232543945 ], [ 121.511100769042969, 29.505830764770508 ], [ 121.496101379394531, 29.549720764160156 ], [ 121.444999694824219, 29.520549774169922 ], [ 121.439697265625, 29.416940689086914 ], [ 121.721603393554688, 29.533330917358398 ], [ 121.746902465820312, 29.466939926147461 ], [ 121.800003051757812, 29.478050231933594 ], [ 121.820503234863281, 29.544719696044922 ], [ 121.740501403808594, 29.542499542236328 ], [ 121.739402770996094, 29.566099166870117 ], [ 121.912200927734375, 29.634990692138672 ], [ 121.979698181152344, 29.585269927978516 ], [ 121.939102172851562, 29.544719696044922 ], [ 121.970497131347656, 29.433879852294922 ], [ 121.901901245117188, 29.411109924316406 ], [ 121.904701232910156, 29.318880081176758 ], [ 121.958900451660156, 29.216110229492188 ], [ 121.842796325683594, 29.160829544067383 ], [ 121.799697875976562, 29.200550079345703 ], [ 121.835296630859375, 29.327220916748047 ], [ 121.771400451660156, 29.336660385131836 ], [ 121.738296508789062, 29.191940307617188 ], [ 121.655296325683594, 29.188880920410156 ], [ 121.639701843261719, 29.221380233764648 ], [ 121.656097412109375, 29.301660537719727 ], [ 121.617500305175781, 29.298330307006836 ], [ 121.627197265625, 29.202770233154297 ], [ 121.579399108886719, 29.297500610351562 ], [ 121.523002624511719, 29.27471923828125 ], [ 121.530799865722656, 29.234720230102539 ], [ 121.410499572753906, 29.156379699707031 ], [ 121.440299987792969, 29.133880615234375 ], [ 121.630203247070312, 29.106389999389648 ], [ 121.611602783203125, 29.052770614624023 ], [ 121.580497741699219, 29.050270080566406 ], [ 121.650299072265625, 29.043609619140625 ], [ 121.683296203613281, 28.965269088745117 ], [ 121.683296203613281, 28.914440155029297 ], [ 121.549697875976562, 28.936380386352539 ], [ 121.665298461914062, 28.821939468383789 ], [ 121.601097106933594, 28.719160079956055 ], [ 121.490501403808594, 28.696109771728516 ], [ 121.164703369140625, 28.812219619750977 ], [ 121.290802001953125, 28.735279083251953 ], [ 121.300498962402344, 28.693050384521484 ], [ 121.259696960449219, 28.668609619140625 ], [ 121.371597290039062, 28.691659927368164 ], [ 121.487998962402344, 28.666109085083008 ], [ 121.566398620605469, 28.472770690917969 ], [ 121.586097717285156, 28.358329772949219 ], [ 121.655799865722656, 28.338050842285156 ], [ 121.625297546386719, 28.284160614013672 ], [ 121.571098327636719, 28.251380920410156 ], [ 121.566902160644531, 28.309169769287109 ], [ 121.457496643066406, 28.339439392089844 ], [ 121.394699096679688, 28.295270919799805 ], [ 121.419403076171875, 28.256099700927734 ], [ 121.359703063964844, 28.219989776611328 ], [ 121.366401672363281, 28.157770156860352 ], [ 121.32440185546875, 28.143329620361328 ], [ 121.204696655273438, 28.329999923706055 ], [ 121.261398315429688, 28.359720230102539 ], [ 121.161598205566406, 28.382770538330078 ], [ 121.097503662109375, 28.287769317626953 ], [ 121.066398620605469, 28.295829772949219 ], [ 121.114997863769531, 28.244440078735352 ], [ 121.103897094726562, 28.206100463867188 ], [ 120.997200012207031, 28.134719848632812 ], [ 120.958000183105469, 27.996110916137695 ], [ 120.921401977539062, 27.982490539550781 ], [ 120.735298156738281, 28.027219772338867 ], [ 120.560897827148438, 28.109649658203125 ], [ 120.852203369140625, 27.936100006103516 ], [ 120.840499877929688, 27.871660232543945 ], [ 120.709701538085938, 27.720830917358398 ], [ 120.63189697265625, 27.752220153808594 ], [ 120.670501708984375, 27.698329925537109 ], [ 120.636100769042969, 27.598329544067383 ], [ 120.573898315429688, 27.587499618530273 ], [ 120.604103088378906, 27.505830764770508 ], [ 120.685302734375, 27.476940155029297 ], [ 120.634101867675781, 27.368890762329102 ], [ 120.542999267578125, 27.398609161376953 ], [ 120.525497436523438, 27.229160308837891 ], [ 120.466903686523438, 27.17555046081543 ], [ 120.440299987792969, 27.224990844726562 ], [ 120.420303344726562, 27.169439315795898 ], [ 120.361396789550781, 27.246660232543945 ], [ 120.297798156738281, 27.240549087524414 ], [ 120.290496826171875, 27.266380310058594 ], [ 120.319099426269531, 27.28972053527832 ], [ 120.2666015625, 27.318609237670898 ], [ 120.227203369140625, 27.260829925537109 ], [ 120.185501098632812, 27.275270462036133 ], [ 120.18609619140625, 27.211109161376953 ], [ 120.351898193359375, 27.234439849853516 ], [ 120.410003662109375, 27.130270004272461 ], [ 120.382499694824219, 27.094169616699219 ], [ 120.245002746582031, 27.128599166870117 ], [ 120.275299072265625, 27.058610916137695 ], [ 120.237503051757812, 27.066659927368164 ], [ 120.2510986328125, 26.988330841064453 ], [ 120.143600463867188, 26.97637939453125 ], [ 120.239402770996094, 26.952770233154297 ], [ 120.214103698730469, 26.910549163818359 ], [ 120.138900756835938, 26.925830841064453 ], [ 120.099700927734375, 26.877220153808594 ], [ 120.033897399902344, 26.89971923828125 ], [ 120.019699096679688, 26.83721923828125 ], [ 120.148902893066406, 26.711389541625977 ], [ 120.101097106933594, 26.694999694824219 ], [ 120.118598937988281, 26.645549774169922 ], [ 120.067703247070312, 26.637210845947266 ], [ 119.885498046875, 26.519720077514648 ], [ 119.833900451660156, 26.52471923828125 ], [ 119.834098815917969, 26.562490463256836 ], [ 120.055801391601562, 26.754989624023438 ], [ 120.057998657226562, 26.787540435791016 ], [ 119.921401977539062, 26.789709091186523 ], [ 119.891098022460938, 26.684989929199219 ], [ 119.857498168945312, 26.64971923828125 ], [ 119.793601989746094, 26.721380233764648 ], [ 119.835296630859375, 26.786659240722656 ], [ 119.790298461914062, 26.839719772338867 ], [ 119.760498046875, 26.737770080566406 ], [ 119.686698913574219, 26.812219619750977 ], [ 119.676399230957031, 26.760280609130859 ], [ 119.731597900390625, 26.711660385131836 ], [ 119.70050048828125, 26.694719314575195 ], [ 119.616600036621094, 26.796390533447266 ], [ 119.571098327636719, 26.787769317626953 ], [ 119.553001403808594, 26.707490921020508 ], [ 119.604400634765625, 26.690280914306641 ], [ 119.596603393554688, 26.644990921020508 ], [ 119.558601379394531, 26.661109924316406 ], [ 119.534103393554688, 26.645000457763672 ], [ 119.605003356933594, 26.567489624023438 ], [ 119.726402282714844, 26.609439849853516 ], [ 119.803298950195312, 26.486940383911133 ], [ 119.807502746582031, 26.42888069152832 ], [ 119.7593994140625, 26.406660079956055 ], [ 119.748298645019531, 26.434719085693359 ], [ 119.577499389648438, 26.47389030456543 ], [ 119.568901062011719, 26.430269241333008 ], [ 119.640800476074219, 26.445270538330078 ], [ 119.657997131347656, 26.338600158691406 ], [ 119.7427978515625, 26.323049545288086 ], [ 119.8240966796875, 26.420270919799805 ], [ 119.843597412109375, 26.373600006103516 ], [ 119.922203063964844, 26.363609313964844 ], [ 119.633903503417969, 26.254159927368164 ], [ 119.663902282714844, 26.219440460205078 ], [ 119.625, 26.200830459594727 ], [ 119.595001220703125, 26.13861083984375 ], [ 119.443901062011719, 25.976110458374023 ], [ 119.148002624511719, 26.113609313964844 ], [ 119.1968994140625, 26.082780838012695 ], [ 119.239700317382812, 25.959159851074219 ], [ 119.364997863769531, 25.936939239501953 ], [ 119.464698791503906, 25.971939086914062 ], [ 119.515800476074219, 26.041389465332031 ], [ 119.580497741699219, 26.041940689086914 ], [ 119.706100463867188, 25.98777961730957 ], [ 119.667503356933594, 25.905550003051758 ], [ 119.56390380859375, 25.87554931640625 ], [ 119.609397888183594, 25.789159774780273 ], [ 119.582199096679688, 25.677499771118164 ], [ 119.451103210449219, 25.680269241333008 ], [ 119.502998352050781, 25.554719924926758 ], [ 119.533302307128906, 25.573610305786133 ], [ 119.646598815917969, 25.413049697875977 ], [ 119.6343994140625, 25.372219085693359 ], [ 119.577499389648438, 25.339990615844727 ], [ 119.586097717285156, 25.443050384521484 ], [ 119.538902282714844, 25.456380844116211 ], [ 119.537803649902344, 25.365829467773438 ], [ 119.480003356933594, 25.371940612792969 ], [ 119.50469970703125, 25.474720001220703 ], [ 119.435501098632812, 25.443599700927734 ], [ 119.450302124023438, 25.501110076904297 ], [ 119.349098205566406, 25.530550003051758 ], [ 119.379203796386719, 25.585830688476562 ], [ 119.30889892578125, 25.606939315795898 ], [ 119.2489013671875, 25.493330001831055 ], [ 119.12750244140625, 25.429719924926758 ], [ 119.168899536132812, 25.319160461425781 ], [ 119.196098327636719, 25.353330612182617 ], [ 119.219398498535156, 25.316659927368164 ], [ 119.184700012207031, 25.282220840454102 ], [ 119.215301513671875, 25.256380081176758 ], [ 119.242500305175781, 25.324710845947266 ], [ 119.287498474121094, 25.322219848632812 ], [ 119.349998474121094, 25.245550155639648 ], [ 119.266899108886719, 25.228609085083008 ], [ 119.288299560546875, 25.193880081176758 ], [ 119.263298034667969, 25.167219161987305 ], [ 119.153900146484375, 25.177490234375 ], [ 119.127799987792969, 25.243610382080078 ], [ 119.108901977539062, 25.168609619140625 ], [ 119.146102905273438, 25.118330001831055 ], [ 119.063003540039062, 25.124439239501953 ], [ 119.064399719238281, 25.224720001220703 ], [ 119.00250244140625, 25.221660614013672 ], [ 118.977996826171875, 25.237220764160156 ], [ 119.030296325683594, 25.271659851074219 ], [ 118.871902465820312, 25.243890762329102 ], [ 118.871902465820312, 25.219720840454102 ], [ 118.955299377441406, 25.191379547119141 ], [ 118.972198486328125, 25.166109085083008 ], [ 118.931602478027344, 25.101100921630859 ], [ 118.864402770996094, 25.104160308837891 ], [ 118.851097106933594, 25.071659088134766 ], [ 118.956398010253906, 24.999439239501953 ], [ 119.0010986328125, 25.043329238891602 ], [ 118.985000610351562, 24.92694091796875 ], [ 118.961601257324219, 24.953609466552734 ], [ 118.896896362304688, 24.942489624023438 ], [ 118.898902893066406, 24.910829544067383 ], [ 118.947700500488281, 24.881660461425781 ], [ 118.840499877929688, 24.881660461425781 ], [ 118.766098022460938, 24.856939315795898 ], [ 118.691902160644531, 24.853879928588867 ], [ 118.729103088378906, 24.894990921020508 ], [ 118.669403076171875, 24.947219848632812 ], [ 118.639396667480469, 24.920549392700195 ], [ 118.670303344726562, 24.881660461425781 ], [ 118.653602600097656, 24.858049392700195 ], [ 118.5718994140625, 24.881660461425781 ], [ 118.626602172851562, 24.768890380859375 ], [ 118.712799072265625, 24.800270080566406 ], [ 118.7572021484375, 24.740270614624023 ], [ 118.671897888183594, 24.669160842895508 ], [ 118.634696960449219, 24.66193962097168 ], [ 118.657501220703125, 24.574989318847656 ], [ 118.550498962402344, 24.511379241943359 ], [ 118.572196960449219, 24.572490692138672 ], [ 118.430000305175781, 24.628599166870117 ], [ 118.435798645019531, 24.662220001220703 ], [ 118.418601989746094, 24.695550918579102 ], [ 118.413299560546875, 24.608610153198242 ], [ 118.361602783203125, 24.580829620361328 ], [ 118.282997131347656, 24.592220306396484 ], [ 118.235298156738281, 24.533330917358398 ], [ 118.1947021484375, 24.553049087524414 ], [ 118.180801391601562, 24.592220306396484 ], [ 118.214996337890625, 24.612220764160156 ], [ 118.156097412109375, 24.658599853515625 ], [ 118.092498779296875, 24.579990386962891 ], [ 118.043601989746094, 24.615829467773438 ], [ 118.049697875976562, 24.563610076904297 ], [ 118.00579833984375, 24.556659698486328 ], [ 118.053596496582031, 24.512489318847656 ], [ 118.006599426269531, 24.457769393920898 ], [ 117.883598327636719, 24.482490539550781 ], [ 117.791603088378906, 24.462060928344727 ], [ 117.8739013671875, 24.394720077514648 ], [ 118.032997131347656, 24.403879165649414 ], [ 118.012802124023438, 24.316659927368164 ], [ 118.095001220703125, 24.342779159545898 ], [ 118.123298645019531, 24.256109237670898 ], [ 117.966598510742188, 24.152219772338867 ], [ 117.965797424316406, 24.194719314575195 ], [ 117.891403198242188, 24.027490615844727 ], [ 117.859199523925781, 24.035270690917969 ], [ 117.763603210449219, 23.940830230712891 ], [ 117.785797119140625, 24.022769927978516 ], [ 117.704696655273438, 24.023330688476562 ], [ 117.614700317382812, 23.863609313964844 ], [ 117.625503540039062, 23.780550003051758 ], [ 117.567497253417969, 23.717220306396484 ], [ 117.595497131347656, 23.857500076293945 ], [ 117.560798645019531, 23.906660079956055 ], [ 117.402999877929688, 23.933330535888672 ], [ 117.417503356933594, 23.906110763549805 ], [ 117.476402282714844, 23.899990081787109 ], [ 117.483299255371094, 23.861660003662109 ], [ 117.432998657226562, 23.768329620361328 ], [ 117.30889892578125, 23.755270004272461 ], [ 117.292503356933594, 23.791660308837891 ], [ 117.262496948242188, 23.721099853515625 ], [ 117.267997741699219, 23.630270004272461 ], [ 117.218597412109375, 23.611110687255859 ], [ 117.236900329589844, 23.674160003662109 ], [ 117.223297119140625, 23.683879852294922 ], [ 117.098899841308594, 23.558330535888672 ], [ 117.068901062011719, 23.576379776000977 ], [ 117.030799865722656, 23.657489776611328 ], [ 116.928001403808594, 23.617219924926758 ], [ 116.907798767089844, 23.653329849243164 ], [ 116.878898620605469, 23.548610687255859 ], [ 116.799102783203125, 23.385280609130859 ], [ 116.677497863769531, 23.353050231933594 ], [ 116.521400451660156, 23.415830612182617 ], [ 116.56390380859375, 23.330280303955078 ], [ 116.743598937988281, 23.317489624023438 ], [ 116.776100158691406, 23.239160537719727 ], [ 116.716400146484375, 23.243890762329102 ], [ 116.615196228027344, 23.170560836791992 ], [ 116.595001220703125, 23.222499847412109 ], [ 116.546401977539062, 23.241659164428711 ], [ 116.506401062011719, 23.217769622802734 ], [ 116.588302612304688, 23.205270767211914 ], [ 116.522796630859375, 23.124160766601562 ], [ 116.538002014160156, 23.009159088134766 ], [ 116.476097106933594, 22.935829162597656 ], [ 116.347999572753906, 22.930269241333008 ], [ 116.268898010253906, 22.99138069152832 ], [ 116.267799377441406, 22.953609466552734 ], [ 116.116096496582031, 22.841390609741211 ], [ 116.06939697265625, 22.844160079956055 ], [ 116.106399536132812, 22.900829315185547 ], [ 116.066703796386719, 22.895549774169922 ], [ 116.050300598144531, 22.852489471435547 ], [ 115.785499572753906, 22.748880386352539 ], [ 115.796401977539062, 22.795270919799805 ], [ 115.670303344726562, 22.883329391479492 ], [ 115.733596801757812, 22.925270080566406 ], [ 115.554100036621094, 22.858259201049805 ], [ 115.449996948242188, 22.932220458984375 ], [ 115.407997131347656, 22.918609619140625 ], [ 115.5010986328125, 22.870550155639648 ], [ 115.485000610351562, 22.842489242553711 ], [ 115.607803344726562, 22.861379623413086 ], [ 115.523902893066406, 22.779439926147461 ], [ 115.519096374511719, 22.732490539550781 ], [ 115.591903686523438, 22.740829467773438 ], [ 115.555496215820312, 22.648050308227539 ], [ 115.344100952148438, 22.704990386962891 ], [ 115.344703674316406, 22.74138069152832 ], [ 115.398300170898438, 22.746379852294922 ], [ 115.393898010253906, 22.784160614013672 ], [ 115.227500915527344, 22.780550003051758 ], [ 115.228897094726562, 22.797489166259766 ], [ 115.320297241210938, 22.839719772338867 ], [ 115.313301086425781, 22.903049468994141 ], [ 115.275299072265625, 22.870830535888672 ], [ 115.044700622558594, 22.77471923828125 ], [ 115.01190185546875, 22.695270538330078 ], [ 114.95050048828125, 22.694160461425781 ], [ 114.932701110839844, 22.754440307617188 ], [ 114.893898010253906, 22.740270614624023 ], [ 114.955001831054688, 22.667499542236328 ], [ 114.872200012207031, 22.533050537109375 ], [ 114.731101989746094, 22.596380233764648 ], [ 114.725303649902344, 22.727209091186523 ], [ 114.795501708984375, 22.769990921020508 ], [ 114.602203369140625, 22.748880386352539 ], [ 114.500503540039062, 22.650550842285156 ], [ 114.583602905273438, 22.638889312744141 ], [ 114.502197265625, 22.581100463867188 ], [ 114.501602172851562, 22.548049926757812 ], [ 114.548301696777344, 22.559719085693359 ], [ 114.61419677734375, 22.50054931640625 ], [ 114.499603271484375, 22.449819564819336 ], [ 114.461898803710938, 22.559160232543945 ], [ 114.356903076171875, 22.608049392700195 ], [ 114.223587036132812, 22.549333572387695 ], [ 114.031341552734375, 22.510465621948242 ], [ 113.960197448730469, 22.519399642944336 ], [ 113.861900329589844, 22.462770462036133 ], [ 113.7510986328125, 22.755550384521484 ], [ 113.652801513671875, 22.749160766601562 ], [ 113.649398803710938, 22.828609466552734 ], [ 113.596603393554688, 22.916379928588867 ], [ 113.580299377441406, 23.016670227050781 ], [ 113.544998168945312, 22.982490539550781 ], [ 113.522499084472656, 23.022220611572266 ], [ 113.617202758789062, 23.104719161987305 ], [ 113.8114013671875, 23.120830535888672 ], [ 113.6802978515625, 23.152490615844727 ], [ 113.510498046875, 23.05194091796875 ], [ 113.445503234863281, 23.084159851074219 ], [ 113.400497436523438, 23.074159622192383 ], [ 113.477500915527344, 23.052780151367188 ], [ 113.496101379394531, 23.003599166870117 ], [ 113.474700927734375, 22.91387939453125 ], [ 113.212196350097656, 22.907489776611328 ], [ 113.359199523925781, 22.883329391479492 ], [ 113.483596801757812, 22.765829086303711 ], [ 113.375503540039062, 22.758050918579102 ], [ 113.521896362304688, 22.652219772338867 ], [ 113.56610107421875, 22.537769317626953 ], [ 113.531402587890625, 22.417499542236328 ], [ 113.541099548339844, 22.387210845947266 ], [ 113.608299255371094, 22.361110687255859 ], [ 113.560600280761719, 22.210601806640625 ], [ 113.536102294921875, 22.211700439453125 ], [ 113.528732299804688, 22.181512832641602 ], [ 113.439697265625, 22.173879623413086 ], [ 113.165298461914062, 22.571380615234375 ], [ 113.159698486328125, 22.478330612182617 ], [ 113.198898315429688, 22.452770233154297 ], [ 113.385498046875, 22.171939849853516 ], [ 113.299102783203125, 22.17555046081543 ], [ 113.224098205566406, 22.037490844726562 ], [ 113.112800598144531, 22.088050842285156 ], [ 113.110496520996094, 22.210550308227539 ], [ 113.082496643066406, 22.203609466552734 ], [ 112.986396789550781, 22.082769393920898 ], [ 113.017196655273438, 21.947490692138672 ], [ 112.939102172851562, 21.868610382080078 ], [ 112.885200500488281, 21.861660003662109 ], [ 112.82659912109375, 21.964990615844727 ], [ 112.74639892578125, 21.934719085693359 ], [ 112.628898620605469, 21.78972053527832 ], [ 112.559097290039062, 21.764999389648438 ], [ 112.415802001953125, 21.841939926147461 ], [ 112.412803649902344, 21.900270462036133 ], [ 112.492996215820312, 21.961660385131836 ], [ 112.399696350097656, 21.940269470214844 ], [ 112.373001098632812, 21.982490539550781 ], [ 112.398597717285156, 21.795829772949219 ], [ 112.333900451660156, 21.717489242553711 ], [ 112.230796813964844, 21.715269088745117 ], [ 112.191902160644531, 21.83721923828125 ], [ 112.064102172851562, 21.788600921630859 ], [ 112.00360107421875, 21.815280914306641 ], [ 112.030502319335938, 21.845830917358398 ], [ 111.966598510742188, 21.821380615234375 ], [ 111.892501831054688, 21.920270919799805 ], [ 111.892799377441406, 21.850269317626953 ], [ 111.9989013671875, 21.765829086303711 ], [ 111.842498779296875, 21.674440383911133 ], [ 111.833297729492188, 21.691389083862305 ], [ 111.867500305175781, 21.703609466552734 ], [ 111.720802307128906, 21.759719848632812 ], [ 111.777198791503906, 21.697219848632812 ], [ 111.771102905273438, 21.646379470825195 ], [ 111.6885986328125, 21.605829238891602 ], [ 111.641899108886719, 21.523330688476562 ], [ 111.593299865722656, 21.532770156860352 ], [ 111.463600158691406, 21.515829086303711 ], [ 111.430496215820312, 21.596660614013672 ], [ 111.403900146484375, 21.573610305786133 ], [ 111.43389892578125, 21.534160614013672 ], [ 111.25, 21.435550689697266 ], [ 111.290298461914062, 21.499439239501953 ], [ 111.154998779296875, 21.515829086303711 ], [ 111.185302734375, 21.481380462646484 ], [ 111.138298034667969, 21.467220306396484 ], [ 111.12359619140625, 21.500829696655273 ], [ 111.025299072265625, 21.534160614013672 ], [ 111.008903503417969, 21.447769165039062 ], [ 110.873001098632812, 21.383050918579102 ], [ 110.792999267578125, 21.402769088745117 ], [ 110.714103698730469, 21.356939315795898 ], [ 110.648597717285156, 21.254440307617188 ], [ 110.639396667480469, 21.323049545288086 ], [ 110.652397155761719, 21.359670639038086 ], [ 110.75830078125, 21.412500381469727 ], [ 110.693603515625, 21.405269622802734 ], [ 110.612503051757812, 21.333049774169922 ], [ 110.63189697265625, 21.227489471435547 ], [ 110.420501708984375, 21.193330764770508 ], [ 110.437797546386719, 21.276939392089844 ], [ 110.420799255371094, 21.306940078735352 ], [ 110.43609619140625, 21.396940231323242 ], [ 110.395797729492188, 21.383050918579102 ], [ 110.373001098632812, 21.430830001831055 ], [ 110.394996643066406, 21.328880310058594 ], [ 110.328300476074219, 21.33721923828125 ], [ 110.410499572753906, 21.230550765991211 ], [ 110.216598510742188, 21.023050308227539 ], [ 110.19329833984375, 21.063610076904297 ], [ 110.162200927734375, 20.841379165649414 ], [ 110.366401672363281, 20.833879470825195 ], [ 110.401100158691406, 20.731380462646484 ], [ 110.376899719238281, 20.709440231323242 ], [ 110.351097106933594, 20.746660232543945 ], [ 110.299697875976562, 20.655279159545898 ], [ 110.388603210449219, 20.60028076171875 ], [ 110.472999572753906, 20.572219848632812 ], [ 110.529098510742188, 20.473329544067383 ], [ 110.463600158691406, 20.358600616455078 ], [ 110.373298645019531, 20.301389694213867 ], [ 110.116600036621094, 20.239990234375 ], [ 110.033302307128906, 20.298879623413086 ], [ 109.917999267578125, 20.234989166259766 ], [ 109.919998168945312, 20.341379165649414 ], [ 109.875503540039062, 20.37693977355957 ], [ 109.898902893066406, 20.427490234375 ], [ 109.983299255371094, 20.347219467163086 ], [ 110.011100769042969, 20.414989471435547 ], [ 109.993896484375, 20.446659088134766 ], [ 109.921096801757812, 20.442209243774414 ], [ 109.82080078125, 20.515829086303711 ], [ 109.846099853515625, 20.554719924926758 ], [ 109.781402587890625, 20.631099700927734 ], [ 109.74859619140625, 20.626110076904297 ], [ 109.74639892578125, 20.667770385742188 ], [ 109.834999084472656, 20.705549240112305 ], [ 109.768302917480469, 20.714990615844727 ], [ 109.75140380859375, 20.844720840454102 ], [ 109.730003356933594, 20.806659698486328 ], [ 109.663002014160156, 20.877769470214844 ], [ 109.677497863769531, 21.140270233154297 ], [ 109.728897094726562, 21.184719085693359 ], [ 109.75, 21.159160614013672 ], [ 109.764396667480469, 21.348049163818359 ], [ 109.839401245117188, 21.348049163818359 ], [ 109.950798034667969, 21.453010559082031 ], [ 109.879402160644531, 21.483329772949219 ], [ 109.818901062011719, 21.456380844116211 ], [ 109.796401977539062, 21.467489242553711 ], [ 109.798301696777344, 21.550830841064453 ], [ 109.742202758789062, 21.572769165039062 ], [ 109.77020263671875, 21.484989166259766 ], [ 109.733596801757812, 21.468050003051758 ], [ 109.651603698730469, 21.516660690307617 ], [ 109.671096801757812, 21.620550155639648 ], [ 109.616096496582031, 21.588600158691406 ], [ 109.572998046875, 21.655269622802734 ], [ 109.585800170898438, 21.743890762329102 ], [ 109.493598937988281, 21.695270538330078 ], [ 109.57440185546875, 21.569719314575195 ], [ 109.433296203613281, 21.452770233154297 ], [ 109.376899719238281, 21.454990386962891 ], [ 109.135498046875, 21.398050308227539 ], [ 109.035202026367188, 21.451379776000977 ], [ 109.149696350097656, 21.521379470825195 ], [ 109.142501831054688, 21.579990386962891 ], [ 109.061897277832031, 21.611379623413086 ], [ 108.976898193359375, 21.602489471435547 ], [ 108.907501220703125, 21.622779846191406 ], [ 108.860298156738281, 21.814159393310547 ], [ 108.781402587890625, 21.809989929199219 ], [ 108.848297119140625, 21.761379241943359 ], [ 108.829696655273438, 21.706939697265625 ], [ 108.795799255371094, 21.750270843505859 ], [ 108.837196350097656, 21.656379699707031 ], [ 108.740196228027344, 21.611660003662109 ], [ 108.742202758789062, 21.657489776611328 ], [ 108.6416015625, 21.745269775390625 ], [ 108.665496826171875, 21.807500839233398 ], [ 108.629203796386719, 21.75139045715332 ], [ 108.594100952148438, 21.737220764160156 ], [ 108.565299987792969, 21.801109313964844 ], [ 108.637199401855469, 21.884439468383789 ], [ 108.563003540039062, 21.920549392700195 ], [ 108.474899291992188, 21.851030349731445 ], [ 108.464500427246094, 21.891870498657227 ], [ 108.492996215820312, 21.767490386962891 ], [ 108.521400451660156, 21.670270919799805 ], [ 108.561698913574219, 21.690269470214844 ], [ 108.526397705078125, 21.611110687255859 ], [ 108.467201232910156, 21.570829391479492 ], [ 108.392501831054688, 21.555830001831055 ], [ 108.386398315429688, 21.594989776611328 ], [ 108.434700012207031, 21.592220306396484 ], [ 108.471397399902344, 21.667219161987305 ], [ 108.400497436523438, 21.670549392700195 ], [ 108.333000183105469, 21.698890686035156 ], [ 108.306396484375, 21.574989318847656 ], [ 108.209999084472656, 21.496940612792969 ], [ 108.236396789550781, 21.543609619140625 ], [ 108.228302001953125, 21.638879776000977 ], [ 108.196403503417969, 21.589719772338867 ], [ 107.986099243164062, 21.542640686035156 ], [ 107.782798767089844, 21.667139053344727 ], [ 107.703903198242188, 21.624990463256836 ], [ 107.485801696777344, 21.597770690917969 ], [ 107.487197875976562, 21.641660690307617 ], [ 107.453903198242188, 21.658050537109375 ], [ 107.363296508789062, 21.604990005493164 ], [ 107.301399230957031, 21.731100082397461 ], [ 107.211898803710938, 21.711940765380859 ], [ 107.01300048828125, 21.834989547729492 ], [ 107.048301696777344, 21.914440155029297 ], [ 107.022796630859375, 21.938600540161133 ], [ 106.746597290039062, 22.015270233154297 ], [ 106.69219970703125, 21.9658203125 ], [ 106.675201416015625, 21.985820770263672 ], [ 106.695198059082031, 22.057220458984375 ], [ 106.653602600097656, 22.328609466552734 ], [ 106.5780029296875, 22.337499618530273 ], [ 106.5614013671875, 22.364160537719727 ], [ 106.607200622558594, 22.606939315795898 ], [ 106.635498046875, 22.615549087524414 ], [ 106.6802978515625, 22.572769165039062 ], [ 106.821601867675781, 22.800270080566406 ], [ 106.679397583007812, 22.87554931640625 ], [ 106.642501831054688, 22.856100082397461 ], [ 106.606101989746094, 22.902210235595703 ], [ 106.336898803710938, 22.85331916809082 ], [ 106.251602172851562, 22.871940612792969 ], [ 106.227203369140625, 22.953039169311523 ], [ 106.146400451660156, 22.983329772949219 ], [ 105.87249755859375, 22.910270690917969 ], [ 105.76190185546875, 23.023880004882812 ], [ 105.570297241210938, 23.06443977355957 ], [ 105.554397583007812, 23.160270690917969 ], [ 105.32330322265625, 23.375820159912109 ], [ 105.240501403808594, 23.260549545288086 ], [ 105.064399719238281, 23.230270385742188 ], [ 104.822998046875, 23.099720001220703 ], [ 104.861099243164062, 22.936660766601562 ], [ 104.724098205566406, 22.81498908996582 ], [ 104.591300964355469, 22.821659088134766 ], [ 104.362197875976562, 22.686660766601562 ], [ 104.26190185546875, 22.737770080566406 ], [ 104.255500793457031, 22.831939697265625 ], [ 104.102500915527344, 22.792219161987305 ], [ 104.035202026367188, 22.691099166870117 ], [ 104.016899108886719, 22.547210693359375 ], [ 103.964698791503906, 22.498800277709961 ], [ 103.856597900390625, 22.581100463867188 ], [ 103.652801513671875, 22.784000396728516 ], [ 103.563003540039062, 22.698049545288086 ], [ 103.584999084472656, 22.647209167480469 ], [ 103.549400329589844, 22.60331916809082 ], [ 103.38079833984375, 22.781940460205078 ], [ 103.326896667480469, 22.793050765991211 ], [ 103.275497436523438, 22.669160842895508 ], [ 103.180000305175781, 22.624439239501953 ], [ 103.163002014160156, 22.538049697875977 ], [ 103.06939697265625, 22.492769241333008 ], [ 103.07080078125, 22.445270538330078 ], [ 103.030502319335938, 22.435550689697266 ], [ 102.928596496582031, 22.481929779052734 ], [ 102.867698669433594, 22.597770690917969 ], [ 102.683601379394531, 22.690830230712891 ], [ 102.560203552246094, 22.697490692138672 ], [ 102.521400451660156, 22.764999389648438 ], [ 102.469398498535156, 22.771379470825195 ], [ 102.381599426269531, 22.670829772949219 ], [ 102.415000915527344, 22.632770538330078 ], [ 102.264396667480469, 22.484159469604492 ], [ 102.250801086425781, 22.413049697875977 ], [ 102.179702758789062, 22.428329467773438 ], [ 102.1405029296875, 22.395889282226562 ], [ 102.105796813964844, 22.437490463256836 ], [ 101.994697570800781, 22.448600769042969 ], [ 101.894699096679688, 22.384159088134766 ], [ 101.866096496582031, 22.390270233154297 ], [ 101.82330322265625, 22.466930389404297 ], [ 101.768898010253906, 22.500829696655273 ], [ 101.689399719238281, 22.470270156860352 ], [ 101.635200500488281, 22.305269241333008 ], [ 101.569999694824219, 22.279159545898438 ], [ 101.613899230957031, 22.028879165649414 ], [ 101.784698486328125, 21.824989318847656 ], [ 101.75250244140625, 21.72443962097168 ], [ 101.828903198242188, 21.630550384521484 ], [ 101.799697875976562, 21.584159851074219 ], [ 101.740501403808594, 21.313610076904297 ], [ 101.851097106933594, 21.245540618896484 ], [ 101.784698486328125, 21.142770767211914 ], [ 101.605499267578125, 21.182210922241211 ], [ 101.605003356933594, 21.234989166259766 ], [ 101.281898498535156, 21.180269241333008 ], [ 101.234397888183594, 21.256389617919922 ], [ 101.265296936035156, 21.376110076904297 ], [ 101.193603515625, 21.412769317626953 ], [ 101.208900451660156, 21.558610916137695 ], [ 101.151802062988281, 21.570859909057617 ], [ 101.122200012207031, 21.769720077514648 ], [ 100.890296936035156, 21.685089111328125 ], [ 100.720001220703125, 21.509990692138672 ], [ 100.560203552246094, 21.451379776000977 ], [ 100.45880126953125, 21.486919403076172 ], [ 100.388900756835938, 21.536380767822266 ], [ 100.213203430175781, 21.432559967041016 ], [ 100.162200927734375, 21.468320846557617 ], [ 100.106101989746094, 21.583330154418945 ], [ 100.148902893066406, 21.63916015625 ], [ 100.136100769042969, 21.685270309448242 ], [ 99.986358642578125, 21.709430694580078 ], [ 99.968307495117188, 21.768880844116211 ], [ 99.968231201171875, 22.050470352172852 ], [ 99.84747314453125, 22.022769927978516 ], [ 99.749130249023438, 22.07526969909668 ], [ 99.694122314453125, 22.041940689086914 ], [ 99.684402465820312, 22.076379776000977 ], [ 99.465530395507812, 22.135829925537109 ], [ 99.359413146972656, 22.093050003051758 ], [ 99.232467651367188, 22.11444091796875 ], [ 99.163299560546875, 22.16526985168457 ], [ 99.296920776367188, 22.406660079956055 ], [ 99.384696960449219, 22.509990692138672 ], [ 99.328033447265625, 22.744720458984375 ], [ 99.387191772460938, 22.780269622802734 ], [ 99.445510864257812, 22.949710845947266 ], [ 99.546630859375, 22.91526985168457 ], [ 99.566360473632812, 22.93804931640625 ], [ 99.508323669433594, 23.086940765380859 ], [ 99.356353759765625, 23.134990692138672 ], [ 99.189407348632812, 23.102489471435547 ], [ 99.054962158203125, 23.131660461425781 ], [ 99.058853149414062, 23.167499542236328 ], [ 98.88134765625, 23.18804931640625 ], [ 98.937736511230469, 23.318050384521484 ], [ 98.876907348632812, 23.333599090576172 ], [ 98.9185791015625, 23.364719390869141 ], [ 98.914688110351562, 23.417219161987305 ], [ 98.879959106445312, 23.483600616455078 ], [ 98.821372985839844, 23.484720230102539 ], [ 98.806632995605469, 23.554159164428711 ], [ 98.88580322265625, 23.613330841064453 ], [ 98.83441162109375, 23.691940307617188 ], [ 98.6846923828125, 23.812219619750977 ], [ 98.693023681640625, 23.934440612792969 ], [ 98.75164794921875, 23.998600006103516 ], [ 98.907203674316406, 24.120269775390625 ], [ 98.889396667480469, 24.160669326782227 ], [ 98.595809936523438, 24.07805061340332 ], [ 98.220252990722656, 24.125820159912109 ], [ 98.04052734375, 24.081670761108398 ], [ 97.649978637695312, 23.851659774780273 ], [ 97.536361694335938, 23.950550079345703 ], [ 97.749397277832031, 24.163610458374023 ], [ 97.727462768554688, 24.224990844726562 ], [ 97.759979248046875, 24.257499694824219 ], [ 97.74163818359375, 24.29026985168457 ], [ 97.664688110351562, 24.306110382080078 ], [ 97.66552734375, 24.337779998779297 ], [ 97.716636657714844, 24.35276985168457 ], [ 97.701370239257812, 24.385549545288086 ], [ 97.530532836914062, 24.441379547119141 ], [ 97.568588256835938, 24.669439315795898 ], [ 97.552459716796875, 24.743049621582031 ], [ 97.624969482421875, 24.789709091186523 ], [ 97.79052734375, 24.839719772338867 ], [ 97.797203063964844, 24.86305046081543 ], [ 97.73663330078125, 24.918880462646484 ], [ 97.7230224609375, 25.082490921020508 ], [ 97.846359252929688, 25.268329620361328 ], [ 97.873016357421875, 25.258609771728516 ], [ 97.906356811523438, 25.210830688476562 ], [ 97.941070556640625, 25.214160919189453 ], [ 98.069427490234375, 25.31443977355957 ], [ 98.171356201171875, 25.624439239501953 ], [ 98.326637268066406, 25.551660537719727 ], [ 98.38580322265625, 25.596380233764648 ], [ 98.391647338867188, 25.656660079956055 ], [ 98.535247802734375, 25.848609924316406 ], [ 98.631912231445312, 25.801109313964844 ], [ 98.715263366699219, 25.896659851074219 ], [ 98.655242919921875, 25.953880310058594 ], [ 98.568038940429688, 26.123050689697266 ], [ 98.602752685546875, 26.137489318847656 ], [ 98.664413452148438, 26.098329544067383 ], [ 98.709976196289062, 26.134719848632812 ], [ 98.728302001953125, 26.200000762939453 ], [ 98.665802001953125, 26.260549545288086 ], [ 98.778579711914062, 26.642770767211914 ], [ 98.739692687988281, 26.864160537719727 ], [ 98.760246276855469, 27.069990158081055 ], [ 98.705810546875, 27.103879928588867 ], [ 98.733856201171875, 27.36305046081543 ], [ 98.699981689453125, 27.388330459594727 ], [ 98.704696655273438, 27.582490921020508 ], [ 98.66802978515625, 27.619440078735352 ], [ 98.589691162109375, 27.60222053527832 ], [ 98.551071166992188, 27.666940689086914 ], [ 98.428016662597656, 27.686380386352539 ], [ 98.397476196289062, 27.546379089355469 ], [ 98.346916198730469, 27.528329849243164 ], [ 98.309402465820312, 27.549999237060547 ], [ 98.166923522949219, 27.883600234985352 ], [ 98.207199096679688, 27.904439926147461 ], [ 98.19580078125, 27.930549621582031 ], [ 98.13079833984375, 27.969160079956055 ], [ 98.157203674316406, 28.120269775390625 ], [ 98.13079833984375, 28.160549163818359 ], [ 98.009696960449219, 28.218599319458008 ], [ 98.01885986328125, 28.278329849243164 ], [ 97.898857116699219, 28.381380081176758 ], [ 97.796920776367188, 28.349159240722656 ], [ 97.700813293457031, 28.521110534667969 ], [ 97.63134765625, 28.484159469604492 ], [ 97.574981689453125, 28.546939849853516 ], [ 97.548576354980469, 28.539989471435547 ], [ 97.464981079101562, 28.292499542236328 ], [ 97.4105224609375, 28.292490005493164 ], [ 97.34954833984375, 28.22266960144043 ], [ 97.298309326171875, 28.240270614624023 ], [ 97.23358154296875, 28.317770004272461 ], [ 97.105796813964844, 28.381389617919922 ], [ 96.998863220214844, 28.332220077514648 ], [ 96.779136657714844, 28.37554931640625 ], [ 96.740798950195312, 28.426380157470703 ], [ 96.590530395507812, 28.46721076965332 ], [ 96.40191650390625, 28.351100921630859 ], [ 96.264686584472656, 28.41526985168457 ], [ 96.368301391601562, 28.485830307006836 ], [ 96.345252990722656, 28.556940078735352 ], [ 96.4346923828125, 28.593889236450195 ], [ 96.496627807617188, 28.692220687866211 ], [ 96.616363525390625, 28.757770538330078 ], [ 96.61163330078125, 28.801109313964844 ], [ 96.533859252929688, 28.896379470825195 ], [ 96.50469970703125, 29.069990158081055 ], [ 96.343856811523438, 29.032499313354492 ], [ 96.250259399414062, 28.940830230712891 ], [ 96.172737121582031, 28.89971923828125 ], [ 96.148590087890625, 28.943330764770508 ], [ 96.18218994140625, 28.995269775390625 ], [ 96.12274169921875, 29.083049774169922 ], [ 96.35302734375, 29.183050155639648 ], [ 96.395248413085938, 29.255270004272461 ], [ 96.362472534179688, 29.290550231933594 ], [ 96.289413452148438, 29.24138069152832 ], [ 96.2310791015625, 29.257499694824219 ], [ 96.166923522949219, 29.369710922241211 ], [ 96.063858032226562, 29.465549468994141 ], [ 95.579147338867188, 29.244430541992188 ], [ 95.54302978515625, 29.134719848632812 ], [ 95.496078491210938, 29.140829086303711 ], [ 95.479423522949219, 29.076099395751953 ], [ 95.439132690429688, 29.041379928588867 ], [ 95.345252990722656, 29.044719696044922 ], [ 95.223587036132812, 29.100549697875977 ], [ 94.947189331054688, 29.158609390258789 ], [ 94.800521850585938, 29.167490005493164 ], [ 94.73358154296875, 29.280550003051758 ], [ 94.631866455078125, 29.327529907226562 ], [ 94.596076965332031, 29.284990310668945 ], [ 94.285247802734375, 29.144159317016602 ], [ 94.133590698242188, 28.967769622802734 ], [ 94.034408569335938, 28.969989776611328 ], [ 94.04913330078125, 28.86444091796875 ], [ 93.738021850585938, 28.696939468383789 ], [ 93.558006286621094, 28.683599472045898 ], [ 93.225517272949219, 28.628330230712891 ], [ 93.169418334960938, 28.448879241943359 ], [ 93.118026733398438, 28.371940612792969 ], [ 92.823867797851562, 28.178049087524414 ], [ 92.802459716796875, 28.20166015625 ], [ 92.680252075195312, 28.117769241333008 ], [ 92.662193298339844, 28.06304931640625 ], [ 92.729141235351562, 28.036380767822266 ], [ 92.69940185546875, 27.955549240112305 ], [ 92.379409790039062, 27.804710388183594 ], [ 92.358306884765625, 27.844440460205078 ], [ 92.335250854492188, 27.798049926757812 ], [ 92.306083679199219, 27.798330307006836 ], [ 92.279136657714844, 27.863330841064453 ], [ 92.256637573242188, 27.871379852294922 ], [ 92.253860473632812, 27.815830230712891 ], [ 91.97052001953125, 27.728050231933594 ], [ 91.659553527832031, 27.765110015869141 ], [ 91.658309936523438, 27.948049545288086 ], [ 91.338027954101562, 28.052490234375 ], [ 91.314971923828125, 28.096660614013672 ], [ 91.108856201171875, 27.971109390258789 ], [ 91.01580810546875, 27.97776985168457 ], [ 90.896926879882812, 28.05055046081543 ], [ 90.382461547851562, 28.079719543457031 ], [ 90.396087646484375, 28.235549926757812 ], [ 90.366073608398438, 28.257770538330078 ], [ 89.996353149414062, 28.323329925537109 ], [ 89.586090087890625, 28.139999389648438 ], [ 89.359970092773438, 27.871660232543945 ], [ 89.225517272949219, 27.795000076293945 ], [ 89.12579345703125, 27.567489624023438 ], [ 88.971076965332031, 27.473609924316406 ], [ 88.917877197265625, 27.321039199829102 ], [ 88.783309936523438, 27.43804931640625 ], [ 88.779693603515625, 27.489990234375 ], [ 88.88134765625, 27.842489242553711 ], [ 88.827186584472656, 28.016380310058594 ], [ 88.61163330078125, 28.11305046081543 ], [ 88.534126281738281, 28.029159545898438 ], [ 88.136093139648438, 27.949159622192383 ], [ 88.120506286621094, 27.904720306396484 ], [ 88.142356872558594, 27.86808967590332 ], [ 87.853851318359375, 27.91472053527832 ], [ 87.797203063964844, 27.83721923828125 ], [ 87.72052001953125, 27.804990768432617 ], [ 87.54608154296875, 27.845830917358398 ], [ 87.393592834472656, 27.809160232543945 ], [ 87.404136657714844, 27.860549926757812 ], [ 87.192733764648438, 27.823049545288086 ], [ 87.030258178710938, 27.965269088745117 ], [ 86.933029174804688, 27.950550079345703 ], [ 86.874130249023438, 28.017780303955078 ], [ 86.764137268066406, 28.026660919189453 ], [ 86.758033752441406, 28.080270767211914 ], [ 86.704147338867188, 28.111099243164062 ], [ 86.571907043457031, 28.105829238891602 ], [ 86.53497314453125, 27.954990386962891 ], [ 86.444961547851562, 27.908050537109375 ], [ 86.219703674316406, 28.016109466552734 ], [ 86.215263366699219, 28.118330001831055 ], [ 86.183578491210938, 28.16387939453125 ], [ 86.09246826171875, 28.07805061340332 ], [ 86.131637573242188, 27.926109313964844 ], [ 86.014419555664062, 27.882770538330078 ], [ 85.9730224609375, 27.91581916809082 ], [ 85.97802734375, 27.989709854125977 ], [ 85.918853759765625, 28.033330917358398 ], [ 85.916366577148438, 28.096939086914062 ], [ 85.780807495117188, 28.206100463867188 ], [ 85.705810546875, 28.340549468994141 ], [ 85.619956970214844, 28.251110076904297 ], [ 85.538299560546875, 28.289440155029297 ], [ 85.283859252929688, 28.272220611572266 ], [ 85.103302001953125, 28.316379547119141 ], [ 85.101913452148438, 28.446659088134766 ], [ 85.181922912597656, 28.530000686645508 ], [ 85.189956665039062, 28.60331916809082 ], [ 85.059967041015625, 28.64109992980957 ], [ 84.939682006835938, 28.540000915527344 ], [ 84.82330322265625, 28.55194091796875 ], [ 84.231353759765625, 28.929439544677734 ], [ 84.256088256835938, 29.042219161987305 ], [ 84.199691772460938, 29.062770843505859 ], [ 84.176361083984375, 29.21388053894043 ], [ 84.023590087890625, 29.279159545898438 ], [ 83.72052001953125, 29.228879928588867 ], [ 83.677192687988281, 29.16193962097168 ], [ 83.602462768554688, 29.165830612182617 ], [ 83.346076965332031, 29.496660232543945 ], [ 83.284408569335938, 29.474430084228516 ], [ 83.257476806640625, 29.579999923706055 ], [ 83.16497802734375, 29.633050918579102 ], [ 83.085250854492188, 29.585269927978516 ], [ 82.9921875, 29.672500610351562 ], [ 82.855239868164062, 29.668880462646484 ], [ 82.5577392578125, 29.942770004272461 ], [ 82.165802001953125, 30.079719543457031 ], [ 82.100517272949219, 30.342220306396484 ], [ 81.615516662597656, 30.419710159301758 ], [ 81.541923522949219, 30.330549240112305 ], [ 81.411361694335938, 30.380830764770508 ], [ 81.35662841796875, 30.145280838012695 ], [ 81.290802001953125, 30.130550384521484 ], [ 81.301910400390625, 30.083599090576172 ], [ 81.223587036132812, 30.010269165039062 ], [ 81.109703063964844, 30.02471923828125 ], [ 81.027397155761719, 30.204700469970703 ], [ 80.601356506347656, 30.47637939453125 ], [ 80.538856506347656, 30.464439392089844 ], [ 80.321907043457031, 30.564720153808594 ], [ 80.203582763671875, 30.56498908996582 ], [ 80.227752685546875, 30.621940612792969 ], [ 80.187469482421875, 30.675819396972656 ], [ 80.256362915039062, 30.729709625244141 ], [ 80.235519409179688, 30.747489929199219 ], [ 80.084136962890625, 30.791940689086914 ], [ 79.909698486328125, 30.916660308837891 ], [ 79.748863220214844, 30.989709854125977 ], [ 79.590263366699219, 30.941379547119141 ], [ 79.240249633789062, 31.244159698486328 ], [ 79.21746826171875, 31.340829849243164 ], [ 79.086906433105469, 31.439159393310547 ], [ 79.018592834472656, 31.411380767822266 ], [ 78.998580932617188, 31.325550079345703 ], [ 78.941909790039062, 31.359989166259766 ], [ 78.89385986328125, 31.29888916015625 ], [ 78.818313598632812, 31.286659240722656 ], [ 78.764686584472656, 31.315830230712891 ], [ 78.782752990722656, 31.457500457763672 ], [ 78.724983215332031, 31.480819702148438 ], [ 78.726356506347656, 31.531669616699219 ], [ 78.781646728515625, 31.555269241333008 ], [ 78.841079711914062, 31.615829467773438 ], [ 78.742462158203125, 31.684989929199219 ], [ 78.69329833984375, 31.785270690917969 ], [ 78.769416809082031, 31.958879470825195 ], [ 78.680526733398438, 32.035270690917969 ], [ 78.544692993164062, 32.209430694580078 ], [ 78.474983215332031, 32.236099243164062 ], [ 78.483306884765625, 32.300540924072266 ], [ 78.39581298828125, 32.543880462646484 ], [ 78.420516967773438, 32.56610107421875 ], [ 78.59552001953125, 32.570541381835938 ], [ 78.743026733398438, 32.639430999755859 ], [ 78.772201538085938, 32.622760772705078 ], [ 78.780258178710938, 32.478870391845703 ], [ 78.923858642578125, 32.366100311279297 ], [ 79.099136352539062, 32.376369476318359 ], [ 79.147476196289062, 32.484710693359375 ], [ 79.253593444824219, 32.515548706054688 ], [ 79.306922912597656, 32.494430541992188 ], [ 79.516372680664062, 32.67694091796875 ], [ 79.52716064453125, 32.749919891357422 ], [ 79.463592529296875, 32.80303955078125 ], [ 79.461090087890625, 32.858879089355469 ], [ 79.354141235351562, 32.983318328857422 ], [ 79.406356811523438, 33.161659240722656 ], [ 79.364692687988281, 33.189701080322266 ], [ 79.10357666015625, 33.219711303710938 ], [ 79.079421997070312, 33.287208557128906 ], [ 78.9921875, 33.318599700927734 ], [ 78.937408447265625, 33.408649444580078 ], [ 78.91802978515625, 33.633598327636719 ], [ 79.031356811523438, 33.626091003417969 ], [ 79.019416809082031, 33.754428863525391 ], [ 78.907470703125, 33.936649322509766 ], [ 78.908859252929688, 33.970260620117188 ], [ 79.027191162109375, 34.015541076660156 ], [ 79.413299560546875, 34.016929626464844 ], [ 79.522201538085938, 34.113880157470703 ], [ 79.511642456054688, 34.190261840820312 ], [ 79.572196960449219, 34.199420928955078 ], [ 79.531646728515625, 34.410541534423828 ], [ 79.545516967773438, 34.432758331298828 ], [ 79.683578491210938, 34.411651611328125 ], [ 79.754150390625, 34.442760467529297 ], [ 79.760528564453125, 34.468589782714844 ], [ 79.722747802734375, 34.519710540771484 ], [ 79.761642456054688, 34.552761077880859 ], [ 79.843856811523438, 34.574428558349609 ], [ 79.887481689453125, 34.662761688232422 ], [ 80.045242309570312, 34.658870697021484 ], [ 80.201637268066406, 34.893878936767578 ], [ 80.190803527832031, 35.086929321289062 ], [ 80.292190551757812, 35.193599700927734 ], [ 80.283859252929688, 35.325260162353516 ], [ 80.386642456054688, 35.425258636474609 ], [ 80.387191772460938, 35.506378173828125 ], [ 80.349411010742188, 35.522758483886719 ], [ 80.297737121582031, 35.503318786621094 ], [ 80.238021850585938, 35.557758331298828 ], [ 80.201637268066406, 35.558879852294922 ], [ 80.136093139648438, 35.445819854736328 ], [ 80.070533752441406, 35.406089782714844 ], [ 80.02191162109375, 35.437480926513672 ], [ 79.964141845703125, 35.595821380615234 ], [ 79.91912841796875, 35.617488861083984 ], [ 79.866912841796875, 35.568321228027344 ], [ 79.693572998046875, 35.650821685791016 ], [ 79.634407043457031, 35.759159088134766 ], [ 79.665802001953125, 35.801651000976562 ], [ 79.586906433105469, 35.867759704589844 ], [ 79.473861694335938, 35.854988098144531 ], [ 79.44024658203125, 35.878868103027344 ], [ 79.457199096679688, 35.928871154785156 ], [ 79.4327392578125, 35.963321685791016 ], [ 79.343307495117188, 35.986099243164062 ], [ 78.934402465820312, 35.892490386962891 ], [ 78.809402465820312, 35.925819396972656 ], [ 78.700531005859375, 35.881931304931641 ], [ 78.569976806640625, 35.791370391845703 ], [ 78.201919555664062, 35.639148712158203 ], [ 78.136917114257812, 35.543319702148438 ], [ 77.97247314453125, 35.574161529541016 ], [ 77.94024658203125, 35.501659393310547 ], [ 77.701080322265625, 35.461101531982422 ], [ 76.919967651367188, 35.595539093017578 ], [ 76.588302612304688, 35.760818481445312 ], [ 76.584701538085938, 35.891929626464844 ], [ 76.564132690429688, 35.912761688232422 ], [ 76.525802612304688, 35.873600006103516 ], [ 76.222198486328125, 35.813320159912109 ], [ 76.157752990722656, 35.828041076660156 ], [ 76.127456665039062, 35.972759246826172 ], [ 76.090530395507812, 36.000541687011719 ], [ 76.00775146484375, 36.001659393310547 ], [ 75.951370239257812, 36.031368255615234 ], [ 75.919967651367188, 36.119148254394531 ], [ 76.004432678222656, 36.177478790283203 ], [ 76.004966735839844, 36.458599090576172 ], [ 75.898857116699219, 36.628589630126953 ], [ 75.723861694335938, 36.742759704589844 ], [ 75.55413818359375, 36.770820617675781 ], [ 75.472747802734375, 36.725540161132812 ], [ 75.431083679199219, 36.747760772705078 ], [ 75.392471313476562, 36.917488098144531 ], [ 75.13134765625, 37.001380920410156 ], [ 74.927749633789062, 36.966091156005859 ], [ 74.895248413085938, 36.911651611328125 ], [ 74.8388671875, 37.011100769042969 ], [ 74.690803527832031, 37.062759399414062 ], [ 74.5677490234375, 37.026470184326172 ], [ 74.400527954101562, 37.139148712158203 ], [ 74.392196655273438, 37.175258636474609 ], [ 74.537193298339844, 37.243038177490234 ], [ 74.651077270507812, 37.234710693359375 ], [ 74.669418334960938, 37.266101837158203 ], [ 74.763313293457031, 37.301090240478516 ], [ 74.816932678222656, 37.219150543212891 ], [ 74.898826599121094, 37.240299224853516 ], [ 75.096626281738281, 37.321929931640625 ], [ 75.111076354980469, 37.383598327636719 ], [ 75.187469482421875, 37.406650543212891 ], [ 74.94940185546875, 37.563041687011719 ], [ 74.902763366699219, 37.647209167480469 ], [ 74.990249633789062, 37.778591156005859 ], [ 74.902763366699219, 37.847209930419922 ], [ 74.920516967773438, 37.938869476318359 ], [ 74.913589477539062, 38.01776123046875 ], [ 74.820533752441406, 38.068599700927734 ], [ 74.794418334960938, 38.30609130859375 ], [ 74.862747192382812, 38.384159088134766 ], [ 74.85662841796875, 38.470539093017578 ], [ 74.354690551757812, 38.674430847167969 ], [ 74.074417114257812, 38.609989166259766 ], [ 74.083038330078125, 38.547489166259766 ], [ 73.974136352539062, 38.533599853515625 ], [ 73.847198486328125, 38.588039398193359 ], [ 73.795211791992188, 38.661220550537109 ], [ 73.705253601074219, 38.864151000976562 ], [ 73.723297119140625, 38.912479400634766 ], [ 73.844131469726562, 38.945259094238281 ], [ 73.851356506347656, 38.976089477539062 ], [ 73.623863220214844, 39.220539093017578 ], [ 73.654693603515625, 39.438030242919922 ], [ 73.671630859375, 39.458881378173828 ], [ 73.8480224609375, 39.474979400634766 ], [ 73.956092834472656, 39.597759246826172 ], [ 73.841636657714844, 39.762489318847656 ], [ 73.850250244140625, 39.825820922851562 ], [ 73.994422912597656, 40.046100616455078 ], [ 74.198013305664062, 40.113880157470703 ], [ 74.322196960449219, 40.092758178710938 ], [ 74.4830322265625, 40.168048858642578 ], [ 74.724136352539062, 40.336650848388672 ], [ 74.87774658203125, 40.324710845947266 ], [ 74.8721923828125, 40.368320465087891 ], [ 74.811080932617188, 40.417488098144531 ], [ 74.844703674316406, 40.50360107421875 ], [ 74.869132995605469, 40.521369934082031 ], [ 75.058853149414062, 40.447761535644531 ], [ 75.277473449707031, 40.482479095458984 ], [ 75.56329345703125, 40.643878936767578 ], [ 75.59442138671875, 40.639980316162109 ], [ 75.696617126464844, 40.444980621337891 ], [ 75.661361694335938, 40.398319244384766 ], [ 75.689682006835938, 40.309150695800781 ], [ 75.903846740722656, 40.301380157470703 ], [ 76.045242309570312, 40.388881683349609 ], [ 76.186630249023438, 40.375541687011719 ], [ 76.269699096679688, 40.45220947265625 ], [ 76.289962768554688, 40.451381683349609 ], [ 76.328033447265625, 40.354160308837891 ], [ 76.442176818847656, 40.399150848388672 ], [ 76.639419555664062, 40.608600616455078 ], [ 76.647476196289062, 40.740261077880859 ], [ 76.7935791015625, 40.862491607666016 ], [ 76.78192138671875, 40.940818786621094 ], [ 76.867462158203125, 41.011100769042969 ], [ 77.021636962890625, 41.049991607666016 ], [ 77.505813598632812, 40.986099243164062 ], [ 78.160247802734375, 41.085540771484375 ], [ 78.373580932617188, 41.275539398193359 ], [ 78.365516662597656, 41.366378784179688 ], [ 78.531082153320312, 41.463871002197266 ], [ 78.639968872070312, 41.483039855957031 ], [ 78.670806884765625, 41.531940460205078 ], [ 79.29608154296875, 41.785820007324219 ], [ 79.801361083984375, 41.902759552001953 ], [ 79.852188110351562, 41.999988555908203 ], [ 79.977188110351562, 42.034160614013672 ], [ 80.204696655273438, 42.029148101806641 ], [ 80.2763671875, 42.059711456298828 ], [ 80.289138793945312, 42.231651306152344 ], [ 80.15802001953125, 42.632488250732422 ], [ 80.258872985839844, 42.816089630126953 ], [ 80.564971923828125, 42.880260467529297 ], [ 80.5777587890625, 42.908588409423828 ], [ 80.3902587890625, 42.992759704589844 ], [ 80.376632690429688, 43.025260925292969 ], [ 80.638313293457031, 43.139148712158203 ], [ 80.770523071289062, 43.108329772949219 ], [ 80.809967041015625, 43.130538940429688 ], [ 80.764686584472656, 43.293048858642578 ], [ 80.6685791015625, 43.319438934326172 ], [ 80.666641235351562, 43.348880767822266 ], [ 80.72247314453125, 43.404701232910156 ], [ 80.739692687988281, 43.4658203125 ], [ 80.438858032226562, 43.992210388183594 ], [ 80.4246826171875, 44.063869476318359 ], [ 80.368026733398438, 44.112758636474609 ], [ 80.376068115234375, 44.375820159912109 ], [ 80.348861694335938, 44.450260162353516 ], [ 80.407203674316406, 44.602210998535156 ], [ 80.374679565429688, 44.651920318603516 ], [ 80.516647338867188, 44.707210540771484 ], [ 80.484703063964844, 44.746089935302734 ], [ 80.262191772460938, 44.824428558349609 ], [ 80.022201538085938, 44.793598175048828 ], [ 79.87579345703125, 44.86553955078125 ], [ 79.864967346191406, 44.896099090576172 ], [ 80.076637268066406, 45.024700164794922 ], [ 80.787193298339844, 45.147769927978516 ], [ 80.869422912597656, 45.131099700927734 ], [ 81.732467651367188, 45.350818634033203 ], [ 81.797737121582031, 45.305820465087891 ], [ 81.80413818359375, 45.214710235595703 ], [ 81.948013305664062, 45.157489776611328 ], [ 82.27081298828125, 45.235820770263672 ], [ 82.32525634765625, 45.233039855957031 ], [ 82.481643676757812, 45.127479553222656 ], [ 82.549407958984375, 45.123310089111328 ], [ 82.601066589355469, 45.174709320068359 ], [ 82.658576965332031, 45.345539093017578 ], [ 82.649406433105469, 45.430271148681641 ], [ 82.589141845703125, 45.463871002197266 ], [ 82.3621826171875, 45.495540618896484 ], [ 82.3197021484375, 45.529430389404297 ], [ 82.324417114257812, 45.590541839599609 ], [ 82.536911010742188, 45.988590240478516 ], [ 82.57330322265625, 46.173038482666016 ], [ 82.79107666015625, 46.546379089355469 ], [ 82.873863220214844, 46.763599395751953 ], [ 83.014686584472656, 46.960269927978516 ], [ 83.031356811523438, 47.199150085449219 ], [ 83.061363220214844, 47.220260620117188 ], [ 83.162483215332031, 47.223590850830078 ], [ 83.564971923828125, 47.061100006103516 ], [ 84.033042907714844, 46.978321075439453 ], [ 84.661361694335938, 46.994991302490234 ], [ 84.750808715820312, 46.955539703369141 ], [ 84.781646728515625, 46.925819396972656 ], [ 84.735237121582031, 46.836929321289062 ], [ 84.78497314453125, 46.826381683349609 ], [ 84.963592529296875, 46.864151000976562 ], [ 85.21942138671875, 47.039710998535156 ], [ 85.51580810546875, 47.058040618896484 ], [ 85.58135986328125, 47.184711456298828 ], [ 85.686630249023438, 47.211929321289062 ], [ 85.705543518066406, 47.364990234375 ], [ 85.609130859375, 47.499431610107422 ], [ 85.573867797851562, 47.801929473876953 ], [ 85.536361694335938, 47.943309783935547 ], [ 85.777763366699219, 48.402210235595703 ], [ 86.021636962890625, 48.436931610107422 ], [ 86.230796813964844, 48.425258636474609 ], [ 86.344131469726562, 48.495258331298828 ], [ 86.596076965332031, 48.536098480224609 ], [ 86.644973754882812, 48.616378784179688 ], [ 86.774406433105469, 48.714431762695312 ], [ 86.821372985839844, 48.846649169921875 ], [ 86.746078491210938, 48.910541534423828 ], [ 86.73052978515625, 48.972209930419922 ], [ 86.86163330078125, 49.104988098144531 ], [ 87.259696960449219, 49.111099243164062 ], [ 87.446617126464844, 49.077480316162109 ], [ 87.839973449707031, 49.171840667724609 ], [ 87.899406433105469, 49.002208709716797 ], [ 87.873016357421875, 48.951930999755859 ], [ 87.781356811523438, 48.927478790283203 ], [ 87.759407043457031, 48.881649017333984 ], [ 87.905532836914062, 48.773040771484375 ], [ 88.039138793945312, 48.747211456298828 ], [ 88.088577270507812, 48.706378936767578 ], [ 88.02081298828125, 48.633319854736328 ], [ 87.96942138671875, 48.607490539550781 ], [ 87.973297119140625, 48.576930999755859 ], [ 88.574142456054688, 48.362758636474609 ], [ 88.605239868164062, 48.217758178710938 ], [ 88.8338623046875, 48.110271453857422 ], [ 88.933296203613281, 48.115261077880859 ], [ 89.077468872070312, 47.995540618896484 ], [ 89.225799560546875, 47.980541229248047 ], [ 89.530532836914062, 48.041370391845703 ], [ 89.590812683105469, 48.029708862304688 ], [ 89.668296813964844, 47.913040161132812 ], [ 89.78192138671875, 47.828319549560547 ], [ 89.938858032226562, 47.836368560791016 ], [ 89.976638793945312, 47.891929626464844 ], [ 90.067466735839844, 47.889430999755859 ], [ 90.091636657714844, 47.865261077880859 ], [ 90.08331298828125, 47.797489166259766 ], [ 90.134140014648438, 47.737491607666016 ], [ 90.356918334960938, 47.674430847167969 ], [ 90.357467651367188, 47.643318176269531 ], [ 90.407752990722656, 47.543048858642578 ], [ 90.465812683105469, 47.500270843505859 ], [ 90.489959716796875, 47.321929931640625 ], [ 90.761093139648438, 46.999710083007812 ], [ 90.857192993164062, 46.988590240478516 ], [ 90.9588623046875, 46.883041381835938 ], [ 90.94384765625, 46.828868865966797 ], [ 91.034408569335938, 46.742210388183594 ], [ 91.072196960449219, 46.573318481445312 ], [ 90.923019409179688, 46.315540313720703 ], [ 91.029693603515625, 46.041660308837891 ], [ 91.021087646484375, 46.008319854736328 ], [ 90.71942138671875, 45.735538482666016 ], [ 90.6746826171875, 45.494991302490234 ], [ 90.794418334960938, 45.394710540771484 ], [ 90.881637573242188, 45.204151153564453 ], [ 90.939407348632812, 45.193038940429688 ], [ 91.011917114257812, 45.223869323730469 ], [ 91.141647338867188, 45.212760925292969 ], [ 91.23052978515625, 45.151088714599609 ], [ 91.383033752441406, 45.11859130859375 ], [ 91.453582763671875, 45.158039093017578 ], [ 91.681083679199219, 45.068599700927734 ], [ 92.09246826171875, 45.079429626464844 ], [ 92.359703063964844, 45.012760162353516 ], [ 93.095252990722656, 45.010269165039062 ], [ 93.530807495117188, 44.962200164794922 ], [ 94.127182006835938, 44.700260162353516 ], [ 94.318038940429688, 44.587490081787109 ], [ 94.36480712890625, 44.520519256591797 ], [ 94.599411010742188, 44.453041076660156 ], [ 94.724411010742188, 44.349151611328125 ], [ 95.020523071289062, 44.256938934326172 ], [ 95.411087036132812, 44.296390533447266 ], [ 95.423286437988281, 44.2783203125 ], [ 95.350250244140625, 44.177761077880859 ], [ 95.336090087890625, 44.020820617675781 ], [ 95.539962768554688, 43.992759704589844 ], [ 95.84552001953125, 43.441368103027344 ], [ 95.88134765625, 43.279148101806641 ], [ 96.356918334960938, 42.906929016113281 ], [ 96.383033752441406, 42.731090545654297 ], [ 97.171630859375, 42.797489166259766 ], [ 98.530258178710938, 42.628868103027344 ], [ 99.498580932617188, 42.570819854736328 ], [ 100.034698486328125, 42.648319244384766 ], [ 100.254997253417969, 42.641101837158203 ], [ 100.31500244140625, 42.691089630126953 ], [ 100.835502624511719, 42.67803955078125 ], [ 101.814697265625, 42.509708404541016 ], [ 102.077201843261719, 42.233318328857422 ], [ 102.442497253417969, 42.151088714599609 ], [ 102.712501525878906, 42.161369323730469 ], [ 103.416397094726562, 41.887210845947266 ], [ 103.849403381347656, 41.802478790283203 ], [ 104.06109619140625, 41.803310394287109 ], [ 104.526603698730469, 41.877201080322266 ], [ 104.524101257324219, 41.663871765136719 ], [ 104.930496215820312, 41.651920318603516 ], [ 105.012199401855469, 41.581378936767578 ], [ 105.226898193359375, 41.749988555908203 ], [ 106.12249755859375, 42.077480316162109 ], [ 106.781898498535156, 42.295539855957031 ], [ 107.002799987792969, 42.313320159912109 ], [ 107.262496948242188, 42.359989166259766 ], [ 107.277198791503906, 42.410541534423828 ], [ 107.471900939941406, 42.466091156005859 ], [ 107.571098327636719, 42.410259246826172 ], [ 108.527801513671875, 42.442211151123047 ], [ 108.845497131347656, 42.399990081787109 ], [ 109.0, 42.458320617675781 ], [ 109.3135986328125, 42.429988861083984 ], [ 109.544700622558594, 42.473869323730469 ], [ 109.695503234863281, 42.558319091796875 ], [ 109.927696228027344, 42.641368865966797 ], [ 110.107498168945312, 42.645538330078125 ], [ 110.1343994140625, 42.673599243164062 ], [ 110.440498352050781, 42.777759552001953 ], [ 110.471900939941406, 42.846088409423828 ], [ 110.673599243164062, 43.003318786621094 ], [ 110.725303649902344, 43.078868865966797 ], [ 110.989700317382812, 43.316928863525391 ], [ 111.435501098632812, 43.489429473876953 ], [ 111.585800170898438, 43.497211456298828 ], [ 111.783897399902344, 43.672489166259766 ], [ 111.958297729492188, 43.692211151123047 ], [ 111.977996826171875, 43.763050079345703 ], [ 111.879402160644531, 43.938869476318359 ], [ 111.584999084472656, 44.150821685791016 ], [ 111.426399230957031, 44.332759857177734 ], [ 111.426902770996094, 44.412761688232422 ], [ 111.56109619140625, 44.577770233154297 ], [ 111.568000793457031, 44.679149627685547 ], [ 111.785003662109375, 45.000541687011719 ], [ 111.980796813964844, 45.091648101806641 ], [ 112.427200317382812, 45.080539703369141 ], [ 112.607498168945312, 44.926380157470703 ], [ 113.1260986328125, 44.797771453857422 ], [ 113.63800048828125, 44.745258331298828 ], [ 113.916900634765625, 44.922760009765625 ], [ 114.0740966796875, 44.938030242919922 ], [ 114.462196350097656, 45.211650848388672 ], [ 114.545196533203125, 45.389430999755859 ], [ 114.736099243164062, 45.442211151123047 ], [ 114.938003540039062, 45.382759094238281 ], [ 115.701896667480469, 45.458599090576172 ], [ 116.031402587890625, 45.685539245605469 ], [ 116.150001525878906, 45.693309783935547 ], [ 116.272201538085938, 45.7894287109375 ], [ 116.280502319335938, 45.823318481445312 ], [ 116.234100341796875, 45.887760162353516 ], [ 116.362998962402344, 46.088871002197266 ], [ 116.585502624511719, 46.295818328857422 ], [ 116.841598510742188, 46.393600463867188 ], [ 117.093002319335938, 46.359428405761719 ], [ 117.370796203613281, 46.364429473876953 ], [ 117.421096801757812, 46.578319549560547 ], [ 117.598899841308594, 46.611930847167969 ], [ 117.632698059082031, 46.551090240478516 ], [ 117.716598510742188, 46.513881683349609 ], [ 117.844100952148438, 46.534431457519531 ], [ 117.916099548339844, 46.610271453857422 ], [ 118.310203552246094, 46.736930847167969 ], [ 118.553596496582031, 46.690818786621094 ], [ 118.773300170898438, 46.683868408203125 ], [ 118.844100952148438, 46.765541076660156 ], [ 118.88690185546875, 46.769710540771484 ], [ 118.917701721191406, 46.720539093017578 ], [ 118.990501403808594, 46.750270843505859 ], [ 119.061599731445312, 46.677761077880859 ], [ 119.362998962402344, 46.614429473876953 ], [ 119.639999389648438, 46.627479553222656 ], [ 119.691398620605469, 46.597759246826172 ], [ 119.928001403808594, 46.710269927978516 ], [ 119.925498962402344, 46.908870697021484 ], [ 119.801399230957031, 46.993869781494141 ], [ 119.735198974609375, 47.155540466308594 ], [ 119.614097595214844, 47.248039245605469 ], [ 119.308601379394531, 47.424430847167969 ], [ 119.346397399902344, 47.473869323730469 ], [ 119.149398803710938, 47.533870697021484 ], [ 119.125, 47.664989471435547 ], [ 118.767196655273438, 47.772758483886719 ], [ 118.557701110839844, 47.995258331298828 ], [ 117.807998657226562, 48.011928558349609 ], [ 117.390296936035156, 47.660541534423828 ], [ 117.327796936035156, 47.669151306152344 ], [ 117.111099243164062, 47.8135986328125 ], [ 116.874702453613281, 47.888038635253906 ], [ 116.470298767089844, 47.839149475097656 ], [ 116.25830078125, 47.878589630126953 ], [ 116.115501403808594, 47.821929931640625 ], [ 115.972702026367188, 47.691928863525391 ], [ 115.919097900390625, 47.691928863525391 ], [ 115.592201232910156, 47.919429779052734 ], [ 115.540000915527344, 48.135818481445312 ], [ 115.835800170898438, 48.252490997314453 ], [ 115.81109619140625, 48.520538330078125 ], [ 116.084098815917969, 48.815818786621094 ], [ 116.056396484375, 48.863319396972656 ], [ 116.70880126953125, 49.828189849853516 ], [ 117.209999084472656, 49.641929626464844 ], [ 117.873001098632812, 49.507770538330078 ], [ 117.885002136230469, 49.542209625244141 ], [ 118.364997863769531, 49.778041839599609 ], [ 118.384696960449219, 49.816379547119141 ], [ 118.474998474121094, 49.830539703369141 ], [ 118.564697265625, 49.917758941650391 ], [ 118.910499572753906, 49.984710693359375 ], [ 119.096900939941406, 49.988491058349609 ] ] ] ] } },
{ "type": "Feature", "properties": { }, "geometry": { "type": "Polygon", "coordinates": [ [ [ 113.860801696777344, 22.459390640258789 ], [ 114.223587036132812, 22.549333572387695 ], [ 114.356903076171875, 22.608049392700195 ], [ 114.461898803710938, 22.559160232543945 ], [ 114.498298645019531, 22.448089599609375 ], [ 114.50250244140625, 22.143880844116211 ], [ 113.881301879882812, 22.143880844116211 ], [ 113.8218994140625, 22.218320846557617 ], [ 113.860801696777344, 22.459390640258789 ] ] ] } },
{ "type": "Feature", "properties": { }, "geometry": { "type": "MultiPolygon", "coordinates": [ [ [ [ 135.7626953125, 33.427490234375 ], [ 135.772201538085938, 33.454990386962891 ], [ 135.412200927734375, 33.570270538330078 ], [ 135.336593627929688, 33.654148101806641 ], [ 135.398300170898438, 33.694438934326172 ], [ 135.320205688476562, 33.751380920410156 ], [ 135.20440673828125, 33.801101684570312 ], [ 135.14300537109375, 33.874710083007812 ], [ 135.06610107421875, 33.873321533203125 ], [ 135.092697143554688, 33.978038787841797 ], [ 135.159896850585938, 34.023040771484375 ], [ 135.129898071289062, 34.116939544677734 ], [ 135.19720458984375, 34.139148712158203 ], [ 135.064102172851562, 34.258041381835938 ], [ 135.07470703125, 34.292758941650391 ], [ 135.352203369140625, 34.439990997314453 ], [ 135.451095581054688, 34.545269012451172 ], [ 135.45440673828125, 34.631649017333984 ], [ 135.346603393554688, 34.7127685546875 ], [ 135.1947021484375, 34.670551300048828 ], [ 135.099105834960938, 34.624710083007812 ], [ 134.972702026367188, 34.632770538330078 ], [ 134.762496948242188, 34.756649017333984 ], [ 134.456100463867188, 34.759159088134766 ], [ 134.419097900390625, 34.721660614013672 ], [ 134.249404907226562, 34.689159393310547 ], [ 134.127197265625, 34.584709167480469 ], [ 133.94110107421875, 34.585819244384766 ], [ 133.926300048828125, 34.562480926513672 ], [ 134.046401977539062, 34.576930999755859 ], [ 133.9429931640625, 34.454429626464844 ], [ 133.798797607421875, 34.431381225585938 ], [ 133.722198486328125, 34.520820617675781 ], [ 133.417999267578125, 34.466930389404297 ], [ 133.354400634765625, 34.356380462646484 ], [ 133.272705078125, 34.317211151123047 ], [ 133.31689453125, 34.362491607666016 ], [ 133.264694213867188, 34.422210693359375 ], [ 133.181106567382812, 34.344989776611328 ], [ 133.207199096679688, 34.306098937988281 ], [ 133.089401245117188, 34.250541687011719 ], [ 133.064697265625, 34.298038482666016 ], [ 133.104904174804688, 34.345539093017578 ], [ 133.120803833007812, 34.309989929199219 ], [ 133.169998168945312, 34.355548858642578 ], [ 133.14630126953125, 34.37860107421875 ], [ 133.084396362304688, 34.382488250732422 ], [ 133.07470703125, 34.339710235595703 ], [ 132.852996826171875, 34.286380767822266 ], [ 132.822998046875, 34.308601379394531 ], [ 132.662399291992188, 34.201381683349609 ], [ 132.550796508789062, 34.190540313720703 ], [ 132.529098510742188, 34.339988708496094 ], [ 132.404998779296875, 34.364990234375 ], [ 132.302703857421875, 34.314990997314453 ], [ 132.224105834960938, 34.238040924072266 ], [ 132.240798950195312, 34.155269622802734 ], [ 132.201095581054688, 34.060821533203125 ], [ 132.214096069335938, 33.995540618896484 ], [ 132.159393310546875, 33.947208404541016 ], [ 132.128799438476562, 33.941928863525391 ], [ 132.158294677734375, 33.842491149902344 ], [ 132.053298950195312, 33.79193115234375 ], [ 132.106597900390625, 33.828319549560547 ], [ 132.103607177734375, 33.866649627685547 ], [ 131.848602294921875, 33.999710083007812 ], [ 131.788604736328125, 33.960540771484375 ], [ 131.794097900390625, 33.993320465087891 ], [ 131.826095581054688, 34.015819549560547 ], [ 131.745803833007812, 34.053600311279297 ], [ 131.535202026367188, 33.994159698486328 ], [ 131.457992553710938, 34.002769470214844 ], [ 131.396102905273438, 33.97637939453125 ], [ 131.397506713867188, 34.033870697021484 ], [ 131.267196655273438, 33.920551300048828 ], [ 131.033294677734375, 34.040271759033203 ], [ 130.914703369140625, 33.914989471435547 ], [ 130.8782958984375, 33.937210083007812 ], [ 130.906097412109375, 33.980258941650391 ], [ 130.858596801757812, 34.099151611328125 ], [ 130.925201416015625, 34.168880462646484 ], [ 130.88720703125, 34.327491760253906 ], [ 131.0115966796875, 34.366649627685547 ], [ 130.99969482421875, 34.391651153564453 ], [ 130.934402465820312, 34.389991760253906 ], [ 130.964996337890625, 34.425270080566406 ], [ 131.157394409179688, 34.365550994873047 ], [ 131.170196533203125, 34.402488708496094 ], [ 131.225204467773438, 34.430820465087891 ], [ 131.20770263671875, 34.368881225585938 ], [ 131.40020751953125, 34.417209625244141 ], [ 131.554702758789062, 34.603321075439453 ], [ 131.977706909179688, 34.811100006103516 ], [ 132.201904296875, 34.997489929199219 ], [ 132.38360595703125, 35.115261077880859 ], [ 132.468307495117188, 35.201099395751953 ], [ 132.638900756835938, 35.286380767822266 ], [ 132.680801391601562, 35.365821838378906 ], [ 132.62860107421875, 35.409988403320312 ], [ 132.681106567382812, 35.440540313720703 ], [ 133.046401977539062, 35.542209625244141 ], [ 133.094100952148438, 35.583320617675781 ], [ 133.243606567382812, 35.554439544677734 ], [ 133.3240966796875, 35.564708709716797 ], [ 133.250503540039062, 35.533870697021484 ], [ 133.2655029296875, 35.485538482666016 ], [ 133.328292846679688, 35.451648712158203 ], [ 133.414703369140625, 35.446380615234375 ], [ 133.51409912109375, 35.504161834716797 ], [ 133.595504760742188, 35.516651153564453 ], [ 133.867706298828125, 35.491378784179688 ], [ 134.579696655273438, 35.642208099365234 ], [ 134.900497436523438, 35.633319854736328 ], [ 135.167999267578125, 35.752490997314453 ], [ 135.222198486328125, 35.762210845947266 ], [ 135.303604125976562, 35.69110107421875 ], [ 135.208297729492188, 35.545551300048828 ], [ 135.257705688476562, 35.559429168701172 ], [ 135.243606567382812, 35.534431457519531 ], [ 135.32470703125, 35.508880615234375 ], [ 135.313003540039062, 35.439430236816406 ], [ 135.401596069335938, 35.476100921630859 ], [ 135.345794677734375, 35.524711608886719 ], [ 135.351303100585938, 35.545818328857422 ], [ 135.461105346679688, 35.588039398193359 ], [ 135.474395751953125, 35.522491455078125 ], [ 135.572998046875, 35.491378784179688 ], [ 135.661102294921875, 35.535549163818359 ], [ 135.64019775390625, 35.491100311279297 ], [ 135.713592529296875, 35.47637939453125 ], [ 135.7532958984375, 35.499988555908203 ], [ 135.697402954101562, 35.536930084228516 ], [ 135.723297119140625, 35.556659698486328 ], [ 135.803604125976562, 35.518318176269531 ], [ 135.850494384765625, 35.573600769042969 ], [ 135.82220458984375, 35.633041381835938 ], [ 135.968002319335938, 35.611930847167969 ], [ 135.964401245117188, 35.706100463867188 ], [ 136.017501831054688, 35.742210388183594 ], [ 136.048004150390625, 35.702770233154297 ], [ 136.034896850585938, 35.669429779052734 ], [ 136.07269287109375, 35.648601531982422 ], [ 136.098602294921875, 35.762760162353516 ], [ 135.9613037109375, 35.957210540771484 ], [ 136.035797119140625, 36.090549468994141 ], [ 136.305206298828125, 36.329151153564453 ], [ 136.382400512695312, 36.369709014892578 ], [ 136.649093627929688, 36.655818939208984 ], [ 136.751602172851562, 36.831378936767578 ], [ 136.7677001953125, 36.965259552001953 ], [ 136.67999267578125, 37.136379241943359 ], [ 136.736099243164062, 37.321929931640625 ], [ 136.8218994140625, 37.373600006103516 ], [ 137.26080322265625, 37.519710540771484 ], [ 137.340194702148438, 37.51470947265625 ], [ 137.360794067382812, 37.442489624023438 ], [ 137.265792846679688, 37.419158935546875 ], [ 137.240203857421875, 37.373600006103516 ], [ 137.272506713867188, 37.331378936767578 ], [ 137.236099243164062, 37.286098480224609 ], [ 137.13360595703125, 37.283870697021484 ], [ 137.037399291992188, 37.181930541992188 ], [ 136.931900024414062, 37.2158203125 ], [ 136.871597290039062, 37.065540313720703 ], [ 137.050506591796875, 37.091098785400391 ], [ 137.033798217773438, 36.924430847167969 ], [ 136.990005493164062, 36.856098175048828 ], [ 137.069900512695312, 36.783329010009766 ], [ 137.280807495117188, 36.747760772705078 ], [ 137.385498046875, 36.789710998535156 ], [ 137.432205200195312, 36.916099548339844 ], [ 137.99749755859375, 37.096099853515625 ], [ 138.564407348632812, 37.379428863525391 ], [ 138.740203857421875, 37.580268859863281 ], [ 138.81219482421875, 37.770549774169922 ], [ 138.918594360351562, 37.868881225585938 ], [ 139.235794067382812, 37.993881225585938 ], [ 139.424392700195312, 38.151660919189453 ], [ 139.551895141601562, 38.555271148681641 ], [ 139.76220703125, 38.785259246826172 ], [ 139.904098510742188, 39.159709930419922 ], [ 139.917694091796875, 39.262210845947266 ], [ 140.001907348632812, 39.331928253173828 ], [ 140.06219482421875, 39.522769927978516 ], [ 140.047195434570312, 39.779148101806641 ], [ 139.997695922851562, 39.853599548339844 ], [ 139.931900024414062, 39.88970947265625 ], [ 139.76080322265625, 39.857490539550781 ], [ 139.699996948242188, 39.961380004882812 ], [ 139.70660400390625, 39.994159698486328 ], [ 139.805206298828125, 39.958049774169922 ], [ 139.854095458984375, 39.9658203125 ], [ 139.919692993164062, 40.020820617675781 ], [ 140.022201538085938, 40.204429626464844 ], [ 140.024703979492188, 40.318878173828125 ], [ 139.940200805664062, 40.408039093017578 ], [ 139.944900512695312, 40.507209777832031 ], [ 139.923294067382812, 40.553600311279297 ], [ 139.855194091796875, 40.585540771484375 ], [ 140.024703979492188, 40.746929168701172 ], [ 140.218795776367188, 40.771648406982422 ], [ 140.268798828125, 40.806659698486328 ], [ 140.32220458984375, 41.011100769042969 ], [ 140.3782958984375, 40.979988098144531 ], [ 140.326095581054688, 41.081661224365234 ], [ 140.263900756835938, 41.124710083007812 ], [ 140.32080078125, 41.134708404541016 ], [ 140.338302612304688, 41.241378784179688 ], [ 140.396102905273438, 41.228870391845703 ], [ 140.461105346679688, 41.181381225585938 ], [ 140.551895141601562, 41.220539093017578 ], [ 140.6343994140625, 41.186378479003906 ], [ 140.660797119140625, 40.925540924072266 ], [ 140.69720458984375, 40.851940155029297 ], [ 140.74969482421875, 40.821380615234375 ], [ 140.815505981445312, 40.830268859863281 ], [ 140.871597290039062, 40.890541076660156 ], [ 140.869094848632812, 40.974990844726562 ], [ 140.927703857421875, 40.982208251953125 ], [ 141.116104125976562, 40.860538482666016 ], [ 141.159393310546875, 40.869159698486328 ], [ 141.233001708984375, 40.991100311279297 ], [ 141.279098510742188, 41.149711608886719 ], [ 141.228897094726562, 41.229988098144531 ], [ 141.179702758789062, 41.261661529541016 ], [ 141.062698364257812, 41.177211761474609 ], [ 140.866592407226562, 41.153881072998047 ], [ 140.806106567382812, 41.122760772705078 ], [ 140.773605346679688, 41.138599395751953 ], [ 140.77630615234375, 41.233318328857422 ], [ 140.908798217773438, 41.523601531982422 ], [ 141.087493896484375, 41.470539093017578 ], [ 141.208602905273438, 41.362209320068359 ], [ 141.300796508789062, 41.339710235595703 ], [ 141.406906127929688, 41.368320465087891 ], [ 141.453598022460938, 41.409709930419922 ], [ 141.473800659179688, 41.387489318847656 ], [ 141.39410400390625, 41.096931457519531 ], [ 141.45880126953125, 40.598598480224609 ], [ 141.511093139648438, 40.527210235595703 ], [ 141.58270263671875, 40.530269622802734 ], [ 141.820205688476562, 40.267208099365234 ], [ 141.841293334960938, 40.219989776611328 ], [ 141.806106567382812, 40.186649322509766 ], [ 141.874893188476562, 40.145549774169922 ], [ 141.833602905273438, 40.088329315185547 ], [ 141.906600952148438, 40.005260467529297 ], [ 141.947402954101562, 39.991649627685547 ], [ 141.978897094726562, 39.652759552001953 ], [ 141.953903198242188, 39.591381072998047 ], [ 142.022705078125, 39.640270233154297 ], [ 142.0697021484375, 39.546649932861328 ], [ 141.95550537109375, 39.461380004882812 ], [ 141.991592407226562, 39.442489624023438 ], [ 142.040802001953125, 39.477771759033203 ], [ 142.038299560546875, 39.422489166259766 ], [ 141.94549560546875, 39.383319854736328 ], [ 141.906600952148438, 39.324710845947266 ], [ 141.982498168945312, 39.345268249511719 ], [ 141.976898193359375, 39.311100006103516 ], [ 141.899993896484375, 39.270820617675781 ], [ 141.952499389648438, 39.225269317626953 ], [ 141.874404907226562, 39.198040008544922 ], [ 141.925003051757812, 39.177761077880859 ], [ 141.845504760742188, 39.146930694580078 ], [ 141.918304443359375, 39.10443115234375 ], [ 141.81939697265625, 39.051929473876953 ], [ 141.851104736328125, 39.020820617675781 ], [ 141.727996826171875, 39.029991149902344 ], [ 141.733596801757812, 38.955539703369141 ], [ 141.705795288085938, 38.943599700927734 ], [ 141.688796997070312, 38.993320465087891 ], [ 141.63330078125, 38.993320465087891 ], [ 141.661300659179688, 38.851100921630859 ], [ 141.608306884765625, 38.885540008544922 ], [ 141.58050537109375, 38.873600006103516 ], [ 141.593307495117188, 38.817760467529297 ], [ 141.522506713867188, 38.774711608886719 ], [ 141.566604614257812, 38.714710235595703 ], [ 141.462493896484375, 38.665271759033203 ], [ 141.535797119140625, 38.631378173828125 ], [ 141.464096069335938, 38.568599700927734 ], [ 141.542404174804688, 38.528049468994141 ], [ 141.539398193359375, 38.478599548339844 ], [ 141.493301391601562, 38.462211608886719 ], [ 141.474899291992188, 38.403049468994141 ], [ 141.526596069335938, 38.358600616455078 ], [ 141.525802612304688, 38.266380310058594 ], [ 141.425506591796875, 38.338039398193359 ], [ 141.425506591796875, 38.379161834716797 ], [ 141.19189453125, 38.376930236816406 ], [ 141.173004150390625, 38.313880920410156 ], [ 141.095794677734375, 38.364429473876953 ], [ 141.044097900390625, 38.317760467529297 ], [ 141.082992553710938, 38.300270080566406 ], [ 140.983001708984375, 38.204151153564453 ], [ 140.923004150390625, 38.033599853515625 ], [ 140.947998046875, 37.812210083007812 ], [ 141.023605346679688, 37.649990081787109 ], [ 141.039093017578125, 37.374980926513672 ], [ 140.975494384765625, 36.987770080566406 ], [ 140.930801391601562, 36.936100006103516 ], [ 140.826904296875, 36.9033203125 ], [ 140.6365966796875, 36.530540466308594 ], [ 140.605804443359375, 36.421649932861328 ], [ 140.624893188476562, 36.368881225585938 ], [ 140.565505981445312, 36.247489929199219 ], [ 140.593002319335938, 36.094440460205078 ], [ 140.857192993164062, 35.688880920410156 ], [ 140.681106567382812, 35.674991607666016 ], [ 140.545501708984375, 35.596099853515625 ], [ 140.4508056640625, 35.503879547119141 ], [ 140.397994995117188, 35.385269165039062 ], [ 140.416397094726562, 35.233879089355469 ], [ 140.334701538085938, 35.131378173828125 ], [ 140.002197265625, 35.015270233154297 ], [ 139.956893920898438, 34.912769317626953 ], [ 139.863601684570312, 34.889991760253906 ], [ 139.7738037109375, 34.949428558349609 ], [ 139.866897583007812, 34.993881225585938 ], [ 139.82440185546875, 35.154148101806641 ], [ 139.879104614257812, 35.214431762695312 ], [ 139.848800659179688, 35.278881072998047 ], [ 139.781295776367188, 35.298870086669922 ], [ 139.906295776367188, 35.341381072998047 ], [ 139.908294677734375, 35.409160614013672 ], [ 140.101898193359375, 35.534431457519531 ], [ 140.110000610351562, 35.564708709716797 ], [ 140.00860595703125, 35.651931762695312 ], [ 139.931594848632812, 35.655269622802734 ], [ 139.89630126953125, 35.619709014892578 ], [ 139.777206420898438, 35.633319854736328 ], [ 139.760498046875, 35.560260772705078 ], [ 139.786102294921875, 35.514991760253906 ], [ 139.645492553710938, 35.458881378173828 ], [ 139.691604614257812, 35.406940460205078 ], [ 139.636093139648438, 35.38970947265625 ], [ 139.676895141601562, 35.270259857177734 ], [ 139.745803833007812, 35.25360107421875 ], [ 139.680801391601562, 35.139148712158203 ], [ 139.620803833007812, 35.126659393310547 ], [ 139.57220458984375, 35.271930694580078 ], [ 139.44940185546875, 35.304149627685547 ], [ 139.283798217773438, 35.289440155029297 ], [ 139.175506591796875, 35.239990234375 ], [ 139.140792846679688, 35.184989929199219 ], [ 139.158599853515625, 35.133880615234375 ], [ 139.127700805664062, 35.129711151123047 ], [ 139.088302612304688, 35.057209014892578 ], [ 139.151092529296875, 34.928878784179688 ], [ 139.138595581054688, 34.874710083007812 ], [ 138.934097290039062, 34.637760162353516 ], [ 138.853302001953125, 34.593879699707031 ], [ 138.796096801757812, 34.621658325195312 ], [ 138.744705200195312, 34.684429168701172 ], [ 138.780807495117188, 34.995540618896484 ], [ 138.893798828125, 35.008880615234375 ], [ 138.907394409179688, 35.033870697021484 ], [ 138.781906127929688, 35.109989166259766 ], [ 138.710494995117188, 35.124439239501953 ], [ 138.573898315429688, 35.094711303710938 ], [ 138.503799438476562, 34.986660003662109 ], [ 138.532699584960938, 34.980819702148438 ], [ 138.366897583007812, 34.901660919189453 ], [ 138.329696655273438, 34.851650238037109 ], [ 138.342193603515625, 34.806659698486328 ], [ 138.2052001953125, 34.666099548339844 ], [ 138.201400756835938, 34.616100311279297 ], [ 138.225799560546875, 34.581928253173828 ], [ 137.982498168945312, 34.652210235595703 ], [ 137.472396850585938, 34.655540466308594 ], [ 137.036102294921875, 34.564708709716797 ], [ 137.0238037109375, 34.578319549560547 ], [ 137.069900512695312, 34.639991760253906 ], [ 137.177703857421875, 34.652488708496094 ], [ 137.344696044921875, 34.709148406982422 ], [ 137.321395874023438, 34.770549774169922 ], [ 137.224105834960938, 34.798038482666016 ], [ 137.050201416015625, 34.757209777832031 ], [ 136.988800048828125, 34.806930541992188 ], [ 136.980194091796875, 34.919429779052734 ], [ 136.929397583007812, 34.846660614013672 ], [ 136.916900634765625, 34.774990081787109 ], [ 136.974105834960938, 34.688320159912109 ], [ 136.889694213867188, 34.714160919189453 ], [ 136.847396850585938, 34.746658325195312 ], [ 136.86749267578125, 34.810550689697266 ], [ 136.82470703125, 34.886661529541016 ], [ 136.831893920898438, 34.944988250732422 ], [ 136.896896362304688, 35.069149017333984 ], [ 136.71380615234375, 35.019989013671875 ], [ 136.653793334960938, 34.974990844726562 ], [ 136.639694213867188, 34.854160308837891 ], [ 136.537200927734375, 34.746379852294922 ], [ 136.519393920898438, 34.692489624023438 ], [ 136.535797119140625, 34.600818634033203 ], [ 136.858001708984375, 34.47637939453125 ], [ 136.917404174804688, 34.431659698486328 ], [ 136.895797729492188, 34.379428863525391 ], [ 136.901596069335938, 34.273601531982422 ], [ 136.852706909179688, 34.244159698486328 ], [ 136.774093627929688, 34.256649017333984 ], [ 136.779403686523438, 34.269989013671875 ], [ 136.846298217773438, 34.273040771484375 ], [ 136.854904174804688, 34.303050994873047 ], [ 136.703292846679688, 34.286098480224609 ], [ 136.726104736328125, 34.325550079345703 ], [ 136.678298950195312, 34.333320617675781 ], [ 136.607192993164062, 34.256938934326172 ], [ 136.521102905273438, 34.270549774169922 ], [ 136.50909423828125, 34.224708557128906 ], [ 136.32220458984375, 34.172771453857422 ], [ 136.290802001953125, 34.138050079345703 ], [ 136.31689453125, 34.100269317626953 ], [ 136.284698486328125, 34.078601837158203 ], [ 136.25439453125, 34.103599548339844 ], [ 136.217498779296875, 34.070270538330078 ], [ 136.277694702148438, 33.981658935546875 ], [ 136.104095458984375, 33.870819091796875 ], [ 135.9346923828125, 33.592769622802734 ], [ 135.918594360351562, 33.541370391845703 ], [ 135.7626953125, 33.427490234375 ] ] ], [ [ [ 129.339996337890625, 34.294708251953125 ], [ 129.351303100585938, 34.355819702148438 ], [ 129.246902465820312, 34.341381072998047 ], [ 129.335205078125, 34.524429321289062 ], [ 129.300201416015625, 34.556930541992188 ], [ 129.335006713867188, 34.633880615234375 ], [ 129.384902954101562, 34.62860107421875 ], [ 129.473007202148438, 34.685440063476562 ], [ 129.500198364257812, 34.628040313720703 ], [ 129.4501953125, 34.616100311279297 ], [ 129.485198974609375, 34.579151153564453 ], [ 129.369705200195312, 34.387210845947266 ], [ 129.3804931640625, 34.322490692138672 ], [ 129.339996337890625, 34.294708251953125 ] ] ], [ [ [ 134.755203247070312, 34.184711456298828 ], [ 134.666595458984375, 34.259708404541016 ], [ 134.666900634765625, 34.296939849853516 ], [ 134.973297119140625, 34.579990386962891 ], [ 135.027999877929688, 34.574989318847656 ], [ 134.909103393554688, 34.418048858642578 ], [ 134.917205810546875, 34.321098327636719 ], [ 134.953292846679688, 34.275539398193359 ], [ 134.82159423828125, 34.197208404541016 ], [ 134.755203247070312, 34.184711456298828 ] ] ], [ [ [ 129.375503540039062, 28.115270614624023 ], [ 129.279998779296875, 28.178329467773438 ], [ 129.274093627929688, 28.221099853515625 ], [ 129.157699584960938, 28.234989166259766 ], [ 129.223602294921875, 28.254989624023438 ], [ 129.258895874023438, 28.245279312133789 ], [ 129.290206909179688, 28.275550842285156 ], [ 129.232192993164062, 28.294160842895508 ], [ 129.331893920898438, 28.36305046081543 ], [ 129.456893920898438, 28.390270233154297 ], [ 129.6907958984375, 28.497669219970703 ], [ 129.718307495117188, 28.435550689697266 ], [ 129.422500610351562, 28.249439239501953 ], [ 129.465499877929688, 28.211380004882812 ], [ 129.375503540039062, 28.115270614624023 ] ] ], [ [ [ 130.592498779296875, 32.693878173828125 ], [ 130.601593017578125, 32.794990539550781 ], [ 130.430801391601562, 32.919158935546875 ], [ 130.427703857421875, 33.053050994873047 ], [ 130.38299560546875, 33.103321075439453 ], [ 130.216903686523438, 33.181659698486328 ], [ 130.117706298828125, 33.093601226806641 ], [ 130.217697143554688, 32.949428558349609 ], [ 130.095794677734375, 32.851100921630859 ], [ 130.130203247070312, 32.835269927978516 ], [ 130.301300048828125, 32.867210388183594 ], [ 130.3341064453125, 32.848598480224609 ], [ 130.376602172851562, 32.766380310058594 ], [ 130.33270263671875, 32.654148101806641 ], [ 130.169403076171875, 32.590259552001953 ], [ 130.131301879882812, 32.673599243164062 ], [ 130.164398193359375, 32.680820465087891 ], [ 130.2030029296875, 32.728599548339844 ], [ 130.168304443359375, 32.785820007324219 ], [ 129.9447021484375, 32.743320465087891 ], [ 129.89300537109375, 32.640548706054688 ], [ 129.74609375, 32.561100006103516 ], [ 129.787399291992188, 32.599151611328125 ], [ 129.858596801757812, 32.716381072998047 ], [ 129.771102905273438, 32.812210083007812 ], [ 129.731903076171875, 32.792488098144531 ], [ 129.6343994140625, 32.961929321289062 ], [ 129.682205200195312, 33.079990386962891 ], [ 129.726593017578125, 33.067760467529297 ], [ 129.772994995117188, 33.006099700927734 ], [ 129.82080078125, 32.97943115234375 ], [ 129.832504272460938, 32.910549163818359 ], [ 129.795196533203125, 32.937210083007812 ], [ 129.804092407226562, 32.87860107421875 ], [ 130.00799560546875, 32.830539703369141 ], [ 129.926895141601562, 33.012760162353516 ], [ 129.738006591796875, 33.080539703369141 ], [ 129.76019287109375, 33.134159088134766 ], [ 129.665496826171875, 33.096370697021484 ], [ 129.669692993164062, 33.158329010009766 ], [ 129.563796997070312, 33.207210540771484 ], [ 129.57470703125, 33.311378479003906 ], [ 129.602203369140625, 33.368881225585938 ], [ 129.702499389648438, 33.338600158691406 ], [ 129.763900756835938, 33.358600616455078 ], [ 129.852706909179688, 33.279991149902344 ], [ 129.878005981445312, 33.385540008544922 ], [ 129.798004150390625, 33.437770843505859 ], [ 129.814102172851562, 33.468330383300781 ], [ 129.867202758789062, 33.438320159912109 ], [ 129.864395141601562, 33.53887939453125 ], [ 129.966598510742188, 33.50360107421875 ], [ 129.95269775390625, 33.466941833496094 ], [ 130.027999877929688, 33.447769165039062 ], [ 130.169097900390625, 33.543880462646484 ], [ 130.114700317382812, 33.541099548339844 ], [ 130.098297119140625, 33.579990386962891 ], [ 130.218307495117188, 33.654991149902344 ], [ 130.243301391601562, 33.609989166259766 ], [ 130.362701416015625, 33.582771301269531 ], [ 130.415206909179688, 33.62554931640625 ], [ 130.417205810546875, 33.665538787841797 ], [ 130.362503051757812, 33.645549774169922 ], [ 130.338302612304688, 33.654430389404297 ], [ 130.464401245117188, 33.729709625244141 ], [ 130.457199096679688, 33.809711456298828 ], [ 130.703903198242188, 33.936378479003906 ], [ 130.901901245117188, 33.880260467529297 ], [ 130.996597290039062, 33.950820922851562 ], [ 131.01519775390625, 33.938041687011719 ], [ 130.955795288085938, 33.810550689697266 ], [ 131.095794677734375, 33.612491607666016 ], [ 131.423004150390625, 33.568050384521484 ], [ 131.507705688476562, 33.662490844726562 ], [ 131.56219482421875, 33.672489166259766 ], [ 131.669692993164062, 33.647491455078125 ], [ 131.741104125976562, 33.537208557128906 ], [ 131.701400756835938, 33.41387939453125 ], [ 131.5780029296875, 33.340549468994141 ], [ 131.522994995117188, 33.355258941650391 ], [ 131.49969482421875, 33.331661224365234 ], [ 131.51910400390625, 33.261379241943359 ], [ 131.578903198242188, 33.245540618896484 ], [ 131.902496337890625, 33.2510986328125 ], [ 131.8179931640625, 33.111930847167969 ], [ 131.911300659179688, 33.114990234375 ], [ 131.874893188476562, 33.064990997314453 ], [ 131.94940185546875, 33.081100463867188 ], [ 132.01190185546875, 33.042488098144531 ], [ 131.935806274414062, 33.034709930419922 ], [ 131.899093627929688, 32.975269317626953 ], [ 131.9324951171875, 32.945819854736328 ], [ 132.07159423828125, 32.925819396972656 ], [ 131.951400756835938, 32.822780609130859 ], [ 132.001907348632812, 32.81610107421875 ], [ 131.943801879882812, 32.786098480224609 ], [ 131.734695434570312, 32.580539703369141 ], [ 131.697402954101562, 32.581928253173828 ], [ 131.683807373046875, 32.516380310058594 ], [ 131.731903076171875, 32.487209320068359 ], [ 131.7091064453125, 32.4627685546875 ], [ 131.655593872070312, 32.457599639892578 ], [ 131.667694091796875, 32.417758941650391 ], [ 131.62860107421875, 32.384990692138672 ], [ 131.4468994140625, 31.880550384521484 ], [ 131.492706298828125, 31.794719696044922 ], [ 131.4613037109375, 31.680549621582031 ], [ 131.38299560546875, 31.553329467773438 ], [ 131.397201538085938, 31.48944091796875 ], [ 131.3280029296875, 31.366659164428711 ], [ 131.247695922851562, 31.382770538330078 ], [ 131.2001953125, 31.460830688476562 ], [ 131.0596923828125, 31.441659927368164 ], [ 131.003005981445312, 31.351940155029297 ], [ 131.056594848632812, 31.341939926147461 ], [ 131.109695434570312, 31.306940078735352 ], [ 130.942703247070312, 31.120269775390625 ], [ 130.666397094726562, 30.996660232543945 ], [ 130.677200317382812, 31.073049545288086 ], [ 130.74249267578125, 31.123880386352539 ], [ 130.798294067382812, 31.318330764770508 ], [ 130.696395874023438, 31.540550231933594 ], [ 130.601898193359375, 31.566659927368164 ], [ 130.604400634765625, 31.591379165649414 ], [ 130.671600341796875, 31.620269775390625 ], [ 130.716598510742188, 31.603609085083008 ], [ 130.718002319335938, 31.558610916137695 ], [ 130.7510986328125, 31.553329467773438 ], [ 130.795806884765625, 31.604719161987305 ], [ 130.802703857421875, 31.692770004272461 ], [ 130.671096801757812, 31.724990844726562 ], [ 130.607192993164062, 31.671379089355469 ], [ 130.51409912109375, 31.454160690307617 ], [ 130.563796997070312, 31.324159622192383 ], [ 130.664901733398438, 31.260269165039062 ], [ 130.635498046875, 31.17888069152832 ], [ 130.578292846679688, 31.156379699707031 ], [ 130.479705810546875, 31.234159469604492 ], [ 130.234100341796875, 31.246110916137695 ], [ 130.228302001953125, 31.271659851074219 ], [ 130.119705200195312, 31.405830383300781 ], [ 130.164703369140625, 31.424160003662109 ], [ 130.224105834960938, 31.380830764770508 ], [ 130.308807373046875, 31.46221923828125 ], [ 130.33380126953125, 31.633329391479492 ], [ 130.177505493164062, 31.765829086303711 ], [ 130.208602905273438, 31.921100616455078 ], [ 130.162399291992188, 32.006938934326172 ], [ 130.19720458984375, 32.061939239501953 ], [ 130.176300048828125, 32.086101531982422 ], [ 130.210205078125, 32.124721527099609 ], [ 130.268798828125, 32.102489471435547 ], [ 130.5697021484375, 32.442489624023438 ], [ 130.569900512695312, 32.558601379394531 ], [ 130.650802612304688, 32.607208251953125 ], [ 130.658294677734375, 32.647499084472656 ], [ 130.474395751953125, 32.618598937988281 ], [ 130.456100463867188, 32.633598327636719 ], [ 130.592498779296875, 32.693878173828125 ] ] ], [ [ [ 140.202499389648438, 41.397491455078125 ], [ 140.0697021484375, 41.419158935546875 ], [ 139.987197875976562, 41.541099548339844 ], [ 140.004898071289062, 41.662769317626953 ], [ 140.143600463867188, 41.885818481445312 ], [ 140.138900756835938, 41.981380462646484 ], [ 140.049102783203125, 42.0908203125 ], [ 139.815200805664062, 42.214710235595703 ], [ 139.768600463867188, 42.295818328857422 ], [ 139.844696044921875, 42.467769622802734 ], [ 139.8291015625, 42.596660614013672 ], [ 139.863296508789062, 42.653598785400391 ], [ 140.129104614257812, 42.742771148681641 ], [ 140.181304931640625, 42.813320159912109 ], [ 140.26519775390625, 42.754711151123047 ], [ 140.31219482421875, 42.773040771484375 ], [ 140.368606567382812, 42.881378173828125 ], [ 140.528793334960938, 43.000541687011719 ], [ 140.421600341796875, 43.150539398193359 ], [ 140.346893310546875, 43.189708709716797 ], [ 140.321395874023438, 43.235538482666016 ], [ 140.358306884765625, 43.318878173828125 ], [ 140.474899291992188, 43.367488861083984 ], [ 140.795501708984375, 43.1885986328125 ], [ 141.01220703125, 43.227489471435547 ], [ 141.006301879882812, 43.180538177490234 ], [ 141.158798217773438, 43.137760162353516 ], [ 141.217193603515625, 43.145259857177734 ], [ 141.367202758789062, 43.249149322509766 ], [ 141.425201416015625, 43.321659088134766 ], [ 141.435195922851562, 43.404991149902344 ], [ 141.353302001953125, 43.533599853515625 ], [ 141.38690185546875, 43.578880310058594 ], [ 141.335494995117188, 43.696098327636719 ], [ 141.376296997070312, 43.779708862304688 ], [ 141.603302001953125, 43.883880615234375 ], [ 141.663299560546875, 43.994709014892578 ], [ 141.650802612304688, 44.294708251953125 ], [ 141.745193481445312, 44.417209625244141 ], [ 141.797500610351562, 44.667758941650391 ], [ 141.765792846679688, 44.850269317626953 ], [ 141.5758056640625, 45.184158325195312 ], [ 141.616302490234375, 45.304988861083984 ], [ 141.652496337890625, 45.343040466308594 ], [ 141.63360595703125, 45.405818939208984 ], [ 141.651092529296875, 45.439990997314453 ], [ 141.6824951171875, 45.436100006103516 ], [ 141.690505981445312, 45.401660919189453 ], [ 141.813796997070312, 45.416660308837891 ], [ 141.958694458007812, 45.505519866943359 ], [ 142.068603515625, 45.384429931640625 ], [ 142.311294555664062, 45.205818176269531 ], [ 142.709701538085938, 44.809429168701172 ], [ 143.101104736328125, 44.504989624023438 ], [ 143.658798217773438, 44.219150543212891 ], [ 143.776092529296875, 44.184989929199219 ], [ 143.679092407226562, 44.181930541992188 ], [ 143.764404296875, 44.097209930419922 ], [ 143.9324951171875, 44.092769622802734 ], [ 143.9971923828125, 44.132209777832031 ], [ 144.162704467773438, 44.112491607666016 ], [ 144.171600341796875, 44.094989776611328 ], [ 144.126296997070312, 44.084709167480469 ], [ 144.105804443359375, 44.029148101806641 ], [ 144.149398803710938, 44.01470947265625 ], [ 144.239700317382812, 44.116649627685547 ], [ 144.257705688476562, 44.115821838378906 ], [ 144.311599731445312, 44.000270843505859 ], [ 144.352401733398438, 43.959709167480469 ], [ 144.617706298828125, 43.917758941650391 ], [ 144.772705078125, 43.912490844726562 ], [ 145.32940673828125, 44.341381072998047 ], [ 145.374404907226562, 44.279991149902344 ], [ 145.33270263671875, 44.185260772705078 ], [ 145.109695434570312, 43.895549774169922 ], [ 145.070205688476562, 43.758880615234375 ], [ 145.382705688476562, 43.292488098144531 ], [ 145.276901245117188, 43.342208862304688 ], [ 145.256103515625, 43.314990997314453 ], [ 145.50689697265625, 43.230819702148438 ], [ 145.586105346679688, 43.338039398193359 ], [ 145.752395629882812, 43.391101837158203 ], [ 145.81829833984375, 43.373600006103516 ], [ 145.5780029296875, 43.267768859863281 ], [ 145.527206420898438, 43.161651611328125 ], [ 145.295806884765625, 43.164440155029297 ], [ 145.1365966796875, 43.126659393310547 ], [ 145.106903076171875, 43.041660308837891 ], [ 144.926605224609375, 42.973598480224609 ], [ 144.848297119140625, 42.997489929199219 ], [ 144.836593627929688, 43.036098480224609 ], [ 144.798797607421875, 43.044708251953125 ], [ 144.735198974609375, 42.990821838378906 ], [ 144.779403686523438, 42.930271148681641 ], [ 144.478897094726562, 42.929149627685547 ], [ 144.379104614257812, 42.954990386962891 ], [ 144.355194091796875, 42.995819091796875 ], [ 144.147705078125, 42.959709167480469 ], [ 143.8927001953125, 42.849151611328125 ], [ 143.431106567382812, 42.436939239501953 ], [ 143.3341064453125, 42.293880462646484 ], [ 143.31689453125, 42.042758941650391 ], [ 143.246307373046875, 41.925270080566406 ], [ 142.867202758789062, 42.123600006103516 ], [ 142.3135986328125, 42.3408203125 ], [ 141.848007202148438, 42.5877685546875 ], [ 141.658798217773438, 42.616100311279297 ], [ 141.44549560546875, 42.572490692138672 ], [ 141.070205688476562, 42.370540618896484 ], [ 140.992996215820312, 42.295269012451172 ], [ 140.938796997070312, 42.308040618896484 ], [ 140.901901245117188, 42.414989471435547 ], [ 140.76190185546875, 42.544708251953125 ], [ 140.694900512695312, 42.574989318847656 ], [ 140.461593627929688, 42.567760467529297 ], [ 140.339096069335938, 42.448600769042969 ], [ 140.284698486328125, 42.344989776611328 ], [ 140.280197143554688, 42.267490386962891 ], [ 140.302993774414062, 42.237209320068359 ], [ 140.534896850585938, 42.108318328857422 ], [ 140.719696044921875, 42.1260986328125 ], [ 141.177505493164062, 41.78887939453125 ], [ 141.0115966796875, 41.707489013671875 ], [ 140.710800170898438, 41.738880157470703 ], [ 140.728302001953125, 41.804149627685547 ], [ 140.676101684570312, 41.826099395751953 ], [ 140.634902954101562, 41.810821533203125 ], [ 140.602706909179688, 41.734149932861328 ], [ 140.4501953125, 41.679710388183594 ], [ 140.4324951171875, 41.605548858642578 ], [ 140.44439697265625, 41.539710998535156 ], [ 140.202499389648438, 41.397491455078125 ] ] ], [ [ [ 132.99859619140625, 32.709430694580078 ], [ 132.94219970703125, 32.766651153564453 ], [ 132.6416015625, 32.749988555908203 ], [ 132.661300659179688, 32.833881378173828 ], [ 132.711593627929688, 32.879989624023438 ], [ 132.716293334960938, 32.904991149902344 ], [ 132.501602172851562, 32.889991760253906 ], [ 132.486297607421875, 33.024150848388672 ], [ 132.45050048828125, 33.105819702148438 ], [ 132.45770263671875, 33.160820007324219 ], [ 132.532196044921875, 33.240261077880859 ], [ 132.477401733398438, 33.245269775390625 ], [ 132.51519775390625, 33.295818328857422 ], [ 132.3822021484375, 33.304710388183594 ], [ 132.417205810546875, 33.442211151123047 ], [ 132.31689453125, 33.456100463867188 ], [ 132.033004760742188, 33.349708557128906 ], [ 132.492202758789062, 33.610271453857422 ], [ 132.635498046875, 33.669990539550781 ], [ 132.69580078125, 33.752208709716797 ], [ 132.706100463867188, 33.872489929199219 ], [ 132.758895874023438, 33.895549774169922 ], [ 132.777206420898438, 33.987770080566406 ], [ 132.923004150390625, 34.087490081787109 ], [ 132.9346923828125, 34.1260986328125 ], [ 133.036102294921875, 34.027210235595703 ], [ 133.064697265625, 33.955818176269531 ], [ 133.142501831054688, 33.912490844726562 ], [ 133.403793334960938, 33.978870391845703 ], [ 133.524093627929688, 33.961380004882812 ], [ 133.623001098632812, 34.047771453857422 ], [ 133.645797729492188, 34.136928558349609 ], [ 133.6376953125, 34.194988250732422 ], [ 133.56219482421875, 34.245269775390625 ], [ 133.656295776367188, 34.232490539550781 ], [ 133.733001708984375, 34.248050689697266 ], [ 133.931304931640625, 34.375541687011719 ], [ 134.08050537109375, 34.336650848388672 ], [ 134.128799438476562, 34.385269165039062 ], [ 134.160202026367188, 34.378879547119141 ], [ 134.158294677734375, 34.327770233154297 ], [ 134.2615966796875, 34.3377685546875 ], [ 134.2593994140625, 34.288051605224609 ], [ 134.44189453125, 34.205268859863281 ], [ 134.609695434570312, 34.187210083007812 ], [ 134.638900756835938, 34.163051605224609 ], [ 134.603805541992188, 34.064899444580078 ], [ 134.600799560546875, 33.990261077880859 ], [ 134.6929931640625, 33.934989929199219 ], [ 134.698898315429688, 33.898319244384766 ], [ 134.645004272460938, 33.839710235595703 ], [ 134.753005981445312, 33.826099395751953 ], [ 134.396102905273438, 33.634159088134766 ], [ 134.224899291992188, 33.390541076660156 ], [ 134.187698364257812, 33.238319396972656 ], [ 133.925003051757812, 33.474151611328125 ], [ 133.743804931640625, 33.516929626464844 ], [ 133.609695434570312, 33.505260467529297 ], [ 133.2554931640625, 33.326930999755859 ], [ 133.227203369140625, 33.142768859863281 ], [ 133.19580078125, 33.149711608886719 ], [ 133.020797729492188, 33.003318786621094 ], [ 132.964401245117188, 32.818599700927734 ], [ 133.025497436523438, 32.742210388183594 ], [ 132.99859619140625, 32.709430694580078 ] ] ], [ [ [ 138.247695922851562, 37.793598175048828 ], [ 138.210800170898438, 37.809429168701172 ], [ 138.32769775390625, 37.936649322509766 ], [ 138.33380126953125, 37.97637939453125 ], [ 138.295196533203125, 37.998600006103516 ], [ 138.252197265625, 37.966930389404297 ], [ 138.230499267578125, 38.006649017333984 ], [ 138.304702758789062, 38.161098480224609 ], [ 138.466903686523438, 38.308601379394531 ], [ 138.5166015625, 38.303878784179688 ], [ 138.448898315429688, 38.059158325195312 ], [ 138.546096801757812, 38.079990386962891 ], [ 138.580001831054688, 38.067760467529297 ], [ 138.51220703125, 37.918048858642578 ], [ 138.375503540039062, 37.823600769042969 ], [ 138.247695922851562, 37.793598175048828 ] ] ], [ [ [ 129.985504150390625, 32.194438934326172 ], [ 130.0093994140625, 32.245540618896484 ], [ 129.9552001953125, 32.240821838378906 ], [ 130.002700805664062, 32.285259246826172 ], [ 129.970993041992188, 32.355510711669922 ], [ 130.027206420898438, 32.498321533203125 ], [ 130.150497436523438, 32.543598175048828 ], [ 130.19659423828125, 32.488319396972656 ], [ 130.209701538085938, 32.341098785400391 ], [ 130.029998779296875, 32.194988250732422 ], [ 129.985504150390625, 32.194438934326172 ] ] ], [ [ [ 130.570205688476562, 30.238880157470703 ], [ 130.451904296875, 30.247489929199219 ], [ 130.38189697265625, 30.371940612792969 ], [ 130.473800659179688, 30.454990386962891 ], [ 130.661300659179688, 30.385269165039062 ], [ 130.649398803710938, 30.287769317626953 ], [ 130.570205688476562, 30.238880157470703 ] ] ], [ [ [ 130.879104614257812, 30.354999542236328 ], [ 130.863006591796875, 30.43804931640625 ], [ 131.00830078125, 30.789440155029297 ], [ 131.074203491210938, 30.822750091552734 ], [ 131.07659912109375, 30.701379776000977 ], [ 130.969696044921875, 30.39055061340332 ], [ 130.879104614257812, 30.354999542236328 ] ] ], [ [ [ 128.772705078125, 32.586650848388672 ], [ 128.610198974609375, 32.611660003662109 ], [ 128.618606567382812, 32.661098480224609 ], [ 128.65240478515625, 32.696269989013672 ], [ 128.648300170898438, 32.771381378173828 ], [ 128.774703979492188, 32.779430389404297 ], [ 128.805206298828125, 32.799709320068359 ], [ 128.902206420898438, 32.648330688476562 ], [ 128.776092529296875, 32.642768859863281 ], [ 128.772705078125, 32.586650848388672 ] ] ], [ [ [ 127.684097290039062, 26.078880310058594 ], [ 127.652801513671875, 26.083049774169922 ], [ 127.686897277832031, 26.252220153808594 ], [ 127.743896484375, 26.306940078735352 ], [ 127.716102600097656, 26.428600311279297 ], [ 127.958900451660156, 26.544439315795898 ], [ 127.951400756835938, 26.594440460205078 ], [ 127.878303527832031, 26.615829467773438 ], [ 127.876899719238281, 26.690280914306641 ], [ 127.993896484375, 26.684160232543945 ], [ 127.987503051757812, 26.641380310058594 ], [ 128.067398071289062, 26.642499923706055 ], [ 128.28759765625, 26.855039596557617 ], [ 128.3291015625, 26.811939239501953 ], [ 128.30859375, 26.705270767211914 ], [ 128.240203857421875, 26.628610610961914 ], [ 128.13189697265625, 26.588329315185547 ], [ 128.143295288085938, 26.556659698486328 ], [ 127.849700927734375, 26.436380386352539 ], [ 127.836601257324219, 26.414159774780273 ], [ 127.916603088378906, 26.309999465942383 ], [ 127.818901062011719, 26.308610916137695 ], [ 127.76409912109375, 26.196390151977539 ], [ 127.818000793457031, 26.187219619750977 ], [ 127.779998779296875, 26.119720458984375 ], [ 127.684097290039062, 26.078880310058594 ] ] ] ] } },
{ "type": "Feature", "properties": { }, "geometry": { "type": "Polygon", "coordinates": [ [ [ 128.365402221679688, 38.622531890869141 ], [ 128.303604125976562, 38.583869934082031 ], [ 128.310501098632812, 38.501659393310547 ], [ 128.273300170898438, 38.423599243164062 ], [ 128.13409423828125, 38.328319549560547 ], [ 127.822700500488281, 38.299160003662109 ], [ 127.776397705078125, 38.333320617675781 ], [ 127.197502136230469, 38.311931610107422 ], [ 126.990501403808594, 38.218040466308594 ], [ 126.7666015625, 37.968318939208984 ], [ 126.686599731445312, 37.948040008544922 ], [ 126.6885986328125, 37.827320098876953 ], [ 126.646598815917969, 37.78887939453125 ], [ 126.573898315429688, 37.774429321289062 ], [ 126.385002136230469, 37.887210845947266 ], [ 126.143600463867188, 37.823600769042969 ], [ 126.153297424316406, 37.733600616455078 ], [ 126.101600646972656, 37.742488861083984 ], [ 125.975502014160156, 37.898601531982422 ], [ 125.982803344726562, 37.822490692138672 ], [ 125.911399841308594, 37.838871002197266 ], [ 125.797798156738281, 37.989711761474609 ], [ 125.594398498535156, 38.026371002197266 ], [ 125.735801696777344, 37.923870086669922 ], [ 125.681098937988281, 37.890819549560547 ], [ 125.6260986328125, 37.917758941650391 ], [ 125.641098022460938, 37.849151611328125 ], [ 125.608901977539062, 37.755550384521484 ], [ 125.555801391601562, 37.785820007324219 ], [ 125.337196350097656, 37.680271148681641 ], [ 125.361900329589844, 37.758041381835938 ], [ 125.526603698730469, 37.826099395751953 ], [ 125.495796203613281, 37.896099090576172 ], [ 125.426399230957031, 37.906650543212891 ], [ 125.446601867675781, 37.843040466308594 ], [ 125.359397888183594, 37.867210388183594 ], [ 125.3114013671875, 37.804710388183594 ], [ 125.238601684570312, 37.823040008544922 ], [ 125.310798645019531, 37.881649017333984 ], [ 125.243598937988281, 37.931659698486328 ], [ 125.218002319335938, 37.885269165039062 ], [ 125.162498474121094, 37.862491607666016 ], [ 125.004402160644531, 37.908599853515625 ], [ 125.001602172851562, 37.958049774169922 ], [ 125.164703369140625, 37.960269927978516 ], [ 125.178298950195312, 37.981380462646484 ], [ 125.105300903320312, 37.991939544677734 ], [ 125.120498657226562, 38.043319702148438 ], [ 125.253303527832031, 38.020549774169922 ], [ 125.240798950195312, 38.082210540771484 ], [ 125.007499694824219, 38.063880920410156 ], [ 124.886398315429688, 38.129428863525391 ], [ 124.788902282714844, 38.095268249511719 ], [ 124.673896789550781, 38.114158630371094 ], [ 124.664703369140625, 38.135540008544922 ], [ 124.877998352050781, 38.226650238037109 ], [ 124.926902770996094, 38.181098937988281 ], [ 124.990798950195312, 38.22637939453125 ], [ 124.870796203613281, 38.247760772705078 ], [ 124.871597290039062, 38.289440155029297 ], [ 124.916603088378906, 38.396648406982422 ], [ 124.982200622558594, 38.440269470214844 ], [ 125.018600463867188, 38.509708404541016 ], [ 124.991096496582031, 38.536930084228516 ], [ 125.000297546386719, 38.589431762695312 ], [ 125.088897705078125, 38.553050994873047 ], [ 125.130203247070312, 38.665271759033203 ], [ 125.178298950195312, 38.620540618896484 ], [ 125.330802917480469, 38.670551300048828 ], [ 125.560302734375, 38.669990539550781 ], [ 125.4385986328125, 38.777488708496094 ], [ 125.432197570800781, 38.722209930419922 ], [ 125.373298645019531, 38.704151153564453 ], [ 125.362998962402344, 38.732769012451172 ], [ 125.284698486328125, 38.695819854736328 ], [ 125.238899230957031, 38.725269317626953 ], [ 125.263603210449219, 38.749710083007812 ], [ 125.234199523925781, 38.793319702148438 ], [ 125.203903198242188, 38.737770080566406 ], [ 125.138900756835938, 38.801658630371094 ], [ 125.151901245117188, 38.875541687011719 ], [ 125.297798156738281, 39.10137939453125 ], [ 125.339698791503906, 39.203319549560547 ], [ 125.410797119140625, 39.219440460205078 ], [ 125.417800903320312, 39.343601226806641 ], [ 125.337997436523438, 39.429988861083984 ], [ 125.349998474121094, 39.464431762695312 ], [ 125.447700500488281, 39.553878784179688 ], [ 125.441703796386719, 39.578880310058594 ], [ 125.366096496582031, 39.551380157470703 ], [ 124.938003540039062, 39.644710540771484 ], [ 124.883903503417969, 39.700550079345703 ], [ 124.735298156738281, 39.769710540771484 ], [ 124.753898620605469, 39.664710998535156 ], [ 124.624198913574219, 39.594989776611328 ], [ 124.556602478027344, 39.812770843505859 ], [ 124.413597106933594, 39.823318481445312 ], [ 124.323600769042969, 39.917758941650391 ], [ 124.375297546386719, 39.946659088134766 ], [ 124.372299194335938, 40.094310760498047 ], [ 124.891403198242188, 40.475811004638672 ], [ 124.95770263671875, 40.452770233154297 ], [ 125.042701721191406, 40.468040466308594 ], [ 125.0093994140625, 40.509990692138672 ], [ 125.031600952148438, 40.527900695800781 ], [ 125.320999145507812, 40.648040771484375 ], [ 125.405799865722656, 40.620819091796875 ], [ 125.580001831054688, 40.784988403320312 ], [ 125.603897094726562, 40.755821228027344 ], [ 125.684402465820312, 40.769981384277344 ], [ 125.647201538085938, 40.810539245605469 ], [ 125.697998046875, 40.859149932861328 ], [ 126.041603088378906, 40.937759399414062 ], [ 126.07550048828125, 40.997478485107422 ], [ 126.456100463867188, 41.357208251953125 ], [ 126.527198791503906, 41.357490539550781 ], [ 126.500801086425781, 41.431930541992188 ], [ 126.553802490234375, 41.496929168701172 ], [ 126.571403503417969, 41.620258331298828 ], [ 126.676902770996094, 41.669429779052734 ], [ 126.710296630859375, 41.74053955078125 ], [ 126.786903381347656, 41.692211151123047 ], [ 126.928298950195312, 41.796379089355469 ], [ 127.045196533203125, 41.724430084228516 ], [ 127.045196533203125, 41.651371002197266 ], [ 127.178596496582031, 41.587490081787109 ], [ 127.106101989746094, 41.545269012451172 ], [ 127.108901977539062, 41.532760620117188 ], [ 127.210800170898438, 41.521930694580078 ], [ 127.287498474121094, 41.471088409423828 ], [ 127.472702026367188, 41.472759246826172 ], [ 127.557197570800781, 41.429710388183594 ], [ 127.709396362304688, 41.413311004638672 ], [ 127.936897277832031, 41.446929931640625 ], [ 128.044097900390625, 41.389430999755859 ], [ 128.160507202148438, 41.386100769042969 ], [ 128.282196044921875, 41.530269622802734 ], [ 128.297195434570312, 41.593040466308594 ], [ 128.150497436523438, 41.720821380615234 ], [ 128.060806274414062, 41.910541534423828 ], [ 128.058807373046875, 42.003318786621094 ], [ 128.282394409179688, 42.039150238037109 ], [ 128.422500610351562, 42.028591156005859 ], [ 128.45379638671875, 42.003879547119141 ], [ 128.6304931640625, 42.029979705810547 ], [ 128.925796508789062, 42.024429321289062 ], [ 128.96270751953125, 42.084430694580078 ], [ 129.114395141601562, 42.139430999755859 ], [ 129.213302612304688, 42.223041534423828 ], [ 129.175796508789062, 42.234989166259766 ], [ 129.356597900390625, 42.446651458740234 ], [ 129.546905517578125, 42.364429473876953 ], [ 129.57049560546875, 42.405818939208984 ], [ 129.7012939453125, 42.438320159912109 ], [ 129.729095458984375, 42.478031158447266 ], [ 129.742706298828125, 42.640819549560547 ], [ 129.774703979492188, 42.646930694580078 ], [ 129.7510986328125, 42.704700469970703 ], [ 129.861892700195312, 42.9658203125 ], [ 130.041900634765625, 42.957759857177734 ], [ 130.099395751953125, 42.980541229248047 ], [ 130.13580322265625, 42.962200164794922 ], [ 130.100799560546875, 42.911930084228516 ], [ 130.25909423828125, 42.884159088134766 ], [ 130.250198364257812, 42.709980010986328 ], [ 130.46490478515625, 42.546939849853516 ], [ 130.481597900390625, 42.607208251953125 ], [ 130.514694213867188, 42.602210998535156 ], [ 130.529098510742188, 42.523040771484375 ], [ 130.603897094726562, 42.420619964599609 ], [ 130.643798828125, 42.399711608886719 ], [ 130.6549072265625, 42.313869476318359 ], [ 130.694793701171875, 42.288818359375 ], [ 130.596893310546875, 42.25360107421875 ], [ 130.5780029296875, 42.306659698486328 ], [ 130.402999877929688, 42.319149017333984 ], [ 130.406600952148438, 42.246929168701172 ], [ 130.310195922851562, 42.184158325195312 ], [ 130.301300048828125, 42.224990844726562 ], [ 130.2041015625, 42.163600921630859 ], [ 130.202194213867188, 42.094711303710938 ], [ 130.050796508789062, 42.046649932861328 ], [ 129.961105346679688, 41.888881683349609 ], [ 129.89630126953125, 41.887489318847656 ], [ 129.877700805664062, 41.790538787841797 ], [ 129.760498046875, 41.730548858642578 ], [ 129.660507202148438, 41.5252685546875 ], [ 129.7030029296875, 41.430271148681641 ], [ 129.805801391601562, 41.376930236816406 ], [ 129.71380615234375, 41.112209320068359 ], [ 129.75579833984375, 40.931930541992188 ], [ 129.709396362304688, 40.829990386962891 ], [ 129.419097900390625, 40.760818481445312 ], [ 129.301101684570312, 40.671649932861328 ], [ 129.26080322265625, 40.697769165039062 ], [ 129.21380615234375, 40.681098937988281 ], [ 129.186599731445312, 40.603321075439453 ], [ 129.0841064453125, 40.463871002197266 ], [ 128.974899291992188, 40.449161529541016 ], [ 128.886398315429688, 40.371379852294922 ], [ 128.6365966796875, 40.2783203125 ], [ 128.675796508789062, 40.204708099365234 ], [ 128.646102905273438, 40.175819396972656 ], [ 128.383895874023438, 40.083599090576172 ], [ 128.317398071289062, 40.023601531982422 ], [ 128.263900756835938, 40.061100006103516 ], [ 128.221603393554688, 40.023880004882812 ], [ 127.997802734375, 40.041370391845703 ], [ 127.781600952148438, 39.847759246826172 ], [ 127.611900329589844, 39.811649322509766 ], [ 127.503898620605469, 39.719440460205078 ], [ 127.50250244140625, 39.684158325195312 ], [ 127.577201843261719, 39.596660614013672 ], [ 127.527999877929688, 39.481380462646484 ], [ 127.5614013671875, 39.317760467529297 ], [ 127.519401550292969, 39.310260772705078 ], [ 127.527198791503906, 39.395259857177734 ], [ 127.480003356933594, 39.429149627685547 ], [ 127.411102294921875, 39.392208099365234 ], [ 127.38800048828125, 39.361370086669922 ], [ 127.450798034667969, 39.371101379394531 ], [ 127.468299865722656, 39.336380004882812 ], [ 127.389396667480469, 39.341098785400391 ], [ 127.377197265625, 39.227771759033203 ], [ 127.406402587890625, 39.189708709716797 ], [ 127.536399841308594, 39.141101837158203 ], [ 127.7615966796875, 39.119159698486328 ], [ 127.796096801757812, 39.071380615234375 ], [ 128.212493896484375, 38.723049163818359 ], [ 128.276901245117188, 38.754161834716797 ], [ 128.362197875976562, 38.679439544677734 ], [ 128.365402221679688, 38.622531890869141 ] ] ] } },
{ "type": "Feature", "properties": { }, "geometry": { "type": "MultiPolygon", "coordinates": [ [ [ [ 128.588302612304688, 34.699428558349609 ], [ 128.600799560546875, 34.830539703369141 ], [ 128.526092529296875, 34.805820465087891 ], [ 128.490493774414062, 34.845829010009766 ], [ 128.537200927734375, 34.906379699707031 ], [ 128.6383056640625, 34.884159088134766 ], [ 128.602203369140625, 34.940269470214844 ], [ 128.702499389648438, 35.030269622802734 ], [ 128.728302001953125, 34.943210601806641 ], [ 128.742996215820312, 34.788051605224609 ], [ 128.663803100585938, 34.768600463867188 ], [ 128.64630126953125, 34.712490081787109 ], [ 128.588302612304688, 34.699428558349609 ] ] ], [ [ [ 126.273902893066406, 33.190269470214844 ], [ 126.170501708984375, 33.262489318847656 ], [ 126.158302307128906, 33.314708709716797 ], [ 126.3125, 33.450271606445312 ], [ 126.747200012207031, 33.546379089355469 ], [ 126.839698791503906, 33.536159515380859 ], [ 126.951400756835938, 33.469711303710938 ], [ 126.851097106933594, 33.31610107421875 ], [ 126.482498168945312, 33.221370697021484 ], [ 126.346099853515625, 33.227779388427734 ], [ 126.273902893066406, 33.190269470214844 ] ] ], [ [ [ 126.6885986328125, 37.827320098876953 ], [ 126.686599731445312, 37.948040008544922 ], [ 126.7666015625, 37.968318939208984 ], [ 126.990501403808594, 38.218040466308594 ], [ 127.197502136230469, 38.311931610107422 ], [ 127.776397705078125, 38.333320617675781 ], [ 127.822700500488281, 38.299160003662109 ], [ 128.13409423828125, 38.328319549560547 ], [ 128.273300170898438, 38.423599243164062 ], [ 128.310501098632812, 38.501659393310547 ], [ 128.303604125976562, 38.583869934082031 ], [ 128.365402221679688, 38.622531890869141 ], [ 128.6968994140625, 38.058601379394531 ], [ 129.063003540039062, 37.668880462646484 ], [ 129.066299438476562, 37.624439239501953 ], [ 129.307998657226562, 37.302761077880859 ], [ 129.358306884765625, 37.154991149902344 ], [ 129.43359375, 37.058879852294922 ], [ 129.413803100585938, 37.016101837158203 ], [ 129.473800659179688, 36.762489318847656 ], [ 129.416900634765625, 36.616649627685547 ], [ 129.45050048828125, 36.500541687011719 ], [ 129.376602172851562, 36.193321228027344 ], [ 129.431106567382812, 36.087490081787109 ], [ 129.391098022460938, 36.055271148681641 ], [ 129.398300170898438, 36.012760162353516 ], [ 129.462997436523438, 35.994709014892578 ], [ 129.527694702148438, 36.051380157470703 ], [ 129.573593139648438, 36.064430236816406 ], [ 129.585800170898438, 35.995540618896484 ], [ 129.507400512695312, 35.779991149902344 ], [ 129.474395751953125, 35.580268859863281 ], [ 129.422195434570312, 35.470829010009766 ], [ 129.369705200195312, 35.530269622802734 ], [ 129.369400024414062, 35.399429321289062 ], [ 129.256103515625, 35.218040466308594 ], [ 128.973800659179688, 35.034160614013672 ], [ 128.969100952148438, 35.135818481445312 ], [ 128.919097900390625, 35.089160919189453 ], [ 128.902801513671875, 35.116561889648438 ], [ 128.735000610351562, 35.092769622802734 ], [ 128.620803833007812, 35.160549163818359 ], [ 128.593002319335938, 35.2127685546875 ], [ 128.57269287109375, 35.169990539550781 ], [ 128.63360595703125, 35.079151153564453 ], [ 128.627700805664062, 35.049991607666016 ], [ 128.572402954101562, 35.091930389404297 ], [ 128.386093139648438, 35.042209625244141 ], [ 128.37249755859375, 35.004711151123047 ], [ 128.487503051757812, 35.047489166259766 ], [ 128.500198364257812, 34.998321533203125 ], [ 128.418304443359375, 34.981380462646484 ], [ 128.462997436523438, 34.868598937988281 ], [ 128.428604125976562, 34.833881378173828 ], [ 128.31829833984375, 34.890541076660156 ], [ 128.356597900390625, 34.905269622802734 ], [ 128.3291015625, 34.949428558349609 ], [ 128.283798217773438, 34.898601531982422 ], [ 128.264999389648438, 34.929710388183594 ], [ 128.211105346679688, 34.928050994873047 ], [ 128.203903198242188, 34.888320922851562 ], [ 128.056106567382812, 34.930820465087891 ], [ 128.043594360351562, 35.054988861083984 ], [ 128.018600463867188, 34.97943115234375 ], [ 127.968299865722656, 34.990550994873047 ], [ 127.857200622558594, 34.941661834716797 ], [ 127.719703674316406, 34.983051300048828 ], [ 127.710800170898438, 34.933040618896484 ], [ 127.635200500488281, 34.901660919189453 ], [ 127.593299865722656, 34.941661834716797 ], [ 127.570503234863281, 34.907489776611328 ], [ 127.654701232910156, 34.811939239501953 ], [ 127.773597717285156, 34.843879699707031 ], [ 127.769401550292969, 34.794990539550781 ], [ 127.733001708984375, 34.718879699707031 ], [ 127.656402587890625, 34.734149932861328 ], [ 127.625801086425781, 34.694149017333984 ], [ 127.635002136230469, 34.614990234375 ], [ 127.555000305175781, 34.668319702148438 ], [ 127.587799072265625, 34.748050689697266 ], [ 127.514999389648438, 34.883598327636719 ], [ 127.491600036621094, 34.834148406982422 ], [ 127.361602783203125, 34.817760467529297 ], [ 127.421699523925781, 34.793048858642578 ], [ 127.354103088378906, 34.769710540771484 ], [ 127.400497436523438, 34.748321533203125 ], [ 127.387496948242188, 34.701930999755859 ], [ 127.488899230957031, 34.624980926513672 ], [ 127.50469970703125, 34.576099395751953 ], [ 127.339698791503906, 34.579151153564453 ], [ 127.435798645019531, 34.534709930419922 ], [ 127.318603515625, 34.433601379394531 ], [ 127.227203369140625, 34.543598175048828 ], [ 127.168296813964844, 34.511928558349609 ], [ 127.124702453613281, 34.537208557128906 ], [ 127.131599426269531, 34.565269470214844 ], [ 127.211898803710938, 34.632488250732422 ], [ 127.192703247070312, 34.569438934326172 ], [ 127.242202758789062, 34.569438934326172 ], [ 127.258598327636719, 34.594440460205078 ], [ 127.242202758789062, 34.669708251953125 ], [ 127.288002014160156, 34.694709777832031 ], [ 127.296401977539062, 34.651931762695312 ], [ 127.332496643066406, 34.656379699707031 ], [ 127.335296630859375, 34.741939544677734 ], [ 127.295501708984375, 34.721370697021484 ], [ 127.246101379394531, 34.759990692138672 ], [ 127.20159912109375, 34.690269470214844 ], [ 127.007797241210938, 34.611660003662109 ], [ 126.944099426269531, 34.444709777832031 ], [ 126.896896362304688, 34.449161529541016 ], [ 126.889396667480469, 34.412490844726562 ], [ 126.809402465820312, 34.450260162353516 ], [ 126.799102783203125, 34.579429626464844 ], [ 126.777496337890625, 34.585540771484375 ], [ 126.734199523925781, 34.508880615234375 ], [ 126.76080322265625, 34.478321075439453 ], [ 126.629203796386719, 34.388050079345703 ], [ 126.600303649902344, 34.300270080566406 ], [ 126.519699096679688, 34.286380767822266 ], [ 126.524101257324219, 34.339160919189453 ], [ 126.478302001953125, 34.345268249511719 ], [ 126.522201538085938, 34.409709930419922 ], [ 126.472198486328125, 34.433601379394531 ], [ 126.484703063964844, 34.502769470214844 ], [ 126.538597106933594, 34.506649017333984 ], [ 126.531600952148438, 34.568599700927734 ], [ 126.392501831054688, 34.528049468994141 ], [ 126.272796630859375, 34.639430999755859 ], [ 126.296897888183594, 34.7510986328125 ], [ 126.328300476074219, 34.734710693359375 ], [ 126.349700927734375, 34.648040771484375 ], [ 126.45159912109375, 34.578041076660156 ], [ 126.474998474121094, 34.599708557128906 ], [ 126.386398315429688, 34.649150848388672 ], [ 126.415000915527344, 34.691379547119141 ], [ 126.451400756835938, 34.648319244384766 ], [ 126.528900146484375, 34.614158630371094 ], [ 126.620201110839844, 34.624149322509766 ], [ 126.547500610351562, 34.673870086669922 ], [ 126.369400024414062, 34.733051300048828 ], [ 126.393898010253906, 34.762210845947266 ], [ 126.458297729492188, 34.749149322509766 ], [ 126.559402465820312, 34.799430847167969 ], [ 126.629203796386719, 34.780540466308594 ], [ 126.659698486328125, 34.812770843505859 ], [ 126.577499389648438, 34.821380615234375 ], [ 126.57330322265625, 34.854160308837891 ], [ 126.508903503417969, 34.778938293457031 ], [ 126.371101379394531, 34.800540924072266 ], [ 126.415802001953125, 34.843879699707031 ], [ 126.393600463867188, 34.983600616455078 ], [ 126.369400024414062, 34.930820465087891 ], [ 126.317497253417969, 34.936649322509766 ], [ 126.372200012207031, 35.033870697021484 ], [ 126.306602478027344, 35.086380004882812 ], [ 126.297798156738281, 35.045818328857422 ], [ 126.2593994140625, 35.096099853515625 ], [ 126.263603210449219, 35.134708404541016 ], [ 126.307998657226562, 35.127490997314453 ], [ 126.421096801757812, 35.018039703369141 ], [ 126.457199096679688, 35.074428558349609 ], [ 126.411399841308594, 35.119159698486328 ], [ 126.377998352050781, 35.207210540771484 ], [ 126.30889892578125, 35.232490539550781 ], [ 126.409698486328125, 35.363880157470703 ], [ 126.452201843261719, 35.336929321289062 ], [ 126.421897888183594, 35.406650543212891 ], [ 126.496902465820312, 35.512489318847656 ], [ 126.6875, 35.539150238037109 ], [ 126.658599853515625, 35.594150543212891 ], [ 126.49859619140625, 35.578041076660156 ], [ 126.468597412109375, 35.609149932861328 ], [ 126.479400634765625, 35.639991760253906 ], [ 126.706596374511719, 35.770820617675781 ], [ 126.786903381347656, 35.761379241943359 ], [ 126.783599853515625, 35.800540924072266 ], [ 126.697700500488281, 35.838039398193359 ], [ 126.711898803710938, 35.854709625244141 ], [ 126.787803649902344, 35.860538482666016 ], [ 126.827796936035156, 35.906940460205078 ], [ 126.61419677734375, 35.896099090576172 ], [ 126.63690185546875, 35.969711303710938 ], [ 126.754402160644531, 35.986660003662109 ], [ 126.866500854492188, 36.060779571533203 ], [ 126.68499755859375, 36.0010986328125 ], [ 126.657798767089844, 36.043319702148438 ], [ 126.510002136230469, 36.152488708496094 ], [ 126.598602294921875, 36.170269012451172 ], [ 126.537803649902344, 36.225269317626953 ], [ 126.581901550292969, 36.299709320068359 ], [ 126.515296936035156, 36.321380615234375 ], [ 126.581100463867188, 36.355548858642578 ], [ 126.495796203613281, 36.394161224365234 ], [ 126.588600158691406, 36.460540771484375 ], [ 126.507499694824219, 36.436378479003906 ], [ 126.480499267578125, 36.481098175048828 ], [ 126.514396667480469, 36.526660919189453 ], [ 126.471099853515625, 36.537208557128906 ], [ 126.474098205566406, 36.588039398193359 ], [ 126.524696350097656, 36.586929321289062 ], [ 126.521598815917969, 36.667488098144531 ], [ 126.480003356933594, 36.690540313720703 ], [ 126.497200012207031, 36.723880767822266 ], [ 126.464996337890625, 36.740261077880859 ], [ 126.412498474121094, 36.648601531982422 ], [ 126.372200012207031, 36.634990692138672 ], [ 126.385200500488281, 36.708599090576172 ], [ 126.347503662109375, 36.739990234375 ], [ 126.303596496582031, 36.692760467529297 ], [ 126.344100952148438, 36.609439849853516 ], [ 126.289398193359375, 36.584709167480469 ], [ 126.272796630859375, 36.717491149902344 ], [ 126.235000610351562, 36.682491302490234 ], [ 126.166099548339844, 36.675270080566406 ], [ 126.158599853515625, 36.699989318847656 ], [ 126.219100952148438, 36.710269927978516 ], [ 126.1864013671875, 36.753040313720703 ], [ 126.12359619140625, 36.709148406982422 ], [ 126.165298461914062, 36.810260772705078 ], [ 126.208297729492188, 36.774990081787109 ], [ 126.184402465820312, 36.878318786621094 ], [ 126.233901977539062, 36.898880004882812 ], [ 126.227798461914062, 36.866649627685547 ], [ 126.278602600097656, 36.866939544677734 ], [ 126.285499572753906, 36.898601531982422 ], [ 126.289398193359375, 36.785820007324219 ], [ 126.356597900390625, 36.786380767822266 ], [ 126.326896667480469, 36.841381072998047 ], [ 126.364997863769531, 36.834148406982422 ], [ 126.417999267578125, 36.904148101806641 ], [ 126.345001220703125, 36.956661224365234 ], [ 126.376899719238281, 36.991939544677734 ], [ 126.477996826171875, 36.933601379394531 ], [ 126.459396362304688, 36.885269165039062 ], [ 126.483299255371094, 36.842491149902344 ], [ 126.501899719238281, 36.910820007324219 ], [ 126.536903381347656, 36.931098937988281 ], [ 126.578598022460938, 36.9002685546875 ], [ 126.491897583007812, 37.0010986328125 ], [ 126.577201843261719, 36.973049163818359 ], [ 126.50250244140625, 37.052761077880859 ], [ 126.571601867675781, 37.021381378173828 ], [ 126.6260986328125, 36.946659088134766 ], [ 126.776603698730469, 36.967208862304688 ], [ 126.82550048828125, 36.909160614013672 ], [ 126.838600158691406, 36.753318786621094 ], [ 126.874397277832031, 36.792488098144531 ], [ 126.860801696777344, 36.846370697021484 ], [ 126.870002746582031, 36.871929168701172 ], [ 127.002799987792969, 36.916099548339844 ], [ 127.031600952148438, 36.990261077880859 ], [ 126.971397399902344, 36.928050994873047 ], [ 126.907997131347656, 36.919429779052734 ], [ 126.813003540039062, 37.004428863525391 ], [ 126.913002014160156, 37.023601531982422 ], [ 126.875, 37.098880767822266 ], [ 126.852996826171875, 37.036380767822266 ], [ 126.812202453613281, 37.030818939208984 ], [ 126.752799987792969, 37.048599243164062 ], [ 126.776397705078125, 37.123600006103516 ], [ 126.868598937988281, 37.145820617675781 ], [ 126.856101989746094, 37.174430847167969 ], [ 126.697196960449219, 37.121929168701172 ], [ 126.667999267578125, 37.255550384521484 ], [ 126.741600036621094, 37.240550994873047 ], [ 126.830001831054688, 37.276931762695312 ], [ 126.766098022460938, 37.308319091796875 ], [ 126.750297546386719, 37.383319854736328 ], [ 126.710502624511719, 37.388881683349609 ], [ 126.621902465820312, 37.481380462646484 ], [ 126.670799255371094, 37.497760772705078 ], [ 126.546401977539062, 37.652210235595703 ], [ 126.539100646972656, 37.763320922851562 ], [ 126.661903381347656, 37.749988555908203 ], [ 126.656600952148438, 37.679439544677734 ], [ 126.682998657226562, 37.651931762695312 ], [ 126.749397277832031, 37.637489318847656 ], [ 126.680496215820312, 37.684429168701172 ], [ 126.697303771972656, 37.835201263427734 ], [ 126.6885986328125, 37.827320098876953 ] ] ] ] } },
{ "type": "Feature", "properties": { }, "geometry": { "type": "Polygon", "coordinates": [ [ [ 98.934562683105469, 52.142009735107422 ], [ 99.119956970214844, 52.033870697021484 ], [ 99.517196655273438, 51.913040161132812 ], [ 99.721908569335938, 51.893039703369141 ], [ 99.919692993164062, 51.760540008544922 ], [ 100.670196533203125, 51.703601837158203 ], [ 101.404403686523438, 51.451381683349609 ], [ 101.543296813964844, 51.486930847167969 ], [ 102.223297119140625, 51.329708099365234 ], [ 102.224998474121094, 51.306369781494141 ], [ 102.154098510742188, 51.244991302490234 ], [ 102.264999389648438, 50.893318176269531 ], [ 102.229698181152344, 50.849430084228516 ], [ 102.267799377441406, 50.787208557128906 ], [ 102.344100952148438, 50.748321533203125 ], [ 102.355796813964844, 50.709709167480469 ], [ 102.295799255371094, 50.648040771484375 ], [ 102.327796936035156, 50.569709777832031 ], [ 102.536598205566406, 50.513050079345703 ], [ 102.612998962402344, 50.413600921630859 ], [ 103.245498657226562, 50.302761077880859 ], [ 103.281898498535156, 50.218040466308594 ], [ 103.332199096679688, 50.196369171142578 ], [ 103.436599731445312, 50.209148406982422 ], [ 103.6405029296875, 50.138599395751953 ], [ 103.729103088378906, 50.142490386962891 ], [ 103.795501708984375, 50.194980621337891 ], [ 104.063301086425781, 50.141651153564453 ], [ 104.250297546386719, 50.176380157470703 ], [ 104.392196655273438, 50.287490844726562 ], [ 104.960296630859375, 50.385818481445312 ], [ 105.1322021484375, 50.398319244384766 ], [ 105.308296203613281, 50.480808258056641 ], [ 105.989097595214844, 50.410541534423828 ], [ 106.06390380859375, 50.377761840820312 ], [ 106.070297241210938, 50.343601226806641 ], [ 106.262802124023438, 50.297489166259766 ], [ 106.546897888183594, 50.346088409423828 ], [ 106.75360107421875, 50.321929931640625 ], [ 107.005500793457031, 50.201099395751953 ], [ 107.078300476074219, 50.084980010986328 ], [ 107.247200012207031, 50.004989624023438 ], [ 107.978202819824219, 49.947391510009766 ], [ 107.947502136230469, 49.683319091796875 ], [ 108.547698974609375, 49.338321685791016 ], [ 109.368598937988281, 49.327770233154297 ], [ 109.523002624511719, 49.239429473876953 ], [ 110.318603515625, 49.195529937744141 ], [ 110.394996643066406, 49.253879547119141 ], [ 110.616096496582031, 49.157199859619141 ], [ 110.700302124023438, 49.142208099365234 ], [ 110.9490966796875, 49.188869476318359 ], [ 111.352203369140625, 49.366928100585938 ], [ 112.135002136230469, 49.437759399414062 ], [ 112.483299255371094, 49.540271759033203 ], [ 112.731101989746094, 49.497760772705078 ], [ 113.090797424316406, 49.598590850830078 ], [ 113.181098937988281, 49.787490844726562 ], [ 113.586097717285156, 50.016380310058594 ], [ 114.209396362304688, 50.259708404541016 ], [ 114.313003540039062, 50.284160614013672 ], [ 114.463302612304688, 50.243320465087891 ], [ 114.665496826171875, 50.26470947265625 ], [ 114.854103088378906, 50.228321075439453 ], [ 115.395500183105469, 49.901649475097656 ], [ 115.731101989746094, 49.880809783935547 ], [ 116.105003356933594, 50.012210845947266 ], [ 116.235801696777344, 50.028041839599609 ], [ 116.608596801757812, 49.933868408203125 ], [ 116.70880126953125, 49.828189849853516 ], [ 116.056396484375, 48.863319396972656 ], [ 116.084098815917969, 48.815818786621094 ], [ 115.81109619140625, 48.520538330078125 ], [ 115.835800170898438, 48.252490997314453 ], [ 115.540000915527344, 48.135818481445312 ], [ 115.592201232910156, 47.919429779052734 ], [ 115.919097900390625, 47.691928863525391 ], [ 115.972702026367188, 47.691928863525391 ], [ 116.115501403808594, 47.821929931640625 ], [ 116.25830078125, 47.878589630126953 ], [ 116.470298767089844, 47.839149475097656 ], [ 116.874702453613281, 47.888038635253906 ], [ 117.111099243164062, 47.8135986328125 ], [ 117.327796936035156, 47.669151306152344 ], [ 117.390296936035156, 47.660541534423828 ], [ 117.807998657226562, 48.011928558349609 ], [ 118.557701110839844, 47.995258331298828 ], [ 118.767196655273438, 47.772758483886719 ], [ 119.125, 47.664989471435547 ], [ 119.149398803710938, 47.533870697021484 ], [ 119.346397399902344, 47.473869323730469 ], [ 119.308601379394531, 47.424430847167969 ], [ 119.614097595214844, 47.248039245605469 ], [ 119.735198974609375, 47.155540466308594 ], [ 119.801399230957031, 46.993869781494141 ], [ 119.925498962402344, 46.908870697021484 ], [ 119.928001403808594, 46.710269927978516 ], [ 119.691398620605469, 46.597759246826172 ], [ 119.639999389648438, 46.627479553222656 ], [ 119.362998962402344, 46.614429473876953 ], [ 119.061599731445312, 46.677761077880859 ], [ 118.990501403808594, 46.750270843505859 ], [ 118.917701721191406, 46.720539093017578 ], [ 118.88690185546875, 46.769710540771484 ], [ 118.844100952148438, 46.765541076660156 ], [ 118.773300170898438, 46.683868408203125 ], [ 118.553596496582031, 46.690818786621094 ], [ 118.310203552246094, 46.736930847167969 ], [ 117.916099548339844, 46.610271453857422 ], [ 117.844100952148438, 46.534431457519531 ], [ 117.716598510742188, 46.513881683349609 ], [ 117.632698059082031, 46.551090240478516 ], [ 117.598899841308594, 46.611930847167969 ], [ 117.421096801757812, 46.578319549560547 ], [ 117.370796203613281, 46.364429473876953 ], [ 117.093002319335938, 46.359428405761719 ], [ 116.841598510742188, 46.393600463867188 ], [ 116.585502624511719, 46.295818328857422 ], [ 116.362998962402344, 46.088871002197266 ], [ 116.234100341796875, 45.887760162353516 ], [ 116.280502319335938, 45.823318481445312 ], [ 116.272201538085938, 45.7894287109375 ], [ 116.150001525878906, 45.693309783935547 ], [ 116.031402587890625, 45.685539245605469 ], [ 115.701896667480469, 45.458599090576172 ], [ 114.938003540039062, 45.382759094238281 ], [ 114.736099243164062, 45.442211151123047 ], [ 114.545196533203125, 45.389430999755859 ], [ 114.462196350097656, 45.211650848388672 ], [ 114.0740966796875, 44.938030242919922 ], [ 113.916900634765625, 44.922760009765625 ], [ 113.63800048828125, 44.745258331298828 ], [ 113.1260986328125, 44.797771453857422 ], [ 112.607498168945312, 44.926380157470703 ], [ 112.427200317382812, 45.080539703369141 ], [ 111.980796813964844, 45.091648101806641 ], [ 111.785003662109375, 45.000541687011719 ], [ 111.568000793457031, 44.679149627685547 ], [ 111.56109619140625, 44.577770233154297 ], [ 111.426902770996094, 44.412761688232422 ], [ 111.426399230957031, 44.332759857177734 ], [ 111.584999084472656, 44.150821685791016 ], [ 111.879402160644531, 43.938869476318359 ], [ 111.977996826171875, 43.763050079345703 ], [ 111.958297729492188, 43.692211151123047 ], [ 111.783897399902344, 43.672489166259766 ], [ 111.585800170898438, 43.497211456298828 ], [ 111.435501098632812, 43.489429473876953 ], [ 110.989700317382812, 43.316928863525391 ], [ 110.725303649902344, 43.078868865966797 ], [ 110.673599243164062, 43.003318786621094 ], [ 110.471900939941406, 42.846088409423828 ], [ 110.440498352050781, 42.777759552001953 ], [ 110.1343994140625, 42.673599243164062 ], [ 110.107498168945312, 42.645538330078125 ], [ 109.927696228027344, 42.641368865966797 ], [ 109.695503234863281, 42.558319091796875 ], [ 109.544700622558594, 42.473869323730469 ], [ 109.3135986328125, 42.429988861083984 ], [ 109.0, 42.458320617675781 ], [ 108.845497131347656, 42.399990081787109 ], [ 108.527801513671875, 42.442211151123047 ], [ 107.571098327636719, 42.410259246826172 ], [ 107.471900939941406, 42.466091156005859 ], [ 107.277198791503906, 42.410541534423828 ], [ 107.262496948242188, 42.359989166259766 ], [ 107.002799987792969, 42.313320159912109 ], [ 106.781898498535156, 42.295539855957031 ], [ 106.12249755859375, 42.077480316162109 ], [ 105.226898193359375, 41.749988555908203 ], [ 105.012199401855469, 41.581378936767578 ], [ 104.930496215820312, 41.651920318603516 ], [ 104.524101257324219, 41.663871765136719 ], [ 104.526603698730469, 41.877201080322266 ], [ 104.06109619140625, 41.803310394287109 ], [ 103.849403381347656, 41.802478790283203 ], [ 103.416397094726562, 41.887210845947266 ], [ 102.712501525878906, 42.161369323730469 ], [ 102.442497253417969, 42.151088714599609 ], [ 102.077201843261719, 42.233318328857422 ], [ 101.814697265625, 42.509708404541016 ], [ 100.835502624511719, 42.67803955078125 ], [ 100.31500244140625, 42.691089630126953 ], [ 100.254997253417969, 42.641101837158203 ], [ 100.034698486328125, 42.648319244384766 ], [ 99.498580932617188, 42.570819854736328 ], [ 98.530258178710938, 42.628868103027344 ], [ 97.171630859375, 42.797489166259766 ], [ 96.383033752441406, 42.731090545654297 ], [ 96.356918334960938, 42.906929016113281 ], [ 95.88134765625, 43.279148101806641 ], [ 95.84552001953125, 43.441368103027344 ], [ 95.539962768554688, 43.992759704589844 ], [ 95.336090087890625, 44.020820617675781 ], [ 95.350250244140625, 44.177761077880859 ], [ 95.423286437988281, 44.2783203125 ], [ 95.411087036132812, 44.296390533447266 ], [ 95.020523071289062, 44.256938934326172 ], [ 94.724411010742188, 44.349151611328125 ], [ 94.599411010742188, 44.453041076660156 ], [ 94.36480712890625, 44.520519256591797 ], [ 94.318038940429688, 44.587490081787109 ], [ 94.127182006835938, 44.700260162353516 ], [ 93.530807495117188, 44.962200164794922 ], [ 93.095252990722656, 45.010269165039062 ], [ 92.359703063964844, 45.012760162353516 ], [ 92.09246826171875, 45.079429626464844 ], [ 91.681083679199219, 45.068599700927734 ], [ 91.453582763671875, 45.158039093017578 ], [ 91.383033752441406, 45.11859130859375 ], [ 91.23052978515625, 45.151088714599609 ], [ 91.141647338867188, 45.212760925292969 ], [ 91.011917114257812, 45.223869323730469 ], [ 90.939407348632812, 45.193038940429688 ], [ 90.881637573242188, 45.204151153564453 ], [ 90.794418334960938, 45.394710540771484 ], [ 90.6746826171875, 45.494991302490234 ], [ 90.71942138671875, 45.735538482666016 ], [ 91.021087646484375, 46.008319854736328 ], [ 91.029693603515625, 46.041660308837891 ], [ 90.923019409179688, 46.315540313720703 ], [ 91.072196960449219, 46.573318481445312 ], [ 91.034408569335938, 46.742210388183594 ], [ 90.94384765625, 46.828868865966797 ], [ 90.9588623046875, 46.883041381835938 ], [ 90.857192993164062, 46.988590240478516 ], [ 90.761093139648438, 46.999710083007812 ], [ 90.489959716796875, 47.321929931640625 ], [ 90.465812683105469, 47.500270843505859 ], [ 90.407752990722656, 47.543048858642578 ], [ 90.357467651367188, 47.643318176269531 ], [ 90.356918334960938, 47.674430847167969 ], [ 90.134140014648438, 47.737491607666016 ], [ 90.08331298828125, 47.797489166259766 ], [ 90.091636657714844, 47.865261077880859 ], [ 90.067466735839844, 47.889430999755859 ], [ 89.976638793945312, 47.891929626464844 ], [ 89.938858032226562, 47.836368560791016 ], [ 89.78192138671875, 47.828319549560547 ], [ 89.668296813964844, 47.913040161132812 ], [ 89.590812683105469, 48.029708862304688 ], [ 89.530532836914062, 48.041370391845703 ], [ 89.225799560546875, 47.980541229248047 ], [ 89.077468872070312, 47.995540618896484 ], [ 88.933296203613281, 48.115261077880859 ], [ 88.8338623046875, 48.110271453857422 ], [ 88.605239868164062, 48.217758178710938 ], [ 88.574142456054688, 48.362758636474609 ], [ 87.973297119140625, 48.576930999755859 ], [ 87.96942138671875, 48.607490539550781 ], [ 88.02081298828125, 48.633319854736328 ], [ 88.088577270507812, 48.706378936767578 ], [ 88.039138793945312, 48.747211456298828 ], [ 87.905532836914062, 48.773040771484375 ], [ 87.759407043457031, 48.881649017333984 ], [ 87.781356811523438, 48.927478790283203 ], [ 87.873016357421875, 48.951930999755859 ], [ 87.899406433105469, 49.002208709716797 ], [ 87.839973449707031, 49.171840667724609 ], [ 87.979423522949219, 49.175540924072266 ], [ 88.162193298339844, 49.272209167480469 ], [ 88.156356811523438, 49.341648101806641 ], [ 88.131912231445312, 49.368320465087891 ], [ 88.196617126464844, 49.449420928955078 ], [ 88.407752990722656, 49.483871459960938 ], [ 88.568862915039062, 49.475811004638672 ], [ 88.650802612304688, 49.500541687011719 ], [ 88.846916198730469, 49.441650390625 ], [ 88.906631469726562, 49.446090698242188 ], [ 88.879676818847656, 49.523601531982422 ], [ 88.887481689453125, 49.543598175048828 ], [ 88.928848266601562, 49.546379089355469 ], [ 88.989410400390625, 49.466648101806641 ], [ 89.181922912597656, 49.506938934326172 ], [ 89.234970092773438, 49.540538787841797 ], [ 89.197456359863281, 49.611099243164062 ], [ 89.226638793945312, 49.638320922851562 ], [ 89.3721923828125, 49.579708099365234 ], [ 89.718032836914062, 49.717479705810547 ], [ 89.714691162109375, 49.769981384277344 ], [ 89.6544189453125, 49.789989471435547 ], [ 89.639968872070312, 49.899150848388672 ], [ 89.701370239257812, 49.934978485107422 ], [ 89.977462768554688, 49.969978332519531 ], [ 90.021087646484375, 49.996379852294922 ], [ 90.028030395507812, 50.064151763916016 ], [ 90.071907043457031, 50.090541839599609 ], [ 90.698577880859375, 50.219429016113281 ], [ 90.979690551757812, 50.409980773925781 ], [ 91.29412841796875, 50.475540161132812 ], [ 91.433578491210938, 50.466091156005859 ], [ 91.467742919921875, 50.526931762695312 ], [ 91.723861694335938, 50.672210693359375 ], [ 91.884696960449219, 50.713039398193359 ], [ 92.15191650390625, 50.692211151123047 ], [ 92.258323669433594, 50.723869323730469 ], [ 92.316070556640625, 50.788318634033203 ], [ 92.326919555664062, 50.854988098144531 ], [ 92.393310546875, 50.874698638916016 ], [ 92.640533447265625, 50.688320159912109 ], [ 92.6988525390625, 50.683040618896484 ], [ 92.764686584472656, 50.716091156005859 ], [ 92.792190551757812, 50.786651611328125 ], [ 92.928848266601562, 50.799991607666016 ], [ 92.98663330078125, 50.785259246826172 ], [ 92.999130249023438, 50.751380920410156 ], [ 92.97052001953125, 50.669429779052734 ], [ 93.019699096679688, 50.613040924072266 ], [ 93.321907043457031, 50.603599548339844 ], [ 93.4488525390625, 50.622478485107422 ], [ 93.726913452148438, 50.579708099365234 ], [ 94.218856811523438, 50.577770233154297 ], [ 94.292472839355469, 50.560260772705078 ], [ 94.383872985839844, 50.224700927734375 ], [ 94.62274169921875, 50.029979705810547 ], [ 94.96746826171875, 50.056930541992188 ], [ 95.066070556640625, 49.961929321289062 ], [ 95.422470092773438, 49.956089019775391 ], [ 95.52081298828125, 49.894428253173828 ], [ 95.81719970703125, 50.021930694580078 ], [ 95.887481689453125, 50.021099090576172 ], [ 95.9527587890625, 49.945819854736328 ], [ 96.06524658203125, 50.005821228027344 ], [ 96.274688720703125, 49.953601837158203 ], [ 96.379142761230469, 49.893600463867188 ], [ 96.514686584472656, 49.930271148681641 ], [ 96.564407348632812, 49.916660308837891 ], [ 96.59246826171875, 49.864990234375 ], [ 96.713302612304688, 49.919979095458984 ], [ 96.996917724609375, 49.894149780273438 ], [ 97.169418334960938, 49.761661529541016 ], [ 97.302749633789062, 49.730808258056641 ], [ 97.484130859375, 49.787490844726562 ], [ 97.591079711914062, 49.847209930419922 ], [ 97.584701538085938, 49.920269012451172 ], [ 97.777763366699219, 49.968868255615234 ], [ 97.863861083984375, 49.932758331298828 ], [ 98.107192993164062, 50.048870086669922 ], [ 98.289688110351562, 50.293880462646484 ], [ 98.326370239257812, 50.504161834716797 ], [ 98.302459716796875, 50.544151306152344 ], [ 98.079147338867188, 50.620258331298828 ], [ 97.9638671875, 50.7783203125 ], [ 98.01580810546875, 50.850540161132812 ], [ 97.868301391601562, 50.937480926513672 ], [ 97.8277587890625, 51.0010986328125 ], [ 97.958587646484375, 51.223308563232422 ], [ 97.936363220214844, 51.307209014892578 ], [ 98.056922912597656, 51.452480316162109 ], [ 98.227752685546875, 51.451381683349609 ], [ 98.3096923828125, 51.694698333740234 ], [ 98.369422912597656, 51.730808258056641 ], [ 98.631637573242188, 51.782211303710938 ], [ 98.726066589355469, 51.843318939208984 ], [ 98.869422912597656, 52.038600921630859 ], [ 98.878303527832031, 52.109149932861328 ], [ 98.934562683105469, 52.142009735107422 ] ] ] } },
{ "type": "Feature", "properties": { }, "geometry": { "type": "Polygon", "coordinates": [ [ [ 120.840797424316406, 21.903049468994141 ], [ 120.75140380859375, 21.958879470825195 ], [ 120.722702026367188, 21.927770614624023 ], [ 120.674697875976562, 22.024160385131836 ], [ 120.684402465820312, 22.14055061340332 ], [ 120.576103210449219, 22.362220764160156 ], [ 120.331398010253906, 22.530830383300781 ], [ 120.176902770996094, 22.86638069152832 ], [ 120.171096801757812, 23.019159317016602 ], [ 120.059700012207031, 23.037769317626953 ], [ 120.053298950195312, 23.071939468383789 ], [ 120.099098205566406, 23.088329315185547 ], [ 120.073898315429688, 23.207220077514648 ], [ 120.146598815917969, 23.384990692138672 ], [ 120.111099243164062, 23.613880157470703 ], [ 120.659103393554688, 24.516380310058594 ], [ 120.75140380859375, 24.647499084472656 ], [ 120.871597290039062, 24.739999771118164 ], [ 120.99859619140625, 24.997219085693359 ], [ 121.223602294921875, 25.115549087524414 ], [ 121.437202453613281, 25.126659393310547 ], [ 121.401901245117188, 25.173330307006836 ], [ 121.476097106933594, 25.268880844116211 ], [ 121.559402465820312, 25.284160614013672 ], [ 121.610801696777344, 25.257499694824219 ], [ 121.674400329589844, 25.172220230102539 ], [ 121.892501831054688, 25.115829467773438 ], [ 121.916099548339844, 25.019720077514648 ], [ 121.999198913574219, 25.010829925537109 ], [ 121.828300476074219, 24.866939544677734 ], [ 121.799697875976562, 24.756660461425781 ], [ 121.819999694824219, 24.62693977355957 ], [ 121.855300903320312, 24.529159545898438 ], [ 121.70159912109375, 24.214439392089844 ], [ 121.607498168945312, 24.085830688476562 ], [ 121.596397399902344, 23.899990081787109 ], [ 121.454696655273438, 23.333049774169922 ], [ 121.233299255371094, 22.874719619750977 ], [ 120.935798645019531, 22.478330612182617 ], [ 120.872200012207031, 22.209999084472656 ], [ 120.882499694824219, 22.039440155029297 ], [ 120.834999084472656, 21.984989166259766 ], [ 120.840797424316406, 21.903049468994141 ] ] ] } }
]
}
