{
"type": "FeatureCollection",
"name": "europe_boundary",
"crs": { "type": "name", "properties": { "name": "urn:ogc:def:crs:OGC:1.3:CRS84" } },
"features": [
{ "type": "Feature", "properties": { }, "geometry": { "type": "Polygon", "coordinates": [ [ [ 19.282489776611328, 42.185539245605469 ], [ 19.635829925537109, 42.606090545654297 ], [ 19.717489242553711, 42.661369323730469 ], [ 19.755830764770508, 42.63970947265625 ], [ 19.746660232543945, 42.543048858642578 ], [ 19.830270767211914, 42.469699859619141 ], [ 20.064159393310547, 42.563041687011719 ], [ 20.168600082397461, 42.506938934326172 ], [ 20.252220153808594, 42.324428558349609 ], [ 20.351659774780273, 42.324428558349609 ], [ 20.526100158691406, 42.211650848388672 ], [ 20.620830535888672, 41.949710845947266 ], [ 20.51416015625, 41.727760314941406 ], [ 20.555269241333008, 41.584709167480469 ], [ 20.462490081787109, 41.553600311279297 ], [ 20.562210083007812, 41.40386962890625 ], [ 20.493320465087891, 41.327480316162109 ], [ 20.597490310668945, 41.094150543212891 ], [ 20.669990539550781, 41.088039398193359 ], [ 20.733879089355469, 40.911930084228516 ], [ 20.807500839233398, 40.900260925292969 ], [ 20.858879089355469, 40.933319091796875 ], [ 20.982999801635742, 40.893878936767578 ], [ 20.961940765380859, 40.771648406982422 ], [ 21.05194091796875, 40.676651000976562 ], [ 21.053049087524414, 40.61859130859375 ], [ 20.936939239501953, 40.464431762695312 ], [ 20.842220306396484, 40.474979400634766 ], [ 20.787220001220703, 40.394710540771484 ], [ 20.66526985168457, 40.094150543212891 ], [ 20.555830001831055, 40.066379547119141 ], [ 20.51361083984375, 40.081378936767578 ], [ 20.412769317626953, 40.051090240478516 ], [ 20.394159317016602, 39.999149322509766 ], [ 20.314720153808594, 39.990261077880859 ], [ 20.410549163818359, 39.811931610107422 ], [ 20.381380081176758, 39.787208557128906 ], [ 20.291379928588867, 39.806648254394531 ], [ 20.302490234375, 39.7783203125 ], [ 20.26055908203125, 39.667758941650391 ], [ 20.012300491333008, 39.690231323242188 ], [ 19.996110916137695, 39.794708251953125 ], [ 20.019159317016602, 39.848598480224609 ], [ 19.794990539550781, 40.053600311279297 ], [ 19.456100463867188, 40.222488403320312 ], [ 19.288600921630859, 40.417488098144531 ], [ 19.318880081176758, 40.438880920410156 ], [ 19.418889999389648, 40.326930999755859 ], [ 19.470830917358398, 40.341930389404297 ], [ 19.487770080566406, 40.440818786621094 ], [ 19.429719924926758, 40.499710083007812 ], [ 19.455829620361328, 40.561100006103516 ], [ 19.395830154418945, 40.581100463867188 ], [ 19.312219619750977, 40.640541076660156 ], [ 19.413330078125, 40.866378784179688 ], [ 19.377220153808594, 40.904430389404297 ], [ 19.441659927368164, 40.943050384521484 ], [ 19.425830841064453, 40.870540618896484 ], [ 19.521379470825195, 40.908039093017578 ], [ 19.497499465942383, 41.001930236816406 ], [ 19.474720001220703, 40.986370086669922 ], [ 19.433610916137695, 41.010818481445312 ], [ 19.51361083984375, 41.251930236816406 ], [ 19.500270843505859, 41.292758941650391 ], [ 19.416389465332031, 41.323879241943359 ], [ 19.39055061340332, 41.405269622802734 ], [ 19.433610916137695, 41.399429321289062 ], [ 19.514720916748047, 41.502490997314453 ], [ 19.508609771728516, 41.534709930419922 ], [ 19.458879470825195, 41.554710388183594 ], [ 19.446939468383789, 41.584991455078125 ], [ 19.509990692138672, 41.569149017333984 ], [ 19.606109619140625, 41.601650238037109 ], [ 19.566389083862305, 41.752769470214844 ], [ 19.598049163818359, 41.771099090576172 ], [ 19.596660614013672, 41.810550689697266 ], [ 19.368459701538086, 41.849319458007812 ], [ 19.398330688476562, 42.108318328857422 ], [ 19.282489776611328, 42.185539245605469 ] ] ] } },
{ "type": "Feature", "properties": { }, "geometry": { "type": "Polygon", "coordinates": [ [ [ 16.886600494384766, 48.730319976806641 ], [ 16.944860458374023, 48.616500854492188 ], [ 16.840829849243164, 48.36859130859375 ], [ 16.94972038269043, 48.278041839599609 ], [ 16.976680755615234, 48.174179077148438 ], [ 17.068099975585938, 48.144149780273438 ], [ 17.080829620361328, 48.079990386962891 ], [ 17.179899215698242, 48.001819610595703 ], [ 17.103599548339844, 47.977199554443359 ], [ 17.090549468994141, 47.887760162353516 ], [ 17.015829086303711, 47.868038177490234 ], [ 17.057500839233398, 47.844429016113281 ], [ 17.083610534667969, 47.710269927978516 ], [ 16.761940002441406, 47.685260772705078 ], [ 16.686660766601562, 47.743869781494141 ], [ 16.555830001831055, 47.756099700927734 ], [ 16.532489776611328, 47.714710235595703 ], [ 16.450550079345703, 47.698040008544922 ], [ 16.433879852294922, 47.6644287109375 ], [ 16.648880004882812, 47.629711151123047 ], [ 16.712490081787109, 47.539989471435547 ], [ 16.645549774169922, 47.452770233154297 ], [ 16.450550079345703, 47.407199859619141 ], [ 16.491659164428711, 47.279979705810547 ], [ 16.438610076904297, 47.252769470214844 ], [ 16.456100463867188, 47.146930694580078 ], [ 16.520549774169922, 47.155258178710938 ], [ 16.527769088745117, 47.134429931640625 ], [ 16.468050003051758, 47.095260620117188 ], [ 16.516939163208008, 47.060810089111328 ], [ 16.459159851074219, 47.029430389404297 ], [ 16.346939086914062, 47.009990692138672 ], [ 16.106700897216797, 46.851390838623047 ], [ 15.993610382080078, 46.834709167480469 ], [ 15.993330001831055, 46.737209320068359 ], [ 16.026939392089844, 46.661369323730469 ], [ 15.649439811706543, 46.709709167480469 ], [ 15.500829696655273, 46.618038177490234 ], [ 15.105270385742188, 46.657199859619141 ], [ 14.870550155639648, 46.615821838378906 ], [ 14.814720153808594, 46.512760162353516 ], [ 14.594160079956055, 46.437480926513672 ], [ 14.574440002441406, 46.387489318847656 ], [ 14.428330421447754, 46.446369171142578 ], [ 14.159440040588379, 46.440818786621094 ], [ 14.084719657897949, 46.488590240478516 ], [ 13.412220001220703, 46.574428558349609 ], [ 12.895830154418945, 46.612758636474609 ], [ 12.433609962463379, 46.695259094238281 ], [ 12.355830192565918, 46.777481079101562 ], [ 12.283610343933105, 46.791370391845703 ], [ 12.295000076293945, 46.863601684570312 ], [ 12.144439697265625, 46.915821075439453 ], [ 12.131110191345215, 47.016380310058594 ], [ 12.204440116882324, 47.039150238037109 ], [ 12.21111011505127, 47.090541839599609 ], [ 11.755829811096191, 46.977481842041016 ], [ 11.615269660949707, 47.013050079345703 ], [ 11.411660194396973, 46.972480773925781 ], [ 11.339159965515137, 46.995540618896484 ], [ 11.164440155029297, 46.962200164794922 ], [ 11.01471996307373, 46.772480010986328 ], [ 10.735549926757812, 46.798599243164062 ], [ 10.764439582824707, 46.834148406982422 ], [ 10.67278003692627, 46.874980926513672 ], [ 10.560830116271973, 46.848590850830078 ], [ 10.463569641113281, 46.869350433349609 ], [ 10.48861026763916, 46.934978485107422 ], [ 10.400830268859863, 47.0010986328125 ], [ 10.17527961730957, 46.858600616455078 ], [ 10.063329696655273, 46.864990234375 ], [ 9.873607635498047, 46.958599090576172 ], [ 9.875551223754883, 47.022480010986328 ], [ 9.601834297180176, 47.049644470214844 ], [ 9.640949249267578, 47.09716796875 ], [ 9.637633323669434, 47.12860107421875 ], [ 9.623453140258789, 47.152030944824219 ], [ 9.575860977172852, 47.167278289794922 ], [ 9.582921028137207, 47.207710266113281 ], [ 9.554021835327148, 47.227008819580078 ], [ 9.575018882751465, 47.249538421630859 ], [ 9.540410041809082, 47.266975402832031 ], [ 9.605276107788086, 47.359989166259766 ], [ 9.664999008178711, 47.381370544433594 ], [ 9.653610229492188, 47.455539703369141 ], [ 9.558254241943359, 47.504070281982422 ], [ 9.567611694335938, 47.543918609619141 ], [ 9.605552673339844, 47.529148101806641 ], [ 9.727293014526367, 47.536258697509766 ], [ 9.763053894042969, 47.584709167480469 ], [ 9.813610076904297, 47.593601226806641 ], [ 9.854164123535156, 47.53887939453125 ], [ 9.96333122253418, 47.547771453857422 ], [ 10.003330230712891, 47.483871459960938 ], [ 10.084440231323242, 47.460269927978516 ], [ 10.104439735412598, 47.428871154785156 ], [ 10.087220191955566, 47.387210845947266 ], [ 10.154439926147461, 47.369148254394531 ], [ 10.211389541625977, 47.386379241943359 ], [ 10.214159965515137, 47.315261840820312 ], [ 10.169719696044922, 47.281101226806641 ], [ 10.274439811706543, 47.28887939453125 ], [ 10.473329544067383, 47.435539245605469 ], [ 10.426939964294434, 47.576930999755859 ], [ 10.482769966125488, 47.590541839599609 ], [ 10.465270042419434, 47.558589935302734 ], [ 10.554439544677734, 47.536930084228516 ], [ 10.685549736022949, 47.558589935302734 ], [ 10.909720420837402, 47.521930694580078 ], [ 10.865830421447754, 47.493038177490234 ], [ 10.95028018951416, 47.460269927978516 ], [ 10.973609924316406, 47.400539398193359 ], [ 11.106940269470215, 47.396381378173828 ], [ 11.203049659729004, 47.435260772705078 ], [ 11.236660003662109, 47.433040618896484 ], [ 11.227499961853027, 47.400539398193359 ], [ 11.405550003051758, 47.453868865966797 ], [ 11.421939849853516, 47.508880615234375 ], [ 11.574440002441406, 47.519981384277344 ], [ 11.633330345153809, 47.595260620117188 ], [ 12.196109771728516, 47.609428405761719 ], [ 12.206390380859375, 47.641368865966797 ], [ 12.177220344543457, 47.701648712158203 ], [ 12.257220268249512, 47.743038177490234 ], [ 12.243889808654785, 47.694698333740234 ], [ 12.441670417785645, 47.698589324951172 ], [ 12.505000114440918, 47.637489318847656 ], [ 12.773889541625977, 47.674160003662109 ], [ 12.830829620361328, 47.618869781494141 ], [ 12.787779808044434, 47.589420318603516 ], [ 12.809720039367676, 47.552211761474609 ], [ 13.005000114440918, 47.469429016113281 ], [ 13.05305004119873, 47.496379852294922 ], [ 13.074170112609863, 47.616928100585938 ], [ 13.100279808044434, 47.640819549560547 ], [ 13.058329582214355, 47.706089019775391 ], [ 12.917499542236328, 47.715541839599609 ], [ 12.939720153808594, 47.784709930419922 ], [ 13.008890151977539, 47.854160308837891 ], [ 12.756669998168945, 48.120540618896484 ], [ 12.929519653320312, 48.209300994873047 ], [ 13.368610382080078, 48.3519287109375 ], [ 13.433890342712402, 48.419979095458984 ], [ 13.448329925537109, 48.568599700927734 ], [ 13.505279541015625, 48.583049774169922 ], [ 13.726659774780273, 48.51776123046875 ], [ 13.833330154418945, 48.698871612548828 ], [ 13.793049812316895, 48.726089477539062 ], [ 13.814629554748535, 48.787139892578125 ], [ 14.045269966125488, 48.676929473876953 ], [ 14.041669845581055, 48.615821838378906 ], [ 14.381110191345215, 48.575550079345703 ], [ 14.458609580993652, 48.648319244384766 ], [ 14.70028018951416, 48.581378936767578 ], [ 14.8125, 48.781368255615234 ], [ 14.96111011505127, 48.766651153564453 ], [ 14.994159698486328, 49.015819549560547 ], [ 15.152219772338867, 49.001380920410156 ], [ 15.159720420837402, 48.944698333740234 ], [ 15.340550422668457, 48.985820770263672 ], [ 15.954170227050781, 48.828319549560547 ], [ 16.060550689697266, 48.760269165039062 ], [ 16.370550155639648, 48.733871459960938 ], [ 16.527500152587891, 48.810810089111328 ], [ 16.655830383300781, 48.787769317626953 ], [ 16.773880004882812, 48.723869323730469 ], [ 16.886600494384766, 48.730319976806641 ] ] ] } },
{ "type": "Feature", "properties": { }, "geometry": { "type": "Polygon", "coordinates": [ [ [ 3.370645999908447, 51.37554931640625 ], [ 3.36388897895813, 51.3135986328125 ], [ 3.439166069030762, 51.244430541992188 ], [ 3.524166107177734, 51.250541687011719 ], [ 3.524722099304199, 51.288318634033203 ], [ 3.793055057525635, 51.261928558349609 ], [ 3.806387901306152, 51.216930389404297 ], [ 3.957221984863281, 51.216091156005859 ], [ 4.214999198913574, 51.330268859863281 ], [ 4.230011940002441, 51.357219696044922 ], [ 4.293888092041016, 51.306381225585938 ], [ 4.239442825317383, 51.374149322509766 ], [ 4.4130539894104, 51.358039855957031 ], [ 4.437777042388916, 51.375259399414062 ], [ 4.396667003631592, 51.41693115234375 ], [ 4.411665916442871, 51.456928253173828 ], [ 4.549442768096924, 51.482761383056641 ], [ 4.541944026947021, 51.426651000976562 ], [ 4.671665191650391, 51.427478790283203 ], [ 4.769165992736816, 51.502769470214844 ], [ 4.825831890106201, 51.492210388183594 ], [ 4.844721794128418, 51.461368560791016 ], [ 4.816387176513672, 51.425540924072266 ], [ 4.782776832580566, 51.414699554443359 ], [ 4.940276145935059, 51.401371002197266 ], [ 5.041388034820557, 51.486648559570312 ], [ 5.104444026947021, 51.434978485107422 ], [ 5.077221870422363, 51.395259857177734 ], [ 5.143887996673584, 51.318599700927734 ], [ 5.237499237060547, 51.308319091796875 ], [ 5.238887786865234, 51.262210845947266 ], [ 5.45777702331543, 51.280540466308594 ], [ 5.855464935302734, 51.147819519042969 ], [ 5.802775859832764, 51.093318939208984 ], [ 5.775832176208496, 51.021099090576172 ], [ 5.722775936126709, 50.965259552001953 ], [ 5.75916576385498, 50.949150085449219 ], [ 5.683742046356201, 50.882190704345703 ], [ 5.698608875274658, 50.757770538330078 ], [ 6.008407115936279, 50.756069183349609 ], [ 6.028610229492188, 50.7158203125 ], [ 6.108333110809326, 50.723308563232422 ], [ 6.171388149261475, 50.623870849609375 ], [ 6.268610000610352, 50.623600006103516 ], [ 6.200831890106201, 50.516380310058594 ], [ 6.366386890411377, 50.45220947265625 ], [ 6.400277137756348, 50.329151153564453 ], [ 6.173332214355469, 50.232479095458984 ], [ 6.131833076477051, 50.125530242919922 ], [ 6.106943130493164, 50.167758941650391 ], [ 5.980000019073486, 50.172210693359375 ], [ 5.819721221923828, 50.009708404541016 ], [ 5.808331966400146, 49.961101531982422 ], [ 5.7311110496521, 49.894149780273438 ], [ 5.75333309173584, 49.849151611328125 ], [ 5.746665954589844, 49.795269012451172 ], [ 5.820555210113525, 49.749149322509766 ], [ 5.899166107177734, 49.662761688232422 ], [ 5.839999198913574, 49.552211761474609 ], [ 5.783038139343262, 49.527271270751953 ], [ 5.705207824707031, 49.535228729248047 ], [ 5.473054885864258, 49.506099700927734 ], [ 5.423332214355469, 49.609149932861328 ], [ 5.307220935821533, 49.630809783935547 ], [ 5.329720973968506, 49.659980773925781 ], [ 5.276111125946045, 49.698589324951172 ], [ 5.216944217681885, 49.690540313720703 ], [ 5.097776889801025, 49.768589019775391 ], [ 4.858054161071777, 49.796379089355469 ], [ 4.881110191345215, 49.914699554443359 ], [ 4.80083179473877, 49.977760314941406 ], [ 4.876388072967529, 50.154979705810547 ], [ 4.757500171661377, 50.129428863525391 ], [ 4.673610210418701, 49.996379852294922 ], [ 4.458333015441895, 49.938591003417969 ], [ 4.150000095367432, 49.986370086669922 ], [ 4.226387977600098, 50.081100463867188 ], [ 4.137776851654053, 50.137760162353516 ], [ 4.216110229492188, 50.265270233154297 ], [ 4.090833187103271, 50.314430236816406 ], [ 3.763611078262329, 50.3519287109375 ], [ 3.725276947021484, 50.3135986328125 ], [ 3.67194390296936, 50.346370697021484 ], [ 3.668889045715332, 50.444149017333984 ], [ 3.602221965789795, 50.497211456298828 ], [ 3.36722207069397, 50.495540618896484 ], [ 3.279999971389771, 50.538318634033203 ], [ 3.2813880443573, 50.594150543212891 ], [ 3.19333291053772, 50.741371154785156 ], [ 3.113054990768433, 50.793319702148438 ], [ 3.035276889801025, 50.773868560791016 ], [ 2.90128493309021, 50.697048187255859 ], [ 2.629443883895874, 50.824710845947266 ], [ 2.541666984558105, 51.091098785400391 ], [ 2.971666097640991, 51.257488250732422 ], [ 3.370645999908447, 51.37554931640625 ] ] ] } },
{ "type": "Feature", "properties": { }, "geometry": { "type": "Polygon", "coordinates": [ [ [ 17.579555511474609, 42.944007873535156 ], [ 17.676700592041016, 42.963298797607422 ], [ 17.684200286865234, 42.982200622558594 ], [ 17.630300521850586, 43.076900482177734 ], [ 17.453300476074219, 43.161098480224609 ], [ 17.394399642944336, 43.230300903320312 ], [ 17.298099517822266, 43.280799865722656 ], [ 17.256099700927734, 43.414398193359375 ], [ 17.271900177001953, 43.444400787353516 ], [ 17.261699676513672, 43.459701538085938 ], [ 17.098300933837891, 43.513599395751953 ], [ 16.976400375366211, 43.586101531982422 ], [ 16.840799331665039, 43.719200134277344 ], [ 16.722799301147461, 43.786098480224609 ], [ 16.701400756835938, 43.850601196289062 ], [ 16.537200927734375, 44.013599395751953 ], [ 16.438899993896484, 44.031898498535156 ], [ 16.354700088500977, 44.081699371337891 ], [ 16.302200317382812, 44.157199859619141 ], [ 16.249399185180664, 44.196701049804688 ], [ 16.143100738525391, 44.19940185546875 ], [ 16.178300857543945, 44.214698791503906 ], [ 16.183900833129883, 44.305801391601562 ], [ 16.225000381469727, 44.335800170898438 ], [ 16.159200668334961, 44.393901824951172 ], [ 16.121400833129883, 44.50469970703125 ], [ 16.042499542236328, 44.553901672363281 ], [ 15.956899642944336, 44.700000762939453 ], [ 15.854700088500977, 44.714401245117188 ], [ 15.767499923706055, 44.776100158691406 ], [ 15.73639965057373, 44.816898345947266 ], [ 15.798299789428711, 44.855300903320312 ], [ 15.769700050354004, 44.919200897216797 ], [ 15.787500381469727, 44.99530029296875 ], [ 15.764699935913086, 45.073600769042969 ], [ 15.78439998626709, 45.12030029296875 ], [ 15.781100273132324, 45.161899566650391 ], [ 15.834199905395508, 45.211898803710938 ], [ 15.936699867248535, 45.228599548339844 ], [ 15.951700210571289, 45.215801239013672 ], [ 16.023099899291992, 45.215000152587891 ], [ 16.051900863647461, 45.159400939941406 ], [ 16.111900329589844, 45.128101348876953 ], [ 16.120599746704102, 45.095001220703125 ], [ 16.159999847412109, 45.085601806640625 ], [ 16.209699630737305, 45.034400939941406 ], [ 16.292499542236328, 45.000598907470703 ], [ 16.353599548339844, 45.00579833984375 ], [ 16.399999618530273, 45.090301513671875 ], [ 16.395000457763672, 45.118301391601562 ], [ 16.459400177001953, 45.144401550292969 ], [ 16.476100921630859, 45.185600280761719 ], [ 16.525800704956055, 45.224399566650391 ], [ 16.594999313354492, 45.230598449707031 ], [ 16.82390022277832, 45.187198638916016 ], [ 16.913600921630859, 45.273899078369141 ], [ 16.939699172973633, 45.265598297119141 ], [ 16.932199478149414, 45.234401702880859 ], [ 16.968599319458008, 45.233600616455078 ], [ 16.972200393676758, 45.249401092529297 ], [ 16.990299224853516, 45.226898193359375 ], [ 17.010599136352539, 45.239200592041016 ], [ 17.00830078125, 45.216098785400391 ], [ 17.035600662231445, 45.226699829101562 ], [ 17.070600509643555, 45.188098907470703 ], [ 17.176900863647461, 45.148300170898438 ], [ 17.240299224853516, 45.148300170898438 ], [ 17.267200469970703, 45.186901092529297 ], [ 17.372200012207031, 45.140598297119141 ], [ 17.422800064086914, 45.141899108886719 ], [ 17.449399948120117, 45.159198760986328 ], [ 17.450799942016602, 45.128101348876953 ], [ 17.494400024414062, 45.136398315429688 ], [ 17.483299255371094, 45.110801696777344 ], [ 17.528099060058594, 45.111099243164062 ], [ 17.549699783325195, 45.131698608398438 ], [ 17.55579948425293, 45.110801696777344 ], [ 17.596099853515625, 45.108898162841797 ], [ 17.670299530029297, 45.136699676513672 ], [ 17.851699829101562, 45.049198150634766 ], [ 17.93280029296875, 45.080001831054688 ], [ 17.933900833129883, 45.108898162841797 ], [ 17.963899612426758, 45.112800598144531 ], [ 18.001699447631836, 45.152198791503906 ], [ 18.032199859619141, 45.128898620605469 ], [ 18.069999694824219, 45.139198303222656 ], [ 18.069400787353516, 45.104400634765625 ], [ 18.119400024414062, 45.083099365234375 ], [ 18.205299377441406, 45.084701538085938 ], [ 18.216400146484375, 45.12969970703125 ], [ 18.251699447631836, 45.138599395751953 ], [ 18.323099136352539, 45.103099822998047 ], [ 18.42970085144043, 45.106399536132812 ], [ 18.473899841308594, 45.064998626708984 ], [ 18.527200698852539, 45.047199249267578 ], [ 18.549400329589844, 45.076099395751953 ], [ 18.534999847412109, 45.095600128173828 ], [ 18.574699401855469, 45.068901062011719 ], [ 18.573099136352539, 45.094398498535156 ], [ 18.609699249267578, 45.084201812744141 ], [ 18.638599395751953, 45.094699859619141 ], [ 18.612199783325195, 45.0625 ], [ 18.655300140380859, 45.05780029296875 ], [ 18.659999847412109, 45.087799072265625 ], [ 18.675600051879883, 45.094200134277344 ], [ 18.686899185180664, 45.077201843261719 ], [ 18.669200897216797, 45.061698913574219 ], [ 18.731399536132812, 45.021900177001953 ], [ 18.731100082397461, 44.999401092529297 ], [ 18.793899536132812, 44.996898651123047 ], [ 18.800800323486328, 44.94940185546875 ], [ 18.763299942016602, 44.944698333740234 ], [ 18.767799377441406, 44.915798187255859 ], [ 18.840799331665039, 44.86309814453125 ], [ 19.03809928894043, 44.860599517822266 ], [ 19.176700592041016, 44.923301696777344 ], [ 19.208599090576172, 44.901401519775391 ], [ 19.250299453735352, 44.915798187255859 ], [ 19.354585647583008, 44.893497467041016 ], [ 19.382200241088867, 44.862800598144531 ], [ 19.355300903320312, 44.852798461914062 ], [ 19.360799789428711, 44.831401824951172 ], [ 19.335300445556641, 44.779701232910156 ], [ 19.345800399780273, 44.769199371337891 ], [ 19.313600540161133, 44.704399108886719 ], [ 19.270299911499023, 44.680000305175781 ], [ 19.217199325561523, 44.590000152587891 ], [ 19.186100006103516, 44.576400756835938 ], [ 19.190799713134766, 44.548301696777344 ], [ 19.125299453735352, 44.518299102783203 ], [ 19.146699905395508, 44.438301086425781 ], [ 19.138900756835938, 44.413898468017578 ], [ 19.110000610351562, 44.399200439453125 ], [ 19.10420036315918, 44.355800628662109 ], [ 19.165300369262695, 44.284400939941406 ], [ 19.201900482177734, 44.292499542236328 ], [ 19.239400863647461, 44.264701843261719 ], [ 19.318899154663086, 44.272499084472656 ], [ 19.358299255371094, 44.184398651123047 ], [ 19.442499160766602, 44.142200469970703 ], [ 19.476699829101562, 44.151901245117188 ], [ 19.469699859619141, 44.128101348876953 ], [ 19.503900527954102, 44.089401245117188 ], [ 19.558300018310547, 44.070301055908203 ], [ 19.567800521850586, 44.051399230957031 ], [ 19.595800399780273, 44.067798614501953 ], [ 19.619699478149414, 44.051898956298828 ], [ 19.619199752807617, 44.018600463867188 ], [ 19.508100509643555, 43.958099365234375 ], [ 19.373600006103516, 43.965599060058594 ], [ 19.23859977722168, 44.013599395751953 ], [ 19.250600814819336, 43.962200164794922 ], [ 19.487499237060547, 43.763301849365234 ], [ 19.510799407958984, 43.679698944091797 ], [ 19.49169921875, 43.590801239013672 ], [ 19.511100769042969, 43.573299407958984 ], [ 19.408599853515625, 43.584400177001953 ], [ 19.371700286865234, 43.616401672363281 ], [ 19.315799713134766, 43.593299865722656 ], [ 19.287500381469727, 43.544200897216797 ], [ 19.22920036315918, 43.513301849365234 ], [ 19.176700592041016, 43.529399871826172 ], [ 19.069999694824219, 43.508598327636719 ], [ 19.053899765014648, 43.535598754882812 ], [ 19.011699676513672, 43.556098937988281 ], [ 18.986900329589844, 43.522201538085938 ], [ 18.949399948120117, 43.5093994140625 ], [ 18.956699371337891, 43.454399108886719 ], [ 19.023099899291992, 43.435600280761719 ], [ 19.020599365234375, 43.391899108886719 ], [ 19.091100692749023, 43.316398620605469 ], [ 19.072200775146484, 43.248100280761719 ], [ 19.048099517822266, 43.232498168945312 ], [ 19.016700744628906, 43.239200592041016 ], [ 18.981399536132812, 43.284198760986328 ], [ 18.954200744628906, 43.293300628662109 ], [ 18.960300445556641, 43.322799682617188 ], [ 18.919399261474609, 43.356899261474609 ], [ 18.847499847412109, 43.348899841308594 ], [ 18.855800628662109, 43.332801818847656 ], [ 18.697799682617188, 43.252498626708984 ], [ 18.707500457763672, 43.214401245117188 ], [ 18.643899917602539, 43.139198303222656 ], [ 18.659200668334961, 43.080299377441406 ], [ 18.649999618530273, 43.044200897216797 ], [ 18.535600662231445, 43.017200469970703 ], [ 18.48390007019043, 42.971900939941406 ], [ 18.490800857543945, 42.861698150634766 ], [ 18.454700469970703, 42.828601837158203 ], [ 18.515800476074219, 42.731098175048828 ], [ 18.560300827026367, 42.712200164794922 ], [ 18.577499389648438, 42.654998779296875 ], [ 18.553899765014648, 42.621101379394531 ], [ 18.455289840698242, 42.564521789550781 ], [ 18.411899566650391, 42.606399536132812 ], [ 18.362499237060547, 42.626701354980469 ], [ 18.268600463867188, 42.618301391601562 ], [ 18.100299835205078, 42.750801086425781 ], [ 17.998899459838867, 42.761398315429688 ], [ 17.922500610351562, 42.811100006103516 ], [ 17.88279914855957, 42.819198608398438 ], [ 17.845300674438477, 42.859699249267578 ], [ 17.842500686645508, 42.903598785400391 ], [ 17.821399688720703, 42.920299530029297 ], [ 17.786399841308594, 42.903900146484375 ], [ 17.698099136352539, 42.927200317382812 ], [ 17.655542373657227, 42.891288757324219 ], [ 17.579555511474609, 42.944007873535156 ] ] ] } },
{ "type": "Feature", "properties": { }, "geometry": { "type": "Polygon", "coordinates": [ [ [ 27.275550842285156, 44.133041381835938 ], [ 27.290550231933594, 44.088039398193359 ], [ 27.399990081787109, 44.021930694580078 ], [ 27.656099319458008, 44.042488098144531 ], [ 27.721660614013672, 43.964710235595703 ], [ 27.820270538330078, 43.9658203125 ], [ 27.918880462646484, 44.005550384521484 ], [ 27.95166015625, 43.978870391845703 ], [ 27.997209548950195, 43.859149932861328 ], [ 28.224990844726562, 43.773040771484375 ], [ 28.583839416503906, 43.747760772705078 ], [ 28.572769165039062, 43.600818634033203 ], [ 28.606380462646484, 43.543880462646484 ], [ 28.561380386352539, 43.458320617675781 ], [ 28.471380233764648, 43.366378784179688 ], [ 28.381940841674805, 43.413318634033203 ], [ 28.157220840454102, 43.405540466308594 ], [ 28.088050842285156, 43.363601684570312 ], [ 28.015829086303711, 43.225818634033203 ], [ 27.906940460205078, 43.195819854736328 ], [ 27.944999694824219, 43.167209625244141 ], [ 27.895269393920898, 42.921379089355469 ], [ 27.898330688476562, 42.707210540771484 ], [ 27.732770919799805, 42.711380004882812 ], [ 27.71388053894043, 42.676658630371094 ], [ 27.632499694824219, 42.631649017333984 ], [ 27.652219772338867, 42.556659698486328 ], [ 27.530830383300781, 42.561939239501953 ], [ 27.450550079345703, 42.480819702148438 ], [ 27.50193977355957, 42.433319091796875 ], [ 27.637210845947266, 42.451930999755859 ], [ 27.653329849243164, 42.414150238037109 ], [ 27.716939926147461, 42.380821228027344 ], [ 27.729999542236328, 42.334709167480469 ], [ 27.785829544067383, 42.311378479003906 ], [ 27.748050689697266, 42.259708404541016 ], [ 28.003599166870117, 42.023880004882812 ], [ 28.013050079345703, 41.982200622558594 ], [ 27.834720611572266, 42.001930236816406 ], [ 27.821659088134766, 41.966648101806641 ], [ 27.579719543457031, 41.937480926513672 ], [ 27.566659927368164, 41.907760620117188 ], [ 27.243600845336914, 42.107208251953125 ], [ 27.20166015625, 42.060539245605469 ], [ 27.070270538330078, 42.089981079101562 ], [ 26.843330383300781, 41.972209930419922 ], [ 26.625270843505859, 41.983318328857422 ], [ 26.544990539550781, 41.830818176269531 ], [ 26.37748908996582, 41.821929931640625 ], [ 26.332769393920898, 41.753040313720703 ], [ 26.361879348754883, 41.701549530029297 ], [ 26.222770690917969, 41.744430541992188 ], [ 26.074440002441406, 41.711929321289062 ], [ 26.067489624023438, 41.678871154785156 ], [ 26.198049545288086, 41.439418792724609 ], [ 26.135269165039062, 41.353870391845703 ], [ 25.653049468994141, 41.317760467529297 ], [ 25.388050079345703, 41.263050079345703 ], [ 25.239429473876953, 41.254428863525391 ], [ 25.209989547729492, 41.293880462646484 ], [ 24.894710540771484, 41.410541534423828 ], [ 24.798879623413086, 41.354709625244141 ], [ 24.725269317626953, 41.418048858642578 ], [ 24.658599853515625, 41.421100616455078 ], [ 24.526100158691406, 41.572208404541016 ], [ 24.363880157470703, 41.523601531982422 ], [ 24.245540618896484, 41.567760467529297 ], [ 24.184719085693359, 41.516651153564453 ], [ 24.157220840454102, 41.541099548339844 ], [ 24.078609466552734, 41.537208557128906 ], [ 24.074989318847656, 41.467201232910156 ], [ 23.956100463867188, 41.446090698242188 ], [ 23.89109992980957, 41.452770233154297 ], [ 23.668050765991211, 41.405818939208984 ], [ 23.281110763549805, 41.403308868408203 ], [ 23.175819396972656, 41.322761535644531 ], [ 22.935949325561523, 41.343299865722656 ], [ 22.964990615844727, 41.394428253173828 ], [ 22.985549926757812, 41.661369323730469 ], [ 23.031389236450195, 41.720539093017578 ], [ 23.01276969909668, 41.765270233154297 ], [ 22.947490692138672, 41.802478790283203 ], [ 22.803329467773438, 42.047771453857422 ], [ 22.609439849853516, 42.103321075439453 ], [ 22.363609313964844, 42.319980621337891 ], [ 22.519439697265625, 42.399150848388672 ], [ 22.558050155639648, 42.479148864746094 ], [ 22.484989166259766, 42.555820465087891 ], [ 22.438600540161133, 42.574710845947266 ], [ 22.461940765380859, 42.793880462646484 ], [ 22.440830230712891, 42.818599700927734 ], [ 22.585830688476562, 42.89276123046875 ], [ 22.733329772949219, 42.88970947265625 ], [ 22.993330001831055, 43.145259857177734 ], [ 23.006940841674805, 43.199989318847656 ], [ 22.849720001220703, 43.282199859619141 ], [ 22.769710540771484, 43.383598327636719 ], [ 22.546390533447266, 43.470260620117188 ], [ 22.48859977722168, 43.623310089111328 ], [ 22.359439849853516, 43.816928863525391 ], [ 22.416929244995117, 44.006938934326172 ], [ 22.622499465942383, 44.070819854736328 ], [ 22.616659164428711, 44.172760009765625 ], [ 22.691930770874023, 44.243061065673828 ], [ 22.882770538330078, 44.128868103027344 ], [ 23.037220001220703, 44.084430694580078 ], [ 23.042770385742188, 44.056648254394531 ], [ 22.995819091796875, 44.014148712158203 ], [ 22.906940460205078, 43.998870849609375 ], [ 22.843330383300781, 43.904979705810547 ], [ 22.857490539550781, 43.853321075439453 ], [ 23.063610076904297, 43.802211761474609 ], [ 23.413049697875977, 43.855819702148438 ], [ 23.89055061340332, 43.756378173828125 ], [ 24.33721923828125, 43.694431304931641 ], [ 24.501659393310547, 43.761379241943359 ], [ 25.001380920410156, 43.723590850830078 ], [ 25.080549240112305, 43.691089630126953 ], [ 25.224710464477539, 43.687480926513672 ], [ 25.36305046081543, 43.624698638916016 ], [ 25.572929382324219, 43.648281097412109 ], [ 25.862770080566406, 43.766380310058594 ], [ 26.111660003662109, 43.968318939208984 ], [ 26.923320770263672, 44.136650085449219 ], [ 27.275550842285156, 44.133041381835938 ] ] ] } },
{ "type": "Feature", "properties": { }, "geometry": { "type": "Polygon", "coordinates": [ [ [ 28.166498184204102, 56.150318145751953 ], [ 28.3125, 56.049999237060547 ], [ 28.353599548339844, 56.056900024414062 ], [ 28.387500762939453, 56.096099853515625 ], [ 28.52079963684082, 56.105300903320312 ], [ 28.646099090576172, 56.093601226806641 ], [ 28.702199935913086, 56.032199859619141 ], [ 28.729999542236328, 55.963100433349609 ], [ 28.846900939941406, 55.942501068115234 ], [ 28.853599548339844, 55.970600128173828 ], [ 29.05940055847168, 56.032798767089844 ], [ 29.412200927734375, 55.957801818847656 ], [ 29.464399337768555, 55.911098480224609 ], [ 29.406900405883789, 55.895801544189453 ], [ 29.359199523925781, 55.789398193359375 ], [ 29.385799407958984, 55.756401062011719 ], [ 29.493900299072266, 55.688899993896484 ], [ 29.526399612426758, 55.691398620605469 ], [ 29.61829948425293, 55.751701354980469 ], [ 29.719200134277344, 55.782501220703125 ], [ 29.823099136352539, 55.775299072265625 ], [ 29.859399795532227, 55.822498321533203 ], [ 29.928300857543945, 55.851699829101562 ], [ 30.014699935913086, 55.854400634765625 ], [ 30.140600204467773, 55.828098297119141 ], [ 30.226100921630859, 55.866100311279297 ], [ 30.299200057983398, 55.836101531982422 ], [ 30.489700317382812, 55.799999237060547 ], [ 30.494199752807617, 55.763900756835938 ], [ 30.606700897216797, 55.726100921630859 ], [ 30.60890007019043, 55.681400299072266 ], [ 30.647199630737305, 55.661399841308594 ], [ 30.726900100708008, 55.656398773193359 ], [ 30.75670051574707, 55.596698760986328 ], [ 30.876899719238281, 55.61920166015625 ], [ 30.925600051879883, 55.603099822998047 ], [ 30.934999465942383, 55.531898498535156 ], [ 30.918600082397461, 55.506900787353516 ], [ 30.939399719238281, 55.49169921875 ], [ 30.906400680541992, 55.479198455810547 ], [ 30.900600433349609, 55.459201812744141 ], [ 30.939399719238281, 55.399398803710938 ], [ 30.857799530029297, 55.353599548339844 ], [ 30.813600540161133, 55.293300628662109 ], [ 30.878599166870117, 55.260299682617188 ], [ 30.913299560546875, 55.203098297119141 ], [ 31.00469970703125, 55.143299102783203 ], [ 30.987199783325195, 55.111698150634766 ], [ 31.029699325561523, 55.043300628662109 ], [ 31.00779914855957, 55.026699066162109 ], [ 30.924999237060547, 55.033298492431641 ], [ 30.955799102783203, 54.992198944091797 ], [ 30.947500228881836, 54.969200134277344 ], [ 30.833900451660156, 54.944198608398438 ], [ 30.844999313354492, 54.881099700927734 ], [ 30.80109977722168, 54.854999542236328 ], [ 30.780000686645508, 54.796901702880859 ], [ 31.004999160766602, 54.711700439453125 ], [ 31.024700164794922, 54.652198791503906 ], [ 31.185300827026367, 54.642200469970703 ], [ 31.186899185180664, 54.609401702880859 ], [ 31.13170051574707, 54.570598602294922 ], [ 31.082500457763672, 54.505599975585938 ], [ 31.130599975585938, 54.478599548339844 ], [ 31.19420051574707, 54.480300903320312 ], [ 31.198436737060547, 54.460041046142578 ], [ 31.231899261474609, 54.456699371337891 ], [ 31.263900756835938, 54.386699676513672 ], [ 31.311700820922852, 54.350799560546875 ], [ 31.310800552368164, 54.296699523925781 ], [ 31.331699371337891, 54.237499237060547 ], [ 31.544200897216797, 54.143299102783203 ], [ 31.616100311279297, 54.137199401855469 ], [ 31.686399459838867, 54.103099822998047 ], [ 31.761699676513672, 54.103298187255859 ], [ 31.793300628662109, 54.0531005859375 ], [ 31.844200134277344, 54.064399719238281 ], [ 31.8656005859375, 54.002201080322266 ], [ 31.828899383544922, 53.886398315429688 ], [ 31.762136459350586, 53.803779602050781 ], [ 31.81719970703125, 53.803901672363281 ], [ 31.89579963684082, 53.777500152587891 ], [ 32.119701385498047, 53.819999694824219 ], [ 32.198101043701172, 53.784999847412109 ], [ 32.329399108886719, 53.762199401855469 ], [ 32.376899719238281, 53.718898773193359 ], [ 32.461700439453125, 53.722801208496094 ], [ 32.510601043701172, 53.683601379394531 ], [ 32.414699554443359, 53.646400451660156 ], [ 32.443901062011719, 53.5718994140625 ], [ 32.570598602294922, 53.521701812744141 ], [ 32.597499847412109, 53.491100311279297 ], [ 32.670600891113281, 53.497200012207031 ], [ 32.657798767089844, 53.469200134277344 ], [ 32.73809814453125, 53.465801239013672 ], [ 32.723899841308594, 53.367801666259766 ], [ 32.736900329589844, 53.342498779296875 ], [ 32.604400634765625, 53.333301544189453 ], [ 32.615299224853516, 53.315799713134766 ], [ 32.585800170898438, 53.306900024414062 ], [ 32.462501525878906, 53.308300018310547 ], [ 32.471099853515625, 53.286098480224609 ], [ 32.498298645019531, 53.278301239013672 ], [ 32.436698913574219, 53.206100463867188 ], [ 32.353099822998047, 53.181900024414062 ], [ 32.298900604248047, 53.131900787353516 ], [ 32.225601196289062, 53.13330078125 ], [ 32.223300933837891, 53.105598449707031 ], [ 32.1864013671875, 53.113899230957031 ], [ 32.118598937988281, 53.087200164794922 ], [ 32.012500762939453, 53.110000610351562 ], [ 31.930599212646484, 53.095600128173828 ], [ 31.886899948120117, 53.120800018310547 ], [ 31.80109977722168, 53.125801086425781 ], [ 31.775600433349609, 53.194198608398438 ], [ 31.616100311279297, 53.218299865722656 ], [ 31.572500228881836, 53.199199676513672 ], [ 31.422500610351562, 53.208900451660156 ], [ 31.395299911499023, 53.181400299072266 ], [ 31.376399993896484, 53.121101379394531 ], [ 31.38640022277832, 53.099201202392578 ], [ 31.327199935913086, 53.082199096679688 ], [ 31.317800521850586, 53.054401397705078 ], [ 31.266399383544922, 53.021900177001953 ], [ 31.356399536132812, 52.978099822998047 ], [ 31.38330078125, 52.918899536132812 ], [ 31.415300369262695, 52.893100738525391 ], [ 31.475799560546875, 52.863300323486328 ], [ 31.536899566650391, 52.856098175048828 ], [ 31.540000915527344, 52.8218994140625 ], [ 31.580799102783203, 52.8031005859375 ], [ 31.594999313354492, 52.73809814453125 ], [ 31.558300018310547, 52.701400756835938 ], [ 31.5, 52.689998626708984 ], [ 31.583599090576172, 52.594699859619141 ], [ 31.653299331665039, 52.5531005859375 ], [ 31.581699371337891, 52.550800323486328 ], [ 31.595300674438477, 52.532199859619141 ], [ 31.564699172973633, 52.515800476074219 ], [ 31.60890007019043, 52.491401672363281 ], [ 31.601699829101562, 52.406101226806641 ], [ 31.623100280761719, 52.395599365234375 ], [ 31.62969970703125, 52.370601654052734 ], [ 31.586700439453125, 52.318901062011719 ], [ 31.644199371337891, 52.273300170898438 ], [ 31.716899871826172, 52.261699676513672 ], [ 31.702199935913086, 52.24530029296875 ], [ 31.703899383544922, 52.198600769042969 ], [ 31.782499313354492, 52.165798187255859 ], [ 31.783899307250977, 52.108100891113281 ], [ 31.361900329589844, 52.11669921875 ], [ 31.30109977722168, 52.091098785400391 ], [ 31.279699325561523, 52.054698944091797 ], [ 31.251699447631836, 52.045600891113281 ], [ 31.161699295043945, 52.083301544189453 ], [ 30.963100433349609, 52.081100463867188 ], [ 30.935800552368164, 52.063899993896484 ], [ 30.943899154663086, 52.049198150634766 ], [ 30.931400299072266, 52.033298492431641 ], [ 30.966899871826172, 52.025001525878906 ], [ 30.971700668334961, 52.006401062011719 ], [ 30.897800445556641, 51.997798919677734 ], [ 30.882200241088867, 51.965599060058594 ], [ 30.800800323486328, 51.944400787353516 ], [ 30.79640007019043, 51.902801513671875 ], [ 30.74690055847168, 51.895301818847656 ], [ 30.662200927734375, 51.823898315429688 ], [ 30.670000076293945, 51.796398162841797 ], [ 30.656900405883789, 51.774398803710938 ], [ 30.617500305175781, 51.764198303222656 ], [ 30.645599365234375, 51.748600006103516 ], [ 30.628299713134766, 51.711399078369141 ], [ 30.57390022277832, 51.697498321533203 ], [ 30.556699752807617, 51.625 ], [ 30.517499923706055, 51.597801208496094 ], [ 30.542800903320312, 51.577201843261719 ], [ 30.522199630737305, 51.566898345947266 ], [ 30.530300140380859, 51.551101684570312 ], [ 30.582199096679688, 51.536701202392578 ], [ 30.565799713134766, 51.515800476074219 ], [ 30.6156005859375, 51.458301544189453 ], [ 30.588600158691406, 51.454200744628906 ], [ 30.581699371337891, 51.430301666259766 ], [ 30.619699478149414, 51.416099548339844 ], [ 30.643600463867188, 51.370800018310547 ], [ 30.631900787353516, 51.355300903320312 ], [ 30.644199371337891, 51.332801818847656 ], [ 30.57080078125, 51.301898956298828 ], [ 30.571699142456055, 51.273300170898438 ], [ 30.549400329589844, 51.252799987792969 ], [ 30.479700088500977, 51.270000457763672 ], [ 30.459999084472656, 51.296901702880859 ], [ 30.383899688720703, 51.307201385498047 ], [ 30.334999084472656, 51.345001220703125 ], [ 30.350299835205078, 51.358299255371094 ], [ 30.348100662231445, 51.405300140380859 ], [ 30.176399230957031, 51.491901397705078 ], [ 29.983299255371094, 51.486400604248047 ], [ 29.933900833129883, 51.457199096679688 ], [ 29.89579963684082, 51.469398498535156 ], [ 29.851400375366211, 51.436100006103516 ], [ 29.759199142456055, 51.44110107421875 ], [ 29.717800140380859, 51.494400024414062 ], [ 29.669700622558594, 51.4989013671875 ], [ 29.621700286865234, 51.490001678466797 ], [ 29.594400405883789, 51.453098297119141 ], [ 29.523899078369141, 51.453601837158203 ], [ 29.483100891113281, 51.390300750732422 ], [ 29.409700393676758, 51.402801513671875 ], [ 29.353900909423828, 51.375 ], [ 29.313100814819336, 51.384998321533203 ], [ 29.281900405883789, 51.44329833984375 ], [ 29.236099243164062, 51.466400146484375 ], [ 29.250799179077148, 51.50469970703125 ], [ 29.24329948425293, 51.537799835205078 ], [ 29.204999923706055, 51.56829833984375 ], [ 29.186100006103516, 51.612201690673828 ], [ 29.08329963684082, 51.638301849365234 ], [ 29.040000915527344, 51.624698638916016 ], [ 29.028299331665039, 51.595798492431641 ], [ 28.99530029296875, 51.574699401855469 ], [ 28.928899765014648, 51.576698303222656 ], [ 28.845300674438477, 51.55419921875 ], [ 28.76609992980957, 51.484699249267578 ], [ 28.764999389648438, 51.416900634765625 ], [ 28.752500534057617, 51.411098480224609 ], [ 28.730300903320312, 51.420799255371094 ], [ 28.719200134277344, 51.452201843261719 ], [ 28.683599472045898, 51.4385986328125 ], [ 28.660600662231445, 51.451900482177734 ], [ 28.627199172973633, 51.566398620605469 ], [ 28.47559928894043, 51.579700469970703 ], [ 28.359199523925781, 51.530601501464844 ], [ 28.336099624633789, 51.576900482177734 ], [ 28.260799407958984, 51.617801666259766 ], [ 28.258600234985352, 51.661098480224609 ], [ 28.188600540161133, 51.643100738525391 ], [ 28.135000228881836, 51.580299377441406 ], [ 28.088100433349609, 51.564998626708984 ], [ 27.975299835205078, 51.567798614501953 ], [ 27.884700775146484, 51.619998931884766 ], [ 27.851400375366211, 51.62030029296875 ], [ 27.811700820922852, 51.588600158691406 ], [ 27.817499160766602, 51.530601501464844 ], [ 27.74690055847168, 51.465599060058594 ], [ 27.671100616455078, 51.506698608398438 ], [ 27.724700927734375, 51.564399719238281 ], [ 27.719699859619141, 51.592498779296875 ], [ 27.512500762939453, 51.630298614501953 ], [ 27.471700668334961, 51.629398345947266 ], [ 27.445600509643555, 51.601100921630859 ], [ 27.279399871826172, 51.597801208496094 ], [ 27.298900604248047, 51.654399871826172 ], [ 27.200000762939453, 51.670299530029297 ], [ 27.206699371337891, 51.743099212646484 ], [ 27.17970085144043, 51.762798309326172 ], [ 27.029199600219727, 51.769401550292969 ], [ 26.933300018310547, 51.749698638916016 ], [ 26.649700164794922, 51.820301055908203 ], [ 26.457199096679688, 51.812801361083984 ], [ 26.439199447631836, 51.820598602294922 ], [ 26.436899185180664, 51.856899261474609 ], [ 26.18079948425293, 51.861400604248047 ], [ 26.092199325561523, 51.917499542236328 ], [ 25.976699829101562, 51.912200927734375 ], [ 25.775800704956055, 51.939201354980469 ], [ 25.69580078125, 51.922798156738281 ], [ 25.361099243164062, 51.926898956298828 ], [ 25.244199752807617, 51.959400177001953 ], [ 25.179399490356445, 51.959701538085938 ], [ 24.885299682617188, 51.899398803710938 ], [ 24.396699905395508, 51.886699676513672 ], [ 24.313299179077148, 51.822498321533203 ], [ 24.279399871826172, 51.737800598144531 ], [ 24.043100357055664, 51.610298156738281 ], [ 23.953899383544922, 51.584999084472656 ], [ 23.896699905395508, 51.635799407958984 ], [ 23.753599166870117, 51.652500152587891 ], [ 23.66670036315918, 51.640598297119141 ], [ 23.608600616455078, 51.608100891113281 ], [ 23.646099090576172, 51.520801544189453 ], [ 23.592084884643555, 51.528278350830078 ], [ 23.539169311523438, 51.592758178710938 ], [ 23.553890228271484, 51.745819091796875 ], [ 23.626380920410156, 51.796939849853516 ], [ 23.611660003662109, 51.914150238037109 ], [ 23.656379699707031, 52.041660308837891 ], [ 23.598329544067383, 52.109428405761719 ], [ 23.293880462646484, 52.225811004638672 ], [ 23.211380004882812, 52.223869323730469 ], [ 23.168880462646484, 52.282199859619141 ], [ 23.384159088134766, 52.504161834716797 ], [ 23.563610076904297, 52.584980010986328 ], [ 23.883880615234375, 52.67803955078125 ], [ 23.933879852294922, 52.712200164794922 ], [ 23.934989929199219, 52.890541076660156 ], [ 23.854160308837891, 53.210819244384766 ], [ 23.658050537109375, 53.529708862304688 ], [ 23.503747940063477, 53.947162628173828 ], [ 23.579200744628906, 53.936100006103516 ], [ 23.644399642944336, 53.904701232910156 ], [ 23.719999313354492, 53.926700592041016 ], [ 23.779699325561523, 53.917800903320312 ], [ 23.787500381469727, 53.938098907470703 ], [ 23.833599090576172, 53.925800323486328 ], [ 23.934999465942383, 53.955799102783203 ], [ 23.986099243164062, 53.938899993896484 ], [ 24.088600158691406, 53.9375 ], [ 24.175600051879883, 53.967498779296875 ], [ 24.231399536132812, 53.953098297119141 ], [ 24.277799606323242, 53.899700164794922 ], [ 24.332500457763672, 53.906101226806641 ], [ 24.386899948120117, 53.888599395751953 ], [ 24.612199783325195, 53.992198944091797 ], [ 24.691699981689453, 54.001701354980469 ], [ 24.727800369262695, 53.968601226806641 ], [ 24.82080078125, 53.977199554443359 ], [ 24.840599060058594, 54.034400939941406 ], [ 24.795600891113281, 54.101398468017578 ], [ 24.835599899291992, 54.113601684570312 ], [ 24.840299606323242, 54.142200469970703 ], [ 24.968900680541992, 54.158599853515625 ], [ 25.02440071105957, 54.131099700927734 ], [ 25.0718994140625, 54.134700775146484 ], [ 25.161899566650391, 54.172500610351562 ], [ 25.209400177001953, 54.229999542236328 ], [ 25.217800140380859, 54.264400482177734 ], [ 25.391700744628906, 54.25579833984375 ], [ 25.451900482177734, 54.299701690673828 ], [ 25.492799758911133, 54.305301666259766 ], [ 25.577199935913086, 54.240299224853516 ], [ 25.518299102783203, 54.225799560546875 ], [ 25.547800064086914, 54.203300476074219 ], [ 25.50469970703125, 54.183101654052734 ], [ 25.534400939941406, 54.146900177001953 ], [ 25.669200897216797, 54.136100769042969 ], [ 25.700300216674805, 54.154701232910156 ], [ 25.785299301147461, 54.160598754882812 ], [ 25.787200927734375, 54.218101501464844 ], [ 25.80780029296875, 54.248100280761719 ], [ 25.770299911499023, 54.287799835205078 ], [ 25.727199554443359, 54.290599822998047 ], [ 25.714199066162109, 54.331100463867188 ], [ 25.611099243164062, 54.3114013671875 ], [ 25.547500610351562, 54.328601837158203 ], [ 25.557199478149414, 54.366100311279297 ], [ 25.63640022277832, 54.427200317382812 ], [ 25.633100509643555, 54.477798461914062 ], [ 25.648899078369141, 54.517501831054688 ], [ 25.764200210571289, 54.579200744628906 ], [ 25.727199554443359, 54.666698455810547 ], [ 25.749200820922852, 54.728298187255859 ], [ 25.736700057983398, 54.789398193359375 ], [ 25.803600311279297, 54.813899993896484 ], [ 25.788900375366211, 54.87030029296875 ], [ 25.862499237060547, 54.910800933837891 ], [ 25.88170051574707, 54.944198608398438 ], [ 26.160800933837891, 54.977199554443359 ], [ 26.219400405883789, 55.029998779296875 ], [ 26.248300552368164, 55.071098327636719 ], [ 26.253299713134766, 55.123600006103516 ], [ 26.284200668334961, 55.148101806640625 ], [ 26.450300216674805, 55.132801055908203 ], [ 26.481700897216797, 55.154998779296875 ], [ 26.615800857543945, 55.124698638916016 ], [ 26.641700744628906, 55.142501831054688 ], [ 26.641700744628906, 55.190799713134766 ], [ 26.668600082397461, 55.218101501464844 ], [ 26.713300704956055, 55.243099212646484 ], [ 26.775299072265625, 55.250598907470703 ], [ 26.819700241088867, 55.281101226806641 ], [ 26.766899108886719, 55.3135986328125 ], [ 26.631399154663086, 55.331100463867188 ], [ 26.55470085144043, 55.313098907470703 ], [ 26.455799102783203, 55.341400146484375 ], [ 26.502500534057617, 55.389999389648438 ], [ 26.523599624633789, 55.443901062011719 ], [ 26.569400787353516, 55.468299865722656 ], [ 26.545000076293945, 55.511100769042969 ], [ 26.626699447631836, 55.593101501464844 ], [ 26.614086151123047, 55.676048278808594 ], [ 26.661699295043945, 55.705799102783203 ], [ 26.74530029296875, 55.686698913574219 ], [ 26.850000381469727, 55.710800170898438 ], [ 26.908100128173828, 55.778598785400391 ], [ 26.989999771118164, 55.834701538085938 ], [ 27.156099319458008, 55.846401214599609 ], [ 27.282199859619141, 55.787200927734375 ], [ 27.350799560546875, 55.826400756835938 ], [ 27.399999618530273, 55.803901672363281 ], [ 27.601400375366211, 55.791900634765625 ], [ 27.63279914855957, 55.840599060058594 ], [ 27.647199630737305, 55.924198150634766 ], [ 27.791099548339844, 55.988899230957031 ], [ 27.795600891113281, 56.025299072265625 ], [ 27.893299102783203, 56.065601348876953 ], [ 27.929399490356445, 56.113300323486328 ], [ 28.058300018310547, 56.136398315429688 ], [ 28.11829948425293, 56.167198181152344 ], [ 28.166498184204102, 56.150318145751953 ] ] ] } },
{ "type": "Feature", "properties": { }, "geometry": { "type": "MultiPolygon", "coordinates": [ [ [ [ 14.660829544067383, 44.965549468994141 ], [ 14.614720344543457, 44.983879089355469 ], [ 14.628330230712891, 45.034988403320312 ], [ 14.495829582214355, 45.029991149902344 ], [ 14.428890228271484, 45.078319549560547 ], [ 14.545000076293945, 45.204151153564453 ], [ 14.549169540405273, 45.246101379394531 ], [ 14.594440460205078, 45.213871002197266 ], [ 14.806670188903809, 44.973049163818359 ], [ 14.660829544067383, 44.965549468994141 ] ] ], [ [ [ 14.503609657287598, 44.616649627685547 ], [ 14.443050384521484, 44.638320922851562 ], [ 14.298049926757812, 44.921939849853516 ], [ 14.392780303955078, 44.906650543212891 ], [ 14.37555980682373, 44.992488861083984 ], [ 14.27361011505127, 45.114990234375 ], [ 14.311670303344727, 45.172771453857422 ], [ 14.357769966125488, 45.165271759033203 ], [ 14.37693977355957, 45.052490234375 ], [ 14.471670150756836, 44.977771759033203 ], [ 14.462499618530273, 44.728038787841797 ], [ 14.503609657287598, 44.616649627685547 ] ] ], [ [ [ 17.655542373657227, 42.891288757324219 ], [ 17.698099136352539, 42.927200317382812 ], [ 17.786399841308594, 42.903900146484375 ], [ 17.821399688720703, 42.920299530029297 ], [ 17.842500686645508, 42.903598785400391 ], [ 17.845300674438477, 42.859699249267578 ], [ 17.88279914855957, 42.819198608398438 ], [ 17.922500610351562, 42.811100006103516 ], [ 17.998899459838867, 42.761398315429688 ], [ 18.100299835205078, 42.750801086425781 ], [ 18.268600463867188, 42.618301391601562 ], [ 18.362499237060547, 42.626701354980469 ], [ 18.411899566650391, 42.606399536132812 ], [ 18.455289840698242, 42.564521789550781 ], [ 18.460300445556641, 42.486900329589844 ], [ 18.510255813598633, 42.44940185546875 ], [ 18.526100158691406, 42.398319244384766 ], [ 18.214719772338867, 42.579429626464844 ], [ 18.227489471435547, 42.607769012451172 ], [ 17.906389236450195, 42.747489929199219 ], [ 17.810829162597656, 42.808601379394531 ], [ 17.721380233764648, 42.823879241943359 ], [ 17.735269546508789, 42.794990539550781 ], [ 17.046939849853516, 43.034709930419922 ], [ 17.421379089355469, 42.961380004882812 ], [ 17.716939926147461, 42.847759246826172 ], [ 17.655542373657227, 42.891288757324219 ] ] ], [ [ [ 16.609235763549805, 46.475173950195312 ], [ 16.876380920410156, 46.318599700927734 ], [ 16.939159393310547, 46.246089935302734 ], [ 17.064159393310547, 46.206649780273438 ], [ 17.209720611572266, 46.118320465087891 ], [ 17.320550918579102, 45.974430084228516 ], [ 17.358610153198242, 45.949989318847656 ], [ 17.57666015625, 45.940540313720703 ], [ 17.799440383911133, 45.808879852294922 ], [ 18.082490921020508, 45.766651153564453 ], [ 18.189159393310547, 45.784431457519531 ], [ 18.278970718383789, 45.760349273681641 ], [ 18.559440612792969, 45.801651000976562 ], [ 18.629159927368164, 45.876091003417969 ], [ 18.699159622192383, 45.921100616455078 ], [ 18.803049087524414, 45.886650085449219 ], [ 18.828100204467773, 45.896675109863281 ], [ 18.859199523925781, 45.847198486328125 ], [ 18.924400329589844, 45.811901092529297 ], [ 18.933300018310547, 45.782501220703125 ], [ 18.958599090576172, 45.778099060058594 ], [ 18.956100463867188, 45.736099243164062 ], [ 18.909200668334961, 45.713298797607422 ], [ 18.968900680541992, 45.667198181152344 ], [ 18.908100128173828, 45.61669921875 ], [ 18.901899337768555, 45.570301055908203 ], [ 18.948299407958984, 45.537799835205078 ], [ 19.02440071105957, 45.560798645019531 ], [ 19.034400939941406, 45.542198181152344 ], [ 19.10059928894043, 45.512199401855469 ], [ 19.083099365234375, 45.487800598144531 ], [ 18.999700546264648, 45.490798950195312 ], [ 18.994400024414062, 45.451698303222656 ], [ 19.035800933837891, 45.410301208496094 ], [ 18.981399536132812, 45.396400451660156 ], [ 18.982500076293945, 45.375801086425781 ], [ 19.038600921630859, 45.348598480224609 ], [ 19.085300445556641, 45.347801208496094 ], [ 19.100799560546875, 45.308101654052734 ], [ 19.128900527954102, 45.290599822998047 ], [ 19.194999694824219, 45.268600463867188 ], [ 19.253900527954102, 45.273899078369141 ], [ 19.260299682617188, 45.247200012207031 ], [ 19.417800903320312, 45.235599517822266 ], [ 19.423900604248047, 45.184398651123047 ], [ 19.411100387573242, 45.174999237060547 ], [ 19.32859992980957, 45.175800323486328 ], [ 19.318899154663086, 45.199699401855469 ], [ 19.298599243164062, 45.203601837158203 ], [ 19.261699676513672, 45.180301666259766 ], [ 19.223100662231445, 45.208599090576172 ], [ 19.163600921630859, 45.212200164794922 ], [ 19.18079948425293, 45.173599243164062 ], [ 19.160600662231445, 45.145801544189453 ], [ 19.138099670410156, 45.129199981689453 ], [ 19.081699371337891, 45.1260986328125 ], [ 19.10420036315918, 45.096698760986328 ], [ 19.115299224853516, 45.036098480224609 ], [ 19.105300903320312, 44.983898162841797 ], [ 19.142799377441406, 44.982200622558594 ], [ 19.145299911499023, 44.951099395751953 ], [ 19.076099395751953, 44.909400939941406 ], [ 19.036699295043945, 44.932498931884766 ], [ 19.013599395751953, 44.916698455810547 ], [ 19.00469970703125, 44.900299072265625 ], [ 19.03809928894043, 44.860599517822266 ], [ 18.840799331665039, 44.86309814453125 ], [ 18.767799377441406, 44.915798187255859 ], [ 18.763299942016602, 44.944698333740234 ], [ 18.800800323486328, 44.94940185546875 ], [ 18.793899536132812, 44.996898651123047 ], [ 18.731100082397461, 44.999401092529297 ], [ 18.731399536132812, 45.021900177001953 ], [ 18.669200897216797, 45.061698913574219 ], [ 18.686899185180664, 45.077201843261719 ], [ 18.675600051879883, 45.094200134277344 ], [ 18.659999847412109, 45.087799072265625 ], [ 18.655300140380859, 45.05780029296875 ], [ 18.612199783325195, 45.0625 ], [ 18.638599395751953, 45.094699859619141 ], [ 18.609699249267578, 45.084201812744141 ], [ 18.573099136352539, 45.094398498535156 ], [ 18.574699401855469, 45.068901062011719 ], [ 18.534999847412109, 45.095600128173828 ], [ 18.549400329589844, 45.076099395751953 ], [ 18.527200698852539, 45.047199249267578 ], [ 18.473899841308594, 45.064998626708984 ], [ 18.42970085144043, 45.106399536132812 ], [ 18.323099136352539, 45.103099822998047 ], [ 18.251699447631836, 45.138599395751953 ], [ 18.216400146484375, 45.12969970703125 ], [ 18.205299377441406, 45.084701538085938 ], [ 18.119400024414062, 45.083099365234375 ], [ 18.069400787353516, 45.104400634765625 ], [ 18.069999694824219, 45.139198303222656 ], [ 18.032199859619141, 45.128898620605469 ], [ 18.001699447631836, 45.152198791503906 ], [ 17.963899612426758, 45.112800598144531 ], [ 17.933900833129883, 45.108898162841797 ], [ 17.93280029296875, 45.080001831054688 ], [ 17.851699829101562, 45.049198150634766 ], [ 17.670299530029297, 45.136699676513672 ], [ 17.596099853515625, 45.108898162841797 ], [ 17.55579948425293, 45.110801696777344 ], [ 17.549699783325195, 45.131698608398438 ], [ 17.528099060058594, 45.111099243164062 ], [ 17.483299255371094, 45.110801696777344 ], [ 17.494400024414062, 45.136398315429688 ], [ 17.450799942016602, 45.128101348876953 ], [ 17.449399948120117, 45.159198760986328 ], [ 17.422800064086914, 45.141899108886719 ], [ 17.372200012207031, 45.140598297119141 ], [ 17.267200469970703, 45.186901092529297 ], [ 17.240299224853516, 45.148300170898438 ], [ 17.176900863647461, 45.148300170898438 ], [ 17.070600509643555, 45.188098907470703 ], [ 17.035600662231445, 45.226699829101562 ], [ 17.00830078125, 45.216098785400391 ], [ 17.010599136352539, 45.239200592041016 ], [ 16.990299224853516, 45.226898193359375 ], [ 16.972200393676758, 45.249401092529297 ], [ 16.968599319458008, 45.233600616455078 ], [ 16.932199478149414, 45.234401702880859 ], [ 16.939699172973633, 45.265598297119141 ], [ 16.913600921630859, 45.273899078369141 ], [ 16.82390022277832, 45.187198638916016 ], [ 16.594999313354492, 45.230598449707031 ], [ 16.525800704956055, 45.224399566650391 ], [ 16.476100921630859, 45.185600280761719 ], [ 16.459400177001953, 45.144401550292969 ], [ 16.395000457763672, 45.118301391601562 ], [ 16.399999618530273, 45.090301513671875 ], [ 16.353599548339844, 45.00579833984375 ], [ 16.292499542236328, 45.000598907470703 ], [ 16.209699630737305, 45.034400939941406 ], [ 16.159999847412109, 45.085601806640625 ], [ 16.120599746704102, 45.095001220703125 ], [ 16.111900329589844, 45.128101348876953 ], [ 16.051900863647461, 45.159400939941406 ], [ 16.023099899291992, 45.215000152587891 ], [ 15.951700210571289, 45.215801239013672 ], [ 15.936699867248535, 45.228599548339844 ], [ 15.834199905395508, 45.211898803710938 ], [ 15.781100273132324, 45.161899566650391 ], [ 15.78439998626709, 45.12030029296875 ], [ 15.764699935913086, 45.073600769042969 ], [ 15.787500381469727, 44.99530029296875 ], [ 15.769700050354004, 44.919200897216797 ], [ 15.798299789428711, 44.855300903320312 ], [ 15.73639965057373, 44.816898345947266 ], [ 15.767499923706055, 44.776100158691406 ], [ 15.854700088500977, 44.714401245117188 ], [ 15.956899642944336, 44.700000762939453 ], [ 16.042499542236328, 44.553901672363281 ], [ 16.121400833129883, 44.50469970703125 ], [ 16.159200668334961, 44.393901824951172 ], [ 16.225000381469727, 44.335800170898438 ], [ 16.183900833129883, 44.305801391601562 ], [ 16.178300857543945, 44.214698791503906 ], [ 16.143100738525391, 44.19940185546875 ], [ 16.249399185180664, 44.196701049804688 ], [ 16.302200317382812, 44.157199859619141 ], [ 16.354700088500977, 44.081699371337891 ], [ 16.438899993896484, 44.031898498535156 ], [ 16.537200927734375, 44.013599395751953 ], [ 16.701400756835938, 43.850601196289062 ], [ 16.722799301147461, 43.786098480224609 ], [ 16.840799331665039, 43.719200134277344 ], [ 16.976400375366211, 43.586101531982422 ], [ 17.098300933837891, 43.513599395751953 ], [ 17.261699676513672, 43.459701538085938 ], [ 17.271900177001953, 43.444400787353516 ], [ 17.256099700927734, 43.414398193359375 ], [ 17.298099517822266, 43.280799865722656 ], [ 17.394399642944336, 43.230300903320312 ], [ 17.453300476074219, 43.161098480224609 ], [ 17.630300521850586, 43.076900482177734 ], [ 17.684200286865234, 42.982200622558594 ], [ 17.676700592041016, 42.963298797607422 ], [ 17.579555511474609, 42.944007873535156 ], [ 17.476940155029297, 42.985271453857422 ], [ 17.424720764160156, 43.059711456298828 ], [ 17.354160308837891, 43.0877685546875 ], [ 17.016660690307617, 43.291370391845703 ], [ 16.884439468383789, 43.403049468994141 ], [ 16.623050689697266, 43.447208404541016 ], [ 16.528049468994141, 43.508041381835938 ], [ 16.394159317016602, 43.510269165039062 ], [ 16.473049163818359, 43.531940460205078 ], [ 16.353609085083008, 43.551101684570312 ], [ 16.039440155029297, 43.481098175048828 ], [ 15.923609733581543, 43.588600158691406 ], [ 15.917220115661621, 43.630550384521484 ], [ 15.950830459594727, 43.647209167480469 ], [ 15.903610229492188, 43.695541381835938 ], [ 15.656669616699219, 43.824710845947266 ], [ 15.375, 43.997211456298828 ], [ 15.113329887390137, 44.260269165039062 ], [ 15.133049964904785, 44.282768249511719 ], [ 15.179439544677734, 44.245540618896484 ], [ 15.206110000610352, 44.258041381835938 ], [ 15.191940307617188, 44.299991607666016 ], [ 15.284159660339355, 44.246658325195312 ], [ 15.295829772949219, 44.294990539550781 ], [ 15.271389961242676, 44.330818176269531 ], [ 15.466389656066895, 44.260269165039062 ], [ 15.52610969543457, 44.269428253173828 ], [ 15.276659965515137, 44.364429473876953 ], [ 14.975830078125, 44.596099853515625 ], [ 14.886110305786133, 44.771648406982422 ], [ 14.890830039978027, 44.881938934326172 ], [ 14.920829772949219, 44.9627685546875 ], [ 14.842499732971191, 45.111660003662109 ], [ 14.611669540405273, 45.225818634033203 ], [ 14.482780456542969, 45.311100006103516 ], [ 14.329440116882324, 45.35443115234375 ], [ 14.259160041809082, 45.242488861083984 ], [ 14.216670036315918, 45.123321533203125 ], [ 14.143329620361328, 45.055820465087891 ], [ 14.170559883117676, 44.988601684570312 ], [ 14.071109771728516, 44.944709777832031 ], [ 14.056110382080078, 45.025539398193359 ], [ 14.042499542236328, 44.931930541992188 ], [ 13.975000381469727, 44.825260162353516 ], [ 13.880000114440918, 44.811100006103516 ], [ 13.628330230712891, 45.098320007324219 ], [ 13.575830459594727, 45.300270080566406 ], [ 13.496390342712402, 45.490821838378906 ], [ 13.569666862487793, 45.507072448730469 ], [ 13.615300178527832, 45.464401245117188 ], [ 13.691399574279785, 45.444400787353516 ], [ 13.858599662780762, 45.478099822998047 ], [ 13.906900405883789, 45.453300476074219 ], [ 13.986700057983398, 45.459999084472656 ], [ 13.997200012207031, 45.479999542236328 ], [ 13.978300094604492, 45.507801055908203 ], [ 13.989399909973145, 45.522201538085938 ], [ 14.131400108337402, 45.474399566650391 ], [ 14.238300323486328, 45.505599975585938 ], [ 14.320599555969238, 45.484199523925781 ], [ 14.392800331115723, 45.486099243164062 ], [ 14.485799789428711, 45.529701232910156 ], [ 14.509699821472168, 45.598098754882812 ], [ 14.554400444030762, 45.631099700927734 ], [ 14.564999580383301, 45.665000915527344 ], [ 14.601400375366211, 45.675300598144531 ], [ 14.61359977722168, 45.619998931884766 ], [ 14.685299873352051, 45.574199676513672 ], [ 14.68690013885498, 45.536701202392578 ], [ 14.797200202941895, 45.501399993896484 ], [ 14.81779956817627, 45.465801239013672 ], [ 14.907199859619141, 45.476398468017578 ], [ 14.929200172424316, 45.524398803710938 ], [ 15.021100044250488, 45.489398956298828 ], [ 15.084699630737305, 45.486099243164062 ], [ 15.168600082397461, 45.42559814453125 ], [ 15.18809986114502, 45.439399719238281 ], [ 15.224200248718262, 45.431098937988281 ], [ 15.272199630737305, 45.461700439453125 ], [ 15.335300445556641, 45.456401824951172 ], [ 15.323300361633301, 45.482200622558594 ], [ 15.336099624633789, 45.510299682617188 ], [ 15.303899765014648, 45.537799835205078 ], [ 15.283100128173828, 45.608100891113281 ], [ 15.348099708557129, 45.649200439453125 ], [ 15.391900062561035, 45.646701812744141 ], [ 15.347200393676758, 45.674999237060547 ], [ 15.368100166320801, 45.702800750732422 ], [ 15.358599662780762, 45.714401245117188 ], [ 15.335800170898438, 45.697498321533203 ], [ 15.308600425720215, 45.719398498535156 ], [ 15.302800178527832, 45.690799713134766 ], [ 15.283300399780273, 45.694698333740234 ], [ 15.291899681091309, 45.731098175048828 ], [ 15.322500228881836, 45.761398315429688 ], [ 15.444700241088867, 45.815799713134766 ], [ 15.482199668884277, 45.802200317382812 ], [ 15.49940013885498, 45.835800170898438 ], [ 15.538299560546875, 45.826400756835938 ], [ 15.609399795532227, 45.848598480224609 ], [ 15.656700134277344, 45.823299407958984 ], [ 15.697799682617188, 45.844200134277344 ], [ 15.679400444030762, 45.861900329589844 ], [ 15.690600395202637, 45.902801513671875 ], [ 15.723600387573242, 45.934700012207031 ], [ 15.699999809265137, 46.020000457763672 ], [ 15.718299865722656, 46.047199249267578 ], [ 15.629400253295898, 46.086898803710938 ], [ 15.599699974060059, 46.142501831054688 ], [ 15.651900291442871, 46.216701507568359 ], [ 15.676699638366699, 46.226699829101562 ], [ 15.781100273132324, 46.212501525878906 ], [ 15.821700096130371, 46.25830078125 ], [ 16.017200469970703, 46.298099517822266 ], [ 16.081100463867188, 46.331100463867188 ], [ 16.078300476074219, 46.37969970703125 ], [ 16.144699096679688, 46.406101226806641 ], [ 16.192499160766602, 46.384700775146484 ], [ 16.263099670410156, 46.388900756835938 ], [ 16.293899536132812, 46.374401092529297 ], [ 16.303899765014648, 46.385799407958984 ], [ 16.268899917602539, 46.411899566650391 ], [ 16.251399993896484, 46.498298645019531 ], [ 16.300703048706055, 46.53173828125 ], [ 16.397800445556641, 46.540798187255859 ], [ 16.577199935913086, 46.469398498535156 ], [ 16.609235763549805, 46.475173950195312 ] ] ] ] } },
{ "type": "Feature", "properties": { }, "geometry": { "type": "Polygon", "coordinates": [ [ [ 12.093469619750977, 50.324199676513672 ], [ 12.260000228881836, 50.261661529541016 ], [ 12.280550003051758, 50.186100006103516 ], [ 12.329719543457031, 50.169708251953125 ], [ 12.364720344543457, 50.279148101806641 ], [ 12.486390113830566, 50.35137939453125 ], [ 12.784999847412109, 50.446369171142578 ], [ 12.994440078735352, 50.423038482666016 ], [ 13.033610343933105, 50.502769470214844 ], [ 13.191109657287598, 50.50360107421875 ], [ 13.239439964294434, 50.579708099365234 ], [ 13.320830345153809, 50.581100463867188 ], [ 13.380000114440918, 50.641368865966797 ], [ 13.470000267028809, 50.603321075439453 ], [ 13.566670417785645, 50.711101531982422 ], [ 13.861940383911133, 50.725811004638672 ], [ 13.907779693603516, 50.790538787841797 ], [ 14.046669960021973, 50.806930541992188 ], [ 14.393610000610352, 50.894710540771484 ], [ 14.403610229492188, 50.932491302490234 ], [ 14.260829925537109, 50.996650695800781 ], [ 14.472220420837402, 51.031368255615234 ], [ 14.59889030456543, 50.977199554443359 ], [ 14.569720268249512, 50.916088104248047 ], [ 14.650830268859863, 50.924160003662109 ], [ 14.625269889831543, 50.854160308837891 ], [ 14.80165958404541, 50.818878173828125 ], [ 14.828849792480469, 50.866031646728516 ], [ 15.005279541015625, 50.867198944091797 ], [ 15.019169807434082, 50.953601837158203 ], [ 14.990830421447754, 51.006938934326172 ], [ 15.17278003692627, 51.018878936767578 ], [ 15.277500152587891, 50.969978332519531 ], [ 15.270830154418945, 50.921371459960938 ], [ 15.31056022644043, 50.858318328857422 ], [ 15.493049621582031, 50.785820007324219 ], [ 15.818329811096191, 50.747760772705078 ], [ 15.870550155639648, 50.669979095458984 ], [ 15.997220039367676, 50.679710388183594 ], [ 16.009719848632812, 50.602489471435547 ], [ 16.221380233764648, 50.636650085449219 ], [ 16.237499237060547, 50.670539855957031 ], [ 16.347770690917969, 50.657760620117188 ], [ 16.449159622192383, 50.575820922851562 ], [ 16.396659851074219, 50.518878936767578 ], [ 16.310829162597656, 50.504161834716797 ], [ 16.210550308227539, 50.419708251953125 ], [ 16.458610534667969, 50.303600311279297 ], [ 16.590549468994141, 50.138320922851562 ], [ 16.725269317626953, 50.099708557128906 ], [ 16.821380615234375, 50.186931610107422 ], [ 17.028049468994141, 50.234710693359375 ], [ 16.867500305175781, 50.410541534423828 ], [ 16.890270233154297, 50.439418792724609 ], [ 17.004169464111328, 50.424160003662109 ], [ 17.246940612792969, 50.336650848388672 ], [ 17.353889465332031, 50.322490692138672 ], [ 17.352779388427734, 50.276371002197266 ], [ 17.665550231933594, 50.274700164794922 ], [ 17.696100234985352, 50.321929931640625 ], [ 17.733329772949219, 50.312480926513672 ], [ 17.762489318847656, 50.205539703369141 ], [ 17.597770690917969, 50.158321380615234 ], [ 17.62554931640625, 50.135261535644531 ], [ 17.75, 50.102210998535156 ], [ 17.79888916015625, 50.013599395751953 ], [ 17.887779235839844, 49.976650238037109 ], [ 18.007219314575195, 50.010540008544922 ], [ 18.047220230102539, 50.058589935302734 ], [ 18.160270690917969, 49.992759704589844 ], [ 18.447219848632812, 49.919708251953125 ], [ 18.546670913696289, 49.913311004638672 ], [ 18.632770538330078, 49.722480773925781 ], [ 18.811660766601562, 49.672210693359375 ], [ 18.853330612182617, 49.517780303955078 ], [ 18.798599243164062, 49.516101837158203 ], [ 18.744699478149414, 49.483100891113281 ], [ 18.655599594116211, 49.504199981689453 ], [ 18.562200546264648, 49.493900299072266 ], [ 18.546100616455078, 49.457500457763672 ], [ 18.469200134277344, 49.407199859619141 ], [ 18.436899185180664, 49.390598297119141 ], [ 18.405799865722656, 49.396900177001953 ], [ 18.420299530029297, 49.371101379394531 ], [ 18.379400253295898, 49.330299377441406 ], [ 18.208099365234375, 49.284198760986328 ], [ 18.174699783325195, 49.24169921875 ], [ 18.188100814819336, 49.226398468017578 ], [ 18.145299911499023, 49.145000457763672 ], [ 18.147800445556641, 49.1156005859375 ], [ 18.075300216674805, 49.041900634765625 ], [ 17.928300857543945, 49.016899108886719 ], [ 17.890300750732422, 48.926898956298828 ], [ 17.806400299072266, 48.926399230957031 ], [ 17.763099670410156, 48.87969970703125 ], [ 17.712200164794922, 48.856098175048828 ], [ 17.645599365234375, 48.851898193359375 ], [ 17.529399871826172, 48.815299987792969 ], [ 17.476699829101562, 48.852500915527344 ], [ 17.390300750732422, 48.822799682617188 ], [ 17.252799987792969, 48.870800018310547 ], [ 17.188899993896484, 48.86920166015625 ], [ 17.113899230957031, 48.833099365234375 ], [ 17.092199325561523, 48.792800903320312 ], [ 17.043899536132812, 48.771099090576172 ], [ 16.975799560546875, 48.639999389648438 ], [ 16.944860458374023, 48.616500854492188 ], [ 16.886600494384766, 48.730319976806641 ], [ 16.773880004882812, 48.723869323730469 ], [ 16.655830383300781, 48.787769317626953 ], [ 16.527500152587891, 48.810810089111328 ], [ 16.370550155639648, 48.733871459960938 ], [ 16.060550689697266, 48.760269165039062 ], [ 15.954170227050781, 48.828319549560547 ], [ 15.340550422668457, 48.985820770263672 ], [ 15.159720420837402, 48.944698333740234 ], [ 15.152219772338867, 49.001380920410156 ], [ 14.994159698486328, 49.015819549560547 ], [ 14.96111011505127, 48.766651153564453 ], [ 14.8125, 48.781368255615234 ], [ 14.70028018951416, 48.581378936767578 ], [ 14.458609580993652, 48.648319244384766 ], [ 14.381110191345215, 48.575550079345703 ], [ 14.041669845581055, 48.615821838378906 ], [ 14.045269966125488, 48.676929473876953 ], [ 13.814629554748535, 48.787139892578125 ], [ 13.740830421447754, 48.881649017333984 ], [ 13.66193962097168, 48.896381378173828 ], [ 13.584440231323242, 48.968868255615234 ], [ 13.516110420227051, 48.977760314941406 ], [ 13.501669883728027, 48.944980621337891 ], [ 13.401439666748047, 49.007488250732422 ], [ 13.395279884338379, 49.050258636474609 ], [ 13.203610420227051, 49.119430541992188 ], [ 13.02694034576416, 49.298320770263672 ], [ 12.935279846191406, 49.340259552001953 ], [ 12.878609657287598, 49.328041076660156 ], [ 12.661660194396973, 49.433868408203125 ], [ 12.524999618530273, 49.637210845947266 ], [ 12.441940307617188, 49.700260162353516 ], [ 12.403050422668457, 49.759990692138672 ], [ 12.49944019317627, 49.832759857177734 ], [ 12.542499542236328, 49.920269012451172 ], [ 12.47443962097168, 49.943038940429688 ], [ 12.492770195007324, 49.974979400634766 ], [ 12.428890228271484, 49.984428405761719 ], [ 12.228890419006348, 50.096370697021484 ], [ 12.204999923706055, 50.174160003662109 ], [ 12.096940040588379, 50.249710083007812 ], [ 12.135829925537109, 50.2783203125 ], [ 12.093469619750977, 50.324199676513672 ] ] ] } },
{ "type": "Feature", "properties": { }, "geometry": { "type": "MultiPolygon", "coordinates": [ [ [ [ 9.956388473510742, 54.858051300048828 ], [ 9.875831604003906, 54.880821228027344 ], [ 9.897777557373047, 54.899150848388672 ], [ 9.760555267333984, 54.956378936767578 ], [ 9.842222213745117, 54.939990997314453 ], [ 9.836111068725586, 54.97637939453125 ], [ 9.634721755981445, 55.044990539550781 ], [ 9.639444351196289, 55.058601379394531 ], [ 9.754165649414062, 55.084430694580078 ], [ 10.029999732971191, 54.950550079345703 ], [ 10.073060035705566, 54.880821228027344 ], [ 9.956388473510742, 54.858051300048828 ] ] ], [ [ [ 10.703610420227051, 54.725551605224609 ], [ 10.603329658508301, 54.833881378173828 ], [ 10.726659774780273, 54.880550384521484 ], [ 10.681110382080078, 54.904991149902344 ], [ 10.896389961242676, 55.120269775390625 ], [ 10.958889961242676, 55.147769927978516 ], [ 10.738329887390137, 54.738880157470703 ], [ 10.703610420227051, 54.725551605224609 ] ] ], [ [ [ 11.461389541625977, 54.618881225585938 ], [ 10.994999885559082, 54.782768249511719 ], [ 11.021109580993652, 54.813041687011719 ], [ 11.078889846801758, 54.806098937988281 ], [ 11.107500076293945, 54.822490692138672 ], [ 11.015000343322754, 54.884708404541016 ], [ 11.057780265808105, 54.934989929199219 ], [ 11.231389999389648, 54.956928253173828 ], [ 11.588890075683594, 54.808040618896484 ], [ 11.566670417785645, 54.840259552001953 ], [ 11.643890380859375, 54.906101226806641 ], [ 11.782219886779785, 54.827491760253906 ], [ 11.861669540405273, 54.746101379394531 ], [ 11.805279731750488, 54.707489013671875 ], [ 11.858329772949219, 54.689430236816406 ], [ 11.798609733581543, 54.645820617675781 ], [ 11.461389541625977, 54.618881225585938 ] ] ], [ [ [ 8.655277252197266, 56.674160003662109 ], [ 8.563888549804688, 56.737209320068359 ], [ 8.545276641845703, 56.790538787841797 ], [ 8.661109924316406, 56.809711456298828 ], [ 8.646665573120117, 56.883880615234375 ], [ 8.928333282470703, 56.973598480224609 ], [ 8.897777557373047, 56.868320465087891 ], [ 8.858331680297852, 56.886928558349609 ], [ 8.845554351806641, 56.824428558349609 ], [ 8.864166259765625, 56.786930084228516 ], [ 8.769998550415039, 56.693599700927734 ], [ 8.655277252197266, 56.674160003662109 ] ] ], [ [ [ 10.61028003692627, 55.611099243164062 ], [ 10.744440078735352, 55.496658325195312 ], [ 10.666669845581055, 55.451648712158203 ], [ 10.763330459594727, 55.388320922851562 ], [ 10.834719657897949, 55.293880462646484 ], [ 10.781669616699219, 55.301929473876953 ], [ 10.788060188293457, 55.140541076660156 ], [ 10.740280151367188, 55.067211151123047 ], [ 10.509719848632812, 55.0283203125 ], [ 10.070280075073242, 55.085269927978516 ], [ 10.154439926147461, 55.126930236816406 ], [ 10.108329772949219, 55.186378479003906 ], [ 9.998055458068848, 55.19110107421875 ], [ 9.908332824707031, 55.226650238037109 ], [ 9.873332977294922, 55.324428558349609 ], [ 9.781944274902344, 55.374980926513672 ], [ 9.842777252197266, 55.395259857177734 ], [ 9.678333282470703, 55.494430541992188 ], [ 9.805831909179688, 55.544990539550781 ], [ 9.883333206176758, 55.505821228027344 ], [ 10.298890113830566, 55.616649627685547 ], [ 10.535829544067383, 55.526931762695312 ], [ 10.476940155029297, 55.529991149902344 ], [ 10.490830421447754, 55.493598937988281 ], [ 10.422220230102539, 55.464431762695312 ], [ 10.42555046081543, 55.4385986328125 ], [ 10.600279808044434, 55.482769012451172 ], [ 10.61028003692627, 55.611099243164062 ] ] ], [ [ [ 15.076669692993164, 55.0010986328125 ], [ 14.895279884338379, 55.025539398193359 ], [ 14.685830116271973, 55.096099853515625 ], [ 14.69888973236084, 55.214988708496094 ], [ 14.776390075683594, 55.300270080566406 ], [ 14.936670303344727, 55.2158203125 ], [ 15.134160041809082, 55.144161224365234 ], [ 15.149999618530273, 55.089160919189453 ], [ 15.076669692993164, 55.0010986328125 ] ] ], [ [ [ 11.741109848022461, 55.915821075439453 ], [ 11.674169540405273, 55.914440155029297 ], [ 11.668330192565918, 55.895259857177734 ], [ 11.730549812316895, 55.835540771484375 ], [ 11.725560188293457, 55.814430236816406 ], [ 11.664440155029297, 55.811100006103516 ], [ 11.623889923095703, 55.775539398193359 ], [ 11.736390113830566, 55.793048858642578 ], [ 11.794440269470215, 55.661651611328125 ], [ 11.956669807434082, 55.846099853515625 ], [ 11.918049812316895, 55.901660919189453 ], [ 11.920280456542969, 55.929710388183594 ], [ 11.992779731750488, 55.901100158691406 ], [ 12.050829887390137, 55.724430084228516 ], [ 11.929160118103027, 55.674160003662109 ], [ 11.99944019317627, 55.695270538330078 ], [ 12.057220458984375, 55.6533203125 ], [ 12.093890190124512, 55.711101531982422 ], [ 12.007499694824219, 55.959430694580078 ], [ 11.876110076904297, 55.936100006103516 ], [ 11.853610038757324, 55.963039398193359 ], [ 12.111669540405273, 56.075260162353516 ], [ 12.301670074462891, 56.12860107421875 ], [ 12.518890380859375, 56.086101531982422 ], [ 12.618060111999512, 56.033870697021484 ], [ 12.534720420837402, 55.953880310058594 ], [ 12.600279808044434, 55.704151153564453 ], [ 12.51278018951416, 55.635269165039062 ], [ 12.383890151977539, 55.611099243164062 ], [ 12.242500305175781, 55.541099548339844 ], [ 12.191940307617188, 55.460269927978516 ], [ 12.227780342102051, 55.426101684570312 ], [ 12.376669883728027, 55.395259857177734 ], [ 12.452779769897461, 55.333599090576172 ], [ 12.443329811096191, 55.272491455078125 ], [ 12.015000343322754, 55.161380767822266 ], [ 12.061389923095703, 55.131649017333984 ], [ 12.173330307006836, 55.122760772705078 ], [ 12.168889999389648, 55.089710235595703 ], [ 12.12306022644043, 55.081100463867188 ], [ 12.173609733581543, 55.004989624023438 ], [ 12.071940422058105, 54.968601226806641 ], [ 11.91388988494873, 55.004711151123047 ], [ 11.877779960632324, 54.944988250732422 ], [ 11.904170036315918, 54.919429779052734 ], [ 11.96360969543457, 54.942211151123047 ], [ 12.000280380249023, 54.902488708496094 ], [ 12.110549926757812, 54.887489318847656 ], [ 12.169440269470215, 54.839160919189453 ], [ 11.97638988494873, 54.706100463867188 ], [ 11.958609580993652, 54.663318634033203 ], [ 11.979999542236328, 54.570270538330078 ], [ 11.929439544677734, 54.572769165039062 ], [ 11.871939659118652, 54.651371002197266 ], [ 11.883609771728516, 54.749710083007812 ], [ 11.708609580993652, 54.936649322509766 ], [ 11.750829696655273, 54.960819244384766 ], [ 11.856109619140625, 54.954990386962891 ], [ 11.883609771728516, 54.973880767822266 ], [ 11.847220420837402, 55.020259857177734 ], [ 11.618610382080078, 55.083049774169922 ], [ 11.823329925537109, 55.046379089355469 ], [ 11.72389030456543, 55.108318328857422 ], [ 11.766940116882324, 55.131378173828125 ], [ 11.77361011505127, 55.154148101806641 ], [ 11.720000267028809, 55.152210235595703 ], [ 11.741109848022461, 55.198879241943359 ], [ 11.246669769287109, 55.199710845947266 ], [ 11.241939544677734, 55.268039703369141 ], [ 11.170559883117676, 55.349708557128906 ], [ 11.110549926757812, 55.330539703369141 ], [ 11.104720115661621, 55.363601684570312 ], [ 11.214719772338867, 55.388599395751953 ], [ 11.17805004119873, 55.488040924072266 ], [ 11.130000114440918, 55.522491455078125 ], [ 11.079999923706055, 55.509159088134766 ], [ 11.150279998779297, 55.549709320068359 ], [ 11.119720458984375, 55.603321075439453 ], [ 10.927499771118164, 55.660259246826172 ], [ 11.085829734802246, 55.658870697021484 ], [ 10.87360954284668, 55.732490539550781 ], [ 11.153329849243164, 55.747211456298828 ], [ 11.122779846191406, 55.731658935546875 ], [ 11.168609619140625, 55.702770233154297 ], [ 11.343330383300781, 55.747489929199219 ], [ 11.374719619750977, 55.804710388183594 ], [ 11.486940383911133, 55.841648101806641 ], [ 11.515830039978027, 55.891929626464844 ], [ 11.507780075073242, 55.918880462646484 ], [ 11.278059959411621, 55.975269317626953 ], [ 11.606389999389648, 55.936378479003906 ], [ 11.763890266418457, 55.964710235595703 ], [ 11.741109848022461, 55.915821075439453 ] ] ], [ [ [ 9.503124237060547, 54.848251342773438 ], [ 9.445169448852539, 54.824779510498047 ], [ 8.919998168945312, 54.908039093017578 ], [ 8.719442367553711, 54.891101837158203 ], [ 8.656295776367188, 54.917400360107422 ], [ 8.682220458984375, 55.129989624023438 ], [ 8.560276031494141, 55.140819549560547 ], [ 8.522220611572266, 55.072208404541016 ], [ 8.487499237060547, 55.062770843505859 ], [ 8.456944465637207, 55.123878479003906 ], [ 8.483055114746094, 55.19110107421875 ], [ 8.56805419921875, 55.193321228027344 ], [ 8.554443359375, 55.149711608886719 ], [ 8.665456771850586, 55.133590698242188 ], [ 8.691387176513672, 55.142208099365234 ], [ 8.638053894042969, 55.402759552001953 ], [ 8.599441528320312, 55.44110107421875 ], [ 8.439998626708984, 55.45220947265625 ], [ 8.332498550415039, 55.575550079345703 ], [ 8.265275955200195, 55.573600769042969 ], [ 8.234722137451172, 55.556659698486328 ], [ 8.328609466552734, 55.473320007324219 ], [ 8.091388702392578, 55.544708251953125 ], [ 8.182220458984375, 55.723049163818359 ], [ 8.126110076904297, 55.983051300048828 ], [ 8.163055419921875, 55.936939239501953 ], [ 8.18638801574707, 55.809989929199219 ], [ 8.3941650390625, 55.891929626464844 ], [ 8.31110954284668, 56.053050994873047 ], [ 8.146110534667969, 56.111099243164062 ], [ 8.141942977905273, 55.996379852294922 ], [ 8.113887786865234, 56.000820159912109 ], [ 8.105554580688477, 56.118038177490234 ], [ 8.130832672119141, 56.308319091796875 ], [ 8.13722038269043, 56.582759857177734 ], [ 8.216665267944336, 56.710540771484375 ], [ 8.237777709960938, 56.687770843505859 ], [ 8.203887939453125, 56.638050079345703 ], [ 8.301942825317383, 56.549160003662109 ], [ 8.369443893432617, 56.580268859863281 ], [ 8.567220687866211, 56.572769165039062 ], [ 8.626665115356445, 56.478599548339844 ], [ 8.728333473205566, 56.482208251953125 ], [ 8.766109466552734, 56.558601379394531 ], [ 8.680831909179688, 56.614158630371094 ], [ 8.877222061157227, 56.703319549560547 ], [ 8.838333129882812, 56.712490081787109 ], [ 8.937498092651367, 56.795551300048828 ], [ 9.069999694824219, 56.807769775390625 ], [ 9.173332214355469, 56.715259552001953 ], [ 9.055276870727539, 56.630550384521484 ], [ 9.043888092041016, 56.595829010009766 ], [ 9.064165115356445, 56.563041687011719 ], [ 9.151943206787109, 56.612491607666016 ], [ 9.24888801574707, 56.633319854736328 ], [ 9.288055419921875, 56.620540618896484 ], [ 9.250831604003906, 56.580268859863281 ], [ 9.312498092651367, 56.525539398193359 ], [ 9.371110916137695, 56.540821075439453 ], [ 9.37388801574707, 56.566928863525391 ], [ 9.294166564941406, 56.558601379394531 ], [ 9.329721450805664, 56.653049468994141 ], [ 9.301942825317383, 56.70220947265625 ], [ 9.180831909179688, 56.669429779052734 ], [ 9.190553665161133, 56.699161529541016 ], [ 9.239442825317383, 56.730548858642578 ], [ 9.173332214355469, 56.799430847167969 ], [ 9.211942672729492, 56.856929779052734 ], [ 9.165552139282227, 56.889430999755859 ], [ 9.243610382080078, 56.9658203125 ], [ 9.409721374511719, 57.018318176269531 ], [ 9.546665191650391, 57.008041381835938 ], [ 9.578887939453125, 56.966648101806641 ], [ 9.662498474121094, 57.000270843505859 ], [ 9.68610954284668, 57.038600921630859 ], [ 9.918054580688477, 57.055538177490234 ], [ 9.800832748413086, 57.102489471435547 ], [ 9.579442977905273, 57.042758941650391 ], [ 9.31805419921875, 57.016380310058594 ], [ 9.243888854980469, 56.995540618896484 ], [ 9.115554809570312, 57.052761077880859 ], [ 9.063331604003906, 57.022491455078125 ], [ 8.673332214355469, 56.947208404541016 ], [ 8.572498321533203, 56.819438934326172 ], [ 8.489166259765625, 56.790271759033203 ], [ 8.474721908569336, 56.714431762695312 ], [ 8.525554656982422, 56.711650848388672 ], [ 8.519721984863281, 56.684711456298828 ], [ 8.607221603393555, 56.630550384521484 ], [ 8.554998397827148, 56.582489013671875 ], [ 8.284442901611328, 56.766651153564453 ], [ 8.251472473144531, 56.771881103515625 ], [ 8.264720916748047, 56.703601837158203 ], [ 8.240276336669922, 56.707210540771484 ], [ 8.242221832275391, 56.794429779052734 ], [ 8.450553894042969, 57.004989624023438 ], [ 8.628610610961914, 57.125270843505859 ], [ 8.754165649414062, 57.101100921630859 ], [ 9.389999389648438, 57.151100158691406 ], [ 9.540833473205566, 57.213871002197266 ], [ 9.94000244140625, 57.571128845214844 ], [ 10.390549659729004, 57.666099548339844 ], [ 10.556670188903809, 57.744159698486328 ], [ 10.645000457763672, 57.737491607666016 ], [ 10.491390228271484, 57.653881072998047 ], [ 10.432499885559082, 57.592208862304688 ], [ 10.443050384521484, 57.535259246826172 ], [ 10.537220001220703, 57.449989318847656 ], [ 10.542019844055176, 57.229518890380859 ], [ 10.423890113830566, 57.157211303710938 ], [ 10.343890190124512, 56.998600006103516 ], [ 10.23151969909668, 57.017429351806641 ], [ 10.020830154418945, 57.086929321289062 ], [ 9.981363296508789, 57.077869415283203 ], [ 10.309720039367676, 56.983879089355469 ], [ 10.269169807434082, 56.917209625244141 ], [ 10.305279731750488, 56.748050689697266 ], [ 10.342499732971191, 56.718040466308594 ], [ 10.206390380859375, 56.701381683349609 ], [ 10.159440040588379, 56.720539093017578 ], [ 9.864442825317383, 56.638320922851562 ], [ 10.33860969543457, 56.695270538330078 ], [ 10.36361026763916, 56.644989013671875 ], [ 10.33981990814209, 56.616779327392578 ], [ 10.209440231323242, 56.551380157470703 ], [ 10.226110458374023, 56.489158630371094 ], [ 10.226940155029297, 56.544429779052734 ], [ 10.319169998168945, 56.598880767822266 ], [ 10.414719581604004, 56.528049468994141 ], [ 10.844169616699219, 56.523880004882812 ], [ 10.960829734802246, 56.444988250732422 ], [ 10.828610420227051, 56.258880615234375 ], [ 10.760560035705566, 56.228599548339844 ], [ 10.733059883117676, 56.148601531982422 ], [ 10.669440269470215, 56.165538787841797 ], [ 10.690549850463867, 56.217769622802734 ], [ 10.62555980682373, 56.228321075439453 ], [ 10.555279731750488, 56.176929473876953 ], [ 10.575550079345703, 56.116649627685547 ], [ 10.524169921875, 56.098598480224609 ], [ 10.494159698486328, 56.134990692138672 ], [ 10.522780418395996, 56.153598785400391 ], [ 10.466389656066895, 56.177761077880859 ], [ 10.406669616699219, 56.157211303710938 ], [ 10.353050231933594, 56.195270538330078 ], [ 10.508330345153809, 56.264991760253906 ], [ 10.40054988861084, 56.290821075439453 ], [ 10.219169616699219, 56.151660919189453 ], [ 10.279720306396484, 56.018878936767578 ], [ 10.193050384521484, 55.833049774169922 ], [ 10.15054988861084, 55.834991455078125 ], [ 10.11305046081543, 55.874710083007812 ], [ 9.88055419921875, 55.851650238037109 ], [ 9.87388801574707, 55.8377685546875 ], [ 10.048609733581543, 55.814430236816406 ], [ 10.011670112609863, 55.757209777832031 ], [ 10.018329620361328, 55.707759857177734 ], [ 9.811665534973145, 55.669429779052734 ], [ 9.616664886474609, 55.694988250732422 ], [ 9.84527587890625, 55.622760772705078 ], [ 9.751388549804688, 55.559711456298828 ], [ 9.503053665161133, 55.491939544677734 ], [ 9.649721145629883, 55.477210998535156 ], [ 9.665833473205566, 55.459709167480469 ], [ 9.596942901611328, 55.373321533203125 ], [ 9.711111068725586, 55.261100769042969 ], [ 9.688610076904297, 55.196929931640625 ], [ 9.466110229492188, 55.130550384521484 ], [ 9.556388854980469, 55.083599090576172 ], [ 9.434444427490234, 55.034709930419922 ], [ 9.524721145629883, 55.029430389404297 ], [ 9.591665267944336, 55.045551300048828 ], [ 9.727499008178711, 54.989429473876953 ], [ 9.768054962158203, 54.891101837158203 ], [ 9.703609466552734, 54.892208099365234 ], [ 9.751943588256836, 54.848049163818359 ], [ 9.737220764160156, 54.827770233154297 ], [ 9.614166259765625, 54.890541076660156 ], [ 9.648054122924805, 54.91387939453125 ], [ 9.601943969726562, 54.928600311279297 ], [ 9.503124237060547, 54.848251342773438 ] ] ] ] } },
{ "type": "Feature", "properties": { }, "geometry": { "type": "MultiPolygon", "coordinates": [ [ [ [ 22.051660537719727, 57.909709930419922 ], [ 22.00054931640625, 57.91693115234375 ], [ 21.963890075683594, 57.981658935546875 ], [ 21.996669769287109, 57.979709625244141 ], [ 22.082220077514648, 58.076648712158203 ], [ 22.197219848632812, 58.137489318847656 ], [ 21.884439468383789, 58.252208709716797 ], [ 21.856389999389648, 58.301658630371094 ], [ 21.910270690917969, 58.297489166259766 ], [ 21.87360954284668, 58.332489013671875 ], [ 21.899169921875, 58.342769622802734 ], [ 21.957780838012695, 58.314430236816406 ], [ 21.961389541625977, 58.349151611328125 ], [ 22.007499694824219, 58.353321075439453 ], [ 21.916660308837891, 58.457489013671875 ], [ 21.831939697265625, 58.504989624023438 ], [ 22.00054931640625, 58.514991760253906 ], [ 22.07805061340332, 58.420551300048828 ], [ 22.095830917358398, 58.421649932861328 ], [ 22.09889030456543, 58.480548858642578 ], [ 22.198329925537109, 58.549430847167969 ], [ 22.240280151367188, 58.499149322509766 ], [ 22.28693962097168, 58.520820617675781 ], [ 22.278890609741211, 58.556930541992188 ], [ 22.551389694213867, 58.631938934326172 ], [ 22.723609924316406, 58.581661224365234 ], [ 22.871669769287109, 58.617771148681641 ], [ 23.009450912475586, 58.589500427246094 ], [ 23.278879165649414, 58.460540771484375 ], [ 23.267499923706055, 58.429439544677734 ], [ 23.156379699707031, 58.479160308837891 ], [ 23.028610229492188, 58.357769012451172 ], [ 22.949169158935547, 58.381649017333984 ], [ 22.929439544677734, 58.326381683349609 ], [ 22.825550079345703, 58.270259857177734 ], [ 22.710550308227539, 58.260540008544922 ], [ 22.756940841674805, 58.240261077880859 ], [ 22.734439849853516, 58.216381072998047 ], [ 22.394170761108398, 58.223320007324219 ], [ 22.279159545898438, 58.183879852294922 ], [ 22.202499389648438, 57.986099243164062 ], [ 22.051660537719727, 57.909709930419922 ] ] ], [ [ [ 22.565269470214844, 58.686649322509766 ], [ 22.469720840454102, 58.703601837158203 ], [ 22.476390838623047, 58.756938934326172 ], [ 22.445550918579102, 58.838039398193359 ], [ 22.381940841674805, 58.886928558349609 ], [ 22.077499389648438, 58.921379089355469 ], [ 22.042219161987305, 58.939990997314453 ], [ 22.53639030456543, 59.024711608886719 ], [ 22.640499114990234, 59.081790924072266 ], [ 22.715829849243164, 59.069149017333984 ], [ 22.698600769042969, 59.019989013671875 ], [ 22.733890533447266, 59.001380920410156 ], [ 22.929719924926758, 58.982490539550781 ], [ 23.048049926757812, 58.844440460205078 ], [ 23.021659851074219, 58.820541381835938 ], [ 22.898889541625977, 58.834430694580078 ], [ 22.884439468383789, 58.779708862304688 ], [ 22.784439086914062, 58.775829315185547 ], [ 22.829170227050781, 58.818321228027344 ], [ 22.775829315185547, 58.818599700927734 ], [ 22.666940689086914, 58.705268859863281 ], [ 22.565269470214844, 58.686649322509766 ] ] ], [ [ [ 28.006677627563477, 59.481700897216797 ], [ 28.170299530029297, 59.397800445556641 ], [ 28.193899154663086, 59.375801086425781 ], [ 28.189199447631836, 59.352500915527344 ], [ 28.007499694824219, 59.336101531982422 ], [ 28.097200393676758, 59.308101654052734 ], [ 27.880599975585938, 59.276100158691406 ], [ 27.886699676513672, 59.254199981689453 ], [ 27.792200088500977, 59.063301086425781 ], [ 27.725000381469727, 58.987800598144531 ], [ 27.493600845336914, 58.881900787353516 ], [ 27.423099517822266, 58.801399230957031 ], [ 27.542499542236328, 58.413898468017578 ], [ 27.539199829101562, 58.361698150634766 ], [ 27.464700698852539, 58.297798156738281 ], [ 27.474199295043945, 58.213901519775391 ], [ 27.55419921875, 58.132801055908203 ], [ 27.673299789428711, 58.078899383544922 ], [ 27.676700592041016, 58.050800323486328 ], [ 27.642499923706055, 58.027801513671875 ], [ 27.698299407958984, 57.996898651123047 ], [ 27.683900833129883, 57.926399230957031 ], [ 27.805299758911133, 57.891101837158203 ], [ 27.821100234985352, 57.865798950195312 ], [ 27.735000610351562, 57.835601806640625 ], [ 27.545799255371094, 57.817798614501953 ], [ 27.572799682617188, 57.802799224853516 ], [ 27.516399383544922, 57.773300170898438 ], [ 27.526699066162109, 57.722801208496094 ], [ 27.41309928894043, 57.690601348876953 ], [ 27.390800476074219, 57.658901214599609 ], [ 27.415000915527344, 57.636398315429688 ], [ 27.405799865722656, 57.613601684570312 ], [ 27.348100662231445, 57.595600128173828 ], [ 27.371099472045898, 57.536399841308594 ], [ 27.338300704956055, 57.522800445556641 ], [ 27.245000839233398, 57.549198150634766 ], [ 27.087200164794922, 57.562198638916016 ], [ 27.018600463867188, 57.611400604248047 ], [ 26.909999847412109, 57.61920166015625 ], [ 26.890800476074219, 57.633899688720703 ], [ 26.864400863647461, 57.625801086425781 ], [ 26.829200744628906, 57.582500457763672 ], [ 26.760799407958984, 57.571098327636719 ], [ 26.719400405883789, 57.581699371337891 ], [ 26.635000228881836, 57.555801391601562 ], [ 26.60890007019043, 57.526901245117188 ], [ 26.561100006103516, 57.536098480224609 ], [ 26.517200469970703, 57.524398803710938 ], [ 26.460300445556641, 57.570598602294922 ], [ 26.299200057983398, 57.611400604248047 ], [ 26.180299758911133, 57.721900939941406 ], [ 26.037500381469727, 57.784698486328125 ], [ 26.028600692749023, 57.802200317382812 ], [ 26.046699523925781, 57.840301513671875 ], [ 26.031400680541992, 57.849998474121094 ], [ 25.801399230957031, 57.865798950195312 ], [ 25.749200820922852, 57.931098937988281 ], [ 25.622800827026367, 57.916400909423828 ], [ 25.577199935913086, 57.94219970703125 ], [ 25.576400756835938, 57.966899871826172 ], [ 25.461099624633789, 57.994400024414062 ], [ 25.421699523925781, 58.035598754882812 ], [ 25.348300933837891, 58.036701202392578 ], [ 25.301700592041016, 58.083099365234375 ], [ 25.263099670410156, 58.069198608398438 ], [ 25.296899795532227, 58.038101196289062 ], [ 25.294399261474609, 58.007499694824219 ], [ 25.232500076293945, 57.992801666259766 ], [ 25.170000076293945, 58.07440185546875 ], [ 25.091699600219727, 58.071701049804688 ], [ 24.968099594116211, 58.014400482177734 ], [ 24.885299682617188, 58.007499694824219 ], [ 24.827499389648438, 57.979999542236328 ], [ 24.754199981689453, 58.000801086425781 ], [ 24.717800140380859, 57.958900451660156 ], [ 24.553600311279297, 57.954700469970703 ], [ 24.453100204467773, 57.913299560546875 ], [ 24.420299530029297, 57.874401092529297 ], [ 24.310049057006836, 57.870830535888672 ], [ 24.460830688476562, 58.069438934326172 ], [ 24.472770690917969, 58.247211456298828 ], [ 24.542499542236328, 58.284431457519531 ], [ 24.559440612792969, 58.320541381835938 ], [ 24.517780303955078, 58.353038787841797 ], [ 24.419719696044922, 58.386661529541016 ], [ 24.32611083984375, 58.384708404541016 ], [ 24.23805046081543, 58.271381378173828 ], [ 24.146659851074219, 58.270259857177734 ], [ 24.110549926757812, 58.232208251953125 ], [ 23.937770843505859, 58.325820922851562 ], [ 23.731939315795898, 58.346660614013672 ], [ 23.671670913696289, 58.536651611328125 ], [ 23.5, 58.559429168701172 ], [ 23.495550155639648, 58.694149017333984 ], [ 23.538890838623047, 58.746101379394531 ], [ 23.808330535888672, 58.729988098144531 ], [ 23.791389465332031, 58.800819396972656 ], [ 23.429439544677734, 58.762489318847656 ], [ 23.527500152587891, 58.823040008544922 ], [ 23.416109085083008, 58.910549163818359 ], [ 23.431110382080078, 58.939430236816406 ], [ 23.637779235839844, 58.970539093017578 ], [ 23.611940383911133, 59.010269165039062 ], [ 23.540830612182617, 58.967208862304688 ], [ 23.407220840454102, 59.018600463867188 ], [ 23.433050155639648, 59.059158325195312 ], [ 23.526390075683594, 59.106929779052734 ], [ 23.464160919189453, 59.206378936767578 ], [ 23.510829925537109, 59.228321075439453 ], [ 23.738609313964844, 59.232769012451172 ], [ 23.742219924926758, 59.278598785400391 ], [ 24.090000152587891, 59.275829315185547 ], [ 24.10028076171875, 59.303878784179688 ], [ 24.020000457763672, 59.362770080566406 ], [ 24.037220001220703, 59.390541076660156 ], [ 24.081110000610352, 59.392208099365234 ], [ 24.199169158935547, 59.342769622802734 ], [ 24.223609924316406, 59.358318328857422 ], [ 24.167770385742188, 59.412490844726562 ], [ 24.246940612792969, 59.398601531982422 ], [ 24.318889617919922, 59.425819396972656 ], [ 24.329170227050781, 59.464160919189453 ], [ 24.394720077514648, 59.474990844726562 ], [ 24.650829315185547, 59.436100006103516 ], [ 24.622219085693359, 59.467769622802734 ], [ 24.689720153808594, 59.489429473876953 ], [ 24.730829238891602, 59.447769165039062 ], [ 24.783609390258789, 59.448040008544922 ], [ 24.816940307617188, 59.488880157470703 ], [ 24.787220001220703, 59.514991760253906 ], [ 24.790000915527344, 59.566661834716797 ], [ 25.404590606689453, 59.490291595458984 ], [ 25.545560836791992, 59.533870697021484 ], [ 25.469440460205078, 59.648319244384766 ], [ 25.492769241333008, 59.664150238037109 ], [ 25.642780303955078, 59.565269470214844 ], [ 25.700830459594727, 59.568321228027344 ], [ 25.715269088745117, 59.588600158691406 ], [ 25.684169769287109, 59.627769470214844 ], [ 25.694440841674805, 59.668319702148438 ], [ 25.77471923828125, 59.635540008544922 ], [ 25.793329238891602, 59.578601837158203 ], [ 25.847770690917969, 59.574989318847656 ], [ 25.88555908203125, 59.625541687011719 ], [ 25.95111083984375, 59.586929321289062 ], [ 25.992769241333008, 59.629989624023438 ], [ 26.096109390258789, 59.582210540771484 ], [ 26.650550842285156, 59.553321838378906 ], [ 26.964719772338867, 59.444988250732422 ], [ 27.880550384521484, 59.407768249511719 ], [ 27.961389541625977, 59.430820465087891 ], [ 28.006677627563477, 59.481700897216797 ] ] ] ] } },
{ "type": "Feature", "properties": { }, "geometry": { "type": "MultiPolygon", "coordinates": [ [ [ [ 19.761390686035156, 60.072208404541016 ], [ 19.648330688476562, 60.256649017333984 ], [ 19.786380767822266, 60.299709320068359 ], [ 19.792499542236328, 60.191379547119141 ], [ 19.821109771728516, 60.193878173828125 ], [ 19.935279846191406, 60.282768249511719 ], [ 19.898609161376953, 60.339710235595703 ], [ 19.850830078125, 60.312480926513672 ], [ 19.780000686645508, 60.349151611328125 ], [ 19.905830383300781, 60.399990081787109 ], [ 19.927499771118164, 60.349990844726562 ], [ 20.141389846801758, 60.330539703369141 ], [ 20.277500152587891, 60.274150848388672 ], [ 20.171670913696289, 60.16387939453125 ], [ 20.085550308227539, 60.174160003662109 ], [ 20.105829238891602, 60.221370697021484 ], [ 20.089160919189453, 60.227771759033203 ], [ 20.055000305175781, 60.188880920410156 ], [ 20.037220001220703, 60.298320770263672 ], [ 20.021110534667969, 60.263320922851562 ], [ 19.972219467163086, 60.268600463867188 ], [ 20.016389846801758, 60.181381225585938 ], [ 19.921670913696289, 60.220539093017578 ], [ 19.945829391479492, 60.180820465087891 ], [ 20.044170379638672, 60.171939849853516 ], [ 20.050830841064453, 60.089710235595703 ], [ 19.761390686035156, 60.072208404541016 ] ] ], [ [ [ 22.472770690917969, 59.996929168701172 ], [ 22.424160003662109, 60.108318328857422 ], [ 22.597770690917969, 60.131649017333984 ], [ 22.421670913696289, 60.143878936767578 ], [ 22.443609237670898, 60.213329315185547 ], [ 22.45166015625, 60.184711456298828 ], [ 22.815549850463867, 60.224990844726562 ], [ 22.953609466552734, 60.287769317626953 ], [ 22.835550308227539, 60.138050079345703 ], [ 22.839160919189453, 60.096370697021484 ], [ 22.736110687255859, 60.003040313720703 ], [ 22.472770690917969, 59.996929168701172 ] ] ], [ [ [ 28.015239715576172, 70.069366455078125 ], [ 28.094160079956055, 69.938568115234375 ], [ 28.379720687866211, 69.827468872070312 ], [ 29.098880767822266, 69.708023071289062 ], [ 29.294719696044922, 69.4952392578125 ], [ 29.285549163818359, 69.463592529296875 ], [ 28.826940536499023, 69.238021850585938 ], [ 28.781669616699219, 69.149696350097656 ], [ 28.78693962097168, 69.119132995605469 ], [ 28.96476936340332, 69.051910400390625 ], [ 28.456939697265625, 68.918296813964844 ], [ 28.432220458984375, 68.886367797851562 ], [ 28.737770080566406, 68.87579345703125 ], [ 28.805830001831055, 68.821372985839844 ], [ 28.759159088134766, 68.751922607421875 ], [ 28.458610534667969, 68.534698486328125 ], [ 28.696659088134766, 68.19329833984375 ], [ 29.356939315795898, 68.082473754882812 ], [ 29.691659927368164, 67.81524658203125 ], [ 30.028610229492188, 67.694686889648438 ], [ 29.97776985168457, 67.572479248046875 ], [ 29.932769775390625, 67.513870239257812 ], [ 29.406110763549805, 67.209136962890625 ], [ 29.134159088134766, 67.013603210449219 ], [ 29.087779998779297, 66.969970703125 ], [ 29.075000762939453, 66.879959106445312 ], [ 29.159439086914062, 66.79913330078125 ], [ 29.350269317626953, 66.682456970214844 ], [ 29.387130737304688, 66.624847412109375 ], [ 29.548330307006836, 66.495506286621094 ], [ 29.618330001831055, 66.345809936523438 ], [ 29.948329925537109, 66.049697875976562 ], [ 30.134159088134766, 65.719131469726562 ], [ 30.123889923095703, 65.66497802734375 ], [ 30.024440765380859, 65.691070556640625 ], [ 29.728879928588867, 65.642196655273438 ], [ 29.745830535888672, 65.621078491210938 ], [ 29.855270385742188, 65.576080322265625 ], [ 29.845550537109375, 65.55413818359375 ], [ 29.746110916137695, 65.514419555664062 ], [ 29.749439239501953, 65.347747802734375 ], [ 29.598880767822266, 65.259696960449219 ], [ 29.609439849853516, 65.235237121582031 ], [ 29.843050003051758, 65.219970703125 ], [ 29.858610153198242, 65.175521850585938 ], [ 29.823329925537109, 65.148857116699219 ], [ 29.874439239501953, 65.12579345703125 ], [ 29.63722038269043, 65.068313598632812 ], [ 29.606380462646484, 65.0072021484375 ], [ 29.645000457763672, 64.913856506347656 ], [ 29.794160842895508, 64.797203063964844 ], [ 30.087779998779297, 64.791641235351562 ], [ 30.130279541015625, 64.753036499023438 ], [ 30.131389617919922, 64.721626281738281 ], [ 30.209159851074219, 64.672737121582031 ], [ 30.17888069152832, 64.631637573242188 ], [ 29.980829238891602, 64.585800170898438 ], [ 30.002769470214844, 64.517753601074219 ], [ 30.08721923828125, 64.4830322265625 ], [ 30.051660537719727, 64.405532836914062 ], [ 30.156110763549805, 64.354141235351562 ], [ 30.359439849853516, 64.3197021484375 ], [ 30.560829162597656, 64.244422912597656 ], [ 30.559440612792969, 64.156082153320312 ], [ 30.61444091796875, 64.086639404296875 ], [ 30.595279693603516, 64.046920776367188 ], [ 30.255830764770508, 63.817760467529297 ], [ 30.004720687866211, 63.752769470214844 ], [ 30.027500152587891, 63.718040466308594 ], [ 30.481660842895508, 63.478588104248047 ], [ 30.904159545898438, 63.357490539550781 ], [ 30.962490081787109, 63.309711456298828 ], [ 31.196109771728516, 63.234149932861328 ], [ 31.25054931640625, 63.191650390625 ], [ 31.274999618530273, 63.117759704589844 ], [ 31.587299346923828, 62.913829803466797 ], [ 31.430000305175781, 62.758880615234375 ], [ 31.264720916748047, 62.512760162353516 ], [ 30.545829772949219, 62.107490539550781 ], [ 29.839719772338867, 61.657489776611328 ], [ 29.734439849853516, 61.565261840820312 ], [ 29.002500534057617, 61.177211761474609 ], [ 28.71221923828125, 61.041660308837891 ], [ 28.638879776000977, 60.966091156005859 ], [ 28.428049087524414, 60.905540466308594 ], [ 27.794769287109375, 60.547561645507812 ], [ 27.77471923828125, 60.573879241943359 ], [ 27.735000610351562, 60.551658630371094 ], [ 27.751659393310547, 60.500541687011719 ], [ 27.648609161376953, 60.488040924072266 ], [ 27.683330535888672, 60.517490386962891 ], [ 27.606670379638672, 60.506099700927734 ], [ 27.626110076904297, 60.466648101806641 ], [ 27.487220764160156, 60.506938934326172 ], [ 27.446390151977539, 60.461380004882812 ], [ 27.214439392089844, 60.554710388183594 ], [ 27.145830154418945, 60.521648406982422 ], [ 27.040279388427734, 60.541660308837891 ], [ 26.967489242553711, 60.445270538330078 ], [ 26.794719696044922, 60.484149932861328 ], [ 26.699710845947266, 60.413600921630859 ], [ 26.57611083984375, 60.450260162353516 ], [ 26.514440536499023, 60.440269470214844 ], [ 26.480039596557617, 60.474521636962891 ], [ 26.594999313354492, 60.598049163818359 ], [ 26.753889083862305, 60.571659088134766 ], [ 26.695270538330078, 60.640819549560547 ], [ 26.615549087524414, 60.640270233154297 ], [ 26.461940765380859, 60.507488250732422 ], [ 26.482219696044922, 60.436939239501953 ], [ 26.346380233764648, 60.372760772705078 ], [ 26.06110954284668, 60.423870086669922 ], [ 25.936939239501953, 60.483051300048828 ], [ 25.940830230712891, 60.466648101806641 ], [ 26.046670913696289, 60.415821075439453 ], [ 26.003330230712891, 60.391929626464844 ], [ 26.111660003662109, 60.330268859863281 ], [ 26.083049774169922, 60.294990539550781 ], [ 25.996110916137695, 60.344711303710938 ], [ 25.838050842285156, 60.401100158691406 ], [ 25.915279388427734, 60.355819702148438 ], [ 25.902219772338867, 60.285549163818359 ], [ 25.928609848022461, 60.248600006103516 ], [ 25.887500762939453, 60.241649627685547 ], [ 25.76361083984375, 60.311649322509766 ], [ 25.783889770507812, 60.238040924072266 ], [ 25.653610229492188, 60.291660308837891 ], [ 25.704999923706055, 60.338871002197266 ], [ 25.672500610351562, 60.362770080566406 ], [ 25.526939392089844, 60.323879241943359 ], [ 25.518890380859375, 60.255550384521484 ], [ 25.204439163208008, 60.242210388183594 ], [ 25.195270538330078, 60.186378479003906 ], [ 25.031110763549805, 60.144989013671875 ], [ 25.016389846801758, 60.171939849853516 ], [ 25.024440765380859, 60.201381683349609 ], [ 24.982500076293945, 60.200260162353516 ], [ 24.965000152587891, 60.141380310058594 ], [ 24.850830078125, 60.136661529541016 ], [ 24.842779159545898, 60.192211151123047 ], [ 24.671390533447266, 60.100551605224609 ], [ 24.553890228271484, 60.154430389404297 ], [ 24.602500915527344, 60.117488861083984 ], [ 24.482219696044922, 59.991378784179688 ], [ 24.413330078125, 59.991100311279297 ], [ 24.460550308227539, 60.045269012451172 ], [ 24.323329925537109, 59.992488861083984 ], [ 24.366659164428711, 60.068050384521484 ], [ 24.161109924316406, 60.043048858642578 ], [ 24.014999389648438, 60.004161834716797 ], [ 24.014999389648438, 60.037490844726562 ], [ 23.701940536499023, 59.954429626464844 ], [ 23.434440612792969, 59.950550079345703 ], [ 23.546110153198242, 60.067211151123047 ], [ 23.457780838012695, 60.027488708496094 ], [ 23.346939086914062, 59.927761077880859 ], [ 23.213890075683594, 59.884159088134766 ], [ 23.253049850463867, 59.843601226806641 ], [ 22.909719467163086, 59.804988861083984 ], [ 22.934719085693359, 59.840549468994141 ], [ 23.165550231933594, 59.886100769042969 ], [ 23.159160614013672, 59.917209625244141 ], [ 23.257219314575195, 59.919429779052734 ], [ 23.338329315185547, 60.019989013671875 ], [ 23.319440841674805, 60.024990081787109 ], [ 23.224969863891602, 59.924999237060547 ], [ 23.150550842285156, 59.933319091796875 ], [ 23.107780456542969, 59.968318939208984 ], [ 23.224720001220703, 60.003318786621094 ], [ 23.25, 60.038600921630859 ], [ 23.049440383911133, 60.036098480224609 ], [ 22.879440307617188, 60.150829315185547 ], [ 23.062219619750977, 60.331928253173828 ], [ 23.055830001831055, 60.353321075439453 ], [ 22.642219543457031, 60.220268249511719 ], [ 22.447219848632812, 60.244430541992188 ], [ 22.631389617919922, 60.381099700927734 ], [ 22.566940307617188, 60.365550994873047 ], [ 22.476669311523438, 60.4002685546875 ], [ 22.285270690917969, 60.371379852294922 ], [ 22.175830841064453, 60.431381225585938 ], [ 22.031669616699219, 60.442211151123047 ], [ 21.9375, 60.521381378173828 ], [ 21.837499618530273, 60.518318176269531 ], [ 21.874160766601562, 60.472759246826172 ], [ 21.783609390258789, 60.481658935546875 ], [ 21.799999237060547, 60.566928863525391 ], [ 21.844999313354492, 60.587211608886719 ], [ 21.831939697265625, 60.622760772705078 ], [ 21.670280456542969, 60.543319702148438 ], [ 21.628610610961914, 60.488601684570312 ], [ 21.559440612792969, 60.484710693359375 ], [ 21.583330154418945, 60.516101837158203 ], [ 21.410829544067383, 60.582210540771484 ], [ 21.465829849243164, 60.605819702148438 ], [ 21.395280838012695, 60.636928558349609 ], [ 21.354999542236328, 60.683601379394531 ], [ 21.441669464111328, 60.696929931640625 ], [ 21.389440536499023, 60.746101379394531 ], [ 21.319719314575195, 60.863040924072266 ], [ 21.423330307006836, 60.863880157470703 ], [ 21.424160003662109, 60.906101226806641 ], [ 21.296730041503906, 61.057281494140625 ], [ 21.482780456542969, 61.059711456298828 ], [ 21.434719085693359, 61.139148712158203 ], [ 21.559440612792969, 61.203880310058594 ], [ 21.477500915527344, 61.247760772705078 ], [ 21.544439315795898, 61.276371002197266 ], [ 21.527219772338867, 61.374439239501953 ], [ 21.445270538330078, 61.401660919189453 ], [ 21.531669616699219, 61.405269622802734 ], [ 21.559999465942383, 61.427211761474609 ], [ 21.42388916015625, 61.483879089355469 ], [ 21.586660385131836, 61.477210998535156 ], [ 21.585830688476562, 61.492488861083984 ], [ 21.486940383911133, 61.539440155029297 ], [ 21.493330001831055, 61.573879241943359 ], [ 21.716390609741211, 61.520549774169922 ], [ 21.610549926757812, 61.587490081787109 ], [ 21.493890762329102, 61.734710693359375 ], [ 21.378610610961914, 61.934711456298828 ], [ 21.309169769287109, 61.933319091796875 ], [ 21.248329162597656, 61.999988555908203 ], [ 21.389999389648438, 62.203601837158203 ], [ 21.327770233154297, 62.352210998535156 ], [ 21.277500152587891, 62.336101531982422 ], [ 21.269170761108398, 62.406101226806641 ], [ 21.192220687866211, 62.333320617675781 ], [ 21.1875, 62.391929626464844 ], [ 21.125, 62.406101226806641 ], [ 21.125270843505859, 62.547489166259766 ], [ 21.206939697265625, 62.590259552001953 ], [ 21.064159393310547, 62.596370697021484 ], [ 21.080549240112305, 62.671939849853516 ], [ 21.125829696655273, 62.684429168701172 ], [ 21.112499237060547, 62.774429321289062 ], [ 21.184999465942383, 62.784988403320312 ], [ 21.239999771118164, 62.868598937988281 ], [ 21.370830535888672, 62.859149932861328 ], [ 21.462499618530273, 62.949428558349609 ], [ 21.439159393310547, 63.042488098144531 ], [ 21.519720077514648, 63.06610107421875 ], [ 21.620000839233398, 63.018600463867188 ], [ 21.682779312133789, 63.029708862304688 ], [ 21.628049850463867, 63.054988861083984 ], [ 21.495830535888672, 63.187210083007812 ], [ 21.497779846191406, 63.209991455078125 ], [ 21.542770385742188, 63.231929779052734 ], [ 21.647220611572266, 63.191928863525391 ], [ 21.70305061340332, 63.223320007324219 ], [ 21.890829086303711, 63.253318786621094 ], [ 21.881660461425781, 63.175270080566406 ], [ 21.982500076293945, 63.140541076660156 ], [ 21.959159851074219, 63.179149627685547 ], [ 22.045560836791992, 63.240550994873047 ], [ 22.165550231933594, 63.221931457519531 ], [ 22.280000686645508, 63.295269012451172 ], [ 22.318050384521484, 63.269161224365234 ], [ 22.347499847412109, 63.286098480224609 ], [ 22.354440689086914, 63.344989776611328 ], [ 22.19805908203125, 63.421379089355469 ], [ 22.197780609130859, 63.465549468994141 ], [ 22.400829315185547, 63.416370391845703 ], [ 22.264440536499023, 63.500820159912109 ], [ 22.283889770507812, 63.524150848388672 ], [ 22.337779998779297, 63.518318176269531 ], [ 22.408050537109375, 63.45220947265625 ], [ 22.493049621582031, 63.570819854736328 ], [ 22.502780914306641, 63.623878479003906 ], [ 22.592500686645508, 63.663318634033203 ], [ 22.586940765380859, 63.705818176269531 ], [ 22.680549621582031, 63.697769165039062 ], [ 22.740829467773438, 63.617771148681641 ], [ 22.824440002441406, 63.641380310058594 ], [ 22.931390762329102, 63.755821228027344 ], [ 22.909160614013672, 63.772491455078125 ], [ 22.923330307006836, 63.801101684570312 ], [ 23.004169464111328, 63.756938934326172 ], [ 22.991109848022461, 63.808601379394531 ], [ 23.043050765991211, 63.838871002197266 ], [ 23.416660308837891, 63.921649932861328 ], [ 23.367500305175781, 63.996929168701172 ], [ 23.395830154418945, 64.049972534179688 ], [ 23.610000610351562, 64.024139404296875 ], [ 23.624160766601562, 64.047470092773438 ], [ 23.567499160766602, 64.099136352539062 ], [ 23.63722038269043, 64.11663818359375 ], [ 23.831390380859375, 64.224136352539062 ], [ 23.856389999389648, 64.260528564453125 ], [ 23.945550918579102, 64.24609375 ], [ 23.999439239501953, 64.38580322265625 ], [ 24.209159851074219, 64.450813293457031 ], [ 24.560550689697266, 64.768310546875 ], [ 24.674999237060547, 64.784698486328125 ], [ 24.680830001831055, 64.829147338867188 ], [ 25.11277961730957, 64.909416198730469 ], [ 25.260829925537109, 64.813583374023438 ], [ 25.364160537719727, 64.831916809082031 ], [ 25.360830307006836, 64.906646728515625 ], [ 25.303049087524414, 64.90386962890625 ], [ 25.188329696655273, 64.966087341308594 ], [ 25.218610763549805, 64.989151000976562 ], [ 25.420829772949219, 64.944137573242188 ], [ 25.448600769042969, 64.960533142089844 ], [ 25.408330917358398, 65.038589477539062 ], [ 25.213050842285156, 65.124687194824219 ], [ 25.299720764160156, 65.237472534179688 ], [ 25.318889617919922, 65.314422607421875 ], [ 25.266389846801758, 65.377197265625 ], [ 25.355270385742188, 65.410812377929688 ], [ 25.342220306396484, 65.484420776367188 ], [ 25.004440307617188, 65.622482299804688 ], [ 24.670560836791992, 65.633323669433594 ], [ 24.554719924926758, 65.73248291015625 ], [ 24.556390762329102, 65.78692626953125 ], [ 24.648050308227539, 65.881637573242188 ], [ 24.517219543457031, 65.791091918945312 ], [ 24.236660003662109, 65.816360473632812 ], [ 24.247219085693359, 65.776092529296875 ], [ 24.214439392089844, 65.774978637695312 ], [ 24.167070388793945, 65.812843322753906 ], [ 24.004999160766602, 66.052749633789062 ], [ 23.719160079956055, 66.204971313476562 ], [ 23.657770156860352, 66.40692138671875 ], [ 23.658889770507812, 66.460533142089844 ], [ 23.887500762939453, 66.569976806640625 ], [ 23.899999618530273, 66.75469970703125 ], [ 24.007770538330078, 66.800521850585938 ], [ 23.935829162597656, 66.884140014648438 ], [ 23.725830078125, 67.01275634765625 ], [ 23.573890686035156, 67.167739868164062 ], [ 23.61138916015625, 67.207199096679688 ], [ 23.584440231323242, 67.223861694335938 ], [ 23.61444091796875, 67.263313293457031 ], [ 23.741659164428711, 67.284698486328125 ], [ 23.781940460205078, 67.326370239257812 ], [ 23.761940002441406, 67.420242309570312 ], [ 23.549160003662109, 67.45330810546875 ], [ 23.50054931640625, 67.436363220214844 ], [ 23.431110382080078, 67.465530395507812 ], [ 23.438880920410156, 67.498580932617188 ], [ 23.553609848022461, 67.587478637695312 ], [ 23.47722053527832, 67.774978637695312 ], [ 23.492490768432617, 67.87579345703125 ], [ 23.665550231933594, 67.929962158203125 ], [ 23.656940460205078, 67.950813293457031 ], [ 23.542219161987305, 67.97802734375 ], [ 23.294439315795898, 68.142196655273438 ], [ 23.147769927978516, 68.127456665039062 ], [ 23.159439086914062, 68.178848266601562 ], [ 23.119720458984375, 68.241912841796875 ], [ 22.67388916015625, 68.420806884765625 ], [ 22.05055046081543, 68.479141235351562 ], [ 21.897220611572266, 68.569976806640625 ], [ 21.757499694824219, 68.576919555664062 ], [ 21.668609619140625, 68.63079833984375 ], [ 21.207769393920898, 68.8197021484375 ], [ 20.895280838012695, 68.893592834472656 ], [ 20.891380310058594, 68.926849365234375 ], [ 20.931110382080078, 68.94635009765625 ], [ 20.866659164428711, 69.004966735839844 ], [ 20.586090087890625, 69.063140869140625 ], [ 20.738330841064453, 69.096359252929688 ], [ 21.067499160766602, 69.039138793945312 ], [ 21.11305046081543, 69.108016967773438 ], [ 21.066110610961914, 69.126358032226562 ], [ 21.03972053527832, 69.182456970214844 ], [ 21.055000305175781, 69.22857666015625 ], [ 21.320829391479492, 69.326080322265625 ], [ 21.681940078735352, 69.284698486328125 ], [ 22.348609924316406, 68.84246826171875 ], [ 22.398330688476562, 68.711090087890625 ], [ 23.063880920410156, 68.695510864257812 ], [ 23.204160690307617, 68.628570556640625 ], [ 23.703609466552734, 68.715263366699219 ], [ 23.856380462646484, 68.832473754882812 ], [ 24.044719696044922, 68.823867797851562 ], [ 24.131389617919922, 68.77996826171875 ], [ 24.690269470214844, 68.676361083984375 ], [ 24.797779083251953, 68.64080810546875 ], [ 24.881389617919922, 68.558578491210938 ], [ 24.918329238891602, 68.561897277832031 ], [ 24.935550689697266, 68.593856811523438 ], [ 25.095830917358398, 68.629142761230469 ], [ 25.166660308837891, 68.785797119140625 ], [ 25.384719848632812, 68.880523681640625 ], [ 25.612220764160156, 68.88134765625 ], [ 25.809160232543945, 69.011367797851562 ], [ 25.708610534667969, 69.206626892089844 ], [ 25.751110076904297, 69.336090087890625 ], [ 25.830549240112305, 69.378303527832031 ], [ 25.853050231933594, 69.546920776367188 ], [ 25.934440612792969, 69.566360473632812 ], [ 25.975830078125, 69.6302490234375 ], [ 25.942220687866211, 69.667472839355469 ], [ 25.988880157470703, 69.706626892089844 ], [ 26.369720458984375, 69.849983215332031 ], [ 26.460550308227539, 69.931922912597656 ], [ 26.807769775390625, 69.951919555664062 ], [ 27.038610458374023, 69.908309936523438 ], [ 27.292499542236328, 69.950531005859375 ], [ 27.377220153808594, 70.002761840820312 ], [ 27.806659698486328, 70.079421997070312 ], [ 28.015239715576172, 70.069366455078125 ] ] ] ] } },
{ "type": "Feature", "properties": { }, "geometry": { "type": "MultiPolygon", "coordinates": [ [ [ [ 9.219165802001953, 41.366378784179688 ], [ 9.097499847412109, 41.392768859863281 ], [ 9.080554962158203, 41.474708557128906 ], [ 8.882221221923828, 41.506649017333984 ], [ 8.779998779296875, 41.588871002197266 ], [ 8.794721603393555, 41.632488250732422 ], [ 8.913887023925781, 41.676380157470703 ], [ 8.680274963378906, 41.751659393310547 ], [ 8.724721908569336, 41.776931762695312 ], [ 8.802219390869141, 41.894428253173828 ], [ 8.75416374206543, 41.931659698486328 ], [ 8.614721298217773, 41.897769927978516 ], [ 8.589441299438477, 41.966098785400391 ], [ 8.658609390258789, 41.978038787841797 ], [ 8.726387023925781, 42.040821075439453 ], [ 8.696664810180664, 42.109439849853516 ], [ 8.561943054199219, 42.148880004882812 ], [ 8.572776794433594, 42.214160919189453 ], [ 8.688055038452148, 42.270259857177734 ], [ 8.612220764160156, 42.349990844726562 ], [ 8.555831909179688, 42.376659393310547 ], [ 8.672222137451172, 42.461929321289062 ], [ 8.663331985473633, 42.507770538330078 ], [ 8.937498092651367, 42.636379241943359 ], [ 9.05305290222168, 42.658599853515625 ], [ 9.083887100219727, 42.710819244384766 ], [ 9.210554122924805, 42.730819702148438 ], [ 9.290833473205566, 42.673320770263672 ], [ 9.341110229492188, 42.734149932861328 ], [ 9.320833206176758, 42.894989013671875 ], [ 9.34638786315918, 42.958881378173828 ], [ 9.344720840454102, 43.000820159912109 ], [ 9.430276870727539, 43.005821228027344 ], [ 9.465831756591797, 42.927211761474609 ], [ 9.489442825317383, 42.814430236816406 ], [ 9.459999084472656, 42.603599548339844 ], [ 9.502857208251953, 42.566360473632812 ], [ 9.497220993041992, 42.600818634033203 ], [ 9.543054580688477, 42.429988861083984 ], [ 9.508054733276367, 42.065540313720703 ], [ 9.406944274902344, 41.906650543212891 ], [ 9.348888397216797, 41.618881225585938 ], [ 9.28277587890625, 41.607769012451172 ], [ 9.355276107788086, 41.593879699707031 ], [ 9.219165802001953, 41.366378784179688 ] ] ], [ [ [ 2.90128493309021, 50.697048187255859 ], [ 3.035276889801025, 50.773868560791016 ], [ 3.113054990768433, 50.793319702148438 ], [ 3.19333291053772, 50.741371154785156 ], [ 3.2813880443573, 50.594150543212891 ], [ 3.279999971389771, 50.538318634033203 ], [ 3.36722207069397, 50.495540618896484 ], [ 3.602221965789795, 50.497211456298828 ], [ 3.668889045715332, 50.444149017333984 ], [ 3.67194390296936, 50.346370697021484 ], [ 3.725276947021484, 50.3135986328125 ], [ 3.763611078262329, 50.3519287109375 ], [ 4.090833187103271, 50.314430236816406 ], [ 4.216110229492188, 50.265270233154297 ], [ 4.137776851654053, 50.137760162353516 ], [ 4.226387977600098, 50.081100463867188 ], [ 4.150000095367432, 49.986370086669922 ], [ 4.458333015441895, 49.938591003417969 ], [ 4.673610210418701, 49.996379852294922 ], [ 4.757500171661377, 50.129428863525391 ], [ 4.876388072967529, 50.154979705810547 ], [ 4.80083179473877, 49.977760314941406 ], [ 4.881110191345215, 49.914699554443359 ], [ 4.858054161071777, 49.796379089355469 ], [ 5.097776889801025, 49.768589019775391 ], [ 5.216944217681885, 49.690540313720703 ], [ 5.276111125946045, 49.698589324951172 ], [ 5.329720973968506, 49.659980773925781 ], [ 5.307220935821533, 49.630809783935547 ], [ 5.423332214355469, 49.609149932861328 ], [ 5.473054885864258, 49.506099700927734 ], [ 5.705207824707031, 49.535228729248047 ], [ 5.963333129882812, 49.488319396972656 ], [ 5.981388092041016, 49.448318481445312 ], [ 6.165277004241943, 49.504711151123047 ], [ 6.362220764160156, 49.459980010986328 ], [ 6.493887901306152, 49.447200775146484 ], [ 6.594721794128418, 49.363040924072266 ], [ 6.589722156524658, 49.320270538330078 ], [ 6.787220001220703, 49.162479400634766 ], [ 6.838888168334961, 49.154979705810547 ], [ 6.847498893737793, 49.215259552001953 ], [ 7.026666164398193, 49.188869476318359 ], [ 7.038331985473633, 49.118320465087891 ], [ 7.361388206481934, 49.147769927978516 ], [ 7.375277042388916, 49.171928405761719 ], [ 7.486942768096924, 49.164150238037109 ], [ 7.539999008178711, 49.088871002197266 ], [ 7.741109848022461, 49.041660308837891 ], [ 7.938610076904297, 49.048870086669922 ], [ 8.227394104003906, 48.963710784912109 ], [ 7.801942825317383, 48.592479705810547 ], [ 7.807498931884766, 48.513320922851562 ], [ 7.771666049957275, 48.491649627685547 ], [ 7.750833034515381, 48.336650848388672 ], [ 7.60499906539917, 48.156929016113281 ], [ 7.57166576385498, 48.037208557128906 ], [ 7.615831851959229, 48.002769470214844 ], [ 7.513332843780518, 47.686931610107422 ], [ 7.588798999786377, 47.584560394287109 ], [ 7.452776908874512, 47.469978332519531 ], [ 7.395609855651855, 47.439670562744141 ], [ 7.178331851959229, 47.445819854736328 ], [ 7.19805383682251, 47.495258331298828 ], [ 6.990554809570312, 47.497211456298828 ], [ 7.007777214050293, 47.454990386962891 ], [ 6.881110191345215, 47.356929779052734 ], [ 7.023055076599121, 47.371650695800781 ], [ 7.061665058135986, 47.345539093017578 ], [ 7.010832786560059, 47.305259704589844 ], [ 6.948331832885742, 47.29193115234375 ], [ 6.694443225860596, 47.068321228027344 ], [ 6.702776908874512, 47.038600921630859 ], [ 6.434720993041992, 46.926929473876953 ], [ 6.452776908874512, 46.774429321289062 ], [ 6.129999160766602, 46.593318939208984 ], [ 6.078054904937744, 46.460819244384766 ], [ 6.124443054199219, 46.401920318603516 ], [ 6.114443778991699, 46.257770538330078 ], [ 6.060832023620605, 46.250541687011719 ], [ 5.966110229492188, 46.20526123046875 ], [ 6.0, 46.174160003662109 ], [ 5.965833187103271, 46.140270233154297 ], [ 6.152222156524658, 46.153591156005859 ], [ 6.305553913116455, 46.252490997314453 ], [ 6.242220878601074, 46.297771453857422 ], [ 6.246387004852295, 46.357769012451172 ], [ 6.328332901000977, 46.406929016113281 ], [ 6.63361120223999, 46.464149475097656 ], [ 6.796110153198242, 46.432491302490234 ], [ 6.808887004852295, 46.411090850830078 ], [ 6.767498970031738, 46.352489471435547 ], [ 6.844442844390869, 46.271369934082031 ], [ 6.795277118682861, 46.217758178710938 ], [ 6.7880539894104, 46.142208099365234 ], [ 6.884444236755371, 46.126091003417969 ], [ 6.871387004852295, 46.051929473876953 ], [ 6.929165840148926, 46.065261840820312 ], [ 7.03874683380127, 45.931720733642578 ], [ 6.808887004852295, 45.831378936767578 ], [ 6.799166202545166, 45.780818939208984 ], [ 6.824165821075439, 45.714988708496094 ], [ 6.990831851959229, 45.639980316162109 ], [ 6.999443054199219, 45.518318176269531 ], [ 7.181387901306152, 45.411651611328125 ], [ 7.133053779602051, 45.355548858642578 ], [ 7.122776031494141, 45.301929473876953 ], [ 6.850276947021484, 45.136100769042969 ], [ 6.760832786560059, 45.168319702148438 ], [ 6.620172023773193, 45.110660552978516 ], [ 6.746665954589844, 45.020259857177734 ], [ 6.743331909179688, 44.947761535644531 ], [ 7.009998798370361, 44.848590850830078 ], [ 7.068889141082764, 44.689151763916016 ], [ 7.000833034515381, 44.699150085449219 ], [ 6.950831890106201, 44.664699554443359 ], [ 6.960278034210205, 44.628868103027344 ], [ 6.852777004241943, 44.540821075439453 ], [ 6.857222080230713, 44.507770538330078 ], [ 6.934998989105225, 44.443038940429688 ], [ 6.886109828948975, 44.415821075439453 ], [ 6.935832023620605, 44.323318481445312 ], [ 7.279444217681885, 44.156650543212891 ], [ 7.672776222229004, 44.182758331298828 ], [ 7.704165935516357, 44.072208404541016 ], [ 7.492220878601074, 43.869430541992188 ], [ 7.534764766693115, 43.783451080322266 ], [ 7.457387924194336, 43.758651733398438 ], [ 7.420000076293945, 43.772499084472656 ], [ 7.387800216674805, 43.748600006103516 ], [ 7.391187191009521, 43.728031158447266 ], [ 7.158609867095947, 43.663051605224609 ], [ 7.133887767791748, 43.564159393310547 ], [ 7.00527811050415, 43.558319091796875 ], [ 6.854444026947021, 43.427211761474609 ], [ 6.748054981231689, 43.434711456298828 ], [ 6.669722080230713, 43.315540313720703 ], [ 6.589444160461426, 43.292209625244141 ], [ 6.681388854980469, 43.224430084228516 ], [ 6.614999771118164, 43.169429779052734 ], [ 6.593887805938721, 43.197490692138672 ], [ 6.375277996063232, 43.149711608886719 ], [ 6.368054866790771, 43.092769622802734 ], [ 6.201942920684814, 43.129989624023438 ], [ 6.166666030883789, 43.115550994873047 ], [ 6.18110990524292, 43.056381225585938 ], [ 6.088611125946045, 43.052490234375 ], [ 6.126943111419678, 43.075550079345703 ], [ 6.117498874664307, 43.098049163818359 ], [ 5.934721946716309, 43.133598327636719 ], [ 5.862222194671631, 43.057491302490234 ], [ 5.781110763549805, 43.082489013671875 ], [ 5.78055477142334, 43.139148712158203 ], [ 5.431943893432617, 43.220829010009766 ], [ 5.363609790802002, 43.221931457519531 ], [ 5.361666202545166, 43.335269927978516 ], [ 5.322222232818604, 43.366649627685547 ], [ 5.063611030578613, 43.3408203125 ], [ 5.012776851654053, 43.373600006103516 ], [ 5.018332004547119, 43.400829315185547 ], [ 5.230555057525635, 43.464160919189453 ], [ 5.227221012115479, 43.496101379394531 ], [ 5.162221908569336, 43.476940155029297 ], [ 5.031387805938721, 43.556659698486328 ], [ 5.016108989715576, 43.496658325195312 ], [ 5.060832977294922, 43.465549468994141 ], [ 5.061110019683838, 43.430538177490234 ], [ 4.876111030578613, 43.423870086669922 ], [ 4.873610019683838, 43.373321533203125 ], [ 4.741665840148926, 43.417488098144531 ], [ 4.816388130187988, 43.379989624023438 ], [ 4.82166576385498, 43.359989166259766 ], [ 4.60694408416748, 43.361930847167969 ], [ 4.573332786560059, 43.379989624023438 ], [ 4.60166597366333, 43.424991607666016 ], [ 4.537837028503418, 43.451408386230469 ], [ 4.32111120223999, 43.458320617675781 ], [ 4.312499046325684, 43.509708404541016 ], [ 4.195275783538818, 43.461380004882812 ], [ 4.124722003936768, 43.498321533203125 ], [ 4.133055210113525, 43.536651611328125 ], [ 4.062222003936768, 43.563320159912109 ], [ 3.860554933547974, 43.484710693359375 ], [ 3.471389055252075, 43.278598785400391 ], [ 3.341110944747925, 43.271099090576172 ], [ 3.102221965789795, 43.084148406982422 ], [ 3.043333053588867, 43.106929779052734 ], [ 3.030277967453003, 43.069149017333984 ], [ 3.085278034210205, 43.050270080566406 ], [ 3.037776947021484, 42.940269470214844 ], [ 3.036943912506104, 42.897209167480469 ], [ 2.963888883590698, 42.848320007324219 ], [ 2.975276947021484, 42.809429168701172 ], [ 3.012222051620483, 42.798038482666016 ], [ 3.052499055862427, 42.87860107421875 ], [ 3.049443960189819, 42.553878784179688 ], [ 3.176961898803711, 42.437610626220703 ], [ 3.150832891464233, 42.433319091796875 ], [ 3.038332939147949, 42.474979400634766 ], [ 2.678333044052124, 42.401649475097656 ], [ 2.671111106872559, 42.338321685791016 ], [ 2.47666597366333, 42.351650238037109 ], [ 2.254167079925537, 42.434711456298828 ], [ 2.086944103240967, 42.363319396972656 ], [ 1.97666597366333, 42.374698638916016 ], [ 1.953055024147034, 42.437198638916016 ], [ 1.787500023841858, 42.490261077880859 ], [ 1.710966944694519, 42.473499298095703 ], [ 1.781666994094849, 42.581661224365234 ], [ 1.541110992431641, 42.65386962890625 ], [ 1.43524694442749, 42.597148895263672 ], [ 1.383610963821411, 42.689701080322266 ], [ 0.81583309173584, 42.841091156005859 ], [ 0.667777717113495, 42.839149475097656 ], [ 0.676110982894897, 42.689151763916016 ], [ 0.412499994039536, 42.695259094238281 ], [ 0.29111111164093, 42.675819396972656 ], [ 0.26194441318512, 42.717479705810547 ], [ -0.057500001043081, 42.694149017333984 ], [ -0.123888902366161, 42.757488250732422 ], [ -0.306666702032089, 42.849151611328125 ], [ -0.392222195863724, 42.796379089355469 ], [ -0.50083339214325, 42.822208404541016 ], [ -0.519166707992554, 42.790821075439453 ], [ -0.656111121177673, 42.863601684570312 ], [ -0.746944427490234, 42.965541839599609 ], [ -0.818888902664185, 42.946090698242188 ], [ -1.300555944442749, 43.071659088134766 ], [ -1.288333058357239, 43.106090545654297 ], [ -1.360278010368347, 43.031650543212891 ], [ -1.440556049346924, 43.048320770263672 ], [ -1.472777962684631, 43.091091156005859 ], [ -1.381945013999939, 43.196651458740234 ], [ -1.409167051315308, 43.273040771484375 ], [ -1.620000004768372, 43.256378173828125 ], [ -1.655833005905151, 43.309429168701172 ], [ -1.810487985610962, 43.385890960693359 ], [ -1.652222990989685, 43.399429321289062 ], [ -1.493332982063293, 43.561378479003906 ], [ -1.424445033073425, 43.758880615234375 ], [ -1.208611011505127, 44.625820159912109 ], [ -1.192221999168396, 44.661930084228516 ], [ -1.054445028305054, 44.659988403320312 ], [ -1.037222027778625, 44.683040618896484 ], [ -1.168889045715332, 44.776100158691406 ], [ -1.248888969421387, 44.630821228027344 ], [ -1.259166955947876, 44.691928863525391 ], [ -1.194722056388855, 45.123600006103516 ], [ -1.095278024673462, 45.552761077880859 ], [ -1.058333039283752, 45.571380615234375 ], [ -1.057778000831604, 45.520820617675781 ], [ -0.808333396911621, 45.367210388183594 ], [ -0.735833406448364, 45.247489929199219 ], [ -0.714722275733948, 45.130550384521484 ], [ -0.661666810512543, 45.053600311279297 ], [ -0.560555577278137, 44.986660003662109 ], [ -0.589166820049286, 45.021648406982422 ], [ -0.495000094175339, 44.998878479003906 ], [ -0.519444525241852, 45.030818939208984 ], [ -0.620000004768372, 45.060260772705078 ], [ -0.668333411216736, 45.124149322509766 ], [ -0.737777829170227, 45.4002685546875 ], [ -0.850000023841858, 45.519161224365234 ], [ -1.245326042175293, 45.707790374755859 ], [ -1.230834007263184, 45.788051605224609 ], [ -1.146111011505127, 45.803321838378906 ], [ -0.985277891159058, 45.715259552001953 ], [ -1.138056039810181, 45.839988708496094 ], [ -1.071943998336792, 45.958881378173828 ], [ -1.11138904094696, 46.006649017333984 ], [ -1.055556058883667, 46.008598327636719 ], [ -1.103888988494873, 46.100269317626953 ], [ -1.152222037315369, 46.155269622802734 ], [ -1.202499985694885, 46.155269622802734 ], [ -1.193889021873474, 46.215259552001953 ], [ -1.105834007263184, 46.258598327636719 ], [ -1.112221956253052, 46.3135986328125 ], [ -1.195000052452087, 46.319149017333984 ], [ -1.214444994926453, 46.273319244384766 ], [ -1.405555963516235, 46.346660614013672 ], [ -1.44861102104187, 46.338039398193359 ], [ -1.472221970558167, 46.395820617675781 ], [ -1.511945009231567, 46.419158935546875 ], [ -1.799445033073425, 46.486930847167969 ], [ -1.914167046546936, 46.6885986328125 ], [ -2.10805606842041, 46.8135986328125 ], [ -2.13388991355896, 46.887210845947266 ], [ -1.984444975852966, 47.034431457519531 ], [ -2.051666975021362, 47.097209930419922 ], [ -2.239722013473511, 47.135818481445312 ], [ -2.163610935211182, 47.165271759033203 ], [ -2.165555953979492, 47.264991760253906 ], [ -2.025000095367432, 47.296939849853516 ], [ -1.815834045410156, 47.237209320068359 ], [ -1.998888969421387, 47.317489624023438 ], [ -2.15944504737854, 47.309989929199219 ], [ -2.27333402633667, 47.241649627685547 ], [ -2.495832920074463, 47.291370391845703 ], [ -2.442500114440918, 47.291099548339844 ], [ -2.448611974716187, 47.322490692138672 ], [ -2.553611040115356, 47.376930236816406 ], [ -2.396111011505127, 47.405269622802734 ], [ -2.43416690826416, 47.421100616455078 ], [ -2.48888897895813, 47.481380462646484 ], [ -2.361388921737671, 47.504161834716797 ], [ -2.662221908569336, 47.526100158691406 ], [ -2.809721946716309, 47.491649627685547 ], [ -2.912221908569336, 47.551658630371094 ], [ -2.877223014831543, 47.564708709716797 ], [ -2.736944913864136, 47.543880462646484 ], [ -2.680556058883667, 47.613040924072266 ], [ -2.768610954284668, 47.620540618896484 ], [ -2.936666965484619, 47.597209930419922 ], [ -2.960556030273438, 47.564430236816406 ], [ -3.125277996063232, 47.599430084228516 ], [ -3.120277881622314, 47.500541687011719 ], [ -3.149167060852051, 47.521381378173828 ], [ -3.132222890853882, 47.576648712158203 ], [ -3.200556039810181, 47.659431457519531 ], [ -3.148056030273438, 47.741378784179688 ], [ -3.212778091430664, 47.652488708496094 ], [ -3.354444980621338, 47.706661224365234 ], [ -3.281388998031616, 47.782489776611328 ], [ -3.441389083862305, 47.701381683349609 ], [ -3.712778091430664, 47.811939239501953 ], [ -3.847778081893921, 47.793598175048828 ], [ -3.951111078262329, 47.898880004882812 ], [ -4.085556030273438, 47.868320465087891 ], [ -4.182777881622314, 47.881378173828125 ], [ -4.155556201934814, 47.831928253173828 ], [ -4.209722995758057, 47.799430847167969 ], [ -4.361945152282715, 47.802761077880859 ], [ -4.343889236450195, 47.853599548339844 ], [ -4.419723033905029, 47.960819244384766 ], [ -4.529445171356201, 48.022491455078125 ], [ -4.725613117218018, 48.040988922119141 ], [ -4.662222862243652, 48.073600769042969 ], [ -4.295000076293945, 48.098880767822266 ], [ -4.297501087188721, 48.178321838378906 ], [ -4.431389808654785, 48.240550994873047 ], [ -4.493055820465088, 48.236099243164062 ], [ -4.537222862243652, 48.176101684570312 ], [ -4.56361198425293, 48.233600616455078 ], [ -4.623888969421387, 48.281940460205078 ], [ -4.513055801391602, 48.300270080566406 ], [ -4.235001087188721, 48.303878784179688 ], [ -4.323610782623291, 48.319988250732422 ], [ -4.318334102630615, 48.357769012451172 ], [ -4.448610782623291, 48.330539703369141 ], [ -4.405556201934814, 48.381938934326172 ], [ -4.293334007263184, 48.427211761474609 ], [ -4.763888835906982, 48.335269927978516 ], [ -4.790555953979492, 48.421379089355469 ], [ -4.744166851043701, 48.545818328857422 ], [ -4.42833423614502, 48.650539398193359 ], [ -4.314167022705078, 48.670818328857422 ], [ -4.222777843475342, 48.648319244384766 ], [ -4.176667213439941, 48.686100006103516 ], [ -3.968055963516235, 48.731929779052734 ], [ -3.953332901000977, 48.652210235595703 ], [ -3.900278091430664, 48.676380157470703 ], [ -3.854166984558105, 48.629161834716797 ], [ -3.810832977294922, 48.726100921630859 ], [ -3.596111059188843, 48.675819396972656 ], [ -3.571110963821411, 48.686100006103516 ], [ -3.582777976989746, 48.726650238037109 ], [ -3.532222032546997, 48.739158630371094 ], [ -3.580833911895752, 48.766929626464844 ], [ -3.512778043746948, 48.837211608886719 ], [ -3.263056039810181, 48.838600158691406 ], [ -3.220834016799927, 48.870540618896484 ], [ -3.224167108535767, 48.793880462646484 ], [ -3.101666927337646, 48.872211456298828 ], [ -3.079166889190674, 48.826930999755859 ], [ -2.94861102104187, 48.768878936767578 ], [ -2.883610963821411, 48.680820465087891 ], [ -2.824722051620483, 48.654991149902344 ], [ -2.76555609703064, 48.572208404541016 ], [ -2.653333902359009, 48.530540466308594 ], [ -2.314336061477661, 48.692600250244141 ], [ -2.28444504737854, 48.669158935546875 ], [ -2.329166889190674, 48.624710083007812 ], [ -2.226388931274414, 48.611370086669922 ], [ -2.17638897895813, 48.579429626464844 ], [ -2.105834007263184, 48.646099090576172 ], [ -2.002500057220459, 48.583049774169922 ], [ -1.982499957084656, 48.514148712158203 ], [ -1.956943988800049, 48.550819396972656 ], [ -2.029999971389771, 48.650829315185547 ], [ -1.849166989326477, 48.709148406982422 ], [ -1.870000004768372, 48.649990081787109 ], [ -1.840556025505066, 48.615550994873047 ], [ -1.638056039810181, 48.616649627685547 ], [ -1.433889031410217, 48.663600921630859 ], [ -1.560832977294922, 48.744709014892578 ], [ -1.605834007263184, 48.841098785400391 ], [ -1.549167037010193, 48.922771453857422 ], [ -1.556666970252991, 49.015819549560547 ], [ -1.585278034210205, 49.008880615234375 ], [ -1.610278010368347, 49.097759246826172 ], [ -1.549445033073425, 49.219711303710938 ], [ -1.62944495677948, 49.215549468994141 ], [ -1.774166941642761, 49.381649017333984 ], [ -1.8125, 49.377769470214844 ], [ -1.845834016799927, 49.499710083007812 ], [ -1.884443998336792, 49.529148101806641 ], [ -1.840000033378601, 49.578319549560547 ], [ -1.851943969726562, 49.642768859863281 ], [ -1.945832967758179, 49.675540924072266 ], [ -1.94194495677948, 49.723880767822266 ], [ -1.482777953147888, 49.675540924072266 ], [ -1.41083300113678, 49.704990386962891 ], [ -1.258332967758179, 49.694438934326172 ], [ -1.259721994400024, 49.586101531982422 ], [ -1.299445033073425, 49.578880310058594 ], [ -1.301666975021362, 49.543880462646484 ], [ -1.142222046852112, 49.343879699707031 ], [ -1.013888955116272, 49.394710540771484 ], [ -0.436388909816742, 49.341098785400391 ], [ -0.218333303928375, 49.274711608886719 ], [ 0.218333303928375, 49.426658630371094 ], [ 0.393055498600006, 49.458881378173828 ], [ 0.14361110329628, 49.476940155029297 ], [ 0.078055553138256, 49.511661529541016 ], [ 0.184444397687912, 49.702770233154297 ], [ 0.611944377422333, 49.857490539550781 ], [ 1.131111025810242, 49.948879241943359 ], [ 1.435554981231689, 50.098320007324219 ], [ 1.505555033683777, 50.201930999755859 ], [ 1.554999947547913, 50.219440460205078 ], [ 1.656944036483765, 50.184158325195312 ], [ 1.644999980926514, 50.217208862304688 ], [ 1.548055052757263, 50.266651153564453 ], [ 1.534167051315308, 50.288600921630859 ], [ 1.552778005599976, 50.359989166259766 ], [ 1.610278010368347, 50.368320465087891 ], [ 1.558889031410217, 50.402488708496094 ], [ 1.57694399356842, 50.612209320068359 ], [ 1.57611095905304, 50.864429473876953 ], [ 1.943333029747009, 50.995269775390625 ], [ 2.541666984558105, 51.091098785400391 ], [ 2.629443883895874, 50.824710845947266 ], [ 2.90128493309021, 50.697048187255859 ] ] ] ] } },
{ "type": "Feature", "properties": { }, "geometry": { "type": "MultiPolygon", "coordinates": [ [ [ [ 14.225979804992676, 53.928249359130859 ], [ 14.203330039978027, 53.909420013427734 ], [ 14.217419624328613, 53.868659973144531 ], [ 13.93943977355957, 53.843040466308594 ], [ 13.824999809265137, 53.858318328857422 ], [ 13.940549850463867, 53.912769317626953 ], [ 13.903059959411621, 53.988319396972656 ], [ 14.048890113830566, 53.941928863525391 ], [ 14.052499771118164, 53.997489929199219 ], [ 13.920000076293945, 54.062770843505859 ], [ 13.890549659729004, 54.007488250732422 ], [ 13.77554988861084, 54.021648406982422 ], [ 13.817219734191895, 54.100818634033203 ], [ 13.77554988861084, 54.133598327636719 ], [ 13.91139030456543, 54.084430694580078 ], [ 14.225979804992676, 53.928249359130859 ] ] ], [ [ [ 13.340829849243164, 54.234989166259766 ], [ 13.335550308227539, 54.279430389404297 ], [ 13.203610420227051, 54.272491455078125 ], [ 13.118330001831055, 54.333881378173828 ], [ 13.130829811096191, 54.370819091796875 ], [ 13.265279769897461, 54.380260467529297 ], [ 13.154720306396484, 54.424430847167969 ], [ 13.272219657897949, 54.475818634033203 ], [ 13.147219657897949, 54.540821075439453 ], [ 13.241660118103027, 54.552761077880859 ], [ 13.306940078735352, 54.513320922851562 ], [ 13.366109848022461, 54.575260162353516 ], [ 13.349720001220703, 54.519428253173828 ], [ 13.375280380249023, 54.557769775390625 ], [ 13.49860954284668, 54.47943115234375 ], [ 13.518329620361328, 54.562480926513672 ], [ 13.401670455932617, 54.573040008544922 ], [ 13.365280151367188, 54.615261077880859 ], [ 13.28639030456543, 54.563320159912109 ], [ 13.246109962463379, 54.557769775390625 ], [ 13.28888988494873, 54.644710540771484 ], [ 13.226659774780273, 54.62860107421875 ], [ 13.230549812316895, 54.647769927978516 ], [ 13.414440155029297, 54.681930541992188 ], [ 13.383049964904785, 54.638881683349609 ], [ 13.400279998779297, 54.594150543212891 ], [ 13.454999923706055, 54.572769165039062 ], [ 13.633890151977539, 54.585819244384766 ], [ 13.676670074462891, 54.565269470214844 ], [ 13.67527961730957, 54.526371002197266 ], [ 13.585280418395996, 54.482769012451172 ], [ 13.577779769897461, 54.453880310058594 ], [ 13.617500305175781, 54.404148101806641 ], [ 13.767780303955078, 54.3408203125 ], [ 13.696390151977539, 54.292758941650391 ], [ 13.684439659118652, 54.349151611328125 ], [ 13.44972038269043, 54.316379547119141 ], [ 13.364999771118164, 54.261379241943359 ], [ 13.420000076293945, 54.261379241943359 ], [ 13.429439544677734, 54.238040924072266 ], [ 13.340829849243164, 54.234989166259766 ] ] ], [ [ [ 9.445169448852539, 54.824779510498047 ], [ 9.503124237060547, 54.848251342773438 ], [ 9.451665878295898, 54.806930541992188 ], [ 9.576944351196289, 54.861930847167969 ], [ 9.578332901000977, 54.825550079345703 ], [ 9.916666030883789, 54.791099548339844 ], [ 10.015830039978027, 54.695541381835938 ], [ 9.930931091308594, 54.667560577392578 ], [ 10.037779808044434, 54.668319702148438 ], [ 10.027779579162598, 54.551101684570312 ], [ 9.865833282470703, 54.477489471435547 ], [ 10.12693977355957, 54.489711761474609 ], [ 10.202779769897461, 54.458049774169922 ], [ 10.198060035705566, 54.395820617675781 ], [ 10.151670455932617, 54.363601684570312 ], [ 10.23805046081543, 54.417209625244141 ], [ 10.372500419616699, 54.434158325195312 ], [ 10.664999961853027, 54.324428558349609 ], [ 10.779999732971191, 54.307769775390625 ], [ 10.84889030456543, 54.341930389404297 ], [ 11.122220039367676, 54.392490386962891 ], [ 11.129170417785645, 54.375541687011719 ], [ 11.064720153808594, 54.349990844726562 ], [ 11.093050003051758, 54.197490692138672 ], [ 10.873889923095703, 54.0877685546875 ], [ 10.802220344543457, 54.095539093017578 ], [ 10.756389617919922, 54.034431457519531 ], [ 10.789999961853027, 53.997211456298828 ], [ 10.870550155639648, 53.991939544677734 ], [ 10.902629852294922, 53.959980010986328 ], [ 11.045829772949219, 54.006649017333984 ], [ 11.192219734191895, 54.010540008544922 ], [ 11.242219924926758, 53.944709777832031 ], [ 11.27694034576416, 53.931659698486328 ], [ 11.33804988861084, 53.957210540771484 ], [ 11.454170227050781, 53.901100158691406 ], [ 11.471389770507812, 53.967769622802734 ], [ 11.586389541625977, 54.042488098144531 ], [ 11.62444019317627, 54.110271453857422 ], [ 12.100000381469727, 54.181659698486328 ], [ 12.343609809875488, 54.297771453857422 ], [ 12.48721981048584, 54.454990386962891 ], [ 12.911660194396973, 54.439708709716797 ], [ 12.917499542236328, 54.419990539550781 ], [ 12.775830268859863, 54.416660308837891 ], [ 12.460000038146973, 54.392208099365234 ], [ 12.369720458984375, 54.264991760253906 ], [ 12.418049812316895, 54.260818481445312 ], [ 12.420559883117676, 54.285259246826172 ], [ 12.712499618530273, 54.409431457519531 ], [ 12.816109657287598, 54.346370697021484 ], [ 12.99806022644043, 54.434429168701172 ], [ 13.092220306396484, 54.369430541992188 ], [ 13.078889846801758, 54.331661224365234 ], [ 13.160829544067383, 54.262489318847656 ], [ 13.499719619750977, 54.086101531982422 ], [ 13.711669921875, 54.171379089355469 ], [ 13.808050155639648, 54.096931457519531 ], [ 13.75055980682373, 54.028598785400391 ], [ 13.913060188293457, 53.917488098144531 ], [ 13.807499885559082, 53.855258941650391 ], [ 13.903610229492188, 53.802761077880859 ], [ 14.140830039978027, 53.738601684570312 ], [ 14.236390113830566, 53.759159088134766 ], [ 14.257710456848145, 53.743179321289062 ], [ 14.237500190734863, 53.698600769042969 ], [ 14.277819633483887, 53.693920135498047 ], [ 14.445300102233887, 53.272590637207031 ], [ 14.408610343933105, 53.2158203125 ], [ 14.390830039978027, 53.141651153564453 ], [ 14.342220306396484, 53.044990539550781 ], [ 14.164719581604004, 52.968868255615234 ], [ 14.133330345153809, 52.833320617675781 ], [ 14.257499694824219, 52.790538787841797 ], [ 14.641110420227051, 52.566661834716797 ], [ 14.534440040588379, 52.394710540771484 ], [ 14.566940307617188, 52.328041076660156 ], [ 14.713330268859863, 52.239151000976562 ], [ 14.693050384521484, 52.104709625244141 ], [ 14.763529777526855, 52.070808410644531 ], [ 14.747220039367676, 52.056369781494141 ], [ 14.716389656066895, 51.941089630126953 ], [ 14.616109848022461, 51.853870391845703 ], [ 14.601940155029297, 51.8135986328125 ], [ 14.757499694824219, 51.659420013427734 ], [ 14.717499732971191, 51.552761077880859 ], [ 14.910829544067383, 51.483039855957031 ], [ 15.038049697875977, 51.268039703369141 ], [ 14.975279808044434, 51.106380462646484 ], [ 14.80165958404541, 50.818878173828125 ], [ 14.625269889831543, 50.854160308837891 ], [ 14.650830268859863, 50.924160003662109 ], [ 14.569720268249512, 50.916088104248047 ], [ 14.59889030456543, 50.977199554443359 ], [ 14.472220420837402, 51.031368255615234 ], [ 14.260829925537109, 50.996650695800781 ], [ 14.403610229492188, 50.932491302490234 ], [ 14.393610000610352, 50.894710540771484 ], [ 14.046669960021973, 50.806930541992188 ], [ 13.907779693603516, 50.790538787841797 ], [ 13.861940383911133, 50.725811004638672 ], [ 13.566670417785645, 50.711101531982422 ], [ 13.470000267028809, 50.603321075439453 ], [ 13.380000114440918, 50.641368865966797 ], [ 13.320830345153809, 50.581100463867188 ], [ 13.239439964294434, 50.579708099365234 ], [ 13.191109657287598, 50.50360107421875 ], [ 13.033610343933105, 50.502769470214844 ], [ 12.994440078735352, 50.423038482666016 ], [ 12.784999847412109, 50.446369171142578 ], [ 12.486390113830566, 50.35137939453125 ], [ 12.364720344543457, 50.279148101806641 ], [ 12.329719543457031, 50.169708251953125 ], [ 12.280550003051758, 50.186100006103516 ], [ 12.260000228881836, 50.261661529541016 ], [ 12.093469619750977, 50.324199676513672 ], [ 12.135829925537109, 50.2783203125 ], [ 12.096940040588379, 50.249710083007812 ], [ 12.204999923706055, 50.174160003662109 ], [ 12.228890419006348, 50.096370697021484 ], [ 12.428890228271484, 49.984428405761719 ], [ 12.492770195007324, 49.974979400634766 ], [ 12.47443962097168, 49.943038940429688 ], [ 12.542499542236328, 49.920269012451172 ], [ 12.49944019317627, 49.832759857177734 ], [ 12.403050422668457, 49.759990692138672 ], [ 12.441940307617188, 49.700260162353516 ], [ 12.524999618530273, 49.637210845947266 ], [ 12.661660194396973, 49.433868408203125 ], [ 12.878609657287598, 49.328041076660156 ], [ 12.935279846191406, 49.340259552001953 ], [ 13.02694034576416, 49.298320770263672 ], [ 13.203610420227051, 49.119430541992188 ], [ 13.395279884338379, 49.050258636474609 ], [ 13.401439666748047, 49.007488250732422 ], [ 13.501669883728027, 48.944980621337891 ], [ 13.516110420227051, 48.977760314941406 ], [ 13.584440231323242, 48.968868255615234 ], [ 13.66193962097168, 48.896381378173828 ], [ 13.740830421447754, 48.881649017333984 ], [ 13.814629554748535, 48.787139892578125 ], [ 13.793049812316895, 48.726089477539062 ], [ 13.833330154418945, 48.698871612548828 ], [ 13.726659774780273, 48.51776123046875 ], [ 13.505279541015625, 48.583049774169922 ], [ 13.448329925537109, 48.568599700927734 ], [ 13.433890342712402, 48.419979095458984 ], [ 13.368610382080078, 48.3519287109375 ], [ 12.929519653320312, 48.209300994873047 ], [ 12.756669998168945, 48.120540618896484 ], [ 13.008890151977539, 47.854160308837891 ], [ 12.939720153808594, 47.784709930419922 ], [ 12.917499542236328, 47.715541839599609 ], [ 13.058329582214355, 47.706089019775391 ], [ 13.100279808044434, 47.640819549560547 ], [ 13.074170112609863, 47.616928100585938 ], [ 13.05305004119873, 47.496379852294922 ], [ 13.005000114440918, 47.469429016113281 ], [ 12.809720039367676, 47.552211761474609 ], [ 12.787779808044434, 47.589420318603516 ], [ 12.830829620361328, 47.618869781494141 ], [ 12.773889541625977, 47.674160003662109 ], [ 12.505000114440918, 47.637489318847656 ], [ 12.441670417785645, 47.698589324951172 ], [ 12.243889808654785, 47.694698333740234 ], [ 12.257220268249512, 47.743038177490234 ], [ 12.177220344543457, 47.701648712158203 ], [ 12.206390380859375, 47.641368865966797 ], [ 12.196109771728516, 47.609428405761719 ], [ 11.633330345153809, 47.595260620117188 ], [ 11.574440002441406, 47.519981384277344 ], [ 11.421939849853516, 47.508880615234375 ], [ 11.405550003051758, 47.453868865966797 ], [ 11.227499961853027, 47.400539398193359 ], [ 11.236660003662109, 47.433040618896484 ], [ 11.203049659729004, 47.435260772705078 ], [ 11.106940269470215, 47.396381378173828 ], [ 10.973609924316406, 47.400539398193359 ], [ 10.95028018951416, 47.460269927978516 ], [ 10.865830421447754, 47.493038177490234 ], [ 10.909720420837402, 47.521930694580078 ], [ 10.685549736022949, 47.558589935302734 ], [ 10.554439544677734, 47.536930084228516 ], [ 10.465270042419434, 47.558589935302734 ], [ 10.482769966125488, 47.590541839599609 ], [ 10.426939964294434, 47.576930999755859 ], [ 10.473329544067383, 47.435539245605469 ], [ 10.274439811706543, 47.28887939453125 ], [ 10.169719696044922, 47.281101226806641 ], [ 10.214159965515137, 47.315261840820312 ], [ 10.211389541625977, 47.386379241943359 ], [ 10.154439926147461, 47.369148254394531 ], [ 10.087220191955566, 47.387210845947266 ], [ 10.104439735412598, 47.428871154785156 ], [ 10.084440231323242, 47.460269927978516 ], [ 10.003330230712891, 47.483871459960938 ], [ 9.96333122253418, 47.547771453857422 ], [ 9.854164123535156, 47.53887939453125 ], [ 9.813610076904297, 47.593601226806641 ], [ 9.763053894042969, 47.584709167480469 ], [ 9.727293014526367, 47.536258697509766 ], [ 9.605552673339844, 47.529148101806641 ], [ 9.261665344238281, 47.663040161132812 ], [ 8.878608703613281, 47.655818939208984 ], [ 8.799999237060547, 47.735260009765625 ], [ 8.79749870300293, 47.683040618896484 ], [ 8.724998474121094, 47.697761535644531 ], [ 8.72694206237793, 47.764991760253906 ], [ 8.559720993041992, 47.806369781494141 ], [ 8.406665802001953, 47.703868865966797 ], [ 8.413331985473633, 47.671100616455078 ], [ 8.621664047241211, 47.660259246826172 ], [ 8.618886947631836, 47.63970947265625 ], [ 8.508333206176758, 47.628318786621094 ], [ 8.493030548095703, 47.584560394287109 ], [ 8.340553283691406, 47.574161529541016 ], [ 8.20555305480957, 47.621650695800781 ], [ 7.943332195281982, 47.553600311279297 ], [ 7.819444179534912, 47.588321685791016 ], [ 7.697220802307129, 47.543319702148438 ], [ 7.618331909179688, 47.561100006103516 ], [ 7.674442768096924, 47.606380462646484 ], [ 7.588798999786377, 47.584560394287109 ], [ 7.513332843780518, 47.686931610107422 ], [ 7.615831851959229, 48.002769470214844 ], [ 7.57166576385498, 48.037208557128906 ], [ 7.60499906539917, 48.156929016113281 ], [ 7.750833034515381, 48.336650848388672 ], [ 7.771666049957275, 48.491649627685547 ], [ 7.807498931884766, 48.513320922851562 ], [ 7.801942825317383, 48.592479705810547 ], [ 8.227394104003906, 48.963710784912109 ], [ 7.938610076904297, 49.048870086669922 ], [ 7.741109848022461, 49.041660308837891 ], [ 7.539999008178711, 49.088871002197266 ], [ 7.486942768096924, 49.164150238037109 ], [ 7.375277042388916, 49.171928405761719 ], [ 7.361388206481934, 49.147769927978516 ], [ 7.038331985473633, 49.118320465087891 ], [ 7.026666164398193, 49.188869476318359 ], [ 6.847498893737793, 49.215259552001953 ], [ 6.838888168334961, 49.154979705810547 ], [ 6.787220001220703, 49.162479400634766 ], [ 6.589722156524658, 49.320270538330078 ], [ 6.594721794128418, 49.363040924072266 ], [ 6.493887901306152, 49.447200775146484 ], [ 6.362220764160156, 49.459980010986328 ], [ 6.372498989105225, 49.590259552001953 ], [ 6.510554790496826, 49.706378936767578 ], [ 6.52222204208374, 49.811100006103516 ], [ 6.326665878295898, 49.839710235595703 ], [ 6.139721870422363, 49.996650695800781 ], [ 6.131833076477051, 50.125530242919922 ], [ 6.173332214355469, 50.232479095458984 ], [ 6.400277137756348, 50.329151153564453 ], [ 6.366386890411377, 50.45220947265625 ], [ 6.200831890106201, 50.516380310058594 ], [ 6.268610000610352, 50.623600006103516 ], [ 6.171388149261475, 50.623870849609375 ], [ 6.108333110809326, 50.723308563232422 ], [ 6.028610229492188, 50.7158203125 ], [ 5.981666088104248, 50.802761077880859 ], [ 6.08472204208374, 50.873600006103516 ], [ 6.010832786560059, 50.943599700927734 ], [ 6.028333187103271, 50.976650238037109 ], [ 5.965833187103271, 50.978321075439453 ], [ 5.869442939758301, 51.018878936767578 ], [ 5.87388801574707, 51.050258636474609 ], [ 5.952221870422363, 51.036651611328125 ], [ 6.167221069335938, 51.162761688232422 ], [ 6.07944393157959, 51.175819396972656 ], [ 6.073888778686523, 51.220539093017578 ], [ 6.222220897674561, 51.361660003662109 ], [ 6.217498779296875, 51.476371765136719 ], [ 6.09305477142334, 51.607208251953125 ], [ 6.116109848022461, 51.651920318603516 ], [ 6.029444217681885, 51.678600311279297 ], [ 6.039165019989014, 51.716930389404297 ], [ 5.954998970031738, 51.738590240478516 ], [ 5.961944103240967, 51.830268859863281 ], [ 6.169721126556396, 51.841930389404297 ], [ 6.137776851654053, 51.876930236816406 ], [ 6.159720897674561, 51.905540466308594 ], [ 6.380277156829834, 51.829990386962891 ], [ 6.548888206481934, 51.885261535644531 ], [ 6.727777004241943, 51.899429321289062 ], [ 6.830832004547119, 51.971370697021484 ], [ 6.800553798675537, 52.007209777832031 ], [ 6.688054084777832, 52.03887939453125 ], [ 6.697497844696045, 52.069980621337891 ], [ 6.860555171966553, 52.120258331298828 ], [ 6.879721164703369, 52.153591156005859 ], [ 7.052498817443848, 52.235820770263672 ], [ 7.065555095672607, 52.385818481445312 ], [ 6.987499237060547, 52.461101531982422 ], [ 6.946109771728516, 52.434429168701172 ], [ 6.705554962158203, 52.485820770263672 ], [ 6.690276145935059, 52.551929473876953 ], [ 6.760832786560059, 52.567211151123047 ], [ 6.720832824707031, 52.629428863525391 ], [ 6.781665802001953, 52.654148101806641 ], [ 7.035831928253174, 52.632759094238281 ], [ 7.055276870727539, 52.651920318603516 ], [ 7.069721221923828, 52.814990997314453 ], [ 7.198887825012207, 52.967758178710938 ], [ 7.209444046020508, 53.242759704589844 ], [ 7.252777099609375, 53.316928863525391 ], [ 7.050555229187012, 53.339710235595703 ], [ 7.015832901000977, 53.383598327636719 ], [ 7.034999847412109, 53.487491607666016 ], [ 7.14722204208374, 53.537208557128906 ], [ 7.088888168334961, 53.571098327636719 ], [ 7.096109867095947, 53.591930389404297 ], [ 7.252500057220459, 53.673870086669922 ], [ 7.848610877990723, 53.714160919189453 ], [ 8.026388168334961, 53.703601837158203 ], [ 8.050554275512695, 53.632209777832031 ], [ 8.159442901611328, 53.562480926513672 ], [ 8.163331985473633, 53.520549774169922 ], [ 8.06138801574707, 53.500541687011719 ], [ 8.080275535583496, 53.458049774169922 ], [ 8.223054885864258, 53.400829315185547 ], [ 8.28416633605957, 53.418598175048828 ], [ 8.313888549804688, 53.459430694580078 ], [ 8.311943054199219, 53.524150848388672 ], [ 8.231943130493164, 53.522209167480469 ], [ 8.24305534362793, 53.586101531982422 ], [ 8.283332824707031, 53.613880157470703 ], [ 8.341388702392578, 53.613601684570312 ], [ 8.548887252807617, 53.529430389404297 ], [ 8.488332748413086, 53.479160308837891 ], [ 8.48527717590332, 53.406101226806641 ], [ 8.502777099609375, 53.408870697021484 ], [ 8.568332672119141, 53.533329010009766 ], [ 8.519721984863281, 53.603038787841797 ], [ 8.487777709960938, 53.701930999755859 ], [ 8.604166030883789, 53.879428863525391 ], [ 8.68055534362793, 53.894710540771484 ], [ 8.728054046630859, 53.857769012451172 ], [ 8.907499313354492, 53.828041076660156 ], [ 9.128887176513672, 53.866100311279297 ], [ 9.295215606689453, 53.835689544677734 ], [ 9.58277702331543, 53.586101531982422 ], [ 9.802221298217773, 53.534709930419922 ], [ 9.82472038269043, 53.550270080566406 ], [ 9.674165725708008, 53.574428558349609 ], [ 9.546665191650391, 53.633598327636719 ], [ 9.529722213745117, 53.707759857177734 ], [ 9.437776565551758, 53.739429473876953 ], [ 9.376388549804688, 53.831378936767578 ], [ 8.961940765380859, 53.898601531982422 ], [ 8.856943130493164, 54.002769470214844 ], [ 8.857776641845703, 54.042209625244141 ], [ 9.003053665161133, 54.028049468994141 ], [ 9.017775535583496, 54.091098785400391 ], [ 8.97027587890625, 54.145549774169922 ], [ 8.844720840454102, 54.133041381835938 ], [ 8.823331832885742, 54.207210540771484 ], [ 8.958054542541504, 54.316928863525391 ], [ 8.793888092041016, 54.284160614013672 ], [ 8.63166618347168, 54.279148101806641 ], [ 8.599441528320312, 54.327491760253906 ], [ 8.609165191650391, 54.345539093017578 ], [ 8.693887710571289, 54.357490539550781 ], [ 8.654165267944336, 54.375820159912109 ], [ 8.901666641235352, 54.419429779052734 ], [ 9.014720916748047, 54.480258941650391 ], [ 8.850831985473633, 54.620819091796875 ], [ 8.805622100830078, 54.685218811035156 ], [ 8.676109313964844, 54.779148101806641 ], [ 8.642221450805664, 54.826381683349609 ], [ 8.656295776367188, 54.917400360107422 ], [ 8.719442367553711, 54.891101837158203 ], [ 8.919998168945312, 54.908039093017578 ], [ 9.445169448852539, 54.824779510498047 ] ] ] ] } },
{ "type": "Feature", "properties": { }, "geometry": { "type": "MultiPolygon", "coordinates": [ [ [ [ 20.794719696044922, 38.063320159912109 ], [ 20.721660614013672, 38.064430236816406 ], [ 20.627220153808594, 38.117210388183594 ], [ 20.517219543457031, 38.102489471435547 ], [ 20.468050003051758, 38.184158325195312 ], [ 20.450550079345703, 38.273601531982422 ], [ 20.434989929199219, 38.168319702148438 ], [ 20.361379623413086, 38.168880462646484 ], [ 20.354160308837891, 38.242771148681641 ], [ 20.418050765991211, 38.349430084228516 ], [ 20.50054931640625, 38.317211151123047 ], [ 20.546659469604492, 38.361099243164062 ], [ 20.571109771728516, 38.468040466308594 ], [ 20.628049850463867, 38.335540771484375 ], [ 20.609439849853516, 38.284160614013672 ], [ 20.636100769042969, 38.251659393310547 ], [ 20.687219619750977, 38.264430999755859 ], [ 20.811660766601562, 38.121379852294922 ], [ 20.794719696044922, 38.063320159912109 ] ] ], [ [ [ 24.73805046081543, 34.929988861083984 ], [ 24.76276969909668, 35.015819549560547 ], [ 24.731380462646484, 35.083320617675781 ], [ 24.371940612792969, 35.190269470214844 ], [ 24.048879623413086, 35.189990997314453 ], [ 23.824159622192383, 35.246658325195312 ], [ 23.598329544067383, 35.230548858642578 ], [ 23.521110534667969, 35.288051605224609 ], [ 23.584720611572266, 35.562480926513672 ], [ 23.656940460205078, 35.496379852294922 ], [ 23.722219467163086, 35.509429931640625 ], [ 23.709440231323242, 35.651931762695312 ], [ 23.741659164428711, 35.687770843505859 ], [ 23.769439697265625, 35.638881683349609 ], [ 23.787490844726562, 35.548320770263672 ], [ 24.000270843505859, 35.514148712158203 ], [ 24.089719772338867, 35.552211761474609 ], [ 24.079160690307617, 35.583599090576172 ], [ 24.126110076904297, 35.601940155029297 ], [ 24.20166015625, 35.548320770263672 ], [ 24.169439315795898, 35.502769470214844 ], [ 24.080829620361328, 35.510540008544922 ], [ 24.092489242553711, 35.486930847167969 ], [ 24.222499847412109, 35.460540771484375 ], [ 24.263330459594727, 35.427761077880859 ], [ 24.266109466552734, 35.367210388183594 ], [ 24.413330078125, 35.357769012451172 ], [ 24.802770614624023, 35.409160614013672 ], [ 25.046379089355469, 35.399150848388672 ], [ 25.052219390869141, 35.350269317626953 ], [ 25.463329315185547, 35.292488098144531 ], [ 25.762210845947266, 35.334430694580078 ], [ 25.710269927978516, 35.174430847167969 ], [ 25.772499084472656, 35.119430541992188 ], [ 25.812219619750977, 35.108879089355469 ], [ 25.967769622802734, 35.194988250732422 ], [ 26.11305046081543, 35.221099853515625 ], [ 26.118610382080078, 35.198040008544922 ], [ 26.201940536499023, 35.227210998535156 ], [ 26.321109771728516, 35.310550689697266 ], [ 26.273880004882812, 35.213039398193359 ], [ 26.290550231933594, 35.131099700927734 ], [ 26.197219848632812, 35.014430999755859 ], [ 26.004159927368164, 35.015270233154297 ], [ 25.936380386352539, 35.029430389404297 ], [ 25.126110076904297, 34.947208404541016 ], [ 24.73805046081543, 34.929988861083984 ] ] ], [ [ [ 24.966110229492188, 37.689430236816406 ], [ 24.692489624023438, 37.944988250732422 ], [ 24.740549087524414, 37.988880157470703 ], [ 24.793609619140625, 37.989990234375 ], [ 24.876659393310547, 37.903881072998047 ], [ 24.952499389648438, 37.901660919189453 ], [ 24.966110229492188, 37.689430236816406 ] ] ], [ [ [ 20.816659927368164, 37.6502685546875 ], [ 20.622770309448242, 37.819149017333984 ], [ 20.643329620361328, 37.898319244384766 ], [ 20.706390380859375, 37.922489166259766 ], [ 20.744159698486328, 37.856929779052734 ], [ 20.939720153808594, 37.758880615234375 ], [ 20.995550155639648, 37.703880310058594 ], [ 20.910270690917969, 37.731929779052734 ], [ 20.866939544677734, 37.724151611328125 ], [ 20.858329772949219, 37.654991149902344 ], [ 20.816659927368164, 37.6502685546875 ] ] ], [ [ [ 26.014720916748047, 38.149429321289062 ], [ 25.864170074462891, 38.238319396972656 ], [ 25.873880386352539, 38.269428253173828 ], [ 25.991659164428711, 38.343879699707031 ], [ 25.945829391479492, 38.455268859863281 ], [ 25.829719543457031, 38.533329010009766 ], [ 25.848329544067383, 38.575820922851562 ], [ 26.055269241333008, 38.592491149902344 ], [ 26.160549163818359, 38.538051605224609 ], [ 26.143600463867188, 38.347209930419922 ], [ 26.160270690917969, 38.301380157470703 ], [ 26.106939315795898, 38.274711608886719 ], [ 26.117769241333008, 38.226940155029297 ], [ 26.014720916748047, 38.149429321289062 ] ] ], [ [ [ 26.823049545288086, 37.637210845947266 ], [ 26.711380004882812, 37.708320617675781 ], [ 26.597219467163086, 37.674991607666016 ], [ 26.571659088134766, 37.730548858642578 ], [ 26.713050842285156, 37.803321838378906 ], [ 26.846939086914062, 37.803600311279297 ], [ 26.967220306396484, 37.747489929199219 ], [ 26.988609313964844, 37.78887939453125 ], [ 27.064720153808594, 37.770820617675781 ], [ 27.028879165649414, 37.753318786621094 ], [ 27.069440841674805, 37.711929321289062 ], [ 26.823049545288086, 37.637210845947266 ] ] ], [ [ [ 20.079719543457031, 39.368320465087891 ], [ 19.880279541015625, 39.446380615234375 ], [ 19.769170761108398, 39.609710693359375 ], [ 19.627500534057617, 39.747760772705078 ], [ 19.744440078735352, 39.794708251953125 ], [ 19.854999542236328, 39.818321228027344 ], [ 19.946939468383789, 39.783599853515625 ], [ 19.929159164428711, 39.731098175048828 ], [ 19.842489242553711, 39.702770233154297 ], [ 19.862220764160156, 39.641929626464844 ], [ 19.911659240722656, 39.600818634033203 ], [ 19.926670074462891, 39.480548858642578 ], [ 20.022499084472656, 39.433040618896484 ], [ 20.071659088134766, 39.453601837158203 ], [ 20.121669769287109, 39.377769470214844 ], [ 20.079719543457031, 39.368320465087891 ] ] ], [ [ [ 25.452770233154297, 36.918319702148438 ], [ 25.341110229492188, 37.074989318847656 ], [ 25.535270690917969, 37.197769165039062 ], [ 25.572219848632812, 37.173599243164062 ], [ 25.589990615844727, 37.064708709716797 ], [ 25.556659698486328, 36.957759857177734 ], [ 25.452770233154297, 36.918319702148438 ] ] ], [ [ [ 26.418609619140625, 38.960819244384766 ], [ 26.089160919189453, 39.072208404541016 ], [ 26.286109924316406, 39.167758941650391 ], [ 26.289989471435547, 39.186939239501953 ], [ 26.216379165649414, 39.201381683349609 ], [ 26.123880386352539, 39.139991760253906 ], [ 26.084720611572266, 39.089710235595703 ], [ 25.955829620361328, 39.105819702148438 ], [ 25.843879699707031, 39.222488403320312 ], [ 25.907770156860352, 39.286930084228516 ], [ 26.061100006103516, 39.28887939453125 ], [ 26.208610534667969, 39.379711151123047 ], [ 26.358329772949219, 39.375820159912109 ], [ 26.419990539550781, 39.325820922851562 ], [ 26.377220153808594, 39.273601531982422 ], [ 26.565830230712891, 39.111930847167969 ], [ 26.618330001831055, 39.026100158691406 ], [ 26.556659698486328, 39.011379241943359 ], [ 26.510829925537109, 39.048038482666016 ], [ 26.526660919189453, 39.074428558349609 ], [ 26.492219924926758, 39.111370086669922 ], [ 26.448879241943359, 39.106098175048828 ], [ 26.544439315795898, 38.986660003662109 ], [ 26.418609619140625, 38.960819244384766 ] ] ], [ [ [ 27.781379699707031, 35.890270233154297 ], [ 27.730270385742188, 35.913318634033203 ], [ 27.710830688476562, 36.139430999755859 ], [ 27.895830154418945, 36.332210540771484 ], [ 28.207220077514648, 36.442489624023438 ], [ 28.242219924926758, 36.383319854736328 ], [ 28.063610076904297, 36.111930847167969 ], [ 28.090829849243164, 36.056381225585938 ], [ 27.956659317016602, 36.044990539550781 ], [ 27.842769622802734, 35.913600921630859 ], [ 27.781379699707031, 35.890270233154297 ] ] ], [ [ [ 24.509159088134766, 37.953601837158203 ], [ 24.397499084472656, 38.007770538330078 ], [ 24.38776969909668, 37.964710235595703 ], [ 24.317209243774414, 38.017768859863281 ], [ 24.291109085083008, 38.082489013671875 ], [ 24.183330535888672, 38.125820159912109 ], [ 24.209440231323242, 38.164710998535156 ], [ 24.166109085083008, 38.227210998535156 ], [ 24.121110916137695, 38.216381072998047 ], [ 24.158330917358398, 38.270549774169922 ], [ 24.0, 38.401660919189453 ], [ 23.738330841064453, 38.401100158691406 ], [ 23.629949569702148, 38.460479736328125 ], [ 23.632770538330078, 38.521930694580078 ], [ 23.559719085693359, 38.580818176269531 ], [ 23.51555061340332, 38.585819244384766 ], [ 23.32526969909668, 38.758598327636719 ], [ 22.978330612182617, 38.884708404541016 ], [ 22.993330001831055, 38.853321075439453 ], [ 22.833049774169922, 38.823040008544922 ], [ 22.879440307617188, 38.873878479003906 ], [ 23.112220764160156, 38.988601684570312 ], [ 23.299720764160156, 39.038600921630859 ], [ 23.429990768432617, 38.947208404541016 ], [ 23.443330764770508, 38.87860107421875 ], [ 23.570829391479492, 38.784988403320312 ], [ 23.659719467163086, 38.754428863525391 ], [ 23.714439392089844, 38.764991760253906 ], [ 23.854160308837891, 38.674430847167969 ], [ 24.113330841064453, 38.665271759033203 ], [ 24.156940460205078, 38.648880004882812 ], [ 24.12554931640625, 38.627208709716797 ], [ 24.124160766601562, 38.597209930419922 ], [ 24.230829238891602, 38.524150848388672 ], [ 24.183879852294922, 38.444988250732422 ], [ 24.257219314575195, 38.217769622802734 ], [ 24.455549240112305, 38.139991760253906 ], [ 24.590269088745117, 38.155540466308594 ], [ 24.564159393310547, 37.987209320068359 ], [ 24.509159088134766, 37.953601837158203 ] ] ], [ [ [ 25.356939315795898, 39.789989471435547 ], [ 25.271379470825195, 39.832489013671875 ], [ 25.267770767211914, 39.909988403320312 ], [ 25.20305061340332, 39.891929626464844 ], [ 25.20166015625, 39.827491760253906 ], [ 25.223049163818359, 39.799430847167969 ], [ 25.140270233154297, 39.810550689697266 ], [ 25.124439239501953, 39.851650238037109 ], [ 25.049999237060547, 39.859710693359375 ], [ 25.033330917358398, 39.989429473876953 ], [ 25.226659774780273, 40.003040313720703 ], [ 25.338329315185547, 39.966381072998047 ], [ 25.437770843505859, 40.020549774169922 ], [ 25.441659927368164, 40.004711151123047 ], [ 25.338050842285156, 39.854709625244141 ], [ 25.356939315795898, 39.789989471435547 ] ] ], [ [ [ 24.643600463867188, 40.570819854736328 ], [ 24.51361083984375, 40.636928558349609 ], [ 24.533599853515625, 40.714160919189453 ], [ 24.654720306396484, 40.796379089355469 ], [ 24.777219772338867, 40.746101379394531 ], [ 24.77610969543457, 40.610538482666016 ], [ 24.643600463867188, 40.570819854736328 ] ] ], [ [ [ 26.222770690917969, 41.744430541992188 ], [ 26.495819091796875, 41.6644287109375 ], [ 26.593610763549805, 41.611099243164062 ], [ 26.637210845947266, 41.378589630126953 ], [ 26.617769241333008, 41.336929321289062 ], [ 26.449440002441406, 41.285259246826172 ], [ 26.320829391479492, 41.184711456298828 ], [ 26.327220916748047, 40.941928863525391 ], [ 26.20359992980957, 40.862758636474609 ], [ 26.199989318847656, 40.828868865966797 ], [ 26.134159088134766, 40.781368255615234 ], [ 26.124710083007812, 40.749988555908203 ], [ 26.033309936523438, 40.734889984130859 ], [ 26.06110954284668, 40.82720947265625 ], [ 25.659439086914062, 40.858879089355469 ], [ 25.135269165039062, 40.951930999755859 ], [ 25.153049468994141, 41.003318786621094 ], [ 25.041379928588867, 41.005260467529297 ], [ 24.985000610351562, 40.931659698486328 ], [ 24.891109466552734, 40.917209625244141 ], [ 24.803329467773438, 40.852489471435547 ], [ 24.62748908996582, 40.858600616455078 ], [ 24.566659927368164, 40.950550079345703 ], [ 24.398050308227539, 40.936939239501953 ], [ 24.308330535888672, 40.846099853515625 ], [ 24.11444091796875, 40.728038787841797 ], [ 23.994440078735352, 40.728321075439453 ], [ 23.846099853515625, 40.787208557128906 ], [ 23.731660842895508, 40.753040313720703 ], [ 23.689159393310547, 40.691928863525391 ], [ 23.824989318847656, 40.565818786621094 ], [ 23.91526985168457, 40.538318634033203 ], [ 23.823049545288086, 40.508319854736328 ], [ 23.845830917358398, 40.438880920410156 ], [ 23.961109161376953, 40.37860107421875 ], [ 24.008880615234375, 40.388050079345703 ], [ 23.996110916137695, 40.45220947265625 ], [ 24.393049240112305, 40.168598175048828 ], [ 24.396659851074219, 40.143318176269531 ], [ 24.306110382080078, 40.118881225585938 ], [ 24.164709091186523, 40.2783203125 ], [ 23.861940383911133, 40.371929168701172 ], [ 23.710830688476562, 40.337211608886719 ], [ 23.691099166870117, 40.297771453857422 ], [ 23.773880004882812, 40.196098327636719 ], [ 23.966939926147461, 40.133319854736328 ], [ 24.014720916748047, 40.030540466308594 ], [ 23.992769241333008, 39.954990386962891 ], [ 23.903049468994141, 39.9658203125 ], [ 23.699440002441406, 40.193599700927734 ], [ 23.408330917358398, 40.281650543212891 ], [ 23.353609085083008, 40.245269775390625 ], [ 23.329990386962891, 40.209430694580078 ], [ 23.476659774780273, 40.047771453857422 ], [ 23.747770309448242, 39.932769775390625 ], [ 23.714439392089844, 39.912769317626953 ], [ 23.358329772949219, 39.958599090576172 ], [ 23.379720687866211, 39.996929168701172 ], [ 23.311100006103516, 40.224151611328125 ], [ 22.930000305175781, 40.387489318847656 ], [ 22.818889617919922, 40.481929779052734 ], [ 22.964719772338867, 40.5283203125 ], [ 22.944440841674805, 40.628040313720703 ], [ 22.855550765991211, 40.638599395751953 ], [ 22.819440841674805, 40.572490692138672 ], [ 22.591110229492188, 40.476650238037109 ], [ 22.626380920410156, 40.387760162353516 ], [ 22.662220001220703, 40.372489929199219 ], [ 22.54888916015625, 40.160549163818359 ], [ 22.593330383300781, 40.015270233154297 ], [ 22.729440689086914, 39.881099700927734 ], [ 22.847499847412109, 39.798870086669922 ], [ 22.924440383911133, 39.593601226806641 ], [ 23.207490921020508, 39.370540618896484 ], [ 23.343330383300781, 39.192760467529297 ], [ 23.32805061340332, 39.156940460205078 ], [ 23.094440460205078, 39.086380004882812 ], [ 23.054439544677734, 39.095829010009766 ], [ 23.109989166259766, 39.158039093017578 ], [ 23.098329544067383, 39.104160308837891 ], [ 23.210830688476562, 39.150829315185547 ], [ 23.221099853515625, 39.184989929199219 ], [ 23.122770309448242, 39.304149627685547 ], [ 22.946109771728516, 39.360538482666016 ], [ 22.941099166870117, 39.296649932861328 ], [ 22.846099853515625, 39.283870697021484 ], [ 22.816940307617188, 39.253879547119141 ], [ 22.851940155029297, 39.158329010009766 ], [ 22.900550842285156, 39.173038482666016 ], [ 22.995000839233398, 39.042758941650391 ], [ 22.961109161376953, 39.006938934326172 ], [ 23.068050384521484, 39.037490844726562 ], [ 22.949710845947266, 38.94110107421875 ], [ 22.693880081176758, 38.878879547119141 ], [ 22.526939392089844, 38.882488250732422 ], [ 22.597219467163086, 38.826930999755859 ], [ 22.697500228881836, 38.849151611328125 ], [ 22.756660461425781, 38.787490844726562 ], [ 23.031940460205078, 38.752769470214844 ], [ 23.105829238891602, 38.631378173828125 ], [ 23.189159393310547, 38.652759552001953 ], [ 23.311660766601562, 38.646648406982422 ], [ 23.338329315185547, 38.609989166259766 ], [ 23.283050537109375, 38.560260772705078 ], [ 23.378879547119141, 38.529991149902344 ], [ 23.410829544067383, 38.502769470214844 ], [ 23.58721923828125, 38.485538482666016 ], [ 23.67555046081543, 38.348598480224609 ], [ 23.926660537719727, 38.294990539550781 ], [ 24.073879241943359, 38.196929931640625 ], [ 24.061939239501953, 38.128318786621094 ], [ 24.038049697875977, 38.141101837158203 ], [ 23.983879089355469, 38.106098175048828 ], [ 24.048330307006836, 37.901931762695312 ], [ 24.07611083984375, 37.738601684570312 ], [ 24.040830612182617, 37.655818939208984 ], [ 23.950830459594727, 37.669708251953125 ], [ 23.870269775390625, 37.801101684570312 ], [ 23.746660232543945, 37.850818634033203 ], [ 23.691379547119141, 37.941928863525391 ], [ 23.566940307617188, 37.965259552001953 ], [ 23.598329544067383, 38.026931762695312 ], [ 23.520269393920898, 38.040821075439453 ], [ 23.31443977355957, 37.972759246826172 ], [ 23.045270919799805, 37.918319702148438 ], [ 22.992219924926758, 37.884159088134766 ], [ 23.004720687866211, 37.848880767822266 ], [ 23.179719924926758, 37.805820465087891 ], [ 23.123600006103516, 37.734710693359375 ], [ 23.173610687255859, 37.716098785400391 ], [ 23.161380767822266, 37.619991302490234 ], [ 23.322769165039062, 37.532489776611328 ], [ 23.364990234375, 37.546379089355469 ], [ 23.311100006103516, 37.613319396972656 ], [ 23.388330459594727, 37.636661529541016 ], [ 23.410549163818359, 37.614158630371094 ], [ 23.374160766601562, 37.555271148681641 ], [ 23.523609161376953, 37.442211151123047 ], [ 23.422220230102539, 37.410259246826172 ], [ 23.235549926757812, 37.381938934326172 ], [ 23.274990081787109, 37.344711303710938 ], [ 23.187770843505859, 37.339160919189453 ], [ 23.185550689697266, 37.292209625244141 ], [ 23.071659088134766, 37.356929779052734 ], [ 23.128879547119141, 37.448040008544922 ], [ 22.87748908996582, 37.529430389404297 ], [ 22.82526969909668, 37.5283203125 ], [ 22.788049697875977, 37.586380004882812 ], [ 22.743610382080078, 37.581928253173828 ], [ 22.722770690917969, 37.561378479003906 ], [ 22.800270080566406, 37.352489471435547 ], [ 22.91139030456543, 37.194149017333984 ], [ 22.896110534667969, 37.130550384521484 ], [ 23.004159927368164, 37.027488708496094 ], [ 23.058879852294922, 36.838600158691406 ], [ 23.114160537719727, 36.774711608886719 ], [ 23.031940460205078, 36.668598175048828 ], [ 23.078889846801758, 36.576648712158203 ], [ 23.153329849243164, 36.538600921630859 ], [ 23.134990692138672, 36.497489929199219 ], [ 23.202770233154297, 36.453041076660156 ], [ 23.198329925537109, 36.431930541992188 ], [ 23.089990615844727, 36.439990997314453 ], [ 23.056659698486328, 36.513320922851562 ], [ 22.93804931640625, 36.580268859863281 ], [ 22.781940460205078, 36.800540924072266 ], [ 22.634159088134766, 36.804439544677734 ], [ 22.572769165039062, 36.773880004882812 ], [ 22.479440689086914, 36.592769622802734 ], [ 22.488889694213867, 36.386100769042969 ], [ 22.416660308837891, 36.474990844726562 ], [ 22.375270843505859, 36.478038787841797 ], [ 22.367219924926758, 36.543048858642578 ], [ 22.384719848632812, 36.642490386962891 ], [ 22.233049392700195, 36.891101837158203 ], [ 22.138889312744141, 36.911651611328125 ], [ 22.158880233764648, 37.013320922851562 ], [ 22.07305908203125, 37.030818939208984 ], [ 21.953609466552734, 36.997489929199219 ], [ 21.927219390869141, 36.899711608886719 ], [ 21.939159393310547, 36.766651153564453 ], [ 21.881380081176758, 36.720268249511719 ], [ 21.822219848632812, 36.804988861083984 ], [ 21.704439163208008, 36.815269470214844 ], [ 21.696109771728516, 36.906650543212891 ], [ 21.711940765380859, 36.944438934326172 ], [ 21.581380844116211, 37.061378479003906 ], [ 21.564159393310547, 37.152488708496094 ], [ 21.694719314575195, 37.305271148681641 ], [ 21.659719467163086, 37.423870086669922 ], [ 21.560829162597656, 37.547210693359375 ], [ 21.389999389648438, 37.657211303710938 ], [ 21.331110000610352, 37.665271759033203 ], [ 21.293609619140625, 37.778598785400391 ], [ 21.11305046081543, 37.838329315185547 ], [ 21.124160766601562, 37.929439544677734 ], [ 21.190549850463867, 37.930271148681641 ], [ 21.310279846191406, 38.038051605224609 ], [ 21.375270843505859, 38.199989318847656 ], [ 21.645269393920898, 38.160259246826172 ], [ 21.848880767822266, 38.338329315185547 ], [ 22.112220764160156, 38.261661529541016 ], [ 22.26276969909668, 38.176929473876953 ], [ 22.667770385742188, 38.064708709716797 ], [ 22.857490539550781, 37.94110107421875 ], [ 22.947219848632812, 37.944438934326172 ], [ 22.978889465332031, 37.982208251953125 ], [ 22.853879928588867, 38.031379699707031 ], [ 22.948329925537109, 38.080268859863281 ], [ 23.097770690917969, 38.058601379394531 ], [ 23.213600158691406, 38.097488403320312 ], [ 23.226100921630859, 38.153049468994141 ], [ 22.953609466552734, 38.222209930419922 ], [ 22.913600921630859, 38.189159393310547 ], [ 22.873050689697266, 38.234149932861328 ], [ 22.76555061340332, 38.244430541992188 ], [ 22.795549392700195, 38.275539398193359 ], [ 22.676109313964844, 38.343601226806641 ], [ 22.68804931640625, 38.354160308837891 ], [ 22.662490844726562, 38.383319854736328 ], [ 22.586380004882812, 38.286651611328125 ], [ 22.526100158691406, 38.322490692138672 ], [ 22.46388053894043, 38.424709320068359 ], [ 22.397499084472656, 38.410259246826172 ], [ 22.381940841674805, 38.335819244384766 ], [ 22.233600616455078, 38.360271453857422 ], [ 22.155550003051758, 38.345539093017578 ], [ 21.985549926757812, 38.404148101806641 ], [ 21.791109085083008, 38.373321533203125 ], [ 21.766109466552734, 38.327491760253906 ], [ 21.599990844726562, 38.344440460205078 ], [ 21.481660842895508, 38.300540924072266 ], [ 21.473609924316406, 38.365550994873047 ], [ 21.373880386352539, 38.395820617675781 ], [ 21.332220077514648, 38.492771148681641 ], [ 21.293880462646484, 38.361930847167969 ], [ 21.176109313964844, 38.298870086669922 ], [ 21.093330383300781, 38.364158630371094 ], [ 21.139720916748047, 38.393039703369141 ], [ 21.094989776611328, 38.426929473876953 ], [ 21.097219467163086, 38.5283203125 ], [ 21.028329849243164, 38.516101837158203 ], [ 20.98944091796875, 38.669990539550781 ], [ 20.918329238891602, 38.669990539550781 ], [ 20.880279541015625, 38.787769317626953 ], [ 20.849159240722656, 38.798320770263672 ], [ 20.779159545898438, 38.758041381835938 ], [ 20.734439849853516, 38.828601837158203 ], [ 20.804990768432617, 38.866939544677734 ], [ 20.749719619750977, 38.909709930419922 ], [ 20.768560409545898, 38.954479217529297 ], [ 20.794439315795898, 38.921379089355469 ], [ 21.029720306396484, 38.930538177490234 ], [ 21.023609161376953, 38.898319244384766 ], [ 21.086940765380859, 38.863880157470703 ], [ 21.093879699707031, 38.907489776611328 ], [ 21.156110763549805, 38.892768859863281 ], [ 21.140829086303711, 38.959709167480469 ], [ 21.166109085083008, 38.978870391845703 ], [ 21.098609924316406, 39.053050994873047 ], [ 21.03887939453125, 39.020259857177734 ], [ 20.936100006103516, 39.03887939453125 ], [ 20.788330078125, 39.092769622802734 ], [ 20.740280151367188, 39.017208099365234 ], [ 20.818050384521484, 38.9658203125 ], [ 20.735830307006836, 38.950820922851562 ], [ 20.690549850463867, 39.067489624023438 ], [ 20.475830078125, 39.239990234375 ], [ 20.481109619140625, 39.277210235595703 ], [ 20.343330383300781, 39.288600921630859 ], [ 20.214160919189453, 39.437770843505859 ], [ 20.269720077514648, 39.443050384521484 ], [ 20.214990615844727, 39.512760162353516 ], [ 20.148609161376953, 39.560821533203125 ], [ 20.187770843505859, 39.609439849853516 ], [ 20.063329696655273, 39.679988861083984 ], [ 20.012300491333008, 39.690231323242188 ], [ 20.26055908203125, 39.667758941650391 ], [ 20.302490234375, 39.7783203125 ], [ 20.291379928588867, 39.806648254394531 ], [ 20.381380081176758, 39.787208557128906 ], [ 20.410549163818359, 39.811931610107422 ], [ 20.314720153808594, 39.990261077880859 ], [ 20.394159317016602, 39.999149322509766 ], [ 20.412769317626953, 40.051090240478516 ], [ 20.51361083984375, 40.081378936767578 ], [ 20.555830001831055, 40.066379547119141 ], [ 20.66526985168457, 40.094150543212891 ], [ 20.787220001220703, 40.394710540771484 ], [ 20.842220306396484, 40.474979400634766 ], [ 20.936939239501953, 40.464431762695312 ], [ 21.053049087524414, 40.61859130859375 ], [ 21.05194091796875, 40.676651000976562 ], [ 20.961940765380859, 40.771648406982422 ], [ 20.983249664306641, 40.857021331787109 ], [ 21.343050003051758, 40.871929168701172 ], [ 21.471660614013672, 40.910541534423828 ], [ 21.672489166259766, 40.901920318603516 ], [ 21.694440841674805, 40.938030242919922 ], [ 21.780269622802734, 40.928871154785156 ], [ 21.916109085083008, 41.095260620117188 ], [ 22.066659927368164, 41.158321380615234 ], [ 22.131099700927734, 41.124980926513672 ], [ 22.246940612792969, 41.170539855957031 ], [ 22.468879699707031, 41.121650695800781 ], [ 22.590269088745117, 41.119979858398438 ], [ 22.653879165649414, 41.185260772705078 ], [ 22.720550537109375, 41.14276123046875 ], [ 22.801380157470703, 41.344150543212891 ], [ 23.175819396972656, 41.322761535644531 ], [ 23.281110763549805, 41.403308868408203 ], [ 23.668050765991211, 41.405818939208984 ], [ 23.89109992980957, 41.452770233154297 ], [ 23.956100463867188, 41.446090698242188 ], [ 24.074989318847656, 41.467201232910156 ], [ 24.078609466552734, 41.537208557128906 ], [ 24.157220840454102, 41.541099548339844 ], [ 24.184719085693359, 41.516651153564453 ], [ 24.245540618896484, 41.567760467529297 ], [ 24.363880157470703, 41.523601531982422 ], [ 24.526100158691406, 41.572208404541016 ], [ 24.658599853515625, 41.421100616455078 ], [ 24.725269317626953, 41.418048858642578 ], [ 24.798879623413086, 41.354709625244141 ], [ 24.894710540771484, 41.410541534423828 ], [ 25.209989547729492, 41.293880462646484 ], [ 25.239429473876953, 41.254428863525391 ], [ 25.388050079345703, 41.263050079345703 ], [ 25.653049468994141, 41.317760467529297 ], [ 26.135269165039062, 41.353870391845703 ], [ 26.198049545288086, 41.439418792724609 ], [ 26.067489624023438, 41.678871154785156 ], [ 26.074440002441406, 41.711929321289062 ], [ 26.222770690917969, 41.744430541992188 ] ] ] ] } },
{ "type": "Feature", "properties": { }, "geometry": { "type": "Polygon", "coordinates": [ [ [ 22.151449203491211, 48.412059783935547 ], [ 22.271379470825195, 48.404148101806641 ], [ 22.260269165039062, 48.360820770263672 ], [ 22.319440841674805, 48.361660003662109 ], [ 22.315830230712891, 48.321098327636719 ], [ 22.383329391479492, 48.244148254394531 ], [ 22.507770538330078, 48.245258331298828 ], [ 22.620460510253906, 48.101810455322266 ], [ 22.744159698486328, 48.114711761474609 ], [ 22.840950012207031, 48.086769104003906 ], [ 22.886940002441406, 48.036651611328125 ], [ 22.865270614624023, 48.010540008544922 ], [ 22.894859313964844, 47.953300476074219 ], [ 22.770830154418945, 47.879428863525391 ], [ 22.774440765380859, 47.836368560791016 ], [ 22.612209320068359, 47.768589019775391 ], [ 22.441659927368164, 47.791099548339844 ], [ 22.421379089355469, 47.743869781494141 ], [ 22.318880081176758, 47.745819091796875 ], [ 22.010280609130859, 47.508598327636719 ], [ 22.004709243774414, 47.374980926513672 ], [ 21.922500610351562, 47.35443115234375 ], [ 21.868879318237305, 47.262210845947266 ], [ 21.651660919189453, 47.025539398193359 ], [ 21.695819854736328, 47.000820159912109 ], [ 21.438320159912109, 46.648601531982422 ], [ 21.32666015625, 46.619979858398438 ], [ 21.261659622192383, 46.486930847167969 ], [ 21.296100616455078, 46.447479248046875 ], [ 21.287500381469727, 46.4144287109375 ], [ 21.197210311889648, 46.391368865966797 ], [ 21.187219619750977, 46.329990386962891 ], [ 21.053609848022461, 46.238880157470703 ], [ 20.829719543457031, 46.277210235595703 ], [ 20.753330230712891, 46.238880157470703 ], [ 20.763050079345703, 46.199150085449219 ], [ 20.721660614013672, 46.184429168701172 ], [ 20.335550308227539, 46.158039093017578 ], [ 20.261140823364258, 46.115329742431641 ], [ 20.118320465087891, 46.16693115234375 ], [ 19.807220458984375, 46.128040313720703 ], [ 19.710819244384766, 46.174991607666016 ], [ 19.570550918579102, 46.173599243164062 ], [ 19.249710083007812, 45.993320465087891 ], [ 19.155269622802734, 45.987209320068359 ], [ 19.123880386352539, 46.023601531982422 ], [ 19.083890914916992, 46.019428253173828 ], [ 19.038190841674805, 45.967601776123047 ], [ 18.803049087524414, 45.886650085449219 ], [ 18.699159622192383, 45.921100616455078 ], [ 18.629159927368164, 45.876091003417969 ], [ 18.559440612792969, 45.801651000976562 ], [ 18.278970718383789, 45.760349273681641 ], [ 18.189159393310547, 45.784431457519531 ], [ 18.082490921020508, 45.766651153564453 ], [ 17.799440383911133, 45.808879852294922 ], [ 17.57666015625, 45.940540313720703 ], [ 17.358610153198242, 45.949989318847656 ], [ 17.320550918579102, 45.974430084228516 ], [ 17.209720611572266, 46.118320465087891 ], [ 17.064159393310547, 46.206649780273438 ], [ 16.939159393310547, 46.246089935302734 ], [ 16.876380920410156, 46.318599700927734 ], [ 16.609235763549805, 46.475173950195312 ], [ 16.391660690307617, 46.636379241943359 ], [ 16.426660537719727, 46.687759399414062 ], [ 16.318330764770508, 46.779708862304688 ], [ 16.350549697875977, 46.841091156005859 ], [ 16.281669616699219, 46.872478485107422 ], [ 16.106700897216797, 46.851390838623047 ], [ 16.346939086914062, 47.009990692138672 ], [ 16.459159851074219, 47.029430389404297 ], [ 16.516939163208008, 47.060810089111328 ], [ 16.468050003051758, 47.095260620117188 ], [ 16.527769088745117, 47.134429931640625 ], [ 16.520549774169922, 47.155258178710938 ], [ 16.456100463867188, 47.146930694580078 ], [ 16.438610076904297, 47.252769470214844 ], [ 16.491659164428711, 47.279979705810547 ], [ 16.450550079345703, 47.407199859619141 ], [ 16.645549774169922, 47.452770233154297 ], [ 16.712490081787109, 47.539989471435547 ], [ 16.648880004882812, 47.629711151123047 ], [ 16.433879852294922, 47.6644287109375 ], [ 16.450550079345703, 47.698040008544922 ], [ 16.532489776611328, 47.714710235595703 ], [ 16.555830001831055, 47.756099700927734 ], [ 16.686660766601562, 47.743869781494141 ], [ 16.761940002441406, 47.685260772705078 ], [ 17.083610534667969, 47.710269927978516 ], [ 17.057500839233398, 47.844429016113281 ], [ 17.015829086303711, 47.868038177490234 ], [ 17.090549468994141, 47.887760162353516 ], [ 17.103599548339844, 47.977199554443359 ], [ 17.251659393310547, 48.024990081787109 ], [ 17.603330612182617, 47.828041076660156 ], [ 17.784160614013672, 47.746929168701172 ], [ 18.337499618530273, 47.740821838378906 ], [ 18.849409103393555, 47.818439483642578 ], [ 18.766939163208008, 47.877761840820312 ], [ 18.770280838012695, 47.956089019775391 ], [ 18.827499389648438, 48.035820007324219 ], [ 19.001249313354492, 48.068778991699219 ], [ 19.47637939453125, 48.089149475097656 ], [ 19.534999847412109, 48.212200164794922 ], [ 19.662210464477539, 48.231929779052734 ], [ 19.918600082397461, 48.129978179931641 ], [ 20.065549850463867, 48.180271148681641 ], [ 20.150270462036133, 48.260269165039062 ], [ 20.291940689086914, 48.254711151123047 ], [ 20.364719390869141, 48.305820465087891 ], [ 20.509990692138672, 48.537769317626953 ], [ 20.824710845947266, 48.575820922851562 ], [ 21.12554931640625, 48.492488861083984 ], [ 21.442770004272461, 48.575260162353516 ], [ 21.614160537719727, 48.498321533203125 ], [ 21.628049850463867, 48.449420928955078 ], [ 21.738040924072266, 48.350818634033203 ], [ 22.101659774780273, 48.377201080322266 ], [ 22.151449203491211, 48.412059783935547 ] ] ] } },
{ "type": "Feature", "properties": { }, "geometry": { "type": "Polygon", "coordinates": [ [ [ -7.253056049346924, 55.070541381835938 ], [ -7.25111198425293, 55.046100616455078 ], [ -7.073610782623291, 55.037769317626953 ], [ -6.974722862243652, 55.136661529541016 ], [ -6.968056201934814, 55.189708709716797 ], [ -6.75444507598877, 55.167209625244141 ], [ -6.496944904327393, 55.245269775390625 ], [ -6.076944828033447, 55.198040008544922 ], [ -6.033610820770264, 55.154991149902344 ], [ -6.056666851043701, 55.055538177490234 ], [ -5.978611946105957, 55.052211761474609 ], [ -5.966111183166504, 55.024150848388672 ], [ -5.99333381652832, 54.983051300048828 ], [ -5.848055839538574, 54.898601531982422 ], [ -5.785277843475342, 54.833049774169922 ], [ -5.787222862243652, 54.853321075439453 ], [ -5.718334197998047, 54.838039398193359 ], [ -5.687222003936768, 54.777488708496094 ], [ -5.696667194366455, 54.748878479003906 ], [ -5.871388912200928, 54.687480926513672 ], [ -5.924167156219482, 54.633880615234375 ], [ -5.904723167419434, 54.602210998535156 ], [ -5.670279026031494, 54.671100616455078 ], [ -5.57722282409668, 54.678050994873047 ], [ -5.435555934906006, 54.460540771484375 ], [ -5.499166965484619, 54.331928253173828 ], [ -5.567500114440918, 54.387489318847656 ], [ -5.559722900390625, 54.515819549560547 ], [ -5.680555820465088, 54.573040008544922 ], [ -5.712778091430664, 54.533870697021484 ], [ -5.645277976989746, 54.492488861083984 ], [ -5.639999866485596, 54.403598785400391 ], [ -5.710556030273438, 54.346931457519531 ], [ -5.557777881622314, 54.369709014892578 ], [ -5.534166812896729, 54.313320159912109 ], [ -5.648056030273438, 54.227210998535156 ], [ -5.796667098999023, 54.242488861083984 ], [ -5.863890171051025, 54.223880767822266 ], [ -5.894443988800049, 54.103038787841797 ], [ -6.067779064178467, 54.027759552001953 ], [ -6.196667194366455, 54.095268249511719 ], [ -6.270144939422607, 54.096870422363281 ], [ -6.113890171051025, 54.011661529541016 ], [ -6.105278015136719, 53.992210388183594 ], [ -6.228332996368408, 53.987770080566406 ], [ -6.34444522857666, 54.014430999755859 ], [ -6.381111145019531, 53.917209625244141 ], [ -6.337223052978516, 53.871929168701172 ], [ -6.24472188949585, 53.858600616455078 ], [ -6.256111145019531, 53.807209014892578 ], [ -6.180555820465088, 53.614429473876953 ], [ -6.077777862548828, 53.525829315185547 ], [ -6.103332996368408, 53.488319396972656 ], [ -6.192500114440918, 53.460269927978516 ], [ -6.05333423614502, 53.384429931640625 ], [ -6.066668033599854, 53.361660003662109 ], [ -6.143611907958984, 53.386661529541016 ], [ -6.224722862243652, 53.353870391845703 ], [ -6.07722282409668, 53.193599700927734 ], [ -5.99472188949585, 52.961101531982422 ], [ -6.221666812896729, 52.648040771484375 ], [ -6.200555801391602, 52.555271148681641 ], [ -6.403025150299072, 52.353649139404297 ], [ -6.492499828338623, 52.361370086669922 ], [ -6.41194486618042, 52.285820007324219 ], [ -6.321667194366455, 52.240261077880859 ], [ -6.36138916015625, 52.177490234375 ], [ -6.474166870117188, 52.206661224365234 ], [ -6.58583402633667, 52.171100616455078 ], [ -6.718889236450195, 52.214160919189453 ], [ -6.795279026031494, 52.204990386962891 ], [ -6.831666946411133, 52.234439849853516 ], [ -6.829166889190674, 52.171939849853516 ], [ -6.936388969421387, 52.120540618896484 ], [ -6.916111946105957, 52.151371002197266 ], [ -6.913333892822266, 52.203041076660156 ], [ -6.995000839233398, 52.282768249511719 ], [ -6.953888893127441, 52.178321838378906 ], [ -7.083611011505127, 52.131378173828125 ], [ -7.075000762939453, 52.160549163818359 ], [ -7.551945209503174, 52.082489013671875 ], [ -7.591111183166504, 52.10137939453125 ], [ -7.634167194366455, 52.068321228027344 ], [ -7.548334121704102, 52.056381225585938 ], [ -7.588334083557129, 51.991649627685547 ], [ -7.812222003936768, 51.941661834716797 ], [ -7.847500801086426, 51.978038787841797 ], [ -7.884167194366455, 51.877769470214844 ], [ -8.005001068115234, 51.859149932861328 ], [ -8.010278701782227, 51.825260162353516 ], [ -8.219167709350586, 51.795818328857422 ], [ -8.228889465332031, 51.828041076660156 ], [ -8.181112289428711, 51.886100769042969 ], [ -8.409444808959961, 51.885818481445312 ], [ -8.338611602783203, 51.869709014892578 ], [ -8.295833587646484, 51.764430999755859 ], [ -8.386112213134766, 51.706100463867188 ], [ -8.51500129699707, 51.677490234375 ], [ -8.534168243408203, 51.607490539550781 ], [ -8.566389083862305, 51.637210845947266 ], [ -8.754167556762695, 51.642208099365234 ], [ -8.697778701782227, 51.580539703369141 ], [ -9.120279312133789, 51.552211761474609 ], [ -9.230001449584961, 51.482208251953125 ], [ -9.380001068115234, 51.487209320068359 ], [ -9.403057098388672, 51.545818328857422 ], [ -9.803335189819336, 51.445819854736328 ], [ -9.816389083862305, 51.486660003662109 ], [ -9.619167327880859, 51.599151611328125 ], [ -9.829723358154297, 51.539989471435547 ], [ -9.485000610351562, 51.711380004882812 ], [ -9.549446105957031, 51.755260467529297 ], [ -9.601945877075195, 51.688320159912109 ], [ -10.102219581604004, 51.597209930419922 ], [ -10.149439811706543, 51.614990234375 ], [ -10.065560340881348, 51.624439239501953 ], [ -10.103610038757324, 51.662769317626953 ], [ -9.982778549194336, 51.679149627685547 ], [ -9.986112594604492, 51.709709167480469 ], [ -9.905834197998047, 51.757770538330078 ], [ -9.579444885253906, 51.869991302490234 ], [ -10.128060340881348, 51.755550384521484 ], [ -10.22389030456543, 51.774990081787109 ], [ -10.17611026763916, 51.804439544677734 ], [ -10.200559616088867, 51.845829010009766 ], [ -10.337920188903809, 51.783649444580078 ], [ -10.341670036315918, 51.842208862304688 ], [ -10.398059844970703, 51.876659393310547 ], [ -10.248889923095703, 51.901931762695312 ], [ -10.266110420227051, 51.984710693359375 ], [ -9.766389846801758, 52.144161224365234 ], [ -9.872501373291016, 52.151371002197266 ], [ -10.472780227661133, 52.102489471435547 ], [ -10.466950416564941, 52.176658630371094 ], [ -10.169719696044922, 52.287490844726562 ], [ -10.167779922485352, 52.231658935546875 ], [ -10.055830001831055, 52.254989624023438 ], [ -10.033329963684082, 52.287208557128906 ], [ -9.970556259155273, 52.238040924072266 ], [ -9.877500534057617, 52.230548858642578 ], [ -9.740835189819336, 52.244709014892578 ], [ -9.835000991821289, 52.310550689697266 ], [ -9.837778091430664, 52.376380920410156 ], [ -9.945556640625, 52.402488708496094 ], [ -9.928335189819336, 52.422489166259766 ], [ -9.635278701782227, 52.469440460205078 ], [ -9.675834655761719, 52.545269012451172 ], [ -9.616945266723633, 52.570819854736328 ], [ -9.295000076293945, 52.565540313720703 ], [ -8.742223739624023, 52.670818328857422 ], [ -8.951667785644531, 52.679710388183594 ], [ -8.945556640625, 52.773880004882812 ], [ -9.115835189819336, 52.649711608886719 ], [ -9.281667709350586, 52.588329315185547 ], [ -9.331945419311523, 52.595829010009766 ], [ -9.275278091430664, 52.632488250732422 ], [ -9.407222747802734, 52.604988098144531 ], [ -9.571111679077148, 52.663051605224609 ], [ -9.623334884643555, 52.611099243164062 ], [ -9.886112213134766, 52.550270080566406 ], [ -9.91139030456543, 52.572490692138672 ], [ -9.664445877075195, 52.677761077880859 ], [ -9.603334426879883, 52.737209320068359 ], [ -9.490278244018555, 52.773319244384766 ], [ -9.351945877075195, 52.927490234375 ], [ -9.468055725097656, 52.927490234375 ], [ -9.350833892822266, 53.071098327636719 ], [ -9.253055572509766, 53.149150848388672 ], [ -9.075555801391602, 53.116378784179688 ], [ -9.085556030273438, 53.160820007324219 ], [ -8.938334465026855, 53.140541076660156 ], [ -8.948890686035156, 53.185550689697266 ], [ -8.984445571899414, 53.215549468994141 ], [ -8.983333587646484, 53.248321533203125 ], [ -9.033056259155273, 53.271648406982422 ], [ -9.490001678466797, 53.223598480224609 ], [ -9.542778015136719, 53.227771759033203 ], [ -9.552778244018555, 53.289710998535156 ], [ -9.600278854370117, 53.232208251953125 ], [ -9.620000839233398, 53.319438934326172 ], [ -9.557779312133789, 53.335540771484375 ], [ -9.599445343017578, 53.364429473876953 ], [ -9.611112594604492, 53.331661224365234 ], [ -9.649723052978516, 53.326648712158203 ], [ -9.638334274291992, 53.382770538330078 ], [ -9.700000762939453, 53.361370086669922 ], [ -9.775278091430664, 53.296939849853516 ], [ -9.897223472595215, 53.350269317626953 ], [ -9.800556182861328, 53.410259246826172 ], [ -9.948057174682617, 53.37860107421875 ], [ -10.17611026763916, 53.407768249511719 ], [ -10.147780418395996, 53.443878173828125 ], [ -10.054450035095215, 53.450820922851562 ], [ -10.01138973236084, 53.475818634033203 ], [ -10.201950073242188, 53.540821075439453 ], [ -10.05027961730957, 53.563320159912109 ], [ -10.009719848632812, 53.601940155029297 ], [ -9.699445724487305, 53.595829010009766 ], [ -9.913333892822266, 53.647491455078125 ], [ -9.906389236450195, 53.758598327636719 ], [ -9.607224464416504, 53.820541381835938 ], [ -9.566946029663086, 53.886379241943359 ], [ -9.76472282409668, 53.894428253173828 ], [ -9.902778625488281, 53.857769012451172 ], [ -9.942779541015625, 53.869991302490234 ], [ -9.912778854370117, 53.949428558349609 ], [ -9.812223434448242, 53.939708709716797 ], [ -9.904167175292969, 54.016380310058594 ], [ -9.891668319702148, 54.085269927978516 ], [ -9.936111450195312, 54.060821533203125 ], [ -9.984445571899414, 54.091930389404297 ], [ -9.932500839233398, 54.145549774169922 ], [ -9.998611450195312, 54.214431762695312 ], [ -10.090559959411621, 54.119430541992188 ], [ -10.067219734191895, 54.088600158691406 ], [ -10.12444019317627, 54.096370697021484 ], [ -10.081669807434082, 54.257209777832031 ], [ -10.009169578552246, 54.300819396972656 ], [ -9.886112213134766, 54.260818481445312 ], [ -9.924167633056641, 54.221370697021484 ], [ -9.920278549194336, 54.206928253173828 ], [ -9.761390686035156, 54.281379699707031 ], [ -9.84222412109375, 54.304988861083984 ], [ -9.843612670898438, 54.325550079345703 ], [ -9.305002212524414, 54.307209014892578 ], [ -9.199722290039062, 54.239711761474609 ], [ -9.218334197998047, 54.211650848388672 ], [ -9.142223358154297, 54.139148712158203 ], [ -9.06361198425293, 54.276100158691406 ], [ -8.936944961547852, 54.283599853515625 ], [ -8.565834045410156, 54.233600616455078 ], [ -8.620000839233398, 54.257209777832031 ], [ -8.539167404174805, 54.279991149902344 ], [ -8.509166717529297, 54.318321228027344 ], [ -8.666389465332031, 54.3377685546875 ], [ -8.583889007568359, 54.391101837158203 ], [ -8.395833969116211, 54.461929321289062 ], [ -8.210556030273438, 54.498050689697266 ], [ -8.267223358154297, 54.515819549560547 ], [ -8.146112442016602, 54.633598327636719 ], [ -8.38194465637207, 54.616378784179688 ], [ -8.774444580078125, 54.656650543212891 ], [ -8.801111221313477, 54.691661834716797 ], [ -8.623889923095703, 54.769428253173828 ], [ -8.412500381469727, 54.75360107421875 ], [ -8.525278091430664, 54.811378479003906 ], [ -8.50694465637207, 54.841648101806641 ], [ -8.331945419311523, 54.829151153564453 ], [ -8.384166717529297, 54.853599548339844 ], [ -8.370000839233398, 54.874439239501953 ], [ -8.315834045410156, 54.869709014892578 ], [ -8.339445114135742, 54.903598785400391 ], [ -8.423055648803711, 54.891101837158203 ], [ -8.460000991821289, 54.938320159912109 ], [ -8.367223739624023, 54.941379547119141 ], [ -8.454723358154297, 54.991649627685547 ], [ -8.353889465332031, 55.056930541992188 ], [ -8.323612213134766, 55.024150848388672 ], [ -8.292501449584961, 55.152488708496094 ], [ -8.087778091430664, 55.159431457519531 ], [ -7.964723110198975, 55.183040618896484 ], [ -7.863890171051025, 55.164440155029297 ], [ -7.874166965484619, 55.206378936767578 ], [ -7.79888916015625, 55.249439239501953 ], [ -7.811110973358154, 55.177211761474609 ], [ -7.72777795791626, 55.167209625244141 ], [ -7.704166889190674, 55.094150543212891 ], [ -7.668056011199951, 55.141929626464844 ], [ -7.698610782623291, 55.214160919189453 ], [ -7.720555782318115, 55.216648101806641 ], [ -7.735001087188721, 55.187770843505859 ], [ -7.790555953979492, 55.203319549560547 ], [ -7.761110782623291, 55.254428863525391 ], [ -7.657777786254883, 55.274429321289062 ], [ -7.616944789886475, 55.242771148681641 ], [ -7.532223224639893, 55.099151611328125 ], [ -7.639999866485596, 55.044429779052734 ], [ -7.56694507598877, 55.048038482666016 ], [ -7.665000915527344, 54.952491760253906 ], [ -7.452499866485596, 55.047489166259766 ], [ -7.454721927642822, 55.132209777832031 ], [ -7.547501087188721, 55.197208404541016 ], [ -7.521111011505127, 55.283599853515625 ], [ -7.262777805328369, 55.274711608886719 ], [ -7.399167060852051, 55.377208709716797 ], [ -7.267653942108154, 55.355060577392578 ], [ -6.93861198425293, 55.241100311279297 ], [ -6.964445114135742, 55.208881378173828 ], [ -7.159444808959961, 55.145820617675781 ], [ -7.253056049346924, 55.070541381835938 ] ] ] } },
{ "type": "Feature", "properties": { }, "geometry": { "type": "MultiPolygon", "coordinates": [ [ [ [ 15.090000152587891, 36.650829315185547 ], [ 14.900830268859863, 36.724990844726562 ], [ 14.706110000610352, 36.713329315185547 ], [ 14.461389541625977, 36.813880920410156 ], [ 14.397780418395996, 36.936649322509766 ], [ 14.268890380859375, 37.048038482666016 ], [ 14.109720230102539, 37.108879089355469 ], [ 13.894720077514648, 37.097759246826172 ], [ 13.56194019317627, 37.279148101806641 ], [ 13.431659698486328, 37.300819396972656 ], [ 13.121390342712402, 37.490821838378906 ], [ 13.019720077514648, 37.493881225585938 ], [ 12.97389030456543, 37.550540924072266 ], [ 12.82528018951416, 37.578880310058594 ], [ 12.674440383911133, 37.554149627685547 ], [ 12.468330383300781, 37.699161529541016 ], [ 12.460829734802246, 37.834991455078125 ], [ 12.551389694213867, 38.054439544677734 ], [ 12.713330268859863, 38.114711761474609 ], [ 12.719160079956055, 38.181098937988281 ], [ 12.78639030456543, 38.138050079345703 ], [ 12.856109619140625, 38.050540924072266 ], [ 12.896670341491699, 38.023319244384766 ], [ 13.048609733581543, 38.071659088134766 ], [ 13.073329925537109, 38.093601226806641 ], [ 13.078610420227051, 38.171379089355469 ], [ 13.311389923095703, 38.218040466308594 ], [ 13.375269889831543, 38.153881072998047 ], [ 13.36361026763916, 38.124710083007812 ], [ 13.4375, 38.095268249511719 ], [ 13.536109924316406, 38.109439849853516 ], [ 13.537779808044434, 38.061100006103516 ], [ 13.711389541625977, 37.976650238037109 ], [ 13.882499694824219, 37.997211456298828 ], [ 14.024720191955566, 38.045551300048828 ], [ 14.289440155029297, 38.012760162353516 ], [ 14.628609657287598, 38.071380615234375 ], [ 14.739999771118164, 38.165538787841797 ], [ 15.131389617919922, 38.138881683349609 ], [ 15.199999809265137, 38.175540924072266 ], [ 15.228329658508301, 38.265541076660156 ], [ 15.249719619750977, 38.208881378173828 ], [ 15.366390228271484, 38.221370697021484 ], [ 15.52361011505127, 38.295269012451172 ], [ 15.623889923095703, 38.256378173828125 ], [ 15.572500228881836, 38.233879089355469 ], [ 15.443050384521484, 38.016651153564453 ], [ 15.215000152587891, 37.758880615234375 ], [ 15.17805004119873, 37.575550079345703 ], [ 15.091389656066895, 37.489990234375 ], [ 15.091939926147461, 37.349708557128906 ], [ 15.156669616699219, 37.295269012451172 ], [ 15.26138973236084, 37.246101379394531 ], [ 15.18889045715332, 37.218601226806641 ], [ 15.203889846801758, 37.157489776611328 ], [ 15.303330421447754, 37.102210998535156 ], [ 15.33860969543457, 37.011928558349609 ], [ 15.158889770507812, 36.920551300048828 ], [ 15.095549583435059, 36.783599853515625 ], [ 15.13638973236084, 36.681381225585938 ], [ 15.090000152587891, 36.650829315185547 ] ] ], [ [ [ 8.855554580688477, 38.877490997314453 ], [ 8.729166030883789, 38.934711456298828 ], [ 8.622776031494141, 38.891651153564453 ], [ 8.518610000610352, 39.078319549560547 ], [ 8.468053817749023, 39.056098937988281 ], [ 8.398611068725586, 38.976100921630859 ], [ 8.349721908569336, 39.090549468994141 ], [ 8.424444198608398, 39.107769012451172 ], [ 8.463333129882812, 39.061649322509766 ], [ 8.486108779907227, 39.077770233154297 ], [ 8.367776870727539, 39.218318939208984 ], [ 8.432777404785156, 39.285259246826172 ], [ 8.383333206176758, 39.458599090576172 ], [ 8.467498779296875, 39.593040466308594 ], [ 8.442777633666992, 39.756649017333984 ], [ 8.533054351806641, 39.702770233154297 ], [ 8.521108627319336, 39.749439239501953 ], [ 8.556943893432617, 39.857490539550781 ], [ 8.518054962158203, 39.904991149902344 ], [ 8.398611068725586, 39.896648406982422 ], [ 8.374721527099609, 40.031940460205078 ], [ 8.472776412963867, 40.064430236816406 ], [ 8.489166259765625, 40.093601226806641 ], [ 8.461387634277344, 40.223880767822266 ], [ 8.481386184692383, 40.280818939208984 ], [ 8.384443283081055, 40.342491149902344 ], [ 8.371665954589844, 40.482490539550781 ], [ 8.301109313964844, 40.589160919189453 ], [ 8.159440994262695, 40.562770843505859 ], [ 8.143608093261719, 40.621658325195312 ], [ 8.198610305786133, 40.684711456298828 ], [ 8.132499694824219, 40.729988098144531 ], [ 8.22166633605957, 40.879711151123047 ], [ 8.177776336669922, 40.929710388183594 ], [ 8.202775955200195, 40.970539093017578 ], [ 8.278055191040039, 40.864429473876953 ], [ 8.457498550415039, 40.821929931640625 ], [ 8.579721450805664, 40.839988708496094 ], [ 8.889442443847656, 41.025829315185547 ], [ 9.1522216796875, 41.156101226806641 ], [ 9.215831756591797, 41.254161834716797 ], [ 9.256387710571289, 41.243320465087891 ], [ 9.314720153808594, 41.192211151123047 ], [ 9.42138671875, 41.176101684570312 ], [ 9.441665649414062, 41.090259552001953 ], [ 9.513332366943359, 41.1502685546875 ], [ 9.565553665161133, 41.104709625244141 ], [ 9.508609771728516, 41.014430999755859 ], [ 9.652498245239258, 41.003318786621094 ], [ 9.564441680908203, 40.939990997314453 ], [ 9.503610610961914, 40.918048858642578 ], [ 9.65110969543457, 40.878040313720703 ], [ 9.689443588256836, 40.811939239501953 ], [ 9.667776107788086, 40.797489166259766 ], [ 9.746944427490234, 40.682491302490234 ], [ 9.806388854980469, 40.538051605224609 ], [ 9.825553894042969, 40.521648406982422 ], [ 9.771942138671875, 40.394710540771484 ], [ 9.657220840454102, 40.308319091796875 ], [ 9.624165534973145, 40.208320617675781 ], [ 9.692499160766602, 40.106929779052734 ], [ 9.729166030883789, 40.084430694580078 ], [ 9.624165534973145, 39.412208557128906 ], [ 9.600275039672852, 39.332759857177734 ], [ 9.633333206176758, 39.298599243164062 ], [ 9.591663360595703, 39.277210235595703 ], [ 9.519444465637207, 39.099430084228516 ], [ 9.235553741455078, 39.223598480224609 ], [ 9.183886528015137, 39.217769622802734 ], [ 9.150276184082031, 39.183319091796875 ], [ 9.083610534667969, 39.216648101806641 ], [ 9.017499923706055, 39.141929626464844 ], [ 9.022220611572266, 38.989711761474609 ], [ 8.855554580688477, 38.877490997314453 ] ] ], [ [ [ 10.463569641113281, 46.869350433349609 ], [ 10.560830116271973, 46.848590850830078 ], [ 10.67278003692627, 46.874980926513672 ], [ 10.764439582824707, 46.834148406982422 ], [ 10.735549926757812, 46.798599243164062 ], [ 11.01471996307373, 46.772480010986328 ], [ 11.164440155029297, 46.962200164794922 ], [ 11.339159965515137, 46.995540618896484 ], [ 11.411660194396973, 46.972480773925781 ], [ 11.615269660949707, 47.013050079345703 ], [ 11.755829811096191, 46.977481842041016 ], [ 12.21111011505127, 47.090541839599609 ], [ 12.204440116882324, 47.039150238037109 ], [ 12.131110191345215, 47.016380310058594 ], [ 12.144439697265625, 46.915821075439453 ], [ 12.295000076293945, 46.863601684570312 ], [ 12.283610343933105, 46.791370391845703 ], [ 12.355830192565918, 46.777481079101562 ], [ 12.433609962463379, 46.695259094238281 ], [ 12.895830154418945, 46.612758636474609 ], [ 13.412220001220703, 46.574428558349609 ], [ 13.718959808349609, 46.525539398193359 ], [ 13.692219734191895, 46.450260162353516 ], [ 13.481109619140625, 46.369430541992188 ], [ 13.383049964904785, 46.297210693359375 ], [ 13.443329811096191, 46.230258941650391 ], [ 13.55055046081543, 46.218040466308594 ], [ 13.664440155029297, 46.183040618896484 ], [ 13.645830154418945, 46.142490386962891 ], [ 13.479439735412598, 46.013320922851562 ], [ 13.542499542236328, 45.967479705810547 ], [ 13.590000152587891, 45.993320465087891 ], [ 13.635000228881836, 45.988590240478516 ], [ 13.62360954284668, 45.922210693359375 ], [ 13.577779769897461, 45.854160308837891 ], [ 13.598050117492676, 45.810810089111328 ], [ 13.821940422058105, 45.7269287109375 ], [ 13.919159889221191, 45.637489318847656 ], [ 13.859439849853516, 45.587490081787109 ], [ 13.717510223388672, 45.597660064697266 ], [ 13.804439544677734, 45.609989166259766 ], [ 13.632220268249512, 45.769161224365234 ], [ 13.550000190734863, 45.787208557128906 ], [ 13.523050308227539, 45.746658325195312 ], [ 13.433609962463379, 45.678321838378906 ], [ 13.341670036315918, 45.740261077880859 ], [ 13.131110191345215, 45.771930694580078 ], [ 13.069999694824219, 45.714710235595703 ], [ 13.075550079345703, 45.693321228027344 ], [ 13.149999618530273, 45.695541381835938 ], [ 13.08611011505127, 45.635540008544922 ], [ 12.868610382080078, 45.596660614013672 ], [ 12.414719581604004, 45.431930541992188 ], [ 12.453049659729004, 45.493320465087891 ], [ 12.564720153808594, 45.528598785400391 ], [ 12.479999542236328, 45.565818786621094 ], [ 12.449999809265137, 45.509429931640625 ], [ 12.260279655456543, 45.456661224365234 ], [ 12.218330383300781, 45.308879852294922 ], [ 12.158329963684082, 45.313880920410156 ], [ 12.161109924316406, 45.263881683349609 ], [ 12.199170112609863, 45.267768859863281 ], [ 12.230279922485352, 45.199989318847656 ], [ 12.284170150756836, 45.205818176269531 ], [ 12.326109886169434, 45.108051300048828 ], [ 12.293609619140625, 45.091381072998047 ], [ 12.434720039367676, 45.021648406982422 ], [ 12.510000228881836, 44.919158935546875 ], [ 12.449170112609863, 44.818321228027344 ], [ 12.440549850463867, 44.894989013671875 ], [ 12.391389846801758, 44.872760772705078 ], [ 12.42527961730957, 44.818050384521484 ], [ 12.387499809265137, 44.786930084228516 ], [ 12.279170036315918, 44.816928863525391 ], [ 12.245550155639648, 44.7158203125 ], [ 12.318050384521484, 44.353599548339844 ], [ 12.503049850463867, 44.121658325195312 ], [ 12.574740409851074, 44.082038879394531 ], [ 12.67805004119873, 43.993320465087891 ], [ 13.074999809265137, 43.821929931640625 ], [ 13.421939849853516, 43.624439239501953 ], [ 13.59943962097168, 43.569988250732422 ], [ 13.759719848632812, 43.261379241943359 ], [ 13.891389846801758, 42.926658630371094 ], [ 14.058329582214355, 42.619709014892578 ], [ 14.30305004119873, 42.414989471435547 ], [ 14.624159812927246, 42.199989318847656 ], [ 14.715559959411621, 42.171939849853516 ], [ 14.722780227661133, 42.100551605224609 ], [ 14.888890266418457, 42.021648406982422 ], [ 15.346659660339355, 41.910259246826172 ], [ 15.831390380859375, 41.923320770263672 ], [ 16.018049240112305, 41.947208404541016 ], [ 16.176660537719727, 41.888599395751953 ], [ 16.191110610961914, 41.784988403320312 ], [ 15.88971996307373, 41.571098327636719 ], [ 15.920000076293945, 41.493598937988281 ], [ 16.033050537109375, 41.418880462646484 ], [ 17.282770156860352, 40.973049163818359 ], [ 17.475269317626953, 40.827770233154297 ], [ 17.894720077514648, 40.682491302490234 ], [ 17.952749252319336, 40.644588470458984 ], [ 18.011669158935547, 40.644428253173828 ], [ 18.039709091186523, 40.553600311279297 ], [ 18.359439849853516, 40.342208862304688 ], [ 18.510829925537109, 40.138881683349609 ], [ 18.481670379638672, 40.048870086669922 ], [ 18.419719696044922, 39.995819091796875 ], [ 18.390829086303711, 39.814430236816406 ], [ 18.34943962097168, 39.79193115234375 ], [ 18.052490234375, 39.926101684570312 ], [ 17.994720458984375, 39.994159698486328 ], [ 18.022220611572266, 40.013599395751953 ], [ 17.894439697265625, 40.260269165039062 ], [ 17.684719085693359, 40.303321838378906 ], [ 17.398330688476562, 40.329708099365234 ], [ 17.204439163208008, 40.407211303710938 ], [ 17.229440689086914, 40.474151611328125 ], [ 17.269439697265625, 40.485538482666016 ], [ 17.089719772338867, 40.520820617675781 ], [ 16.947219848632812, 40.470829010009766 ], [ 16.758609771728516, 40.262210845947266 ], [ 16.695270538330078, 40.152759552001953 ], [ 16.612220764160156, 40.093040466308594 ], [ 16.607490539550781, 40.005260467529297 ], [ 16.633050918579102, 39.9627685546875 ], [ 16.498050689697266, 39.820819854736328 ], [ 16.490549087524414, 39.749149322509766 ], [ 16.543050765991211, 39.6502685546875 ], [ 16.933879852294922, 39.511928558349609 ], [ 17.161380767822266, 39.400829315185547 ], [ 17.109439849853516, 39.267490386962891 ], [ 17.145269393920898, 39.195270538330078 ], [ 17.134990692138672, 39.068050384521484 ], [ 17.204160690307617, 39.028049468994141 ], [ 17.103609085083008, 38.895259857177734 ], [ 17.061389923095703, 38.920269012451172 ], [ 16.836940765380859, 38.917488098144531 ], [ 16.621110916137695, 38.821929931640625 ], [ 16.53887939453125, 38.722488403320312 ], [ 16.571390151977539, 38.431381225585938 ], [ 16.490549087524414, 38.358051300048828 ], [ 16.326940536499023, 38.296100616455078 ], [ 16.165550231933594, 38.139148712158203 ], [ 16.116659164428711, 37.979709625244141 ], [ 16.062490463256836, 37.924160003662109 ], [ 15.775830268859863, 37.91693115234375 ], [ 15.67527961730957, 37.95220947265625 ], [ 15.632499694824219, 38.008041381835938 ], [ 15.628890037536621, 38.228599548339844 ], [ 15.793049812316895, 38.280540466308594 ], [ 15.90110969543457, 38.462211608886719 ], [ 15.92527961730957, 38.541370391845703 ], [ 15.828330039978027, 38.620540618896484 ], [ 15.853050231933594, 38.660259246826172 ], [ 15.994159698486328, 38.722759246826172 ], [ 16.129159927368164, 38.715549468994141 ], [ 16.181110382080078, 38.747489929199219 ], [ 16.219989776611328, 38.843040466308594 ], [ 16.221099853515625, 38.922489166259766 ], [ 16.106109619140625, 39.014430999755859 ], [ 16.023330688476562, 39.362770080566406 ], [ 15.839719772338867, 39.626930236816406 ], [ 15.739439964294434, 39.934429168701172 ], [ 15.630550384521484, 40.070270538330078 ], [ 15.519720077514648, 40.073318481445312 ], [ 15.416939735412598, 39.990261077880859 ], [ 15.265830039978027, 40.027488708496094 ], [ 15.274439811706543, 40.061378479003906 ], [ 15.121660232543945, 40.169708251953125 ], [ 14.909110069274902, 40.237709045410156 ], [ 14.989720344543457, 40.358318328857422 ], [ 14.99055004119873, 40.399150848388672 ], [ 14.779720306396484, 40.669708251953125 ], [ 14.531109809875488, 40.607769012451172 ], [ 14.448329925537109, 40.618320465087891 ], [ 14.331660270690918, 40.572769165039062 ], [ 14.33944034576416, 40.619159698486328 ], [ 14.470000267028809, 40.695541381835938 ], [ 14.458049774169922, 40.742771148681641 ], [ 14.285550117492676, 40.836929321289062 ], [ 14.083889961242676, 40.782211303710938 ], [ 14.044170379638672, 40.794990539550781 ], [ 14.037779808044434, 40.881649017333984 ], [ 13.826109886169434, 41.162490844726562 ], [ 13.71304988861084, 41.251380920410156 ], [ 13.620829582214355, 41.257770538330078 ], [ 13.503890037536621, 41.221099853515625 ], [ 13.323060035705566, 41.292758941650391 ], [ 13.21111011505127, 41.282489776611328 ], [ 13.094440460205078, 41.220539093017578 ], [ 13.039440155029297, 41.225818634033203 ], [ 12.951939582824707, 41.353038787841797 ], [ 12.854999542236328, 41.409988403320312 ], [ 12.624719619750977, 41.446380615234375 ], [ 12.359999656677246, 41.689159393310547 ], [ 12.227219581604004, 41.739990234375 ], [ 12.175829887390137, 41.871101379394531 ], [ 11.926389694213867, 42.029991149902344 ], [ 11.777219772338867, 42.089431762695312 ], [ 11.635270118713379, 42.292488098144531 ], [ 11.374719619750977, 42.404991149902344 ], [ 11.211389541625977, 42.414710998535156 ], [ 11.150279998779297, 42.363880157470703 ], [ 11.085829734802246, 42.421939849853516 ], [ 11.168330192565918, 42.447490692138672 ], [ 11.189720153808594, 42.506378173828125 ], [ 11.080269813537598, 42.632209777832031 ], [ 10.750280380249023, 42.807491302490234 ], [ 10.779439926147461, 42.887489318847656 ], [ 10.761110305786133, 42.914710998535156 ], [ 10.673609733581543, 42.948318481445312 ], [ 10.499170303344727, 42.932209014892578 ], [ 10.480279922485352, 42.983600616455078 ], [ 10.524999618530273, 43.0252685546875 ], [ 10.542499542236328, 43.154430389404297 ], [ 10.519439697265625, 43.256099700927734 ], [ 10.296669960021973, 43.536930084228516 ], [ 10.214170455932617, 43.906101226806641 ], [ 10.090829849243164, 44.018600463867188 ], [ 9.840276718139648, 44.108600616455078 ], [ 9.839998245239258, 44.035820007324219 ], [ 9.233610153198242, 44.346370697021484 ], [ 9.21333122253418, 44.300540924072266 ], [ 8.871944427490234, 44.409431457519531 ], [ 8.7611083984375, 44.429439544677734 ], [ 8.468332290649414, 44.300819396972656 ], [ 8.399442672729492, 44.178321838378906 ], [ 8.28416633605957, 44.147769927978516 ], [ 8.158054351806641, 43.994430541992188 ], [ 8.121110916137695, 43.927761077880859 ], [ 7.828609943389893, 43.819438934326172 ], [ 7.534764766693115, 43.783451080322266 ], [ 7.492220878601074, 43.869430541992188 ], [ 7.704165935516357, 44.072208404541016 ], [ 7.672776222229004, 44.182758331298828 ], [ 7.279444217681885, 44.156650543212891 ], [ 6.935832023620605, 44.323318481445312 ], [ 6.886109828948975, 44.415821075439453 ], [ 6.934998989105225, 44.443038940429688 ], [ 6.857222080230713, 44.507770538330078 ], [ 6.852777004241943, 44.540821075439453 ], [ 6.960278034210205, 44.628868103027344 ], [ 6.950831890106201, 44.664699554443359 ], [ 7.000833034515381, 44.699150085449219 ], [ 7.068889141082764, 44.689151763916016 ], [ 7.009998798370361, 44.848590850830078 ], [ 6.743331909179688, 44.947761535644531 ], [ 6.746665954589844, 45.020259857177734 ], [ 6.620172023773193, 45.110660552978516 ], [ 6.760832786560059, 45.168319702148438 ], [ 6.850276947021484, 45.136100769042969 ], [ 7.122776031494141, 45.301929473876953 ], [ 7.133053779602051, 45.355548858642578 ], [ 7.181387901306152, 45.411651611328125 ], [ 6.999443054199219, 45.518318176269531 ], [ 6.990831851959229, 45.639980316162109 ], [ 6.824165821075439, 45.714988708496094 ], [ 6.799166202545166, 45.780818939208984 ], [ 6.808887004852295, 45.831378936767578 ], [ 7.03874683380127, 45.931720733642578 ], [ 7.099442958831787, 45.883598327636719 ], [ 7.393332004547119, 45.916088104248047 ], [ 7.578886985778809, 45.983318328857422 ], [ 7.852777004241943, 45.919979095458984 ], [ 7.9024977684021, 45.991100311279297 ], [ 7.998054981231689, 46.002208709716797 ], [ 8.15888786315918, 46.176651000976562 ], [ 8.090274810791016, 46.260540008544922 ], [ 8.401107788085938, 46.456089019775391 ], [ 8.451663970947266, 46.459980010986328 ], [ 8.459163665771484, 46.338321685791016 ], [ 8.444442749023438, 46.248600006103516 ], [ 8.69194221496582, 46.10137939453125 ], [ 8.813053131103516, 46.101650238037109 ], [ 8.850551605224609, 46.072490692138672 ], [ 8.785276412963867, 45.989978790283203 ], [ 8.895553588867188, 45.955818176269531 ], [ 8.963052749633789, 45.835540771484375 ], [ 9.031665802001953, 45.823879241943359 ], [ 9.085552215576172, 45.899150848388672 ], [ 8.996664047241211, 45.973308563232422 ], [ 9.083332061767578, 46.121089935302734 ], [ 9.291940689086914, 46.323040008544922 ], [ 9.272220611572266, 46.484149932861328 ], [ 9.360830307006836, 46.508598327636719 ], [ 9.401943206787109, 46.473308563232422 ], [ 9.454442977905273, 46.509429931640625 ], [ 9.51249885559082, 46.331928253173828 ], [ 9.619441986083984, 46.293048858642578 ], [ 9.708332061767578, 46.298320770263672 ], [ 9.737495422363281, 46.357208251953125 ], [ 9.94999885559082, 46.379150390625 ], [ 10.063050270080566, 46.222759246826172 ], [ 10.159440040588379, 46.247760772705078 ], [ 10.177220344543457, 46.272480010986328 ], [ 10.109999656677246, 46.326381683349609 ], [ 10.163049697875977, 46.411930084228516 ], [ 10.050000190734863, 46.479709625244141 ], [ 10.068329811096191, 46.554988861083984 ], [ 10.105279922485352, 46.611370086669922 ], [ 10.233329772949219, 46.639980316162109 ], [ 10.30165958404541, 46.555820465087891 ], [ 10.44972038269043, 46.539150238037109 ], [ 10.48528003692627, 46.590541839599609 ], [ 10.47389030456543, 46.633319854736328 ], [ 10.405280113220215, 46.644428253173828 ], [ 10.385279655456543, 46.689418792724609 ], [ 10.447500228881836, 46.763050079345703 ], [ 10.463569641113281, 46.869350433349609 ] ], [ [ 12.407695770263672, 43.913787841796875 ], [ 12.459199905395508, 43.896099090576172 ], [ 12.487799644470215, 43.905799865722656 ], [ 12.510600090026855, 43.939201354980469 ], [ 12.510000228881836, 43.986900329589844 ], [ 12.462499618530273, 43.984699249267578 ], [ 12.408900260925293, 43.955001831054688 ], [ 12.407695770263672, 43.913787841796875 ] ] ] ] } },
{ "type": "Feature", "properties": { }, "geometry": { "type": "Polygon", "coordinates": [ [ [ 24.297130584716797, 57.736419677734375 ], [ 24.294439315795898, 57.850269317626953 ], [ 24.310049057006836, 57.870830535888672 ], [ 24.420299530029297, 57.874401092529297 ], [ 24.453100204467773, 57.913299560546875 ], [ 24.553600311279297, 57.954700469970703 ], [ 24.717800140380859, 57.958900451660156 ], [ 24.754199981689453, 58.000801086425781 ], [ 24.827499389648438, 57.979999542236328 ], [ 24.885299682617188, 58.007499694824219 ], [ 24.968099594116211, 58.014400482177734 ], [ 25.091699600219727, 58.071701049804688 ], [ 25.170000076293945, 58.07440185546875 ], [ 25.232500076293945, 57.992801666259766 ], [ 25.294399261474609, 58.007499694824219 ], [ 25.296899795532227, 58.038101196289062 ], [ 25.263099670410156, 58.069198608398438 ], [ 25.301700592041016, 58.083099365234375 ], [ 25.348300933837891, 58.036701202392578 ], [ 25.421699523925781, 58.035598754882812 ], [ 25.461099624633789, 57.994400024414062 ], [ 25.576400756835938, 57.966899871826172 ], [ 25.577199935913086, 57.94219970703125 ], [ 25.622800827026367, 57.916400909423828 ], [ 25.749200820922852, 57.931098937988281 ], [ 25.801399230957031, 57.865798950195312 ], [ 26.031400680541992, 57.849998474121094 ], [ 26.046699523925781, 57.840301513671875 ], [ 26.028600692749023, 57.802200317382812 ], [ 26.037500381469727, 57.784698486328125 ], [ 26.180299758911133, 57.721900939941406 ], [ 26.299200057983398, 57.611400604248047 ], [ 26.460300445556641, 57.570598602294922 ], [ 26.517200469970703, 57.524398803710938 ], [ 26.561100006103516, 57.536098480224609 ], [ 26.60890007019043, 57.526901245117188 ], [ 26.635000228881836, 57.555801391601562 ], [ 26.719400405883789, 57.581699371337891 ], [ 26.760799407958984, 57.571098327636719 ], [ 26.829200744628906, 57.582500457763672 ], [ 26.864400863647461, 57.625801086425781 ], [ 26.890800476074219, 57.633899688720703 ], [ 26.909999847412109, 57.61920166015625 ], [ 27.018600463867188, 57.611400604248047 ], [ 27.087200164794922, 57.562198638916016 ], [ 27.245000839233398, 57.549198150634766 ], [ 27.338300704956055, 57.522800445556641 ], [ 27.371099472045898, 57.536399841308594 ], [ 27.547199249267578, 57.536399841308594 ], [ 27.545799255371094, 57.472499847412109 ], [ 27.525600433349609, 57.44580078125 ], [ 27.538299560546875, 57.430801391601562 ], [ 27.660600662231445, 57.397499084472656 ], [ 27.862800598144531, 57.298900604248047 ], [ 27.840799331665039, 57.163600921630859 ], [ 27.701400756835938, 57.11920166015625 ], [ 27.777500152587891, 57.065799713134766 ], [ 27.74220085144043, 57.006698608398438 ], [ 27.743900299072266, 56.979400634765625 ], [ 27.701700210571289, 56.914699554443359 ], [ 27.66309928894043, 56.894699096679688 ], [ 27.639999389648438, 56.848098754882812 ], [ 27.807199478149414, 56.878898620605469 ], [ 27.860599517822266, 56.868900299072266 ], [ 27.935300827026367, 56.827201843261719 ], [ 27.933599472045898, 56.801101684570312 ], [ 27.886100769042969, 56.766101837158203 ], [ 27.886100769042969, 56.747200012207031 ], [ 28.004999160766602, 56.691398620605469 ], [ 28.010799407958984, 56.624401092529297 ], [ 28.032800674438477, 56.593101501464844 ], [ 28.152500152587891, 56.554401397705078 ], [ 28.113100051879883, 56.505599975585938 ], [ 28.189699172973633, 56.440601348876953 ], [ 28.18440055847168, 56.374698638916016 ], [ 28.237800598144531, 56.271099090576172 ], [ 28.202800750732422, 56.229698181152344 ], [ 28.194999694824219, 56.177501678466797 ], [ 28.166498184204102, 56.150318145751953 ], [ 28.11829948425293, 56.167198181152344 ], [ 28.058300018310547, 56.136398315429688 ], [ 27.929399490356445, 56.113300323486328 ], [ 27.893299102783203, 56.065601348876953 ], [ 27.795600891113281, 56.025299072265625 ], [ 27.791099548339844, 55.988899230957031 ], [ 27.647199630737305, 55.924198150634766 ], [ 27.63279914855957, 55.840599060058594 ], [ 27.601400375366211, 55.791900634765625 ], [ 27.399999618530273, 55.803901672363281 ], [ 27.350799560546875, 55.826400756835938 ], [ 27.282199859619141, 55.787200927734375 ], [ 27.156099319458008, 55.846401214599609 ], [ 26.989999771118164, 55.834701538085938 ], [ 26.908100128173828, 55.778598785400391 ], [ 26.850000381469727, 55.710800170898438 ], [ 26.74530029296875, 55.686698913574219 ], [ 26.661699295043945, 55.705799102783203 ], [ 26.614086151123047, 55.676048278808594 ], [ 26.510799407958984, 55.68389892578125 ], [ 26.338600158691406, 55.726398468017578 ], [ 26.268899917602539, 55.769401550292969 ], [ 26.198099136352539, 55.862499237060547 ], [ 25.715000152587891, 56.090000152587891 ], [ 25.684999465942383, 56.151699066162109 ], [ 25.593900680541992, 56.148101806640625 ], [ 25.546100616455078, 56.172500610351562 ], [ 25.495800018310547, 56.156700134277344 ], [ 25.327499389648438, 56.169200897216797 ], [ 25.096900939941406, 56.201099395751953 ], [ 25.047199249267578, 56.270801544189453 ], [ 25.0, 56.295600891113281 ], [ 24.922199249267578, 56.439998626708984 ], [ 24.899700164794922, 56.450599670410156 ], [ 24.872200012207031, 56.443599700927734 ], [ 24.864400863647461, 56.412799835205078 ], [ 24.726699829101562, 56.397800445556641 ], [ 24.653299331665039, 56.365798950195312 ], [ 24.558300018310547, 56.288299560546875 ], [ 24.473300933837891, 56.269199371337891 ], [ 24.339700698852539, 56.310798645019531 ], [ 24.147800445556641, 56.261398315429688 ], [ 23.94890022277832, 56.332199096679688 ], [ 23.746400833129883, 56.335800170898438 ], [ 23.741100311279297, 56.360000610351562 ], [ 23.596900939941406, 56.362201690673828 ], [ 23.525299072265625, 56.334201812744141 ], [ 23.296100616455078, 56.38079833984375 ], [ 23.171100616455078, 56.361900329589844 ], [ 23.180299758911133, 56.345600128173828 ], [ 23.096099853515625, 56.305801391601562 ], [ 23.037500381469727, 56.328601837158203 ], [ 22.992799758911133, 56.393100738525391 ], [ 22.941400527954102, 56.423900604248047 ], [ 22.827199935913086, 56.379199981689453 ], [ 22.691400527954102, 56.356700897216797 ], [ 22.623300552368164, 56.38690185546875 ], [ 22.519199371337891, 56.404399871826172 ], [ 22.248899459838867, 56.397499084472656 ], [ 22.154399871826172, 56.424198150634766 ], [ 22.06719970703125, 56.419399261474609 ], [ 21.709400177001953, 56.315299987792969 ], [ 21.591100692749023, 56.318599700927734 ], [ 21.5625, 56.293300628662109 ], [ 21.427799224853516, 56.241901397705078 ], [ 21.354400634765625, 56.240001678466797 ], [ 21.244400024414062, 56.168300628662109 ], [ 21.218099594116211, 56.090000152587891 ], [ 21.04962158203125, 56.076774597167969 ], [ 21.039169311523438, 56.127490997314453 ], [ 20.986940383911133, 56.197769165039062 ], [ 21.005830764770508, 56.482769012451172 ], [ 21.028610229492188, 56.508041381835938 ], [ 21.060279846191406, 56.384159088134766 ], [ 21.081670761108398, 56.398880004882812 ], [ 21.057779312133789, 56.510540008544922 ], [ 20.991390228271484, 56.538051605224609 ], [ 21.060550689697266, 56.841648101806641 ], [ 21.359720230102539, 56.988601684570312 ], [ 21.415550231933594, 57.069438934326172 ], [ 21.420560836791992, 57.289440155029297 ], [ 21.754999160766602, 57.583320617675781 ], [ 21.95305061340332, 57.591930389404297 ], [ 22.491939544677734, 57.742210388183594 ], [ 22.614719390869141, 57.749988555908203 ], [ 22.584159851074219, 57.676101684570312 ], [ 22.612499237060547, 57.616100311279297 ], [ 23.13722038269043, 57.363040924072266 ], [ 23.259159088134766, 57.098049163818359 ], [ 23.580549240112305, 56.978321075439453 ], [ 23.683610916137695, 56.965259552001953 ], [ 23.894439697265625, 56.995540618896484 ], [ 24.333610534667969, 57.197490692138672 ], [ 24.413059234619141, 57.272769927978516 ], [ 24.376380920410156, 57.620540618896484 ], [ 24.297130584716797, 57.736419677734375 ] ] ] } },
{ "type": "Feature", "properties": { }, "geometry": { "type": "Polygon", "coordinates": [ [ [ 22.782802581787109, 54.366657257080078 ], [ 22.07472038269043, 54.334980010986328 ], [ 21.353330612182617, 54.328319549560547 ], [ 20.641660690307617, 54.366649627685547 ], [ 19.811920166015625, 54.446048736572266 ], [ 19.939159393310547, 54.496379852294922 ], [ 19.996669769287109, 54.573318481445312 ], [ 20.06389045715332, 54.550819396972656 ], [ 20.405000686645508, 54.682769775390625 ], [ 20.238330841064453, 54.691379547119141 ], [ 20.074440002441406, 54.652759552001953 ], [ 20.011390686035156, 54.720268249511719 ], [ 19.954719543457031, 54.699428558349609 ], [ 19.944160461425781, 54.659160614013672 ], [ 19.961109161376953, 54.634429931640625 ], [ 19.665630340576172, 54.466911315917969 ], [ 19.636510848999023, 54.4710693359375 ], [ 19.864719390869141, 54.629711151123047 ], [ 19.961109161376953, 54.776931762695312 ], [ 19.919719696044922, 54.871101379394531 ], [ 19.936660766601562, 54.921100616455078 ], [ 19.985279083251953, 54.961929321289062 ], [ 20.427499771118164, 54.949428558349609 ], [ 20.698610305786133, 55.079708099365234 ], [ 21.004999160766602, 55.355819702148438 ], [ 21.092500686645508, 55.531101226806641 ], [ 21.086240768432617, 55.706298828125 ], [ 21.111160278320312, 55.668910980224609 ], [ 21.101940155029297, 55.414150238037109 ], [ 20.867500305175781, 55.179149627685547 ], [ 20.544719696044922, 54.974708557128906 ], [ 20.566389083862305, 54.937770843505859 ], [ 20.918050765991211, 54.900829315185547 ], [ 21.222499847412109, 54.931930541992188 ], [ 21.246940612792969, 54.954990386962891 ], [ 21.196390151977539, 55.114990234375 ], [ 21.18998908996582, 55.206378936767578 ], [ 21.260280609130859, 55.200550079345703 ], [ 21.274440765380859, 55.228599548339844 ], [ 21.251659393310547, 55.368038177490234 ], [ 21.182779312133789, 55.344711303710938 ], [ 21.247779846191406, 55.459148406982422 ], [ 21.058330535888672, 55.781650543212891 ], [ 21.067220687866211, 55.991378784179688 ], [ 21.04962158203125, 56.076774597167969 ], [ 21.218099594116211, 56.090000152587891 ], [ 21.244400024414062, 56.168300628662109 ], [ 21.354400634765625, 56.240001678466797 ], [ 21.427799224853516, 56.241901397705078 ], [ 21.5625, 56.293300628662109 ], [ 21.591100692749023, 56.318599700927734 ], [ 21.709400177001953, 56.315299987792969 ], [ 22.06719970703125, 56.419399261474609 ], [ 22.154399871826172, 56.424198150634766 ], [ 22.248899459838867, 56.397499084472656 ], [ 22.519199371337891, 56.404399871826172 ], [ 22.623300552368164, 56.38690185546875 ], [ 22.691400527954102, 56.356700897216797 ], [ 22.827199935913086, 56.379199981689453 ], [ 22.941400527954102, 56.423900604248047 ], [ 22.992799758911133, 56.393100738525391 ], [ 23.037500381469727, 56.328601837158203 ], [ 23.096099853515625, 56.305801391601562 ], [ 23.180299758911133, 56.345600128173828 ], [ 23.171100616455078, 56.361900329589844 ], [ 23.296100616455078, 56.38079833984375 ], [ 23.525299072265625, 56.334201812744141 ], [ 23.596900939941406, 56.362201690673828 ], [ 23.741100311279297, 56.360000610351562 ], [ 23.746400833129883, 56.335800170898438 ], [ 23.94890022277832, 56.332199096679688 ], [ 24.147800445556641, 56.261398315429688 ], [ 24.339700698852539, 56.310798645019531 ], [ 24.473300933837891, 56.269199371337891 ], [ 24.558300018310547, 56.288299560546875 ], [ 24.653299331665039, 56.365798950195312 ], [ 24.726699829101562, 56.397800445556641 ], [ 24.864400863647461, 56.412799835205078 ], [ 24.872200012207031, 56.443599700927734 ], [ 24.899700164794922, 56.450599670410156 ], [ 24.922199249267578, 56.439998626708984 ], [ 25.0, 56.295600891113281 ], [ 25.047199249267578, 56.270801544189453 ], [ 25.096900939941406, 56.201099395751953 ], [ 25.327499389648438, 56.169200897216797 ], [ 25.495800018310547, 56.156700134277344 ], [ 25.546100616455078, 56.172500610351562 ], [ 25.593900680541992, 56.148101806640625 ], [ 25.684999465942383, 56.151699066162109 ], [ 25.715000152587891, 56.090000152587891 ], [ 26.198099136352539, 55.862499237060547 ], [ 26.268899917602539, 55.769401550292969 ], [ 26.338600158691406, 55.726398468017578 ], [ 26.510799407958984, 55.68389892578125 ], [ 26.614086151123047, 55.676048278808594 ], [ 26.626699447631836, 55.593101501464844 ], [ 26.545000076293945, 55.511100769042969 ], [ 26.569400787353516, 55.468299865722656 ], [ 26.523599624633789, 55.443901062011719 ], [ 26.502500534057617, 55.389999389648438 ], [ 26.455799102783203, 55.341400146484375 ], [ 26.55470085144043, 55.313098907470703 ], [ 26.631399154663086, 55.331100463867188 ], [ 26.766899108886719, 55.3135986328125 ], [ 26.819700241088867, 55.281101226806641 ], [ 26.775299072265625, 55.250598907470703 ], [ 26.713300704956055, 55.243099212646484 ], [ 26.668600082397461, 55.218101501464844 ], [ 26.641700744628906, 55.190799713134766 ], [ 26.641700744628906, 55.142501831054688 ], [ 26.615800857543945, 55.124698638916016 ], [ 26.481700897216797, 55.154998779296875 ], [ 26.450300216674805, 55.132801055908203 ], [ 26.284200668334961, 55.148101806640625 ], [ 26.253299713134766, 55.123600006103516 ], [ 26.248300552368164, 55.071098327636719 ], [ 26.219400405883789, 55.029998779296875 ], [ 26.160800933837891, 54.977199554443359 ], [ 25.88170051574707, 54.944198608398438 ], [ 25.862499237060547, 54.910800933837891 ], [ 25.788900375366211, 54.87030029296875 ], [ 25.803600311279297, 54.813899993896484 ], [ 25.736700057983398, 54.789398193359375 ], [ 25.749200820922852, 54.728298187255859 ], [ 25.727199554443359, 54.666698455810547 ], [ 25.764200210571289, 54.579200744628906 ], [ 25.648899078369141, 54.517501831054688 ], [ 25.633100509643555, 54.477798461914062 ], [ 25.63640022277832, 54.427200317382812 ], [ 25.557199478149414, 54.366100311279297 ], [ 25.547500610351562, 54.328601837158203 ], [ 25.611099243164062, 54.3114013671875 ], [ 25.714199066162109, 54.331100463867188 ], [ 25.727199554443359, 54.290599822998047 ], [ 25.770299911499023, 54.287799835205078 ], [ 25.80780029296875, 54.248100280761719 ], [ 25.787200927734375, 54.218101501464844 ], [ 25.785299301147461, 54.160598754882812 ], [ 25.700300216674805, 54.154701232910156 ], [ 25.669200897216797, 54.136100769042969 ], [ 25.534400939941406, 54.146900177001953 ], [ 25.50469970703125, 54.183101654052734 ], [ 25.547800064086914, 54.203300476074219 ], [ 25.518299102783203, 54.225799560546875 ], [ 25.577199935913086, 54.240299224853516 ], [ 25.492799758911133, 54.305301666259766 ], [ 25.451900482177734, 54.299701690673828 ], [ 25.391700744628906, 54.25579833984375 ], [ 25.217800140380859, 54.264400482177734 ], [ 25.209400177001953, 54.229999542236328 ], [ 25.161899566650391, 54.172500610351562 ], [ 25.0718994140625, 54.134700775146484 ], [ 25.02440071105957, 54.131099700927734 ], [ 24.968900680541992, 54.158599853515625 ], [ 24.840299606323242, 54.142200469970703 ], [ 24.835599899291992, 54.113601684570312 ], [ 24.795600891113281, 54.101398468017578 ], [ 24.840599060058594, 54.034400939941406 ], [ 24.82080078125, 53.977199554443359 ], [ 24.727800369262695, 53.968601226806641 ], [ 24.691699981689453, 54.001701354980469 ], [ 24.612199783325195, 53.992198944091797 ], [ 24.386899948120117, 53.888599395751953 ], [ 24.332500457763672, 53.906101226806641 ], [ 24.277799606323242, 53.899700164794922 ], [ 24.231399536132812, 53.953098297119141 ], [ 24.175600051879883, 53.967498779296875 ], [ 24.088600158691406, 53.9375 ], [ 23.986099243164062, 53.938899993896484 ], [ 23.934999465942383, 53.955799102783203 ], [ 23.833599090576172, 53.925800323486328 ], [ 23.787500381469727, 53.938098907470703 ], [ 23.779699325561523, 53.917800903320312 ], [ 23.719999313354492, 53.926700592041016 ], [ 23.644399642944336, 53.904701232910156 ], [ 23.579200744628906, 53.936100006103516 ], [ 23.503747940063477, 53.947162628173828 ], [ 23.474990844726562, 53.995258331298828 ], [ 23.517780303955078, 54.030269622802734 ], [ 23.484439849853516, 54.138320922851562 ], [ 23.341939926147461, 54.243320465087891 ], [ 23.066110610961914, 54.308040618896484 ], [ 23.0, 54.383041381835938 ], [ 22.863330841064453, 54.408588409423828 ], [ 22.782802581787109, 54.366657257080078 ] ] ] } },
{ "type": "Feature", "properties": { }, "geometry": { "type": "Polygon", "coordinates": [ [ [ 5.783038139343262, 49.527271270751953 ], [ 5.839999198913574, 49.552211761474609 ], [ 5.899166107177734, 49.662761688232422 ], [ 5.820555210113525, 49.749149322509766 ], [ 5.746665954589844, 49.795269012451172 ], [ 5.75333309173584, 49.849151611328125 ], [ 5.7311110496521, 49.894149780273438 ], [ 5.808331966400146, 49.961101531982422 ], [ 5.819721221923828, 50.009708404541016 ], [ 5.980000019073486, 50.172210693359375 ], [ 6.106943130493164, 50.167758941650391 ], [ 6.131833076477051, 50.125530242919922 ], [ 6.139721870422363, 49.996650695800781 ], [ 6.326665878295898, 49.839710235595703 ], [ 6.52222204208374, 49.811100006103516 ], [ 6.510554790496826, 49.706378936767578 ], [ 6.372498989105225, 49.590259552001953 ], [ 6.362220764160156, 49.459980010986328 ], [ 6.165277004241943, 49.504711151123047 ], [ 5.981388092041016, 49.448318481445312 ], [ 5.963333129882812, 49.488319396972656 ], [ 5.783038139343262, 49.527271270751953 ] ] ] } },
{ "type": "Feature", "properties": { }, "geometry": { "type": "Polygon", "coordinates": [ [ [ 20.58964729309082, 41.884552001953125 ], [ 20.63170051574707, 41.855800628662109 ], [ 20.670000076293945, 41.871898651123047 ], [ 20.702499389648438, 41.856098175048828 ], [ 20.733100891113281, 41.863899230957031 ], [ 20.777200698852539, 41.92559814453125 ], [ 20.759199142456055, 41.993301391601562 ], [ 20.792800903320312, 42.082500457763672 ], [ 21.033599853515625, 42.151100158691406 ], [ 21.104700088500977, 42.198898315429688 ], [ 21.141899108886719, 42.198101043701172 ], [ 21.215299606323242, 42.150001525878906 ], [ 21.248300552368164, 42.099700927734375 ], [ 21.313100814819336, 42.093601226806641 ], [ 21.32859992980957, 42.108100891113281 ], [ 21.306100845336914, 42.151401519775391 ], [ 21.348100662231445, 42.195598602294922 ], [ 21.439399719238281, 42.229698181152344 ], [ 21.459999084472656, 42.262500762939453 ], [ 21.510000228881836, 42.264701843261719 ], [ 21.557199478149414, 42.243598937988281 ], [ 21.609775543212891, 42.253181457519531 ], [ 21.738300323486328, 42.237499237060547 ], [ 21.788600921630859, 42.263301849365234 ], [ 21.804399490356445, 42.300800323486328 ], [ 21.850299835205078, 42.330799102783203 ], [ 21.926399230957031, 42.30670166015625 ], [ 21.995800018310547, 42.325599670410156 ], [ 22.08329963684082, 42.30059814453125 ], [ 22.124700546264648, 42.319698333740234 ], [ 22.194999694824219, 42.315299987792969 ], [ 22.221900939941406, 42.341701507568359 ], [ 22.324399948120117, 42.361400604248047 ], [ 22.609439849853516, 42.103321075439453 ], [ 22.803329467773438, 42.047771453857422 ], [ 22.947490692138672, 41.802478790283203 ], [ 23.01276969909668, 41.765270233154297 ], [ 23.031389236450195, 41.720539093017578 ], [ 22.985549926757812, 41.661369323730469 ], [ 22.964990615844727, 41.394428253173828 ], [ 22.935949325561523, 41.343299865722656 ], [ 22.801380157470703, 41.344150543212891 ], [ 22.720550537109375, 41.14276123046875 ], [ 22.653879165649414, 41.185260772705078 ], [ 22.590269088745117, 41.119979858398438 ], [ 22.468879699707031, 41.121650695800781 ], [ 22.246940612792969, 41.170539855957031 ], [ 22.131099700927734, 41.124980926513672 ], [ 22.066659927368164, 41.158321380615234 ], [ 21.916109085083008, 41.095260620117188 ], [ 21.780269622802734, 40.928871154785156 ], [ 21.694440841674805, 40.938030242919922 ], [ 21.672489166259766, 40.901920318603516 ], [ 21.471660614013672, 40.910541534423828 ], [ 21.343050003051758, 40.871929168701172 ], [ 20.983249664306641, 40.857021331787109 ], [ 20.982999801635742, 40.893878936767578 ], [ 20.858879089355469, 40.933319091796875 ], [ 20.807500839233398, 40.900260925292969 ], [ 20.733879089355469, 40.911930084228516 ], [ 20.669990539550781, 41.088039398193359 ], [ 20.597490310668945, 41.094150543212891 ], [ 20.493320465087891, 41.327480316162109 ], [ 20.562210083007812, 41.40386962890625 ], [ 20.462490081787109, 41.553600311279297 ], [ 20.555269241333008, 41.584709167480469 ], [ 20.51416015625, 41.727760314941406 ], [ 20.58964729309082, 41.884552001953125 ] ] ] } },
{ "type": "Feature", "properties": { }, "geometry": { "type": "Polygon", "coordinates": [ [ [ 26.635000228881836, 48.240871429443359 ], [ 26.648899078369141, 48.298099517822266 ], [ 26.688299179077148, 48.311698913574219 ], [ 26.703100204467773, 48.344699859619141 ], [ 26.750600814819336, 48.299400329589844 ], [ 26.803300857543945, 48.297199249267578 ], [ 26.810800552368164, 48.3218994140625 ], [ 26.791400909423828, 48.381698608398438 ], [ 26.835800170898438, 48.378898620605469 ], [ 26.853900909423828, 48.404998779296875 ], [ 26.968900680541992, 48.358600616455078 ], [ 27.049400329589844, 48.365001678466797 ], [ 27.053600311279297, 48.406898498535156 ], [ 27.23390007019043, 48.367801666259766 ], [ 27.270299911499023, 48.378898620605469 ], [ 27.343099594116211, 48.442798614501953 ], [ 27.392200469970703, 48.438899993896484 ], [ 27.418899536132812, 48.416698455810547 ], [ 27.599700927734375, 48.486698150634766 ], [ 27.607200622558594, 48.454399108886719 ], [ 27.653299331665039, 48.441699981689453 ], [ 27.77079963684082, 48.447799682617188 ], [ 27.870000839233398, 48.398300170898438 ], [ 27.904109954833984, 48.354270935058594 ], [ 27.963100433349609, 48.325000762939453 ], [ 28.085599899291992, 48.307498931884766 ], [ 28.096700668334961, 48.288600921630859 ], [ 28.081899642944336, 48.243301391601562 ], [ 28.094400405883789, 48.229400634765625 ], [ 28.12809944152832, 48.231700897216797 ], [ 28.165599822998047, 48.257499694824219 ], [ 28.181900024414062, 48.249698638916016 ], [ 28.187200546264648, 48.215599060058594 ], [ 28.222499847412109, 48.205299377441406 ], [ 28.295000076293945, 48.23809814453125 ], [ 28.356700897216797, 48.241100311279297 ], [ 28.370599746704102, 48.196098327636719 ], [ 28.312799453735352, 48.139400482177734 ], [ 28.345600128173828, 48.126899719238281 ], [ 28.388599395751953, 48.163898468017578 ], [ 28.418600082397461, 48.169399261474609 ], [ 28.438100814819336, 48.138301849365234 ], [ 28.421699523925781, 48.118598937988281 ], [ 28.460800170898438, 48.071399688720703 ], [ 28.477500915527344, 48.118301391601562 ], [ 28.551399230957031, 48.160598754882812 ], [ 28.642499923706055, 48.153598785400391 ], [ 28.81559944152832, 48.12139892578125 ], [ 28.833099365234375, 48.101699829101562 ], [ 28.827499389648438, 48.078899383544922 ], [ 28.853900909423828, 48.055599212646484 ], [ 28.851699829101562, 48.031898498535156 ], [ 28.956100463867188, 47.950000762939453 ], [ 29.003599166870117, 47.933101654052734 ], [ 29.050800323486328, 47.939399719238281 ], [ 29.080600738525391, 47.982799530029297 ], [ 29.141899108886719, 47.986099243164062 ], [ 29.1781005859375, 47.951900482177734 ], [ 29.193599700927734, 47.895000457763672 ], [ 29.257499694824219, 47.874698638916016 ], [ 29.19420051574707, 47.80889892578125 ], [ 29.194999694824219, 47.793098449707031 ], [ 29.249200820922852, 47.779998779296875 ], [ 29.258100509643555, 47.764400482177734 ], [ 29.208099365234375, 47.718101501464844 ], [ 29.205600738525391, 47.632198333740234 ], [ 29.131399154663086, 47.544200897216797 ], [ 29.186700820922852, 47.439998626708984 ], [ 29.252500534057617, 47.455299377441406 ], [ 29.262500762939453, 47.431900024414062 ], [ 29.30780029296875, 47.414398193359375 ], [ 29.322799682617188, 47.37860107421875 ], [ 29.354400634765625, 47.380001068115234 ], [ 29.380300521850586, 47.357799530029297 ], [ 29.379400253295898, 47.3218994140625 ], [ 29.405599594116211, 47.294998168945312 ], [ 29.475000381469727, 47.292198181152344 ], [ 29.505800247192383, 47.346401214599609 ], [ 29.55940055847168, 47.342800140380859 ], [ 29.584999084472656, 47.319698333740234 ], [ 29.599199295043945, 47.263301849365234 ], [ 29.556699752807617, 47.233100891113281 ], [ 29.571399688720703, 47.140800476074219 ], [ 29.49690055847168, 47.118301391601562 ], [ 29.539400100708008, 47.066898345947266 ], [ 29.569700241088867, 47.098598480224609 ], [ 29.61359977722168, 47.084400177001953 ], [ 29.623600006103516, 47.046100616455078 ], [ 29.593299865722656, 47.025299072265625 ], [ 29.575599670410156, 46.943099975585938 ], [ 29.715299606323242, 46.911701202392578 ], [ 29.76140022277832, 46.866401672363281 ], [ 29.868900299072266, 46.861400604248047 ], [ 29.908899307250977, 46.814201354980469 ], [ 29.950000762939453, 46.814201354980469 ], [ 29.946399688720703, 46.789199829101562 ], [ 29.972799301147461, 46.734401702880859 ], [ 29.948299407958984, 46.63690185546875 ], [ 29.968900680541992, 46.575298309326172 ], [ 29.89579963684082, 46.551101684570312 ], [ 29.898599624633789, 46.529998779296875 ], [ 29.970600128173828, 46.48809814453125 ], [ 29.998899459838867, 46.496101379394531 ], [ 30.018600463867188, 46.469699859619141 ], [ 30.006900787353516, 46.456699371337891 ], [ 30.073099136352539, 46.422798156738281 ], [ 30.134199142456055, 46.415599822998047 ], [ 30.103900909423828, 46.381900787353516 ], [ 29.930000305175781, 46.383598327636719 ], [ 29.884700775146484, 46.351100921630859 ], [ 29.848300933837891, 46.348300933837891 ], [ 29.827199935913086, 46.361698150634766 ], [ 29.830299377441406, 46.388099670410156 ], [ 29.801700592041016, 46.42559814453125 ], [ 29.733299255371094, 46.478099822998047 ], [ 29.733100891113281, 46.439399719238281 ], [ 29.663299560546875, 46.428600311279297 ], [ 29.672800064086914, 46.391399383544922 ], [ 29.626699447631836, 46.36920166015625 ], [ 29.590799331665039, 46.38330078125 ], [ 29.576099395751953, 46.419998168945312 ], [ 29.499700546264648, 46.432201385498047 ], [ 29.507499694824219, 46.481098175048828 ], [ 29.483600616455078, 46.492198944091797 ], [ 29.396099090576172, 46.438098907470703 ], [ 29.393100738525391, 46.416099548339844 ], [ 29.347499847412109, 46.476398468017578 ], [ 29.32390022277832, 46.476398468017578 ], [ 29.300800323486328, 46.444999694824219 ], [ 29.306699752807617, 46.402198791503906 ], [ 29.263900756835938, 46.398601531982422 ], [ 29.224199295043945, 46.365299224853516 ], [ 29.200799942016602, 46.381401062011719 ], [ 29.226400375366211, 46.416900634765625 ], [ 29.219400405883789, 46.532798767089844 ], [ 29.204999923706055, 46.541400909423828 ], [ 29.034700393676758, 46.49530029296875 ], [ 28.932199478149414, 46.428298950195312 ], [ 28.965000152587891, 46.311901092529297 ], [ 28.949399948120117, 46.270801544189453 ], [ 29.041099548339844, 46.193901062011719 ], [ 28.957199096679688, 46.105598449707031 ], [ 28.980600357055664, 46.029701232910156 ], [ 28.971900939941406, 46.006698608398438 ], [ 28.755800247192383, 45.959999084472656 ], [ 28.747800827026367, 45.92919921875 ], [ 28.768899917602539, 45.866901397705078 ], [ 28.75469970703125, 45.838600158691406 ], [ 28.688899993896484, 45.818901062011719 ], [ 28.694700241088867, 45.794399261474609 ], [ 28.675300598144531, 45.775299072265625 ], [ 28.583599090576172, 45.763099670410156 ], [ 28.582500457763672, 45.719699859619141 ], [ 28.526899337768555, 45.714199066162109 ], [ 28.489400863647461, 45.665000915527344 ], [ 28.528299331665039, 45.644699096679688 ], [ 28.533599853515625, 45.607200622558594 ], [ 28.556100845336914, 45.586700439453125 ], [ 28.51140022277832, 45.569198608398438 ], [ 28.530300140380859, 45.543598175048828 ], [ 28.522800445556641, 45.517799377441406 ], [ 28.477500915527344, 45.506401062011719 ], [ 28.283899307250977, 45.525299072265625 ], [ 28.238100051879883, 45.503299713134766 ], [ 28.212018966674805, 45.448200225830078 ], [ 28.165000915527344, 45.533599853515625 ], [ 28.061939239501953, 45.589981079101562 ], [ 28.161380767822266, 45.639430999755859 ], [ 28.107490539550781, 45.835819244384766 ], [ 28.129720687866211, 45.867488861083984 ], [ 28.084440231323242, 46.011661529541016 ], [ 28.25193977355957, 46.439418792724609 ], [ 28.209430694580078, 46.502490997314453 ], [ 28.247209548950195, 46.608318328857422 ], [ 28.071109771728516, 46.991100311279297 ], [ 27.992490768432617, 47.028591156005859 ], [ 27.806940078735352, 47.163600921630859 ], [ 27.572219848632812, 47.371089935302734 ], [ 27.579439163208008, 47.454700469970703 ], [ 27.469709396362305, 47.488590240478516 ], [ 27.466379165649414, 47.523868560791016 ], [ 27.321939468383789, 47.641651153564453 ], [ 27.289440155029297, 47.723590850830078 ], [ 27.238330841064453, 47.785259246826172 ], [ 27.164440155029297, 47.967758178710938 ], [ 27.00054931640625, 48.155540466308594 ], [ 26.894439697265625, 48.204700469970703 ], [ 26.707769393920898, 48.253318786621094 ], [ 26.635000228881836, 48.240871429443359 ] ] ] } },
{ "type": "Feature", "properties": { }, "geometry": { "type": "MultiPolygon", "coordinates": [ [ [ [ 4.230011940002441, 51.357219696044922 ], [ 4.214999198913574, 51.330268859863281 ], [ 3.957221984863281, 51.216091156005859 ], [ 3.806387901306152, 51.216930389404297 ], [ 3.793055057525635, 51.261928558349609 ], [ 3.524722099304199, 51.288318634033203 ], [ 3.524166107177734, 51.250541687011719 ], [ 3.439166069030762, 51.244430541992188 ], [ 3.36388897895813, 51.3135986328125 ], [ 3.370645999908447, 51.37554931640625 ], [ 3.44333291053772, 51.392768859863281 ], [ 3.601110935211182, 51.391929626464844 ], [ 3.832777976989746, 51.341648101806641 ], [ 3.961389064788818, 51.369709014892578 ], [ 3.98194408416748, 51.407211303710938 ], [ 4.210833072662354, 51.372489929199219 ], [ 4.230011940002441, 51.357219696044922 ] ] ], [ [ [ 5.855464935302734, 51.147819519042969 ], [ 5.45777702331543, 51.280540466308594 ], [ 5.238887786865234, 51.262210845947266 ], [ 5.237499237060547, 51.308319091796875 ], [ 5.143887996673584, 51.318599700927734 ], [ 5.077221870422363, 51.395259857177734 ], [ 5.104444026947021, 51.434978485107422 ], [ 5.041388034820557, 51.486648559570312 ], [ 4.940276145935059, 51.401371002197266 ], [ 4.782776832580566, 51.414699554443359 ], [ 4.816387176513672, 51.425540924072266 ], [ 4.844721794128418, 51.461368560791016 ], [ 4.825831890106201, 51.492210388183594 ], [ 4.769165992736816, 51.502769470214844 ], [ 4.671665191650391, 51.427478790283203 ], [ 4.541944026947021, 51.426651000976562 ], [ 4.549442768096924, 51.482761383056641 ], [ 4.411665916442871, 51.456928253173828 ], [ 4.396667003631592, 51.41693115234375 ], [ 4.437777042388916, 51.375259399414062 ], [ 4.4130539894104, 51.358039855957031 ], [ 4.236443042755127, 51.368770599365234 ], [ 4.200276851654053, 51.408039093017578 ], [ 4.066388130187988, 51.414150238037109 ], [ 3.983611106872559, 51.456378936767578 ], [ 3.930277109146118, 51.448600769042969 ], [ 3.906666040420532, 51.399990081787109 ], [ 3.744165897369385, 51.414710998535156 ], [ 3.691389083862305, 51.458599090576172 ], [ 3.580276966094971, 51.443599700927734 ], [ 3.452500104904175, 51.521099090576172 ], [ 3.446388959884644, 51.54193115234375 ], [ 3.568888902664185, 51.597209930419922 ], [ 3.862499952316284, 51.602210998535156 ], [ 4.111111164093018, 51.443599700927734 ], [ 4.277222156524658, 51.445270538330078 ], [ 4.2936110496521, 51.468318939208984 ], [ 4.26694393157959, 51.508319854736328 ], [ 3.99555492401123, 51.579429626464844 ], [ 4.027499198913574, 51.601100921630859 ], [ 4.208611011505127, 51.589988708496094 ], [ 4.153889179229736, 51.614429473876953 ], [ 3.899167060852051, 51.635269165039062 ], [ 3.828610897064209, 51.691379547119141 ], [ 3.720555067062378, 51.672489166259766 ], [ 3.687777996063232, 51.689430236816406 ], [ 3.693610906600952, 51.720829010009766 ], [ 4.064166069030762, 51.857490539550781 ], [ 4.026111125946045, 51.884159088134766 ], [ 4.052220821380615, 51.915271759033203 ], [ 4.021111011505127, 51.988040924072266 ], [ 4.111111164093018, 51.985538482666016 ], [ 4.435832977294922, 52.246658325195312 ], [ 4.588611125946045, 52.489429473876953 ], [ 4.734166145324707, 52.955539703369141 ], [ 4.820555210113525, 52.960819244384766 ], [ 4.808610916137695, 52.924160003662109 ], [ 4.872498989105225, 52.897209167480469 ], [ 5.085833072662354, 52.955268859863281 ], [ 5.378611087799072, 53.091648101806641 ], [ 5.442499160766602, 53.211929321289062 ], [ 5.703609943389893, 53.327491760253906 ], [ 5.914997100830078, 53.384151458740234 ], [ 6.09250020980835, 53.410820007324219 ], [ 6.303610801696777, 53.395820617675781 ], [ 6.741943836212158, 53.4658203125 ], [ 6.871387958526611, 53.431930541992188 ], [ 6.90166711807251, 53.350269317626953 ], [ 7.073888778686523, 53.288051605224609 ], [ 7.096388816833496, 53.254711151123047 ], [ 7.209444046020508, 53.242759704589844 ], [ 7.198887825012207, 52.967758178710938 ], [ 7.069721221923828, 52.814990997314453 ], [ 7.055276870727539, 52.651920318603516 ], [ 7.035831928253174, 52.632759094238281 ], [ 6.781665802001953, 52.654148101806641 ], [ 6.720832824707031, 52.629428863525391 ], [ 6.760832786560059, 52.567211151123047 ], [ 6.690276145935059, 52.551929473876953 ], [ 6.705554962158203, 52.485820770263672 ], [ 6.946109771728516, 52.434429168701172 ], [ 6.987499237060547, 52.461101531982422 ], [ 7.065555095672607, 52.385818481445312 ], [ 7.052498817443848, 52.235820770263672 ], [ 6.879721164703369, 52.153591156005859 ], [ 6.860555171966553, 52.120258331298828 ], [ 6.697497844696045, 52.069980621337891 ], [ 6.688054084777832, 52.03887939453125 ], [ 6.800553798675537, 52.007209777832031 ], [ 6.830832004547119, 51.971370697021484 ], [ 6.727777004241943, 51.899429321289062 ], [ 6.548888206481934, 51.885261535644531 ], [ 6.380277156829834, 51.829990386962891 ], [ 6.159720897674561, 51.905540466308594 ], [ 6.137776851654053, 51.876930236816406 ], [ 6.169721126556396, 51.841930389404297 ], [ 5.961944103240967, 51.830268859863281 ], [ 5.954998970031738, 51.738590240478516 ], [ 6.039165019989014, 51.716930389404297 ], [ 6.029444217681885, 51.678600311279297 ], [ 6.116109848022461, 51.651920318603516 ], [ 6.09305477142334, 51.607208251953125 ], [ 6.217498779296875, 51.476371765136719 ], [ 6.222220897674561, 51.361660003662109 ], [ 6.073888778686523, 51.220539093017578 ], [ 6.07944393157959, 51.175819396972656 ], [ 6.167221069335938, 51.162761688232422 ], [ 5.952221870422363, 51.036651611328125 ], [ 5.87388801574707, 51.050258636474609 ], [ 5.869442939758301, 51.018878936767578 ], [ 5.965833187103271, 50.978321075439453 ], [ 6.028333187103271, 50.976650238037109 ], [ 6.010832786560059, 50.943599700927734 ], [ 6.08472204208374, 50.873600006103516 ], [ 5.981666088104248, 50.802761077880859 ], [ 6.008407115936279, 50.756069183349609 ], [ 5.698608875274658, 50.757770538330078 ], [ 5.683742046356201, 50.882190704345703 ], [ 5.75916576385498, 50.949150085449219 ], [ 5.722775936126709, 50.965259552001953 ], [ 5.775832176208496, 51.021099090576172 ], [ 5.802775859832764, 51.093318939208984 ], [ 5.855464935302734, 51.147819519042969 ] ] ] ] } },
{ "type": "Feature", "properties": { }, "geometry": { "type": "MultiPolygon", "coordinates": [ [ [ [ 15.477780342102051, 68.877761840820312 ], [ 15.420280456542969, 68.911087036132812 ], [ 15.42278003692627, 68.979423522949219 ], [ 15.560279846191406, 69.094703674316406 ], [ 15.974720001220703, 69.280807495117188 ], [ 16.111940383911133, 69.312759399414062 ], [ 16.153890609741211, 69.276092529296875 ], [ 16.08860969543457, 69.157760620117188 ], [ 15.863889694213867, 69.026092529296875 ], [ 15.623889923095703, 68.98052978515625 ], [ 15.541939735412598, 69.012191772460938 ], [ 15.573060035705566, 68.965812683105469 ], [ 15.477780342102051, 68.877761840820312 ] ] ], [ [ [ 19.901660919189453, 70.053306579589844 ], [ 19.770000457763672, 70.065261840820312 ], [ 19.680830001831055, 70.193038940429688 ], [ 19.581939697265625, 70.256362915039062 ], [ 19.673610687255859, 70.287750244140625 ], [ 19.803049087524414, 70.173309326171875 ], [ 19.838329315185547, 70.16802978515625 ], [ 19.868049621582031, 70.210533142089844 ], [ 19.93943977355957, 70.189971923828125 ], [ 19.929719924926758, 70.164703369140625 ], [ 20.154439926147461, 70.114967346191406 ], [ 19.901660919189453, 70.053306579589844 ] ] ], [ [ [ 23.009159088134766, 70.249420166015625 ], [ 22.468610763549805, 70.286636352539062 ], [ 22.372499465942383, 70.329696655273438 ], [ 22.389440536499023, 70.349983215332031 ], [ 22.664440155029297, 70.391372680664062 ], [ 22.693330764770508, 70.37664794921875 ], [ 22.697780609130859, 70.3338623046875 ], [ 22.723609924316406, 70.334136962890625 ], [ 22.739170074462891, 70.388870239257812 ], [ 23.00054931640625, 70.282760620117188 ], [ 23.009159088134766, 70.249420166015625 ] ] ], [ [ [ 8.319442749023438, 63.660259246826172 ], [ 8.269998550415039, 63.678878784179688 ], [ 8.786664962768555, 63.811100006103516 ], [ 8.826665878295898, 63.716930389404297 ], [ 8.774721145629883, 63.692760467529297 ], [ 8.319442749023438, 63.660259246826172 ] ] ], [ [ [ 17.040830612182617, 69.011367797851562 ], [ 17.136110305786133, 69.0697021484375 ], [ 16.811660766601562, 69.049697875976562 ], [ 16.767499923706055, 69.090263366699219 ], [ 16.801389694213867, 69.116363525390625 ], [ 17.045280456542969, 69.128860473632812 ], [ 17.17388916015625, 69.195823669433594 ], [ 16.895549774169922, 69.192466735839844 ], [ 16.875829696655273, 69.221359252929688 ], [ 17.122779846191406, 69.246368408203125 ], [ 16.896659851074219, 69.299697875976562 ], [ 17.115829467773438, 69.326103210449219 ], [ 17.085550308227539, 69.357192993164062 ], [ 16.876110076904297, 69.356086730957031 ], [ 17.025550842285156, 69.397750854492188 ], [ 17.384719848632812, 69.360809326171875 ], [ 17.377769470214844, 69.381088256835938 ], [ 17.285270690917969, 69.410812377929688 ], [ 17.480829238891602, 69.419692993164062 ], [ 17.481670379638672, 69.430252075195312 ], [ 17.261110305786133, 69.444427490234375 ], [ 17.186939239501953, 69.490806579589844 ], [ 17.212779998779297, 69.500259399414062 ], [ 17.379720687866211, 69.473587036132812 ], [ 17.301670074462891, 69.526092529296875 ], [ 17.401939392089844, 69.523033142089844 ], [ 17.590000152587891, 69.45526123046875 ], [ 17.610830307006836, 69.474700927734375 ], [ 17.459440231323242, 69.564697265625 ], [ 17.469169616699219, 69.597747802734375 ], [ 17.538610458374023, 69.580810546875 ], [ 17.62554931640625, 69.503036499023438 ], [ 17.696390151977539, 69.51275634765625 ], [ 17.652219772338867, 69.588592529296875 ], [ 17.693050384521484, 69.594970703125 ], [ 17.747779846191406, 69.538589477539062 ], [ 17.829439163208008, 69.588027954101562 ], [ 17.88861083984375, 69.547470092773438 ], [ 17.822500228881836, 69.461357116699219 ], [ 17.845550537109375, 69.4447021484375 ], [ 17.948329925537109, 69.522750854492188 ], [ 18.053049087524414, 69.490806579589844 ], [ 17.943050384521484, 69.42608642578125 ], [ 18.002780914306641, 69.404983520507812 ], [ 18.019720077514648, 69.441650390625 ], [ 18.074169158935547, 69.430816650390625 ], [ 18.100830078125, 69.3580322265625 ], [ 17.917499542236328, 69.325531005859375 ], [ 17.921110153198242, 69.286636352539062 ], [ 17.968610763549805, 69.256637573242188 ], [ 17.875829696655273, 69.239700317382812 ], [ 18.005550384521484, 69.196372985839844 ], [ 17.901390075683594, 69.16802978515625 ], [ 17.485279083251953, 69.151092529296875 ], [ 17.525829315185547, 69.195533752441406 ], [ 17.469440460205078, 69.20025634765625 ], [ 17.173330307006836, 69.066650390625 ], [ 17.201389312744141, 69.023857116699219 ], [ 17.040830612182617, 69.011367797851562 ] ] ], [ [ [ 13.489439964294434, 68.043586730957031 ], [ 13.44972038269043, 68.067466735839844 ], [ 13.587220191955566, 68.1544189453125 ], [ 13.483059883117676, 68.18109130859375 ], [ 13.633330345153809, 68.211357116699219 ], [ 13.514439582824707, 68.234703063964844 ], [ 13.659720420837402, 68.286361694335938 ], [ 14.094169616699219, 68.258033752441406 ], [ 14.119440078735352, 68.22442626953125 ], [ 13.919170379638672, 68.16497802734375 ], [ 13.775279998779297, 68.153030395507812 ], [ 13.847499847412109, 68.126922607421875 ], [ 13.844719886779785, 68.108306884765625 ], [ 13.68556022644043, 68.061920166015625 ], [ 13.594719886779785, 68.121368408203125 ], [ 13.489439964294434, 68.043586730957031 ] ] ], [ [ [ 19.084440231323242, 69.80108642578125 ], [ 18.955280303955078, 69.870246887207031 ], [ 18.73805046081543, 69.920806884765625 ], [ 18.721109390258789, 69.939971923828125 ], [ 18.931110382080078, 69.962753295898438 ], [ 18.853330612182617, 69.977203369140625 ], [ 18.829170227050781, 70.000259399414062 ], [ 19.025550842285156, 70.03692626953125 ], [ 19.071390151977539, 70.012481689453125 ], [ 19.117219924926758, 70.024139404296875 ], [ 19.063610076904297, 70.068313598632812 ], [ 19.316389083862305, 70.081916809082031 ], [ 19.288890838623047, 70.040817260742188 ], [ 19.394170761108398, 69.988861083984375 ], [ 19.486940383911133, 70.047760009765625 ], [ 19.561660766601562, 70.048027038574219 ], [ 19.571659088134766, 69.994140625 ], [ 19.651939392089844, 70.020248413085938 ], [ 19.691940307617188, 69.994712829589844 ], [ 19.681390762329102, 69.975807189941406 ], [ 19.430000305175781, 69.862762451171875 ], [ 19.395000457763672, 69.8277587890625 ], [ 19.084440231323242, 69.80108642578125 ] ] ], [ [ [ 20.593889236450195, 70.043586730957031 ], [ 20.593889236450195, 70.098861694335938 ], [ 20.467500686645508, 70.05914306640625 ], [ 20.398330688476562, 70.079147338867188 ], [ 20.401100158691406, 70.1463623046875 ], [ 20.430000305175781, 70.18414306640625 ], [ 20.577770233154297, 70.231086730957031 ], [ 20.752500534057617, 70.234153747558594 ], [ 20.823610305786133, 70.2088623046875 ], [ 20.825830459594727, 70.181640625 ], [ 20.770830154418945, 70.1160888671875 ], [ 20.794719696044922, 70.0596923828125 ], [ 20.593889236450195, 70.043586730957031 ] ] ], [ [ [ 25.55194091796875, 70.923858642578125 ], [ 25.416660308837891, 70.982192993164062 ], [ 25.560829162597656, 71.0072021484375 ], [ 25.462779998779297, 71.025253295898438 ], [ 25.32611083984375, 71.006637573242188 ], [ 25.294439315795898, 71.042213439941406 ], [ 25.55027961730957, 71.096916198730469 ], [ 25.718610763549805, 71.047760009765625 ], [ 25.6875, 71.09136962890625 ], [ 25.552219390869141, 71.1402587890625 ], [ 25.784719467163086, 71.154693603515625 ], [ 25.806659698486328, 71.148323059082031 ], [ 25.781940460205078, 71.103317260742188 ], [ 26.019439697265625, 71.118316650390625 ], [ 26.032220840454102, 71.078872680664062 ], [ 25.887500762939453, 71.04498291015625 ], [ 25.965829849243164, 71.031082153320312 ], [ 25.928329467773438, 71.004432678222656 ], [ 26.056110382080078, 70.99664306640625 ], [ 26.167499542236328, 71.042762756347656 ], [ 26.218889236450195, 71.038589477539062 ], [ 26.200279235839844, 71.0052490234375 ], [ 25.833330154418945, 70.95831298828125 ], [ 25.738330841064453, 70.974983215332031 ], [ 25.741109848022461, 70.947746276855469 ], [ 25.55194091796875, 70.923858642578125 ] ] ], [ [ [ 22.17527961730957, 70.466636657714844 ], [ 22.138330459594727, 70.477752685546875 ], [ 22.238889694213867, 70.577476501464844 ], [ 22.330280303955078, 70.610809326171875 ], [ 22.02277946472168, 70.629432678222656 ], [ 21.951389312744141, 70.64080810546875 ], [ 21.960550308227539, 70.657760620117188 ], [ 22.231939315795898, 70.632476806640625 ], [ 22.240280151367188, 70.6644287109375 ], [ 22.412220001220703, 70.624420166015625 ], [ 22.373050689697266, 70.690811157226562 ], [ 22.399169921875, 70.711639404296875 ], [ 22.481109619140625, 70.672470092773438 ], [ 22.520830154418945, 70.711906433105469 ], [ 22.656110763549805, 70.68359375 ], [ 22.592779159545898, 70.644416809082031 ], [ 22.805269241333008, 70.640533447265625 ], [ 22.76222038269043, 70.706092834472656 ], [ 22.717779159545898, 70.736358642578125 ], [ 22.805549621582031, 70.760246276855469 ], [ 22.96360969543457, 70.658859252929688 ], [ 23.174440383911133, 70.728317260742188 ], [ 23.070270538330078, 70.803863525390625 ], [ 23.163059234619141, 70.822746276855469 ], [ 23.282779693603516, 70.771926879882812 ], [ 23.348049163818359, 70.789138793945312 ], [ 23.314159393310547, 70.853866577148438 ], [ 23.431659698486328, 70.831092834472656 ], [ 23.481939315795898, 70.791923522949219 ], [ 23.390270233154297, 70.781082153320312 ], [ 23.454439163208008, 70.764686584472656 ], [ 23.060279846191406, 70.624969482421875 ], [ 23.116659164428711, 70.60302734375 ], [ 23.077220916748047, 70.578033447265625 ], [ 22.992219924926758, 70.59942626953125 ], [ 23.009719848632812, 70.573028564453125 ], [ 22.784160614013672, 70.519699096679688 ], [ 22.656389236450195, 70.563873291015625 ], [ 22.572780609130859, 70.498306274414062 ], [ 22.505279541015625, 70.52886962890625 ], [ 22.340549468994141, 70.490249633789062 ], [ 22.290830612182617, 70.499153137207031 ], [ 22.310829162597656, 70.529983520507812 ], [ 22.269439697265625, 70.529136657714844 ], [ 22.17527961730957, 70.466636657714844 ] ] ], [ [ [ 23.156389236450195, 70.274406433105469 ], [ 23.082780838012695, 70.288856506347656 ], [ 23.070270538330078, 70.308868408203125 ], [ 23.136390686035156, 70.384140014648438 ], [ 23.115549087524414, 70.393592834472656 ], [ 23.053890228271484, 70.340812683105469 ], [ 22.878610610961914, 70.394149780273438 ], [ 22.961669921875, 70.416091918945312 ], [ 22.892499923706055, 70.44219970703125 ], [ 23.096389770507812, 70.515533447265625 ], [ 23.223049163818359, 70.515533447265625 ], [ 23.178609848022461, 70.544692993164062 ], [ 23.253889083862305, 70.535812377929688 ], [ 23.262779235839844, 70.47247314453125 ], [ 23.324169158935547, 70.523857116699219 ], [ 23.406669616699219, 70.555252075195312 ], [ 23.530000686645508, 70.538040161132812 ], [ 23.387779235839844, 70.610260009765625 ], [ 23.468330383300781, 70.62164306640625 ], [ 23.591939926147461, 70.583038330078125 ], [ 23.579170227050781, 70.520248413085938 ], [ 23.656940460205078, 70.46636962890625 ], [ 23.643890380859375, 70.438308715820312 ], [ 23.156389236450195, 70.274406433105469 ] ] ], [ [ [ 8.786943435668945, 63.476940155029297 ], [ 8.28277587890625, 63.446659088134766 ], [ 8.287498474121094, 63.489429473876953 ], [ 8.431943893432617, 63.556659698486328 ], [ 8.716943740844727, 63.560821533203125 ], [ 8.547222137451172, 63.597759246826172 ], [ 8.801387786865234, 63.639148712158203 ], [ 8.971109390258789, 63.653598785400391 ], [ 8.974998474121094, 63.590549468994141 ], [ 9.167776107788086, 63.567760467529297 ], [ 9.143888473510742, 63.550819396972656 ], [ 8.786943435668945, 63.476940155029297 ] ] ], [ [ [ 23.749439239501953, 70.522201538085938 ], [ 23.645830154418945, 70.593582153320312 ], [ 23.691389083862305, 70.662483215332031 ], [ 23.632770538330078, 70.690536499023438 ], [ 23.69805908203125, 70.744712829589844 ], [ 23.826389312744141, 70.744140625 ], [ 23.823329925537109, 70.69830322265625 ], [ 24.030830383300781, 70.686080932617188 ], [ 24.125829696655273, 70.615249633789062 ], [ 24.105550765991211, 70.587196350097656 ], [ 23.952770233154297, 70.522476196289062 ], [ 23.749439239501953, 70.522201538085938 ] ] ], [ [ [ 8.093053817749023, 63.32720947265625 ], [ 7.970276832580566, 63.3377685546875 ], [ 7.778333187103271, 63.405818939208984 ], [ 7.988055229187012, 63.466930389404297 ], [ 8.091665267944336, 63.466648101806641 ], [ 8.183610916137695, 63.386100769042969 ], [ 8.093053817749023, 63.32720947265625 ] ] ], [ [ [ 12.06305980682373, 65.209976196289062 ], [ 12.121669769287109, 65.35748291015625 ], [ 12.186670303344727, 65.347198486328125 ], [ 12.18610954284668, 65.379966735839844 ], [ 12.168889999389648, 65.397750854492188 ], [ 12.321660041809082, 65.485260009765625 ], [ 12.213890075683594, 65.483306884765625 ], [ 12.244720458984375, 65.566932678222656 ], [ 12.282500267028809, 65.573867797851562 ], [ 12.502779960632324, 65.391921997070312 ], [ 12.446660041809082, 65.36553955078125 ], [ 12.212499618530273, 65.325531005859375 ], [ 12.229439735412598, 65.29248046875 ], [ 12.18805980682373, 65.245529174804688 ], [ 12.06305980682373, 65.209976196289062 ] ] ], [ [ [ 14.210550308227539, 68.166923522949219 ], [ 14.201939582824707, 68.20025634765625 ], [ 14.330280303955078, 68.26080322265625 ], [ 14.295000076293945, 68.281082153320312 ], [ 14.317219734191895, 68.315261840820312 ], [ 14.483059883117676, 68.295806884765625 ], [ 14.483610153198242, 68.328033447265625 ], [ 14.383890151977539, 68.367202758789062 ], [ 14.63971996307373, 68.425537109375 ], [ 14.695830345153809, 68.374969482421875 ], [ 14.706390380859375, 68.422470092773438 ], [ 14.785280227661133, 68.424697875976562 ], [ 14.828049659729004, 68.400253295898438 ], [ 14.752220153808594, 68.351638793945312 ], [ 14.878609657287598, 68.373031616210938 ], [ 14.895830154418945, 68.428863525390625 ], [ 15.158610343933105, 68.452476501464844 ], [ 15.114170074462891, 68.411087036132812 ], [ 14.781940460205078, 68.260246276855469 ], [ 14.721389770507812, 68.251922607421875 ], [ 14.73861026763916, 68.331649780273438 ], [ 14.696940422058105, 68.316360473632812 ], [ 14.692779541015625, 68.281646728515625 ], [ 14.624719619750977, 68.258590698242188 ], [ 14.669719696044922, 68.246368408203125 ], [ 14.383609771728516, 68.179702758789062 ], [ 14.210550308227539, 68.166923522949219 ] ] ], [ [ [ 14.984999656677246, 68.263031005859375 ], [ 15.0, 68.30303955078125 ], [ 15.229439735412598, 68.449691772460938 ], [ 15.335829734802246, 68.485260009765625 ], [ 15.181670188903809, 68.522201538085938 ], [ 15.222780227661133, 68.560531616210938 ], [ 15.451939582824707, 68.552467346191406 ], [ 15.43805980682373, 68.615806579589844 ], [ 15.631939888000488, 68.605796813964844 ], [ 15.458330154418945, 68.65692138671875 ], [ 15.43556022644043, 68.703872680664062 ], [ 15.451669692993164, 68.72998046875 ], [ 15.71360969543457, 68.698593139648438 ], [ 15.645549774169922, 68.739151000976562 ], [ 15.509160041809082, 68.736358642578125 ], [ 15.454719543457031, 68.756927490234375 ], [ 15.459440231323242, 68.808296203613281 ], [ 15.638609886169434, 68.818038940429688 ], [ 15.553609848022461, 68.843032836914062 ], [ 15.636110305786133, 68.946640014648438 ], [ 15.886940002441406, 68.963592529296875 ], [ 15.911660194396973, 68.951919555664062 ], [ 15.875829696655273, 68.792213439941406 ], [ 15.763330459594727, 68.732757568359375 ], [ 15.939720153808594, 68.785537719726562 ], [ 15.984439849853516, 68.744979858398438 ], [ 15.863889694213867, 68.646926879882812 ], [ 15.77361011505127, 68.626373291015625 ], [ 15.739439964294434, 68.526092529296875 ], [ 15.808609962463379, 68.554428100585938 ], [ 15.8125, 68.606643676757812 ], [ 15.97638988494873, 68.665817260742188 ], [ 16.073329925537109, 68.633590698242188 ], [ 16.083049774169922, 68.677467346191406 ], [ 16.03778076171875, 68.696372985839844 ], [ 16.067220687866211, 68.727752685546875 ], [ 16.203609466552734, 68.72998046875 ], [ 16.206390380859375, 68.754966735839844 ], [ 16.096389770507812, 68.792762756347656 ], [ 16.08721923828125, 68.813873291015625 ], [ 16.178890228271484, 68.851638793945312 ], [ 16.292770385742188, 68.837478637695312 ], [ 16.243049621582031, 68.898590087890625 ], [ 16.553329467773438, 68.821640014648438 ], [ 16.492500305175781, 68.787750244140625 ], [ 16.555830001831055, 68.773857116699219 ], [ 16.528610229492188, 68.721076965332031 ], [ 16.573610305786133, 68.702186584472656 ], [ 16.507499694824219, 68.557479858398438 ], [ 16.09943962097168, 68.534149169921875 ], [ 15.960280418395996, 68.380813598632812 ], [ 15.883330345153809, 68.362197875976562 ], [ 15.864439964294434, 68.462196350097656 ], [ 15.855549812316895, 68.431922912597656 ], [ 15.778610229492188, 68.434417724609375 ], [ 15.599720001220703, 68.307479858398438 ], [ 15.42611026763916, 68.333587646484375 ], [ 15.335000038146973, 68.326103210449219 ], [ 15.340829849243164, 68.3438720703125 ], [ 15.611390113830566, 68.473312377929688 ], [ 15.542220115661621, 68.507476806640625 ], [ 15.559169769287109, 68.472198486328125 ], [ 14.984999656677246, 68.263031005859375 ] ] ], [ [ [ 5.549999237060547, 60.431381225585938 ], [ 5.490554809570312, 60.4385986328125 ], [ 5.331665992736816, 60.537490844726562 ], [ 5.689166069030762, 60.674430847167969 ], [ 5.681665897369385, 60.472759246826172 ], [ 5.549999237060547, 60.431381225585938 ] ] ], [ [ [ 18.190549850463867, 69.529983520507812 ], [ 17.999439239501953, 69.58331298828125 ], [ 18.031940460205078, 69.627761840820312 ], [ 18.319999694824219, 69.609153747558594 ], [ 18.39971923828125, 69.636093139648438 ], [ 18.291940689086914, 69.63275146484375 ], [ 18.187770843505859, 69.701370239257812 ], [ 18.632219314575195, 69.689697265625 ], [ 18.351669311523438, 69.723312377929688 ], [ 18.342500686645508, 69.782760620117188 ], [ 18.476940155029297, 69.77691650390625 ], [ 18.484439849853516, 69.744422912597656 ], [ 18.546390533447266, 69.796920776367188 ], [ 18.649999618530273, 69.799423217773438 ], [ 18.646390914916992, 69.726356506347656 ], [ 18.709720611572266, 69.68414306640625 ], [ 18.784439086914062, 69.773590087890625 ], [ 18.66193962097168, 69.861076354980469 ], [ 18.693050384521484, 69.884407043457031 ], [ 18.995830535888672, 69.824981689453125 ], [ 19.057779312133789, 69.787200927734375 ], [ 19.059719085693359, 69.759407043457031 ], [ 18.794170379638672, 69.671920776367188 ], [ 18.78972053527832, 69.629432678222656 ], [ 18.846389770507812, 69.603866577148438 ], [ 18.76222038269043, 69.562759399414062 ], [ 18.190549850463867, 69.529983520507812 ] ] ], [ [ [ 15.059169769287109, 68.572479248046875 ], [ 14.81056022644043, 68.616928100585938 ], [ 15.157779693603516, 68.694976806640625 ], [ 15.149999618530273, 68.749153137207031 ], [ 14.996669769287109, 68.761917114257812 ], [ 15.066109657287598, 68.743873596191406 ], [ 14.996390342712402, 68.69830322265625 ], [ 14.678330421447754, 68.707473754882812 ], [ 14.620280265808105, 68.622756958007812 ], [ 14.448610305786133, 68.604141235351562 ], [ 14.371109962463379, 68.68359375 ], [ 14.539159774780273, 68.731918334960938 ], [ 14.438610076904297, 68.753860473632812 ], [ 14.520000457763672, 68.801361083984375 ], [ 14.551389694213867, 68.798576354980469 ], [ 14.562780380249023, 68.748580932617188 ], [ 14.642780303955078, 68.78497314453125 ], [ 14.607780456542969, 68.799972534179688 ], [ 14.621669769287109, 68.82330322265625 ], [ 14.676670074462891, 68.82525634765625 ], [ 14.673609733581543, 68.758590698242188 ], [ 14.902219772338867, 68.754432678222656 ], [ 14.950550079345703, 68.80609130859375 ], [ 14.905280113220215, 68.8419189453125 ], [ 14.951669692993164, 68.860527038574219 ], [ 15.00139045715332, 68.796371459960938 ], [ 15.039719581604004, 68.84747314453125 ], [ 15.14861011505127, 68.812187194824219 ], [ 15.119170188903809, 68.855262756347656 ], [ 15.011670112609863, 68.941360473632812 ], [ 15.011670112609863, 68.970809936523438 ], [ 15.087779998779297, 69.008033752441406 ], [ 15.144439697265625, 69.008323669433594 ], [ 15.23861026763916, 68.908309936523438 ], [ 15.293049812316895, 68.912200927734375 ], [ 15.23777961730957, 68.823867797851562 ], [ 15.375280380249023, 68.84942626953125 ], [ 15.356389999389648, 68.803863525390625 ], [ 15.273889541625977, 68.758033752441406 ], [ 15.368610382080078, 68.740249633789062 ], [ 15.401390075683594, 68.7188720703125 ], [ 15.395830154418945, 68.676651000976562 ], [ 15.059169769287109, 68.572479248046875 ] ] ], [ [ [ 28.015239715576172, 70.069366455078125 ], [ 28.133609771728516, 70.082473754882812 ], [ 28.232219696044922, 70.16552734375 ], [ 28.197219848632812, 70.259979248046875 ], [ 28.246110916137695, 70.412200927734375 ], [ 28.322500228881836, 70.436370849609375 ], [ 28.331939697265625, 70.474136352539062 ], [ 28.454439163208008, 70.488861083984375 ], [ 28.466110229492188, 70.453872680664062 ], [ 28.509159088134766, 70.444137573242188 ], [ 28.556659698486328, 70.504966735839844 ], [ 28.395000457763672, 70.547470092773438 ], [ 28.509159088134766, 70.675262451171875 ], [ 28.626110076904297, 70.677467346191406 ], [ 28.522220611572266, 70.720809936523438 ], [ 28.674440383911133, 70.814971923828125 ], [ 28.853889465332031, 70.880538940429688 ], [ 29.100559234619141, 70.873306274414062 ], [ 29.400550842285156, 70.774978637695312 ], [ 29.296659469604492, 70.74053955078125 ], [ 29.329999923706055, 70.707473754882812 ], [ 29.452220916748047, 70.694427490234375 ], [ 29.677219390869141, 70.743026733398438 ], [ 29.781660079956055, 70.731643676757812 ], [ 29.776660919189453, 70.674148559570312 ], [ 29.68943977355957, 70.61358642578125 ], [ 29.835550308227539, 70.635528564453125 ], [ 29.967220306396484, 70.70635986328125 ], [ 30.101940155029297, 70.709136962890625 ], [ 30.202770233154297, 70.66998291015625 ], [ 30.09943962097168, 70.640533447265625 ], [ 30.338329315185547, 70.60552978515625 ], [ 30.341659545898438, 70.59136962890625 ], [ 30.152769088745117, 70.528587341308594 ], [ 30.449440002441406, 70.556373596191406 ], [ 30.597219467163086, 70.537750244140625 ], [ 30.805269241333008, 70.409416198730469 ], [ 30.943889617919922, 70.449691772460938 ], [ 31.064159393310547, 70.361648559570312 ], [ 31.01555061340332, 70.333038330078125 ], [ 31.063329696655273, 70.280258178710938 ], [ 30.523050308227539, 70.24053955078125 ], [ 30.350000381469727, 70.16802978515625 ], [ 30.384719848632812, 70.147476196289062 ], [ 30.343610763549805, 70.12164306640625 ], [ 30.143610000610352, 70.085533142089844 ], [ 30.157499313354492, 70.066360473632812 ], [ 29.780550003051758, 70.066932678222656 ], [ 28.731939315795898, 70.177467346191406 ], [ 28.594720840454102, 70.163856506347656 ], [ 28.753889083862305, 70.1563720703125 ], [ 28.612499237060547, 70.107757568359375 ], [ 29.684169769287109, 69.9669189453125 ], [ 29.405269622802734, 69.868026733398438 ], [ 29.422779083251953, 69.852752685546875 ], [ 29.53639030456543, 69.909416198730469 ], [ 29.732219696044922, 69.909698486328125 ], [ 29.767459869384766, 69.833023071289062 ], [ 29.523889541625977, 69.702186584472656 ], [ 29.499719619750977, 69.657203674316406 ], [ 29.66472053527832, 69.731643676757812 ], [ 30.064159393310547, 69.768043518066406 ], [ 29.958879470825195, 69.711639404296875 ], [ 29.941669464111328, 69.686653137207031 ], [ 30.072219848632812, 69.739151000976562 ], [ 30.121110916137695, 69.699981689453125 ], [ 30.18889045715332, 69.692466735839844 ], [ 30.11444091796875, 69.754966735839844 ], [ 30.206939697265625, 69.766082763671875 ], [ 30.206390380859375, 69.785812377929688 ], [ 30.158050537109375, 69.805252075195312 ], [ 30.178049087524414, 69.877197265625 ], [ 30.308610916137695, 69.878593444824219 ], [ 30.402769088745117, 69.822479248046875 ], [ 30.418329238891602, 69.700531005859375 ], [ 30.396659851074219, 69.67913818359375 ], [ 30.41139030456543, 69.66552734375 ], [ 30.452220916748047, 69.688583374023438 ], [ 30.450550079345703, 69.773033142089844 ], [ 30.468330383300781, 69.814422607421875 ], [ 30.64971923828125, 69.809982299804688 ], [ 30.72443962097168, 69.768043518066406 ], [ 30.784549713134766, 69.791366577148438 ], [ 30.858959197998047, 69.789657592773438 ], [ 30.954719543457031, 69.681350708007812 ], [ 30.95026969909668, 69.60357666015625 ], [ 30.909999847412109, 69.548858642578125 ], [ 30.796939849853516, 69.530258178710938 ], [ 30.511390686035156, 69.54913330078125 ], [ 30.188329696655273, 69.666923522949219 ], [ 30.083890914916992, 69.656356811523438 ], [ 30.072769165039062, 69.631072998046875 ], [ 30.142770767211914, 69.628303527832031 ], [ 30.176380157470703, 69.566070556640625 ], [ 30.029159545898438, 69.476638793945312 ], [ 29.309999465942383, 69.31524658203125 ], [ 29.309719085693359, 69.227188110351562 ], [ 29.230550765991211, 69.101913452148438 ], [ 29.087499618530273, 69.033859252929688 ], [ 29.011110305786133, 69.034408569335938 ], [ 28.78693962097168, 69.119132995605469 ], [ 28.781669616699219, 69.149696350097656 ], [ 28.826940536499023, 69.238021850585938 ], [ 29.285549163818359, 69.463592529296875 ], [ 29.294719696044922, 69.4952392578125 ], [ 29.098880767822266, 69.708023071289062 ], [ 28.379720687866211, 69.827468872070312 ], [ 28.094160079956055, 69.938568115234375 ], [ 28.015239715576172, 70.069366455078125 ] ] ], [ [ [ 10.904170036315918, 63.894161224365234 ], [ 11.026670455932617, 63.875541687011719 ], [ 11.07721996307373, 63.837490081787109 ], [ 10.955829620361328, 63.753879547119141 ], [ 10.04778003692627, 63.496101379394531 ], [ 9.919721603393555, 63.506378173828125 ], [ 9.792221069335938, 63.668598175048828 ], [ 10.046669960021973, 63.737209320068359 ], [ 10.08611011505127, 63.763881683349609 ], [ 9.539443969726562, 63.662769317626953 ], [ 9.558053970336914, 63.723598480224609 ], [ 9.778888702392578, 63.770259857177734 ], [ 9.543888092041016, 63.763599395751953 ], [ 9.582498550415039, 63.787490844726562 ], [ 10.15110969543457, 63.939430236816406 ], [ 9.952220916748047, 63.926929473876953 ], [ 10.084440231323242, 63.956661224365234 ], [ 10.119999885559082, 63.985271453857422 ], [ 9.934444427490234, 63.956100463867188 ], [ 9.994443893432617, 64.013603210449219 ], [ 9.995832443237305, 64.101638793945312 ], [ 10.029999732971191, 64.111648559570312 ], [ 10.103050231933594, 64.086090087890625 ], [ 10.220279693603516, 64.116363525390625 ], [ 10.108610153198242, 64.12109375 ], [ 10.17527961730957, 64.164138793945312 ], [ 10.180560111999512, 64.197196960449219 ], [ 10.376669883728027, 64.191650390625 ], [ 10.251110076904297, 64.24163818359375 ], [ 10.491660118103027, 64.293296813964844 ], [ 10.447219848632812, 64.324142456054688 ], [ 10.505279541015625, 64.367477416992188 ], [ 10.603610038757324, 64.340263366699219 ], [ 10.65194034576416, 64.3580322265625 ], [ 10.460550308227539, 64.403030395507812 ], [ 10.51222038269043, 64.428306579589844 ], [ 10.631110191345215, 64.393043518066406 ], [ 10.619999885559082, 64.445533752441406 ], [ 10.76222038269043, 64.379966735839844 ], [ 10.853050231933594, 64.372482299804688 ], [ 10.791390419006348, 64.438026428222656 ], [ 10.682780265808105, 64.4346923828125 ], [ 10.668330192565918, 64.452186584472656 ], [ 10.83944034576416, 64.465530395507812 ], [ 10.81443977355957, 64.50775146484375 ], [ 10.897219657897949, 64.469970703125 ], [ 10.966389656066895, 64.503036499023438 ], [ 10.915550231933594, 64.578582763671875 ], [ 10.972220420837402, 64.601356506347656 ], [ 11.186389923095703, 64.473037719726562 ], [ 11.163060188293457, 64.443038940429688 ], [ 11.257499694824219, 64.452476501464844 ], [ 11.337779998779297, 64.429702758789062 ], [ 11.328049659729004, 64.398323059082031 ], [ 11.235549926757812, 64.330543518066406 ], [ 11.408610343933105, 64.446090698242188 ], [ 11.655550003051758, 64.473312377929688 ], [ 11.438610076904297, 64.464981079101562 ], [ 11.470549583435059, 64.511093139648438 ], [ 11.768329620361328, 64.594146728515625 ], [ 11.635000228881836, 64.582473754882812 ], [ 11.614720344543457, 64.62109375 ], [ 11.554439544677734, 64.598861694335938 ], [ 11.595000267028809, 64.5838623046875 ], [ 11.546389579772949, 64.563026428222656 ], [ 11.501669883728027, 64.575531005859375 ], [ 11.392499923706055, 64.673309326171875 ], [ 11.403050422668457, 64.707473754882812 ], [ 11.618060111999512, 64.734153747558594 ], [ 11.551670074462891, 64.761642456054688 ], [ 11.83860969543457, 64.796920776367188 ], [ 11.658049583435059, 64.844970703125 ], [ 12.095279693603516, 64.95831298828125 ], [ 12.190549850463867, 64.933868408203125 ], [ 12.205829620361328, 64.949691772460938 ], [ 12.07388973236084, 64.972747802734375 ], [ 11.893610000610352, 64.939697265625 ], [ 11.375829696655273, 64.745796203613281 ], [ 11.235549926757812, 64.734153747558594 ], [ 11.353890419006348, 64.764419555664062 ], [ 11.422220230102539, 64.811370849609375 ], [ 11.257780075073242, 64.812759399414062 ], [ 11.257220268249512, 64.832199096679688 ], [ 11.649169921875, 64.888603210449219 ], [ 11.691670417785645, 64.908576965332031 ], [ 11.246390342712402, 64.855796813964844 ], [ 11.306389808654785, 64.886642456054688 ], [ 11.562780380249023, 64.899978637695312 ], [ 11.833609580993652, 64.982192993164062 ], [ 11.810279846191406, 65.011367797851562 ], [ 11.975000381469727, 65.065811157226562 ], [ 12.155830383300781, 65.035247802734375 ], [ 12.174169540405273, 64.992477416992188 ], [ 12.207500457763672, 65.003036499023438 ], [ 12.192779541015625, 65.047203063964844 ], [ 12.626110076904297, 65.123031616210938 ], [ 12.87555980682373, 65.279136657714844 ], [ 12.68805980682373, 65.198593139648438 ], [ 12.465829849243164, 65.133323669433594 ], [ 12.366660118103027, 65.153312683105469 ], [ 12.496939659118652, 65.193313598632812 ], [ 12.408610343933105, 65.22998046875 ], [ 12.704440116882324, 65.252471923828125 ], [ 12.423609733581543, 65.272201538085938 ], [ 12.271670341491699, 65.227203369140625 ], [ 12.26222038269043, 65.243873596191406 ], [ 12.46111011505127, 65.31719970703125 ], [ 12.415550231933594, 65.329971313476562 ], [ 12.508609771728516, 65.365806579589844 ], [ 12.658889770507812, 65.32025146484375 ], [ 12.686670303344727, 65.332473754882812 ], [ 12.645279884338379, 65.355796813964844 ], [ 12.5625, 65.358306884765625 ], [ 12.481109619140625, 65.443313598632812 ], [ 12.564999580383301, 65.443862915039062 ], [ 12.567779541015625, 65.4144287109375 ], [ 12.658889770507812, 65.407203674316406 ], [ 12.648889541625977, 65.444137573242188 ], [ 12.774720191955566, 65.45831298828125 ], [ 12.589170455932617, 65.48248291015625 ], [ 12.565830230712891, 65.515533447265625 ], [ 12.618060111999512, 65.525253295898438 ], [ 12.568050384521484, 65.586357116699219 ], [ 12.531109809875488, 65.516921997070312 ], [ 12.42555046081543, 65.52691650390625 ], [ 12.389169692993164, 65.551933288574219 ], [ 12.416390419006348, 65.590812683105469 ], [ 12.355549812316895, 65.590263366699219 ], [ 12.374170303344727, 65.656646728515625 ], [ 12.524999618530273, 65.72802734375 ], [ 12.585550308227539, 65.704147338867188 ], [ 12.615280151367188, 65.646636962890625 ], [ 12.789440155029297, 65.64276123046875 ], [ 12.66139030456543, 65.66192626953125 ], [ 12.553609848022461, 65.755538940429688 ], [ 12.62360954284668, 65.798576354980469 ], [ 12.715829849243164, 65.786636352539062 ], [ 12.691109657287598, 65.83831787109375 ], [ 12.620280265808105, 65.821640014648438 ], [ 12.609169960021973, 65.842758178710938 ], [ 12.699170112609863, 65.933029174804688 ], [ 12.841389656066895, 65.966087341308594 ], [ 13.177780151367188, 65.855796813964844 ], [ 13.121939659118652, 65.940261840820312 ], [ 12.931940078735352, 65.974983215332031 ], [ 12.926939964294434, 65.989151000976562 ], [ 13.040280342102051, 66.078033447265625 ], [ 12.728329658508301, 66.038589477539062 ], [ 12.673890113830566, 66.066932678222656 ], [ 12.778610229492188, 66.107757568359375 ], [ 12.990280151367188, 66.135528564453125 ], [ 13.31194019317627, 66.220809936523438 ], [ 13.57388973236084, 66.23052978515625 ], [ 13.580550193786621, 66.179977416992188 ], [ 13.537779808044434, 66.138870239257812 ], [ 13.54971981048584, 66.100540161132812 ], [ 13.642769813537598, 66.154693603515625 ], [ 13.781109809875488, 66.155807495117188 ], [ 13.635000228881836, 66.181922912597656 ], [ 13.679719924926758, 66.231918334960938 ], [ 13.994440078735352, 66.243026733398438 ], [ 14.145830154418945, 66.327476501464844 ], [ 14.107500076293945, 66.335533142089844 ], [ 13.900830268859863, 66.266921997070312 ], [ 13.74806022644043, 66.291366577148438 ], [ 13.719440460205078, 66.252197265625 ], [ 13.600279808044434, 66.24053955078125 ], [ 13.577779769897461, 66.28192138671875 ], [ 13.049440383911133, 66.176361083984375 ], [ 13.029439926147461, 66.196372985839844 ], [ 13.216110229492188, 66.274978637695312 ], [ 13.533049583435059, 66.30859375 ], [ 13.30027961730957, 66.371917724609375 ], [ 13.326939582824707, 66.318038940429688 ], [ 13.192219734191895, 66.293296813964844 ], [ 13.023329734802246, 66.322196960449219 ], [ 13.000280380249023, 66.351356506347656 ], [ 13.171389579772949, 66.406082153320312 ], [ 13.146389961242676, 66.439697265625 ], [ 12.970000267028809, 66.518310546875 ], [ 13.087220191955566, 66.536636352539062 ], [ 13.21360969543457, 66.5072021484375 ], [ 13.227219581604004, 66.449981689453125 ], [ 13.266670227050781, 66.461357116699219 ], [ 13.26138973236084, 66.517471313476562 ], [ 13.346389770507812, 66.53692626953125 ], [ 13.668330192565918, 66.511642456054688 ], [ 13.481109619140625, 66.553863525390625 ], [ 13.580550193786621, 66.598861694335938 ], [ 13.277500152587891, 66.53997802734375 ], [ 13.203049659729004, 66.559417724609375 ], [ 13.247779846191406, 66.609420776367188 ], [ 13.404720306396484, 66.619422912597656 ], [ 13.197219848632812, 66.640533447265625 ], [ 13.195830345153809, 66.663040161132812 ], [ 13.476110458374023, 66.647750854492188 ], [ 13.265549659729004, 66.70025634765625 ], [ 13.279170036315918, 66.721076965332031 ], [ 13.758049964904785, 66.710533142089844 ], [ 13.88778018951416, 66.733306884765625 ], [ 13.562140464782715, 66.715042114257812 ], [ 13.539719581604004, 66.736923217773438 ], [ 13.565279960632324, 66.755538940429688 ], [ 13.754440307617188, 66.756088256835938 ], [ 13.568329811096191, 66.7713623046875 ], [ 13.990830421447754, 66.78692626953125 ], [ 13.793330192565918, 66.809417724609375 ], [ 13.693050384521484, 66.856369018554688 ], [ 13.542220115661621, 66.894149780273438 ], [ 13.555830001831055, 66.930252075195312 ], [ 13.948060035705566, 66.992752075195312 ], [ 13.970000267028809, 66.982192993164062 ], [ 13.890270233154297, 66.950813293457031 ], [ 13.956939697265625, 66.920257568359375 ], [ 14.047220230102539, 66.983306884765625 ], [ 14.017780303955078, 67.021636962890625 ], [ 14.066109657287598, 67.053863525390625 ], [ 14.131389617919922, 66.94830322265625 ], [ 14.226940155029297, 66.97802734375 ], [ 14.257499694824219, 67.057479858398438 ], [ 14.539159774780273, 67.042762756347656 ], [ 14.55305004119873, 67.011093139648438 ], [ 14.596670150756836, 67.035812377929688 ], [ 14.574440002441406, 67.0535888671875 ], [ 14.303330421447754, 67.09136962890625 ], [ 14.321109771728516, 67.141921997070312 ], [ 14.448329925537109, 67.1644287109375 ], [ 14.428330421447754, 67.105796813964844 ], [ 14.481670379638672, 67.15081787109375 ], [ 14.753049850463867, 67.138603210449219 ], [ 14.712499618530273, 67.163040161132812 ], [ 14.555560111999512, 67.174423217773438 ], [ 14.574170112609863, 67.1947021484375 ], [ 14.979999542236328, 67.209426879882812 ], [ 14.891389846801758, 67.146087646484375 ], [ 14.960000038146973, 67.105262756347656 ], [ 15.008609771728516, 67.1019287109375 ], [ 14.944720268249512, 67.155532836914062 ], [ 15.076109886169434, 67.210250854492188 ], [ 15.393050193786621, 67.15081787109375 ], [ 15.381669998168945, 67.092758178710938 ], [ 15.495550155639648, 67.065261840820312 ], [ 15.439999580383301, 67.0938720703125 ], [ 15.471940040588379, 67.160812377929688 ], [ 15.384440422058105, 67.191360473632812 ], [ 15.390000343322754, 67.205543518066406 ], [ 15.472780227661133, 67.204971313476562 ], [ 15.06389045715332, 67.248031616210938 ], [ 15.134719848632812, 67.266647338867188 ], [ 15.15194034576416, 67.308868408203125 ], [ 14.782779693603516, 67.264976501464844 ], [ 14.814999580383301, 67.245246887207031 ], [ 14.618330001831055, 67.211906433105469 ], [ 14.693889617919922, 67.237762451171875 ], [ 14.693889617919922, 67.275527954101562 ], [ 14.622779846191406, 67.255538940429688 ], [ 14.328610420227051, 67.24053955078125 ], [ 14.616390228271484, 67.383033752441406 ], [ 14.573060035705566, 67.395248413085938 ], [ 14.670280456542969, 67.423858642578125 ], [ 14.815279960632324, 67.399696350097656 ], [ 14.828610420227051, 67.374969482421875 ], [ 15.048330307006836, 67.440811157226562 ], [ 14.834719657897949, 67.440261840820312 ], [ 14.727499961853027, 67.493316650390625 ], [ 14.922499656677246, 67.55609130859375 ], [ 15.05055046081543, 67.570823669433594 ], [ 15.133049964904785, 67.552200317382812 ], [ 15.140549659729004, 67.527206420898438 ], [ 14.986940383911133, 67.549423217773438 ], [ 15.030830383300781, 67.519699096679688 ], [ 15.006939888000488, 67.486648559570312 ], [ 14.832220077514648, 67.47247314453125 ], [ 14.990830421447754, 67.464706420898438 ], [ 15.185830116271973, 67.51885986328125 ], [ 15.194999694824219, 67.479141235351562 ], [ 15.460280418395996, 67.465530395507812 ], [ 15.640000343322754, 67.266372680664062 ], [ 15.701669692993164, 67.304977416992188 ], [ 15.516670227050781, 67.425537109375 ], [ 15.590279579162598, 67.501373291015625 ], [ 15.894439697265625, 67.563308715820312 ], [ 15.722780227661133, 67.558296203613281 ], [ 15.531940460205078, 67.504966735839844 ], [ 15.233610153198242, 67.529983520507812 ], [ 15.228610038757324, 67.56414794921875 ], [ 15.459440231323242, 67.581092834472656 ], [ 15.391670227050781, 67.628311157226562 ], [ 15.211389541625977, 67.605796813964844 ], [ 15.180560111999512, 67.621368408203125 ], [ 15.268329620361328, 67.66748046875 ], [ 15.655280113220215, 67.678306579589844 ], [ 15.453610420227051, 67.705543518066406 ], [ 15.414440155029297, 67.739967346191406 ], [ 15.61555004119873, 67.74664306640625 ], [ 15.829719543457031, 67.673576354980469 ], [ 15.769720077514648, 67.73052978515625 ], [ 15.410280227661133, 67.79608154296875 ], [ 15.453330039978027, 67.832748413085938 ], [ 15.43556022644043, 67.85247802734375 ], [ 15.357780456542969, 67.849136352539062 ], [ 15.379170417785645, 67.797203063964844 ], [ 15.282219886779785, 67.756088256835938 ], [ 14.905280113220215, 67.647750854492188 ], [ 14.736669540405273, 67.648323059082031 ], [ 14.739720344543457, 67.662200927734375 ], [ 15.109169960021973, 67.742752075195312 ], [ 14.83944034576416, 67.771636962890625 ], [ 14.755550384521484, 67.799972534179688 ], [ 14.802220344543457, 67.823867797851562 ], [ 15.099160194396973, 67.854423522949219 ], [ 14.84943962097168, 67.84442138671875 ], [ 14.992219924926758, 67.893043518066406 ], [ 15.225279808044434, 67.872756958007812 ], [ 15.19888973236084, 67.828582763671875 ], [ 15.335000038146973, 67.898323059082031 ], [ 15.548890113830566, 67.916091918945312 ], [ 15.521109580993652, 67.877471923828125 ], [ 15.566940307617188, 67.904136657714844 ], [ 15.781669616699219, 67.947479248046875 ], [ 15.861669540405273, 67.898857116699219 ], [ 15.965279579162598, 67.989700317382812 ], [ 15.847780227661133, 68.052467346191406 ], [ 15.59943962097168, 68.032760620117188 ], [ 15.526390075683594, 68.07525634765625 ], [ 15.410829544067383, 68.008033752441406 ], [ 15.41388988494873, 67.989151000976562 ], [ 15.321660041809082, 67.998580932617188 ], [ 15.283049583435059, 68.035537719726562 ], [ 15.358889579772949, 68.080543518066406 ], [ 15.50193977355957, 68.131637573242188 ], [ 15.530280113220215, 68.089706420898438 ], [ 15.59889030456543, 68.123031616210938 ], [ 15.726659774780273, 68.14080810546875 ], [ 15.734439849853516, 68.089141845703125 ], [ 15.617500305175781, 68.088027954101562 ], [ 15.654439926147461, 68.044692993164062 ], [ 15.922499656677246, 68.130813598632812 ], [ 15.873889923095703, 68.182746887207031 ], [ 15.954170227050781, 68.188583374023438 ], [ 15.953330039978027, 68.23858642578125 ], [ 16.005830764770508, 68.244422912597656 ], [ 16.05055046081543, 68.226089477539062 ], [ 16.032220840454102, 68.165817260742188 ], [ 16.103609085083008, 68.166091918945312 ], [ 16.092500686645508, 68.068038940429688 ], [ 16.040830612182617, 68.028587341308594 ], [ 16.204719543457031, 67.969703674316406 ], [ 16.217220306396484, 67.888031005859375 ], [ 16.414440155029297, 67.814697265625 ], [ 16.509719848632812, 67.802200317382812 ], [ 16.251659393310547, 67.896636962890625 ], [ 16.277219772338867, 67.949142456054688 ], [ 16.207500457763672, 68.00164794921875 ], [ 16.273889541625977, 68.006362915039062 ], [ 16.417499542236328, 67.903030395507812 ], [ 16.466659545898438, 67.90386962890625 ], [ 16.327770233154297, 67.995796203613281 ], [ 16.34889030456543, 68.006637573242188 ], [ 16.46027946472168, 67.958587646484375 ], [ 16.458049774169922, 67.981086730957031 ], [ 16.499160766601562, 68.01080322265625 ], [ 16.372499465942383, 68.025253295898438 ], [ 16.368610382080078, 68.041641235351562 ], [ 16.462200164794922, 68.068771362304688 ], [ 16.684999465942383, 68.049972534179688 ], [ 16.675830841064453, 68.07330322265625 ], [ 16.294439315795898, 68.08331298828125 ], [ 16.250829696655273, 68.129432678222656 ], [ 16.413610458374023, 68.134140014648438 ], [ 16.419439315795898, 68.18414306640625 ], [ 16.16278076171875, 68.197196960449219 ], [ 16.171939849853516, 68.220260620117188 ], [ 16.340269088745117, 68.224136352539062 ], [ 16.331670761108398, 68.252197265625 ], [ 16.251659393310547, 68.247756958007812 ], [ 16.103330612182617, 68.27691650390625 ], [ 16.190000534057617, 68.316360473632812 ], [ 16.543889999389648, 68.239700317382812 ], [ 16.566110610961914, 68.193038940429688 ], [ 16.797779083251953, 68.127197265625 ], [ 16.57805061340332, 68.265533447265625 ], [ 16.245279312133789, 68.33026123046875 ], [ 16.479440689086914, 68.390533447265625 ], [ 16.838050842285156, 68.375259399414062 ], [ 16.834440231323242, 68.318038940429688 ], [ 17.151390075683594, 68.363861083984375 ], [ 17.329439163208008, 68.250526428222656 ], [ 17.315000534057617, 68.1644287109375 ], [ 17.366939544677734, 68.1846923828125 ], [ 17.354719161987305, 68.226638793945312 ], [ 17.400829315185547, 68.23052978515625 ], [ 17.399169921875, 68.258872985839844 ], [ 17.267780303955078, 68.307746887207031 ], [ 17.200830459594727, 68.366928100585938 ], [ 17.258609771728516, 68.40191650390625 ], [ 17.57805061340332, 68.362472534179688 ], [ 17.370000839233398, 68.406082153320312 ], [ 17.594369888305664, 68.42333984375 ], [ 17.763889312744141, 68.39385986328125 ], [ 17.465000152587891, 68.450813293457031 ], [ 17.552780151367188, 68.523857116699219 ], [ 17.225559234619141, 68.444976806640625 ], [ 17.01055908203125, 68.437187194824219 ], [ 17.079999923706055, 68.456916809082031 ], [ 17.095830917358398, 68.476638793945312 ], [ 16.991659164428711, 68.504150390625 ], [ 16.843610763549805, 68.448593139648438 ], [ 16.498889923095703, 68.437469482421875 ], [ 16.481389999389648, 68.522201538085938 ], [ 16.63722038269043, 68.54302978515625 ], [ 16.564159393310547, 68.571907043457031 ], [ 16.566110610961914, 68.604713439941406 ], [ 16.64055061340332, 68.643043518066406 ], [ 16.999160766601562, 68.70025634765625 ], [ 17.154439926147461, 68.629150390625 ], [ 17.184999465942383, 68.644416809082031 ], [ 17.094999313354492, 68.679702758789062 ], [ 17.112220764160156, 68.69525146484375 ], [ 17.257499694824219, 68.720542907714844 ], [ 17.628330230712891, 68.660812377929688 ], [ 17.670560836791992, 68.663856506347656 ], [ 17.468439102172852, 68.690292358398438 ], [ 17.42388916015625, 68.735809326171875 ], [ 17.290279388427734, 68.732757568359375 ], [ 17.243049621582031, 68.759696960449219 ], [ 17.475830078125, 68.808868408203125 ], [ 17.767780303955078, 68.75469970703125 ], [ 17.469999313354492, 68.83026123046875 ], [ 17.715269088745117, 68.889976501464844 ], [ 17.828329086303711, 68.863037109375 ], [ 17.848329544067383, 68.875259399414062 ], [ 17.685829162597656, 68.92913818359375 ], [ 17.465829849243164, 68.900253295898438 ], [ 17.431659698486328, 68.910812377929688 ], [ 17.538890838623047, 68.962478637695312 ], [ 17.48777961730957, 68.989967346191406 ], [ 17.680269241333008, 69.089981079101562 ], [ 17.648609161376953, 69.1080322265625 ], [ 18.152219772338867, 69.152206420898438 ], [ 18.068050384521484, 69.171371459960938 ], [ 18.097770690917969, 69.230262756347656 ], [ 17.98944091796875, 69.231643676757812 ], [ 18.016389846801758, 69.303863525390625 ], [ 18.172220230102539, 69.386367797851562 ], [ 18.151660919189453, 69.455810546875 ], [ 18.284999847412109, 69.488861083984375 ], [ 18.356389999389648, 69.4588623046875 ], [ 18.386390686035156, 69.41552734375 ], [ 18.358060836791992, 69.388870239257812 ], [ 18.431110382080078, 69.393310546875 ], [ 18.499719619750977, 69.368316650390625 ], [ 18.506109237670898, 69.256927490234375 ], [ 18.571109771728516, 69.355796813964844 ], [ 18.689720153808594, 69.25775146484375 ], [ 18.707220077514648, 69.2794189453125 ], [ 18.667219161987305, 69.304977416992188 ], [ 18.687770843505859, 69.31719970703125 ], [ 18.885829925537109, 69.317466735839844 ], [ 18.453889846801758, 69.449142456054688 ], [ 18.471660614013672, 69.514419555664062 ], [ 18.841939926147461, 69.552749633789062 ], [ 18.867769241333008, 69.529983520507812 ], [ 18.847219467163086, 69.501373291015625 ], [ 19.117219924926758, 69.355262756347656 ], [ 19.34889030456543, 69.334701538085938 ], [ 19.381109237670898, 69.307746887207031 ], [ 19.345279693603516, 69.283576965332031 ], [ 19.187770843505859, 69.273033142089844 ], [ 19.266670227050781, 69.263870239257812 ], [ 19.251110076904297, 69.236923217773438 ], [ 19.311660766601562, 69.221359252929688 ], [ 19.506940841674805, 69.223861694335938 ], [ 19.444719314575195, 69.255813598632812 ], [ 19.44972038269043, 69.321907043457031 ], [ 19.352500915527344, 69.374687194824219 ], [ 19.124439239501953, 69.381362915039062 ], [ 18.995830535888672, 69.467193603515625 ], [ 19.029439926147461, 69.513603210449219 ], [ 19.261390686035156, 69.526641845703125 ], [ 19.21360969543457, 69.566360473632812 ], [ 19.000270843505859, 69.534416198730469 ], [ 18.946109771728516, 69.573867797851562 ], [ 18.956670761108398, 69.624420166015625 ], [ 19.103330612182617, 69.699691772460938 ], [ 19.106389999389648, 69.739700317382812 ], [ 19.579719543457031, 69.80108642578125 ], [ 19.780279159545898, 69.803306579589844 ], [ 19.676389694213867, 69.668296813964844 ], [ 19.723609924316406, 69.655532836914062 ], [ 19.714160919189453, 69.603317260742188 ], [ 19.531389236450195, 69.393592834472656 ], [ 19.686939239501953, 69.434417724609375 ], [ 19.741939544677734, 69.607757568359375 ], [ 20.115549087524414, 69.581092834472656 ], [ 19.851110458374023, 69.630813598632812 ], [ 19.821109771728516, 69.697479248046875 ], [ 19.997499465942383, 69.839706420898438 ], [ 19.972770690917969, 69.784698486328125 ], [ 20.024999618530273, 69.775527954101562 ], [ 20.166660308837891, 69.935806274414062 ], [ 20.165830612182617, 69.885528564453125 ], [ 20.217500686645508, 69.85247802734375 ], [ 20.200550079345703, 69.921371459960938 ], [ 20.281940460205078, 69.973861694335938 ], [ 20.318330764770508, 69.959701538085938 ], [ 20.424999237060547, 69.869422912597656 ], [ 20.321390151977539, 69.663589477539062 ], [ 20.387500762939453, 69.62109375 ], [ 20.372779846191406, 69.584701538085938 ], [ 20.271110534667969, 69.55914306640625 ], [ 20.303049087524414, 69.537483215332031 ], [ 20.190549850463867, 69.402206420898438 ], [ 19.981939315795898, 69.335533142089844 ], [ 19.918329238891602, 69.260246276855469 ], [ 19.968050003051758, 69.262481689453125 ], [ 20.040550231933594, 69.315261840820312 ], [ 20.288610458374023, 69.388313293457031 ], [ 20.484439849853516, 69.576919555664062 ], [ 20.639440536499023, 69.523857116699219 ], [ 20.853609085083008, 69.494712829589844 ], [ 20.709440231323242, 69.527763366699219 ], [ 20.481389999389648, 69.638870239257812 ], [ 20.538890838623047, 69.682479858398438 ], [ 20.541389465332031, 69.721076965332031 ], [ 20.479719161987305, 69.759140014648438 ], [ 20.803890228271484, 69.8035888671875 ], [ 20.82611083984375, 69.835533142089844 ], [ 20.791389465332031, 69.873031616210938 ], [ 21.091659545898438, 69.940261840820312 ], [ 20.893610000610352, 69.84942626953125 ], [ 21.0, 69.784149169921875 ], [ 21.051670074462891, 69.791923522949219 ], [ 20.994440078735352, 69.819427490234375 ], [ 21.106939315795898, 69.867477416992188 ], [ 21.18889045715332, 69.856369018554688 ], [ 21.12639045715332, 69.809417724609375 ], [ 21.162500381469727, 69.810531616210938 ], [ 21.226110458374023, 69.849136352539062 ], [ 21.211669921875, 69.900527954101562 ], [ 21.32805061340332, 69.905807495117188 ], [ 21.206110000610352, 69.938026428222656 ], [ 21.253330230712891, 70.003036499023438 ], [ 21.319440841674805, 70.022201538085938 ], [ 21.442779541015625, 70.017471313476562 ], [ 22.068609237670898, 69.731369018554688 ], [ 22.100830078125, 69.75164794921875 ], [ 21.914440155029297, 69.83331298828125 ], [ 21.997219085693359, 69.83331298828125 ], [ 22.017219543457031, 69.853317260742188 ], [ 21.92694091796875, 69.880813598632812 ], [ 21.915279388427734, 69.949691772460938 ], [ 22.014999389648438, 69.982192993164062 ], [ 22.067499160766602, 69.940261840820312 ], [ 22.050830841064453, 70.01080322265625 ], [ 22.115549087524414, 70.02886962890625 ], [ 21.836389541625977, 70.01885986328125 ], [ 21.811660766601562, 70.042762756347656 ], [ 22.031669616699219, 70.06414794921875 ], [ 22.096660614013672, 70.113311767578125 ], [ 21.932220458984375, 70.079421997070312 ], [ 21.481389999389648, 70.095542907714844 ], [ 21.433330535888672, 70.141647338867188 ], [ 21.48777961730957, 70.172760009765625 ], [ 21.309719085693359, 70.161361694335938 ], [ 21.208950042724609, 70.207351684570312 ], [ 21.438329696655273, 70.268043518066406 ], [ 21.446109771728516, 70.231086730957031 ], [ 21.499160766601562, 70.209976196289062 ], [ 21.516380310058594, 70.303863525390625 ], [ 21.573890686035156, 70.318588256835938 ], [ 21.613609313964844, 70.265533447265625 ], [ 21.729999542236328, 70.237472534179688 ], [ 21.870830535888672, 70.142196655273438 ], [ 21.882219314575195, 70.174148559570312 ], [ 21.805000305175781, 70.2410888671875 ], [ 21.821109771728516, 70.263870239257812 ], [ 22.003610610961914, 70.320823669433594 ], [ 21.996669769287109, 70.278030395507812 ], [ 22.084159851074219, 70.304702758789062 ], [ 22.112220764160156, 70.291091918945312 ], [ 22.106939315795898, 70.240806579589844 ], [ 22.146390914916992, 70.240249633789062 ], [ 22.153890609741211, 70.283042907714844 ], [ 22.310279846191406, 70.280532836914062 ], [ 22.23777961730957, 70.134140014648438 ], [ 22.553609848022461, 70.127197265625 ], [ 22.327499389648438, 70.16552734375 ], [ 22.377220153808594, 70.249687194824219 ], [ 22.977500915527344, 70.194137573242188 ], [ 22.950279235839844, 70.171920776367188 ], [ 22.367500305175781, 70.0596923828125 ], [ 23.016670227050781, 70.141647338867188 ], [ 22.991659164428711, 70.08831787109375 ], [ 23.030279159545898, 70.024406433105469 ], [ 23.121110916137695, 70.040252685546875 ], [ 23.148050308227539, 69.969146728515625 ], [ 23.101110458374023, 69.946372985839844 ], [ 23.321109771728516, 69.992202758789062 ], [ 23.323329925537109, 69.943862915039062 ], [ 23.532779693603516, 70.021636962890625 ], [ 23.24860954284668, 70.052749633789062 ], [ 23.181940078735352, 70.093307495117188 ], [ 23.365829467773438, 70.106643676757812 ], [ 23.403610229492188, 70.139137268066406 ], [ 23.305269241333008, 70.168869018554688 ], [ 23.419719696044922, 70.188308715820312 ], [ 23.283050537109375, 70.198593139648438 ], [ 23.253330230712891, 70.218307495117188 ], [ 23.51361083984375, 70.236923217773438 ], [ 23.406940460205078, 70.245246887207031 ], [ 23.612499237060547, 70.298576354980469 ], [ 23.465000152587891, 70.311370849609375 ], [ 23.518610000610352, 70.36358642578125 ], [ 23.854160308837891, 70.495246887207031 ], [ 24.030279159545898, 70.5072021484375 ], [ 24.355829238891602, 70.453872680664062 ], [ 24.303329467773438, 70.488861083984375 ], [ 24.118049621582031, 70.53192138671875 ], [ 24.106670379638672, 70.54608154296875 ], [ 24.203609466552734, 70.579147338867188 ], [ 24.28778076171875, 70.662483215332031 ], [ 24.36305046081543, 70.688583374023438 ], [ 24.719720840454102, 70.617202758789062 ], [ 24.73777961730957, 70.642471313476562 ], [ 24.699169158935547, 70.673858642578125 ], [ 24.245550155639648, 70.777206420898438 ], [ 24.26555061340332, 70.836090087890625 ], [ 24.401939392089844, 70.86553955078125 ], [ 24.634719848632812, 70.77581787109375 ], [ 24.645830154418945, 70.792762756347656 ], [ 24.608060836791992, 70.856369018554688 ], [ 24.721939086914062, 70.867752075195312 ], [ 24.583330154418945, 70.91998291015625 ], [ 24.591939926147461, 70.963027954101562 ], [ 24.707500457763672, 70.973587036132812 ], [ 24.985279083251953, 70.911087036132812 ], [ 24.98805046081543, 70.97442626953125 ], [ 25.063329696655273, 70.954147338867188 ], [ 25.069999694824219, 70.933868408203125 ], [ 24.924440383911133, 70.863311767578125 ], [ 25.067220687866211, 70.852203369140625 ], [ 25.088329315185547, 70.891921997070312 ], [ 25.161109924316406, 70.915817260742188 ], [ 25.253330230712891, 70.844703674316406 ], [ 25.252780914306641, 70.786087036132812 ], [ 25.346389770507812, 70.80914306640625 ], [ 25.392780303955078, 70.89276123046875 ], [ 25.343610763549805, 70.938583374023438 ], [ 25.347219467163086, 70.965812683105469 ], [ 25.393610000610352, 70.967483520507812 ], [ 25.534439086914062, 70.9144287109375 ], [ 25.532499313354492, 70.89276123046875 ], [ 25.445550918579102, 70.862472534179688 ], [ 25.466939926147461, 70.836090087890625 ], [ 25.691669464111328, 70.888313293457031 ], [ 25.907779693603516, 70.886642456054688 ], [ 25.913330078125, 70.85247802734375 ], [ 25.629169464111328, 70.757476806640625 ], [ 25.655279159545898, 70.729713439941406 ], [ 25.630279541015625, 70.713027954101562 ], [ 25.084999084472656, 70.496368408203125 ], [ 25.258890151977539, 70.520538330078125 ], [ 25.269720077514648, 70.492477416992188 ], [ 25.058050155639648, 70.479423522949219 ], [ 25.283889770507812, 70.459426879882812 ], [ 25.256660461425781, 70.38775634765625 ], [ 25.167219161987305, 70.397201538085938 ], [ 25.091390609741211, 70.350540161132812 ], [ 25.203889846801758, 70.326637268066406 ], [ 25.19972038269043, 70.294692993164062 ], [ 24.98805046081543, 70.228866577148438 ], [ 24.962499618530273, 70.188308715820312 ], [ 24.948610305786133, 70.08331298828125 ], [ 25.034719467163086, 70.0596923828125 ], [ 25.047500610351562, 70.079971313476562 ], [ 25.004999160766602, 70.110527038574219 ], [ 25.016389846801758, 70.131637573242188 ], [ 25.092500686645508, 70.147201538085938 ], [ 25.083330154418945, 70.104141235351562 ], [ 25.143610000610352, 70.076370239257812 ], [ 25.264999389648438, 70.102203369140625 ], [ 25.277500152587891, 70.136093139648438 ], [ 25.51361083984375, 70.264137268066406 ], [ 25.534999847412109, 70.3035888671875 ], [ 25.42388916015625, 70.322479248046875 ], [ 25.460550308227539, 70.354423522949219 ], [ 26.007770538330078, 70.60858154296875 ], [ 26.072500228881836, 70.710533142089844 ], [ 26.545560836791992, 70.933029174804688 ], [ 26.693880081176758, 70.952476501464844 ], [ 26.726390838623047, 70.921371459960938 ], [ 26.669719696044922, 70.822479248046875 ], [ 26.743330001831055, 70.822746276855469 ], [ 26.627780914306641, 70.701370239257812 ], [ 26.420280456542969, 70.66552734375 ], [ 26.351390838623047, 70.636093139648438 ], [ 26.544719696044922, 70.658576965332031 ], [ 26.653610229492188, 70.634407043457031 ], [ 26.504999160766602, 70.363037109375 ], [ 26.56110954284668, 70.349136352539062 ], [ 26.80194091796875, 70.44830322265625 ], [ 26.798330307006836, 70.477203369140625 ], [ 27.10028076171875, 70.467193603515625 ], [ 26.962779998779297, 70.5313720703125 ], [ 27.058330535888672, 70.610527038574219 ], [ 27.268610000610352, 70.583038330078125 ], [ 27.093330383300781, 70.641921997070312 ], [ 27.136390686035156, 70.66497802734375 ], [ 27.097499847412109, 70.691932678222656 ], [ 27.139720916748047, 70.742202758789062 ], [ 27.342220306396484, 70.753036499023438 ], [ 27.280550003051758, 70.768592834472656 ], [ 27.319160461425781, 70.824417114257812 ], [ 27.62639045715332, 70.799423217773438 ], [ 27.475830078125, 70.824417114257812 ], [ 27.53639030456543, 70.839706420898438 ], [ 27.497499465942383, 70.864433288574219 ], [ 27.258329391479492, 70.883033752441406 ], [ 27.128889083862305, 70.915252685546875 ], [ 27.156110763549805, 70.967483520507812 ], [ 27.349159240722656, 70.943313598632812 ], [ 27.218330383300781, 71.013031005859375 ], [ 27.273050308227539, 71.030258178710938 ], [ 27.475559234619141, 71.003860473632812 ], [ 27.544719696044922, 70.948593139648438 ], [ 27.573610305786133, 70.968307495117188 ], [ 27.524999618530273, 71.03497314453125 ], [ 27.531110763549805, 71.081916809082031 ], [ 27.647499084472656, 71.091636657714844 ], [ 27.652219772338867, 71.122482299804688 ], [ 27.735830307006836, 71.093307495117188 ], [ 27.696109771728516, 71.059417724609375 ], [ 27.886110305786133, 71.032203674316406 ], [ 28.165279388427734, 71.07525634765625 ], [ 28.235549926757812, 71.07330322265625 ], [ 28.261390686035156, 71.045257568359375 ], [ 28.19805908203125, 71.016921997070312 ], [ 28.486940383911133, 70.9910888671875 ], [ 28.550830841064453, 70.968307495117188 ], [ 28.443609237670898, 70.860260009765625 ], [ 28.271110534667969, 70.813026428222656 ], [ 28.252220153808594, 70.787483215332031 ], [ 28.137779235839844, 70.780258178710938 ], [ 27.993049621582031, 70.811653137207031 ], [ 27.764999389648438, 70.7794189453125 ], [ 28.113609313964844, 70.737762451171875 ], [ 28.075000762939453, 70.703033447265625 ], [ 27.87554931640625, 70.671920776367188 ], [ 27.663890838623047, 70.60247802734375 ], [ 27.836940765380859, 70.615249633789062 ], [ 28.297779083251953, 70.708038330078125 ], [ 28.288890838623047, 70.654693603515625 ], [ 28.241939544677734, 70.618873596191406 ], [ 27.851669311523438, 70.478866577148438 ], [ 27.881389617919922, 70.425537109375 ], [ 27.970830917358398, 70.491363525390625 ], [ 28.182220458984375, 70.497756958007812 ], [ 28.041109085083008, 70.447746276855469 ], [ 28.065549850463867, 70.435531616210938 ], [ 28.231939315795898, 70.505813598632812 ], [ 28.335550308227539, 70.505538940429688 ], [ 28.153890609741211, 70.369422912597656 ], [ 28.156110763549805, 70.244140625 ], [ 28.185829162597656, 70.159416198730469 ], [ 28.149169921875, 70.118873596191406 ], [ 28.015239715576172, 70.069366455078125 ], [ 27.806659698486328, 70.079421997070312 ], [ 27.377220153808594, 70.002761840820312 ], [ 27.292499542236328, 69.950531005859375 ], [ 27.038610458374023, 69.908309936523438 ], [ 26.807769775390625, 69.951919555664062 ], [ 26.460550308227539, 69.931922912597656 ], [ 26.369720458984375, 69.849983215332031 ], [ 25.988880157470703, 69.706626892089844 ], [ 25.942220687866211, 69.667472839355469 ], [ 25.975830078125, 69.6302490234375 ], [ 25.934440612792969, 69.566360473632812 ], [ 25.853050231933594, 69.546920776367188 ], [ 25.830549240112305, 69.378303527832031 ], [ 25.751110076904297, 69.336090087890625 ], [ 25.708610534667969, 69.206626892089844 ], [ 25.809160232543945, 69.011367797851562 ], [ 25.612220764160156, 68.88134765625 ], [ 25.384719848632812, 68.880523681640625 ], [ 25.166660308837891, 68.785797119140625 ], [ 25.095830917358398, 68.629142761230469 ], [ 24.935550689697266, 68.593856811523438 ], [ 24.918329238891602, 68.561897277832031 ], [ 24.881389617919922, 68.558578491210938 ], [ 24.797779083251953, 68.64080810546875 ], [ 24.690269470214844, 68.676361083984375 ], [ 24.131389617919922, 68.77996826171875 ], [ 24.044719696044922, 68.823867797851562 ], [ 23.856380462646484, 68.832473754882812 ], [ 23.703609466552734, 68.715263366699219 ], [ 23.204160690307617, 68.628570556640625 ], [ 23.063880920410156, 68.695510864257812 ], [ 22.398330688476562, 68.711090087890625 ], [ 22.348609924316406, 68.84246826171875 ], [ 21.681940078735352, 69.284698486328125 ], [ 21.320829391479492, 69.326080322265625 ], [ 21.055000305175781, 69.22857666015625 ], [ 21.03972053527832, 69.182456970214844 ], [ 21.066110610961914, 69.126358032226562 ], [ 21.11305046081543, 69.108016967773438 ], [ 21.067499160766602, 69.039138793945312 ], [ 20.738330841064453, 69.096359252929688 ], [ 20.586090087890625, 69.063140869140625 ], [ 20.096939086914062, 69.042190551757812 ], [ 20.314720153808594, 68.928298950195312 ], [ 20.350269317626953, 68.786636352539062 ], [ 20.202499389648438, 68.662193298339844 ], [ 19.956380844116211, 68.543853759765625 ], [ 20.211109161376953, 68.482192993164062 ], [ 20.175830841064453, 68.448013305664062 ], [ 19.937770843505859, 68.337478637695312 ], [ 18.952220916748047, 68.487747192382812 ], [ 18.611940383911133, 68.475250244140625 ], [ 18.358049392700195, 68.539138793945312 ], [ 18.090829849243164, 68.50775146484375 ], [ 18.045829772949219, 68.409408569335938 ], [ 18.155269622802734, 68.16607666015625 ], [ 17.884159088134766, 67.945510864257812 ], [ 17.273609161376953, 68.090530395507812 ], [ 17.188329696655273, 68.030258178710938 ], [ 16.726940155029297, 67.899139404296875 ], [ 16.570270538330078, 67.65692138671875 ], [ 16.382499694824219, 67.515533447265625 ], [ 16.192220687866211, 67.499977111816406 ], [ 16.085830688476562, 67.411636352539062 ], [ 16.399160385131836, 67.177749633789062 ], [ 16.353889465332031, 67.017753601074219 ], [ 16.010000228881836, 66.89080810546875 ], [ 15.625829696655273, 66.605796813964844 ], [ 15.36277961730957, 66.479972839355469 ], [ 15.468050003051758, 66.283859252929688 ], [ 15.025279998779297, 66.149978637695312 ], [ 14.505000114440918, 66.132461547851562 ], [ 14.634719848632812, 65.826919555664062 ], [ 14.503890037536621, 65.593307495117188 ], [ 14.493049621582031, 65.313583374023438 ], [ 14.368889808654785, 65.246627807617188 ], [ 14.319439888000488, 65.129959106445312 ], [ 13.696940422058105, 64.629409790039062 ], [ 13.682220458984375, 64.571090698242188 ], [ 14.116390228271484, 64.47052001953125 ], [ 14.154720306396484, 64.185791015625 ], [ 13.981659889221191, 64.013031005859375 ], [ 13.229999542236328, 64.093032836914062 ], [ 12.836660385131836, 64.023033142089844 ], [ 12.675000190734863, 63.965541839599609 ], [ 12.139439582824707, 63.584148406982422 ], [ 12.194999694824219, 63.485260009765625 ], [ 11.936389923095703, 63.272209167480469 ], [ 12.168609619140625, 63.015819549560547 ], [ 12.028889656066895, 62.892490386962891 ], [ 12.08944034576416, 62.749431610107422 ], [ 12.011940002441406, 62.60137939453125 ], [ 12.210000038146973, 62.389980316162109 ], [ 12.295829772949219, 62.261661529541016 ], [ 12.12444019317627, 61.728588104248047 ], [ 12.406669616699219, 61.573318481445312 ], [ 12.529999732971191, 61.566089630126953 ], [ 12.856109619140625, 61.362491607666016 ], [ 12.654999732971191, 61.062480926513672 ], [ 12.294159889221191, 61.029430389404297 ], [ 12.229160308837891, 60.985260009765625 ], [ 12.587499618530273, 60.526649475097656 ], [ 12.608050346374512, 60.468589782714844 ], [ 12.589719772338867, 60.399150848388672 ], [ 12.491109848022461, 60.301380157470703 ], [ 12.476940155029297, 60.076381683349609 ], [ 12.163049697875977, 59.896930694580078 ], [ 11.956939697265625, 59.896930694580078 ], [ 11.815279960632324, 59.845821380615234 ], [ 11.891110420227051, 59.794708251953125 ], [ 11.902779579162598, 59.707759857177734 ], [ 11.666110038757324, 59.595821380615234 ], [ 11.790829658508301, 59.303310394287109 ], [ 11.798330307006836, 59.245258331298828 ], [ 11.739720344543457, 59.128589630126953 ], [ 11.751110076904297, 59.090259552001953 ], [ 11.626660346984863, 58.909149169921875 ], [ 11.46304988861084, 58.883598327636719 ], [ 11.427780151367188, 58.893039703369141 ], [ 11.420289993286133, 58.995998382568359 ], [ 11.356109619140625, 59.107208251953125 ], [ 11.171389579772949, 59.124980926513672 ], [ 11.173609733581543, 59.193321228027344 ], [ 11.150279998779297, 59.1533203125 ], [ 11.064169883728027, 59.116649627685547 ], [ 10.941940307617188, 59.186378479003906 ], [ 10.93889045715332, 59.134429931640625 ], [ 10.906109809875488, 59.138599395751953 ], [ 10.903610229492188, 59.195541381835938 ], [ 10.824999809265137, 59.149429321289062 ], [ 10.782500267028809, 59.208881378173828 ], [ 10.729169845581055, 59.235538482666016 ], [ 10.780830383300781, 59.309989929199219 ], [ 10.667499542236328, 59.319149017333984 ], [ 10.663610458374023, 59.359439849853516 ], [ 10.585829734802246, 59.427761077880859 ], [ 10.653610229492188, 59.495819091796875 ], [ 10.676389694213867, 59.436939239501953 ], [ 10.691670417785645, 59.483879089355469 ], [ 10.557780265808105, 59.728599548339844 ], [ 10.584440231323242, 59.789989471435547 ], [ 10.640279769897461, 59.856658935546875 ], [ 10.671939849853516, 59.839710235595703 ], [ 10.716110229492188, 59.735820770263672 ], [ 10.759440422058105, 59.841930389404297 ], [ 10.725830078125, 59.896648406982422 ], [ 10.571390151977539, 59.886379241943359 ], [ 10.471670150756836, 59.843318939208984 ], [ 10.496939659118652, 59.721931457519531 ], [ 10.604439735412598, 59.629711151123047 ], [ 10.606940269470215, 59.582489013671875 ], [ 10.558050155639648, 59.543048858642578 ], [ 10.458330154418945, 59.513050079345703 ], [ 10.419440269470215, 59.528598785400391 ], [ 10.428330421447754, 59.596370697021484 ], [ 10.374719619750977, 59.702770233154297 ], [ 10.228610038757324, 59.731380462646484 ], [ 10.231389999389648, 59.718601226806641 ], [ 10.375, 59.662490844726562 ], [ 10.38971996307373, 59.631378173828125 ], [ 10.390000343322754, 59.566928863525391 ], [ 10.358329772949219, 59.523040771484375 ], [ 10.263890266418457, 59.552761077880859 ], [ 10.246939659118652, 59.537769317626953 ], [ 10.484999656677246, 59.409709930419922 ], [ 10.44972038269043, 59.344711303710938 ], [ 10.513609886169434, 59.298599243164062 ], [ 10.447219848632812, 59.239711761474609 ], [ 10.363889694213867, 59.265270233154297 ], [ 10.321109771728516, 59.159160614013672 ], [ 10.263609886169434, 59.106658935546875 ], [ 10.26222038269043, 59.033870697021484 ], [ 10.227219581604004, 59.112770080566406 ], [ 10.220829963684082, 59.016929626464844 ], [ 10.130829811096191, 58.997489929199219 ], [ 10.130829811096191, 59.016101837158203 ], [ 10.163060188293457, 59.046649932861328 ], [ 10.019169807434082, 59.028598785400391 ], [ 10.025830268859863, 58.971660614013672 ], [ 9.996386528015137, 58.959430694580078 ], [ 9.813331604003906, 58.961929321289062 ], [ 9.842777252197266, 59.000541687011719 ], [ 9.755277633666992, 59.031379699707031 ], [ 9.691944122314453, 59.090259552001953 ], [ 9.686943054199219, 59.045551300048828 ], [ 9.654722213745117, 59.052211761474609 ], [ 9.633888244628906, 59.12860107421875 ], [ 9.544166564941406, 59.104988098144531 ], [ 9.712221145629883, 59.018600463867188 ], [ 9.351110458374023, 58.857490539550781 ], [ 9.299720764160156, 58.875270843505859 ], [ 9.280553817749023, 58.830539703369141 ], [ 9.409442901611328, 58.841381072998047 ], [ 9.448331832885742, 58.821380615234375 ], [ 9.339998245239258, 58.750820159912109 ], [ 9.067220687866211, 58.736370086669922 ], [ 9.224164962768555, 58.714160919189453 ], [ 9.167776107788086, 58.682491302490234 ], [ 9.197221755981445, 58.662208557128906 ], [ 8.951387405395508, 58.579151153564453 ], [ 8.931110382080078, 58.547210693359375 ], [ 8.544998168945312, 58.306098937988281 ], [ 8.248055458068848, 58.201930999755859 ], [ 8.211111068725586, 58.115550994873047 ], [ 8.163055419921875, 58.142208099365234 ], [ 8.11805534362793, 58.095268249511719 ], [ 8.031944274902344, 58.129161834716797 ], [ 8.077499389648438, 58.154991149902344 ], [ 8.02610969543457, 58.221099853515625 ], [ 8.028331756591797, 58.174709320068359 ], [ 7.934721946716309, 58.079429626464844 ], [ 7.654722213745117, 58.040271759033203 ], [ 7.362778186798096, 58.012760162353516 ], [ 7.241943836212158, 58.054988861083984 ], [ 7.049166202545166, 57.996101379394531 ], [ 6.998054981231689, 58.003318786621094 ], [ 7.101943969726562, 58.080268859863281 ], [ 6.960555076599121, 58.060821533203125 ], [ 6.986944198608398, 58.106929779052734 ], [ 6.903610229492188, 58.051101684570312 ], [ 6.892776966094971, 58.092769622802734 ], [ 6.99027681350708, 58.135540008544922 ], [ 6.774444103240967, 58.174160003662109 ], [ 6.813611030578613, 58.117210388183594 ], [ 6.691388130187988, 58.119709014892578 ], [ 6.777222156524658, 58.058601379394531 ], [ 6.597776889801025, 58.070270538330078 ], [ 6.530832767486572, 58.114158630371094 ], [ 6.849165916442871, 58.270820617675781 ], [ 6.665277004241943, 58.225551605224609 ], [ 6.645631790161133, 58.288509368896484 ], [ 6.704999923706055, 58.314430236816406 ], [ 6.647778034210205, 58.318878173828125 ], [ 6.607778072357178, 58.237770080566406 ], [ 6.326665878295898, 58.274429321289062 ], [ 5.983333110809326, 58.398880004882812 ], [ 5.956943988800049, 58.471660614013672 ], [ 5.757222175598145, 58.486660003662109 ], [ 5.620831966400146, 58.559711456298828 ], [ 5.456277847290039, 58.750648498535156 ], [ 5.575276851654053, 58.892768859863281 ], [ 5.550278186798096, 58.91387939453125 ], [ 5.548055171966553, 58.952491760253906 ], [ 5.610833168029785, 58.904430389404297 ], [ 5.626111030578613, 58.930271148681641 ], [ 5.525277137756348, 58.985271453857422 ], [ 5.563333034515381, 59.031101226806641 ], [ 5.714722156524658, 58.970829010009766 ], [ 5.712777137756348, 58.865821838378906 ], [ 5.874999046325684, 58.956928253173828 ], [ 6.13027811050415, 58.833881378173828 ], [ 6.230277061462402, 58.838329315185547 ], [ 6.08805513381958, 58.865821838378906 ], [ 6.059443950653076, 58.902488708496094 ], [ 6.123610019683838, 58.959991455078125 ], [ 6.381389141082764, 59.015819549560547 ], [ 6.146388053894043, 58.991100311279297 ], [ 6.027499198913574, 58.901931762695312 ], [ 5.974165916442871, 58.962211608886719 ], [ 6.023611068725586, 58.991939544677734 ], [ 6.015276908874512, 59.015541076660156 ], [ 5.928332805633545, 59.015541076660156 ], [ 5.866387844085693, 59.072208404541016 ], [ 5.887220859527588, 59.096370697021484 ], [ 6.127777099609375, 59.145549774169922 ], [ 6.009444236755371, 59.143039703369141 ], [ 6.007222175598145, 59.164440155029297 ], [ 6.111388206481934, 59.228599548339844 ], [ 6.455276966094971, 59.324989318847656 ], [ 6.115832805633545, 59.260818481445312 ], [ 6.090278148651123, 59.304149627685547 ], [ 6.184998989105225, 59.308601379394531 ], [ 6.179443836212158, 59.320541381835938 ], [ 5.99555492401123, 59.329708099365234 ], [ 6.044999122619629, 59.381649017333984 ], [ 6.185832977294922, 59.428321838378906 ], [ 6.235555171966553, 59.504989624023438 ], [ 6.468887805938721, 59.555271148681641 ], [ 6.246665954589844, 59.520549774169922 ], [ 6.247221946716309, 59.540538787841797 ], [ 6.147499084472656, 59.450820922851562 ], [ 6.011388778686523, 59.398319244384766 ], [ 5.98527717590332, 59.425819396972656 ], [ 5.988889217376709, 59.374710083007812 ], [ 5.926109790802002, 59.352771759033203 ], [ 5.876944065093994, 59.408870697021484 ], [ 5.896667003631592, 59.447208404541016 ], [ 6.139998912811279, 59.484710693359375 ], [ 5.884444236755371, 59.478321075439453 ], [ 5.805276870727539, 59.532489776611328 ], [ 5.65055513381958, 59.399429321289062 ], [ 5.789443969726562, 59.428878784179688 ], [ 5.861944198608398, 59.376930236816406 ], [ 5.856667041778564, 59.345539093017578 ], [ 5.622498989105225, 59.287208557128906 ], [ 5.610000133514404, 59.299991607666016 ], [ 5.648611068725586, 59.32720947265625 ], [ 5.582499980926514, 59.394710540771484 ], [ 5.572498798370361, 59.319988250732422 ], [ 5.511109828948975, 59.274990081787109 ], [ 5.438611030578613, 59.293598175048828 ], [ 5.439444065093994, 59.398880004882812 ], [ 5.414999961853027, 59.393878936767578 ], [ 5.406943798065186, 59.321098327636719 ], [ 5.379444122314453, 59.296100616455078 ], [ 5.33805513381958, 59.417488098144531 ], [ 5.326665878295898, 59.368038177490234 ], [ 5.300277233123779, 59.339710235595703 ], [ 5.194722175598145, 59.436378479003906 ], [ 5.179721832275391, 59.514430999755859 ], [ 5.273333072662354, 59.591930389404297 ], [ 5.383333206176758, 59.646381378173828 ], [ 5.407776832580566, 59.5908203125 ], [ 5.434721946716309, 59.623321533203125 ], [ 5.392776966094971, 59.663318634033203 ], [ 5.491943836212158, 59.730819702148438 ], [ 5.495831966400146, 59.568599700927734 ], [ 5.414721012115479, 59.538318634033203 ], [ 5.410831928253174, 59.503318786621094 ], [ 5.502500057220459, 59.530540466308594 ], [ 5.541666030883789, 59.580539703369141 ], [ 5.524166107177734, 59.617488861083984 ], [ 5.555554866790771, 59.671939849853516 ], [ 5.593887805938721, 59.675270080566406 ], [ 5.761109828948975, 59.606380462646484 ], [ 5.771388053894043, 59.646648406982422 ], [ 5.878055095672607, 59.651100158691406 ], [ 5.75527811050415, 59.664150238037109 ], [ 5.745831966400146, 59.682491302490234 ], [ 5.840278148651123, 59.731380462646484 ], [ 6.066667079925537, 59.743881225585938 ], [ 6.313055038452148, 59.852771759033203 ], [ 5.973331928253174, 59.753040313720703 ], [ 5.932499885559082, 59.786930084228516 ], [ 5.963888168334961, 59.813041687011719 ], [ 5.952498912811279, 59.855258941650391 ], [ 5.919167041778564, 59.788600921630859 ], [ 5.818889141082764, 59.770259857177734 ], [ 5.669722080230713, 59.849990844726562 ], [ 5.74360990524292, 59.911651611328125 ], [ 5.959999084472656, 59.951648712158203 ], [ 5.984166145324707, 59.974430084228516 ], [ 5.953609943389893, 60.002769470214844 ], [ 6.034165859222412, 60.066928863525391 ], [ 6.243054866790771, 60.111370086669922 ], [ 6.258887767791748, 60.158599853515625 ], [ 6.113609790802002, 60.102210998535156 ], [ 6.078054904937744, 60.163051605224609 ], [ 6.079720973968506, 60.195270538330078 ], [ 6.15555477142334, 60.219711303710938 ], [ 6.204720020294189, 60.295551300048828 ], [ 6.536665916442871, 60.429710388183594 ], [ 6.640554904937744, 60.410259246826172 ], [ 6.579720973968506, 60.341648101806641 ], [ 6.504444122314453, 60.113601684570312 ], [ 6.524444103240967, 60.081928253173828 ], [ 6.577498912811279, 60.271381378173828 ], [ 6.702221870422363, 60.4002685546875 ], [ 6.833888053894043, 60.473598480224609 ], [ 7.021667003631592, 60.474708557128906 ], [ 7.104444026947021, 60.499149322509766 ], [ 6.899444103240967, 60.506099700927734 ], [ 7.01361083984375, 60.587490081787109 ], [ 6.952498912811279, 60.570819854736328 ], [ 6.849998950958252, 60.489711761474609 ], [ 6.62055492401123, 60.429439544677734 ], [ 6.591110229492188, 60.454429626464844 ], [ 6.686666011810303, 60.517208099365234 ], [ 6.236111164093018, 60.371929168701172 ], [ 6.11860990524292, 60.368038177490234 ], [ 6.187777996063232, 60.347759246826172 ], [ 6.143332004547119, 60.306098937988281 ], [ 6.160276889801025, 60.280818939208984 ], [ 6.121110916137695, 60.236930847167969 ], [ 6.00333309173584, 60.268039703369141 ], [ 5.957499980926514, 60.206378936767578 ], [ 5.852777004241943, 60.153598785400391 ], [ 5.878611087799072, 60.041660308837891 ], [ 5.75666618347168, 59.985820770263672 ], [ 5.704720973968506, 60.006938934326172 ], [ 5.690555095672607, 60.066379547119141 ], [ 5.768610954284668, 60.059711456298828 ], [ 5.794722080230713, 60.088871002197266 ], [ 5.707499980926514, 60.088600158691406 ], [ 5.724443912506104, 60.139991760253906 ], [ 5.789721012115479, 60.207489013671875 ], [ 5.579165935516357, 60.140270233154297 ], [ 5.54444408416748, 60.156101226806641 ], [ 5.707499980926514, 60.234710693359375 ], [ 5.602499961853027, 60.258041381835938 ], [ 5.568333148956299, 60.246379852294922 ], [ 5.669722080230713, 60.345539093017578 ], [ 5.665832996368408, 60.366378784179688 ], [ 5.40166711807251, 60.131938934326172 ], [ 5.316388130187988, 60.196929931640625 ], [ 5.338611125946045, 60.217769622802734 ], [ 5.222776889801025, 60.203880310058594 ], [ 5.309998989105225, 60.263050079345703 ], [ 5.168056011199951, 60.277210235595703 ], [ 5.166388988494873, 60.311100006103516 ], [ 5.225276947021484, 60.318321228027344 ], [ 5.148611068725586, 60.336101531982422 ], [ 5.144999980926514, 60.366378784179688 ], [ 5.203887939453125, 60.392208099365234 ], [ 5.296944141387939, 60.389148712158203 ], [ 5.252500057220459, 60.428050994873047 ], [ 5.235833168029785, 60.490821838378906 ], [ 5.292777061462402, 60.524990081787109 ], [ 5.494443893432617, 60.419429779052734 ], [ 5.63361120223999, 60.415271759033203 ], [ 5.713611125946045, 60.469989776611328 ], [ 5.702776908874512, 60.553600311279297 ], [ 5.742221832275391, 60.652759552001953 ], [ 5.661943912506104, 60.703319549560547 ], [ 5.681943893432617, 60.755821228027344 ], [ 5.59250020980835, 60.695819854736328 ], [ 5.530276775360107, 60.691379547119141 ], [ 5.516109943389893, 60.619991302490234 ], [ 5.261388778686523, 60.553050994873047 ], [ 5.198609828948975, 60.577491760253906 ], [ 5.093332767486572, 60.660549163818359 ], [ 5.222776889801025, 60.622760772705078 ], [ 4.96750020980835, 60.783039093017578 ], [ 4.997221946716309, 60.804710388183594 ], [ 5.298055171966553, 60.711650848388672 ], [ 5.314722061157227, 60.668598175048828 ], [ 5.37388801574707, 60.634429931640625 ], [ 5.365554809570312, 60.674430847167969 ], [ 5.405832767486572, 60.701930999755859 ], [ 5.24360990524292, 60.758041381835938 ], [ 5.248332977294922, 60.781940460205078 ], [ 5.520833015441895, 60.872211456298828 ], [ 5.483889102935791, 60.907211303710938 ], [ 5.145555019378662, 60.807769775390625 ], [ 5.035554885864258, 60.851650238037109 ], [ 4.992776870727539, 60.960269927978516 ], [ 5.084167003631592, 60.944438934326172 ], [ 5.077221870422363, 60.885269165039062 ], [ 5.097776889801025, 60.874710083007812 ], [ 5.103888988494873, 60.924160003662109 ], [ 5.081387996673584, 60.966648101806641 ], [ 5.002500057220459, 60.997489929199219 ], [ 5.024166107177734, 61.049991607666016 ], [ 5.115554809570312, 61.072769165039062 ], [ 5.411943912506104, 61.022209167480469 ], [ 5.483055114746094, 61.056659698486328 ], [ 5.893887996673584, 61.124149322509766 ], [ 6.372221946716309, 61.061939239501953 ], [ 6.351943969726562, 61.032211303710938 ], [ 6.372221946716309, 61.008319854736328 ], [ 6.421944141387939, 61.073040008544922 ], [ 6.546944141387939, 61.094711303710938 ], [ 6.608611106872559, 61.170818328857422 ], [ 6.855000019073486, 61.128040313720703 ], [ 6.867221832275391, 61.0877685546875 ], [ 6.953609943389893, 61.083049774169922 ], [ 6.982222080230713, 61.049709320068359 ], [ 6.999166011810303, 60.993320465087891 ], [ 6.870831966400146, 60.933879852294922 ], [ 7.025000095367432, 60.974151611328125 ], [ 7.12833309173584, 60.927490234375 ], [ 7.113889217376709, 60.860271453857422 ], [ 7.162776947021484, 60.899429321289062 ], [ 7.167500019073486, 60.944149017333984 ], [ 7.071944236755371, 60.974708557128906 ], [ 6.996665954589844, 61.085269927978516 ], [ 7.019999980926514, 61.100551605224609 ], [ 7.382777214050293, 61.111660003662109 ], [ 7.358611106872559, 61.1533203125 ], [ 7.614165782928467, 61.196929931640625 ], [ 7.693333148956299, 61.227489471435547 ], [ 7.580832004547119, 61.205268859863281 ], [ 7.362778186798096, 61.202770233154297 ], [ 7.303887844085693, 61.294429779052734 ], [ 7.364165782928467, 61.364990234375 ], [ 7.519443988800049, 61.450260162353516 ], [ 7.34305477142334, 61.388320922851562 ], [ 7.24027681350708, 61.290821075439453 ], [ 7.307220935821533, 61.215549468994141 ], [ 7.360555171966553, 61.186378479003906 ], [ 7.292222023010254, 61.158039093017578 ], [ 7.223887920379639, 61.181098937988281 ], [ 7.148611068725586, 61.142768859863281 ], [ 6.926665782928467, 61.116939544677734 ], [ 6.9186110496521, 61.144989013671875 ], [ 7.004444122314453, 61.177490234375 ], [ 6.694444179534912, 61.183040618896484 ], [ 6.559721946716309, 61.22943115234375 ], [ 6.69666576385498, 61.345829010009766 ], [ 6.703609943389893, 61.401371002197266 ], [ 6.66416597366333, 61.3377685546875 ], [ 6.493054866790771, 61.260269165039062 ], [ 6.538054943084717, 61.203880310058594 ], [ 6.461111068725586, 61.207210540771484 ], [ 6.510554790496826, 61.151371002197266 ], [ 6.47666597366333, 61.127490997314453 ], [ 6.248610019683838, 61.133319854736328 ], [ 6.176389217376709, 61.179149627685547 ], [ 5.885554790496826, 61.157489776611328 ], [ 5.383055210113525, 61.068878173828125 ], [ 5.06138801574707, 61.156940460205078 ], [ 5.08472204208374, 61.188880920410156 ], [ 5.223610877990723, 61.168880462646484 ], [ 5.189166069030762, 61.208049774169922 ], [ 4.988055229187012, 61.219440460205078 ], [ 4.996387958526611, 61.279148101806641 ], [ 5.235555171966553, 61.334709167480469 ], [ 5.293888092041016, 61.307491302490234 ], [ 5.31138801574707, 61.255550384521484 ], [ 5.338888168334961, 61.259990692138672 ], [ 5.320277214050293, 61.318050384521484 ], [ 5.254722118377686, 61.341930389404297 ], [ 5.331387996673584, 61.349708557128906 ], [ 5.38361120223999, 61.374149322509766 ], [ 5.040555000305176, 61.317760467529297 ], [ 4.999722003936768, 61.352771759033203 ], [ 5.005833148956299, 61.382488250732422 ], [ 5.043056011199951, 61.399150848388672 ], [ 4.948888778686523, 61.412769317626953 ], [ 5.189166069030762, 61.470539093017578 ], [ 5.527499198913574, 61.428600311279297 ], [ 5.550555229187012, 61.445541381835938 ], [ 5.804998874664307, 61.452770233154297 ], [ 5.667222023010254, 61.494159698486328 ], [ 5.54444408416748, 61.457210540771484 ], [ 5.171389102935791, 61.504428863525391 ], [ 5.137499809265137, 61.536098480224609 ], [ 5.355833053588867, 61.554439544677734 ], [ 5.223610877990723, 61.569149017333984 ], [ 5.160276889801025, 61.594150543212891 ], [ 5.342776775360107, 61.575550079345703 ], [ 5.424444198608398, 61.583599090576172 ], [ 5.219165802001953, 61.627208709716797 ], [ 4.963333129882812, 61.638050079345703 ], [ 4.965555191040039, 61.719150543212891 ], [ 5.060554981231689, 61.746101379394531 ], [ 5.131944179534912, 61.706928253173828 ], [ 5.154166221618652, 61.731658935546875 ], [ 5.072778224945068, 61.755550384521484 ], [ 5.409999847412109, 61.911380767822266 ], [ 5.595832824707031, 61.895259857177734 ], [ 5.744720935821533, 61.842208862304688 ], [ 5.68305492401123, 61.837211608886719 ], [ 5.626389026641846, 61.808601379394531 ], [ 5.885554790496826, 61.848320007324219 ], [ 5.947222232818604, 61.835269927978516 ], [ 5.921111106872559, 61.761928558349609 ], [ 5.973054885864258, 61.830539703369141 ], [ 6.016109943389893, 61.822490692138672 ], [ 6.102221012115479, 61.767490386962891 ], [ 6.181388854980469, 61.771381378173828 ], [ 6.061944007873535, 61.830539703369141 ], [ 6.518332004547119, 61.808601379394531 ], [ 6.586160182952881, 61.849609375 ], [ 6.658332824707031, 61.869709014892578 ], [ 6.758055210113525, 61.846099853515625 ], [ 6.815555095672607, 61.872760772705078 ], [ 6.674722194671631, 61.894710540771484 ], [ 6.476387977600098, 61.825550079345703 ], [ 6.016109943389893, 61.866649627685547 ], [ 5.824165821075439, 61.864711761474609 ], [ 5.960278034210205, 61.909988403320312 ], [ 5.519443988800049, 61.927211761474609 ], [ 5.125555038452148, 61.906379699707031 ], [ 5.149444103240967, 61.974151611328125 ], [ 5.401111125946045, 62.021648406982422 ], [ 5.073609828948975, 62.153049468994141 ], [ 5.086389064788818, 62.186649322509766 ], [ 5.193889141082764, 62.201648712158203 ], [ 5.281110763549805, 62.124980926513672 ], [ 5.400277137756348, 62.083881378173828 ], [ 5.473331928253174, 62.008041381835938 ], [ 5.528889179229736, 62.073879241943359 ], [ 5.565555095672607, 62.072490692138672 ], [ 5.422500133514404, 62.104709625244141 ], [ 5.384444236755371, 62.128040313720703 ], [ 5.414999961853027, 62.175819396972656 ], [ 5.483611106872559, 62.184158325195312 ], [ 5.67277717590332, 62.137210845947266 ], [ 5.67277717590332, 62.170269012451172 ], [ 5.858611106872559, 62.198318481445312 ], [ 5.921111106872559, 62.172210693359375 ], [ 5.919999122619629, 62.113601684570312 ], [ 5.849721908569336, 62.041370391845703 ], [ 5.878611087799072, 62.035259246826172 ], [ 5.964999198913574, 62.138320922851562 ], [ 6.046389102935791, 62.094989776611328 ], [ 6.364999771118164, 62.058601379394531 ], [ 6.098610877990723, 62.10137939453125 ], [ 5.925278186798096, 62.198879241943359 ], [ 5.923055171966553, 62.220539093017578 ], [ 5.990832805633545, 62.217491149902344 ], [ 5.951665878295898, 62.256378173828125 ], [ 6.051665782928467, 62.306659698486328 ], [ 6.323888778686523, 62.365821838378906 ], [ 6.588333129882812, 62.129428863525391 ], [ 6.572222232818604, 62.167209625244141 ], [ 6.418056011199951, 62.304988861083984 ], [ 6.386109828948975, 62.363601684570312 ], [ 6.411110877990723, 62.387210845947266 ], [ 6.508887767791748, 62.394989013671875 ], [ 6.56777811050415, 62.354160308837891 ], [ 6.553610801696777, 62.409709930419922 ], [ 6.696575164794922, 62.441459655761719 ], [ 6.883055210113525, 62.411380767822266 ], [ 7.000555038452148, 62.254161834716797 ], [ 6.989433765411377, 62.176990509033203 ], [ 6.942499160766602, 62.140541076660156 ], [ 6.978332996368408, 62.088329315185547 ], [ 7.176665782928467, 62.102489471435547 ], [ 7.010832786560059, 62.098320007324219 ], [ 6.967776775360107, 62.119709014892578 ], [ 7.037221908569336, 62.272209167480469 ], [ 7.326387882232666, 62.272491455078125 ], [ 6.975276947021484, 62.309989929199219 ], [ 6.923565864562988, 62.361698150634766 ], [ 6.954165935516357, 62.385818481445312 ], [ 6.799722194671631, 62.457210540771484 ], [ 6.380555152893066, 62.418880462646484 ], [ 6.293333053588867, 62.45220947265625 ], [ 6.675555229187012, 62.491378784179688 ], [ 6.621665954589844, 62.514991760253906 ], [ 6.26361083984375, 62.521099090576172 ], [ 6.246943950653076, 62.574710845947266 ], [ 6.325554847717285, 62.607208251953125 ], [ 6.565555095672607, 62.608318328857422 ], [ 6.612222194671631, 62.560821533203125 ], [ 6.622221946716309, 62.617210388183594 ], [ 6.769165992736816, 62.651100158691406 ], [ 6.924444198608398, 62.577770233154297 ], [ 6.912776947021484, 62.647209167480469 ], [ 7.095554828643799, 62.643318176269531 ], [ 7.036943912506104, 62.610538482666016 ], [ 7.099721908569336, 62.608600616455078 ], [ 7.128888130187988, 62.527759552001953 ], [ 7.160831928253174, 62.627490997314453 ], [ 7.515276908874512, 62.539989471435547 ], [ 7.53916597366333, 62.499149322509766 ], [ 7.765554904937744, 62.577770233154297 ], [ 7.474443912506104, 62.56610107421875 ], [ 7.418888092041016, 62.595539093017578 ], [ 7.414721012115479, 62.627490997314453 ], [ 7.488889217376709, 62.632770538330078 ], [ 7.503055095672607, 62.605819702148438 ], [ 7.50666618347168, 62.660259246826172 ], [ 7.63027811050415, 62.699161529541016 ], [ 7.905276775360107, 62.731929779052734 ], [ 8.114999771118164, 62.697490692138672 ], [ 8.139165878295898, 62.706928253173828 ], [ 8.046665191650391, 62.747489929199219 ], [ 8.063331604003906, 62.774711608886719 ], [ 7.445555210113525, 62.683601379394531 ], [ 7.367776870727539, 62.726100921630859 ], [ 7.640554904937744, 62.783039093017578 ], [ 7.625833034515381, 62.795269012451172 ], [ 7.384998798370361, 62.751380920410156 ], [ 6.950276851654053, 62.725551605224609 ], [ 6.975276947021484, 62.799430847167969 ], [ 7.099721908569336, 62.824161529541016 ], [ 7.00333309173584, 62.838600158691406 ], [ 6.881944179534912, 62.915821075439453 ], [ 7.098331928253174, 62.986930847167969 ], [ 7.298055171966553, 63.001930236816406 ], [ 7.448609828948975, 62.912769317626953 ], [ 7.520833015441895, 62.917488098144531 ], [ 7.648889064788818, 62.969150543212891 ], [ 7.760832786560059, 62.975818634033203 ], [ 7.784165859222412, 62.960540771484375 ], [ 7.676943778991699, 62.908329010009766 ], [ 7.977777004241943, 62.973320007324219 ], [ 8.081944465637207, 62.942489624023438 ], [ 8.175554275512695, 62.802211761474609 ], [ 8.569999694824219, 62.672489166259766 ], [ 8.552499771118164, 62.716648101806641 ], [ 8.178609848022461, 62.844989776611328 ], [ 8.171665191650391, 62.890819549560547 ], [ 8.208054542541504, 62.907489776611328 ], [ 7.970276832580566, 63.026660919189453 ], [ 7.900833129882812, 62.994709014892578 ], [ 7.879167079925537, 63.010540008544922 ], [ 8.063610076904297, 63.108318328857422 ], [ 8.117221832275391, 63.091930389404297 ], [ 8.138053894042969, 63.035820007324219 ], [ 8.339166641235352, 62.961380004882812 ], [ 8.332498550415039, 62.874710083007812 ], [ 8.530832290649414, 62.841381072998047 ], [ 8.541387557983398, 62.856658935546875 ], [ 8.500555038452148, 62.872760772705078 ], [ 8.699443817138672, 62.819988250732422 ], [ 8.663055419921875, 62.850551605224609 ], [ 8.482221603393555, 62.897209167480469 ], [ 8.423332214355469, 62.956100463867188 ], [ 8.656665802001953, 62.966381072998047 ], [ 8.653888702392578, 62.984439849853516 ], [ 8.374443054199219, 62.971099853515625 ], [ 8.321109771728516, 62.995269775390625 ], [ 8.464998245239258, 63.023601531982422 ], [ 8.226387023925781, 63.027759552001953 ], [ 8.15916633605957, 63.120269775390625 ], [ 8.228054046630859, 63.129989624023438 ], [ 8.283609390258789, 63.074161529541016 ], [ 8.324443817138672, 63.088329315185547 ], [ 8.239999771118164, 63.145549774169922 ], [ 8.570833206176758, 63.139148712158203 ], [ 8.631387710571289, 63.182491302490234 ], [ 8.941944122314453, 63.209148406982422 ], [ 8.614999771118164, 63.200260162353516 ], [ 8.477776527404785, 63.293598175048828 ], [ 8.76361083984375, 63.345268249511719 ], [ 8.636665344238281, 63.390270233154297 ], [ 8.652776718139648, 63.409160614013672 ], [ 8.831110000610352, 63.427490234375 ], [ 8.880277633666992, 63.394989013671875 ], [ 9.015275955200195, 63.464988708496094 ], [ 9.146110534667969, 63.374149322509766 ], [ 9.099998474121094, 63.345829010009766 ], [ 9.091665267944336, 63.292209625244141 ], [ 9.296943664550781, 63.364158630371094 ], [ 9.478610992431641, 63.403049468994141 ], [ 9.214166641235352, 63.367771148681641 ], [ 9.162221908569336, 63.391380310058594 ], [ 9.189443588256836, 63.431930541992188 ], [ 9.304998397827148, 63.444149017333984 ], [ 9.332221984863281, 63.461650848388672 ], [ 9.257499694824219, 63.496101379394531 ], [ 9.291110992431641, 63.457759857177734 ], [ 9.215555191040039, 63.452770233154297 ], [ 9.149999618530273, 63.479160308837891 ], [ 9.163610458374023, 63.499439239501953 ], [ 9.385276794433594, 63.560260772705078 ], [ 9.374998092651367, 63.521381378173828 ], [ 9.409442901611328, 63.508598327636719 ], [ 9.423610687255859, 63.537769317626953 ], [ 9.534999847412109, 63.569438934326172 ], [ 9.571664810180664, 63.53887939453125 ], [ 9.538887023925781, 63.606098175048828 ], [ 9.720554351806641, 63.636379241943359 ], [ 9.961666107177734, 63.430271148681641 ], [ 9.943332672119141, 63.393039703369141 ], [ 9.845554351806641, 63.320270538330078 ], [ 10.255000114440918, 63.321380615234375 ], [ 10.274720191955566, 63.277488708496094 ], [ 10.257499694824219, 63.337211608886719 ], [ 10.101940155029297, 63.352771759033203 ], [ 10.041110038757324, 63.387489318847656 ], [ 10.06443977355957, 63.419708251953125 ], [ 10.157779693603516, 63.445541381835938 ], [ 10.471389770507812, 63.452491760253906 ], [ 10.804439544677734, 63.416660308837891 ], [ 10.914719581604004, 63.461101531982422 ], [ 10.781669616699219, 63.480258941650391 ], [ 10.77694034576416, 63.531940460205078 ], [ 10.914440155029297, 63.561100006103516 ], [ 10.666110038757324, 63.553878784179688 ], [ 10.984169960021973, 63.703880310058594 ], [ 11.084440231323242, 63.698879241943359 ], [ 11.253609657287598, 63.767768859863281 ], [ 11.455829620361328, 63.787208557128906 ], [ 11.462499618530273, 63.804439544677734 ], [ 11.415280342102051, 63.846099853515625 ], [ 11.114999771118164, 63.843601226806641 ], [ 11.096670150756836, 63.889148712158203 ], [ 11.26471996307373, 63.960819244384766 ], [ 11.435830116271973, 63.978321075439453 ], [ 11.492779731750488, 64.019416809082031 ], [ 11.254440307617188, 64.02886962890625 ], [ 11.245829582214355, 64.06024169921875 ], [ 11.356940269470215, 64.106369018554688 ], [ 11.305830001831055, 64.116363525390625 ], [ 11.180279731750488, 64.008033752441406 ], [ 10.621939659118652, 63.825260162353516 ], [ 10.589170455932617, 63.802761077880859 ], [ 10.904170036315918, 63.894161224365234 ] ] ] ] } },
{ "type": "Feature", "properties": { }, "geometry": { "type": "Polygon", "coordinates": [ [ [ 19.636510848999023, 54.4710693359375 ], [ 19.990829467773438, 54.420539855957031 ], [ 20.641660690307617, 54.366649627685547 ], [ 21.353330612182617, 54.328319549560547 ], [ 22.770000457763672, 54.359989166259766 ], [ 22.863330841064453, 54.408588409423828 ], [ 23.0, 54.383041381835938 ], [ 23.066110610961914, 54.308040618896484 ], [ 23.341939926147461, 54.243320465087891 ], [ 23.484439849853516, 54.138320922851562 ], [ 23.517780303955078, 54.030269622802734 ], [ 23.474990844726562, 53.995258331298828 ], [ 23.658050537109375, 53.529708862304688 ], [ 23.854160308837891, 53.210819244384766 ], [ 23.934989929199219, 52.890541076660156 ], [ 23.933879852294922, 52.712200164794922 ], [ 23.883880615234375, 52.67803955078125 ], [ 23.563610076904297, 52.584980010986328 ], [ 23.384159088134766, 52.504161834716797 ], [ 23.168880462646484, 52.282199859619141 ], [ 23.211380004882812, 52.223869323730469 ], [ 23.293880462646484, 52.225811004638672 ], [ 23.598329544067383, 52.109428405761719 ], [ 23.656379699707031, 52.041660308837891 ], [ 23.611660003662109, 51.914150238037109 ], [ 23.626380920410156, 51.796939849853516 ], [ 23.553890228271484, 51.745819091796875 ], [ 23.539169311523438, 51.592758178710938 ], [ 23.671379089355469, 51.431659698486328 ], [ 23.632219314575195, 51.307758331298828 ], [ 23.749439239501953, 51.207489013671875 ], [ 23.973049163818359, 50.944149017333984 ], [ 24.144710540771484, 50.858039855957031 ], [ 24.130550384521484, 50.834980010986328 ], [ 23.995819091796875, 50.831100463867188 ], [ 23.954719543457031, 50.787208557128906 ], [ 24.108329772949219, 50.629978179931641 ], [ 24.132770538330078, 50.544429779052734 ], [ 23.991659164428711, 50.407199859619141 ], [ 23.707769393920898, 50.380538940429688 ], [ 23.630830764770508, 50.308879852294922 ], [ 23.283330917358398, 50.081378936767578 ], [ 22.974710464477539, 49.834980010986328 ], [ 22.680830001831055, 49.572490692138672 ], [ 22.656099319458008, 49.519710540771484 ], [ 22.759990692138672, 49.281929016113281 ], [ 22.70026969909668, 49.165531158447266 ], [ 22.821659088134766, 49.116100311279297 ], [ 22.882610321044922, 49.006351470947266 ], [ 22.674160003662109, 49.044151306152344 ], [ 22.598049163818359, 49.091091156005859 ], [ 22.558000564575195, 49.079418182373047 ], [ 22.474990844726562, 49.0908203125 ], [ 22.030269622802734, 49.214988708496094 ], [ 21.980270385742188, 49.311649322509766 ], [ 21.612770080566406, 49.436931610107422 ], [ 21.513050079345703, 49.416370391845703 ], [ 21.278879165649414, 49.456649780273438 ], [ 21.197490692138672, 49.40386962890625 ], [ 21.125829696655273, 49.431659698486328 ], [ 21.049440383911133, 49.405258178710938 ], [ 21.097499847412109, 49.366378784179688 ], [ 20.910829544067383, 49.296100616455078 ], [ 20.694999694824219, 49.417488098144531 ], [ 20.567220687866211, 49.377761840820312 ], [ 20.440830230712891, 49.409149169921875 ], [ 20.181659698486328, 49.324428558349609 ], [ 20.068880081176758, 49.176380157470703 ], [ 19.936380386352539, 49.231090545654297 ], [ 19.794439315795898, 49.196369171142578 ], [ 19.766109466552734, 49.213039398193359 ], [ 19.808889389038086, 49.319709777832031 ], [ 19.791660308837891, 49.404430389404297 ], [ 19.641109466552734, 49.401920318603516 ], [ 19.651939392089844, 49.450538635253906 ], [ 19.585269927978516, 49.453601837158203 ], [ 19.475549697875977, 49.605258941650391 ], [ 19.390270233154297, 49.569709777832031 ], [ 19.33860969543457, 49.529430389404297 ], [ 19.276390075683594, 49.530540466308594 ], [ 19.196939468383789, 49.433868408203125 ], [ 19.138889312744141, 49.402210235595703 ], [ 18.980550765991211, 49.396099090576172 ], [ 18.979440689086914, 49.499988555908203 ], [ 18.854160308837891, 49.51470947265625 ], [ 18.811660766601562, 49.672210693359375 ], [ 18.632770538330078, 49.722480773925781 ], [ 18.546670913696289, 49.913311004638672 ], [ 18.447219848632812, 49.919708251953125 ], [ 18.160270690917969, 49.992759704589844 ], [ 18.047220230102539, 50.058589935302734 ], [ 18.007219314575195, 50.010540008544922 ], [ 17.887779235839844, 49.976650238037109 ], [ 17.79888916015625, 50.013599395751953 ], [ 17.75, 50.102210998535156 ], [ 17.62554931640625, 50.135261535644531 ], [ 17.597770690917969, 50.158321380615234 ], [ 17.762489318847656, 50.205539703369141 ], [ 17.733329772949219, 50.312480926513672 ], [ 17.696100234985352, 50.321929931640625 ], [ 17.665550231933594, 50.274700164794922 ], [ 17.352779388427734, 50.276371002197266 ], [ 17.353889465332031, 50.322490692138672 ], [ 17.246940612792969, 50.336650848388672 ], [ 17.004169464111328, 50.424160003662109 ], [ 16.890270233154297, 50.439418792724609 ], [ 16.867500305175781, 50.410541534423828 ], [ 17.028049468994141, 50.234710693359375 ], [ 16.821380615234375, 50.186931610107422 ], [ 16.725269317626953, 50.099708557128906 ], [ 16.590549468994141, 50.138320922851562 ], [ 16.458610534667969, 50.303600311279297 ], [ 16.210550308227539, 50.419708251953125 ], [ 16.310829162597656, 50.504161834716797 ], [ 16.396659851074219, 50.518878936767578 ], [ 16.449159622192383, 50.575820922851562 ], [ 16.347770690917969, 50.657760620117188 ], [ 16.237499237060547, 50.670539855957031 ], [ 16.221380233764648, 50.636650085449219 ], [ 16.009719848632812, 50.602489471435547 ], [ 15.997220039367676, 50.679710388183594 ], [ 15.870550155639648, 50.669979095458984 ], [ 15.818329811096191, 50.747760772705078 ], [ 15.493049621582031, 50.785820007324219 ], [ 15.31056022644043, 50.858318328857422 ], [ 15.270830154418945, 50.921371459960938 ], [ 15.277500152587891, 50.969978332519531 ], [ 15.17278003692627, 51.018878936767578 ], [ 14.990830421447754, 51.006938934326172 ], [ 15.019169807434082, 50.953601837158203 ], [ 15.005279541015625, 50.867198944091797 ], [ 14.828849792480469, 50.866031646728516 ], [ 14.975279808044434, 51.106380462646484 ], [ 15.038049697875977, 51.268039703369141 ], [ 14.910829544067383, 51.483039855957031 ], [ 14.717499732971191, 51.552761077880859 ], [ 14.757499694824219, 51.659420013427734 ], [ 14.601940155029297, 51.8135986328125 ], [ 14.616109848022461, 51.853870391845703 ], [ 14.716389656066895, 51.941089630126953 ], [ 14.747220039367676, 52.056369781494141 ], [ 14.763529777526855, 52.070808410644531 ], [ 14.693050384521484, 52.104709625244141 ], [ 14.713330268859863, 52.239151000976562 ], [ 14.566940307617188, 52.328041076660156 ], [ 14.534440040588379, 52.394710540771484 ], [ 14.641110420227051, 52.566661834716797 ], [ 14.257499694824219, 52.790538787841797 ], [ 14.133330345153809, 52.833320617675781 ], [ 14.164719581604004, 52.968868255615234 ], [ 14.342220306396484, 53.044990539550781 ], [ 14.390830039978027, 53.141651153564453 ], [ 14.408610343933105, 53.2158203125 ], [ 14.445300102233887, 53.272590637207031 ], [ 14.277819633483887, 53.693920135498047 ], [ 14.500829696655273, 53.668048858642578 ], [ 14.595549583435059, 53.592491149902344 ], [ 14.611669540405273, 53.650829315185547 ], [ 14.544440269470215, 53.710540771484375 ], [ 14.619440078735352, 53.764430999755859 ], [ 14.629170417785645, 53.848880767822266 ], [ 14.587779998779297, 53.803321838378906 ], [ 14.558329582214355, 53.857208251953125 ], [ 14.42471981048584, 53.867488861083984 ], [ 14.431110382080078, 53.899711608886719 ], [ 14.362500190734863, 53.8760986328125 ], [ 14.416390419006348, 53.859439849853516 ], [ 14.388890266418457, 53.832759857177734 ], [ 14.217419624328613, 53.868659973144531 ], [ 14.203330039978027, 53.909420013427734 ], [ 14.225979804992676, 53.928249359130859 ], [ 14.408610343933105, 53.917488098144531 ], [ 14.559439659118652, 53.976650238037109 ], [ 15.341110229492188, 54.154430389404297 ], [ 16.173330307006836, 54.271648406982422 ], [ 16.235000610351562, 54.318050384521484 ], [ 16.332780838012695, 54.349430084228516 ], [ 16.329719543457031, 54.398319244384766 ], [ 16.506389617919922, 54.529148101806641 ], [ 16.923049926757812, 54.599990844726562 ], [ 17.075279235839844, 54.676101684570312 ], [ 17.434169769287109, 54.752769470214844 ], [ 17.859720230102539, 54.816379547119141 ], [ 18.334999084472656, 54.836650848388672 ], [ 18.811939239501953, 54.639991760253906 ], [ 18.433050155639648, 54.786380767822266 ], [ 18.406110763549805, 54.734439849853516 ], [ 18.483610153198242, 54.628879547119141 ], [ 18.520830154418945, 54.641929626464844 ], [ 18.58527946472168, 54.433319091796875 ], [ 18.721939086914062, 54.376380920410156 ], [ 19.004020690917969, 54.342628479003906 ], [ 19.439210891723633, 54.395809173583984 ], [ 19.636510848999023, 54.4710693359375 ] ] ] } },
{ "type": "Feature", "properties": { }, "geometry": { "type": "MultiPolygon", "coordinates": [ [ [ [ -25.385000228881836, 37.712211608886719 ], [ -25.726949691772461, 37.753318786621094 ], [ -25.864999771118164, 37.850551605224609 ], [ -25.842500686645508, 37.902210235595703 ], [ -25.728889465332031, 37.895259857177734 ], [ -25.680839538574219, 37.841648101806641 ], [ -25.577499389648438, 37.82720947265625 ], [ -25.323329925537109, 37.863880157470703 ], [ -25.142219543457031, 37.842769622802734 ], [ -25.131950378417969, 37.805271148681641 ], [ -25.160560607910156, 37.746379852294922 ], [ -25.385000228881836, 37.712211608886719 ] ] ], [ [ [ -28.056390762329102, 38.394161224365234 ], [ -28.419450759887695, 38.410549163818359 ], [ -28.526390075683594, 38.445819854736328 ], [ -28.549449920654297, 38.527210235595703 ], [ -28.494720458984375, 38.554710388183594 ], [ -28.379999160766602, 38.549160003662109 ], [ -28.037220001220703, 38.418598175048828 ], [ -28.056390762329102, 38.394161224365234 ] ] ], [ [ [ -27.08721923828125, 38.631378173828125 ], [ -27.307220458984375, 38.658039093017578 ], [ -27.379999160766602, 38.722759246826172 ], [ -27.363889694213867, 38.787769317626953 ], [ -27.277229309082031, 38.803050994873047 ], [ -27.065830230712891, 38.764148712158203 ], [ -27.021110534667969, 38.69110107421875 ], [ -27.08721923828125, 38.631378173828125 ] ] ], [ [ [ -16.943889617919922, 32.637489318847656 ], [ -17.206670761108398, 32.737491607666016 ], [ -17.254999160766602, 32.814159393310547 ], [ -17.184450149536133, 32.871929168701172 ], [ -17.102779388427734, 32.823318481445312 ], [ -16.89971923828125, 32.836929321289062 ], [ -16.846670150756836, 32.79193115234375 ], [ -16.674169540405273, 32.758888244628906 ], [ -16.821670532226562, 32.644428253173828 ], [ -16.943889617919922, 32.637489318847656 ] ] ], [ [ [ -8.812395095825195, 41.904529571533203 ], [ -8.621110916137695, 42.053600311279297 ], [ -8.201389312744141, 42.152210235595703 ], [ -8.185832977294922, 42.064701080322266 ], [ -8.090000152587891, 42.068878173828125 ], [ -8.08277702331543, 42.025260925292969 ], [ -8.218889236450195, 41.913600921630859 ], [ -8.140834808349609, 41.809150695800781 ], [ -7.912221908569336, 41.88970947265625 ], [ -7.886110782623291, 41.923320770263672 ], [ -7.880000114440918, 41.852771759033203 ], [ -7.706110954284668, 41.904430389404297 ], [ -7.591667175292969, 41.879711151123047 ], [ -7.611944198608398, 41.834980010986328 ], [ -7.524445056915283, 41.840541839599609 ], [ -7.456943988800049, 41.864429473876953 ], [ -7.427221775054932, 41.812480926513672 ], [ -7.200555801391602, 41.883598327636719 ], [ -7.152223110198975, 41.988590240478516 ], [ -6.837778091430664, 41.947200775146484 ], [ -6.809443950653076, 41.990261077880859 ], [ -6.628056049346924, 41.941089630126953 ], [ -6.581666946411133, 41.967479705810547 ], [ -6.545000076293945, 41.937198638916016 ], [ -6.568611145019531, 41.887210845947266 ], [ -6.508612155914307, 41.873870849609375 ], [ -6.562777996063232, 41.745258331298828 ], [ -6.539443969726562, 41.679428100585938 ], [ -6.497777938842773, 41.657489776611328 ], [ -6.355833053588867, 41.677761077880859 ], [ -6.194444179534912, 41.593040466308594 ], [ -6.217778205871582, 41.529430389404297 ], [ -6.329444885253906, 41.415260314941406 ], [ -6.318611145019531, 41.387210845947266 ], [ -6.681388854980469, 41.215541839599609 ], [ -6.808610916137695, 41.040538787841797 ], [ -6.924444198608398, 41.031368255615234 ], [ -6.799722194671631, 40.856090545654297 ], [ -6.829444885253906, 40.755260467529297 ], [ -6.797778129577637, 40.657760620117188 ], [ -6.83916711807251, 40.574989318847656 ], [ -6.791110992431641, 40.518039703369141 ], [ -6.84833288192749, 40.443309783935547 ], [ -6.787499904632568, 40.341648101806641 ], [ -6.96083402633667, 40.240261077880859 ], [ -7.006111145019531, 40.230808258056641 ], [ -7.014444828033447, 40.146648406982422 ], [ -6.863889217376709, 40.015541076660156 ], [ -7.017221927642822, 39.674991607666016 ], [ -7.407777786254883, 39.648319244384766 ], [ -7.533332824707031, 39.668880462646484 ], [ -7.442499160766602, 39.551090240478516 ], [ -7.293612003326416, 39.467758178710938 ], [ -7.313611030578613, 39.344699859619141 ], [ -7.235000133514404, 39.276371002197266 ], [ -7.243054866790771, 39.213039398193359 ], [ -7.139999866485596, 39.173320770263672 ], [ -7.154167175292969, 39.122760772705078 ], [ -7.115832805633545, 39.104160308837891 ], [ -7.040555953979492, 39.122760772705078 ], [ -6.961111068725586, 39.056648254394531 ], [ -6.953888893127441, 39.026931762695312 ], [ -7.155832767486572, 38.790271759033203 ], [ -7.265555858612061, 38.708320617675781 ], [ -7.329721927642822, 38.447200775146484 ], [ -7.144166946411133, 38.270259857177734 ], [ -7.087778091430664, 38.174430847167969 ], [ -6.948054790496826, 38.218318939208984 ], [ -6.94416618347168, 38.162761688232422 ], [ -7.006945133209229, 38.028041839599609 ], [ -7.254723072052002, 37.987491607666016 ], [ -7.297500133514404, 37.848041534423828 ], [ -7.514166831970215, 37.573318481445312 ], [ -7.41816520690918, 37.173370361328125 ], [ -7.450833797454834, 37.179149627685547 ], [ -7.792236804962158, 37.038898468017578 ], [ -7.973055839538574, 37.008319854736328 ], [ -8.240835189819336, 37.085819244384766 ], [ -8.623889923095703, 37.123878479003906 ], [ -8.950279235839844, 36.995540618896484 ], [ -8.963335037231445, 37.083049774169922 ], [ -8.90361213684082, 37.166660308837891 ], [ -8.787223815917969, 37.524150848388672 ], [ -8.797500610351562, 37.912769317626953 ], [ -8.882501602172852, 37.956378936767578 ], [ -8.775278091430664, 38.212211608886719 ], [ -8.817779541015625, 38.442760467529297 ], [ -8.733057022094727, 38.446098327636719 ], [ -8.746946334838867, 38.548599243164062 ], [ -8.77277946472168, 38.476940155029297 ], [ -8.955001831054688, 38.482490539550781 ], [ -9.200555801391602, 38.409709930419922 ], [ -9.220277786254883, 38.415538787841797 ], [ -9.179445266723633, 38.506649017333984 ], [ -9.218889236450195, 38.617210388183594 ], [ -9.278890609741211, 38.668598175048828 ], [ -9.005001068115234, 38.658599853515625 ], [ -8.96722412109375, 38.698879241943359 ], [ -9.045278549194336, 38.690818786621094 ], [ -9.051111221313477, 38.714160919189453 ], [ -8.919445037841797, 38.765270233154297 ], [ -8.991666793823242, 38.928600311279297 ], [ -9.076667785644531, 38.835540771484375 ], [ -9.113889694213867, 38.717491149902344 ], [ -9.322223663330078, 38.676658630371094 ], [ -9.474166870117188, 38.703041076660156 ], [ -9.495000839233398, 38.785259246826172 ], [ -9.414445877075195, 38.944149017333984 ], [ -9.397500991821289, 39.122760772705078 ], [ -9.337223052978516, 39.234439849853516 ], [ -9.361946105957031, 39.348320007324219 ], [ -9.341667175292969, 39.378040313720703 ], [ -9.184446334838867, 39.406940460205078 ], [ -9.230001449584961, 39.440269470214844 ], [ -9.074722290039062, 39.644989013671875 ], [ -8.859167098999023, 40.149711608886719 ], [ -8.909723281860352, 40.189990997314453 ], [ -8.753055572509766, 40.639430999755859 ], [ -8.735834121704102, 40.652210235595703 ], [ -8.730555534362793, 40.712490081787109 ], [ -8.646112442016602, 40.997211456298828 ], [ -8.698890686035156, 41.181930541992188 ], [ -8.7933349609375, 41.416370391845703 ], [ -8.799722671508789, 41.566661834716797 ], [ -8.879167556762695, 41.828880310058594 ], [ -8.812395095825195, 41.904529571533203 ] ] ] ] } },
{ "type": "Feature", "properties": { }, "geometry": { "type": "Polygon", "coordinates": [ [ [ 26.316379547119141, 48.186370849609375 ], [ 26.707769393920898, 48.253318786621094 ], [ 26.894439697265625, 48.204700469970703 ], [ 27.00054931640625, 48.155540466308594 ], [ 27.164440155029297, 47.967758178710938 ], [ 27.238330841064453, 47.785259246826172 ], [ 27.289440155029297, 47.723590850830078 ], [ 27.321939468383789, 47.641651153564453 ], [ 27.466379165649414, 47.523868560791016 ], [ 27.469709396362305, 47.488590240478516 ], [ 27.579439163208008, 47.454700469970703 ], [ 27.572219848632812, 47.371089935302734 ], [ 27.806940078735352, 47.163600921630859 ], [ 27.992490768432617, 47.028591156005859 ], [ 28.071109771728516, 46.991100311279297 ], [ 28.247209548950195, 46.608318328857422 ], [ 28.209430694580078, 46.502490997314453 ], [ 28.25193977355957, 46.439418792724609 ], [ 28.084440231323242, 46.011661529541016 ], [ 28.129720687866211, 45.867488861083984 ], [ 28.107490539550781, 45.835819244384766 ], [ 28.161380767822266, 45.639430999755859 ], [ 28.061939239501953, 45.589981079101562 ], [ 28.165000915527344, 45.533599853515625 ], [ 28.212018966674805, 45.448200225830078 ], [ 28.276100158691406, 45.433319091796875 ], [ 28.316659927368164, 45.337490081787109 ], [ 28.558610916137695, 45.246089935302734 ], [ 28.748600006103516, 45.224979400634766 ], [ 28.799720764160156, 45.237758636474609 ], [ 28.756940841674805, 45.265541076660156 ], [ 28.784439086914062, 45.320819854736328 ], [ 29.004440307617188, 45.321098327636719 ], [ 29.314159393310547, 45.437759399414062 ], [ 29.561939239501953, 45.395259857177734 ], [ 29.636940002441406, 45.350269317626953 ], [ 29.670829772949219, 45.287490844726562 ], [ 29.661769866943359, 45.210239410400391 ], [ 29.623889923095703, 45.213039398193359 ], [ 29.649990081787109, 45.163318634033203 ], [ 29.70111083984375, 45.158870697021484 ], [ 29.660270690917969, 45.112770080566406 ], [ 29.610830307006836, 44.848320007324219 ], [ 29.141939163208008, 44.777759552001953 ], [ 28.996379852294922, 44.689990997314453 ], [ 28.977489471435547, 44.745819091796875 ], [ 29.133609771728516, 44.791099548339844 ], [ 29.141939163208008, 44.829708099365234 ], [ 29.049999237060547, 44.845539093017578 ], [ 29.040830612182617, 44.924430847167969 ], [ 29.109720230102539, 44.971660614013672 ], [ 29.041660308837891, 45.00360107421875 ], [ 28.902219772338867, 44.966930389404297 ], [ 28.862499237060547, 44.915821075439453 ], [ 28.949710845947266, 44.824710845947266 ], [ 28.939720153808594, 44.797210693359375 ], [ 28.798330307006836, 44.719440460205078 ], [ 28.779720306396484, 44.669429779052734 ], [ 28.792770385742188, 44.639991760253906 ], [ 28.851659774780273, 44.648601531982422 ], [ 28.904159545898438, 44.709991455078125 ], [ 28.993890762329102, 44.676929473876953 ], [ 28.946939468383789, 44.627769470214844 ], [ 28.834039688110352, 44.623771667480469 ], [ 28.73777961730957, 44.572769165039062 ], [ 28.749719619750977, 44.464160919189453 ], [ 28.834159851074219, 44.484989166259766 ], [ 28.645269393920898, 44.331378936767578 ], [ 28.631099700927734, 44.253879547119141 ], [ 28.668880462646484, 44.166099548339844 ], [ 28.637489318847656, 44.164710998535156 ], [ 28.643049240112305, 43.935260772705078 ], [ 28.583839416503906, 43.747760772705078 ], [ 28.224990844726562, 43.773040771484375 ], [ 27.997209548950195, 43.859149932861328 ], [ 27.95166015625, 43.978870391845703 ], [ 27.918880462646484, 44.005550384521484 ], [ 27.820270538330078, 43.9658203125 ], [ 27.721660614013672, 43.964710235595703 ], [ 27.656099319458008, 44.042488098144531 ], [ 27.399990081787109, 44.021930694580078 ], [ 27.290550231933594, 44.088039398193359 ], [ 27.275550842285156, 44.133041381835938 ], [ 26.923320770263672, 44.136650085449219 ], [ 26.111660003662109, 43.968318939208984 ], [ 25.862770080566406, 43.766380310058594 ], [ 25.572929382324219, 43.648281097412109 ], [ 25.36305046081543, 43.624698638916016 ], [ 25.224710464477539, 43.687480926513672 ], [ 25.080549240112305, 43.691089630126953 ], [ 25.001380920410156, 43.723590850830078 ], [ 24.501659393310547, 43.761379241943359 ], [ 24.33721923828125, 43.694431304931641 ], [ 23.89055061340332, 43.756378173828125 ], [ 23.413049697875977, 43.855819702148438 ], [ 23.063610076904297, 43.802211761474609 ], [ 22.857490539550781, 43.853321075439453 ], [ 22.843330383300781, 43.904979705810547 ], [ 22.906940460205078, 43.998870849609375 ], [ 22.995819091796875, 44.014148712158203 ], [ 23.042770385742188, 44.056648254394531 ], [ 23.037220001220703, 44.084430694580078 ], [ 22.882770538330078, 44.128868103027344 ], [ 22.53693962097168, 44.336368560791016 ], [ 22.459989547729492, 44.482200622558594 ], [ 22.609439849853516, 44.552211761474609 ], [ 22.699440002441406, 44.522480010986328 ], [ 22.76361083984375, 44.547489166259766 ], [ 22.753599166870117, 44.569149017333984 ], [ 22.436380386352539, 44.714431762695312 ], [ 22.313610076904297, 44.664150238037109 ], [ 22.206659317016602, 44.524990081787109 ], [ 22.146379470825195, 44.479148864746094 ], [ 22.084440231323242, 44.503040313720703 ], [ 21.988880157470703, 44.636928558349609 ], [ 21.622770309448242, 44.672210693359375 ], [ 21.600269317626953, 44.75360107421875 ], [ 21.565549850463867, 44.771648406982422 ], [ 21.400270462036133, 44.780818939208984 ], [ 21.360979080200195, 44.822608947753906 ], [ 21.366100311279297, 44.864429473876953 ], [ 21.552770614624023, 44.890819549560547 ], [ 21.551389694213867, 44.92803955078125 ], [ 21.377399444580078, 44.994968414306641 ], [ 21.51276969909668, 45.123310089111328 ], [ 21.485269546508789, 45.180820465087891 ], [ 20.986660003662109, 45.345821380615234 ], [ 20.783050537109375, 45.484710693359375 ], [ 20.823879241943359, 45.537208557128906 ], [ 20.767219543457031, 45.605819702148438 ], [ 20.804719924926758, 45.744148254394531 ], [ 20.795829772949219, 45.769149780273438 ], [ 20.721660614013672, 45.74053955078125 ], [ 20.591659545898438, 45.894149780273438 ], [ 20.378049850463867, 45.978031158447266 ], [ 20.261140823364258, 46.115329742431641 ], [ 20.335550308227539, 46.158039093017578 ], [ 20.721660614013672, 46.184429168701172 ], [ 20.763050079345703, 46.199150085449219 ], [ 20.753330230712891, 46.238880157470703 ], [ 20.829719543457031, 46.277210235595703 ], [ 21.053609848022461, 46.238880157470703 ], [ 21.187219619750977, 46.329990386962891 ], [ 21.197210311889648, 46.391368865966797 ], [ 21.287500381469727, 46.4144287109375 ], [ 21.296100616455078, 46.447479248046875 ], [ 21.261659622192383, 46.486930847167969 ], [ 21.32666015625, 46.619979858398438 ], [ 21.438320159912109, 46.648601531982422 ], [ 21.695819854736328, 47.000820159912109 ], [ 21.651660919189453, 47.025539398193359 ], [ 21.868879318237305, 47.262210845947266 ], [ 21.922500610351562, 47.35443115234375 ], [ 22.004709243774414, 47.374980926513672 ], [ 22.010280609130859, 47.508598327636719 ], [ 22.318880081176758, 47.745819091796875 ], [ 22.421379089355469, 47.743869781494141 ], [ 22.441659927368164, 47.791099548339844 ], [ 22.612209320068359, 47.768589019775391 ], [ 22.774440765380859, 47.836368560791016 ], [ 22.770830154418945, 47.879428863525391 ], [ 22.937219619750977, 47.964988708496094 ], [ 22.934160232543945, 48.008880615234375 ], [ 23.034160614013672, 47.989978790283203 ], [ 23.091100692749023, 48.015819549560547 ], [ 23.123880386352539, 48.088321685791016 ], [ 23.174160003662109, 48.108600616455078 ], [ 23.480550765991211, 47.977481842041016 ], [ 23.544990539550781, 48.008430480957031 ], [ 23.874160766601562, 47.928600311279297 ], [ 23.975549697875977, 47.960540771484375 ], [ 24.131109237670898, 47.910808563232422 ], [ 24.168590545654297, 47.92333984375 ], [ 24.23805046081543, 47.903308868408203 ], [ 24.531110763549805, 47.952770233154297 ], [ 24.660270690917969, 47.906368255615234 ], [ 24.67609977722168, 47.860271453857422 ], [ 24.816389083862305, 47.813041687011719 ], [ 24.897489547729492, 47.716091156005859 ], [ 25.029720306396484, 47.728870391845703 ], [ 25.123880386352539, 47.763881683349609 ], [ 25.230270385742188, 47.881370544433594 ], [ 25.468330383300781, 47.929710388183594 ], [ 26.159160614013672, 47.984989166259766 ], [ 26.272220611572266, 48.076099395751953 ], [ 26.316379547119141, 48.186370849609375 ] ] ] } },
{ "type": "Feature", "properties": { }, "geometry": { "type": "Polygon", "coordinates": [ [ [ 16.944860458374023, 48.616500854492188 ], [ 16.975799560546875, 48.639999389648438 ], [ 17.043899536132812, 48.771099090576172 ], [ 17.092199325561523, 48.792800903320312 ], [ 17.113899230957031, 48.833099365234375 ], [ 17.188899993896484, 48.86920166015625 ], [ 17.252799987792969, 48.870800018310547 ], [ 17.390300750732422, 48.822799682617188 ], [ 17.476699829101562, 48.852500915527344 ], [ 17.529399871826172, 48.815299987792969 ], [ 17.645599365234375, 48.851898193359375 ], [ 17.712200164794922, 48.856098175048828 ], [ 17.763099670410156, 48.87969970703125 ], [ 17.806400299072266, 48.926399230957031 ], [ 17.890300750732422, 48.926898956298828 ], [ 17.928300857543945, 49.016899108886719 ], [ 18.065299987792969, 49.035800933837891 ], [ 18.12190055847168, 49.082801818847656 ], [ 18.188100814819336, 49.226398468017578 ], [ 18.174699783325195, 49.24169921875 ], [ 18.208099365234375, 49.284198760986328 ], [ 18.379400253295898, 49.330299377441406 ], [ 18.420299530029297, 49.371101379394531 ], [ 18.405799865722656, 49.396900177001953 ], [ 18.436899185180664, 49.390598297119141 ], [ 18.469200134277344, 49.407199859619141 ], [ 18.546100616455078, 49.457500457763672 ], [ 18.562200546264648, 49.493900299072266 ], [ 18.655599594116211, 49.504199981689453 ], [ 18.744699478149414, 49.483100891113281 ], [ 18.814399719238281, 49.518901824951172 ], [ 18.979440689086914, 49.499988555908203 ], [ 18.980550765991211, 49.396099090576172 ], [ 19.138889312744141, 49.402210235595703 ], [ 19.196939468383789, 49.433868408203125 ], [ 19.276390075683594, 49.530540466308594 ], [ 19.33860969543457, 49.529430389404297 ], [ 19.390270233154297, 49.569709777832031 ], [ 19.475549697875977, 49.605258941650391 ], [ 19.585269927978516, 49.453601837158203 ], [ 19.651939392089844, 49.450538635253906 ], [ 19.641109466552734, 49.401920318603516 ], [ 19.791660308837891, 49.404430389404297 ], [ 19.808889389038086, 49.319709777832031 ], [ 19.766109466552734, 49.213039398193359 ], [ 19.794439315795898, 49.196369171142578 ], [ 19.936380386352539, 49.231090545654297 ], [ 20.068880081176758, 49.176380157470703 ], [ 20.181659698486328, 49.324428558349609 ], [ 20.440830230712891, 49.409149169921875 ], [ 20.567220687866211, 49.377761840820312 ], [ 20.694999694824219, 49.417488098144531 ], [ 20.910829544067383, 49.296100616455078 ], [ 21.097499847412109, 49.366378784179688 ], [ 21.049440383911133, 49.405258178710938 ], [ 21.125829696655273, 49.431659698486328 ], [ 21.197490692138672, 49.40386962890625 ], [ 21.278879165649414, 49.456649780273438 ], [ 21.513050079345703, 49.416370391845703 ], [ 21.612770080566406, 49.436931610107422 ], [ 21.980270385742188, 49.311649322509766 ], [ 22.030269622802734, 49.214988708496094 ], [ 22.558000564575195, 49.079418182373047 ], [ 22.547489166259766, 49.032199859619141 ], [ 22.465269088745117, 48.975540161132812 ], [ 22.326389312744141, 48.683868408203125 ], [ 22.157220840454102, 48.576648712158203 ], [ 22.151449203491211, 48.412059783935547 ], [ 22.101659774780273, 48.377201080322266 ], [ 21.738040924072266, 48.350818634033203 ], [ 21.628049850463867, 48.449420928955078 ], [ 21.614160537719727, 48.498321533203125 ], [ 21.442770004272461, 48.575260162353516 ], [ 21.12554931640625, 48.492488861083984 ], [ 20.824710845947266, 48.575820922851562 ], [ 20.509990692138672, 48.537769317626953 ], [ 20.364719390869141, 48.305820465087891 ], [ 20.291940689086914, 48.254711151123047 ], [ 20.150270462036133, 48.260269165039062 ], [ 20.065549850463867, 48.180271148681641 ], [ 19.918600082397461, 48.129978179931641 ], [ 19.662210464477539, 48.231929779052734 ], [ 19.534999847412109, 48.212200164794922 ], [ 19.47637939453125, 48.089149475097656 ], [ 19.001249313354492, 48.068778991699219 ], [ 18.827499389648438, 48.035820007324219 ], [ 18.770280838012695, 47.956089019775391 ], [ 18.766939163208008, 47.877761840820312 ], [ 18.849409103393555, 47.818439483642578 ], [ 18.337499618530273, 47.740821838378906 ], [ 17.784160614013672, 47.746929168701172 ], [ 17.603330612182617, 47.828041076660156 ], [ 17.251659393310547, 48.024990081787109 ], [ 17.179899215698242, 48.001819610595703 ], [ 17.080829620361328, 48.079990386962891 ], [ 17.068099975585938, 48.144149780273438 ], [ 16.976680755615234, 48.174179077148438 ], [ 16.94972038269043, 48.278041839599609 ], [ 16.840829849243164, 48.36859130859375 ], [ 16.944860458374023, 48.616500854492188 ] ] ] } },
{ "type": "Feature", "properties": { }, "geometry": { "type": "Polygon", "coordinates": [ [ [ 16.026939392089844, 46.661369323730469 ], [ 15.993330001831055, 46.737209320068359 ], [ 15.993610382080078, 46.834709167480469 ], [ 16.281669616699219, 46.872478485107422 ], [ 16.350549697875977, 46.841091156005859 ], [ 16.318330764770508, 46.779708862304688 ], [ 16.426660537719727, 46.687759399414062 ], [ 16.391660690307617, 46.636379241943359 ], [ 16.609235763549805, 46.475173950195312 ], [ 16.577199935913086, 46.469398498535156 ], [ 16.397800445556641, 46.540798187255859 ], [ 16.300703048706055, 46.53173828125 ], [ 16.251399993896484, 46.498298645019531 ], [ 16.268899917602539, 46.411899566650391 ], [ 16.303899765014648, 46.385799407958984 ], [ 16.293899536132812, 46.374401092529297 ], [ 16.263099670410156, 46.388900756835938 ], [ 16.192499160766602, 46.384700775146484 ], [ 16.144699096679688, 46.406101226806641 ], [ 16.078300476074219, 46.37969970703125 ], [ 16.081100463867188, 46.331100463867188 ], [ 16.017200469970703, 46.298099517822266 ], [ 15.821700096130371, 46.25830078125 ], [ 15.781100273132324, 46.212501525878906 ], [ 15.676699638366699, 46.226699829101562 ], [ 15.651900291442871, 46.216701507568359 ], [ 15.599699974060059, 46.142501831054688 ], [ 15.629400253295898, 46.086898803710938 ], [ 15.718299865722656, 46.047199249267578 ], [ 15.699999809265137, 46.020000457763672 ], [ 15.723600387573242, 45.934700012207031 ], [ 15.690600395202637, 45.902801513671875 ], [ 15.679400444030762, 45.861900329589844 ], [ 15.697799682617188, 45.844200134277344 ], [ 15.656700134277344, 45.823299407958984 ], [ 15.609399795532227, 45.848598480224609 ], [ 15.538299560546875, 45.826400756835938 ], [ 15.49940013885498, 45.835800170898438 ], [ 15.482199668884277, 45.802200317382812 ], [ 15.444700241088867, 45.815799713134766 ], [ 15.322500228881836, 45.761398315429688 ], [ 15.291899681091309, 45.731098175048828 ], [ 15.283300399780273, 45.694698333740234 ], [ 15.302800178527832, 45.690799713134766 ], [ 15.308600425720215, 45.719398498535156 ], [ 15.335800170898438, 45.697498321533203 ], [ 15.358599662780762, 45.714401245117188 ], [ 15.368100166320801, 45.702800750732422 ], [ 15.347200393676758, 45.674999237060547 ], [ 15.391900062561035, 45.646701812744141 ], [ 15.348099708557129, 45.649200439453125 ], [ 15.283100128173828, 45.608100891113281 ], [ 15.303899765014648, 45.537799835205078 ], [ 15.336099624633789, 45.510299682617188 ], [ 15.323300361633301, 45.482200622558594 ], [ 15.335300445556641, 45.456401824951172 ], [ 15.272199630737305, 45.461700439453125 ], [ 15.224200248718262, 45.431098937988281 ], [ 15.18809986114502, 45.439399719238281 ], [ 15.168600082397461, 45.42559814453125 ], [ 15.084699630737305, 45.486099243164062 ], [ 15.021100044250488, 45.489398956298828 ], [ 14.929200172424316, 45.524398803710938 ], [ 14.907199859619141, 45.476398468017578 ], [ 14.81779956817627, 45.465801239013672 ], [ 14.797200202941895, 45.501399993896484 ], [ 14.68690013885498, 45.536701202392578 ], [ 14.685299873352051, 45.574199676513672 ], [ 14.61359977722168, 45.619998931884766 ], [ 14.601400375366211, 45.675300598144531 ], [ 14.564999580383301, 45.665000915527344 ], [ 14.554400444030762, 45.631099700927734 ], [ 14.509699821472168, 45.598098754882812 ], [ 14.485799789428711, 45.529701232910156 ], [ 14.392800331115723, 45.486099243164062 ], [ 14.320599555969238, 45.484199523925781 ], [ 14.238300323486328, 45.505599975585938 ], [ 14.131400108337402, 45.474399566650391 ], [ 13.989399909973145, 45.522201538085938 ], [ 13.978300094604492, 45.507801055908203 ], [ 13.997200012207031, 45.479999542236328 ], [ 13.986700057983398, 45.459999084472656 ], [ 13.906900405883789, 45.453300476074219 ], [ 13.858599662780762, 45.478099822998047 ], [ 13.691399574279785, 45.444400787353516 ], [ 13.615300178527832, 45.464401245117188 ], [ 13.569666862487793, 45.507072448730469 ], [ 13.74944019317627, 45.546939849853516 ], [ 13.717510223388672, 45.597660064697266 ], [ 13.859439849853516, 45.587490081787109 ], [ 13.919159889221191, 45.637489318847656 ], [ 13.821940422058105, 45.7269287109375 ], [ 13.598050117492676, 45.810810089111328 ], [ 13.577779769897461, 45.854160308837891 ], [ 13.62360954284668, 45.922210693359375 ], [ 13.635000228881836, 45.988590240478516 ], [ 13.590000152587891, 45.993320465087891 ], [ 13.542499542236328, 45.967479705810547 ], [ 13.479439735412598, 46.013320922851562 ], [ 13.645830154418945, 46.142490386962891 ], [ 13.664440155029297, 46.183040618896484 ], [ 13.55055046081543, 46.218040466308594 ], [ 13.443329811096191, 46.230258941650391 ], [ 13.383049964904785, 46.297210693359375 ], [ 13.481109619140625, 46.369430541992188 ], [ 13.692219734191895, 46.450260162353516 ], [ 13.718959808349609, 46.525539398193359 ], [ 14.084719657897949, 46.488590240478516 ], [ 14.159440040588379, 46.440818786621094 ], [ 14.428330421447754, 46.446369171142578 ], [ 14.574440002441406, 46.387489318847656 ], [ 14.594160079956055, 46.437480926513672 ], [ 14.814720153808594, 46.512760162353516 ], [ 14.870550155639648, 46.615821838378906 ], [ 15.105270385742188, 46.657199859619141 ], [ 15.500829696655273, 46.618038177490234 ], [ 15.649439811706543, 46.709709167480469 ], [ 16.026939392089844, 46.661369323730469 ] ] ] } },
{ "type": "Feature", "properties": { }, "geometry": { "type": "MultiPolygon", "coordinates": [ [ [ [ -14.333060264587402, 28.044439315795898 ], [ -14.47389030456543, 28.068609237670898 ], [ -14.494449615478516, 28.099720001220703 ], [ -14.309169769287109, 28.142770767211914 ], [ -14.209719657897949, 28.228050231933594 ], [ -14.202500343322754, 28.294719696044922 ], [ -13.972499847412109, 28.729719161987305 ], [ -13.865839958190918, 28.747770309448242 ], [ -13.820560455322266, 28.577220916748047 ], [ -13.855830192565918, 28.478609085083008 ], [ -13.844169616699219, 28.402219772338867 ], [ -13.95028018951416, 28.224720001220703 ], [ -14.140279769897461, 28.183610916137695 ], [ -14.333060264587402, 28.044439315795898 ] ] ], [ [ [ 3.063611030578613, 39.263599395751953 ], [ 2.902221918106079, 39.359710693359375 ], [ 2.793056011199951, 39.362491607666016 ], [ 2.729166984558105, 39.467769622802734 ], [ 2.722500085830688, 39.529991149902344 ], [ 2.618889093399048, 39.550270080566406 ], [ 2.523611068725586, 39.453041076660156 ], [ 2.358055114746094, 39.557491302490234 ], [ 2.373054981231689, 39.610820770263672 ], [ 2.81583309173584, 39.861660003662109 ], [ 3.13083291053772, 39.917488098144531 ], [ 3.091943979263306, 39.901371002197266 ], [ 3.111943960189819, 39.866378784179688 ], [ 3.205276966094971, 39.867488861083984 ], [ 3.12388801574707, 39.822490692138672 ], [ 3.14722204208374, 39.779430389404297 ], [ 3.247776985168457, 39.734710693359375 ], [ 3.452776908874512, 39.749988555908203 ], [ 3.463610887527466, 39.661380767822266 ], [ 3.291944026947021, 39.472488403320312 ], [ 3.241944074630737, 39.364429473876953 ], [ 3.063611030578613, 39.263599395751953 ] ] ], [ [ [ -15.590829849243164, 27.734720230102539 ], [ -15.785280227661133, 27.837490081787109 ], [ -15.817500114440918, 27.938610076904297 ], [ -15.708330154418945, 28.074989318847656 ], [ -15.704999923706055, 28.165830612182617 ], [ -15.466389656066895, 28.126659393310547 ], [ -15.430279731750488, 28.14971923828125 ], [ -15.371950149536133, 27.859720230102539 ], [ -15.590829849243164, 27.734720230102539 ] ] ], [ [ [ -16.682500839233398, 27.986940383911133 ], [ -16.781389236450195, 28.129989624023438 ], [ -16.904169082641602, 28.350830078125 ], [ -16.558330535888672, 28.393600463867188 ], [ -16.376110076904297, 28.53693962097168 ], [ -16.121950149536133, 28.576940536499023 ], [ -16.118610382080078, 28.516380310058594 ], [ -16.351110458374023, 28.358060836791992 ], [ -16.349449157714844, 28.298879623413086 ], [ -16.50139045715332, 28.049160003662109 ], [ -16.682500839233398, 27.986940383911133 ] ] ], [ [ [ 1.383054971694946, 38.836650848388672 ], [ 1.277222037315369, 38.879711151123047 ], [ 1.222499966621399, 38.874149322509766 ], [ 1.242499947547913, 38.968040466308594 ], [ 1.357221961021423, 39.069709777832031 ], [ 1.519721984863281, 39.118320465087891 ], [ 1.600554943084717, 39.096099853515625 ], [ 1.585000038146973, 39.002769470214844 ], [ 1.412500023841858, 38.890541076660156 ], [ 1.383054971694946, 38.836650848388672 ] ] ], [ [ [ -13.773059844970703, 28.837770462036133 ], [ -13.863889694213867, 28.853879928588867 ], [ -13.793609619140625, 29.050830841064453 ], [ -13.593890190124512, 29.138050079345703 ], [ -13.551389694213867, 29.120269775390625 ], [ -13.47638988494873, 29.241939544677734 ], [ -13.422499656677246, 29.208049774169922 ], [ -13.455559730529785, 29.142770767211914 ], [ -13.481670379638672, 28.996940612792969 ], [ -13.773059844970703, 28.837770462036133 ] ] ], [ [ [ -17.861110687255859, 28.476659774780273 ], [ -17.995010375976562, 28.778049468994141 ], [ -17.904449462890625, 28.84943962097168 ], [ -17.781389236450195, 28.83888053894043 ], [ -17.716669082641602, 28.740549087524414 ], [ -17.756950378417969, 28.673330307006836 ], [ -17.739170074462891, 28.607770919799805 ], [ -17.815559387207031, 28.480550765991211 ], [ -17.861110687255859, 28.476659774780273 ] ] ], [ [ [ 4.295278072357178, 39.810550689697266 ], [ 3.96555495262146, 39.933601379394531 ], [ 3.826666116714478, 39.922489166259766 ], [ 3.84055495262146, 39.995819091796875 ], [ 3.801944017410278, 40.002208709716797 ], [ 3.831387996673584, 40.052761077880859 ], [ 4.180832862854004, 40.059429168701172 ], [ 4.336666107177734, 39.872489929199219 ], [ 4.295278072357178, 39.810550689697266 ] ] ], [ [ [ 1.43524694442749, 42.597148895263672 ], [ 1.448333024978638, 42.450820922851562 ], [ 1.533332943916321, 42.436100006103516 ], [ 1.787500023841858, 42.490261077880859 ], [ 1.953055024147034, 42.437198638916016 ], [ 1.97666597366333, 42.374698638916016 ], [ 2.086944103240967, 42.363319396972656 ], [ 2.254167079925537, 42.434711456298828 ], [ 2.47666597366333, 42.351650238037109 ], [ 2.671111106872559, 42.338321685791016 ], [ 2.678333044052124, 42.401649475097656 ], [ 3.038332939147949, 42.474979400634766 ], [ 3.150832891464233, 42.433319091796875 ], [ 3.176961898803711, 42.437610626220703 ], [ 3.1875, 42.348598480224609 ], [ 3.317222118377686, 42.324989318847656 ], [ 3.222222089767456, 42.234989166259766 ], [ 3.158611059188843, 42.262489318847656 ], [ 3.110832929611206, 42.196659088134766 ], [ 3.133888959884644, 42.118320465087891 ], [ 3.202500104904175, 42.078880310058594 ], [ 3.179444074630737, 41.874149322509766 ], [ 2.819443941116333, 41.685821533203125 ], [ 2.249722003936768, 41.448040008544922 ], [ 2.126944065093994, 41.295551300048828 ], [ 0.993055522441864, 41.048038482666016 ], [ 0.70416671037674, 40.813041687011719 ], [ 0.723055481910706, 40.775829315185547 ], [ 0.894999980926514, 40.728321075439453 ], [ 0.851666629314423, 40.676101684570312 ], [ 0.635555505752563, 40.623878479003906 ], [ 0.546388924121857, 40.573600769042969 ], [ 0.261388808488846, 40.208320617675781 ], [ 0.186388894915581, 40.165271759033203 ], [ 0.13194440305233, 40.070819854736328 ], [ 0.048888880759478, 40.036098480224609 ], [ -0.061944451183081, 39.863319396972656 ], [ -0.179444506764412, 39.736099243164062 ], [ -0.337500005960464, 39.440540313720703 ], [ -0.275000005960464, 39.271099090576172 ], [ -0.108333297073841, 38.945819854736328 ], [ 0.008888887241483, 38.862209320068359 ], [ 0.188888907432556, 38.808601379394531 ], [ 0.236111104488373, 38.744430541992188 ], [ -0.050555560737848, 38.595539093017578 ], [ -0.065277792513371, 38.545818328857422 ], [ -0.399166703224182, 38.408599853515625 ], [ -0.517499983310699, 38.294429779052734 ], [ -0.509166717529297, 38.211650848388672 ], [ -0.61222231388092, 38.178878784179688 ], [ -0.683888912200928, 37.968879699707031 ], [ -0.75944447517395, 37.861930847167969 ], [ -0.747222304344177, 37.790271759033203 ], [ -0.787500023841858, 37.813320159912109 ], [ -0.860000014305115, 37.716648101806641 ], [ -0.740833401679993, 37.630260467529297 ], [ -0.751111090183258, 37.776931762695312 ], [ -0.690555572509766, 37.631378173828125 ], [ -0.816666722297668, 37.573318481445312 ], [ -1.269166946411133, 37.555271148681641 ], [ -1.384443998336792, 37.525829315185547 ], [ -1.769166946411133, 37.245269775390625 ], [ -1.821359992027283, 37.267749786376953 ], [ -1.786685943603516, 37.2469482421875 ], [ -1.89722204208374, 36.946098327636719 ], [ -1.998888969421387, 36.884159088134766 ], [ -2.025000095367432, 36.828880310058594 ], [ -2.174444913864136, 36.720268249511719 ], [ -2.298888921737671, 36.829429626464844 ], [ -2.555556058883667, 36.814708709716797 ], [ -2.696944952011108, 36.681098937988281 ], [ -2.859723091125488, 36.695270538330078 ], [ -2.928889036178589, 36.749710083007812 ], [ -3.529444932937622, 36.7158203125 ], [ -3.906111001968384, 36.741649627685547 ], [ -4.39833402633667, 36.722209930419922 ], [ -4.677221775054932, 36.501659393310547 ], [ -5.165555953979492, 36.415271759033203 ], [ -5.311388969421387, 36.233600616455078 ], [ -5.344723224639893, 36.149990081787109 ], [ -5.381667137145996, 36.178321838378906 ], [ -5.432777881622314, 36.174160003662109 ], [ -5.422223091125488, 36.075820922851562 ], [ -5.605556011199951, 35.999710083007812 ], [ -5.77333402633667, 36.07720947265625 ], [ -6.151668071746826, 36.296939849853516 ], [ -6.263055801391602, 36.481658935546875 ], [ -6.233334064483643, 36.461380004882812 ], [ -6.172778129577637, 36.512210845947266 ], [ -6.250277996063232, 36.508319854736328 ], [ -6.230834007263184, 36.574989318847656 ], [ -6.392500877380371, 36.626380920410156 ], [ -6.44389009475708, 36.718879699707031 ], [ -6.355556011199951, 36.787490844726562 ], [ -6.339723110198975, 36.889430999755859 ], [ -6.35805606842041, 36.794708251953125 ], [ -6.573890209197998, 37.015819549560547 ], [ -6.904723167419434, 37.165538787841797 ], [ -6.9375, 37.193878173828125 ], [ -6.972221851348877, 37.285259246826172 ], [ -6.953888893127441, 37.172210693359375 ], [ -7.174723148345947, 37.227489471435547 ], [ -7.384167194366455, 37.169708251953125 ], [ -7.41816520690918, 37.173370361328125 ], [ -7.514166831970215, 37.573318481445312 ], [ -7.297500133514404, 37.848041534423828 ], [ -7.254723072052002, 37.987491607666016 ], [ -7.006945133209229, 38.028041839599609 ], [ -6.94416618347168, 38.162761688232422 ], [ -6.948054790496826, 38.218318939208984 ], [ -7.087778091430664, 38.174430847167969 ], [ -7.144166946411133, 38.270259857177734 ], [ -7.329721927642822, 38.447200775146484 ], [ -7.265555858612061, 38.708320617675781 ], [ -7.155832767486572, 38.790271759033203 ], [ -6.953888893127441, 39.026931762695312 ], [ -6.961111068725586, 39.056648254394531 ], [ -7.040555953979492, 39.122760772705078 ], [ -7.115832805633545, 39.104160308837891 ], [ -7.154167175292969, 39.122760772705078 ], [ -7.139999866485596, 39.173320770263672 ], [ -7.243054866790771, 39.213039398193359 ], [ -7.235000133514404, 39.276371002197266 ], [ -7.313611030578613, 39.344699859619141 ], [ -7.293612003326416, 39.467758178710938 ], [ -7.442499160766602, 39.551090240478516 ], [ -7.533332824707031, 39.668880462646484 ], [ -7.407777786254883, 39.648319244384766 ], [ -7.017221927642822, 39.674991607666016 ], [ -6.863889217376709, 40.015541076660156 ], [ -7.014444828033447, 40.146648406982422 ], [ -7.006111145019531, 40.230808258056641 ], [ -6.96083402633667, 40.240261077880859 ], [ -6.787499904632568, 40.341648101806641 ], [ -6.84833288192749, 40.443309783935547 ], [ -6.791110992431641, 40.518039703369141 ], [ -6.83916711807251, 40.574989318847656 ], [ -6.797778129577637, 40.657760620117188 ], [ -6.829444885253906, 40.755260467529297 ], [ -6.799722194671631, 40.856090545654297 ], [ -6.924444198608398, 41.031368255615234 ], [ -6.808610916137695, 41.040538787841797 ], [ -6.681388854980469, 41.215541839599609 ], [ -6.318611145019531, 41.387210845947266 ], [ -6.329444885253906, 41.415260314941406 ], [ -6.217778205871582, 41.529430389404297 ], [ -6.194444179534912, 41.593040466308594 ], [ -6.355833053588867, 41.677761077880859 ], [ -6.497777938842773, 41.657489776611328 ], [ -6.539443969726562, 41.679428100585938 ], [ -6.562777996063232, 41.745258331298828 ], [ -6.508612155914307, 41.873870849609375 ], [ -6.568611145019531, 41.887210845947266 ], [ -6.545000076293945, 41.937198638916016 ], [ -6.581666946411133, 41.967479705810547 ], [ -6.628056049346924, 41.941089630126953 ], [ -6.809443950653076, 41.990261077880859 ], [ -6.837778091430664, 41.947200775146484 ], [ -7.152223110198975, 41.988590240478516 ], [ -7.200555801391602, 41.883598327636719 ], [ -7.427221775054932, 41.812480926513672 ], [ -7.456943988800049, 41.864429473876953 ], [ -7.524445056915283, 41.840541839599609 ], [ -7.611944198608398, 41.834980010986328 ], [ -7.591667175292969, 41.879711151123047 ], [ -7.706110954284668, 41.904430389404297 ], [ -7.880000114440918, 41.852771759033203 ], [ -7.886110782623291, 41.923320770263672 ], [ -7.912221908569336, 41.88970947265625 ], [ -8.140834808349609, 41.809150695800781 ], [ -8.218889236450195, 41.913600921630859 ], [ -8.08277702331543, 42.025260925292969 ], [ -8.090000152587891, 42.068878173828125 ], [ -8.185832977294922, 42.064701080322266 ], [ -8.201389312744141, 42.152210235595703 ], [ -8.621110916137695, 42.053600311279297 ], [ -8.812395095825195, 41.904529571533203 ], [ -8.871946334838867, 41.875820159912109 ], [ -8.898612976074219, 42.108051300048828 ], [ -8.77833366394043, 42.207759857177734 ], [ -8.61277961730957, 42.315540313720703 ], [ -8.625278472900391, 42.353599548339844 ], [ -8.683889389038086, 42.279708862304688 ], [ -8.857500076293945, 42.247760772705078 ], [ -8.853889465332031, 42.307769775390625 ], [ -8.81361198425293, 42.279991149902344 ], [ -8.830833435058594, 42.342769622802734 ], [ -8.767223358154297, 42.340259552001953 ], [ -8.656389236450195, 42.427761077880859 ], [ -8.84111213684082, 42.391380310058594 ], [ -8.942222595214844, 42.466930389404297 ], [ -8.871946334838867, 42.500820159912109 ], [ -8.869722366333008, 42.453601837158203 ], [ -8.807500839233398, 42.504711151123047 ], [ -8.827777862548828, 42.574710845947266 ], [ -8.7308349609375, 42.661098480224609 ], [ -8.825000762939453, 42.665821075439453 ], [ -8.856111526489258, 42.607769012451172 ], [ -8.886390686035156, 42.639991760253906 ], [ -9.017223358154297, 42.521381378173828 ], [ -9.0352783203125, 42.568050384521484 ], [ -9.085000991821289, 42.576381683349609 ], [ -8.933612823486328, 42.772769927978516 ], [ -8.856111526489258, 42.819438934326172 ], [ -8.903890609741211, 42.828319549560547 ], [ -8.953889846801758, 42.775829315185547 ], [ -9.068611145019531, 42.754711151123047 ], [ -9.135833740234375, 42.791099548339844 ], [ -9.101667404174805, 42.823318481445312 ], [ -9.141944885253906, 42.861660003662109 ], [ -9.185001373291016, 42.952491760253906 ], [ -9.181390762329102, 42.915538787841797 ], [ -9.2933349609375, 42.922489166259766 ], [ -9.274168014526367, 43.024711608886719 ], [ -9.145557403564453, 43.193050384521484 ], [ -8.934722900390625, 43.229709625244141 ], [ -8.981945037841797, 43.276100158691406 ], [ -8.837501525878906, 43.345268249511719 ], [ -8.724445343017578, 43.291099548339844 ], [ -8.539445877075195, 43.309711456298828 ], [ -8.405834197998047, 43.384708404541016 ], [ -8.386112213134766, 43.339431762695312 ], [ -8.335556030273438, 43.373321533203125 ], [ -8.329723358154297, 43.403881072998047 ], [ -8.21583366394043, 43.330539703369141 ], [ -8.216667175292969, 43.398040771484375 ], [ -8.2852783203125, 43.432769775390625 ], [ -8.241111755371094, 43.490261077880859 ], [ -8.339723587036133, 43.456928253173828 ], [ -8.31944465637207, 43.562210083007812 ], [ -8.253613471984863, 43.558040618896484 ], [ -8.089445114135742, 43.661930084228516 ], [ -7.86583423614502, 43.772209167480469 ], [ -7.850833892822266, 43.714710235595703 ], [ -7.899167060852051, 43.670269012451172 ], [ -7.854444980621338, 43.668319702148438 ], [ -7.790832996368408, 43.734149932861328 ], [ -7.685833930969238, 43.774429321289062 ], [ -7.693612098693848, 43.730819702148438 ], [ -7.570556163787842, 43.711650848388672 ], [ -7.484167098999023, 43.727771759033203 ], [ -7.248888969421387, 43.579151153564453 ], [ -7.038888931274414, 43.557491302490234 ], [ -7.045279026031494, 43.489990234375 ], [ -6.943611145019531, 43.577770233154297 ], [ -6.349722862243652, 43.558601379394531 ], [ -5.954721927642822, 43.580539703369141 ], [ -5.851944923400879, 43.652759552001953 ], [ -5.529167175292969, 43.548599243164062 ], [ -5.398056030273438, 43.552490234375 ], [ -5.38139009475708, 43.526100158691406 ], [ -5.288888931274414, 43.533870697021484 ], [ -5.214723110198975, 43.479709625244141 ], [ -4.692223072052002, 43.417488098144531 ], [ -4.216945171356201, 43.393878936767578 ], [ -4.051390171051025, 43.442489624023438 ], [ -3.82361102104187, 43.448879241943359 ], [ -3.797223091125488, 43.412208557128906 ], [ -3.65416693687439, 43.491649627685547 ], [ -3.51555609703064, 43.490821838378906 ], [ -3.430556058883667, 43.464431762695312 ], [ -3.460556030273438, 43.442211151123047 ], [ -3.42972207069397, 43.411098480224609 ], [ -3.231389045715332, 43.398319244384766 ], [ -3.118611097335815, 43.350818634033203 ], [ -3.009166955947876, 43.381099700927734 ], [ -2.941667079925537, 43.435550689697266 ], [ -2.728332996368408, 43.425819396972656 ], [ -2.29555606842041, 43.296100616455078 ], [ -1.879999995231628, 43.344989776611328 ], [ -1.810487985610962, 43.385890960693359 ], [ -1.655833005905151, 43.309429168701172 ], [ -1.620000004768372, 43.256378173828125 ], [ -1.409167051315308, 43.273040771484375 ], [ -1.381945013999939, 43.196651458740234 ], [ -1.472777962684631, 43.091091156005859 ], [ -1.440556049346924, 43.048320770263672 ], [ -1.360278010368347, 43.031650543212891 ], [ -1.288333058357239, 43.106090545654297 ], [ -1.300555944442749, 43.071659088134766 ], [ -0.818888902664185, 42.946090698242188 ], [ -0.746944427490234, 42.965541839599609 ], [ -0.656111121177673, 42.863601684570312 ], [ -0.519166707992554, 42.790821075439453 ], [ -0.50083339214325, 42.822208404541016 ], [ -0.392222195863724, 42.796379089355469 ], [ -0.306666702032089, 42.849151611328125 ], [ -0.123888902366161, 42.757488250732422 ], [ -0.057500001043081, 42.694149017333984 ], [ 0.26194441318512, 42.717479705810547 ], [ 0.29111111164093, 42.675819396972656 ], [ 0.412499994039536, 42.695259094238281 ], [ 0.676110982894897, 42.689151763916016 ], [ 0.667777717113495, 42.839149475097656 ], [ 0.81583309173584, 42.841091156005859 ], [ 1.383610963821411, 42.689701080322266 ], [ 1.43524694442749, 42.597148895263672 ] ] ] ] } },
{ "type": "Feature", "properties": { }, "geometry": { "type": "MultiPolygon", "coordinates": [ [ [ [ 11.465000152587891, 58.06610107421875 ], [ 11.40110969543457, 58.130260467529297 ], [ 11.576109886169434, 58.225269317626953 ], [ 11.655280113220215, 58.231380462646484 ], [ 11.671640396118164, 58.276210784912109 ], [ 11.736669540405273, 58.281650543212891 ], [ 11.814720153808594, 58.177490234375 ], [ 11.806389808654785, 58.120540618896484 ], [ 11.465000152587891, 58.06610107421875 ] ] ], [ [ [ 16.437219619750977, 56.211380004882812 ], [ 16.403329849243164, 56.274150848388672 ], [ 16.393329620361328, 56.529148101806641 ], [ 16.611940383911133, 56.868320465087891 ], [ 16.727779388427734, 56.891929626464844 ], [ 16.973329544067383, 57.305271148681641 ], [ 17.056659698486328, 57.359149932861328 ], [ 17.110279083251953, 57.338039398193359 ], [ 16.858329772949219, 56.891101837158203 ], [ 16.699169158935547, 56.648601531982422 ], [ 16.506660461425781, 56.258319854736328 ], [ 16.437219619750977, 56.211380004882812 ] ] ], [ [ [ 18.14777946472168, 56.911930084228516 ], [ 18.202770233154297, 57.015270233154297 ], [ 18.262500762939453, 57.036380767822266 ], [ 18.289440155029297, 57.0908203125 ], [ 18.217500686645508, 57.057769775390625 ], [ 18.156669616699219, 57.228038787841797 ], [ 18.09889030456543, 57.253040313720703 ], [ 18.101390838623047, 57.282211303710938 ], [ 18.17694091796875, 57.375541687011719 ], [ 18.115280151367188, 57.480819702148438 ], [ 18.11138916015625, 57.519428253173828 ], [ 18.461389541625977, 57.807769775390625 ], [ 18.716110229492188, 57.921100616455078 ], [ 18.771940231323242, 57.886928558349609 ], [ 18.788059234619141, 57.830818176269531 ], [ 18.849159240722656, 57.873050689697266 ], [ 18.840829849243164, 57.908870697021484 ], [ 18.914169311523438, 57.917488098144531 ], [ 18.89971923828125, 57.886928558349609 ], [ 19.003889083862305, 57.898880004882812 ], [ 19.082780838012695, 57.830268859863281 ], [ 18.944160461425781, 57.781650543212891 ], [ 18.89971923828125, 57.713329315185547 ], [ 18.81443977355957, 57.734710693359375 ], [ 18.76222038269043, 57.615261077880859 ], [ 18.808050155639648, 57.600551605224609 ], [ 18.768049240112305, 57.478038787841797 ], [ 18.808889389038086, 57.439159393310547 ], [ 18.896659851074219, 57.441379547119141 ], [ 18.929159164428711, 57.418048858642578 ], [ 18.907499313354492, 57.380550384521484 ], [ 18.788890838623047, 57.370540618896484 ], [ 18.671939849853516, 57.302211761474609 ], [ 18.666379928588867, 57.278881072998047 ], [ 18.714439392089844, 57.246929168701172 ], [ 18.417219161987305, 57.144161224365234 ], [ 18.335550308227539, 57.023319244384766 ], [ 18.358610153198242, 56.987770080566406 ], [ 18.230550765991211, 56.918048858642578 ], [ 18.14777946472168, 56.911930084228516 ] ] ], [ [ [ 20.586090087890625, 69.063140869140625 ], [ 20.866659164428711, 69.004966735839844 ], [ 20.931110382080078, 68.94635009765625 ], [ 20.891380310058594, 68.926849365234375 ], [ 20.895280838012695, 68.893592834472656 ], [ 21.207769393920898, 68.8197021484375 ], [ 21.668609619140625, 68.63079833984375 ], [ 21.757499694824219, 68.576919555664062 ], [ 21.897220611572266, 68.569976806640625 ], [ 22.05055046081543, 68.479141235351562 ], [ 22.67388916015625, 68.420806884765625 ], [ 23.119720458984375, 68.241912841796875 ], [ 23.159439086914062, 68.178848266601562 ], [ 23.147769927978516, 68.127456665039062 ], [ 23.294439315795898, 68.142196655273438 ], [ 23.542219161987305, 67.97802734375 ], [ 23.656940460205078, 67.950813293457031 ], [ 23.665550231933594, 67.929962158203125 ], [ 23.492490768432617, 67.87579345703125 ], [ 23.47722053527832, 67.774978637695312 ], [ 23.553609848022461, 67.587478637695312 ], [ 23.438880920410156, 67.498580932617188 ], [ 23.431110382080078, 67.465530395507812 ], [ 23.50054931640625, 67.436363220214844 ], [ 23.549160003662109, 67.45330810546875 ], [ 23.761940002441406, 67.420242309570312 ], [ 23.781940460205078, 67.326370239257812 ], [ 23.741659164428711, 67.284698486328125 ], [ 23.61444091796875, 67.263313293457031 ], [ 23.584440231323242, 67.223861694335938 ], [ 23.61138916015625, 67.207199096679688 ], [ 23.573890686035156, 67.167739868164062 ], [ 23.725830078125, 67.01275634765625 ], [ 23.935829162597656, 66.884140014648438 ], [ 24.007770538330078, 66.800521850585938 ], [ 23.899999618530273, 66.75469970703125 ], [ 23.887500762939453, 66.569976806640625 ], [ 23.658889770507812, 66.460533142089844 ], [ 23.657770156860352, 66.40692138671875 ], [ 23.719160079956055, 66.204971313476562 ], [ 24.004999160766602, 66.052749633789062 ], [ 24.167070388793945, 65.812843322753906 ], [ 24.012500762939453, 65.788040161132812 ], [ 23.696390151977539, 65.825813293457031 ], [ 23.649440765380859, 65.80108642578125 ], [ 23.459720611572266, 65.826919555664062 ], [ 23.434719085693359, 65.760528564453125 ], [ 23.18889045715332, 65.8197021484375 ], [ 23.234439849853516, 65.763603210449219 ], [ 23.081110000610352, 65.698867797851562 ], [ 23.072780609130859, 65.739700317382812 ], [ 23.000270843505859, 65.752761840820312 ], [ 22.782779693603516, 65.860260009765625 ], [ 22.63722038269043, 65.902763366699219 ], [ 22.704719543457031, 65.807479858398438 ], [ 22.648609161376953, 65.750526428222656 ], [ 22.608610153198242, 65.796920776367188 ], [ 22.508050918579102, 65.773857116699219 ], [ 22.527769088745117, 65.810806274414062 ], [ 22.363889694213867, 65.859153747558594 ], [ 22.321109771728516, 65.798309326171875 ], [ 22.356389999389648, 65.752197265625 ], [ 22.315000534057617, 65.732192993164062 ], [ 22.240829467773438, 65.75469970703125 ], [ 22.238889694213867, 65.731086730957031 ], [ 22.373329162597656, 65.711906433105469 ], [ 22.385829925537109, 65.6705322265625 ], [ 22.341659545898438, 65.663040161132812 ], [ 22.307220458984375, 65.698593139648438 ], [ 22.257770538330078, 65.691093444824219 ], [ 22.27610969543457, 65.624687194824219 ], [ 22.186660766601562, 65.62164306640625 ], [ 22.309440612792969, 65.613311767578125 ], [ 22.316669464111328, 65.634696960449219 ], [ 22.426389694213867, 65.548576354980469 ], [ 22.405830383300781, 65.535247802734375 ], [ 21.954999923706055, 65.64581298828125 ], [ 22.162220001220703, 65.549148559570312 ], [ 22.164169311523438, 65.533042907714844 ], [ 21.852500915527344, 65.529983520507812 ], [ 22.031669616699219, 65.457199096679688 ], [ 21.998050689697266, 65.423309326171875 ], [ 21.943050384521484, 65.449691772460938 ], [ 21.929439544677734, 65.398033142089844 ], [ 21.586940765380859, 65.416366577148438 ], [ 21.471939086914062, 65.376083374023438 ], [ 21.648050308227539, 65.306922912597656 ], [ 21.685829162597656, 65.261093139648438 ], [ 21.553609848022461, 65.234703063964844 ], [ 21.48944091796875, 65.30859375 ], [ 21.324440002441406, 65.371917724609375 ], [ 21.266109466552734, 65.33331298828125 ], [ 21.400829315185547, 65.321640014648438 ], [ 21.620550155639648, 65.153030395507812 ], [ 21.613330841064453, 65.138031005859375 ], [ 21.547220230102539, 65.136367797851562 ], [ 21.549720764160156, 65.09136962890625 ], [ 21.468330383300781, 65.050537109375 ], [ 21.502780914306641, 65.019699096679688 ], [ 21.424160003662109, 65.009407043457031 ], [ 21.386940002441406, 64.9588623046875 ], [ 21.243890762329102, 64.947746276855469 ], [ 21.183050155639648, 64.829971313476562 ], [ 21.097499847412109, 64.82330322265625 ], [ 21.07305908203125, 64.856369018554688 ], [ 21.03693962097168, 64.835823059082031 ], [ 21.054439544677734, 64.811920166015625 ], [ 21.258329391479492, 64.777481079101562 ], [ 21.310829162597656, 64.750808715820312 ], [ 21.229719161987305, 64.743026733398438 ], [ 21.303890228271484, 64.687187194824219 ], [ 21.104999542236328, 64.722747802734375 ], [ 21.118890762329102, 64.681373596191406 ], [ 21.361940383911133, 64.566360473632812 ], [ 21.373329162597656, 64.605262756347656 ], [ 21.542770385742188, 64.525527954101562 ], [ 21.37639045715332, 64.5263671875 ], [ 21.481939315795898, 64.510246276855469 ], [ 21.481670379638672, 64.449142456054688 ], [ 21.575550079345703, 64.46441650390625 ], [ 21.329999923706055, 64.31414794921875 ], [ 21.27610969543457, 64.295806884765625 ], [ 21.242769241333008, 64.310256958007812 ], [ 20.954170227050781, 64.134140014648438 ], [ 20.910829544067383, 64.018592834472656 ], [ 20.675830841064453, 63.821659088134766 ], [ 20.679439544677734, 63.78887939453125 ], [ 20.614170074462891, 63.816379547119141 ], [ 20.543329238891602, 63.768600463867188 ], [ 20.499719619750977, 63.822769165039062 ], [ 20.413610458374023, 63.69110107421875 ], [ 20.36277961730957, 63.679439544677734 ], [ 20.343050003051758, 63.746101379394531 ], [ 20.314720153808594, 63.736660003662109 ], [ 20.325550079345703, 63.694709777832031 ], [ 20.289440155029297, 63.649711608886719 ], [ 20.254440307617188, 63.704708099365234 ], [ 20.240829467773438, 63.646381378173828 ], [ 20.057220458984375, 63.659431457519531 ], [ 20.011940002441406, 63.635818481445312 ], [ 20.033050537109375, 63.601650238037109 ], [ 19.937770843505859, 63.616649627685547 ], [ 19.775279998779297, 63.533329010009766 ], [ 19.773050308227539, 63.457489013671875 ], [ 19.660829544067383, 63.435260772705078 ], [ 19.639720916748047, 63.474708557128906 ], [ 19.46360969543457, 63.561100006103516 ], [ 19.422779083251953, 63.545818328857422 ], [ 19.51416015625, 63.408329010009766 ], [ 19.336389541625977, 63.482490539550781 ], [ 19.365829467773438, 63.434989929199219 ], [ 19.296670913696289, 63.463600158691406 ], [ 19.274440765380859, 63.441928863525391 ], [ 19.261940002441406, 63.321098327636719 ], [ 19.139999389648438, 63.310260772705078 ], [ 19.116109848022461, 63.232769012451172 ], [ 19.045560836791992, 63.244430541992188 ], [ 19.049720764160156, 63.218318939208984 ], [ 19.110279083251953, 63.208320617675781 ], [ 19.03693962097168, 63.176380157470703 ], [ 18.946659088134766, 63.248600006103516 ], [ 18.803049087524414, 63.256938934326172 ], [ 18.739719390869141, 63.242210388183594 ], [ 18.91526985168457, 63.206661224365234 ], [ 18.789440155029297, 63.167758941650391 ], [ 18.75193977355957, 63.201648712158203 ], [ 18.816389083862305, 63.2158203125 ], [ 18.703889846801758, 63.220539093017578 ], [ 18.753889083862305, 63.154708862304688 ], [ 18.628610610961914, 63.146648406982422 ], [ 18.644720077514648, 63.10443115234375 ], [ 18.558889389038086, 63.114158630371094 ], [ 18.481670379638672, 63.018318176269531 ], [ 18.375270843505859, 63.047210693359375 ], [ 18.423610687255859, 63.009429931640625 ], [ 18.344999313354492, 63.034431457519531 ], [ 18.258609771728516, 62.989990234375 ], [ 18.53972053527832, 62.984439849853516 ], [ 18.57666015625, 62.9658203125 ], [ 18.565000534057617, 62.950260162353516 ], [ 18.414159774780273, 62.965549468994141 ], [ 18.400829315185547, 62.938041687011719 ], [ 18.525550842285156, 62.923320770263672 ], [ 18.466939926147461, 62.858318328857422 ], [ 18.362220764160156, 62.833881378173828 ], [ 18.309719085693359, 62.858051300048828 ], [ 18.207500457763672, 62.861660003662109 ], [ 18.280279159545898, 62.8408203125 ], [ 18.264720916748047, 62.811378479003906 ], [ 18.199440002441406, 62.776100158691406 ], [ 18.18610954284668, 62.812210083007812 ], [ 18.148050308227539, 62.769710540771484 ], [ 18.008050918579102, 62.797771453857422 ], [ 18.145000457763672, 62.816661834716797 ], [ 18.047779083251953, 62.849990844726562 ], [ 17.97389030456543, 62.800819396972656 ], [ 17.923629760742188, 62.820060729980469 ], [ 17.923049926757812, 62.864429473876953 ], [ 17.828329086303711, 62.969440460205078 ], [ 17.696659088134766, 62.991939544677734 ], [ 17.801109313964844, 62.946929931640625 ], [ 17.994720458984375, 62.730548858642578 ], [ 17.991390228271484, 62.653049468994141 ], [ 17.917770385742188, 62.665271759033203 ], [ 17.885280609130859, 62.656101226806641 ], [ 18.045560836791992, 62.623600006103516 ], [ 18.055830001831055, 62.589988708496094 ], [ 17.950830459594727, 62.562480926513672 ], [ 17.954439163208008, 62.608051300048828 ], [ 17.931110382080078, 62.610820770263672 ], [ 17.910829544067383, 62.544158935546875 ], [ 17.835550308227539, 62.483879089355469 ], [ 17.693330764770508, 62.493598937988281 ], [ 17.654159545898438, 62.467208862304688 ], [ 17.698610305786133, 62.434158325195312 ], [ 17.564159393310547, 62.440269470214844 ], [ 17.409160614013672, 62.538051605224609 ], [ 17.325550079345703, 62.480258941650391 ], [ 17.379169464111328, 62.415271759033203 ], [ 17.341110229492188, 62.393878936767578 ], [ 17.466390609741211, 62.310821533203125 ], [ 17.465269088745117, 62.265541076660156 ], [ 17.654720306396484, 62.231098175048828 ], [ 17.600000381469727, 62.209430694580078 ], [ 17.538610458374023, 62.211101531982422 ], [ 17.483060836791992, 62.129428863525391 ], [ 17.46360969543457, 62.006378173828125 ], [ 17.349720001220703, 61.945270538330078 ], [ 17.341939926147461, 61.813880920410156 ], [ 17.407220840454102, 61.81610107421875 ], [ 17.393610000610352, 61.716381072998047 ], [ 17.494720458984375, 61.728038787841797 ], [ 17.523609161376953, 61.696098327636719 ], [ 17.47722053527832, 61.624710083007812 ], [ 17.257770538330078, 61.719150543212891 ], [ 17.140270233154297, 61.719711303710938 ], [ 17.220270156860352, 61.703319549560547 ], [ 17.263050079345703, 61.671100616455078 ], [ 17.12639045715332, 61.614429473876953 ], [ 17.144720077514648, 61.593601226806641 ], [ 17.073329925537109, 61.548870086669922 ], [ 17.179159164428711, 61.487491607666016 ], [ 17.110279083251953, 61.387489318847656 ], [ 17.274879455566406, 61.311748504638672 ], [ 17.128610610961914, 61.301101684570312 ], [ 17.211389541625977, 61.223598480224609 ], [ 17.148889541625977, 61.209148406982422 ], [ 17.188329696655273, 61.032768249511719 ], [ 17.150550842285156, 60.944988250732422 ], [ 17.334159851074219, 60.756378173828125 ], [ 17.188610076904297, 60.688320159912109 ], [ 17.332500457763672, 60.6533203125 ], [ 17.578329086303711, 60.639991760253906 ], [ 17.656940460205078, 60.601940155029297 ], [ 17.602500915527344, 60.574989318847656 ], [ 17.634719848632812, 60.518318176269531 ], [ 17.740549087524414, 60.493598937988281 ], [ 17.725559234619141, 60.534709930419922 ], [ 17.773050308227539, 60.571098327636719 ], [ 17.94972038269043, 60.597209930419922 ], [ 18.228050231933594, 60.369159698486328 ], [ 18.234439849853516, 60.326648712158203 ], [ 18.440280914306641, 60.3408203125 ], [ 18.445270538330078, 60.310260772705078 ], [ 18.582500457763672, 60.246929168701172 ], [ 18.579999923706055, 60.224430084228516 ], [ 18.448890686035156, 60.239711761474609 ], [ 18.340829849243164, 60.298038482666016 ], [ 18.317220687866211, 60.296939849853516 ], [ 18.449169158935547, 60.211380004882812 ], [ 18.421670913696289, 60.187210083007812 ], [ 18.542219161987305, 60.151931762695312 ], [ 18.58721923828125, 60.073318481445312 ], [ 18.579170227050781, 60.137210845947266 ], [ 18.626110076904297, 60.145820617675781 ], [ 18.73638916015625, 60.118598937988281 ], [ 18.744720458984375, 60.047210693359375 ], [ 18.760829925537109, 60.104988098144531 ], [ 18.822500228881836, 60.114158630371094 ], [ 18.816389083862305, 60.073879241943359 ], [ 18.909719467163086, 59.935821533203125 ], [ 19.070550918579102, 59.88970947265625 ], [ 19.05055046081543, 59.822769165039062 ], [ 18.924440383911133, 59.889148712158203 ], [ 18.931110382080078, 59.857208251953125 ], [ 18.857219696044922, 59.794708251953125 ], [ 18.765829086303711, 59.786651611328125 ], [ 18.739160537719727, 59.758598327636719 ], [ 18.851669311523438, 59.777759552001953 ], [ 19.080549240112305, 59.770549774169922 ], [ 19.069999694824219, 59.735820770263672 ], [ 18.953609466552734, 59.719989776611328 ], [ 18.912220001220703, 59.749439239501953 ], [ 18.694440841674805, 59.645259857177734 ], [ 18.744720458984375, 59.642490386962891 ], [ 18.668050765991211, 59.620269775390625 ], [ 18.645549774169922, 59.580539703369141 ], [ 18.25, 59.443599700927734 ], [ 18.322219848632812, 59.390819549560547 ], [ 18.165000915527344, 59.408039093017578 ], [ 18.208330154418945, 59.420551300048828 ], [ 18.195829391479492, 59.455268859863281 ], [ 18.115549087524414, 59.453041076660156 ], [ 18.081670761108398, 59.399150848388672 ], [ 18.011110305786133, 59.405540466308594 ], [ 18.136390686035156, 59.332489013671875 ], [ 17.816110610961914, 59.371101379394531 ], [ 17.757770538330078, 59.409988403320312 ], [ 17.770000457763672, 59.445819854736328 ], [ 17.845279693603516, 59.533039093017578 ], [ 17.718330383300781, 59.699161529541016 ], [ 17.710550308227539, 59.618881225585938 ], [ 17.592220306396484, 59.656101226806641 ], [ 17.686389923095703, 59.736099243164062 ], [ 17.636110305786133, 59.754711151123047 ], [ 17.587779998779297, 59.804710388183594 ], [ 17.444719314575195, 59.676101684570312 ], [ 17.521390914916992, 59.616939544677734 ], [ 17.537500381469727, 59.732208251953125 ], [ 17.620279312133789, 59.72637939453125 ], [ 17.560829162597656, 59.66693115234375 ], [ 17.586669921875, 59.640541076660156 ], [ 17.757219314575195, 59.583881378173828 ], [ 17.784999847412109, 59.529430389404297 ], [ 17.719999313354492, 59.442760467529297 ], [ 17.520280838012695, 59.507209777832031 ], [ 17.541660308837891, 59.557491302490234 ], [ 17.490280151367188, 59.542488098144531 ], [ 17.370550155639648, 59.619709014892578 ], [ 17.407499313354492, 59.500541687011719 ], [ 17.398889541625977, 59.469150543212891 ], [ 17.110279083251953, 59.551380157470703 ], [ 17.059999465942383, 59.60443115234375 ], [ 17.011390686035156, 59.588600158691406 ], [ 17.04888916015625, 59.560550689697266 ], [ 17.031389236450195, 59.536380767822266 ], [ 16.800830841064453, 59.591098785400391 ], [ 16.783050537109375, 59.552761077880859 ], [ 16.721389770507812, 59.525829315185547 ], [ 16.541940689086914, 59.609439849853516 ], [ 16.497499465942383, 59.586929321289062 ], [ 16.547500610351562, 59.556930541992188 ], [ 16.538330078125, 59.53887939453125 ], [ 16.465000152587891, 59.515819549560547 ], [ 16.472499847412109, 59.497489929199219 ], [ 16.389440536499023, 59.510818481445312 ], [ 16.34889030456543, 59.479988098144531 ], [ 16.022220611572266, 59.489711761474609 ], [ 16.072780609130859, 59.454429626464844 ], [ 16.181390762329102, 59.439430236816406 ], [ 16.670000076293945, 59.473049163818359 ], [ 16.746389389038086, 59.428878784179688 ], [ 16.693330764770508, 59.476100921630859 ], [ 16.828889846801758, 59.491378784179688 ], [ 16.924440383911133, 59.453319549560547 ], [ 17.040000915527344, 59.359439849853516 ], [ 17.310550689697266, 59.348880767822266 ], [ 17.311939239501953, 59.327491760253906 ], [ 17.243610382080078, 59.3135986328125 ], [ 17.280000686645508, 59.274150848388672 ], [ 17.213329315185547, 59.257209777832031 ], [ 17.398050308227539, 59.247760772705078 ], [ 17.354999542236328, 59.297210693359375 ], [ 17.361940383911133, 59.324710845947266 ], [ 17.503889083862305, 59.284160614013672 ], [ 17.594999313354492, 59.223049163818359 ], [ 17.593889236450195, 59.284709930419922 ], [ 17.847219467163086, 59.264430999755859 ], [ 17.888050079345703, 59.226940155029297 ], [ 17.889720916748047, 59.284709930419922 ], [ 17.984439849853516, 59.333881378173828 ], [ 18.163890838623047, 59.320541381835938 ], [ 18.272220611572266, 59.364429473876953 ], [ 18.360000610351562, 59.371379852294922 ], [ 18.454719543457031, 59.331100463867188 ], [ 18.478330612182617, 59.345829010009766 ], [ 18.434440612792969, 59.433601379394531 ], [ 18.529720306396484, 59.417488098144531 ], [ 18.650279998779297, 59.319149017333984 ], [ 18.630550384521484, 59.307491302490234 ], [ 18.353609085083008, 59.305538177490234 ], [ 18.339439392089844, 59.327770233154297 ], [ 18.276939392089844, 59.307209014892578 ], [ 18.338329315185547, 59.229709625244141 ], [ 18.309999465942383, 59.219711303710938 ], [ 18.403329849243164, 59.163600921630859 ], [ 18.044719696044922, 59.053878784179688 ], [ 17.995279312133789, 59.000541687011719 ], [ 17.966659545898438, 58.920818328857422 ], [ 17.895830154418945, 58.909709930419922 ], [ 17.894720077514648, 58.858879089355469 ], [ 17.837779998779297, 58.923038482666016 ], [ 17.80027961730957, 58.906379699707031 ], [ 17.781940460205078, 58.875541687011719 ], [ 17.740549087524414, 58.931930541992188 ], [ 17.761940002441406, 58.997211456298828 ], [ 17.759159088134766, 59.126659393310547 ], [ 17.706670761108398, 59.050540924072266 ], [ 17.666660308837891, 59.083320617675781 ], [ 17.690549850463867, 59.132770538330078 ], [ 17.663890838623047, 59.168319702148438 ], [ 17.613609313964844, 58.974708557128906 ], [ 17.61305046081543, 58.894428253173828 ], [ 17.537500381469727, 58.896381378173828 ], [ 17.589439392089844, 58.857208251953125 ], [ 17.446939468383789, 58.892490386962891 ], [ 17.480550765991211, 58.789710998535156 ], [ 17.340000152587891, 58.804149627685547 ], [ 17.371389389038086, 58.745540618896484 ], [ 17.254999160766602, 58.724708557128906 ], [ 17.083330154418945, 58.763599395751953 ], [ 17.086660385131836, 58.733879089355469 ], [ 17.059999465942383, 58.703041076660156 ], [ 17.145549774169922, 58.700260162353516 ], [ 17.094720840454102, 58.651100158691406 ], [ 17.033889770507812, 58.673870086669922 ], [ 17.012779235839844, 58.662208557128906 ], [ 17.02471923828125, 58.636100769042969 ], [ 16.231939315795898, 58.658870697021484 ], [ 16.401939392089844, 58.592491149902344 ], [ 16.436660766601562, 58.641380310058594 ], [ 16.788890838623047, 58.602771759033203 ], [ 16.786109924316406, 58.567211151123047 ], [ 16.938610076904297, 58.484149932861328 ], [ 16.742769241333008, 58.424430847167969 ], [ 16.540550231933594, 58.461380004882812 ], [ 16.709999084472656, 58.403598785400391 ], [ 16.764440536499023, 58.3377685546875 ], [ 16.630830764770508, 58.348049163818359 ], [ 16.731109619140625, 58.315540313720703 ], [ 16.803329467773438, 58.312210083007812 ], [ 16.709159851074219, 58.268878936767578 ], [ 16.801670074462891, 58.243320465087891 ], [ 16.802219390869141, 58.138599395751953 ], [ 16.752780914306641, 58.125541687011719 ], [ 16.618049621582031, 58.192760467529297 ], [ 16.660270690917969, 58.136661529541016 ], [ 16.728050231933594, 58.100818634033203 ], [ 16.750270843505859, 58.012760162353516 ], [ 16.71388053894043, 58.017490386962891 ], [ 16.690280914306641, 57.999149322509766 ], [ 16.651939392089844, 58.044990539550781 ], [ 16.638050079345703, 58.004428863525391 ], [ 16.739999771118164, 57.961929321289062 ], [ 16.770549774169922, 57.884429931640625 ], [ 16.724720001220703, 57.875820159912109 ], [ 16.692499160766602, 57.916660308837891 ], [ 16.659160614013672, 57.883319854736328 ], [ 16.558330535888672, 57.976940155029297 ], [ 16.494440078735352, 57.97943115234375 ], [ 16.584159851074219, 57.926929473876953 ], [ 16.461940765380859, 57.892490386962891 ], [ 16.702350616455078, 57.742259979248047 ], [ 16.618890762329102, 57.771381378173828 ], [ 16.712499618530273, 57.699989318847656 ], [ 16.574169158935547, 57.703319549560547 ], [ 16.62554931640625, 57.619709014892578 ], [ 16.557220458984375, 57.589160919189453 ], [ 16.553609848022461, 57.622211456298828 ], [ 16.518329620361328, 57.584430694580078 ], [ 16.632499694824219, 57.552211761474609 ], [ 16.693330764770508, 57.469150543212891 ], [ 16.627780914306641, 57.436378479003906 ], [ 16.66472053527832, 57.407489776611328 ], [ 16.555000305175781, 57.383598327636719 ], [ 16.53778076171875, 57.364158630371094 ], [ 16.568889617919922, 57.334709167480469 ], [ 16.472219467163086, 57.290271759033203 ], [ 16.46027946472168, 57.167488098144531 ], [ 16.56443977355957, 57.081661224365234 ], [ 16.441940307617188, 57.044990539550781 ], [ 16.414440155029297, 56.786098480224609 ], [ 16.451940536499023, 56.790271759033203 ], [ 16.465269088745117, 56.764991760253906 ], [ 16.356389999389648, 56.757770538330078 ], [ 16.377500534057617, 56.697490692138672 ], [ 16.360830307006836, 56.6533203125 ], [ 16.272499084472656, 56.656650543212891 ], [ 16.216110229492188, 56.607208251953125 ], [ 16.215000152587891, 56.544158935546875 ], [ 16.171670913696289, 56.527488708496094 ], [ 16.088050842285156, 56.38970947265625 ], [ 15.853050231933594, 56.075550079345703 ], [ 15.785550117492676, 56.106098175048828 ], [ 15.820280075073242, 56.161098480224609 ], [ 15.587499618530273, 56.160259246826172 ], [ 15.581390380859375, 56.203601837158203 ], [ 15.301939964294434, 56.136379241943359 ], [ 14.690549850463867, 56.157768249511719 ], [ 14.681940078735352, 56.115550994873047 ], [ 14.750829696655273, 56.059711456298828 ], [ 14.760560035705566, 56.026660919189453 ], [ 14.668049812316895, 56.002769470214844 ], [ 14.544170379638672, 56.052490234375 ], [ 14.330280303955078, 55.936939239501953 ], [ 14.207779884338379, 55.812480926513672 ], [ 14.196109771728516, 55.7158203125 ], [ 14.351940155029297, 55.564990997314453 ], [ 14.36555004119873, 55.526660919189453 ], [ 14.196940422058105, 55.386928558349609 ], [ 14.110549926757812, 55.380821228027344 ], [ 13.935830116271973, 55.431381225585938 ], [ 13.781390190124512, 55.421649932861328 ], [ 13.364720344543457, 55.339710235595703 ], [ 12.827500343322754, 55.387210845947266 ], [ 12.867500305175781, 55.4385986328125 ], [ 12.93556022644043, 55.415538787841797 ], [ 12.962499618530273, 55.433879852294922 ], [ 12.916390419006348, 55.544158935546875 ], [ 12.92527961730957, 55.57720947265625 ], [ 13.045000076293945, 55.632488250732422 ], [ 13.054719924926758, 55.697769165039062 ], [ 12.912220001220703, 55.757770538330078 ], [ 12.765830039978027, 55.964988708496094 ], [ 12.55663013458252, 56.179409027099609 ], [ 12.47389030456543, 56.297210693359375 ], [ 12.708889961242676, 56.218601226806641 ], [ 12.813329696655273, 56.232769012451172 ], [ 12.833049774169922, 56.269161224365234 ], [ 12.622779846191406, 56.399990081787109 ], [ 12.631939888000488, 56.436939239501953 ], [ 12.679719924926758, 56.466381072998047 ], [ 12.868610382080078, 56.441379547119141 ], [ 12.910829544067383, 56.466930389404297 ], [ 12.93694019317627, 56.532489776611328 ], [ 12.869170188903809, 56.648880004882812 ], [ 12.725279808044434, 56.63970947265625 ], [ 12.635279655456543, 56.725818634033203 ], [ 12.593330383300781, 56.817489624023438 ], [ 12.350279808044434, 56.914440155029297 ], [ 12.334440231323242, 57.016380310058594 ], [ 12.23777961730957, 57.059711456298828 ], [ 12.196660041809082, 57.182209014892578 ], [ 12.099720001220703, 57.232490539550781 ], [ 12.141940116882324, 57.3135986328125 ], [ 12.043889999389648, 57.336929321289062 ], [ 12.095000267028809, 57.426929473876953 ], [ 12.043889999389648, 57.459709167480469 ], [ 12.007780075073242, 57.428878784179688 ], [ 11.986109733581543, 57.341381072998047 ], [ 11.931940078735352, 57.354709625244141 ], [ 11.906390190124512, 57.623321533203125 ], [ 11.864720344543457, 57.602771759033203 ], [ 11.831669807434082, 57.675819396972656 ], [ 11.917220115661621, 57.696659088134766 ], [ 11.741390228271484, 57.6885986328125 ], [ 11.69972038269043, 57.7158203125 ], [ 11.811670303344727, 57.781940460205078 ], [ 11.662220001220703, 57.841648101806641 ], [ 11.757220268249512, 57.897209167480469 ], [ 11.801389694213867, 58.032489776611328 ], [ 11.776670455932617, 58.059429168701172 ], [ 11.886110305786133, 58.211929321289062 ], [ 11.806940078735352, 58.275539398193359 ], [ 11.857500076293945, 58.341930389404297 ], [ 11.572219848632812, 58.246929168701172 ], [ 11.490830421447754, 58.240550994873047 ], [ 11.513890266418457, 58.299709320068359 ], [ 11.621390342712402, 58.385818481445312 ], [ 11.555560111999512, 58.410549163818359 ], [ 11.492219924926758, 58.301929473876953 ], [ 11.39861011505127, 58.259159088134766 ], [ 11.392499923706055, 58.330268859863281 ], [ 11.447779655456543, 58.332759857177734 ], [ 11.419719696044922, 58.385269165039062 ], [ 11.38638973236084, 58.353599548339844 ], [ 11.345279693603516, 58.348049163818359 ], [ 11.42611026763916, 58.438041687011719 ], [ 11.228329658508301, 58.336650848388672 ], [ 11.206110000610352, 58.404148101806641 ], [ 11.256939888000488, 58.419990539550781 ], [ 11.252220153808594, 58.653049468994141 ], [ 11.17805004119873, 58.713871002197266 ], [ 11.210829734802246, 58.755550384521484 ], [ 11.194169998168945, 58.917488098144531 ], [ 11.106940269470215, 58.949989318847656 ], [ 11.119170188903809, 59.015819549560547 ], [ 11.179439544677734, 59.071929931640625 ], [ 11.314999580383301, 59.10137939453125 ], [ 11.350000381469727, 59.084430694580078 ], [ 11.420289993286133, 58.995998382568359 ], [ 11.427780151367188, 58.893039703369141 ], [ 11.46304988861084, 58.883598327636719 ], [ 11.626660346984863, 58.909149169921875 ], [ 11.751110076904297, 59.090259552001953 ], [ 11.739720344543457, 59.128589630126953 ], [ 11.798330307006836, 59.245258331298828 ], [ 11.790829658508301, 59.303310394287109 ], [ 11.666110038757324, 59.595821380615234 ], [ 11.902779579162598, 59.707759857177734 ], [ 11.891110420227051, 59.794708251953125 ], [ 11.815279960632324, 59.845821380615234 ], [ 11.956939697265625, 59.896930694580078 ], [ 12.163049697875977, 59.896930694580078 ], [ 12.476940155029297, 60.076381683349609 ], [ 12.491109848022461, 60.301380157470703 ], [ 12.589719772338867, 60.399150848388672 ], [ 12.608050346374512, 60.468589782714844 ], [ 12.587499618530273, 60.526649475097656 ], [ 12.229160308837891, 60.985260009765625 ], [ 12.294159889221191, 61.029430389404297 ], [ 12.654999732971191, 61.062480926513672 ], [ 12.856109619140625, 61.362491607666016 ], [ 12.529999732971191, 61.566089630126953 ], [ 12.406669616699219, 61.573318481445312 ], [ 12.12444019317627, 61.728588104248047 ], [ 12.295829772949219, 62.261661529541016 ], [ 12.210000038146973, 62.389980316162109 ], [ 12.011940002441406, 62.60137939453125 ], [ 12.08944034576416, 62.749431610107422 ], [ 12.028889656066895, 62.892490386962891 ], [ 12.168609619140625, 63.015819549560547 ], [ 11.936389923095703, 63.272209167480469 ], [ 12.194999694824219, 63.485260009765625 ], [ 12.139439582824707, 63.584148406982422 ], [ 12.675000190734863, 63.965541839599609 ], [ 12.836660385131836, 64.023033142089844 ], [ 13.229999542236328, 64.093032836914062 ], [ 13.981659889221191, 64.013031005859375 ], [ 14.154720306396484, 64.185791015625 ], [ 14.116390228271484, 64.47052001953125 ], [ 13.682220458984375, 64.571090698242188 ], [ 13.696940422058105, 64.629409790039062 ], [ 14.319439888000488, 65.129959106445312 ], [ 14.368889808654785, 65.246627807617188 ], [ 14.493049621582031, 65.313583374023438 ], [ 14.503890037536621, 65.593307495117188 ], [ 14.634719848632812, 65.826919555664062 ], [ 14.505000114440918, 66.132461547851562 ], [ 15.025279998779297, 66.149978637695312 ], [ 15.468050003051758, 66.283859252929688 ], [ 15.36277961730957, 66.479972839355469 ], [ 15.625829696655273, 66.605796813964844 ], [ 16.010000228881836, 66.89080810546875 ], [ 16.353889465332031, 67.017753601074219 ], [ 16.399160385131836, 67.177749633789062 ], [ 16.085830688476562, 67.411636352539062 ], [ 16.192220687866211, 67.499977111816406 ], [ 16.382499694824219, 67.515533447265625 ], [ 16.570270538330078, 67.65692138671875 ], [ 16.726940155029297, 67.899139404296875 ], [ 17.188329696655273, 68.030258178710938 ], [ 17.273609161376953, 68.090530395507812 ], [ 17.884159088134766, 67.945510864257812 ], [ 18.155269622802734, 68.16607666015625 ], [ 18.045829772949219, 68.409408569335938 ], [ 18.090829849243164, 68.50775146484375 ], [ 18.358049392700195, 68.539138793945312 ], [ 18.611940383911133, 68.475250244140625 ], [ 18.952220916748047, 68.487747192382812 ], [ 19.937770843505859, 68.337478637695312 ], [ 20.175830841064453, 68.448013305664062 ], [ 20.211109161376953, 68.482192993164062 ], [ 19.956380844116211, 68.543853759765625 ], [ 20.202499389648438, 68.662193298339844 ], [ 20.350269317626953, 68.786636352539062 ], [ 20.314720153808594, 68.928298950195312 ], [ 20.096939086914062, 69.042190551757812 ], [ 20.586090087890625, 69.063140869140625 ] ] ] ] } },
{ "type": "Feature", "properties": { }, "geometry": { "type": "Polygon", "coordinates": [ [ [ 9.605276107788086, 47.359989166259766 ], [ 9.484161376953125, 47.192211151123047 ], [ 9.511665344238281, 47.096088409423828 ], [ 9.475830078125, 47.058040618896484 ], [ 9.875551223754883, 47.022480010986328 ], [ 9.873607635498047, 46.958599090576172 ], [ 10.063329696655273, 46.864990234375 ], [ 10.17527961730957, 46.858600616455078 ], [ 10.400830268859863, 47.0010986328125 ], [ 10.48861026763916, 46.934978485107422 ], [ 10.466239929199219, 46.885421752929688 ], [ 10.447500228881836, 46.763050079345703 ], [ 10.385279655456543, 46.689418792724609 ], [ 10.405280113220215, 46.644428253173828 ], [ 10.47389030456543, 46.633319854736328 ], [ 10.48528003692627, 46.590541839599609 ], [ 10.44972038269043, 46.539150238037109 ], [ 10.30165958404541, 46.555820465087891 ], [ 10.233329772949219, 46.639980316162109 ], [ 10.105279922485352, 46.611370086669922 ], [ 10.068329811096191, 46.554988861083984 ], [ 10.050000190734863, 46.479709625244141 ], [ 10.163049697875977, 46.411930084228516 ], [ 10.109999656677246, 46.326381683349609 ], [ 10.177220344543457, 46.272480010986328 ], [ 10.159440040588379, 46.247760772705078 ], [ 10.063050270080566, 46.222759246826172 ], [ 9.94999885559082, 46.379150390625 ], [ 9.737495422363281, 46.357208251953125 ], [ 9.708332061767578, 46.298320770263672 ], [ 9.619441986083984, 46.293048858642578 ], [ 9.51249885559082, 46.331928253173828 ], [ 9.454442977905273, 46.509429931640625 ], [ 9.401943206787109, 46.473308563232422 ], [ 9.360830307006836, 46.508598327636719 ], [ 9.272220611572266, 46.484149932861328 ], [ 9.291940689086914, 46.323040008544922 ], [ 9.083332061767578, 46.121089935302734 ], [ 8.996664047241211, 45.973308563232422 ], [ 9.085552215576172, 45.899150848388672 ], [ 9.031665802001953, 45.823879241943359 ], [ 8.963052749633789, 45.835540771484375 ], [ 8.895553588867188, 45.955818176269531 ], [ 8.785276412963867, 45.989978790283203 ], [ 8.850551605224609, 46.072490692138672 ], [ 8.813053131103516, 46.101650238037109 ], [ 8.69194221496582, 46.10137939453125 ], [ 8.444442749023438, 46.248600006103516 ], [ 8.459163665771484, 46.338321685791016 ], [ 8.451663970947266, 46.459980010986328 ], [ 8.401107788085938, 46.456089019775391 ], [ 8.090274810791016, 46.260540008544922 ], [ 8.15888786315918, 46.176651000976562 ], [ 7.998054981231689, 46.002208709716797 ], [ 7.9024977684021, 45.991100311279297 ], [ 7.852777004241943, 45.919979095458984 ], [ 7.578886985778809, 45.983318328857422 ], [ 7.393332004547119, 45.916088104248047 ], [ 7.099442958831787, 45.883598327636719 ], [ 7.03874683380127, 45.931720733642578 ], [ 6.929165840148926, 46.065261840820312 ], [ 6.871387004852295, 46.051929473876953 ], [ 6.884444236755371, 46.126091003417969 ], [ 6.7880539894104, 46.142208099365234 ], [ 6.795277118682861, 46.217758178710938 ], [ 6.844442844390869, 46.271369934082031 ], [ 6.767498970031738, 46.352489471435547 ], [ 6.808887004852295, 46.411090850830078 ], [ 6.796110153198242, 46.432491302490234 ], [ 6.63361120223999, 46.464149475097656 ], [ 6.328332901000977, 46.406929016113281 ], [ 6.246387004852295, 46.357769012451172 ], [ 6.242220878601074, 46.297771453857422 ], [ 6.305553913116455, 46.252490997314453 ], [ 6.152222156524658, 46.153591156005859 ], [ 5.965833187103271, 46.140270233154297 ], [ 6.0, 46.174160003662109 ], [ 5.966110229492188, 46.20526123046875 ], [ 6.060832023620605, 46.250541687011719 ], [ 6.114443778991699, 46.257770538330078 ], [ 6.124443054199219, 46.401920318603516 ], [ 6.078054904937744, 46.460819244384766 ], [ 6.129999160766602, 46.593318939208984 ], [ 6.452776908874512, 46.774429321289062 ], [ 6.434720993041992, 46.926929473876953 ], [ 6.702776908874512, 47.038600921630859 ], [ 6.694443225860596, 47.068321228027344 ], [ 6.948331832885742, 47.29193115234375 ], [ 7.010832786560059, 47.305259704589844 ], [ 7.061665058135986, 47.345539093017578 ], [ 7.023055076599121, 47.371650695800781 ], [ 6.881110191345215, 47.356929779052734 ], [ 7.007777214050293, 47.454990386962891 ], [ 6.990554809570312, 47.497211456298828 ], [ 7.19805383682251, 47.495258331298828 ], [ 7.178331851959229, 47.445819854736328 ], [ 7.395609855651855, 47.439670562744141 ], [ 7.452776908874512, 47.469978332519531 ], [ 7.588798999786377, 47.584560394287109 ], [ 7.674442768096924, 47.606380462646484 ], [ 7.618331909179688, 47.561100006103516 ], [ 7.697220802307129, 47.543319702148438 ], [ 7.819444179534912, 47.588321685791016 ], [ 7.943332195281982, 47.553600311279297 ], [ 8.20555305480957, 47.621650695800781 ], [ 8.340553283691406, 47.574161529541016 ], [ 8.493030548095703, 47.584560394287109 ], [ 8.508333206176758, 47.628318786621094 ], [ 8.618886947631836, 47.63970947265625 ], [ 8.621664047241211, 47.660259246826172 ], [ 8.413331985473633, 47.671100616455078 ], [ 8.406665802001953, 47.703868865966797 ], [ 8.559720993041992, 47.806369781494141 ], [ 8.72694206237793, 47.764991760253906 ], [ 8.724998474121094, 47.697761535644531 ], [ 8.79749870300293, 47.683040618896484 ], [ 8.799999237060547, 47.735260009765625 ], [ 8.878608703613281, 47.655818939208984 ], [ 9.261665344238281, 47.663040161132812 ], [ 9.567611694335938, 47.543918609619141 ], [ 9.558254241943359, 47.504070281982422 ], [ 9.653610229492188, 47.455539703369141 ], [ 9.664999008178711, 47.381370544433594 ], [ 9.605276107788086, 47.359989166259766 ] ] ] } },
{ "type": "Feature", "properties": { }, "geometry": { "type": "Polygon", "coordinates": [ [ [ 23.592084884643555, 51.528278350830078 ], [ 23.646099090576172, 51.520801544189453 ], [ 23.608600616455078, 51.608100891113281 ], [ 23.66670036315918, 51.640598297119141 ], [ 23.753599166870117, 51.652500152587891 ], [ 23.896699905395508, 51.635799407958984 ], [ 23.953899383544922, 51.584999084472656 ], [ 24.043100357055664, 51.610298156738281 ], [ 24.279399871826172, 51.737800598144531 ], [ 24.313299179077148, 51.822498321533203 ], [ 24.396699905395508, 51.886699676513672 ], [ 24.885299682617188, 51.899398803710938 ], [ 25.179399490356445, 51.959701538085938 ], [ 25.244199752807617, 51.959400177001953 ], [ 25.361099243164062, 51.926898956298828 ], [ 25.69580078125, 51.922798156738281 ], [ 25.775800704956055, 51.939201354980469 ], [ 25.976699829101562, 51.912200927734375 ], [ 26.092199325561523, 51.917499542236328 ], [ 26.18079948425293, 51.861400604248047 ], [ 26.436899185180664, 51.856899261474609 ], [ 26.439199447631836, 51.820598602294922 ], [ 26.457199096679688, 51.812801361083984 ], [ 26.649700164794922, 51.820301055908203 ], [ 26.933300018310547, 51.749698638916016 ], [ 27.029199600219727, 51.769401550292969 ], [ 27.17970085144043, 51.762798309326172 ], [ 27.206699371337891, 51.743099212646484 ], [ 27.200000762939453, 51.670299530029297 ], [ 27.298900604248047, 51.654399871826172 ], [ 27.279399871826172, 51.597801208496094 ], [ 27.445600509643555, 51.601100921630859 ], [ 27.471700668334961, 51.629398345947266 ], [ 27.512500762939453, 51.630298614501953 ], [ 27.719699859619141, 51.592498779296875 ], [ 27.724700927734375, 51.564399719238281 ], [ 27.671100616455078, 51.506698608398438 ], [ 27.74690055847168, 51.465599060058594 ], [ 27.817499160766602, 51.530601501464844 ], [ 27.811700820922852, 51.588600158691406 ], [ 27.851400375366211, 51.62030029296875 ], [ 27.884700775146484, 51.619998931884766 ], [ 27.975299835205078, 51.567798614501953 ], [ 28.088100433349609, 51.564998626708984 ], [ 28.135000228881836, 51.580299377441406 ], [ 28.188600540161133, 51.643100738525391 ], [ 28.258600234985352, 51.661098480224609 ], [ 28.260799407958984, 51.617801666259766 ], [ 28.336099624633789, 51.576900482177734 ], [ 28.359199523925781, 51.530601501464844 ], [ 28.47559928894043, 51.579700469970703 ], [ 28.627199172973633, 51.566398620605469 ], [ 28.660600662231445, 51.451900482177734 ], [ 28.683599472045898, 51.4385986328125 ], [ 28.719200134277344, 51.452201843261719 ], [ 28.730300903320312, 51.420799255371094 ], [ 28.752500534057617, 51.411098480224609 ], [ 28.764999389648438, 51.416900634765625 ], [ 28.76609992980957, 51.484699249267578 ], [ 28.845300674438477, 51.55419921875 ], [ 28.928899765014648, 51.576698303222656 ], [ 28.99530029296875, 51.574699401855469 ], [ 29.028299331665039, 51.595798492431641 ], [ 29.040000915527344, 51.624698638916016 ], [ 29.08329963684082, 51.638301849365234 ], [ 29.186100006103516, 51.612201690673828 ], [ 29.204999923706055, 51.56829833984375 ], [ 29.24329948425293, 51.537799835205078 ], [ 29.250799179077148, 51.50469970703125 ], [ 29.236099243164062, 51.466400146484375 ], [ 29.281900405883789, 51.44329833984375 ], [ 29.313100814819336, 51.384998321533203 ], [ 29.353900909423828, 51.375 ], [ 29.409700393676758, 51.402801513671875 ], [ 29.483100891113281, 51.390300750732422 ], [ 29.523899078369141, 51.453601837158203 ], [ 29.594400405883789, 51.453098297119141 ], [ 29.621700286865234, 51.490001678466797 ], [ 29.669700622558594, 51.4989013671875 ], [ 29.717800140380859, 51.494400024414062 ], [ 29.759199142456055, 51.44110107421875 ], [ 29.851400375366211, 51.436100006103516 ], [ 29.89579963684082, 51.469398498535156 ], [ 29.933900833129883, 51.457199096679688 ], [ 29.983299255371094, 51.486400604248047 ], [ 30.176399230957031, 51.491901397705078 ], [ 30.348100662231445, 51.405300140380859 ], [ 30.350299835205078, 51.358299255371094 ], [ 30.334999084472656, 51.345001220703125 ], [ 30.383899688720703, 51.307201385498047 ], [ 30.459999084472656, 51.296901702880859 ], [ 30.479700088500977, 51.270000457763672 ], [ 30.549400329589844, 51.252799987792969 ], [ 30.571699142456055, 51.273300170898438 ], [ 30.57080078125, 51.301898956298828 ], [ 30.644199371337891, 51.332801818847656 ], [ 30.631900787353516, 51.355300903320312 ], [ 30.643600463867188, 51.370800018310547 ], [ 30.619699478149414, 51.416099548339844 ], [ 30.581699371337891, 51.430301666259766 ], [ 30.588600158691406, 51.454200744628906 ], [ 30.6156005859375, 51.458301544189453 ], [ 30.565799713134766, 51.515800476074219 ], [ 30.582199096679688, 51.536701202392578 ], [ 30.530300140380859, 51.551101684570312 ], [ 30.522199630737305, 51.566898345947266 ], [ 30.542800903320312, 51.577201843261719 ], [ 30.517499923706055, 51.597801208496094 ], [ 30.556699752807617, 51.625 ], [ 30.57390022277832, 51.697498321533203 ], [ 30.628299713134766, 51.711399078369141 ], [ 30.645599365234375, 51.748600006103516 ], [ 30.617500305175781, 51.764198303222656 ], [ 30.656900405883789, 51.774398803710938 ], [ 30.670000076293945, 51.796398162841797 ], [ 30.662200927734375, 51.823898315429688 ], [ 30.74690055847168, 51.895301818847656 ], [ 30.79640007019043, 51.902801513671875 ], [ 30.800800323486328, 51.944400787353516 ], [ 30.882200241088867, 51.965599060058594 ], [ 30.897800445556641, 51.997798919677734 ], [ 30.971700668334961, 52.006401062011719 ], [ 30.966899871826172, 52.025001525878906 ], [ 30.931400299072266, 52.033298492431641 ], [ 30.943899154663086, 52.049198150634766 ], [ 30.935800552368164, 52.063899993896484 ], [ 30.963100433349609, 52.081100463867188 ], [ 31.161699295043945, 52.083301544189453 ], [ 31.251699447631836, 52.045600891113281 ], [ 31.279699325561523, 52.054698944091797 ], [ 31.30109977722168, 52.091098785400391 ], [ 31.361900329589844, 52.11669921875 ], [ 31.783899307250977, 52.108100891113281 ], [ 31.897800445556641, 52.096099853515625 ], [ 31.904199600219727, 52.053901672363281 ], [ 31.926399230957031, 52.036701202392578 ], [ 32.018600463867188, 52.057201385498047 ], [ 32.124401092529297, 52.043899536132812 ], [ 32.299198150634766, 52.109401702880859 ], [ 32.335601806640625, 52.157199859619141 ], [ 32.340599060058594, 52.221401214599609 ], [ 32.386398315429688, 52.25469970703125 ], [ 32.358299255371094, 52.310001373291016 ], [ 32.394199371337891, 52.335300445556641 ], [ 32.502799987792969, 52.314201354980469 ], [ 32.552501678466797, 52.319999694824219 ], [ 32.731700897216797, 52.261398315429688 ], [ 32.860000610351562, 52.270301818847656 ], [ 32.923599243164062, 52.247200012207031 ], [ 33.055599212646484, 52.313098907470703 ], [ 33.095798492431641, 52.310001373291016 ], [ 33.204700469970703, 52.37969970703125 ], [ 33.336399078369141, 52.356899261474609 ], [ 33.396701812744141, 52.366100311279297 ], [ 33.448898315429688, 52.343601226806641 ], [ 33.497798919677734, 52.36669921875 ], [ 33.527198791503906, 52.347499847412109 ], [ 33.512199401855469, 52.311100006103516 ], [ 33.535301208496094, 52.293300628662109 ], [ 33.696399688720703, 52.361698150634766 ], [ 33.841701507568359, 52.343299865722656 ], [ 33.863899230957031, 52.316699981689453 ], [ 33.923599243164062, 52.294200897216797 ], [ 33.968299865722656, 52.230800628662109 ], [ 34.05670166015625, 52.201400756835938 ], [ 34.097801208496094, 52.151901245117188 ], [ 34.075801849365234, 52.116901397705078 ], [ 34.073101043701172, 52.060298919677734 ], [ 34.128101348876953, 51.989700317382812 ], [ 34.109401702880859, 51.959701538085938 ], [ 34.169399261474609, 51.959999084472656 ], [ 34.248100280761719, 51.906700134277344 ], [ 34.257801055908203, 51.879398345947266 ], [ 34.302799224853516, 51.887199401855469 ], [ 34.334999084472656, 51.857799530029297 ], [ 34.383998870849609, 51.843307495117188 ], [ 34.440601348876953, 51.767200469970703 ], [ 34.433300018310547, 51.732799530029297 ], [ 34.390800476074219, 51.715000152587891 ], [ 34.114700317382812, 51.680801391601562 ], [ 34.099201202392578, 51.666099548339844 ], [ 34.104198455810547, 51.644699096679688 ], [ 34.159698486328125, 51.62860107421875 ], [ 34.174400329589844, 51.588298797607422 ], [ 34.234199523925781, 51.546699523925781 ], [ 34.239200592041016, 51.427799224853516 ], [ 34.203601837158203, 51.406700134277344 ], [ 34.239200592041016, 51.379398345947266 ], [ 34.298599243164062, 51.368900299072266 ], [ 34.314399719238281, 51.347198486328125 ], [ 34.279701232910156, 51.291900634765625 ], [ 34.209701538085938, 51.2593994140625 ], [ 34.305301666259766, 51.230800628662109 ], [ 34.382198333740234, 51.263599395751953 ], [ 34.537498474121094, 51.234199523925781 ], [ 34.633598327636719, 51.242198944091797 ], [ 34.669998168945312, 51.179401397705078 ], [ 34.735000610351562, 51.172500610351562 ], [ 34.917800903320312, 51.197200775146484 ], [ 34.958099365234375, 51.222198486328125 ], [ 35.026901245117188, 51.207199096679688 ], [ 35.073898315429688, 51.221401214599609 ], [ 35.120601654052734, 51.201698303222656 ], [ 35.121898651123047, 51.144699096679688 ], [ 35.170799255371094, 51.054698944091797 ], [ 35.301898956298828, 51.060600280761719 ], [ 35.374698638916016, 51.038600921630859 ], [ 35.358600616455078, 51.010799407958984 ], [ 35.297199249267578, 50.999698638916016 ], [ 35.305599212646484, 50.944400787353516 ], [ 35.361400604248047, 50.926101684570312 ], [ 35.360599517822266, 50.872200012207031 ], [ 35.397499084472656, 50.845001220703125 ], [ 35.397800445556641, 50.8031005859375 ], [ 35.456699371337891, 50.772800445556641 ], [ 35.458301544189453, 50.694198608398438 ], [ 35.488601684570312, 50.675800323486328 ], [ 35.393600463867188, 50.638099670410156 ], [ 35.4364013671875, 50.521400451660156 ], [ 35.467201232910156, 50.480300903320312 ], [ 35.56719970703125, 50.453098297119141 ], [ 35.589199066162109, 50.377799987792969 ], [ 35.6875, 50.346698760986328 ], [ 35.728900909423828, 50.353298187255859 ], [ 35.739200592041016, 50.38330078125 ], [ 35.794200897216797, 50.394199371337891 ], [ 35.850299835205078, 50.428600311279297 ], [ 36.007801055908203, 50.439201354980469 ], [ 36.139198303222656, 50.425300598144531 ], [ 36.160598754882812, 50.400299072265625 ], [ 36.188301086425781, 50.401100158691406 ], [ 36.205299377441406, 50.366100311279297 ], [ 36.297500610351562, 50.284400939941406 ], [ 36.360599517822266, 50.289398193359375 ], [ 36.412799835205078, 50.321701049804688 ], [ 36.512798309326172, 50.281101226806641 ], [ 36.563301086425781, 50.276401519775391 ], [ 36.546699523925781, 50.246700286865234 ], [ 36.555599212646484, 50.227199554443359 ], [ 36.630001068115234, 50.212200164794922 ], [ 36.650001525878906, 50.214698791503906 ], [ 36.701099395751953, 50.266899108886719 ], [ 36.790798187255859, 50.303600311279297 ], [ 36.973300933837891, 50.348899841308594 ], [ 37.052799224853516, 50.336898803710938 ], [ 37.130599975585938, 50.348300933837891 ], [ 37.239700317382812, 50.376899719238281 ], [ 37.315799713134766, 50.4281005859375 ], [ 37.458599090576172, 50.439701080322266 ], [ 37.463100433349609, 50.400001525878906 ], [ 37.494400024414062, 50.351398468017578 ], [ 37.623600006103516, 50.305301666259766 ], [ 37.605300903320312, 50.216701507568359 ], [ 37.704700469970703, 50.133598327636719 ], [ 37.733100891113281, 50.087799072265625 ], [ 37.925300598144531, 50.024700164794922 ], [ 38.013599395751953, 49.934398651123047 ], [ 38.009700775146484, 49.903900146484375 ], [ 38.103599548339844, 49.9385986328125 ], [ 38.149200439453125, 49.9281005859375 ], [ 38.185298919677734, 49.951099395751953 ], [ 38.196399688720703, 49.989398956298828 ], [ 38.184200286865234, 50.065601348876953 ], [ 38.314201354980469, 50.073101043701172 ], [ 38.337200164794922, 50.059200286865234 ], [ 38.3760986328125, 49.987499237060547 ], [ 38.454200744628906, 49.984199523925781 ], [ 38.4989013671875, 49.951900482177734 ], [ 38.595298767089844, 49.965801239013672 ], [ 38.642501831054688, 49.956901550292969 ], [ 38.686698913574219, 49.978900909423828 ], [ 38.696098327636719, 49.927501678466797 ], [ 38.759201049804688, 49.887199401855469 ], [ 38.889198303222656, 49.868099212646484 ], [ 38.945301055908203, 49.807498931884766 ], [ 39.069198608398438, 49.817798614501953 ], [ 39.145000457763672, 49.8760986328125 ], [ 39.192798614501953, 49.877799987792969 ], [ 39.273601531982422, 49.751899719238281 ], [ 39.365299224853516, 49.733100891113281 ], [ 39.464199066162109, 49.75830078125 ], [ 39.520599365234375, 49.734401702880859 ], [ 39.580799102783203, 49.730800628662109 ], [ 39.639701843261719, 49.6156005859375 ], [ 39.761100769042969, 49.584701538085938 ], [ 39.821701049804688, 49.549400329589844 ], [ 39.939201354980469, 49.571701049804688 ], [ 40.005001068115234, 49.614398956298828 ], [ 40.134914398193359, 49.604839324951172 ], [ 40.147800445556641, 49.568901062011719 ], [ 40.069999694824219, 49.522800445556641 ], [ 40.0531005859375, 49.478298187255859 ], [ 40.088901519775391, 49.424701690673828 ], [ 40.170799255371094, 49.354999542236328 ], [ 40.166900634765625, 49.248600006103516 ], [ 40.11920166015625, 49.231700897216797 ], [ 40.081901550292969, 49.18389892578125 ], [ 39.966400146484375, 49.1239013671875 ], [ 39.940601348876953, 49.093898773193359 ], [ 39.938899993896484, 49.055000305175781 ], [ 39.703300476074219, 49.035301208496094 ], [ 39.694400787353516, 48.973098754882812 ], [ 39.746101379394531, 48.944198608398438 ], [ 39.767200469970703, 48.903900146484375 ], [ 39.923599243164062, 48.887500762939453 ], [ 39.970600128173828, 48.860000610351562 ], [ 40.041900634765625, 48.895801544189453 ], [ 40.070598602294922, 48.883899688720703 ], [ 40.076698303222656, 48.864200592041016 ], [ 40.039699554443359, 48.820301055908203 ], [ 39.975799560546875, 48.789398193359375 ], [ 39.850299835205078, 48.822498321533203 ], [ 39.803901672363281, 48.817798614501953 ], [ 39.757198333740234, 48.766399383544922 ], [ 39.727199554443359, 48.762199401855469 ], [ 39.702201843261719, 48.714199066162109 ], [ 39.701698303222656, 48.676898956298828 ], [ 39.656898498535156, 48.61669921875 ], [ 39.669998168945312, 48.588100433349609 ], [ 39.798900604248047, 48.583099365234375 ], [ 39.850799560546875, 48.557498931884766 ], [ 39.866901397705078, 48.500301361083984 ], [ 39.838298797607422, 48.483898162841797 ], [ 39.888301849365234, 48.443099975585938 ], [ 39.921398162841797, 48.367500305175781 ], [ 39.893600463867188, 48.337799072265625 ], [ 39.835800170898438, 48.315299987792969 ], [ 39.912799835205078, 48.277801513671875 ], [ 39.9989013671875, 48.297199249267578 ], [ 40.010299682617188, 48.259201049804688 ], [ 39.992500305175781, 48.235000610351562 ], [ 39.93280029296875, 48.213298797607422 ], [ 39.886398315429688, 48.140800476074219 ], [ 39.848300933837891, 48.11309814453125 ], [ 39.868598937988281, 48.040798187255859 ], [ 39.776100158691406, 48.026401519775391 ], [ 39.819999694824219, 47.969699859619141 ], [ 39.796100616455078, 47.916698455810547 ], [ 39.805801391601562, 47.872501373291016 ], [ 39.768100738525391, 47.831401824951172 ], [ 39.723899841308594, 47.81829833984375 ], [ 39.599201202392578, 47.839401245117188 ], [ 39.411701202392578, 47.829700469970703 ], [ 39.345298767089844, 47.853099822998047 ], [ 39.136398315429688, 47.833900451660156 ], [ 39.040870666503906, 47.866607666015625 ], [ 38.897201538085938, 47.868301391601562 ], [ 38.838298797607422, 47.852798461914062 ], [ 38.782501220703125, 47.768100738525391 ], [ 38.750598907470703, 47.68389892578125 ], [ 38.691398620605469, 47.694198608398438 ], [ 38.605800628662109, 47.638099670410156 ], [ 38.448898315429688, 47.628299713134766 ], [ 38.339401245117188, 47.601398468017578 ], [ 38.280799865722656, 47.506099700927734 ], [ 38.285598754882812, 47.396099090576172 ], [ 38.208099365234375, 47.319198608398438 ], [ 38.227798461914062, 47.296901702880859 ], [ 38.30780029296875, 47.299999237060547 ], [ 38.319198608398438, 47.278301239013672 ], [ 38.313098907470703, 47.25579833984375 ], [ 38.216098785400391, 47.194698333740234 ], [ 38.245616912841797, 47.090427398681641 ], [ 38.136100769042969, 47.059429168701172 ], [ 38.074428558349609, 47.094711303710938 ], [ 38.031940460205078, 47.080268859863281 ], [ 37.53887939453125, 47.078601837158203 ], [ 37.323879241943359, 46.871658325195312 ], [ 37.316661834716797, 46.903881072998047 ], [ 37.205268859863281, 46.928600311279297 ], [ 36.903881072998047, 46.814990997314453 ], [ 36.774150848388672, 46.640270233154297 ], [ 36.802490234375, 46.718040466308594 ], [ 36.746929168701172, 46.763050079345703 ], [ 36.613601684570312, 46.7752685546875 ], [ 36.357769012451172, 46.697769165039062 ], [ 36.268039703369141, 46.603870391845703 ], [ 36.208881378173828, 46.662769317626953 ], [ 36.067489624023438, 46.670269012451172 ], [ 35.805820465087891, 46.616100311279297 ], [ 35.646381378173828, 46.499439239501953 ], [ 35.487209320068359, 46.444438934326172 ], [ 35.170818328857422, 46.133880615234375 ], [ 35.001659393310547, 46.072490692138672 ], [ 34.987770080566406, 46.093879699707031 ], [ 35.19110107421875, 46.174991607666016 ], [ 35.257770538330078, 46.246658325195312 ], [ 35.307491302490234, 46.331661224365234 ], [ 35.264430999755859, 46.354988098144531 ], [ 35.283870697021484, 46.434158325195312 ], [ 35.168598175048828, 46.487491607666016 ], [ 35.210819244384766, 46.393318176269531 ], [ 35.113040924072266, 46.294990539550781 ], [ 34.927490234375, 46.226650238037109 ], [ 34.896930694580078, 46.255260467529297 ], [ 34.811100006103516, 46.176929473876953 ], [ 34.826648712158203, 46.103599548339844 ], [ 34.949428558349609, 45.797489166259766 ], [ 35.176101684570312, 45.524990081787109 ], [ 35.386661529541016, 45.336650848388672 ], [ 35.517490386962891, 45.288318634033203 ], [ 35.721099853515625, 45.338039398193359 ], [ 35.819988250732422, 45.466648101806641 ], [ 35.863601684570312, 45.457489013671875 ], [ 35.856658935546875, 45.409160614013672 ], [ 35.946929931640625, 45.365261077880859 ], [ 36.021648406982422, 45.361930847167969 ], [ 36.13970947265625, 45.460540771484375 ], [ 36.305538177490234, 45.466930389404297 ], [ 36.304439544677734, 45.436649322509766 ], [ 36.598598480224609, 45.423599243164062 ], [ 36.637210845947266, 45.3760986328125 ], [ 36.625541687011719, 45.333599090576172 ], [ 36.489429473876953, 45.338039398193359 ], [ 36.428600311279297, 45.259159088134766 ], [ 36.451381683349609, 45.070541381835938 ], [ 36.365821838378906, 45.039989471435547 ], [ 36.029708862304688, 45.036930084228516 ], [ 35.991100311279297, 44.995269775390625 ], [ 35.834709167480469, 44.991100311279297 ], [ 35.785820007324219, 45.053050994873047 ], [ 35.636379241943359, 45.112491607666016 ], [ 35.523880004882812, 45.118320465087891 ], [ 35.418319702148438, 45.068050384521484 ], [ 35.394161224365234, 45.026371002197266 ], [ 35.431381225585938, 44.998878479003906 ], [ 35.361930847167969, 44.985820770263672 ], [ 35.363040924072266, 44.941928863525391 ], [ 35.319438934326172, 44.964160919189453 ], [ 35.151100158691406, 44.893039703369141 ], [ 35.100818634033203, 44.802761077880859 ], [ 35.066928863525391, 44.786930084228516 ], [ 34.954429626464844, 44.838329315185547 ], [ 34.534709930419922, 44.750270843505859 ], [ 34.435550689697266, 44.699161529541016 ], [ 34.331928253173828, 44.543598175048828 ], [ 34.267768859863281, 44.542209625244141 ], [ 34.239990234375, 44.495819091796875 ], [ 34.006938934326172, 44.395259857177734 ], [ 33.846931457519531, 44.398040771484375 ], [ 33.453601837158203, 44.515819549560547 ], [ 33.368320465087891, 44.589160919189453 ], [ 33.568321228027344, 44.614429473876953 ], [ 33.513881683349609, 44.640819549560547 ], [ 33.548320770263672, 44.700260162353516 ], [ 33.519428253173828, 44.779148101806641 ], [ 33.544990539550781, 44.832489013671875 ], [ 33.608600616455078, 44.869159698486328 ], [ 33.610538482666016, 44.969440460205078 ], [ 33.550540924072266, 45.104988098144531 ], [ 33.387210845947266, 45.186649322509766 ], [ 33.299709320068359, 45.163318634033203 ], [ 32.932209014892578, 45.343601226806641 ], [ 32.8135986328125, 45.358318328857422 ], [ 32.643878936767578, 45.310260772705078 ], [ 32.5010986328125, 45.347209930419922 ], [ 32.491378784179688, 45.418880462646484 ], [ 32.573879241943359, 45.482490539550781 ], [ 32.825260162353516, 45.558879852294922 ], [ 32.834430694580078, 45.604988098144531 ], [ 33.151371002197266, 45.732490539550781 ], [ 33.258598327636719, 45.747760772705078 ], [ 33.436939239501953, 45.835540771484375 ], [ 33.692211151123047, 45.860820770263672 ], [ 33.689990997314453, 45.907489776611328 ], [ 33.751380920410156, 45.918598175048828 ], [ 33.744991302490234, 45.945270538330078 ], [ 33.621929168701172, 45.944149017333984 ], [ 33.639430999755859, 46.106098175048828 ], [ 33.582759857177734, 46.157211303710938 ], [ 33.494991302490234, 46.043319702148438 ], [ 33.269161224365234, 46.141651153564453 ], [ 33.214988708496094, 46.127769470214844 ], [ 33.209438323974609, 46.193050384521484 ], [ 33.112491607666016, 46.129711151123047 ], [ 33.0283203125, 46.16387939453125 ], [ 33.031101226806641, 46.131378173828125 ], [ 32.509429931640625, 46.074989318847656 ], [ 32.263050079345703, 46.127208709716797 ], [ 32.243320465087891, 46.173038482666016 ], [ 31.882219314575195, 46.314430236816406 ], [ 31.89055061340332, 46.279708862304688 ], [ 31.801660537719727, 46.279991149902344 ], [ 31.759439468383789, 46.310821533203125 ], [ 31.777219772338867, 46.325260162353516 ], [ 31.984159469604492, 46.352771759033203 ], [ 32.059158325195312, 46.395820617675781 ], [ 32.003879547119141, 46.451099395751953 ], [ 31.809719085693359, 46.484989166259766 ], [ 31.703329086303711, 46.489711761474609 ], [ 31.680269241333008, 46.430820465087891 ], [ 31.510829925537109, 46.581378936767578 ], [ 32.356658935546875, 46.458881378173828 ], [ 32.422489166259766, 46.490261077880859 ], [ 32.421649932861328, 46.536930084228516 ], [ 32.551380157470703, 46.594711303710938 ], [ 32.325828552246094, 46.556098937988281 ], [ 32.236660003662109, 46.603038787841797 ], [ 32.139148712158203, 46.559158325195312 ], [ 31.98944091796875, 46.658039093017578 ], [ 31.936380386352539, 46.805538177490234 ], [ 31.985549926757812, 46.853599548339844 ], [ 32.008598327636719, 46.932769775390625 ], [ 31.932220458984375, 46.949161529541016 ], [ 31.978050231933594, 47.009990692138672 ], [ 31.867769241333008, 47.021381378173828 ], [ 31.88916015625, 47.108600616455078 ], [ 31.748329162597656, 47.222759246826172 ], [ 31.871669769287109, 47.081100463867188 ], [ 31.836380004882812, 47.016380310058594 ], [ 31.858329772949219, 46.991378784179688 ], [ 31.944160461425781, 46.997489929199219 ], [ 31.900550842285156, 46.949989318847656 ], [ 31.904720306396484, 46.924709320068359 ], [ 31.97443962097168, 46.919158935546875 ], [ 31.939720153808594, 46.851650238037109 ], [ 31.882499694824219, 46.829151153564453 ], [ 31.863609313964844, 46.785549163818359 ], [ 31.908880233764648, 46.728599548339844 ], [ 31.900829315185547, 46.644161224365234 ], [ 31.809160232543945, 46.615550994873047 ], [ 31.621379852294922, 46.6502685546875 ], [ 31.557220458984375, 46.610271453857422 ], [ 31.474990844726562, 46.644710540771484 ], [ 31.591939926147461, 46.783870697021484 ], [ 31.60137939453125, 46.825260162353516 ], [ 31.515829086303711, 46.739158630371094 ], [ 31.469440460205078, 46.763320922851562 ], [ 31.506380081176758, 46.720539093017578 ], [ 31.461940765380859, 46.662490844726562 ], [ 31.334999084472656, 46.601100921630859 ], [ 31.18943977355957, 46.624980926513672 ], [ 30.796100616455078, 46.552490234375 ], [ 30.748050689697266, 46.505550384521484 ], [ 30.793050765991211, 46.439990997314453 ], [ 30.688880920410156, 46.316928863525391 ], [ 30.668880462646484, 46.271381378173828 ], [ 30.444719314575195, 46.048038482666016 ], [ 30.331939697265625, 45.997760772705078 ], [ 30.313169479370117, 45.949440002441406 ], [ 30.138420104980469, 45.817371368408203 ], [ 30.128330230712891, 45.857769012451172 ], [ 30.089990615844727, 45.809989929199219 ], [ 30.018329620361328, 45.838329315185547 ], [ 29.964719772338867, 45.835540771484375 ], [ 29.934440612792969, 45.723320007324219 ], [ 29.889999389648438, 45.764430999755859 ], [ 29.804439544677734, 45.736930847167969 ], [ 29.797489166259766, 45.711929321289062 ], [ 29.863609313964844, 45.669158935546875 ], [ 29.735679626464844, 45.609588623046875 ], [ 29.679439544677734, 45.698040008544922 ], [ 29.697219848632812, 45.781650543212891 ], [ 29.637210845947266, 45.822769165039062 ], [ 29.649169921875, 45.782489776611328 ], [ 29.596939086914062, 45.687770843505859 ], [ 29.595270156860352, 45.552211761474609 ], [ 29.659910202026367, 45.534969329833984 ], [ 29.600830078125, 45.474990844726562 ], [ 29.641939163208008, 45.436649322509766 ], [ 29.734439849853516, 45.471660614013672 ], [ 29.755279541015625, 45.442489624023438 ], [ 29.730550765991211, 45.224708557128906 ], [ 29.661769866943359, 45.210239410400391 ], [ 29.670829772949219, 45.287490844726562 ], [ 29.636940002441406, 45.350269317626953 ], [ 29.561939239501953, 45.395259857177734 ], [ 29.314159393310547, 45.437759399414062 ], [ 29.004440307617188, 45.321098327636719 ], [ 28.784439086914062, 45.320819854736328 ], [ 28.756940841674805, 45.265541076660156 ], [ 28.799720764160156, 45.237758636474609 ], [ 28.748600006103516, 45.224979400634766 ], [ 28.558610916137695, 45.246089935302734 ], [ 28.316659927368164, 45.337490081787109 ], [ 28.276100158691406, 45.433319091796875 ], [ 28.212018966674805, 45.448200225830078 ], [ 28.238100051879883, 45.503299713134766 ], [ 28.283899307250977, 45.525299072265625 ], [ 28.477500915527344, 45.506401062011719 ], [ 28.522800445556641, 45.517799377441406 ], [ 28.530300140380859, 45.543598175048828 ], [ 28.51140022277832, 45.569198608398438 ], [ 28.556100845336914, 45.586700439453125 ], [ 28.533599853515625, 45.607200622558594 ], [ 28.528299331665039, 45.644699096679688 ], [ 28.489400863647461, 45.665000915527344 ], [ 28.526899337768555, 45.714199066162109 ], [ 28.582500457763672, 45.719699859619141 ], [ 28.583599090576172, 45.763099670410156 ], [ 28.675300598144531, 45.775299072265625 ], [ 28.694700241088867, 45.794399261474609 ], [ 28.688899993896484, 45.818901062011719 ], [ 28.75469970703125, 45.838600158691406 ], [ 28.768899917602539, 45.866901397705078 ], [ 28.747800827026367, 45.92919921875 ], [ 28.755800247192383, 45.959999084472656 ], [ 28.971900939941406, 46.006698608398438 ], [ 28.980600357055664, 46.029701232910156 ], [ 28.957199096679688, 46.105598449707031 ], [ 29.041099548339844, 46.193901062011719 ], [ 28.949399948120117, 46.270801544189453 ], [ 28.965000152587891, 46.311901092529297 ], [ 28.932199478149414, 46.428298950195312 ], [ 29.034700393676758, 46.49530029296875 ], [ 29.204999923706055, 46.541400909423828 ], [ 29.219400405883789, 46.532798767089844 ], [ 29.228300094604492, 46.484699249267578 ], [ 29.226400375366211, 46.416900634765625 ], [ 29.200799942016602, 46.381401062011719 ], [ 29.224199295043945, 46.365299224853516 ], [ 29.263900756835938, 46.398601531982422 ], [ 29.306699752807617, 46.402198791503906 ], [ 29.300800323486328, 46.444999694824219 ], [ 29.32390022277832, 46.476398468017578 ], [ 29.347499847412109, 46.476398468017578 ], [ 29.393100738525391, 46.416099548339844 ], [ 29.396099090576172, 46.438098907470703 ], [ 29.483600616455078, 46.492198944091797 ], [ 29.507499694824219, 46.481098175048828 ], [ 29.499700546264648, 46.432201385498047 ], [ 29.576099395751953, 46.419998168945312 ], [ 29.590799331665039, 46.38330078125 ], [ 29.626699447631836, 46.36920166015625 ], [ 29.672800064086914, 46.391399383544922 ], [ 29.663299560546875, 46.428600311279297 ], [ 29.733100891113281, 46.439399719238281 ], [ 29.733299255371094, 46.478099822998047 ], [ 29.801700592041016, 46.42559814453125 ], [ 29.830299377441406, 46.388099670410156 ], [ 29.827199935913086, 46.361698150634766 ], [ 29.848300933837891, 46.348300933837891 ], [ 29.884700775146484, 46.351100921630859 ], [ 29.930000305175781, 46.383598327636719 ], [ 30.103900909423828, 46.381900787353516 ], [ 30.134199142456055, 46.415599822998047 ], [ 30.073099136352539, 46.422798156738281 ], [ 30.006900787353516, 46.456699371337891 ], [ 30.018600463867188, 46.469699859619141 ], [ 29.998899459838867, 46.496101379394531 ], [ 29.970600128173828, 46.48809814453125 ], [ 29.898599624633789, 46.529998779296875 ], [ 29.89579963684082, 46.551101684570312 ], [ 29.968900680541992, 46.575298309326172 ], [ 29.948299407958984, 46.63690185546875 ], [ 29.972799301147461, 46.734401702880859 ], [ 29.946399688720703, 46.789199829101562 ], [ 29.950000762939453, 46.814201354980469 ], [ 29.908899307250977, 46.814201354980469 ], [ 29.868900299072266, 46.861400604248047 ], [ 29.76140022277832, 46.866401672363281 ], [ 29.715299606323242, 46.911701202392578 ], [ 29.575599670410156, 46.943099975585938 ], [ 29.593299865722656, 47.025299072265625 ], [ 29.623600006103516, 47.046100616455078 ], [ 29.61359977722168, 47.084400177001953 ], [ 29.569700241088867, 47.098598480224609 ], [ 29.539400100708008, 47.066898345947266 ], [ 29.49690055847168, 47.118301391601562 ], [ 29.571399688720703, 47.140800476074219 ], [ 29.556699752807617, 47.233100891113281 ], [ 29.599199295043945, 47.263301849365234 ], [ 29.584999084472656, 47.319698333740234 ], [ 29.55940055847168, 47.342800140380859 ], [ 29.505800247192383, 47.346401214599609 ], [ 29.475000381469727, 47.292198181152344 ], [ 29.405599594116211, 47.294998168945312 ], [ 29.379400253295898, 47.3218994140625 ], [ 29.380300521850586, 47.357799530029297 ], [ 29.354400634765625, 47.380001068115234 ], [ 29.322799682617188, 47.37860107421875 ], [ 29.30780029296875, 47.414398193359375 ], [ 29.262500762939453, 47.431900024414062 ], [ 29.252500534057617, 47.455299377441406 ], [ 29.186700820922852, 47.439998626708984 ], [ 29.131399154663086, 47.544200897216797 ], [ 29.205600738525391, 47.632198333740234 ], [ 29.208099365234375, 47.718101501464844 ], [ 29.258100509643555, 47.764400482177734 ], [ 29.249200820922852, 47.779998779296875 ], [ 29.194999694824219, 47.793098449707031 ], [ 29.19420051574707, 47.80889892578125 ], [ 29.257499694824219, 47.874698638916016 ], [ 29.193599700927734, 47.895000457763672 ], [ 29.1781005859375, 47.951900482177734 ], [ 29.141899108886719, 47.986099243164062 ], [ 29.080600738525391, 47.982799530029297 ], [ 29.050800323486328, 47.939399719238281 ], [ 29.003599166870117, 47.933101654052734 ], [ 28.956100463867188, 47.950000762939453 ], [ 28.851699829101562, 48.031898498535156 ], [ 28.853900909423828, 48.055599212646484 ], [ 28.827499389648438, 48.078899383544922 ], [ 28.833099365234375, 48.101699829101562 ], [ 28.81559944152832, 48.12139892578125 ], [ 28.642499923706055, 48.153598785400391 ], [ 28.551399230957031, 48.160598754882812 ], [ 28.477500915527344, 48.118301391601562 ], [ 28.460800170898438, 48.071399688720703 ], [ 28.421699523925781, 48.118598937988281 ], [ 28.438100814819336, 48.138301849365234 ], [ 28.418600082397461, 48.169399261474609 ], [ 28.388599395751953, 48.163898468017578 ], [ 28.345600128173828, 48.126899719238281 ], [ 28.312799453735352, 48.139400482177734 ], [ 28.370599746704102, 48.196098327636719 ], [ 28.356700897216797, 48.241100311279297 ], [ 28.295000076293945, 48.23809814453125 ], [ 28.222499847412109, 48.205299377441406 ], [ 28.187200546264648, 48.215599060058594 ], [ 28.181900024414062, 48.249698638916016 ], [ 28.165599822998047, 48.257499694824219 ], [ 28.12809944152832, 48.231700897216797 ], [ 28.094400405883789, 48.229400634765625 ], [ 28.081899642944336, 48.243301391601562 ], [ 28.096700668334961, 48.288600921630859 ], [ 28.085599899291992, 48.307498931884766 ], [ 27.963100433349609, 48.325000762939453 ], [ 27.904109954833984, 48.354270935058594 ], [ 27.870000839233398, 48.398300170898438 ], [ 27.77079963684082, 48.447799682617188 ], [ 27.653299331665039, 48.441699981689453 ], [ 27.607200622558594, 48.454399108886719 ], [ 27.599700927734375, 48.486698150634766 ], [ 27.418899536132812, 48.416698455810547 ], [ 27.392200469970703, 48.438899993896484 ], [ 27.343099594116211, 48.442798614501953 ], [ 27.270299911499023, 48.378898620605469 ], [ 27.23390007019043, 48.367801666259766 ], [ 27.053600311279297, 48.406898498535156 ], [ 27.049400329589844, 48.365001678466797 ], [ 26.968900680541992, 48.358600616455078 ], [ 26.853900909423828, 48.404998779296875 ], [ 26.835800170898438, 48.378898620605469 ], [ 26.791400909423828, 48.381698608398438 ], [ 26.810800552368164, 48.3218994140625 ], [ 26.803300857543945, 48.297199249267578 ], [ 26.750600814819336, 48.299400329589844 ], [ 26.703100204467773, 48.344699859619141 ], [ 26.688299179077148, 48.311698913574219 ], [ 26.648899078369141, 48.298099517822266 ], [ 26.635000228881836, 48.240871429443359 ], [ 26.316379547119141, 48.186370849609375 ], [ 26.272220611572266, 48.076099395751953 ], [ 26.159160614013672, 47.984989166259766 ], [ 25.468330383300781, 47.929710388183594 ], [ 25.230270385742188, 47.881370544433594 ], [ 25.123880386352539, 47.763881683349609 ], [ 25.029720306396484, 47.728870391845703 ], [ 24.897489547729492, 47.716091156005859 ], [ 24.816389083862305, 47.813041687011719 ], [ 24.67609977722168, 47.860271453857422 ], [ 24.660270690917969, 47.906368255615234 ], [ 24.531110763549805, 47.952770233154297 ], [ 24.23805046081543, 47.903308868408203 ], [ 24.168590545654297, 47.92333984375 ], [ 24.131109237670898, 47.910808563232422 ], [ 23.975549697875977, 47.960540771484375 ], [ 23.874160766601562, 47.928600311279297 ], [ 23.544990539550781, 48.008430480957031 ], [ 23.480550765991211, 47.977481842041016 ], [ 23.174160003662109, 48.108600616455078 ], [ 23.123880386352539, 48.088321685791016 ], [ 23.091100692749023, 48.015819549560547 ], [ 23.034160614013672, 47.989978790283203 ], [ 22.934160232543945, 48.008880615234375 ], [ 22.937219619750977, 47.964988708496094 ], [ 22.894859313964844, 47.953300476074219 ], [ 22.865270614624023, 48.010540008544922 ], [ 22.886940002441406, 48.036651611328125 ], [ 22.840950012207031, 48.086769104003906 ], [ 22.744159698486328, 48.114711761474609 ], [ 22.620460510253906, 48.101810455322266 ], [ 22.507770538330078, 48.245258331298828 ], [ 22.383329391479492, 48.244148254394531 ], [ 22.315830230712891, 48.321098327636719 ], [ 22.319440841674805, 48.361660003662109 ], [ 22.260269165039062, 48.360820770263672 ], [ 22.271379470825195, 48.404148101806641 ], [ 22.151449203491211, 48.412059783935547 ], [ 22.157220840454102, 48.576648712158203 ], [ 22.326389312744141, 48.683868408203125 ], [ 22.465269088745117, 48.975540161132812 ], [ 22.547489166259766, 49.032199859619141 ], [ 22.558000564575195, 49.079418182373047 ], [ 22.598049163818359, 49.091091156005859 ], [ 22.674160003662109, 49.044151306152344 ], [ 22.882610321044922, 49.006351470947266 ], [ 22.821659088134766, 49.116100311279297 ], [ 22.70026969909668, 49.165531158447266 ], [ 22.759990692138672, 49.281929016113281 ], [ 22.656099319458008, 49.519710540771484 ], [ 22.680830001831055, 49.572490692138672 ], [ 22.974710464477539, 49.834980010986328 ], [ 23.283330917358398, 50.081378936767578 ], [ 23.630830764770508, 50.308879852294922 ], [ 23.707769393920898, 50.380538940429688 ], [ 23.991659164428711, 50.407199859619141 ], [ 24.132770538330078, 50.544429779052734 ], [ 24.108329772949219, 50.629978179931641 ], [ 23.954719543457031, 50.787208557128906 ], [ 23.995819091796875, 50.831100463867188 ], [ 24.130550384521484, 50.834980010986328 ], [ 24.144710540771484, 50.858039855957031 ], [ 23.973049163818359, 50.944149017333984 ], [ 23.749439239501953, 51.207489013671875 ], [ 23.632219314575195, 51.307758331298828 ], [ 23.671379089355469, 51.431659698486328 ], [ 23.592084884643555, 51.528278350830078 ] ] ] } },
{ "type": "Feature", "properties": { }, "geometry": { "type": "MultiPolygon", "coordinates": [ [ [ [ -6.264999866485596, 56.258880615234375 ], [ -6.36138916015625, 56.302761077880859 ], [ -6.363890171051025, 56.329990386962891 ], [ -6.174723148345947, 56.331100463867188 ], [ -6.0188889503479, 56.369709014892578 ], [ -6.185277938842773, 56.356658935546875 ], [ -6.203055858612061, 56.378040313720703 ], [ -6.010000228881836, 56.470268249511719 ], [ -6.032223224639893, 56.492488861083984 ], [ -6.126389980316162, 56.473880767822266 ], [ -6.317779064178467, 56.585819244384766 ], [ -6.269166946411133, 56.611660003662109 ], [ -6.116944789886475, 56.6502685546875 ], [ -6.006111145019531, 56.591098785400391 ], [ -5.962778091430664, 56.522769927978516 ], [ -5.723055839538574, 56.483318328857422 ], [ -5.651389122009277, 56.451099395751953 ], [ -5.663333892822266, 56.395549774169922 ], [ -5.787222862243652, 56.367771148681641 ], [ -5.703333854675293, 56.375541687011719 ], [ -5.70222282409668, 56.359149932861328 ], [ -5.840556144714355, 56.308879852294922 ], [ -5.860278129577637, 56.351940155029297 ], [ -6.264999866485596, 56.258880615234375 ] ] ], [ [ [ -4.402223110198975, 53.125820159912109 ], [ -4.385279178619385, 53.182769775390625 ], [ -4.49083423614502, 53.174991607666016 ], [ -4.572779178619385, 53.319709777832031 ], [ -4.567223072052002, 53.391380310058594 ], [ -4.416388988494873, 53.424991607666016 ], [ -4.292778015136719, 53.407489776611328 ], [ -4.204166889190674, 53.29193115234375 ], [ -4.05333423614502, 53.304710388183594 ], [ -4.090000152587891, 53.254989624023438 ], [ -4.402223110198975, 53.125820159912109 ] ] ], [ [ [ -5.154445171356201, 55.432769775390625 ], [ -5.273056030273438, 55.443878173828125 ], [ -5.357500076293945, 55.504161834716797 ], [ -5.351666927337646, 55.551929473876953 ], [ -5.400278091430664, 55.600551605224609 ], [ -5.38139009475708, 55.668598175048828 ], [ -5.265555858612061, 55.717208862304688 ], [ -5.168334007263184, 55.684158325195312 ], [ -5.075000762939453, 55.463329315185547 ], [ -5.154445171356201, 55.432769775390625 ] ] ], [ [ [ -6.965834140777588, 57.725551605224609 ], [ -7.120000839233398, 57.814159393310547 ], [ -7.125555992126465, 57.8377685546875 ], [ -7.009167194366455, 57.839710235595703 ], [ -6.840834140777588, 57.925270080566406 ], [ -7.06361198425293, 58.005821228027344 ], [ -6.936110973358154, 58.046100616455078 ], [ -7.073610782623291, 58.058601379394531 ], [ -7.126945018768311, 58.123321533203125 ], [ -7.108890056610107, 58.180538177490234 ], [ -7.020555973052979, 58.186649322509766 ], [ -7.058055877685547, 58.200550079345703 ], [ -7.040832996368408, 58.233318328857422 ], [ -6.908333778381348, 58.2127685546875 ], [ -6.861945152282715, 58.111370086669922 ], [ -6.873888969421387, 58.178321838378906 ], [ -6.81361198425293, 58.196098327636719 ], [ -6.728888988494873, 58.169429779052734 ], [ -6.757223129272461, 58.223320007324219 ], [ -6.808055877685547, 58.259708404541016 ], [ -6.797778129577637, 58.302211761474609 ], [ -6.24472188949585, 58.508598327636719 ], [ -6.166388988494873, 58.425270080566406 ], [ -6.212778091430664, 58.364990234375 ], [ -6.168334007263184, 58.342769622802734 ], [ -6.36583423614502, 58.230819702148438 ], [ -6.287222862243652, 58.204708099365234 ], [ -6.168056011199951, 58.260540008544922 ], [ -6.158333778381348, 58.218318939208984 ], [ -6.242777824401855, 58.180271148681641 ], [ -6.394166946411133, 58.209430694580078 ], [ -6.375, 58.135540008544922 ], [ -6.620277881622314, 58.081928253173828 ], [ -6.402500152587891, 58.105819702148438 ], [ -6.367222785949707, 58.052761077880859 ], [ -6.392777919769287, 58.003879547119141 ], [ -6.55333423614502, 58.009159088134766 ], [ -6.464445114135742, 57.986099243164062 ], [ -6.474166870117188, 57.940269470214844 ], [ -6.577499866485596, 57.910820007324219 ], [ -6.68861198425293, 57.955268859863281 ], [ -6.706943988800049, 57.998878479003906 ], [ -6.659444808959961, 58.046649932861328 ], [ -6.761390209197998, 57.998321533203125 ], [ -6.660555839538574, 57.884708404541016 ], [ -6.80333423614502, 57.878318786621094 ], [ -6.760834217071533, 57.824161529541016 ], [ -6.878889083862305, 57.789150238037109 ], [ -6.965834140777588, 57.725551605224609 ] ] ], [ [ [ -6.012221813201904, 57.022209167480469 ], [ -6.035000801086426, 57.054710388183594 ], [ -5.944723129272461, 57.147209167480469 ], [ -6.033333778381348, 57.224708557128906 ], [ -6.073610782623291, 57.126380920410156 ], [ -6.111112117767334, 57.170818328857422 ], [ -6.314723014831543, 57.157489776611328 ], [ -6.279167175292969, 57.198318481445312 ], [ -6.353888988494873, 57.189430236816406 ], [ -6.353888988494873, 57.225269317626953 ], [ -6.476388931274414, 57.297210693359375 ], [ -6.421945095062256, 57.334709167480469 ], [ -6.482779026031494, 57.397769927978516 ], [ -6.570278167724609, 57.386100769042969 ], [ -6.567500114440918, 57.337490081787109 ], [ -6.700277805328369, 57.363880157470703 ], [ -6.786111831665039, 57.446098327636719 ], [ -6.715834140777588, 57.511928558349609 ], [ -6.611945152282715, 57.438041687011719 ], [ -6.629723072052002, 57.497211456298828 ], [ -6.561666965484619, 57.499439239501953 ], [ -6.623888969421387, 57.544158935546875 ], [ -6.641388893127441, 57.602489471435547 ], [ -6.586667060852051, 57.588600158691406 ], [ -6.463612079620361, 57.508880615234375 ], [ -6.439445018768311, 57.47637939453125 ], [ -6.357779026031494, 57.583049774169922 ], [ -6.420279026031494, 57.634708404541016 ], [ -6.323056221008301, 57.694988250732422 ], [ -6.163333892822266, 57.597209930419922 ], [ -6.131945133209229, 57.474151611328125 ], [ -6.190001010894775, 57.396381378173828 ], [ -6.128056049346924, 57.401100158691406 ], [ -6.101110935211182, 57.321380615234375 ], [ -5.899445056915283, 57.241939544677734 ], [ -5.654167175292969, 57.261661529541016 ], [ -5.664166927337646, 57.204990386962891 ], [ -5.92833423614502, 57.038600921630859 ], [ -6.012221813201904, 57.022209167480469 ] ] ], [ [ [ -2.911111116409302, 58.889430999755859 ], [ -3.041944980621338, 58.936378479003906 ], [ -3.18861198425293, 58.909988403320312 ], [ -3.23888897895813, 58.967491149902344 ], [ -3.220834016799927, 59.024711608886719 ], [ -3.271111011505127, 58.987209320068359 ], [ -3.290832996368408, 58.946929931640625 ], [ -3.361388921737671, 58.992210388183594 ], [ -3.321388959884644, 59.126380920410156 ], [ -3.218888998031616, 59.148601531982422 ], [ -3.01111102104187, 59.076930999755859 ], [ -3.019166946411133, 59.042758941650391 ], [ -3.134166955947876, 59.000820159912109 ], [ -2.782778024673462, 58.989429473876953 ], [ -2.823889017105103, 58.928050994873047 ], [ -2.778888940811157, 58.924160003662109 ], [ -2.793334007263184, 58.951381683349609 ], [ -2.708611011505127, 58.968879699707031 ], [ -2.708333015441895, 58.917209625244141 ], [ -2.911111116409302, 58.889430999755859 ] ] ], [ [ [ -7.315001010894775, 57.504161834716797 ], [ -7.418612003326416, 57.573318481445312 ], [ -7.519166946411133, 57.581100463867188 ], [ -7.500277996063232, 57.636928558349609 ], [ -7.396111011505127, 57.661098480224609 ], [ -7.31361198425293, 57.6533203125 ], [ -7.184722900390625, 57.684429168701172 ], [ -7.186666965484619, 57.648319244384766 ], [ -7.075555801391602, 57.642208099365234 ], [ -7.095833778381348, 57.608051300048828 ], [ -7.201666831970215, 57.638050079345703 ], [ -7.179999828338623, 57.608600616455078 ], [ -7.106945037841797, 57.586380004882812 ], [ -7.138055801391602, 57.556098937988281 ], [ -7.154167175292969, 57.509429931640625 ], [ -7.315001010894775, 57.504161834716797 ] ] ], [ [ [ -6.267221927642822, 55.573040008544922 ], [ -6.322779178619385, 55.610820770263672 ], [ -6.245000839233398, 55.653598785400391 ], [ -6.326111793518066, 55.718601226806641 ], [ -6.25111198425293, 55.767208099365234 ], [ -6.325555801391602, 55.781379699707031 ], [ -6.462778091430664, 55.673870086669922 ], [ -6.501389980316162, 55.673320770263672 ], [ -6.495277881622314, 55.733600616455078 ], [ -6.454444885253906, 55.766651153564453 ], [ -6.450000762939453, 55.848598480224609 ], [ -6.322500228881836, 55.888599395751953 ], [ -6.317500114440918, 55.826099395751953 ], [ -6.266388893127441, 55.879711151123047 ], [ -6.119444847106934, 55.917209625244141 ], [ -6.097777843475342, 55.796649932861328 ], [ -6.026112079620361, 55.684989929199219 ], [ -6.267221927642822, 55.573040008544922 ] ] ], [ [ [ -5.972221851348877, 55.788318634033203 ], [ -6.063333988189697, 55.803878784179688 ], [ -6.088334083557129, 55.877490997314453 ], [ -6.022778987884521, 55.938041687011719 ], [ -5.889999866485596, 55.966648101806641 ], [ -5.995000839233398, 55.972759246826172 ], [ -5.968334197998047, 56.023601531982422 ], [ -5.696389198303223, 56.142208099365234 ], [ -5.686388969421387, 56.113040924072266 ], [ -5.972221851348877, 55.788318634033203 ] ] ], [ [ [ -1.282778024673462, 50.578880310058594 ], [ -1.569445013999939, 50.657489776611328 ], [ -1.432500004768372, 50.72637939453125 ], [ -1.275277972221375, 50.768600463867188 ], [ -1.07361102104187, 50.677761077880859 ], [ -1.153332948684692, 50.648880004882812 ], [ -1.168334007263184, 50.601940155029297 ], [ -1.282778024673462, 50.578880310058594 ] ] ], [ [ [ -7.349722862243652, 57.099430084228516 ], [ -7.386944770812988, 57.114711761474609 ], [ -7.422778129577637, 57.2783203125 ], [ -7.391944885253906, 57.303878784179688 ], [ -7.425279140472412, 57.382209777832031 ], [ -7.349722862243652, 57.406101226806641 ], [ -7.224722862243652, 57.341648101806641 ], [ -7.252501010894775, 57.326648712158203 ], [ -7.384167194366455, 57.383319854736328 ], [ -7.353611946105957, 57.35137939453125 ], [ -7.200555801391602, 57.302761077880859 ], [ -7.259167194366455, 57.226100921630859 ], [ -7.259167194366455, 57.152488708496094 ], [ -7.24472188949585, 57.121658325195312 ], [ -7.349722862243652, 57.099430084228516 ] ] ], [ [ [ -1.2688889503479, 59.851100921630859 ], [ -1.378056049346924, 59.906379699707031 ], [ -1.263056039810181, 60.106929779052734 ], [ -1.273610949516296, 60.187480926513672 ], [ -1.331666946411133, 60.201099395751953 ], [ -1.35027801990509, 60.243320465087891 ], [ -1.393610954284668, 60.243320465087891 ], [ -1.358332991600037, 60.192489624023438 ], [ -1.453889012336731, 60.152488708496094 ], [ -1.526944994926453, 60.194438934326172 ], [ -1.469722032546997, 60.2158203125 ], [ -1.631389021873474, 60.214431762695312 ], [ -1.691666960716248, 60.288318634033203 ], [ -1.628334045410156, 60.307209014892578 ], [ -1.557778000831604, 60.286930084228516 ], [ -1.413056015968323, 60.320819854736328 ], [ -1.361667037010193, 60.283329010009766 ], [ -1.345834016799927, 60.339988708496094 ], [ -1.259166955947876, 60.350818634033203 ], [ -1.43416702747345, 60.423320770263672 ], [ -1.443889021873474, 60.484710693359375 ], [ -1.610000014305115, 60.474151611328125 ], [ -1.51111102104187, 60.554149627685547 ], [ -1.438611030578613, 60.502769470214844 ], [ -1.386945009231567, 60.509990692138672 ], [ -1.476389050483704, 60.541370391845703 ], [ -1.294445037841797, 60.631099700927734 ], [ -1.355453968048096, 60.407070159912109 ], [ -1.236945033073425, 60.439159393310547 ], [ -1.294445037841797, 60.464988708496094 ], [ -1.211110949516296, 60.493598937988281 ], [ -1.154721975326538, 60.421100616455078 ], [ -1.231945037841797, 60.405269622802734 ], [ -1.095834016799927, 60.416370391845703 ], [ -1.12166702747345, 60.384429931640625 ], [ -1.061110973358154, 60.385818481445312 ], [ -1.090000033378601, 60.346099853515625 ], [ -1.170555949211121, 60.347488403320312 ], [ -1.090832948684692, 60.310821533203125 ], [ -1.127778053283691, 60.271381378173828 ], [ -1.200556039810181, 60.263320922851562 ], [ -1.180556058883667, 60.228038787841797 ], [ -1.195000052452087, 60.175540924072266 ], [ -1.141667008399963, 60.185821533203125 ], [ -1.172500014305115, 60.134159088134766 ], [ -1.202499985694885, 59.97943115234375 ], [ -1.248332977294922, 59.993038177490234 ], [ -1.2688889503479, 59.851100921630859 ] ] ], [ [ [ -5.186388969421387, 57.94110107421875 ], [ -5.444445133209229, 58.064430236816406 ], [ -5.443056106567383, 58.093879699707031 ], [ -5.311110973358154, 58.063880920410156 ], [ -5.283333778381348, 58.106380462646484 ], [ -5.300000190734863, 58.161651611328125 ], [ -5.396389007568359, 58.242488861083984 ], [ -5.386666774749756, 58.261100769042969 ], [ -5.176667213439941, 58.249149322509766 ], [ -5.115555763244629, 58.269989013671875 ], [ -4.946389198303223, 58.223049163818359 ], [ -4.929444789886475, 58.261661529541016 ], [ -5.12166690826416, 58.285820007324219 ], [ -5.168334007263184, 58.361099243164062 ], [ -5.146111011505127, 58.409709930419922 ], [ -5.089723110198975, 58.419429779052734 ], [ -5.073334217071533, 58.450820922851562 ], [ -5.109723091125488, 58.508319854736328 ], [ -5.028611183166504, 58.538318634033203 ], [ -5.005000114440918, 58.623321533203125 ], [ -4.829721927642822, 58.600818634033203 ], [ -4.817500114440918, 58.521930694580078 ], [ -4.767500877380371, 58.578319549560547 ], [ -4.660000801086426, 58.552211761474609 ], [ -4.76472282409668, 58.443321228027344 ], [ -4.61138916015625, 58.518039703369141 ], [ -4.588889122009277, 58.570819854736328 ], [ -4.440834045410156, 58.551380157470703 ], [ -4.42833423614502, 58.521381378173828 ], [ -4.495000839233398, 58.445270538330078 ], [ -4.360001087188721, 58.533870697021484 ], [ -4.041111946105957, 58.588871002197266 ], [ -3.857500076293945, 58.560550689697266 ], [ -3.571110963821411, 58.622489929199219 ], [ -3.365278005599976, 58.595268249511719 ], [ -3.410278081893921, 58.649429321289062 ], [ -3.374166965484619, 58.672489166259766 ], [ -3.308888912200928, 58.644428253173828 ], [ -3.025556087493896, 58.647491455078125 ], [ -3.029999971389771, 58.600269317626953 ], [ -3.126389026641846, 58.519989013671875 ], [ -3.123332977294922, 58.482208251953125 ], [ -3.055556058883667, 58.477771759033203 ], [ -3.121944904327393, 58.369430541992188 ], [ -3.3313889503479, 58.277759552001953 ], [ -3.902223110198975, 57.983600616455078 ], [ -4.05722188949585, 57.948040008544922 ], [ -4.011110782623291, 57.861099243164062 ], [ -4.234723091125488, 57.852771759033203 ], [ -3.936388969421387, 57.804439544677734 ], [ -3.788610935211182, 57.861099243164062 ], [ -3.799444913864136, 57.826930999755859 ], [ -3.968888998031616, 57.702491760253906 ], [ -4.029167175292969, 57.694149017333984 ], [ -4.019443988800049, 57.728038787841797 ], [ -4.329444885253906, 57.646381378173828 ], [ -4.430555820465088, 57.582210540771484 ], [ -4.415000915527344, 57.572769165039062 ], [ -4.249444961547852, 57.659431457519531 ], [ -4.011110782623291, 57.682209014892578 ], [ -4.019999980926514, 57.657768249511719 ], [ -4.248888969421387, 57.495269775390625 ], [ -4.118055820465088, 57.517490386962891 ], [ -4.038610935211182, 57.557209014892578 ], [ -4.081943988800049, 57.579708099365234 ], [ -3.527223110198975, 57.661098480224609 ], [ -3.414443969726562, 57.716648101806641 ], [ -3.041944980621338, 57.662208557128906 ], [ -2.790832996368408, 57.702491760253906 ], [ -2.341110944747925, 57.669708251953125 ], [ -2.246388912200928, 57.684158325195312 ], [ -1.929999947547913, 57.677761077880859 ], [ -1.799445033073425, 57.543319702148438 ], [ -1.763056039810181, 57.466648101806641 ], [ -2.04555606842041, 57.229160308837891 ], [ -2.075278043746948, 57.151371002197266 ], [ -2.049444913864136, 57.113319396972656 ], [ -2.309444904327393, 56.804710388183594 ], [ -2.415555953979492, 56.758598327636719 ], [ -2.524723052978516, 56.581100463867188 ], [ -2.734167098999023, 56.458599090576172 ], [ -2.910278081893921, 56.463871002197266 ], [ -3.081110954284668, 56.448600769042969 ], [ -3.325278043746948, 56.359989166259766 ], [ -3.265000104904175, 56.346099853515625 ], [ -2.828888893127441, 56.439430236816406 ], [ -2.799444913864136, 56.418598175048828 ], [ -2.838056087493896, 56.363601684570312 ], [ -2.58583402633667, 56.283870697021484 ], [ -2.583055973052979, 56.268039703369141 ], [ -2.788332939147949, 56.187480926513672 ], [ -2.944999933242798, 56.204151153564453 ], [ -3.135833978652954, 56.113601684570312 ], [ -3.158334016799927, 56.059989929199219 ], [ -3.523056030273438, 56.033599853515625 ], [ -3.820555925369263, 56.111370086669922 ], [ -3.666388988494873, 56.007209777832031 ], [ -3.05333399772644, 55.943599700927734 ], [ -2.861110925674438, 56.005821228027344 ], [ -2.794445037841797, 56.060260772705078 ], [ -2.650278091430664, 56.058601379394531 ], [ -2.571388959884644, 56.019161224365234 ], [ -2.164166927337646, 55.912208557128906 ], [ -1.819722056388855, 55.634159088134766 ], [ -1.751111030578613, 55.627208709716797 ], [ -1.629999995231628, 55.558879852294922 ], [ -1.573889017105103, 55.423599243164062 ], [ -1.5813889503479, 55.346370697021484 ], [ -1.445556044578552, 55.045551300048828 ], [ -1.256945013999939, 54.732490539550781 ], [ -1.184955954551697, 54.674930572509766 ], [ -1.1686110496521, 54.638599395751953 ], [ -0.777222275733948, 54.556381225585938 ], [ -0.480833411216736, 54.4033203125 ], [ -0.381944507360458, 54.255550384521484 ], [ -0.078611120581627, 54.116649627685547 ], [ -0.202777802944183, 54.054710388183594 ], [ -0.216388896107674, 54.022491455078125 ], [ -0.134444400668144, 53.873050689697266 ], [ 0.154166594147682, 53.600818634033203 ], [ -0.207777798175812, 53.699428558349609 ], [ -0.26666671037674, 53.734439849853516 ], [ -0.653333425521851, 53.702770233154297 ], [ -0.259747087955475, 53.683620452880859 ], [ -0.117499999701977, 53.581928253173828 ], [ 0.235555499792099, 53.399429321289062 ], [ 0.351111114025116, 53.193878173828125 ], [ 0.341666609048843, 53.095829010009766 ], [ 0.010833330452442, 52.891651153564453 ], [ 0.383611112833023, 52.793048858642578 ], [ 0.53722208738327, 52.962490081787109 ], [ 1.27472198009491, 52.928050994873047 ], [ 1.645277976989746, 52.771099090576172 ], [ 1.742499947547913, 52.630550384521484 ], [ 1.733054995536804, 52.393039703369141 ], [ 1.639721989631653, 52.276371002197266 ], [ 1.588611006736755, 52.085540771484375 ], [ 1.333889007568359, 51.929149627685547 ], [ 1.174999952316284, 52.023880004882812 ], [ 1.158611059188843, 52.019710540771484 ], [ 1.259863018989563, 51.964801788330078 ], [ 1.076666951179504, 51.951099395751953 ], [ 1.290832996368408, 51.939159393310547 ], [ 1.20111095905304, 51.874439239501953 ], [ 1.2936110496521, 51.877490997314453 ], [ 1.223610997200012, 51.808879852294922 ], [ 1.111665964126587, 51.773319244384766 ], [ 1.004444003105164, 51.805538177490234 ], [ 0.93666660785675, 51.807769775390625 ], [ 0.849999904632568, 51.737491607666016 ], [ 0.70416671037674, 51.722209930419922 ], [ 0.758611083030701, 51.691379547119141 ], [ 0.918888807296753, 51.740550994873047 ], [ 0.953055500984192, 51.676929473876953 ], [ 0.953888773918152, 51.609989166259766 ], [ 0.80388879776001, 51.5283203125 ], [ 0.465000003576279, 51.503040313720703 ], [ 0.382777810096741, 51.450550079345703 ], [ 0.683888792991638, 51.472759246826172 ], [ 0.725277721881866, 51.455268859863281 ], [ 0.714444398880005, 51.436939239501953 ], [ 0.558055520057678, 51.411098480224609 ], [ 0.611666619777679, 51.37860107421875 ], [ 0.719166576862335, 51.416099548339844 ], [ 0.767777681350708, 51.357208251953125 ], [ 1.424165964126587, 51.392208099365234 ], [ 1.44221305847168, 51.347110748291016 ], [ 1.376667022705078, 51.319988250732422 ], [ 1.411110997200012, 51.201099395751953 ], [ 1.368888974189758, 51.135818481445312 ], [ 1.095556020736694, 51.072208404541016 ], [ 0.994444370269775, 51.016380310058594 ], [ 0.968611001968384, 50.972488403320312 ], [ 0.978610992431641, 50.917488098144531 ], [ 0.781388878822327, 50.935550689697266 ], [ 0.571944415569305, 50.849151611328125 ], [ 0.311388909816742, 50.782211303710938 ], [ 0.253888785839081, 50.738601684570312 ], [ -0.297500014305115, 50.818878173828125 ], [ -0.780833423137665, 50.727489471435547 ], [ -0.907222270965576, 50.770259857177734 ], [ -0.86388897895813, 50.800819396972656 ], [ -0.927222311496735, 50.839431762695312 ], [ -1.024999976158142, 50.840259552001953 ], [ -1.039167046546936, 50.791370391845703 ], [ -1.087777972221375, 50.7783203125 ], [ -1.091110944747925, 50.822208404541016 ], [ -1.148056030273438, 50.844440460205078 ], [ -1.11583399772644, 50.805271148681641 ], [ -1.137222051620483, 50.779430389404297 ], [ -1.380277991294861, 50.857490539550781 ], [ -1.313055992126465, 50.816661834716797 ], [ -1.331666946411133, 50.791370391845703 ], [ -1.527222037315369, 50.754428863525391 ], [ -1.561110973358154, 50.710819244384766 ], [ -1.678056001663208, 50.738880157470703 ], [ -2.061388969421387, 50.717491149902344 ], [ -1.938055992126465, 50.643039703369141 ], [ -1.958611011505127, 50.598598480224609 ], [ -2.394166946411133, 50.641651153564453 ], [ -2.464723110198975, 50.598320007324219 ], [ -2.423333883285522, 50.552761077880859 ], [ -2.458055973052979, 50.523319244384766 ], [ -2.479722023010254, 50.583881378173828 ], [ -2.762222051620483, 50.705539703369141 ], [ -2.907222032546997, 50.733318328857422 ], [ -3.381944894790649, 50.612770080566406 ], [ -3.460278034210205, 50.675540924072266 ], [ -3.4375, 50.604988098144531 ], [ -3.498888969421387, 50.53887939453125 ], [ -3.55333399772644, 50.425540924072266 ], [ -3.494999885559082, 50.386661529541016 ], [ -3.638056039810181, 50.302211761474609 ], [ -3.64833402633667, 50.224430084228516 ], [ -3.789443969726562, 50.212211608886719 ], [ -3.940834045410156, 50.312480926513672 ], [ -4.092501163482666, 50.322769165039062 ], [ -4.194167137145996, 50.405540466308594 ], [ -4.158889770507812, 50.457210540771484 ], [ -4.233334064483643, 50.434989929199219 ], [ -4.195556163787842, 50.321659088134766 ], [ -4.337501049041748, 50.366100311279297 ], [ -4.773056030273438, 50.286380767822266 ], [ -4.78694486618042, 50.235271453857422 ], [ -5.005000114440918, 50.143039703369141 ], [ -5.0350022315979, 50.197208404541016 ], [ -5.072500228881836, 50.134429931640625 ], [ -5.123333930969238, 50.095829010009766 ], [ -5.054999828338623, 50.061939239501953 ], [ -5.094167232513428, 50.009159088134766 ], [ -5.171390056610107, 49.988601684570312 ], [ -5.193056106567383, 49.955268859863281 ], [ -5.269166946411133, 50.042758941650391 ], [ -5.381945133209229, 50.103038787841797 ], [ -5.489445209503174, 50.127208709716797 ], [ -5.537499904632568, 50.113319396972656 ], [ -5.551945209503174, 50.059429168701172 ], [ -5.660000801086426, 50.035820007324219 ], [ -5.712778091430664, 50.053600311279297 ], [ -5.697779178619385, 50.149429321289062 ], [ -5.501389980316162, 50.216381072998047 ], [ -5.432777881622314, 50.192760467529297 ], [ -5.154167175292969, 50.342491149902344 ], [ -5.113611221313477, 50.410549163818359 ], [ -5.052221775054932, 50.422210693359375 ], [ -4.956666946411133, 50.556381225585938 ], [ -4.849722862243652, 50.512489318847656 ], [ -4.921945095062256, 50.582489013671875 ], [ -4.78583288192749, 50.592769622802734 ], [ -4.608890056610107, 50.756378173828125 ], [ -4.553612232208252, 50.785259246826172 ], [ -4.527223110198975, 51.009990692138672 ], [ -4.474722862243652, 51.014148712158203 ], [ -4.351388931274414, 50.989429473876953 ], [ -4.211945056915283, 51.070541381835938 ], [ -4.230000019073486, 51.186378479003906 ], [ -3.777223110198975, 51.243038177490234 ], [ -3.23888897895813, 51.188320159912109 ], [ -3.025278091430664, 51.190818786621094 ], [ -2.989722013473511, 51.346370697021484 ], [ -2.793056011199951, 51.480819702148438 ], [ -2.681389093399048, 51.523040771484375 ], [ -2.474999904632568, 51.721931457519531 ], [ -2.478888988494873, 51.740261077880859 ], [ -2.706666946411133, 51.584991455078125 ], [ -2.886945009231567, 51.539150238037109 ], [ -3.041388988494873, 51.520259857177734 ], [ -3.164443969726562, 51.454708099365234 ], [ -3.164166927337646, 51.409709930419922 ], [ -3.334167003631592, 51.379711151123047 ], [ -3.542778015136719, 51.397769927978516 ], [ -3.825556039810181, 51.595829010009766 ], [ -3.935832977294922, 51.612491607666016 ], [ -3.996112108230591, 51.596931457519531 ], [ -4.017221927642822, 51.552211761474609 ], [ -4.111945152282715, 51.564990997314453 ], [ -4.211667060852051, 51.531650543212891 ], [ -4.295279026031494, 51.556930541992188 ], [ -4.242777824401855, 51.637760162353516 ], [ -4.078055858612061, 51.646099090576172 ], [ -4.356112003326416, 51.735271453857422 ], [ -4.363334178924561, 51.783039093017578 ], [ -4.634167194366455, 51.727771759033203 ], [ -4.783333778381348, 51.631938934326172 ], [ -4.856667995452881, 51.641929626464844 ], [ -4.993889808654785, 51.606658935546875 ], [ -5.11583423614502, 51.673320770263672 ], [ -4.843889236450195, 51.706928253173828 ], [ -4.886110782623291, 51.7510986328125 ], [ -4.967223167419434, 51.701648712158203 ], [ -5.212778091430664, 51.731098175048828 ], [ -5.104444980621338, 51.770820617675781 ], [ -5.120000839233398, 51.845539093017578 ], [ -5.252501010894775, 51.869709014892578 ], [ -5.309444904327393, 51.861660003662109 ], [ -5.228888988494873, 51.923599243164062 ], [ -5.076944828033447, 51.996101379394531 ], [ -5.076388835906982, 52.021648406982422 ], [ -4.837778091430664, 52.014148712158203 ], [ -4.722777843475342, 52.113040924072266 ], [ -4.441389083862305, 52.164710998535156 ], [ -4.150278091430664, 52.315269470214844 ], [ -4.061388969421387, 52.476650238037109 ], [ -4.057500839233398, 52.523880004882812 ], [ -3.96666693687439, 52.536380767822266 ], [ -3.974721908569336, 52.551101684570312 ], [ -4.055555820465088, 52.540821075439453 ], [ -4.126389980316162, 52.601650238037109 ], [ -4.059444904327393, 52.699710845947266 ], [ -3.989166975021362, 52.731658935546875 ], [ -4.09833288192749, 52.756099700927734 ], [ -4.14833402633667, 52.798320770263672 ], [ -4.065556049346924, 52.915538787841797 ], [ -4.394999980926514, 52.890541076660156 ], [ -4.500555992126465, 52.829429626464844 ], [ -4.493055820465088, 52.796379089355469 ], [ -4.525278091430664, 52.778881072998047 ], [ -4.591945171356201, 52.815269470214844 ], [ -4.761879920959473, 52.788711547851562 ], [ -4.615001201629639, 52.916370391845703 ], [ -4.373055934906006, 53.022209167480469 ], [ -4.196667194366455, 53.206100463867188 ], [ -3.833889007568359, 53.282489776611328 ], [ -3.877500057220459, 53.331100463867188 ], [ -3.613333940505981, 53.279148101806641 ], [ -3.37611198425293, 53.344989776611328 ], [ -3.315278053283691, 53.346660614013672 ], [ -3.087500095367432, 53.230258941650391 ], [ -3.119999885559082, 53.315540313720703 ], [ -3.190556049346924, 53.381099700927734 ], [ -3.072777986526489, 53.425270080566406 ], [ -3.027223110198975, 53.423320770263672 ], [ -2.942500114440918, 53.310550689697266 ], [ -2.786389112472534, 53.289989471435547 ], [ -2.702500104904175, 53.346370697021484 ], [ -2.833611011505127, 53.320541381835938 ], [ -2.954166889190674, 53.360271453857422 ], [ -3.107778072357178, 53.551658630371094 ], [ -2.946110963821411, 53.706100463867188 ], [ -2.897778034210205, 53.726650238037109 ], [ -3.021667003631592, 53.739711761474609 ], [ -3.058056116104126, 53.780818939208984 ], [ -3.052500009536743, 53.909431457519531 ], [ -2.871388912200928, 53.998878479003906 ], [ -2.920278072357178, 54.0252685546875 ], [ -2.799444913864136, 54.114711761474609 ], [ -2.857778072357178, 54.186100006103516 ], [ -2.803611040115356, 54.243598937988281 ], [ -2.926666975021362, 54.155269622802734 ], [ -2.984999895095825, 54.148601531982422 ], [ -3.037499904632568, 54.224430084228516 ], [ -3.138611078262329, 54.067211151123047 ], [ -3.230834007263184, 54.100818634033203 ], [ -3.248888969421387, 54.164989471435547 ], [ -3.208611011505127, 54.199710845947266 ], [ -3.208611011505127, 54.261100769042969 ], [ -3.24416708946228, 54.192489624023438 ], [ -3.316667079925537, 54.191379547119141 ], [ -3.40944504737854, 54.276660919189453 ], [ -3.412221908569336, 54.341648101806641 ], [ -3.627223014831543, 54.502769470214844 ], [ -3.509166955947876, 54.7127685546875 ], [ -3.43861198425293, 54.759159088134766 ], [ -3.391944885253906, 54.876380920410156 ], [ -3.339723110198975, 54.901660919189453 ], [ -3.292222023010254, 54.873600006103516 ], [ -3.259166955947876, 54.898880004882812 ], [ -3.316667079925537, 54.913600921630859 ], [ -3.208611011505127, 54.949428558349609 ], [ -3.087778091430664, 54.951381683349609 ], [ -3.041388988494873, 54.978870391845703 ], [ -3.575556039810181, 54.978321075439453 ], [ -3.569444894790649, 54.891101837158203 ], [ -3.8125, 54.848880767822266 ], [ -3.953888893127441, 54.767490386962891 ], [ -4.043190956115723, 54.768539428710938 ], [ -4.066389083862305, 54.831100463867188 ], [ -4.089168071746826, 54.768318176269531 ], [ -4.196667194366455, 54.804710388183594 ], [ -4.204721927642822, 54.863040924072266 ], [ -4.261944770812988, 54.836380004882812 ], [ -4.37611198425293, 54.879161834716797 ], [ -4.393332958221436, 54.908039093017578 ], [ -4.429444789886475, 54.872211456298828 ], [ -4.411388874053955, 54.825820922851562 ], [ -4.340279102325439, 54.800819396972656 ], [ -4.348055839538574, 54.699161529541016 ], [ -4.37611198425293, 54.676658630371094 ], [ -4.549445152282715, 54.732490539550781 ], [ -4.695556163787842, 54.809711456298828 ], [ -4.852221965789795, 54.868598937988281 ], [ -4.955277919769287, 54.808601379394531 ], [ -4.856945037841797, 54.634429931640625 ], [ -4.922501087188721, 54.640541076660156 ], [ -4.963612079620361, 54.680271148681641 ], [ -5.005279064178467, 54.766929626464844 ], [ -5.164445877075195, 54.884990692138672 ], [ -5.178612232208252, 54.984710693359375 ], [ -5.105278015136719, 55.023880004882812 ], [ -5.057500839233398, 54.921379089355469 ], [ -5.013611793518066, 54.905540466308594 ], [ -4.99138879776001, 54.925540924072266 ], [ -5.051390171051025, 55.023040771484375 ], [ -5.013611793518066, 55.131649017333984 ], [ -4.841667175292969, 55.2752685546875 ], [ -4.819723129272461, 55.330539703369141 ], [ -4.613890171051025, 55.486370086669922 ], [ -4.695001125335693, 55.60443115234375 ], [ -4.91722297668457, 55.704708099365234 ], [ -4.859445095062256, 55.746379852294922 ], [ -4.88139009475708, 55.932209014892578 ], [ -4.786666870117188, 55.959709167480469 ], [ -4.525278091430664, 55.929988861083984 ], [ -4.764999866485596, 56.007209777832031 ], [ -4.833333969116211, 56.080818176269531 ], [ -4.825277805328369, 56.027759552001953 ], [ -4.775834083557129, 55.979709625244141 ], [ -4.848888874053955, 55.982490539550781 ], [ -4.873888969421387, 56.049430847167969 ], [ -4.746111869812012, 56.199710845947266 ], [ -4.858890056610107, 56.107490539550781 ], [ -4.886110782623291, 56.116939544677734 ], [ -4.891110897064209, 56.169158935546875 ], [ -4.918334007263184, 56.164440155029297 ], [ -4.895833969116211, 55.986099243164062 ], [ -4.978888988494873, 55.866100311279297 ], [ -5.040832996368408, 55.874980926513672 ], [ -5.124752044677734, 55.978229522705078 ], [ -5.077499866485596, 55.913600921630859 ], [ -5.091667175292969, 55.899429321289062 ], [ -5.184444904327393, 55.965549468994141 ], [ -5.238890171051025, 55.893039703369141 ], [ -5.202777862548828, 55.833599090576172 ], [ -5.30333423614502, 55.850551605224609 ], [ -5.335278987884521, 55.989711761474609 ], [ -5.202777862548828, 56.117210388183594 ], [ -4.975833892822266, 56.245269775390625 ], [ -5.286111831665039, 56.084991455078125 ], [ -5.377223968505859, 56.005821228027344 ], [ -5.445556163787842, 56.022769927978516 ], [ -5.421390056610107, 55.914150238037109 ], [ -5.318611145019531, 55.786651611328125 ], [ -5.383889198303223, 55.747760772705078 ], [ -5.486667156219482, 55.643039703369141 ], [ -5.50972318649292, 55.484710693359375 ], [ -5.587223052978516, 55.417488098144531 ], [ -5.5188889503479, 55.368038177490234 ], [ -5.567223072052002, 55.316661834716797 ], [ -5.752778053283691, 55.29193115234375 ], [ -5.786111831665039, 55.301380157470703 ], [ -5.795279026031494, 55.386100769042969 ], [ -5.721110820770264, 55.436649322509766 ], [ -5.680555820465088, 55.673038482666016 ], [ -5.536666870117188, 55.786098480224609 ], [ -5.632778167724609, 55.779708862304688 ], [ -5.670000076293945, 55.838871002197266 ], [ -5.573890209197998, 55.928321838378906 ], [ -5.676667213439941, 55.883041381835938 ], [ -5.690834045410156, 55.924160003662109 ], [ -5.570834159851074, 56.037208557128906 ], [ -5.669445037841797, 55.981380462646484 ], [ -5.694445133209229, 55.933319091796875 ], [ -5.710556030273438, 55.960819244384766 ], [ -5.511944770812988, 56.181659698486328 ], [ -5.554444789886475, 56.171939849853516 ], [ -5.55722188949585, 56.230819702148438 ], [ -5.492777824401855, 56.253879547119141 ], [ -5.593889236450195, 56.249439239501953 ], [ -5.569445133209229, 56.331928253173828 ], [ -5.446667194366455, 56.446380615234375 ], [ -5.220833778381348, 56.435821533203125 ], [ -5.069028854370117, 56.557079315185547 ], [ -5.203055858612061, 56.454151153564453 ], [ -5.396667003631592, 56.455268859863281 ], [ -5.414444923400879, 56.500541687011719 ], [ -5.458055973052979, 56.468318939208984 ], [ -5.42833423614502, 56.528598785400391 ], [ -5.28249979019165, 56.544158935546875 ], [ -5.411388874053955, 56.543880462646484 ], [ -5.303055763244629, 56.664440155029297 ], [ -4.994444847106934, 56.710269927978516 ], [ -5.210556030273438, 56.701381683349609 ], [ -5.226110935211182, 56.732490539550781 ], [ -5.121944904327393, 56.812770843505859 ], [ -5.650556087493896, 56.502769470214844 ], [ -5.930555820465088, 56.569709777832031 ], [ -6.009445190429688, 56.621929168701172 ], [ -5.993055820465088, 56.647491455078125 ], [ -5.567500114440918, 56.694149017333984 ], [ -6.147222995758057, 56.680820465087891 ], [ -6.209167003631592, 56.684158325195312 ], [ -6.235001087188721, 56.710269927978516 ], [ -6.152223110198975, 56.755821228027344 ], [ -5.785555839538574, 56.790821075439453 ], [ -5.856667995452881, 56.813041687011719 ], [ -5.793056011199951, 56.838039398193359 ], [ -5.738890171051025, 56.888881683349609 ], [ -5.87611198425293, 56.911098480224609 ], [ -5.829721927642822, 57.000820159912109 ], [ -5.732779026031494, 57.019428253173828 ], [ -5.649167060852051, 56.972759246826172 ], [ -5.675834178924561, 57.035549163818359 ], [ -5.784444808959961, 57.049430847167969 ], [ -5.781389236450195, 57.074989318847656 ], [ -5.654167175292969, 57.123050689697266 ], [ -5.400001049041748, 57.105819702148438 ], [ -5.667500019073486, 57.142768859863281 ], [ -5.675556182861328, 57.171100616455078 ], [ -5.637221813201904, 57.244430541992188 ], [ -5.53694486618042, 57.269989013671875 ], [ -5.450000762939453, 57.221370697021484 ], [ -5.475833892822266, 57.258598327636719 ], [ -5.508612155914307, 57.272769927978516 ], [ -5.457499980926514, 57.319709777832031 ], [ -5.702499866485596, 57.280818939208984 ], [ -5.690556049346924, 57.340549468994141 ], [ -5.520833969116211, 57.359149932861328 ], [ -5.452777862548828, 57.396099090576172 ], [ -5.458055973052979, 57.421649932861328 ], [ -5.553612232208252, 57.357769012451172 ], [ -5.636110782623291, 57.369430541992188 ], [ -5.606667995452881, 57.388050079345703 ], [ -5.620277881622314, 57.414989471435547 ], [ -5.74083423614502, 57.346660614013672 ], [ -5.783610820770264, 57.341930389404297 ], [ -5.825277805328369, 57.383041381835938 ], [ -5.851944923400879, 57.53887939453125 ], [ -5.839723110198975, 57.572769165039062 ], [ -5.635834217071533, 57.525829315185547 ], [ -5.511944770812988, 57.531650543212891 ], [ -5.521667003631592, 57.549430847167969 ], [ -5.715000152587891, 57.578880310058594 ], [ -5.810555934906006, 57.637760162353516 ], [ -5.785277843475342, 57.695270538330078 ], [ -5.688055992126465, 57.687480926513672 ], [ -5.708055973052979, 57.728038787841797 ], [ -5.805555820465088, 57.743320465087891 ], [ -5.805555820465088, 57.848320007324219 ], [ -5.716945171356201, 57.869430541992188 ], [ -5.668889045715332, 57.825550079345703 ], [ -5.66194486618042, 57.786098480224609 ], [ -5.585278987884521, 57.781101226806641 ], [ -5.580832958221436, 57.829990386962891 ], [ -5.650556087493896, 57.888320922851562 ], [ -5.61138916015625, 57.923599243164062 ], [ -5.472777843475342, 57.848598480224609 ], [ -5.425279140472412, 57.902488708496094 ], [ -5.222221851348877, 57.843879699707031 ], [ -5.338889122009277, 57.920818328857422 ], [ -5.077499866485596, 57.828601837158203 ], [ -5.135556221008301, 57.885269165039062 ], [ -5.21999979019165, 57.919158935546875 ], [ -5.186388969421387, 57.94110107421875 ] ] ] ] } },
{ "type": "Feature", "properties": { }, "geometry": { "type": "Polygon", "coordinates": [ [ [ 19.038190841674805, 45.967601776123047 ], [ 19.083890914916992, 46.019428253173828 ], [ 19.123880386352539, 46.023601531982422 ], [ 19.155269622802734, 45.987209320068359 ], [ 19.249710083007812, 45.993320465087891 ], [ 19.570550918579102, 46.173599243164062 ], [ 19.710819244384766, 46.174991607666016 ], [ 19.807220458984375, 46.128040313720703 ], [ 20.118320465087891, 46.16693115234375 ], [ 20.261140823364258, 46.115329742431641 ], [ 20.378049850463867, 45.978031158447266 ], [ 20.591659545898438, 45.894149780273438 ], [ 20.721660614013672, 45.74053955078125 ], [ 20.795829772949219, 45.769149780273438 ], [ 20.804719924926758, 45.744148254394531 ], [ 20.767219543457031, 45.605819702148438 ], [ 20.823879241943359, 45.537208557128906 ], [ 20.783050537109375, 45.484710693359375 ], [ 20.986660003662109, 45.345821380615234 ], [ 21.485269546508789, 45.180820465087891 ], [ 21.51276969909668, 45.123310089111328 ], [ 21.377399444580078, 44.994968414306641 ], [ 21.551389694213867, 44.92803955078125 ], [ 21.552770614624023, 44.890819549560547 ], [ 21.366100311279297, 44.864429473876953 ], [ 21.360979080200195, 44.822608947753906 ], [ 21.400270462036133, 44.780818939208984 ], [ 21.565549850463867, 44.771648406982422 ], [ 21.600269317626953, 44.75360107421875 ], [ 21.622770309448242, 44.672210693359375 ], [ 21.988880157470703, 44.636928558349609 ], [ 22.084440231323242, 44.503040313720703 ], [ 22.146379470825195, 44.479148864746094 ], [ 22.206659317016602, 44.524990081787109 ], [ 22.313610076904297, 44.664150238037109 ], [ 22.436380386352539, 44.714431762695312 ], [ 22.753599166870117, 44.569149017333984 ], [ 22.76361083984375, 44.547489166259766 ], [ 22.699440002441406, 44.522480010986328 ], [ 22.609439849853516, 44.552211761474609 ], [ 22.459989547729492, 44.482200622558594 ], [ 22.53693962097168, 44.336368560791016 ], [ 22.691930770874023, 44.243061065673828 ], [ 22.616659164428711, 44.172760009765625 ], [ 22.622499465942383, 44.070819854736328 ], [ 22.416929244995117, 44.006938934326172 ], [ 22.359439849853516, 43.816928863525391 ], [ 22.48859977722168, 43.623310089111328 ], [ 22.546390533447266, 43.470260620117188 ], [ 22.769710540771484, 43.383598327636719 ], [ 22.849720001220703, 43.282199859619141 ], [ 23.006940841674805, 43.199989318847656 ], [ 22.993330001831055, 43.145259857177734 ], [ 22.733329772949219, 42.88970947265625 ], [ 22.585830688476562, 42.89276123046875 ], [ 22.440830230712891, 42.818599700927734 ], [ 22.461940765380859, 42.793880462646484 ], [ 22.438600540161133, 42.574710845947266 ], [ 22.484989166259766, 42.555820465087891 ], [ 22.558050155639648, 42.479148864746094 ], [ 22.519439697265625, 42.399150848388672 ], [ 22.369419097900391, 42.322933197021484 ], [ 22.324399948120117, 42.361400604248047 ], [ 22.221900939941406, 42.341701507568359 ], [ 22.194999694824219, 42.315299987792969 ], [ 22.124700546264648, 42.319698333740234 ], [ 22.08329963684082, 42.30059814453125 ], [ 21.995800018310547, 42.325599670410156 ], [ 21.926399230957031, 42.30670166015625 ], [ 21.850299835205078, 42.330799102783203 ], [ 21.804399490356445, 42.300800323486328 ], [ 21.788600921630859, 42.263301849365234 ], [ 21.738300323486328, 42.237499237060547 ], [ 21.609775543212891, 42.253181457519531 ], [ 21.557199478149414, 42.243598937988281 ], [ 21.510000228881836, 42.264701843261719 ], [ 21.459999084472656, 42.262500762939453 ], [ 21.439399719238281, 42.229698181152344 ], [ 21.348100662231445, 42.195598602294922 ], [ 21.306100845336914, 42.151401519775391 ], [ 21.32859992980957, 42.108100891113281 ], [ 21.313100814819336, 42.093601226806641 ], [ 21.248300552368164, 42.099700927734375 ], [ 21.215299606323242, 42.150001525878906 ], [ 21.141899108886719, 42.198101043701172 ], [ 21.104700088500977, 42.198898315429688 ], [ 21.033599853515625, 42.151100158691406 ], [ 20.792800903320312, 42.082500457763672 ], [ 20.759199142456055, 41.993301391601562 ], [ 20.777200698852539, 41.92559814453125 ], [ 20.733100891113281, 41.863899230957031 ], [ 20.702499389648438, 41.856098175048828 ], [ 20.670000076293945, 41.871898651123047 ], [ 20.63170051574707, 41.855800628662109 ], [ 20.58964729309082, 41.884552001953125 ], [ 20.620830535888672, 41.949710845947266 ], [ 20.526100158691406, 42.211650848388672 ], [ 20.351659774780273, 42.324428558349609 ], [ 20.252220153808594, 42.324428558349609 ], [ 20.168600082397461, 42.506938934326172 ], [ 20.064159393310547, 42.563041687011719 ], [ 19.830270767211914, 42.469699859619141 ], [ 19.746660232543945, 42.543048858642578 ], [ 19.755830764770508, 42.63970947265625 ], [ 19.717489242553711, 42.661369323730469 ], [ 19.635829925537109, 42.606090545654297 ], [ 19.282489776611328, 42.185539245605469 ], [ 19.398330688476562, 42.108318328857422 ], [ 19.368459701538086, 41.849319458007812 ], [ 19.140270233154297, 41.993598937988281 ], [ 19.13861083984375, 42.043319702148438 ], [ 18.891660690307617, 42.262760162353516 ], [ 18.793329238891602, 42.281379699707031 ], [ 18.692489624023438, 42.350818634033203 ], [ 18.684160232543945, 42.382770538330078 ], [ 18.565830230712891, 42.402759552001953 ], [ 18.556110382080078, 42.431381225585938 ], [ 18.702499389648438, 42.393318176269531 ], [ 18.688880920410156, 42.478321075439453 ], [ 18.61305046081543, 42.437770843505859 ], [ 18.510255813598633, 42.44940185546875 ], [ 18.460300445556641, 42.486900329589844 ], [ 18.455289840698242, 42.564521789550781 ], [ 18.553899765014648, 42.621101379394531 ], [ 18.577499389648438, 42.654998779296875 ], [ 18.560300827026367, 42.712200164794922 ], [ 18.515800476074219, 42.731098175048828 ], [ 18.454700469970703, 42.828601837158203 ], [ 18.490800857543945, 42.861698150634766 ], [ 18.48390007019043, 42.971900939941406 ], [ 18.535600662231445, 43.017200469970703 ], [ 18.649999618530273, 43.044200897216797 ], [ 18.659200668334961, 43.080299377441406 ], [ 18.643899917602539, 43.139198303222656 ], [ 18.707500457763672, 43.214401245117188 ], [ 18.697799682617188, 43.252498626708984 ], [ 18.855800628662109, 43.332801818847656 ], [ 18.847499847412109, 43.348899841308594 ], [ 18.919399261474609, 43.356899261474609 ], [ 18.960300445556641, 43.322799682617188 ], [ 18.954200744628906, 43.293300628662109 ], [ 18.981399536132812, 43.284198760986328 ], [ 19.016700744628906, 43.239200592041016 ], [ 19.048099517822266, 43.232498168945312 ], [ 19.072200775146484, 43.248100280761719 ], [ 19.091100692749023, 43.316398620605469 ], [ 19.020599365234375, 43.391899108886719 ], [ 19.023099899291992, 43.435600280761719 ], [ 18.956699371337891, 43.454399108886719 ], [ 18.949399948120117, 43.5093994140625 ], [ 18.986900329589844, 43.522201538085938 ], [ 19.011699676513672, 43.556098937988281 ], [ 19.053899765014648, 43.535598754882812 ], [ 19.069999694824219, 43.508598327636719 ], [ 19.176700592041016, 43.529399871826172 ], [ 19.22920036315918, 43.513301849365234 ], [ 19.287500381469727, 43.544200897216797 ], [ 19.315799713134766, 43.593299865722656 ], [ 19.371700286865234, 43.616401672363281 ], [ 19.408599853515625, 43.584400177001953 ], [ 19.511100769042969, 43.573299407958984 ], [ 19.49169921875, 43.590801239013672 ], [ 19.510799407958984, 43.679698944091797 ], [ 19.487499237060547, 43.763301849365234 ], [ 19.250600814819336, 43.962200164794922 ], [ 19.23859977722168, 44.013599395751953 ], [ 19.373600006103516, 43.965599060058594 ], [ 19.508100509643555, 43.958099365234375 ], [ 19.619199752807617, 44.018600463867188 ], [ 19.619699478149414, 44.051898956298828 ], [ 19.595800399780273, 44.067798614501953 ], [ 19.567800521850586, 44.051399230957031 ], [ 19.558300018310547, 44.070301055908203 ], [ 19.503900527954102, 44.089401245117188 ], [ 19.469699859619141, 44.128101348876953 ], [ 19.476699829101562, 44.151901245117188 ], [ 19.442499160766602, 44.142200469970703 ], [ 19.358299255371094, 44.184398651123047 ], [ 19.318899154663086, 44.272499084472656 ], [ 19.239400863647461, 44.264701843261719 ], [ 19.201900482177734, 44.292499542236328 ], [ 19.165300369262695, 44.284400939941406 ], [ 19.10420036315918, 44.355800628662109 ], [ 19.110000610351562, 44.399200439453125 ], [ 19.138900756835938, 44.413898468017578 ], [ 19.146699905395508, 44.438301086425781 ], [ 19.125299453735352, 44.518299102783203 ], [ 19.190799713134766, 44.548301696777344 ], [ 19.186100006103516, 44.576400756835938 ], [ 19.217199325561523, 44.590000152587891 ], [ 19.270299911499023, 44.680000305175781 ], [ 19.313600540161133, 44.704399108886719 ], [ 19.345800399780273, 44.769199371337891 ], [ 19.335300445556641, 44.779701232910156 ], [ 19.360799789428711, 44.831401824951172 ], [ 19.355300903320312, 44.852798461914062 ], [ 19.382200241088867, 44.862800598144531 ], [ 19.354585647583008, 44.893497467041016 ], [ 19.250299453735352, 44.915798187255859 ], [ 19.208599090576172, 44.901401519775391 ], [ 19.176700592041016, 44.923301696777344 ], [ 19.03809928894043, 44.860599517822266 ], [ 19.00469970703125, 44.900299072265625 ], [ 19.013599395751953, 44.916698455810547 ], [ 19.036699295043945, 44.932498931884766 ], [ 19.076099395751953, 44.909400939941406 ], [ 19.145299911499023, 44.951099395751953 ], [ 19.142799377441406, 44.982200622558594 ], [ 19.105300903320312, 44.983898162841797 ], [ 19.115299224853516, 45.036098480224609 ], [ 19.10420036315918, 45.096698760986328 ], [ 19.081699371337891, 45.1260986328125 ], [ 19.138099670410156, 45.129199981689453 ], [ 19.160600662231445, 45.145801544189453 ], [ 19.18079948425293, 45.173599243164062 ], [ 19.163600921630859, 45.212200164794922 ], [ 19.223100662231445, 45.208599090576172 ], [ 19.261699676513672, 45.180301666259766 ], [ 19.298599243164062, 45.203601837158203 ], [ 19.318899154663086, 45.199699401855469 ], [ 19.32859992980957, 45.175800323486328 ], [ 19.423900604248047, 45.184398651123047 ], [ 19.417800903320312, 45.235599517822266 ], [ 19.260299682617188, 45.247200012207031 ], [ 19.253900527954102, 45.273899078369141 ], [ 19.194999694824219, 45.268600463867188 ], [ 19.128900527954102, 45.290599822998047 ], [ 19.100799560546875, 45.308101654052734 ], [ 19.085300445556641, 45.347801208496094 ], [ 19.038600921630859, 45.348598480224609 ], [ 18.982500076293945, 45.375801086425781 ], [ 18.981399536132812, 45.396400451660156 ], [ 19.035800933837891, 45.410301208496094 ], [ 18.994400024414062, 45.451698303222656 ], [ 18.999700546264648, 45.490798950195312 ], [ 19.083099365234375, 45.487800598144531 ], [ 19.10059928894043, 45.512199401855469 ], [ 19.034400939941406, 45.542198181152344 ], [ 19.02440071105957, 45.560798645019531 ], [ 18.948299407958984, 45.537799835205078 ], [ 18.901899337768555, 45.570301055908203 ], [ 18.908100128173828, 45.61669921875 ], [ 18.968900680541992, 45.667198181152344 ], [ 18.909200668334961, 45.713298797607422 ], [ 18.956100463867188, 45.736099243164062 ], [ 18.958599090576172, 45.778099060058594 ], [ 18.933300018310547, 45.782501220703125 ], [ 18.924400329589844, 45.811901092529297 ], [ 18.859199523925781, 45.847198486328125 ], [ 18.828100204467773, 45.896675109863281 ], [ 19.038190841674805, 45.967601776123047 ] ] ] } }
]
}
