{
"type": "FeatureCollection",
"name": "gcc_toilets",
"crs": { "type": "name", "properties": { "name": "urn:ogc:def:crs:OGC:1.3:CRS84" } },
"features": [
{ "type": "Feature", "properties": { "corporation": "Chennai", "region": "Central", "zone_no": "10", "ward_no": "133", "road_id": "84644", "street_name": "Nageswara Rao Road", "area_name": "T.Nagar(N133)", "area_id": "69055", "locality_name": "T.Nagar(N133)", "locality_id": "70428", "layer_id": 1583.0, "object_id": 1.0 }, "geometry": { "type": "Point", "coordinates": [ 80.2324, 13.041 ] } },
{ "type": "Feature", "properties": { "corporation": "Chennai", "region": "Central", "zone_no": "10", "ward_no": "133", "road_id": "76176", "street_name": "Venkatanarayana Road", "area_name": "T.Nagar(N133)", "area_id": "69055", "locality_name": "T.Nagar(N133)", "locality_id": "70428", "layer_id": 1583.0, "object_id": 2.0 }, "geometry": { "type": "Point", "coordinates": [ 80.236, 13.0368 ] } },
{ "type": "Feature", "properties": { "corporation": "Chennai", "region": "Central", "zone_no": "10", "ward_no": "133", "road_id": "84221", "street_name": "Railway Border Road", "area_name": "T.Nagar(N133)", "area_id": "69055", "locality_name": "T.Nagar(N133)", "locality_id": "70428", "layer_id": 1583.0, "object_id": 3.0 }, "geometry": { "type": "Point", "coordinates": [ 80.2278, 13.0372 ] } },
{ "type": "Feature", "properties": { "corporation": "Chennai", "region": "Central", "zone_no": "10", "ward_no": "133", "road_id": "80220", "street_name": "Jawaharlal Nehru Street", "area_name": "T.Nagar(N133)", "area_id": "69055", "locality_name": "T.Nagar(N133)", "locality_id": "70428", "layer_id": 1583.0, "object_id": 4.0 }, "geometry": { "type": "Point", "coordinates": [ 80.2296, 13.0438 ] } },
{ "type": "Feature", "properties": { "corporation": "Chennai", "region": "Central", "zone_no": "10", "ward_no": "133", "road_id": "76163", "street_name": "Rajipillai Thottam", "area_name": "T.Nagar(N133)", "area_id": "69055", "locality_name": "T.Nagar(N133)", "locality_id": "70428", "layer_id": 1583.0, "object_id": 5.0 }, "geometry": { "type": "Point", "coordinates": [ 80.2318, 13.0455 ] } },
{ "type": "Feature", "properties": { "corporation": "Chennai", "region": "Central", "zone_no": "10", "ward_no": "131", "road_id": "84939", "street_name": "61st Street", "area_name": "Ashok Nagar(N131)", "area_id": "69107", "locality_name": "Nallankuppam(N131)", "locality_id": "70246", "layer_id": 1583.0, "object_id": 6.0 }, "geometry": { "type": "Point", "coordinates": [ 80.2171, 13.0327 ] } },
{ "type": "Feature", "properties": { "corporation": "Chennai", "region": "Central", "zone_no": "10", "ward_no": "131", "road_id": null, "street_name": "N.S.K Salai", "area_name": "Kodambakkam(N131)", "area_id": "69178", "locality_name": "V.O.C. Nagar(N131)", "locality_id": "70785", "layer_id": 1583.0, "object_id": 7.0 }, "geometry": { "type": "Point", "coordinates": [ 80.2168, 13.0514 ] } },
{ "type": "Feature", "properties": { "corporation": "Chennai", "region": "Central", "zone_no": "10", "ward_no": "131", "road_id": "75701", "street_name": "Palayakaran Street", "area_name": "Vadapalani(N131)", "area_id": "69179", "locality_name": "Vadapalani(N131)", "locality_id": "70782", "layer_id": 1583.0, "object_id": 8.0 }, "geometry": { "type": "Point", "coordinates": [ 80.219, 13.0518 ] } },
{ "type": "Feature", "properties": { "corporation": "Chennai", "region": "Central", "zone_no": "10", "ward_no": "132", "road_id": "84232", "street_name": "Corporation Colony Road", "area_name": "Kodambakkam", "area_id": "277", "locality_name": "Kodambakkam(N132)", "locality_id": "69358", "layer_id": 1583.0, "object_id": 9.0 }, "geometry": { "type": "Point", "coordinates": [ 80.2217, 13.0518 ] } },
{ "type": "Feature", "properties": { "corporation": "Chennai", "region": "Central", "zone_no": "10", "ward_no": "132", "road_id": "75678", "street_name": "Rangarajapuram Main Road", "area_name": "Kodambakkam", "area_id": "277", "locality_name": "Kodambakkam(N132)", "locality_id": "69358", "layer_id": 1583.0, "object_id": 10.0 }, "geometry": { "type": "Point", "coordinates": [ 80.2221, 13.0477 ] } },
{ "type": "Feature", "properties": { "corporation": "Chennai", "region": "Central", "zone_no": "10", "ward_no": "132", "road_id": "76201", "street_name": "Gopalamenon Street", "area_name": "Kodambakkam", "area_id": "277", "locality_name": "Kodambakkam(N132)", "locality_id": "69358", "layer_id": 1583.0, "object_id": 11.0 }, "geometry": { "type": "Point", "coordinates": [ 80.2274, 13.0507 ] } },
{ "type": "Feature", "properties": { "corporation": "Chennai", "region": "Central", "zone_no": "10", "ward_no": "132", "road_id": "76192", "street_name": "Akbarabad II Street", "area_name": "Kodambakkam", "area_id": "277", "locality_name": "Kodambakkam(N132)", "locality_id": "69358", "layer_id": 1583.0, "object_id": 12.0 }, "geometry": { "type": "Point", "coordinates": [ 80.2276, 13.049 ] } },
{ "type": "Feature", "properties": { "corporation": "Chennai", "region": "Central", "zone_no": "10", "ward_no": "132", "road_id": "76192", "street_name": "Akbarabad II Street", "area_name": "Kodambakkam", "area_id": "277", "locality_name": "Kodambakkam(N132)", "locality_id": "69358", "layer_id": 1583.0, "object_id": 13.0 }, "geometry": { "type": "Point", "coordinates": [ 80.2282, 13.0521 ] } },
{ "type": "Feature", "properties": { "corporation": "Chennai", "region": "Central", "zone_no": "10", "ward_no": "132", "road_id": "81861", "street_name": "Railway Border Road", "area_name": "Kodambakkam", "area_id": "277", "locality_name": "Kodambakkam(N132)", "locality_id": "69358", "layer_id": 1583.0, "object_id": 14.0 }, "geometry": { "type": "Point", "coordinates": [ 80.2297, 13.0461 ] } },
{ "type": "Feature", "properties": { "corporation": "Chennai", "region": "Central", "zone_no": "10", "ward_no": "132", "road_id": "80552", "street_name": "Corporation Colony 60 Huts", "area_name": "Kodambakkam", "area_id": "277", "locality_name": "Rangarajapuram(N132)", "locality_id": "71376", "layer_id": 1583.0, "object_id": 15.0 }, "geometry": { "type": "Point", "coordinates": [ 80.2251, 13.046 ] } },
{ "type": "Feature", "properties": { "corporation": "Chennai", "region": "Central", "zone_no": "10", "ward_no": "134", "road_id": "90735", "street_name": "Subway Approach Road", "area_name": "West Mambalam", "area_id": "236", "locality_name": "West Mambalam", "locality_id": "709", "layer_id": 1583.0, "object_id": 16.0 }, "geometry": { "type": "Point", "coordinates": [ 80.2283, 13.0412 ] } },
{ "type": "Feature", "properties": { "corporation": "Chennai", "region": "Central", "zone_no": "10", "ward_no": "134", "road_id": "90972", "street_name": "Service Road (Both Sides)", "area_name": "West Mambalam", "area_id": "236", "locality_name": "West Mambalam", "locality_id": "709", "layer_id": 1583.0, "object_id": 17.0 }, "geometry": { "type": "Point", "coordinates": [ 80.2268, 13.0356 ] } },
{ "type": "Feature", "properties": { "corporation": "Chennai", "region": "North", "zone_no": "04", "ward_no": "038", "road_id": "8202", "street_name": "Ennore High Road", "area_name": "Tondiarpet", "area_id": "263", "locality_name": "Tondiarpet", "locality_id": "1120", "layer_id": 1583.0, "object_id": 18.0 }, "geometry": { "type": "Point", "coordinates": [ 80.2833, 13.143 ] } },
{ "type": "Feature", "properties": { "corporation": "Chennai", "region": "North", "zone_no": "04", "ward_no": "042", "road_id": "3426", "street_name": "T.H Road (Service Lane)", "area_name": "Old Washermenpet", "area_id": "265", "locality_name": "Old Washermenpet", "locality_id": "706", "layer_id": 1583.0, "object_id": 19.0 }, "geometry": { "type": "Point", "coordinates": [ 80.2872, 13.1231 ] } },
{ "type": "Feature", "properties": { "corporation": "Chennai", "region": "North", "zone_no": "04", "ward_no": "042", "road_id": "8331", "street_name": "Kailasam Street (Alias) Ellaya 2nd Lane", "area_name": "Tondiarpet", "area_id": "263", "locality_name": "Tondiarpet", "locality_id": "1120", "layer_id": 1583.0, "object_id": 20.0 }, "geometry": { "type": "Point", "coordinates": [ 80.2857, 13.1267 ] } },
{ "type": "Feature", "properties": { "corporation": "Chennai", "region": "North", "zone_no": "04", "ward_no": "042", "road_id": "92082", "street_name": "Thiyagappa Street", "area_name": "Korukkupet", "area_id": "208", "locality_name": "Korukkupet", "locality_id": "921", "layer_id": 1583.0, "object_id": 21.0 }, "geometry": { "type": "Point", "coordinates": [ 80.2799, 13.1182 ] } },
{ "type": "Feature", "properties": { "corporation": "Chennai", "region": "North", "zone_no": "04", "ward_no": "042", "road_id": "90950", "street_name": "Pitty Munusamy Street", "area_name": "Korukkupet", "area_id": "208", "locality_name": "Korukkupet", "locality_id": "921", "layer_id": 1583.0, "object_id": 22.0 }, "geometry": { "type": "Point", "coordinates": [ 80.2775, 13.1171 ] } },
{ "type": "Feature", "properties": { "corporation": "Chennai", "region": "North", "zone_no": "01", "ward_no": "009", "road_id": "55663", "street_name": "PALANI ANDAVAR NNAGAR", "area_name": "TIRUVOTTRIYUR", "area_id": "19154", "locality_name": "THERADY", "locality_id": "19292", "layer_id": 1583.0, "object_id": 23.0 }, "geometry": { "type": "Point", "coordinates": [ 80.3045, 13.1637 ] } },
{ "type": "Feature", "properties": { "corporation": "Chennai", "region": "North", "zone_no": "01", "ward_no": "009", "road_id": null, "street_name": "Kilijoshiyam Nagar", "area_name": "TIRUVOTTRIYUR", "area_id": "19154", "locality_name": "BEACH ROAD", "locality_id": "20046", "layer_id": 1583.0, "object_id": 24.0 }, "geometry": { "type": "Point", "coordinates": [ 80.3058, 13.157 ] } },
{ "type": "Feature", "properties": { "corporation": "Chennai", "region": "North", "zone_no": "01", "ward_no": "009", "road_id": "57794", "street_name": "APPAR NAGAR 1 ST STREET", "area_name": "TIRUVOTTRIYUR", "area_id": "19154", "locality_name": "ENNORE EXPRESS ROAD", "locality_id": "57793", "layer_id": 1583.0, "object_id": 25.0 }, "geometry": { "type": "Point", "coordinates": [ 80.3063, 13.1596 ] } },
{ "type": "Feature", "properties": { "corporation": "Chennai", "region": "North", "zone_no": "01", "ward_no": "009", "road_id": "60531", "street_name": "BURIAL GROUND BACK SIDE 2 ND LANE", "area_name": "TIRUVOTTRIYUR", "area_id": "19154", "locality_name": "ENNORE EXPRESS ROAD", "locality_id": "57793", "layer_id": 1583.0, "object_id": 26.0 }, "geometry": { "type": "Point", "coordinates": [ 80.3068, 13.1613 ] } },
{ "type": "Feature", "properties": { "corporation": "Chennai", "region": "North", "zone_no": "01", "ward_no": "009", "road_id": "59579", "street_name": "PATTINATHAR KOIL 8 TH CROSS LANE", "area_name": "TIRUVOTTRIYUR", "area_id": "19154", "locality_name": "ENNORE EXPRESS ROAD", "locality_id": "57793", "layer_id": 1583.0, "object_id": 27.0 }, "geometry": { "type": "Point", "coordinates": [ 80.3086, 13.163 ] } },
{ "type": "Feature", "properties": { "corporation": "Chennai", "region": "North", "zone_no": "03", "ward_no": "023", "road_id": "71648", "street_name": "Subashchandraboss 1st Cross Street", "area_name": "KAVANKARAI(N023)", "area_id": "69118", "locality_name": "Kavankarai Arch(N023)", "locality_id": "71274", "layer_id": 1583.0, "object_id": 28.0 }, "geometry": { "type": "Point", "coordinates": [ 80.1968, 13.1693 ] } },
{ "type": "Feature", "properties": { "corporation": "Chennai", "region": "Central", "zone_no": "10", "ward_no": "141", "road_id": "5329", "street_name": "Police Quarters Road", "area_name": "T.Nagar", "area_id": "200", "locality_name": "T.Nagar", "locality_id": "397", "layer_id": 1583.0, "object_id": 29.0 }, "geometry": { "type": "Point", "coordinates": [ 80.2297, 13.0341 ] } },
{ "type": "Feature", "properties": { "corporation": "Chennai", "region": "Central", "zone_no": "10", "ward_no": "141", "road_id": "13544", "street_name": "Muthurangan Salai", "area_name": "T.Nagar", "area_id": "200", "locality_name": "T.Nagar", "locality_id": "397", "layer_id": 1583.0, "object_id": 30.0 }, "geometry": { "type": "Point", "coordinates": [ 80.2288, 13.0306 ] } },
{ "type": "Feature", "properties": { "corporation": "Chennai", "region": "Central", "zone_no": "10", "ward_no": "141", "road_id": "14090", "street_name": "South West Boag Road", "area_name": "T.Nagar", "area_id": "200", "locality_name": "T.Nagar", "locality_id": "397", "layer_id": 1583.0, "object_id": 31.0 }, "geometry": { "type": "Point", "coordinates": [ 80.2336, 13.0314 ] } },
{ "type": "Feature", "properties": { "corporation": "Chennai", "region": "Central", "zone_no": "10", "ward_no": "141", "road_id": "16121", "street_name": "Mooparappan Street", "area_name": "T.Nagar", "area_id": "200", "locality_name": "T.Nagar", "locality_id": "397", "layer_id": 1583.0, "object_id": 32.0 }, "geometry": { "type": "Point", "coordinates": [ 80.2371, 13.0321 ] } },
{ "type": "Feature", "properties": { "corporation": "Chennai", "region": "Central", "zone_no": "10", "ward_no": "141", "road_id": "12086", "street_name": "C.I.T. Nagar Iv Cross Street", "area_name": "Nandanam", "area_id": "214", "locality_name": "C.I.T. Nagar (East)", "locality_id": "458", "layer_id": 1583.0, "object_id": 33.0 }, "geometry": { "type": "Point", "coordinates": [ 80.2335, 13.0291 ] } },
{ "type": "Feature", "properties": { "corporation": "Chennai", "region": "North", "zone_no": "03", "ward_no": "026", "road_id": "72454", "street_name": "M.G.R.Street", "area_name": "MADHAVARAM", "area_id": "19117", "locality_name": "Alex Nagar(N026)", "locality_id": "71291", "layer_id": 1583.0, "object_id": 34.0 }, "geometry": { "type": "Point", "coordinates": [ 80.2321, 13.1555 ] } },
{ "type": "Feature", "properties": { "corporation": "Chennai", "region": "North", "zone_no": "03", "ward_no": "026", "road_id": "72454", "street_name": "M.G.R.STREET", "area_name": "MADHAVARAM", "area_id": "19117", "locality_name": "Alex Nagar(N026)", "locality_id": "71291", "layer_id": 1583.0, "object_id": 35.0 }, "geometry": { "type": "Point", "coordinates": [ 80.2332, 13.1556 ] } },
{ "type": "Feature", "properties": { "corporation": "Chennai", "region": "North", "zone_no": "03", "ward_no": "026", "road_id": "80599", "street_name": "EDAIMA NAGAR 10th Street", "area_name": "MADHAVARAM MILK COLONY(N026)", "area_id": "69048", "locality_name": "EDAIMA NAGAR(N026)", "locality_id": "70148", "layer_id": 1583.0, "object_id": 36.0 }, "geometry": { "type": "Point", "coordinates": [ 80.245, 13.1653 ] } },
{ "type": "Feature", "properties": { "corporation": "Chennai", "region": "North", "zone_no": "01", "ward_no": "011", "road_id": "26801", "street_name": "Vedhachalam Avenue", "area_name": "TIRUVOTTRIYUR", "area_id": "19154", "locality_name": "VEDHACHALAM AVENUE", "locality_id": "19295", "layer_id": 1583.0, "object_id": 37.0 }, "geometry": { "type": "Point", "coordinates": [ 80.3052, 13.159 ] } },
{ "type": "Feature", "properties": { "corporation": "Chennai", "region": "North", "zone_no": "01", "ward_no": "011", "road_id": null, "street_name": "Poonga Nagar", "area_name": "TIRUVOTTRIYUR", "area_id": "19154", "locality_name": "Poonga Nagar", "locality_id": "57859", "layer_id": 1583.0, "object_id": 38.0 }, "geometry": { "type": "Point", "coordinates": [ 80.3034, 13.1558 ] } },
{ "type": "Feature", "properties": { "corporation": "Chennai", "region": "North", "zone_no": "01", "ward_no": "011", "road_id": "26668", "street_name": "ELLAIAMMAN KOIL STREET", "area_name": "TIRUVOTTRIYUR", "area_id": "19154", "locality_name": "ELLAIAMMAN KOIL", "locality_id": "19373", "layer_id": 1583.0, "object_id": 39.0 }, "geometry": { "type": "Point", "coordinates": [ 80.3048, 13.1571 ] } },
{ "type": "Feature", "properties": { "corporation": "Chennai", "region": "North", "zone_no": "01", "ward_no": "014", "road_id": "23672", "street_name": "thiruchinankuppam Road", "area_name": "RAJAKADAI", "area_id": "19132", "locality_name": "THIRUCHINANKUPPAM", "locality_id": "21385", "layer_id": 1583.0, "object_id": 40.0 }, "geometry": { "type": "Point", "coordinates": [ 80.301, 13.1497 ] } },
{ "type": "Feature", "properties": { "corporation": "Chennai", "region": "North", "zone_no": "02", "ward_no": "021", "road_id": "24117", "street_name": "Nedunchezhian Street", "area_name": "MANALI", "area_id": "19105", "locality_name": "NEDUNCHEZHIAN SALAI", "locality_id": "19345", "layer_id": 1583.0, "object_id": 41.0 }, "geometry": { "type": "Point", "coordinates": [ 80.257, 13.1701 ] } },
{ "type": "Feature", "properties": { "corporation": "Chennai", "region": "North", "zone_no": "02", "ward_no": "022", "road_id": "80818", "street_name": "Evr Periyar Street", "area_name": "Chinnasekkadu(N022)", "area_id": "69231", "locality_name": "Gandhi Nagar(N022)", "locality_id": "69872", "layer_id": 1583.0, "object_id": 42.0 }, "geometry": { "type": "Point", "coordinates": [ 80.2596, 13.1582 ] } },
{ "type": "Feature", "properties": { "corporation": "Chennai", "region": "North", "zone_no": "02", "ward_no": "022", "road_id": "73290", "street_name": "Devarajan Street", "area_name": "Chinnasekkadu(N022)", "area_id": "69231", "locality_name": "Chinnasekkadu North(N022)", "locality_id": "70729", "layer_id": 1583.0, "object_id": 43.0 }, "geometry": { "type": "Point", "coordinates": [ 80.2606, 13.158 ] } },
{ "type": "Feature", "properties": { "corporation": "Chennai", "region": "North", "zone_no": "02", "ward_no": "022", "road_id": "72969", "street_name": "Karunanidhi Street", "area_name": "Chinnasekkadu(N022)", "area_id": "69231", "locality_name": "Chinnasekkadu West(N022)", "locality_id": "70159", "layer_id": 1583.0, "object_id": 44.0 }, "geometry": { "type": "Point", "coordinates": [ 80.2587, 13.1599 ] } },
{ "type": "Feature", "properties": { "corporation": "Chennai", "region": "North", "zone_no": "02", "ward_no": "022", "road_id": "72983", "street_name": "Velu Street", "area_name": "Chinnasekkadu(N022)", "area_id": "69231", "locality_name": "Kakkan Puram(N022)", "locality_id": "69289", "layer_id": 1583.0, "object_id": 45.0 }, "geometry": { "type": "Point", "coordinates": [ 80.2614, 13.1504 ] } },
{ "type": "Feature", "properties": { "corporation": "Chennai", "region": "North", "zone_no": "02", "ward_no": "022", "road_id": "72983", "street_name": "Velu Street", "area_name": "Chinnasekkadu(N022)", "area_id": "69231", "locality_name": "Kakkan Puram(N022)", "locality_id": "69289", "layer_id": 1583.0, "object_id": 46.0 }, "geometry": { "type": "Point", "coordinates": [ 80.2614, 13.1499 ] } },
{ "type": "Feature", "properties": { "corporation": "Chennai", "region": "North", "zone_no": "03", "ward_no": "024", "road_id": "84571", "street_name": "Rettaimalai Srinivasan Street", "area_name": "PUZHAL(N024)", "area_id": "69197", "locality_name": "Near CSI School(N024)", "locality_id": "71283", "layer_id": 1583.0, "object_id": 47.0 }, "geometry": { "type": "Point", "coordinates": [ 80.2061, 13.157 ] } },
{ "type": "Feature", "properties": { "corporation": "Chennai", "region": "North", "zone_no": "03", "ward_no": "024", "road_id": "84567", "street_name": "G.N.T. ROAD(ANNA NINAIVU NAGAR)", "area_name": "PUZHAL(N024)", "area_id": "69197", "locality_name": "CAMP ANNA NINAIVU NAGAR(N024)", "locality_id": "69541", "layer_id": 1583.0, "object_id": 48.0 }, "geometry": { "type": "Point", "coordinates": [ 80.2067, 13.1561 ] } },
{ "type": "Feature", "properties": { "corporation": "Chennai", "region": "North", "zone_no": "03", "ward_no": "024", "road_id": "84567", "street_name": "G.N.T. ROAD(ANNA NINAIVU NAGAR)", "area_name": "PUZHAL(N024)", "area_id": "69197", "locality_name": "CAMP ANNA NINAIVU NAGAR(N024)", "locality_id": "69541", "layer_id": 1583.0, "object_id": 49.0 }, "geometry": { "type": "Point", "coordinates": [ 80.2061, 13.1553 ] } },
{ "type": "Feature", "properties": { "corporation": "Chennai", "region": "North", "zone_no": "03", "ward_no": "024", "road_id": "80295", "street_name": "Ambattur Road", "area_name": "PUZHAL(N024)", "area_id": "69197", "locality_name": "CAMP(N024)", "locality_id": "69263", "layer_id": 1583.0, "object_id": 50.0 }, "geometry": { "type": "Point", "coordinates": [ 80.2032, 13.158 ] } },
{ "type": "Feature", "properties": { "corporation": "Chennai", "region": "North", "zone_no": "03", "ward_no": "024", "road_id": null, "street_name": "Gangadharan 2nd Cross Street", "area_name": "PUZHAL(N024)", "area_id": "69197", "locality_name": "Kadai Theru(N024)", "locality_id": "69844", "layer_id": 1583.0, "object_id": 51.0 }, "geometry": { "type": "Point", "coordinates": [ 80.2114, 13.16 ] } },
{ "type": "Feature", "properties": { "corporation": "Chennai", "region": "North", "zone_no": "04", "ward_no": "043", "road_id": "14468", "street_name": "Soorya Narayana Chetty Street", "area_name": "Royapuram", "area_id": "168", "locality_name": "Royapuram", "locality_id": "1754", "layer_id": 1583.0, "object_id": 52.0 }, "geometry": { "type": "Point", "coordinates": [ 80.2945, 13.1239 ] } },
{ "type": "Feature", "properties": { "corporation": "Chennai", "region": "North", "zone_no": "04", "ward_no": "043", "road_id": "14468", "street_name": "Soorya Narayana Chetty Street", "area_name": "Royapuram", "area_id": "168", "locality_name": "Royapuram", "locality_id": "1754", "layer_id": 1583.0, "object_id": 53.0 }, "geometry": { "type": "Point", "coordinates": [ 80.296, 13.1306 ] } },
{ "type": "Feature", "properties": { "corporation": "Chennai", "region": "North", "zone_no": "04", "ward_no": "043", "road_id": "2233", "street_name": "Thandaiyarpet Street(Athidravidar Street)", "area_name": "Tondiarpet", "area_id": "263", "locality_name": "Tondiarpet", "locality_id": "1120", "layer_id": 1583.0, "object_id": 54.0 }, "geometry": { "type": "Point", "coordinates": [ 80.2925, 13.1276 ] } },
{ "type": "Feature", "properties": { "corporation": "Chennai", "region": "North", "zone_no": "04", "ward_no": "043", "road_id": null, "street_name": "Othavadai Street ( I.D. Hospital Backside)", "area_name": "Tondiarpet", "area_id": "263", "locality_name": "Tondiarpet", "locality_id": "1120", "layer_id": 1583.0, "object_id": 55.0 }, "geometry": { "type": "Point", "coordinates": [ 80.2943, 13.1298 ] } },
{ "type": "Feature", "properties": { "corporation": "Chennai", "region": "North", "zone_no": "04", "ward_no": "043", "road_id": "68657", "street_name": "New Amaranjipuram", "area_name": "Tondiarpet", "area_id": "263", "locality_name": "Tondiarpet", "locality_id": "1120", "layer_id": 1583.0, "object_id": 56.0 }, "geometry": { "type": "Point", "coordinates": [ 80.2925, 13.1226 ] } },
{ "type": "Feature", "properties": { "corporation": "Chennai", "region": "North", "zone_no": "04", "ward_no": "046", "road_id": "10459", "street_name": "Muthu Street", "area_name": "Vyasarpadi", "area_id": "221", "locality_name": "Vyasarpadi", "locality_id": "1132", "layer_id": 1583.0, "object_id": 57.0 }, "geometry": { "type": "Point", "coordinates": [ 80.2615, 13.1143 ] } },
{ "type": "Feature", "properties": { "corporation": "Chennai", "region": "North", "zone_no": "04", "ward_no": "046", "road_id": "12533", "street_name": "Moorthingar Street", "area_name": "Vyasarpadi", "area_id": "221", "locality_name": "Vyasarpadi", "locality_id": "1132", "layer_id": 1583.0, "object_id": 58.0 }, "geometry": { "type": "Point", "coordinates": [ 80.262, 13.1166 ] } },
{ "type": "Feature", "properties": { "corporation": "Chennai", "region": "North", "zone_no": "04", "ward_no": "046", "road_id": "42602", "street_name": "JOHNKENNEDY NAGAR", "area_name": "Vyasarpadi", "area_id": "221", "locality_name": "Vyasarpadi", "locality_id": "1132", "layer_id": 1583.0, "object_id": 59.0 }, "geometry": { "type": "Point", "coordinates": [ 80.2654, 13.1177 ] } },
{ "type": "Feature", "properties": { "corporation": "Chennai", "region": "North", "zone_no": "04", "ward_no": "046", "road_id": "8393", "street_name": "Sathyamoorthy Nagar Main Road", "area_name": "Vyasarpadi", "area_id": "221", "locality_name": "Vyasarpadi", "locality_id": "1132", "layer_id": 1583.0, "object_id": 60.0 }, "geometry": { "type": "Point", "coordinates": [ 80.2658, 13.112 ] } },
{ "type": "Feature", "properties": { "corporation": "Chennai", "region": "North", "zone_no": "04", "ward_no": "046", "road_id": "6498", "street_name": "Block 26 And 27th Street", "area_name": "Vyasarpadi", "area_id": "221", "locality_name": "S.M. Nagar", "locality_id": "941", "layer_id": 1583.0, "object_id": 61.0 }, "geometry": { "type": "Point", "coordinates": [ 80.2662, 13.119 ] } },
{ "type": "Feature", "properties": { "corporation": "Chennai", "region": "North", "zone_no": "04", "ward_no": "046", "road_id": "8393", "street_name": "Sathyamoorthy Nagar Main Road", "area_name": "Vyasarpadi", "area_id": "221", "locality_name": "Vyasarpadi", "locality_id": "1132", "layer_id": 1583.0, "object_id": 62.0 }, "geometry": { "type": "Point", "coordinates": [ 80.2659, 13.1188 ] } },
{ "type": "Feature", "properties": { "corporation": "Chennai", "region": "North", "zone_no": "04", "ward_no": "046", "road_id": "55389", "street_name": "Samandhipoo Colony 1st Street", "area_name": "Vyasarpadi", "area_id": "221", "locality_name": "Vyasarpadi", "locality_id": "1132", "layer_id": 1583.0, "object_id": 63.0 }, "geometry": { "type": "Point", "coordinates": [ 80.2677, 13.1182 ] } },
{ "type": "Feature", "properties": { "corporation": "Chennai", "region": "North", "zone_no": "04", "ward_no": "046", "road_id": "12536", "street_name": "New Good Shed Road", "area_name": "Vyasarpadi", "area_id": "221", "locality_name": "Vyasarpadi", "locality_id": "1132", "layer_id": 1583.0, "object_id": 64.0 }, "geometry": { "type": "Point", "coordinates": [ 80.2677, 13.1166 ] } },
{ "type": "Feature", "properties": { "corporation": "Chennai", "region": "North", "zone_no": "04", "ward_no": "046", "road_id": "6497", "street_name": "Gandhipuram Street", "area_name": "Vyasarpadi", "area_id": "221", "locality_name": "Gandhipuram", "locality_id": "519", "layer_id": 1583.0, "object_id": 65.0 }, "geometry": { "type": "Point", "coordinates": [ 80.2682, 13.1101 ] } },
{ "type": "Feature", "properties": { "corporation": "Chennai", "region": "North", "zone_no": "04", "ward_no": "046", "road_id": "6497", "street_name": "Gandhipuram Street", "area_name": "Vyasarpadi", "area_id": "221", "locality_name": "Gandhipuram", "locality_id": "519", "layer_id": 1583.0, "object_id": 66.0 }, "geometry": { "type": "Point", "coordinates": [ 80.2699, 13.1102 ] } },
{ "type": "Feature", "properties": { "corporation": "Chennai", "region": "Central", "zone_no": "07", "ward_no": "084", "road_id": null, "street_name": "Eb Road", "area_name": "PATTARAVAKKAM", "area_id": "19180", "locality_name": "TELEPHONE EXCHANGE", "locality_id": "19225", "layer_id": 1583.0, "object_id": 67.0 }, "geometry": { "type": "Point", "coordinates": [ 80.1695, 13.106 ] } },
{ "type": "Feature", "properties": { "corporation": "Chennai", "region": "Central", "zone_no": "07", "ward_no": "084", "road_id": "26296", "street_name": "M.G.R STREET THANDAI PERIYAR NAGAR", "area_name": "KORATTUR", "area_id": "19127", "locality_name": "NEAR KACHANA KUPPAM MGR SELAI", "locality_id": "19389", "layer_id": 1583.0, "object_id": 68.0 }, "geometry": { "type": "Point", "coordinates": [ 80.1739, 13.1029 ] } },
{ "type": "Feature", "properties": { "corporation": "Chennai", "region": "Central", "zone_no": "07", "ward_no": "084", "road_id": null, "street_name": "Gangai Amman Koil  1st Street", "area_name": "KORATTUR", "area_id": "19127", "locality_name": "STATION ROAD OPP", "locality_id": "19865", "layer_id": 1583.0, "object_id": 69.0 }, "geometry": { "type": "Point", "coordinates": [ 80.179, 13.0987 ] } },
{ "type": "Feature", "properties": { "corporation": "Chennai", "region": "Central", "zone_no": "07", "ward_no": "084", "road_id": "26229", "street_name": "PADAVATTAMMAN KOIL STREET", "area_name": "KORATTUR", "area_id": "19127", "locality_name": "NEAR KACHANA KUPPAM MGR SELAI", "locality_id": "19389", "layer_id": 1583.0, "object_id": 70.0 }, "geometry": { "type": "Point", "coordinates": [ 80.1759, 13.1041 ] } },
{ "type": "Feature", "properties": { "corporation": "Chennai", "region": "Central", "zone_no": "07", "ward_no": "084", "road_id": null, "street_name": "Gandhi Street", "area_name": "KORATTUR", "area_id": "19127", "locality_name": "OLD V A O OFFICE(N084)", "locality_id": "69320", "layer_id": 1583.0, "object_id": 71.0 }, "geometry": { "type": "Point", "coordinates": [ 80.1801, 13.1105 ] } },
{ "type": "Feature", "properties": { "corporation": "Chennai", "region": "Central", "zone_no": "07", "ward_no": "085", "road_id": "26327", "street_name": "JEEVA STREET", "area_name": "KAMARAJAPURAM", "area_id": "19136", "locality_name": "AMBATTUR COURT BACK SIDE", "locality_id": "19794", "layer_id": 1583.0, "object_id": 72.0 }, "geometry": { "type": "Point", "coordinates": [ 80.1533, 13.1054 ] } },
{ "type": "Feature", "properties": { "corporation": "Chennai", "region": "Central", "zone_no": "07", "ward_no": "085", "road_id": "27313", "street_name": "AMBEDKAR STREET", "area_name": "KAMARAJAPURAM", "area_id": "19136", "locality_name": "AMBATTUR COURT BACK SIDE", "locality_id": "19794", "layer_id": 1583.0, "object_id": 73.0 }, "geometry": { "type": "Point", "coordinates": [ 80.1557, 13.1063 ] } },
{ "type": "Feature", "properties": { "corporation": "Chennai", "region": "Central", "zone_no": "07", "ward_no": "085", "road_id": "23455", "street_name": "BAJANAI KOIL STREET", "area_name": "MANGALAPURAM", "area_id": "19129", "locality_name": "GOVT ITI BACK SIDE", "locality_id": "20057", "layer_id": 1583.0, "object_id": 74.0 }, "geometry": { "type": "Point", "coordinates": [ 80.1668, 13.1038 ] } },
{ "type": "Feature", "properties": { "corporation": "Chennai", "region": "Central", "zone_no": "07", "ward_no": "088", "road_id": "24969", "street_name": "M.T.H ROAD PADI", "area_name": "PADI", "area_id": "19112", "locality_name": "KORATTUR TURNING TO  WHEELS INDIA", "locality_id": "19660", "layer_id": 1583.0, "object_id": 75.0 }, "geometry": { "type": "Point", "coordinates": [ 80.1938, 13.1019 ] } },
{ "type": "Feature", "properties": { "corporation": "Chennai", "region": "Central", "zone_no": "07", "ward_no": "090", "road_id": null, "street_name": "Estate Road", "area_name": "A.N.W.EXTN", "area_id": "19175", "locality_name": "THIRUVALLESWARA KOIL NEAR", "locality_id": "19811", "layer_id": 1583.0, "object_id": 76.0 }, "geometry": { "type": "Point", "coordinates": [ 80.1972, 13.0871 ] } },
{ "type": "Feature", "properties": { "corporation": "Chennai", "region": "Central", "zone_no": "07", "ward_no": "093", "road_id": "23228", "street_name": "PILLAYAR KOIL STREET PADI KUPPAM", "area_name": "MUGAPPAIR EAST", "area_id": "19124", "locality_name": "MUNICIPALITY SCHOOL PADI KUPPAM", "locality_id": "19724", "layer_id": 1583.0, "object_id": 77.0 }, "geometry": { "type": "Point", "coordinates": [ 80.1888, 13.0759 ] } },
{ "type": "Feature", "properties": { "corporation": "Chennai", "region": "Central", "zone_no": "07", "ward_no": "093", "road_id": "28916", "street_name": "Gangaiyamman Main Road", "area_name": "MUGAPPAIR EAST", "area_id": "19124", "locality_name": "MGR UNIVERSITY BACK SIDE", "locality_id": "19898", "layer_id": 1583.0, "object_id": 78.0 }, "geometry": { "type": "Point", "coordinates": [ 80.1793, 13.073 ] } },
{ "type": "Feature", "properties": { "corporation": "Chennai", "region": "Central", "zone_no": "07", "ward_no": "093", "road_id": "25191", "street_name": "VEERAMAMUNI SALAI", "area_name": "MUGAPPAIR EAST", "area_id": "19124", "locality_name": "MUGAPPAIR EAST", "locality_id": "19995", "layer_id": 1583.0, "object_id": 79.0 }, "geometry": { "type": "Point", "coordinates": [ 80.186, 13.0825 ] } },
{ "type": "Feature", "properties": { "corporation": "Chennai", "region": "South", "zone_no": "11", "ward_no": "143", "road_id": "39975", "street_name": "MUGAPPAIR BHARATHI SALAI", "area_name": "NOLAMBUR", "area_id": "19200", "locality_name": "4TH BLOCK", "locality_id": "20644", "layer_id": 1583.0, "object_id": 80.0 }, "geometry": { "type": "Point", "coordinates": [ 80.1701, 13.0819 ] } },
{ "type": "Feature", "properties": { "corporation": "Chennai", "region": "South", "zone_no": "11", "ward_no": "143", "road_id": "35296", "street_name": "2ND CROSS STREET", "area_name": "NOLAMBUR", "area_id": "19200", "locality_name": "PHASE-2", "locality_id": "20281", "layer_id": 1583.0, "object_id": 81.0 }, "geometry": { "type": "Point", "coordinates": [ 80.1704, 13.0788 ] } },
{ "type": "Feature", "properties": { "corporation": "Chennai", "region": "South", "zone_no": "11", "ward_no": "143", "road_id": "36241", "street_name": "UNION ROAD", "area_name": "NOLAMBUR", "area_id": "19200", "locality_name": "NOLAMBUR", "locality_id": "20954", "layer_id": 1583.0, "object_id": 82.0 }, "geometry": { "type": "Point", "coordinates": [ 80.1744, 13.0709 ] } },
{ "type": "Feature", "properties": { "corporation": "Chennai", "region": "South", "zone_no": "11", "ward_no": "155", "road_id": "40443", "street_name": "BALAKRISHNA NAGAR MAIN ROAD", "area_name": "RAMAPURAM", "area_id": "19111", "locality_name": "RAMAPURAM", "locality_id": "21433", "layer_id": 1583.0, "object_id": 83.0 }, "geometry": { "type": "Point", "coordinates": [ 80.1784, 13.0335 ] } },
{ "type": "Feature", "properties": { "corporation": "Chennai", "region": "South", "zone_no": "11", "ward_no": "144", "road_id": null, "street_name": "Nagathamman Koil Street", "area_name": "MADURAVOYAL", "area_id": "19188", "locality_name": "P.H. ROAD", "locality_id": "21298", "layer_id": 1583.0, "object_id": 84.0 }, "geometry": { "type": "Point", "coordinates": [ 80.1776, 13.0686 ] } },
{ "type": "Feature", "properties": { "corporation": "Chennai", "region": "South", "zone_no": "11", "ward_no": "144", "road_id": "34159", "street_name": "PILLAIYAR KOIL 3RD MAIN RD.", "area_name": "MADURAVOYAL", "area_id": "19188", "locality_name": "P.H. ROAD", "locality_id": "21298", "layer_id": 1583.0, "object_id": 85.0 }, "geometry": { "type": "Point", "coordinates": [ 80.1787, 13.0707 ] } },
{ "type": "Feature", "properties": { "corporation": "Chennai", "region": "North", "zone_no": "04", "ward_no": "045", "road_id": "8587", "street_name": "Bhakthavatchalam  Colony 18th Street", "area_name": "Vyasarpadi", "area_id": "221", "locality_name": "Bhakthavatchalam  Colony", "locality_id": "1162", "layer_id": 1583.0, "object_id": 86.0 }, "geometry": { "type": "Point", "coordinates": [ 80.2578, 13.1152 ] } },
{ "type": "Feature", "properties": { "corporation": "Chennai", "region": "North", "zone_no": "04", "ward_no": "045", "road_id": "16747", "street_name": "Melpatti Ponnappan Street", "area_name": "Vyasarpadi", "area_id": "221", "locality_name": "Vyasarpadi", "locality_id": "1132", "layer_id": 1583.0, "object_id": 87.0 }, "geometry": { "type": "Point", "coordinates": [ 80.2574, 13.1131 ] } },
{ "type": "Feature", "properties": { "corporation": "Chennai", "region": "North", "zone_no": "04", "ward_no": "045", "road_id": "2394", "street_name": "Bhakthavatchalam  Colony 8th Street", "area_name": "Vyasarpadi", "area_id": "221", "locality_name": "Bhakthavatchalam  Colony", "locality_id": "1162", "layer_id": 1583.0, "object_id": 88.0 }, "geometry": { "type": "Point", "coordinates": [ 80.2558, 13.1154 ] } },
{ "type": "Feature", "properties": { "corporation": "Chennai", "region": "North", "zone_no": "04", "ward_no": "045", "road_id": "14779", "street_name": "Bhakthavatchalam  Colony 3rd   Street", "area_name": "Vyasarpadi", "area_id": "221", "locality_name": "Bhakthavatchalam  Colony", "locality_id": "1162", "layer_id": 1583.0, "object_id": 89.0 }, "geometry": { "type": "Point", "coordinates": [ 80.2535, 13.1158 ] } },
{ "type": "Feature", "properties": { "corporation": "Chennai", "region": "North", "zone_no": "04", "ward_no": "045", "road_id": "86384", "street_name": "Sastri Nagar Quide Millat Road", "area_name": "Vyasarpadi", "area_id": "221", "locality_name": "Sharma Nagar(N045)", "locality_id": "71028", "layer_id": 1583.0, "object_id": 90.0 }, "geometry": { "type": "Point", "coordinates": [ 80.2538, 13.1191 ] } },
{ "type": "Feature", "properties": { "corporation": "Chennai", "region": "North", "zone_no": "04", "ward_no": "045", "road_id": "8589", "street_name": "Bhakthavatchalam  Colony 26th Street", "area_name": "Vyasarpadi", "area_id": "221", "locality_name": "Bhakthavatchalam  Colony", "locality_id": "1162", "layer_id": 1583.0, "object_id": 91.0 }, "geometry": { "type": "Point", "coordinates": [ 80.2559, 13.1168 ] } },
{ "type": "Feature", "properties": { "corporation": "Chennai", "region": "North", "zone_no": "04", "ward_no": "045", "road_id": "16753", "street_name": "Bhakthavatchalam  Colony 31st Street", "area_name": "Vyasarpadi", "area_id": "221", "locality_name": "Bhakthavatchalam  Colony", "locality_id": "1162", "layer_id": 1583.0, "object_id": 92.0 }, "geometry": { "type": "Point", "coordinates": [ 80.2584, 13.1178 ] } },
{ "type": "Feature", "properties": { "corporation": "Chennai", "region": "North", "zone_no": "04", "ward_no": "045", "road_id": "8480", "street_name": "Ganesapuram Main Road", "area_name": "Vyasarpadi", "area_id": "221", "locality_name": "Ganesapuram", "locality_id": "1768", "layer_id": 1583.0, "object_id": 93.0 }, "geometry": { "type": "Point", "coordinates": [ 80.2615, 13.1098 ] } },
{ "type": "Feature", "properties": { "corporation": "Chennai", "region": "North", "zone_no": "04", "ward_no": "045", "road_id": "14670", "street_name": "Sundaram Main Road", "area_name": "Vyasarpadi", "area_id": "221", "locality_name": "E.H.Road", "locality_id": "1353", "layer_id": 1583.0, "object_id": 94.0 }, "geometry": { "type": "Point", "coordinates": [ 80.2629, 13.1104 ] } },
{ "type": "Feature", "properties": { "corporation": "Chennai", "region": "North", "zone_no": "04", "ward_no": "039", "road_id": "8325", "street_name": "Surya Narayana (C) Street", "area_name": "New Washermen Pet", "area_id": "251", "locality_name": "Cherian Nagar", "locality_id": "1328", "layer_id": 1583.0, "object_id": 95.0 }, "geometry": { "type": "Point", "coordinates": [ 80.2969, 13.134 ] } },
{ "type": "Feature", "properties": { "corporation": "Chennai", "region": "North", "zone_no": "04", "ward_no": "039", "road_id": "4090", "street_name": "Arunachala Easwarar Koil Street", "area_name": "New Washermen Pet", "area_id": "251", "locality_name": "New Washermen Pet", "locality_id": "1329", "layer_id": 1583.0, "object_id": 96.0 }, "geometry": { "type": "Point", "coordinates": [ 80.2937, 13.1387 ] } },
{ "type": "Feature", "properties": { "corporation": "Chennai", "region": "North", "zone_no": "04", "ward_no": "047", "road_id": "12520", "street_name": "C.B. Road", "area_name": "Korukkupet", "area_id": "208", "locality_name": "Korukkupet", "locality_id": "921", "layer_id": 1583.0, "object_id": 97.0 }, "geometry": { "type": "Point", "coordinates": [ 80.2741, 13.111 ] } },
{ "type": "Feature", "properties": { "corporation": "Chennai", "region": "North", "zone_no": "04", "ward_no": "047", "road_id": "12520", "street_name": "C.B. Road", "area_name": "Korukkupet", "area_id": "208", "locality_name": "Korukkupet", "locality_id": "921", "layer_id": 1583.0, "object_id": 98.0 }, "geometry": { "type": "Point", "coordinates": [ 80.2745, 13.1123 ] } },
{ "type": "Feature", "properties": { "corporation": "Chennai", "region": "North", "zone_no": "04", "ward_no": "047", "road_id": "4166", "street_name": "Meenambal Nagar Cross St", "area_name": "Korukkupet", "area_id": "208", "locality_name": "Meenambal Nagar", "locality_id": "1756", "layer_id": 1583.0, "object_id": 99.0 }, "geometry": { "type": "Point", "coordinates": [ 80.2757, 13.116 ] } },
{ "type": "Feature", "properties": { "corporation": "Chennai", "region": "North", "zone_no": "04", "ward_no": "047", "road_id": "86395", "street_name": "J.J. Nagar, I Street,", "area_name": "Korukkupet", "area_id": "208", "locality_name": "J.J.Nagar(N047)", "locality_id": "69586", "layer_id": 1583.0, "object_id": 100.0 }, "geometry": { "type": "Point", "coordinates": [ 80.2744, 13.119 ] } },
{ "type": "Feature", "properties": { "corporation": "Chennai", "region": "North", "zone_no": "04", "ward_no": "047", "road_id": "6284", "street_name": "Kamaraj Nagar 2nd Street", "area_name": "Korukkupet", "area_id": "208", "locality_name": "Kamaraj Nagar", "locality_id": "494", "layer_id": 1583.0, "object_id": 101.0 }, "geometry": { "type": "Point", "coordinates": [ 80.2732, 13.119 ] } },
{ "type": "Feature", "properties": { "corporation": "Chennai", "region": "North", "zone_no": "04", "ward_no": "047", "road_id": null, "street_name": "Canal Street", "area_name": "Korukkupet", "area_id": "208", "locality_name": "Kamaraj Nagar", "locality_id": "494", "layer_id": 1583.0, "object_id": 102.0 }, "geometry": { "type": "Point", "coordinates": [ 80.2727, 13.1204 ] } },
{ "type": "Feature", "properties": { "corporation": "Chennai", "region": "Central", "zone_no": "09", "ward_no": "122", "road_id": "9442", "street_name": "Pughs Road", "area_name": "Raja Annamalai Puram", "area_id": "245", "locality_name": "Raja Annamalai Puram", "locality_id": "1666", "layer_id": 1583.0, "object_id": 103.0 }, "geometry": { "type": "Point", "coordinates": [ 80.2511, 13.0219 ] } },
{ "type": "Feature", "properties": { "corporation": "Chennai", "region": "Central", "zone_no": "09", "ward_no": "122", "road_id": "9442", "street_name": "Pughs Road", "area_name": "Raja Annamalai Puram", "area_id": "245", "locality_name": "Raja Annamalai Puram", "locality_id": "1666", "layer_id": 1583.0, "object_id": 104.0 }, "geometry": { "type": "Point", "coordinates": [ 80.2519, 13.0231 ] } },
{ "type": "Feature", "properties": { "corporation": "Chennai", "region": "South", "zone_no": "12", "ward_no": "163", "road_id": "33640", "street_name": "Mannadiyamman Koil Street", "area_name": "ADAMBAKKAM", "area_id": "19220", "locality_name": "ADAMBAKKAM", "locality_id": "21848", "layer_id": 1583.0, "object_id": 105.0 }, "geometry": { "type": "Point", "coordinates": [ 80.2034, 12.9947 ] } },
{ "type": "Feature", "properties": { "corporation": "Chennai", "region": "South", "zone_no": "12", "ward_no": "162", "road_id": "29846", "street_name": "Kannan Colony Main Road", "area_name": "ALANDUR", "area_id": "19202", "locality_name": "ALANDUR", "locality_id": "21875", "layer_id": 1583.0, "object_id": 106.0 }, "geometry": { "type": "Point", "coordinates": [ 80.1891, 12.9919 ] } },
{ "type": "Feature", "properties": { "corporation": "Chennai", "region": "North", "zone_no": "03", "ward_no": "027", "road_id": null, "street_name": "Milk Colony Potturoom 4th Unit", "area_name": "MADHAVARAM Milk Colony", "area_id": "19163", "locality_name": "Milk Colony Main Road", "locality_id": "19963", "layer_id": 1583.0, "object_id": 107.0 }, "geometry": { "type": "Point", "coordinates": [ 80.2392, 13.1564 ] } },
{ "type": "Feature", "properties": { "corporation": "Chennai", "region": "North", "zone_no": "03", "ward_no": "029", "road_id": "73068", "street_name": "VASUDEVA THOTTAM MAIN ROAD", "area_name": "MADHAVARAM(N029)", "area_id": "69020", "locality_name": "Ponniamman Medu(N029)", "locality_id": "69581", "layer_id": 1583.0, "object_id": 108.0 }, "geometry": { "type": "Point", "coordinates": [ 80.2316, 13.132 ] } },
{ "type": "Feature", "properties": { "corporation": "Chennai", "region": "North", "zone_no": "04", "ward_no": "041", "road_id": "2185", "street_name": "Periyar Salai (Anna Nagar Main Road)", "area_name": "Korukkupet", "area_id": "208", "locality_name": "Anna Nagar", "locality_id": "312", "layer_id": 1583.0, "object_id": 109.0 }, "geometry": { "type": "Point", "coordinates": [ 80.2746, 13.1215 ] } },
{ "type": "Feature", "properties": { "corporation": "Chennai", "region": "North", "zone_no": "05", "ward_no": "050", "road_id": "8334", "street_name": "Sooryanarayana (Chetty) Street", "area_name": "Royapuram", "area_id": "168", "locality_name": "Royapuram", "locality_id": "1754", "layer_id": 1583.0, "object_id": 110.0 }, "geometry": { "type": "Point", "coordinates": [ 80.2932, 13.1179 ] } },
{ "type": "Feature", "properties": { "corporation": "Chennai", "region": "North", "zone_no": "05", "ward_no": "050", "road_id": "4187", "street_name": "thambu Lane", "area_name": "Royapuram", "area_id": "168", "locality_name": "Royapuram", "locality_id": "1754", "layer_id": 1583.0, "object_id": 111.0 }, "geometry": { "type": "Point", "coordinates": [ 80.2951, 13.1167 ] } },
{ "type": "Feature", "properties": { "corporation": "Chennai", "region": "North", "zone_no": "05", "ward_no": "050", "road_id": "14497", "street_name": "Gouse Mohadeen Pettai Hutting Area", "area_name": "Royapuram", "area_id": "168", "locality_name": "Royapuram", "locality_id": "1754", "layer_id": 1583.0, "object_id": 112.0 }, "geometry": { "type": "Point", "coordinates": [ 80.2966, 13.1152 ] } },
{ "type": "Feature", "properties": { "corporation": "Chennai", "region": "North", "zone_no": "05", "ward_no": "050", "road_id": "10414", "street_name": "Venkatesa (Naiken) Street", "area_name": "Royapuram", "area_id": "168", "locality_name": "Royapuram", "locality_id": "1754", "layer_id": 1583.0, "object_id": 113.0 }, "geometry": { "type": "Point", "coordinates": [ 80.2961, 13.1124 ] } },
{ "type": "Feature", "properties": { "corporation": "Chennai", "region": "North", "zone_no": "05", "ward_no": "050", "road_id": "6027", "street_name": "North Madha Koil Street Extension", "area_name": "Royapuram", "area_id": "168", "locality_name": "Royapuram", "locality_id": "1754", "layer_id": 1583.0, "object_id": 114.0 }, "geometry": { "type": "Point", "coordinates": [ 80.2963, 13.1095 ] } },
{ "type": "Feature", "properties": { "corporation": "Chennai", "region": "North", "zone_no": "05", "ward_no": "050", "road_id": "10412", "street_name": "East Madha Chruch 10th Lane", "area_name": "Royapuram", "area_id": "168", "locality_name": "Royapuram", "locality_id": "1754", "layer_id": 1583.0, "object_id": 115.0 }, "geometry": { "type": "Point", "coordinates": [ 80.2972, 13.111 ] } },
{ "type": "Feature", "properties": { "corporation": "Chennai", "region": "North", "zone_no": "05", "ward_no": "050", "road_id": "9819", "street_name": "Albert Jesudoss Colony Main Road", "area_name": "Royapuram", "area_id": "168", "locality_name": "Kasimedu", "locality_id": "492", "layer_id": 1583.0, "object_id": 116.0 }, "geometry": { "type": "Point", "coordinates": [ 80.2952, 13.1196 ] } },
{ "type": "Feature", "properties": { "corporation": "Chennai", "region": "North", "zone_no": "05", "ward_no": "050", "road_id": "4189", "street_name": "Market Lane", "area_name": "Royapuram", "area_id": "168", "locality_name": "Royapuram", "locality_id": "1754", "layer_id": 1583.0, "object_id": 117.0 }, "geometry": { "type": "Point", "coordinates": [ 80.294, 13.1157 ] } },
{ "type": "Feature", "properties": { "corporation": "Chennai", "region": "North", "zone_no": "05", "ward_no": "052", "road_id": "14526", "street_name": "Mannar Samy Koil Street", "area_name": "Royapuram", "area_id": "168", "locality_name": "Royapuram", "locality_id": "1754", "layer_id": 1583.0, "object_id": 118.0 }, "geometry": { "type": "Point", "coordinates": [ 80.2907, 13.1034 ] } },
{ "type": "Feature", "properties": { "corporation": "Chennai", "region": "North", "zone_no": "05", "ward_no": "052", "road_id": "10415", "street_name": "Cementry Road", "area_name": "Royapuram", "area_id": "168", "locality_name": "Royapuram", "locality_id": "1754", "layer_id": 1583.0, "object_id": 119.0 }, "geometry": { "type": "Point", "coordinates": [ 80.2871, 13.109 ] } },
{ "type": "Feature", "properties": { "corporation": "Chennai", "region": "North", "zone_no": "05", "ward_no": "052", "road_id": "74544", "street_name": "Dr.V.R.Road (East)", "area_name": "Old Washermenpet", "area_id": "265", "locality_name": "Lalagunda(N052)", "locality_id": "71342", "layer_id": 1583.0, "object_id": 120.0 }, "geometry": { "type": "Point", "coordinates": [ 80.2801, 13.11 ] } },
{ "type": "Feature", "properties": { "corporation": "Chennai", "region": "North", "zone_no": "05", "ward_no": "052", "road_id": "91952", "street_name": "Kannan Street(S.No.1-12)", "area_name": "Old Washermenpet", "area_id": "265", "locality_name": "Old Washermenpet", "locality_id": "706", "layer_id": 1583.0, "object_id": 121.0 }, "geometry": { "type": "Point", "coordinates": [ 80.277, 13.1137 ] } },
{ "type": "Feature", "properties": { "corporation": "Chennai", "region": "Central", "zone_no": "06", "ward_no": "071", "road_id": "74993", "street_name": "Tank Link Road", "area_name": "Perambur", "area_id": "220", "locality_name": "Sembium(N070)", "locality_id": "70457", "layer_id": 1583.0, "object_id": 122.0 }, "geometry": { "type": "Point", "coordinates": [ 80.2434, 13.1097 ] } },
{ "type": "Feature", "properties": { "corporation": "Chennai", "region": "Central", "zone_no": "06", "ward_no": "071", "road_id": "91588", "street_name": "Perambur High Road", "area_name": "Jamaliya", "area_id": "267", "locality_name": "Jamaliya", "locality_id": "934", "layer_id": 1583.0, "object_id": 123.0 }, "geometry": { "type": "Point", "coordinates": [ 80.2426, 13.1086 ] } },
{ "type": "Feature", "properties": { "corporation": "Chennai", "region": "Central", "zone_no": "06", "ward_no": "071", "road_id": "91588", "street_name": "Perambur High Road", "area_name": "Jamaliya", "area_id": "267", "locality_name": "Jamaliya", "locality_id": "934", "layer_id": 1583.0, "object_id": 124.0 }, "geometry": { "type": "Point", "coordinates": [ 80.2487, 13.1082 ] } },
{ "type": "Feature", "properties": { "corporation": "Chennai", "region": "Central", "zone_no": "06", "ward_no": "071", "road_id": "74749", "street_name": "Chengan Street", "area_name": "Mettupalayam(N071)", "area_id": "69028", "locality_name": "Arundhathi Nagar(N071)", "locality_id": "69925", "layer_id": 1583.0, "object_id": 125.0 }, "geometry": { "type": "Point", "coordinates": [ 80.2534, 13.1074 ] } },
{ "type": "Feature", "properties": { "corporation": "Chennai", "region": "Central", "zone_no": "06", "ward_no": "071", "road_id": "85388", "street_name": "Chinnaiah Lane (Concrete)", "area_name": "Mettupalayam(N071)", "area_id": "69028", "locality_name": "Arundhathi Nagar(N071)", "locality_id": "69925", "layer_id": 1583.0, "object_id": 126.0 }, "geometry": { "type": "Point", "coordinates": [ 80.2553, 13.1071 ] } },
{ "type": "Feature", "properties": { "corporation": "Chennai", "region": "Central", "zone_no": "06", "ward_no": "071", "road_id": "74752", "street_name": "Govindan Street", "area_name": "Mettupalayam(N071)", "area_id": "69028", "locality_name": "Arundhathi Nagar(N071)", "locality_id": "69925", "layer_id": 1583.0, "object_id": 127.0 }, "geometry": { "type": "Point", "coordinates": [ 80.254, 13.108 ] } },
{ "type": "Feature", "properties": { "corporation": "Chennai", "region": "Central", "zone_no": "06", "ward_no": "071", "road_id": "74255", "street_name": "Melpatti Ponnappan Salai", "area_name": "Perambur", "area_id": "220", "locality_name": "Perambur(N071)", "locality_id": "69315", "layer_id": 1583.0, "object_id": 128.0 }, "geometry": { "type": "Point", "coordinates": [ 80.2519, 13.1148 ] } },
{ "type": "Feature", "properties": { "corporation": "Chennai", "region": "Central", "zone_no": "07", "ward_no": "092", "road_id": "24306", "street_name": "Venugopal Street", "area_name": "MUGAPPAIR", "area_id": "19176", "locality_name": "NEAR DAV GIRLS SCHOOL", "locality_id": "19438", "layer_id": 1583.0, "object_id": 129.0 }, "geometry": { "type": "Point", "coordinates": [ 80.1791, 13.0801 ] } },
{ "type": "Feature", "properties": { "corporation": "Chennai", "region": "Central", "zone_no": "07", "ward_no": "092", "road_id": null, "street_name": "Ambedhkar 4th Street", "area_name": "MUGAPPAIR", "area_id": "19176", "locality_name": "NEAR DAV GIRLS SCHOOL", "locality_id": "19438", "layer_id": 1583.0, "object_id": 130.0 }, "geometry": { "type": "Point", "coordinates": [ 80.178, 13.0778 ] } },
{ "type": "Feature", "properties": { "corporation": "Chennai", "region": "Central", "zone_no": "09", "ward_no": "123", "road_id": "75938", "street_name": "Pallakku Maniyam T.N.S.C.B. Quarters", "area_name": "Mylapore", "area_id": "266", "locality_name": "Pallakku Maniyam(N123)", "locality_id": "70788", "layer_id": 1583.0, "object_id": 131.0 }, "geometry": { "type": "Point", "coordinates": [ 80.2665, 13.0363 ] } },
{ "type": "Feature", "properties": { "corporation": "Chennai", "region": "Central", "zone_no": "09", "ward_no": "123", "road_id": "6096", "street_name": "Subbarayan Salai Canal Bank Road", "area_name": "Mylapore", "area_id": "266", "locality_name": "Mylapore", "locality_id": "1755", "layer_id": 1583.0, "object_id": 132.0 }, "geometry": { "type": "Point", "coordinates": [ 80.2631, 13.0324 ] } },
{ "type": "Feature", "properties": { "corporation": "Chennai", "region": "Central", "zone_no": "09", "ward_no": "123", "road_id": "18271", "street_name": "st. Marys Road", "area_name": "Mandavelipakkam", "area_id": "279", "locality_name": "Mandavelipakkam", "locality_id": "1886", "layer_id": 1583.0, "object_id": 133.0 }, "geometry": { "type": "Point", "coordinates": [ 80.2608, 13.0292 ] } },
{ "type": "Feature", "properties": { "corporation": "Chennai", "region": "Central", "zone_no": "09", "ward_no": "123", "road_id": "15921", "street_name": "Raja Annamalaipuram 3rd Cross Street", "area_name": "Raja Annamalai Puram", "area_id": "245", "locality_name": "Raja Annamalai Puram", "locality_id": "1666", "layer_id": 1583.0, "object_id": 134.0 }, "geometry": { "type": "Point", "coordinates": [ 80.2573, 13.0262 ] } },
{ "type": "Feature", "properties": { "corporation": "Chennai", "region": "Central", "zone_no": "09", "ward_no": "123", "road_id": "9334", "street_name": "thiruvalluvar Salai", "area_name": "Teynampet", "area_id": "259", "locality_name": "Teynampet", "locality_id": "401", "layer_id": 1583.0, "object_id": 135.0 }, "geometry": { "type": "Point", "coordinates": [ 80.2507, 13.0355 ] } },
{ "type": "Feature", "properties": { "corporation": "Chennai", "region": "Central", "zone_no": "09", "ward_no": "123", "road_id": "6101", "street_name": "Luz Church Road", "area_name": "Mylapore", "area_id": "266", "locality_name": "Luz", "locality_id": "1524", "layer_id": 1583.0, "object_id": 136.0 }, "geometry": { "type": "Point", "coordinates": [ 80.2634, 13.0374 ] } },
{ "type": "Feature", "properties": { "corporation": "Chennai", "region": "Central", "zone_no": "09", "ward_no": "123", "road_id": "16285", "street_name": "C.P. Ramasami Road", "area_name": "Alwarpet", "area_id": "276", "locality_name": "Alwarpet", "locality_id": "1850", "layer_id": 1583.0, "object_id": 137.0 }, "geometry": { "type": "Point", "coordinates": [ 80.2571, 13.0344 ] } },
{ "type": "Feature", "properties": { "corporation": "Chennai", "region": "Central", "zone_no": "09", "ward_no": "124", "road_id": "13662", "street_name": "Shanmugam Pillai Street", "area_name": "Mylapore", "area_id": "266", "locality_name": "Slaterpuram", "locality_id": "629", "layer_id": 1583.0, "object_id": 138.0 }, "geometry": { "type": "Point", "coordinates": [ 80.2741, 13.0413 ] } },
{ "type": "Feature", "properties": { "corporation": "Chennai", "region": "Central", "zone_no": "09", "ward_no": "124", "road_id": "10150", "street_name": "Ramakrishnapuram 6th Street", "area_name": "Mylapore", "area_id": "266", "locality_name": "Ramakrishnapuram", "locality_id": "693", "layer_id": 1583.0, "object_id": 139.0 }, "geometry": { "type": "Point", "coordinates": [ 80.2704, 13.0369 ] } },
{ "type": "Feature", "properties": { "corporation": "Chennai", "region": "Central", "zone_no": "09", "ward_no": "124", "road_id": "13697", "street_name": "R.K. Mutt Road", "area_name": "Mylapore", "area_id": "266", "locality_name": "Mylapore", "locality_id": "1755", "layer_id": 1583.0, "object_id": 140.0 }, "geometry": { "type": "Point", "coordinates": [ 80.268, 13.0361 ] } },
{ "type": "Feature", "properties": { "corporation": "Chennai", "region": "Central", "zone_no": "09", "ward_no": "124", "road_id": "3408", "street_name": "Kutchery Road", "area_name": "Mylapore", "area_id": "266", "locality_name": "Mylapore", "locality_id": "1755", "layer_id": 1583.0, "object_id": 141.0 }, "geometry": { "type": "Point", "coordinates": [ 80.2678, 13.037 ] } },
{ "type": "Feature", "properties": { "corporation": "Chennai", "region": "Central", "zone_no": "09", "ward_no": "124", "road_id": "11675", "street_name": "North Mada Street", "area_name": "Mylapore", "area_id": "266", "locality_name": "Mylapore", "locality_id": "1755", "layer_id": 1583.0, "object_id": 142.0 }, "geometry": { "type": "Point", "coordinates": [ 80.2695, 13.0343 ] } },
{ "type": "Feature", "properties": { "corporation": "Chennai", "region": "Central", "zone_no": "09", "ward_no": "124", "road_id": "3946", "street_name": "Mosque Street", "area_name": "Mylapore", "area_id": "266", "locality_name": "Mylapore", "locality_id": "1755", "layer_id": 1583.0, "object_id": 143.0 }, "geometry": { "type": "Point", "coordinates": [ 80.2699, 13.0304 ] } },
{ "type": "Feature", "properties": { "corporation": "Chennai", "region": "Central", "zone_no": "09", "ward_no": "124", "road_id": null, "street_name": "St. Marys Road", "area_name": "Mandavelipakkam", "area_id": "279", "locality_name": "Mandavelipakkam", "locality_id": "1886", "layer_id": 1583.0, "object_id": 144.0 }, "geometry": { "type": "Point", "coordinates": [ 80.2637, 13.0296 ] } },
{ "type": "Feature", "properties": { "corporation": "Chennai", "region": "Central", "zone_no": "09", "ward_no": "124", "road_id": null, "street_name": "st. Marys Road", "area_name": "Mandavelipakkam", "area_id": "279", "locality_name": "Mandavelipakkam", "locality_id": "1886", "layer_id": 1583.0, "object_id": 145.0 }, "geometry": { "type": "Point", "coordinates": [ 80.2616, 13.0298 ] } },
{ "type": "Feature", "properties": { "corporation": "Chennai", "region": "Central", "zone_no": "10", "ward_no": "139", "road_id": "13610", "street_name": "R.R.Colony I Cross Street", "area_name": "Jafferkhanpet", "area_id": "202", "locality_name": "R.R. Colony", "locality_id": "1449", "layer_id": 1583.0, "object_id": 146.0 }, "geometry": { "type": "Point", "coordinates": [ 80.216, 13.0283 ] } },
{ "type": "Feature", "properties": { "corporation": "Chennai", "region": "Central", "zone_no": "10", "ward_no": "139", "road_id": "3719", "street_name": "West Jones Road", "area_name": "Saidapet West", "area_id": "218", "locality_name": "Saidapet West", "locality_id": "1509", "layer_id": 1583.0, "object_id": 147.0 }, "geometry": { "type": "Point", "coordinates": [ 80.2132, 13.0243 ] } },
{ "type": "Feature", "properties": { "corporation": "Chennai", "region": "Central", "zone_no": "10", "ward_no": "139", "road_id": "68545", "street_name": "Balasubramaniam Street", "area_name": "Jafferkhanpet", "area_id": "202", "locality_name": "V.O.C. Block", "locality_id": "1048", "layer_id": 1583.0, "object_id": 148.0 }, "geometry": { "type": "Point", "coordinates": [ 80.2124, 13.0251 ] } },
{ "type": "Feature", "properties": { "corporation": "Chennai", "region": "Central", "zone_no": "10", "ward_no": "139", "road_id": "9573", "street_name": "V.S.M.Garden Street", "area_name": "Jafferkhanpet", "area_id": "202", "locality_name": "V.S.M. Garden", "locality_id": "1682", "layer_id": 1583.0, "object_id": 149.0 }, "geometry": { "type": "Point", "coordinates": [ 80.2142, 13.0273 ] } },
{ "type": "Feature", "properties": { "corporation": "Chennai", "region": "Central", "zone_no": "10", "ward_no": "139", "road_id": "7707", "street_name": "M.P.Balan Street", "area_name": "Saidapet", "area_id": "222", "locality_name": "Jothi Ramalingam Nagar", "locality_id": "1676", "layer_id": 1583.0, "object_id": 150.0 }, "geometry": { "type": "Point", "coordinates": [ 80.2119, 13.0238 ] } },
{ "type": "Feature", "properties": { "corporation": "Chennai", "region": "Central", "zone_no": "10", "ward_no": "139", "road_id": "7828", "street_name": "Erikarai Street", "area_name": "Jafferkhanpet", "area_id": "202", "locality_name": "Jafferkhanpet", "locality_id": "1677", "layer_id": 1583.0, "object_id": 151.0 }, "geometry": { "type": "Point", "coordinates": [ 80.2125, 13.0293 ] } },
{ "type": "Feature", "properties": { "corporation": "Chennai", "region": "Central", "zone_no": "10", "ward_no": "140", "road_id": "9872", "street_name": "Kodambakkam Road", "area_name": "Saidapet", "area_id": "222", "locality_name": "West Saidapet", "locality_id": "1128", "layer_id": 1583.0, "object_id": 152.0 }, "geometry": { "type": "Point", "coordinates": [ 80.2197, 13.0261 ] } },
{ "type": "Feature", "properties": { "corporation": "Chennai", "region": "Central", "zone_no": "10", "ward_no": "140", "road_id": "11962", "street_name": "L.I.C.Colony Main Road", "area_name": "West Mambalam", "area_id": "236", "locality_name": "L.I.C. Colony", "locality_id": "1300", "layer_id": 1583.0, "object_id": 153.0 }, "geometry": { "type": "Point", "coordinates": [ 80.2184, 13.0314 ] } },
{ "type": "Feature", "properties": { "corporation": "Chennai", "region": "Central", "zone_no": "10", "ward_no": "140", "road_id": "7788", "street_name": "Adhikesavaperumal Koil Street", "area_name": "West Mambalam", "area_id": "236", "locality_name": "West Mambalam", "locality_id": "709", "layer_id": 1583.0, "object_id": 154.0 }, "geometry": { "type": "Point", "coordinates": [ 80.2216, 13.0313 ] } },
{ "type": "Feature", "properties": { "corporation": "Chennai", "region": "North", "zone_no": "05", "ward_no": "051", "road_id": null, "street_name": "Manikar Chowltry Road", "area_name": "Old Washermenpet", "area_id": "265", "locality_name": "Old Washermenpet", "locality_id": "706", "layer_id": 1583.0, "object_id": 155.0 }, "geometry": { "type": "Point", "coordinates": [ 80.2878, 13.1098 ] } },
{ "type": "Feature", "properties": { "corporation": "Chennai", "region": "North", "zone_no": "05", "ward_no": "051", "road_id": "16526", "street_name": "West Cementry Road", "area_name": "Old Washermenpet", "area_id": "265", "locality_name": "Old Washermenpet", "locality_id": "706", "layer_id": 1583.0, "object_id": 156.0 }, "geometry": { "type": "Point", "coordinates": [ 80.2827, 13.1124 ] } },
{ "type": "Feature", "properties": { "corporation": "Chennai", "region": "North", "zone_no": "05", "ward_no": "051", "road_id": "10420", "street_name": "Narayanappa  Naiken 8th Lane", "area_name": "Old Washermenpet", "area_id": "265", "locality_name": "Old Washermenpet", "locality_id": "706", "layer_id": 1583.0, "object_id": 157.0 }, "geometry": { "type": "Point", "coordinates": [ 80.287, 13.1119 ] } },
{ "type": "Feature", "properties": { "corporation": "Chennai", "region": "North", "zone_no": "05", "ward_no": "051", "road_id": "91485", "street_name": "Jagannathan Street", "area_name": "Old Washermenpet", "area_id": "265", "locality_name": "Old Washermenpet", "locality_id": "706", "layer_id": 1583.0, "object_id": 158.0 }, "geometry": { "type": "Point", "coordinates": [ 80.2885, 13.1111 ] } },
{ "type": "Feature", "properties": { "corporation": "Chennai", "region": "North", "zone_no": "04", "ward_no": "040", "road_id": "10399", "street_name": "Jeeva Nagar Main Road", "area_name": "Tondiarpet", "area_id": "263", "locality_name": "Jeeva Nagar", "locality_id": "926", "layer_id": 1583.0, "object_id": 159.0 }, "geometry": { "type": "Point", "coordinates": [ 80.2911, 13.1388 ] } },
{ "type": "Feature", "properties": { "corporation": "Chennai", "region": "North", "zone_no": "04", "ward_no": "040", "road_id": "8319", "street_name": "Arunachaleswar Koil Street", "area_name": "Tondiarpet", "area_id": "263", "locality_name": "Jeeva Nagar", "locality_id": "926", "layer_id": 1583.0, "object_id": 160.0 }, "geometry": { "type": "Point", "coordinates": [ 80.2926, 13.1343 ] } },
{ "type": "Feature", "properties": { "corporation": "Chennai", "region": "North", "zone_no": "04", "ward_no": "040", "road_id": "14482", "street_name": "A.A.Scheme Road", "area_name": "Tondiarpet", "area_id": "263", "locality_name": "Jeeva Nagar", "locality_id": "926", "layer_id": 1583.0, "object_id": 161.0 }, "geometry": { "type": "Point", "coordinates": [ 80.2896, 13.1335 ] } },
{ "type": "Feature", "properties": { "corporation": "Chennai", "region": "North", "zone_no": "04", "ward_no": "040", "road_id": "8320", "street_name": "Annaisathya Nagar", "area_name": "Tondiarpet", "area_id": "263", "locality_name": "Jeeva Nagar", "locality_id": "926", "layer_id": 1583.0, "object_id": 162.0 }, "geometry": { "type": "Point", "coordinates": [ 80.2915, 13.1353 ] } },
{ "type": "Feature", "properties": { "corporation": "Chennai", "region": "North", "zone_no": "05", "ward_no": "059", "road_id": "2492", "street_name": "Voc Salai", "area_name": "Edapalayam", "area_id": "179", "locality_name": "Edapalayam", "locality_id": "1170", "layer_id": 1583.0, "object_id": 163.0 }, "geometry": { "type": "Point", "coordinates": [ 80.2761, 13.0831 ] } },
{ "type": "Feature", "properties": { "corporation": "Chennai", "region": "North", "zone_no": "05", "ward_no": "059", "road_id": "2492", "street_name": "Voc Salai", "area_name": "Edapalayam", "area_id": "179", "locality_name": "Edapalayam", "locality_id": "1170", "layer_id": 1583.0, "object_id": 164.0 }, "geometry": { "type": "Point", "coordinates": [ 80.2762, 13.0831 ] } },
{ "type": "Feature", "properties": { "corporation": "Chennai", "region": "North", "zone_no": "05", "ward_no": "059", "road_id": "2492", "street_name": "Voc Salai", "area_name": "Edapalayam", "area_id": "179", "locality_name": "Edapalayam", "locality_id": "1170", "layer_id": 1583.0, "object_id": 165.0 }, "geometry": { "type": "Point", "coordinates": [ 80.2752, 13.0885 ] } },
{ "type": "Feature", "properties": { "corporation": "Chennai", "region": "North", "zone_no": "05", "ward_no": "059", "road_id": null, "street_name": "South Mint Street", "area_name": "Edapalayam", "area_id": "179", "locality_name": "Edapalayam", "locality_id": "1170", "layer_id": 1583.0, "object_id": 166.0 }, "geometry": { "type": "Point", "coordinates": [ 80.278, 13.0832 ] } },
{ "type": "Feature", "properties": { "corporation": "Chennai", "region": "North", "zone_no": "05", "ward_no": "059", "road_id": "8660", "street_name": "Nainiappan Naicken Street", "area_name": "Edapalayam", "area_id": "179", "locality_name": "Edapalayam", "locality_id": "1170", "layer_id": 1583.0, "object_id": 167.0 }, "geometry": { "type": "Point", "coordinates": [ 80.279, 13.0841 ] } },
{ "type": "Feature", "properties": { "corporation": "Chennai", "region": "North", "zone_no": "05", "ward_no": "059", "road_id": "2494", "street_name": "Evening Bazaar Road", "area_name": "Edapalayam", "area_id": "179", "locality_name": "Edapalayam", "locality_id": "1170", "layer_id": 1583.0, "object_id": 168.0 }, "geometry": { "type": "Point", "coordinates": [ 80.2791, 13.0847 ] } },
{ "type": "Feature", "properties": { "corporation": "Chennai", "region": "North", "zone_no": "05", "ward_no": "059", "road_id": "8040", "street_name": "Ratan Bazar (Alias) Irusappa Mesthiri Street", "area_name": "Edapalayam", "area_id": "179", "locality_name": "Edapalayam", "locality_id": "1170", "layer_id": 1583.0, "object_id": 169.0 }, "geometry": { "type": "Point", "coordinates": [ 80.281, 13.0859 ] } },
{ "type": "Feature", "properties": { "corporation": "Chennai", "region": "North", "zone_no": "05", "ward_no": "059", "road_id": "8658", "street_name": "Nsc Bose Road", "area_name": "Edapalayam", "area_id": "179", "locality_name": "Edapalayam", "locality_id": "1170", "layer_id": 1583.0, "object_id": 170.0 }, "geometry": { "type": "Point", "coordinates": [ 80.2841, 13.0869 ] } },
{ "type": "Feature", "properties": { "corporation": "Chennai", "region": "North", "zone_no": "05", "ward_no": "059", "road_id": "8658", "street_name": "Nsc Bose Road", "area_name": "Edapalayam", "area_id": "179", "locality_name": "Edapalayam", "locality_id": "1170", "layer_id": 1583.0, "object_id": 171.0 }, "geometry": { "type": "Point", "coordinates": [ 80.2841, 13.0868 ] } },
{ "type": "Feature", "properties": { "corporation": "Chennai", "region": "North", "zone_no": "05", "ward_no": "059", "road_id": "8658", "street_name": "Nsc Bose Road", "area_name": "Edapalayam", "area_id": "179", "locality_name": "Edapalayam", "locality_id": "1170", "layer_id": 1583.0, "object_id": 172.0 }, "geometry": { "type": "Point", "coordinates": [ 80.2841, 13.0878 ] } },
{ "type": "Feature", "properties": { "corporation": "Chennai", "region": "North", "zone_no": "05", "ward_no": "059", "road_id": "8658", "street_name": "Nsc Bose Road", "area_name": "Edapalayam", "area_id": "179", "locality_name": "Edapalayam", "locality_id": "1170", "layer_id": 1583.0, "object_id": 173.0 }, "geometry": { "type": "Point", "coordinates": [ 80.2822, 13.0882 ] } },
{ "type": "Feature", "properties": { "corporation": "Chennai", "region": "North", "zone_no": "05", "ward_no": "059", "road_id": "6617", "street_name": "Evr Salai", "area_name": "Edapalayam", "area_id": "179", "locality_name": "Edapalayam", "locality_id": "1170", "layer_id": 1583.0, "object_id": 174.0 }, "geometry": { "type": "Point", "coordinates": [ 80.2754, 13.0801 ] } },
{ "type": "Feature", "properties": { "corporation": "Chennai", "region": "North", "zone_no": "05", "ward_no": "059", "road_id": "8278", "street_name": "S.M Nagar Main Road", "area_name": "Anna Salai", "area_id": "223", "locality_name": "Anna Salai", "locality_id": "922", "layer_id": 1583.0, "object_id": 175.0 }, "geometry": { "type": "Point", "coordinates": [ 80.281, 13.0783 ] } },
{ "type": "Feature", "properties": { "corporation": "Chennai", "region": "North", "zone_no": "05", "ward_no": "059", "road_id": "8278", "street_name": "S.M Nagar Main Road", "area_name": "Anna Salai", "area_id": "223", "locality_name": "Anna Salai", "locality_id": "922", "layer_id": 1583.0, "object_id": 176.0 }, "geometry": { "type": "Point", "coordinates": [ 80.2804, 13.0784 ] } },
{ "type": "Feature", "properties": { "corporation": "Chennai", "region": "North", "zone_no": "05", "ward_no": "059", "road_id": "8278", "street_name": "S.M Nagar Main Road", "area_name": "Anna Salai", "area_id": "223", "locality_name": "Anna Salai", "locality_id": "922", "layer_id": 1583.0, "object_id": 177.0 }, "geometry": { "type": "Point", "coordinates": [ 80.2798, 13.0785 ] } },
{ "type": "Feature", "properties": { "corporation": "Chennai", "region": "North", "zone_no": "05", "ward_no": "059", "road_id": "8278", "street_name": "S.M Nagar Main Road", "area_name": "Anna Salai", "area_id": "223", "locality_name": "Anna Salai", "locality_id": "922", "layer_id": 1583.0, "object_id": 178.0 }, "geometry": { "type": "Point", "coordinates": [ 80.2799, 13.0784 ] } },
{ "type": "Feature", "properties": { "corporation": "Chennai", "region": "North", "zone_no": "05", "ward_no": "059", "road_id": "8278", "street_name": "S.M Nagar Main Road", "area_name": "Anna Salai", "area_id": "223", "locality_name": "Anna Salai", "locality_id": "922", "layer_id": 1583.0, "object_id": 179.0 }, "geometry": { "type": "Point", "coordinates": [ 80.2791, 13.0785 ] } },
{ "type": "Feature", "properties": { "corporation": "Chennai", "region": "North", "zone_no": "05", "ward_no": "059", "road_id": "8278", "street_name": "S.M Nagar Main Road", "area_name": "Anna Salai", "area_id": "223", "locality_name": "Anna Salai", "locality_id": "922", "layer_id": 1583.0, "object_id": 180.0 }, "geometry": { "type": "Point", "coordinates": [ 80.2789, 13.0784 ] } },
{ "type": "Feature", "properties": { "corporation": "Chennai", "region": "North", "zone_no": "05", "ward_no": "059", "road_id": "8278", "street_name": "S.M Nagar Main Road", "area_name": "Anna Salai", "area_id": "223", "locality_name": "Anna Salai", "locality_id": "922", "layer_id": 1583.0, "object_id": 181.0 }, "geometry": { "type": "Point", "coordinates": [ 80.2788, 13.0785 ] } },
{ "type": "Feature", "properties": { "corporation": "Chennai", "region": "North", "zone_no": "05", "ward_no": "059", "road_id": "8278", "street_name": "S.M Nagar Main Road", "area_name": "Anna Salai", "area_id": "223", "locality_name": "Anna Salai", "locality_id": "922", "layer_id": 1583.0, "object_id": 182.0 }, "geometry": { "type": "Point", "coordinates": [ 80.2777, 13.0785 ] } },
{ "type": "Feature", "properties": { "corporation": "Chennai", "region": "North", "zone_no": "05", "ward_no": "059", "road_id": null, "street_name": "Gandhi Nagar", "area_name": "Anna Salai", "area_id": "223", "locality_name": "Anna Salai", "locality_id": "922", "layer_id": 1583.0, "object_id": 183.0 }, "geometry": { "type": "Point", "coordinates": [ 80.2749, 13.079 ] } },
{ "type": "Feature", "properties": { "corporation": "Chennai", "region": "North", "zone_no": "05", "ward_no": "059", "road_id": "5106", "street_name": "Pallavan Road", "area_name": "Chepauk", "area_id": "237", "locality_name": "Pallavan Nagar", "locality_id": "1241", "layer_id": 1583.0, "object_id": 184.0 }, "geometry": { "type": "Point", "coordinates": [ 80.2764, 13.0768 ] } },
{ "type": "Feature", "properties": { "corporation": "Chennai", "region": "South", "zone_no": "14", "ward_no": "181", "road_id": null, "street_name": "Muthalamman Koil 7th 2nd Link Street", "area_name": "Kottivakkam(N181)", "area_id": "69163", "locality_name": "Kuppam Main Road(N181)", "locality_id": "71201", "layer_id": 1583.0, "object_id": 185.0 }, "geometry": { "type": "Point", "coordinates": [ 80.2647, 12.9668 ] } },
{ "type": "Feature", "properties": { "corporation": "Chennai", "region": "South", "zone_no": "14", "ward_no": "181", "road_id": "82855", "street_name": "Water land Main Road", "area_name": "Kottivakkam(N181)", "area_id": "69163", "locality_name": "Kavery Nagar(N181)", "locality_id": "70600", "layer_id": 1583.0, "object_id": 186.0 }, "geometry": { "type": "Point", "coordinates": [ 80.2652, 12.9699 ] } },
{ "type": "Feature", "properties": { "corporation": "Chennai", "region": "South", "zone_no": "14", "ward_no": "182", "road_id": "85124", "street_name": "Erikarai Street", "area_name": "Perungudi(N182)", "area_id": "69074", "locality_name": "Kandanchavadi(N182)", "locality_id": "70250", "layer_id": 1583.0, "object_id": 187.0 }, "geometry": { "type": "Point", "coordinates": [ 80.2413, 12.9642 ] } },
{ "type": "Feature", "properties": { "corporation": "Chennai", "region": "North", "zone_no": "03", "ward_no": "030", "road_id": "72300", "street_name": "P.R.H. Road", "area_name": "MADHAVARAM", "area_id": "19117", "locality_name": "VINAYAGAPURAM(N030)", "locality_id": "69572", "layer_id": 1583.0, "object_id": 188.0 }, "geometry": { "type": "Point", "coordinates": [ 80.212, 13.1329 ] } },
{ "type": "Feature", "properties": { "corporation": "Chennai", "region": "North", "zone_no": "03", "ward_no": "030", "road_id": "87094", "street_name": "Thiru Vi Ka Street", "area_name": "KATHIRVEDU(N031)", "area_id": "69120", "locality_name": "KATHIRVEDU SOUTH WEST(N031)", "locality_id": "70699", "layer_id": 1583.0, "object_id": 189.0 }, "geometry": { "type": "Point", "coordinates": [ 80.2054, 13.1397 ] } },
{ "type": "Feature", "properties": { "corporation": "Chennai", "region": "North", "zone_no": "05", "ward_no": "053", "road_id": "16658", "street_name": "North Wall Road", "area_name": "Kondithoppu", "area_id": "191", "locality_name": "Kondithoppu", "locality_id": "314", "layer_id": 1583.0, "object_id": 190.0 }, "geometry": { "type": "Point", "coordinates": [ 80.2761, 13.1041 ] } },
{ "type": "Feature", "properties": { "corporation": "Chennai", "region": "North", "zone_no": "05", "ward_no": "053", "road_id": "8388", "street_name": "Basin Bridge Road (E.S.I Blocks  Police And Excise Qu)", "area_name": "Basin Bridge", "area_id": "224", "locality_name": "Vallalar Nagar", "locality_id": "1344", "layer_id": 1583.0, "object_id": 191.0 }, "geometry": { "type": "Point", "coordinates": [ 80.2744, 13.104 ] } },
{ "type": "Feature", "properties": { "corporation": "Chennai", "region": "North", "zone_no": "05", "ward_no": "053", "road_id": "12526", "street_name": "V.O.C Salai (Walltax Road)", "area_name": "Basin Bridge", "area_id": "224", "locality_name": "Vallalar Nagar", "locality_id": "1344", "layer_id": 1583.0, "object_id": 192.0 }, "geometry": { "type": "Point", "coordinates": [ 80.2739, 13.1027 ] } },
{ "type": "Feature", "properties": { "corporation": "Chennai", "region": "North", "zone_no": "05", "ward_no": "053", "road_id": "2217", "street_name": "Periyapalaiyathamman Koil East Street", "area_name": "Old Washermenpet", "area_id": "265", "locality_name": "Moolakothalam", "locality_id": "717", "layer_id": 1583.0, "object_id": 193.0 }, "geometry": { "type": "Point", "coordinates": [ 80.2745, 13.1065 ] } },
{ "type": "Feature", "properties": { "corporation": "Chennai", "region": "North", "zone_no": "05", "ward_no": "053", "road_id": "2217", "street_name": "Periyapalaiyathamman Koil East Street", "area_name": "Old Washermenpet", "area_id": "265", "locality_name": "Moolakothalam", "locality_id": "717", "layer_id": 1583.0, "object_id": 194.0 }, "geometry": { "type": "Point", "coordinates": [ 80.2745, 13.1063 ] } },
{ "type": "Feature", "properties": { "corporation": "Chennai", "region": "North", "zone_no": "05", "ward_no": "053", "road_id": "2217", "street_name": "Periyapalaiyathamman Koil East Street", "area_name": "Old Washermenpet", "area_id": "265", "locality_name": "Moolakothalam", "locality_id": "717", "layer_id": 1583.0, "object_id": 195.0 }, "geometry": { "type": "Point", "coordinates": [ 80.2743, 13.107 ] } },
{ "type": "Feature", "properties": { "corporation": "Chennai", "region": "North", "zone_no": "05", "ward_no": "053", "road_id": "16657", "street_name": "P.S.N. Bridge Road ( T.H Road )", "area_name": "Old Washermenpet", "area_id": "265", "locality_name": "Old Washermenpet", "locality_id": "706", "layer_id": 1583.0, "object_id": 196.0 }, "geometry": { "type": "Point", "coordinates": [ 80.2801, 13.1068 ] } },
{ "type": "Feature", "properties": { "corporation": "Chennai", "region": "North", "zone_no": "05", "ward_no": "053", "road_id": "12618", "street_name": "Kathivakam High Road", "area_name": "Basin Bridge", "area_id": "224", "locality_name": "Basin Bridge", "locality_id": "1352", "layer_id": 1583.0, "object_id": 197.0 }, "geometry": { "type": "Point", "coordinates": [ 80.2797, 13.1071 ] } },
{ "type": "Feature", "properties": { "corporation": "Chennai", "region": "North", "zone_no": "05", "ward_no": "053", "road_id": "6465", "street_name": "New Pensioner 3rd Street", "area_name": "Old Washermenpet", "area_id": "265", "locality_name": "Old Washermenpet", "locality_id": "706", "layer_id": 1583.0, "object_id": 198.0 }, "geometry": { "type": "Point", "coordinates": [ 80.2791, 13.1087 ] } },
{ "type": "Feature", "properties": { "corporation": "Chennai", "region": "North", "zone_no": "05", "ward_no": "053", "road_id": "6303", "street_name": "Bojaraja Nagar Main Street", "area_name": "Old Washermenpet", "area_id": "265", "locality_name": "Bojaraja Nagar", "locality_id": "1757", "layer_id": 1583.0, "object_id": 199.0 }, "geometry": { "type": "Point", "coordinates": [ 80.277, 13.1113 ] } },
{ "type": "Feature", "properties": { "corporation": "Chennai", "region": "North", "zone_no": "05", "ward_no": "053", "road_id": "6301", "street_name": "Srinivasapuram 2nd Street", "area_name": "Old Washermenpet", "area_id": "265", "locality_name": "Srinivasapuram", "locality_id": "1553", "layer_id": 1583.0, "object_id": 200.0 }, "geometry": { "type": "Point", "coordinates": [ 80.2761, 13.1129 ] } },
{ "type": "Feature", "properties": { "corporation": "Chennai", "region": "North", "zone_no": "05", "ward_no": "053", "road_id": "10550", "street_name": "Kathpada New Labour Lane (West)", "area_name": "Basin Bridge", "area_id": "224", "locality_name": "Basin Bridge", "locality_id": "1352", "layer_id": 1583.0, "object_id": 201.0 }, "geometry": { "type": "Point", "coordinates": [ 80.2757, 13.106 ] } },
{ "type": "Feature", "properties": { "corporation": "Chennai", "region": "North", "zone_no": "05", "ward_no": "053", "road_id": "16656", "street_name": "Kathpada Labour New Lane (South)", "area_name": "Basin Bridge", "area_id": "224", "locality_name": "Basin Bridge", "locality_id": "1352", "layer_id": 1583.0, "object_id": 202.0 }, "geometry": { "type": "Point", "coordinates": [ 80.2758, 13.1054 ] } },
{ "type": "Feature", "properties": { "corporation": "Chennai", "region": "North", "zone_no": "05", "ward_no": "053", "road_id": "12531", "street_name": "Kathpada Main Road", "area_name": "Old Washermenpet", "area_id": "265", "locality_name": "Moolakothalam", "locality_id": "717", "layer_id": 1583.0, "object_id": 203.0 }, "geometry": { "type": "Point", "coordinates": [ 80.2756, 13.1062 ] } },
{ "type": "Feature", "properties": { "corporation": "Chennai", "region": "North", "zone_no": "05", "ward_no": "053", "road_id": "12531", "street_name": "Kathpada Main Road", "area_name": "Old Washermenpet", "area_id": "265", "locality_name": "Moolakothalam", "locality_id": "717", "layer_id": 1583.0, "object_id": 204.0 }, "geometry": { "type": "Point", "coordinates": [ 80.2768, 13.1067 ] } },
{ "type": "Feature", "properties": { "corporation": "Chennai", "region": "North", "zone_no": "05", "ward_no": "053", "road_id": "2217", "street_name": "Periyapalaiyathamman Koil East Street", "area_name": "Old Washermenpet", "area_id": "265", "locality_name": "Moolakothalam", "locality_id": "717", "layer_id": 1583.0, "object_id": 205.0 }, "geometry": { "type": "Point", "coordinates": [ 80.274, 13.1076 ] } },
{ "type": "Feature", "properties": { "corporation": "Chennai", "region": "North", "zone_no": "05", "ward_no": "053", "road_id": "2217", "street_name": "Periyapalaiyathamman Koil East Street", "area_name": "Old Washermenpet", "area_id": "265", "locality_name": "Moolakothalam", "locality_id": "717", "layer_id": 1583.0, "object_id": 206.0 }, "geometry": { "type": "Point", "coordinates": [ 80.2739, 13.1076 ] } },
{ "type": "Feature", "properties": { "corporation": "Chennai", "region": "North", "zone_no": "05", "ward_no": "053", "road_id": "6383", "street_name": "Cocrane Basin. Road", "area_name": "Old Washermenpet", "area_id": "265", "locality_name": "Moolakothalam", "locality_id": "717", "layer_id": 1583.0, "object_id": 207.0 }, "geometry": { "type": "Point", "coordinates": [ 80.2726, 13.1062 ] } },
{ "type": "Feature", "properties": { "corporation": "Chennai", "region": "North", "zone_no": "05", "ward_no": "053", "road_id": "6383", "street_name": "Cocrane Basin. Road", "area_name": "Old Washermenpet", "area_id": "265", "locality_name": "Moolakothalam", "locality_id": "717", "layer_id": 1583.0, "object_id": 208.0 }, "geometry": { "type": "Point", "coordinates": [ 80.2725, 13.108 ] } },
{ "type": "Feature", "properties": { "corporation": "Chennai", "region": "North", "zone_no": "05", "ward_no": "053", "road_id": "6461", "street_name": "Canal Street", "area_name": "Old Washermenpet", "area_id": "265", "locality_name": "Moolakothalam", "locality_id": "717", "layer_id": 1583.0, "object_id": 209.0 }, "geometry": { "type": "Point", "coordinates": [ 80.272, 13.1081 ] } },
{ "type": "Feature", "properties": { "corporation": "Chennai", "region": "North", "zone_no": "05", "ward_no": "053", "road_id": "14668", "street_name": "stanly Nagar 5th Street", "area_name": "Old Washermenpet", "area_id": "265", "locality_name": "Moolakothalam", "locality_id": "717", "layer_id": 1583.0, "object_id": 210.0 }, "geometry": { "type": "Point", "coordinates": [ 80.2712, 13.11 ] } },
{ "type": "Feature", "properties": { "corporation": "Chennai", "region": "North", "zone_no": "05", "ward_no": "053", "road_id": "6383", "street_name": "Cocrane Basin. Road", "area_name": "Old Washermenpet", "area_id": "265", "locality_name": "Moolakothalam", "locality_id": "717", "layer_id": 1583.0, "object_id": 211.0 }, "geometry": { "type": "Point", "coordinates": [ 80.2735, 13.11 ] } },
{ "type": "Feature", "properties": { "corporation": "Chennai", "region": "North", "zone_no": "05", "ward_no": "055", "road_id": "6431", "street_name": "Baracks Street", "area_name": "George Town", "area_id": "238", "locality_name": "Seven Wells", "locality_id": "317", "layer_id": 1583.0, "object_id": 212.0 }, "geometry": { "type": "Point", "coordinates": [ 80.2839, 13.1032 ] } },
{ "type": "Feature", "properties": { "corporation": "Chennai", "region": "North", "zone_no": "05", "ward_no": "055", "road_id": "12605", "street_name": "Samayavaradhamman Koil Street", "area_name": "George Town", "area_id": "238", "locality_name": "Seven Wells", "locality_id": "317", "layer_id": 1583.0, "object_id": 213.0 }, "geometry": { "type": "Point", "coordinates": [ 80.281, 13.0993 ] } },
{ "type": "Feature", "properties": { "corporation": "Chennai", "region": "North", "zone_no": "05", "ward_no": "063", "road_id": "42646", "street_name": "Langs Garden Street", "area_name": "Komaleeswaranpet", "area_id": "177", "locality_name": "Komaleeswaranpet", "locality_id": "493", "layer_id": 1583.0, "object_id": 214.0 }, "geometry": { "type": "Point", "coordinates": [ 80.2684, 13.0687 ] } },
{ "type": "Feature", "properties": { "corporation": "Chennai", "region": "North", "zone_no": "05", "ward_no": "063", "road_id": "9249", "street_name": "Athithanar (Harris) Road Lane", "area_name": "Pudupet", "area_id": "199", "locality_name": "Pudupet", "locality_id": "1242", "layer_id": 1583.0, "object_id": 215.0 }, "geometry": { "type": "Point", "coordinates": [ 80.2656, 13.0694 ] } },
{ "type": "Feature", "properties": { "corporation": "Chennai", "region": "North", "zone_no": "05", "ward_no": "063", "road_id": "5118", "street_name": "South Koovam River Road And Road Side Huts", "area_name": "Pudupet", "area_id": "199", "locality_name": "Pudupet", "locality_id": "1242", "layer_id": 1583.0, "object_id": 216.0 }, "geometry": { "type": "Point", "coordinates": [ 80.2639, 13.0673 ] } },
{ "type": "Feature", "properties": { "corporation": "Chennai", "region": "North", "zone_no": "05", "ward_no": "063", "road_id": "17363", "street_name": "Dams Road", "area_name": "Pudupet", "area_id": "199", "locality_name": "Pudupet", "locality_id": "1242", "layer_id": 1583.0, "object_id": 217.0 }, "geometry": { "type": "Point", "coordinates": [ 80.2696, 13.0699 ] } },
{ "type": "Feature", "properties": { "corporation": "Chennai", "region": "North", "zone_no": "05", "ward_no": "063", "road_id": "17366", "street_name": "Kalimanpuram", "area_name": "Chepauk", "area_id": "237", "locality_name": "Anna Salai", "locality_id": "1549", "layer_id": 1583.0, "object_id": 218.0 }, "geometry": { "type": "Point", "coordinates": [ 80.2677, 13.0641 ] } },
{ "type": "Feature", "properties": { "corporation": "Chennai", "region": "North", "zone_no": "05", "ward_no": "063", "road_id": "15377", "street_name": "Gopal Doss Salai", "area_name": "Chepauk", "area_id": "237", "locality_name": "Anna Salai", "locality_id": "1549", "layer_id": 1583.0, "object_id": 219.0 }, "geometry": { "type": "Point", "coordinates": [ 80.2689, 13.0614 ] } },
{ "type": "Feature", "properties": { "corporation": "Chennai", "region": "North", "zone_no": "05", "ward_no": "063", "road_id": "7194", "street_name": "Mohandass Road Slums", "area_name": "Royapettah", "area_id": "243", "locality_name": "Royapettah", "locality_id": "1420", "layer_id": 1583.0, "object_id": 220.0 }, "geometry": { "type": "Point", "coordinates": [ 80.2683, 13.0594 ] } },
{ "type": "Feature", "properties": { "corporation": "Chennai", "region": "North", "zone_no": "05", "ward_no": "063", "road_id": "9267", "street_name": "Lard Govindhadass Nagar Road", "area_name": "Chepauk", "area_id": "237", "locality_name": "Anna Salai", "locality_id": "1549", "layer_id": 1583.0, "object_id": 221.0 }, "geometry": { "type": "Point", "coordinates": [ 80.2676, 13.0596 ] } },
{ "type": "Feature", "properties": { "corporation": "Chennai", "region": "North", "zone_no": "05", "ward_no": "063", "road_id": "9271", "street_name": "Veeran Puram Street", "area_name": "Royapettah", "area_id": "243", "locality_name": "Royapettah", "locality_id": "1420", "layer_id": 1583.0, "object_id": 222.0 }, "geometry": { "type": "Point", "coordinates": [ 80.2707, 13.0598 ] } },
{ "type": "Feature", "properties": { "corporation": "Chennai", "region": "Central", "zone_no": "08", "ward_no": "097", "road_id": "10756", "street_name": "Solai 3rd Street (2nd Lane)", "area_name": "Ayanavaram", "area_id": "209", "locality_name": "Ayanavaram", "locality_id": "1172", "layer_id": 1583.0, "object_id": 223.0 }, "geometry": { "type": "Point", "coordinates": [ 80.2291, 13.0902 ] } },
{ "type": "Feature", "properties": { "corporation": "Chennai", "region": "Central", "zone_no": "10", "ward_no": "136", "road_id": "76024", "street_name": "A.P. Patro Salai", "area_name": "K.K.Nagar(N136)", "area_id": "69245", "locality_name": "K.K.Nagar(N136)", "locality_id": "69369", "layer_id": 1583.0, "object_id": 224.0 }, "geometry": { "type": "Point", "coordinates": [ 80.2054, 13.0392 ] } },
{ "type": "Feature", "properties": { "corporation": "Chennai", "region": "Central", "zone_no": "10", "ward_no": "136", "road_id": "84082", "street_name": "P.T. Rajan Road", "area_name": "K.K.Nagar(N136)", "area_id": "69245", "locality_name": "K.K.Nagar(N136)", "locality_id": "69369", "layer_id": 1583.0, "object_id": 225.0 }, "geometry": { "type": "Point", "coordinates": [ 80.205, 13.0409 ] } },
{ "type": "Feature", "properties": { "corporation": "Chennai", "region": "North", "zone_no": "05", "ward_no": "056", "road_id": "14639", "street_name": "Ebrahim (Sahib) Street", "area_name": "George Town", "area_id": "238", "locality_name": "Muthial Pet", "locality_id": "1152", "layer_id": 1583.0, "object_id": 226.0 }, "geometry": { "type": "Point", "coordinates": [ 80.2871, 13.1042 ] } },
{ "type": "Feature", "properties": { "corporation": "Chennai", "region": "North", "zone_no": "05", "ward_no": "056", "road_id": "2273", "street_name": "Bundar Rama  Naicken Slum Area", "area_name": "Broadway", "area_id": "225", "locality_name": "Broadway", "locality_id": "1765", "layer_id": 1583.0, "object_id": 227.0 }, "geometry": { "type": "Point", "coordinates": [ 80.2865, 13.1017 ] } },
{ "type": "Feature", "properties": { "corporation": "Chennai", "region": "North", "zone_no": "05", "ward_no": "056", "road_id": "15735", "street_name": "Asirvadapuram 13th Lane", "area_name": "Broadway", "area_id": "225", "locality_name": "Asirvatha Puram", "locality_id": "507", "layer_id": 1583.0, "object_id": 228.0 }, "geometry": { "type": "Point", "coordinates": [ 80.2864, 13.0994 ] } },
{ "type": "Feature", "properties": { "corporation": "Chennai", "region": "North", "zone_no": "05", "ward_no": "058", "road_id": "7167", "street_name": "Navel Hospital Road 2nd Lane", "area_name": "Vepery", "area_id": "239", "locality_name": "Periamet", "locality_id": "1024", "layer_id": 1583.0, "object_id": 229.0 }, "geometry": { "type": "Point", "coordinates": [ 80.267, 13.0838 ] } },
{ "type": "Feature", "properties": { "corporation": "Chennai", "region": "North", "zone_no": "05", "ward_no": "058", "road_id": "5892", "street_name": "thiru Narayana Guru Salai", "area_name": "Choolai", "area_id": "176", "locality_name": "Choolai", "locality_id": "1336", "layer_id": 1583.0, "object_id": 230.0 }, "geometry": { "type": "Point", "coordinates": [ 80.2611, 13.0879 ] } },
{ "type": "Feature", "properties": { "corporation": "Chennai", "region": "North", "zone_no": "05", "ward_no": "058", "road_id": null, "street_name": "Whannels Road", "area_name": "Vepery", "area_id": "239", "locality_name": "Vepery", "locality_id": "327", "layer_id": 1583.0, "object_id": 231.0 }, "geometry": { "type": "Point", "coordinates": [ 80.2633, 13.0788 ] } },
{ "type": "Feature", "properties": { "corporation": "Chennai", "region": "North", "zone_no": "05", "ward_no": "058", "road_id": "7260", "street_name": "stringers Street", "area_name": "Vepery", "area_id": "239", "locality_name": "Periamet", "locality_id": "1024", "layer_id": 1583.0, "object_id": 232.0 }, "geometry": { "type": "Point", "coordinates": [ 80.2659, 13.0829 ] } },
{ "type": "Feature", "properties": { "corporation": "Chennai", "region": "North", "zone_no": "05", "ward_no": "058", "road_id": "8648", "street_name": "Sydenhams Road", "area_name": "Choolai", "area_id": "176", "locality_name": "Choolai", "locality_id": "1336", "layer_id": 1583.0, "object_id": 233.0 }, "geometry": { "type": "Point", "coordinates": [ 80.2709, 13.0823 ] } },
{ "type": "Feature", "properties": { "corporation": "Chennai", "region": "North", "zone_no": "05", "ward_no": "058", "road_id": "8648", "street_name": "Sydenhams Road", "area_name": "Choolai", "area_id": "176", "locality_name": "Choolai", "locality_id": "1336", "layer_id": 1583.0, "object_id": 234.0 }, "geometry": { "type": "Point", "coordinates": [ 80.2699, 13.0876 ] } },
{ "type": "Feature", "properties": { "corporation": "Chennai", "region": "North", "zone_no": "05", "ward_no": "058", "road_id": "12789", "street_name": "New Moore Market Road", "area_name": "Choolai", "area_id": "176", "locality_name": "New Moore Market", "locality_id": "1360", "layer_id": 1583.0, "object_id": 235.0 }, "geometry": { "type": "Point", "coordinates": [ 80.2702, 13.0901 ] } },
{ "type": "Feature", "properties": { "corporation": "Chennai", "region": "North", "zone_no": "05", "ward_no": "058", "road_id": "12789", "street_name": "New Moore Market Road", "area_name": "Choolai", "area_id": "176", "locality_name": "New Moore Market", "locality_id": "1360", "layer_id": 1583.0, "object_id": 236.0 }, "geometry": { "type": "Point", "coordinates": [ 80.2714, 13.091 ] } },
{ "type": "Feature", "properties": { "corporation": "Chennai", "region": "North", "zone_no": "05", "ward_no": "058", "road_id": "12789", "street_name": "New Moore Market Road", "area_name": "Choolai", "area_id": "176", "locality_name": "New Moore Market", "locality_id": "1360", "layer_id": 1583.0, "object_id": 237.0 }, "geometry": { "type": "Point", "coordinates": [ 80.2716, 13.092 ] } },
{ "type": "Feature", "properties": { "corporation": "Chennai", "region": "North", "zone_no": "05", "ward_no": "058", "road_id": "7904", "street_name": "Avadhana Papaier Road", "area_name": "Choolai", "area_id": "176", "locality_name": "Choolai", "locality_id": "1336", "layer_id": 1583.0, "object_id": 238.0 }, "geometry": { "type": "Point", "coordinates": [ 80.2591, 13.0904 ] } },
{ "type": "Feature", "properties": { "corporation": "Chennai", "region": "North", "zone_no": "05", "ward_no": "058", "road_id": "7904", "street_name": "Avadhana Papaier Road", "area_name": "Choolai", "area_id": "176", "locality_name": "Choolai", "locality_id": "1336", "layer_id": 1583.0, "object_id": 239.0 }, "geometry": { "type": "Point", "coordinates": [ 80.265, 13.09 ] } },
{ "type": "Feature", "properties": { "corporation": "Chennai", "region": "North", "zone_no": "05", "ward_no": "058", "road_id": "4512", "street_name": "Depot Street", "area_name": "Choolai", "area_id": "176", "locality_name": "Choolai", "locality_id": "1336", "layer_id": 1583.0, "object_id": 240.0 }, "geometry": { "type": "Point", "coordinates": [ 80.269, 13.09 ] } },
{ "type": "Feature", "properties": { "corporation": "Chennai", "region": "North", "zone_no": "05", "ward_no": "058", "road_id": "12788", "street_name": "Allikulam Road", "area_name": "Periamet", "area_id": "178", "locality_name": "Periamet", "locality_id": "528", "layer_id": 1583.0, "object_id": 241.0 }, "geometry": { "type": "Point", "coordinates": [ 80.2724, 13.0827 ] } },
{ "type": "Feature", "properties": { "corporation": "Chennai", "region": "North", "zone_no": "05", "ward_no": "054", "road_id": "6428", "street_name": "Mint  Street", "area_name": "Kondithoppu", "area_id": "191", "locality_name": "Vallalar Nagar", "locality_id": "936", "layer_id": 1583.0, "object_id": 242.0 }, "geometry": { "type": "Point", "coordinates": [ 80.2801, 13.105 ] } },
{ "type": "Feature", "properties": { "corporation": "Chennai", "region": "North", "zone_no": "05", "ward_no": "054", "road_id": "6428", "street_name": "Mint  Street", "area_name": "Kondithoppu", "area_id": "191", "locality_name": "Vallalar Nagar", "locality_id": "936", "layer_id": 1583.0, "object_id": 243.0 }, "geometry": { "type": "Point", "coordinates": [ 80.2801, 13.1049 ] } },
{ "type": "Feature", "properties": { "corporation": "Chennai", "region": "North", "zone_no": "05", "ward_no": "054", "road_id": "8631", "street_name": "Woodwarf 1st Lane", "area_name": "Kondithoppu", "area_id": "191", "locality_name": "Kondithoppu", "locality_id": "314", "layer_id": 1583.0, "object_id": 244.0 }, "geometry": { "type": "Point", "coordinates": [ 80.2743, 13.0989 ] } },
{ "type": "Feature", "properties": { "corporation": "Chennai", "region": "North", "zone_no": "05", "ward_no": "054", "road_id": "4499", "street_name": "Woodwarf 1st Gate", "area_name": "Sowcarpet", "area_id": "192", "locality_name": "Sowcarpet", "locality_id": "1359", "layer_id": 1583.0, "object_id": 245.0 }, "geometry": { "type": "Point", "coordinates": [ 80.2744, 13.0958 ] } },
{ "type": "Feature", "properties": { "corporation": "Chennai", "region": "North", "zone_no": "05", "ward_no": "054", "road_id": "10712", "street_name": "Perumal Koil Garden 3rd Lane", "area_name": "Sowcarpet", "area_id": "192", "locality_name": "Perumal Koil Garden", "locality_id": "737", "layer_id": 1583.0, "object_id": 246.0 }, "geometry": { "type": "Point", "coordinates": [ 80.2765, 13.0963 ] } },
{ "type": "Feature", "properties": { "corporation": "Chennai", "region": "North", "zone_no": "05", "ward_no": "062", "road_id": "9245", "street_name": "Ritchie Street", "area_name": "Chindatripet", "area_id": "190", "locality_name": "Chindatripet", "locality_id": "707", "layer_id": 1583.0, "object_id": 247.0 }, "geometry": { "type": "Point", "coordinates": [ 80.2725, 13.0725 ] } },
{ "type": "Feature", "properties": { "corporation": "Chennai", "region": "North", "zone_no": "05", "ward_no": "062", "road_id": "2934", "street_name": "Pumping station Street", "area_name": "Chindatripet", "area_id": "190", "locality_name": "Chindatripet", "locality_id": "707", "layer_id": 1583.0, "object_id": 248.0 }, "geometry": { "type": "Point", "coordinates": [ 80.2718, 13.0743 ] } },
{ "type": "Feature", "properties": { "corporation": "Chennai", "region": "North", "zone_no": "05", "ward_no": "062", "road_id": "2934", "street_name": "Pumping station Street", "area_name": "Chindatripet", "area_id": "190", "locality_name": "Chindatripet", "locality_id": "707", "layer_id": 1583.0, "object_id": 249.0 }, "geometry": { "type": "Point", "coordinates": [ 80.2719, 13.0748 ] } },
{ "type": "Feature", "properties": { "corporation": "Chennai", "region": "North", "zone_no": "05", "ward_no": "062", "road_id": "13268", "street_name": "East Coovam River Road", "area_name": "Chindatripet", "area_id": "190", "locality_name": "Chindatripet", "locality_id": "707", "layer_id": 1583.0, "object_id": 250.0 }, "geometry": { "type": "Point", "coordinates": [ 80.2724, 13.0778 ] } },
{ "type": "Feature", "properties": { "corporation": "Chennai", "region": "North", "zone_no": "05", "ward_no": "062", "road_id": "13268", "street_name": "East Coovam River Road", "area_name": "Chindatripet", "area_id": "190", "locality_name": "Chindatripet", "locality_id": "707", "layer_id": 1583.0, "object_id": 251.0 }, "geometry": { "type": "Point", "coordinates": [ 80.2717, 13.0783 ] } },
{ "type": "Feature", "properties": { "corporation": "Chennai", "region": "North", "zone_no": "05", "ward_no": "062", "road_id": "13266", "street_name": "Kavoor Vaithiyanathan Street", "area_name": "Chindatripet", "area_id": "190", "locality_name": "Chindatripet", "locality_id": "707", "layer_id": 1583.0, "object_id": 252.0 }, "geometry": { "type": "Point", "coordinates": [ 80.267, 13.078 ] } },
{ "type": "Feature", "properties": { "corporation": "Chennai", "region": "North", "zone_no": "05", "ward_no": "062", "road_id": "3020", "street_name": "Adhikesavalu Street", "area_name": "Chindatripet", "area_id": "190", "locality_name": "Chindatripet", "locality_id": "707", "layer_id": 1583.0, "object_id": 253.0 }, "geometry": { "type": "Point", "coordinates": [ 80.2718, 13.0719 ] } },
{ "type": "Feature", "properties": { "corporation": "Chennai", "region": "North", "zone_no": "05", "ward_no": "062", "road_id": "5005", "street_name": "New Balakrishnan Street", "area_name": "Chindatripet", "area_id": "190", "locality_name": "Chindatripet", "locality_id": "707", "layer_id": 1583.0, "object_id": 254.0 }, "geometry": { "type": "Point", "coordinates": [ 80.2684, 13.0778 ] } },
{ "type": "Feature", "properties": { "corporation": "Chennai", "region": "North", "zone_no": "05", "ward_no": "062", "road_id": "15360", "street_name": "West Koovam River Road And Huts", "area_name": "Chindatripet", "area_id": "190", "locality_name": "Chindatripet", "locality_id": "707", "layer_id": 1583.0, "object_id": 255.0 }, "geometry": { "type": "Point", "coordinates": [ 80.2673, 13.0733 ] } },
{ "type": "Feature", "properties": { "corporation": "Chennai", "region": "Central", "zone_no": "06", "ward_no": "070", "road_id": "83319", "street_name": "Raja Street", "area_name": "Perambur", "area_id": "220", "locality_name": "Ramana Nagar Siruvallur(N070)", "locality_id": "69616", "layer_id": 1583.0, "object_id": 256.0 }, "geometry": { "type": "Point", "coordinates": [ 80.243, 13.1204 ] } },
{ "type": "Feature", "properties": { "corporation": "Chennai", "region": "Central", "zone_no": "06", "ward_no": "070", "road_id": "82286", "street_name": "Madhavaram High Road North", "area_name": "Perambur", "area_id": "220", "locality_name": "Siruvallur(N070)", "locality_id": "71348", "layer_id": 1583.0, "object_id": 257.0 }, "geometry": { "type": "Point", "coordinates": [ 80.2426, 13.1195 ] } },
{ "type": "Feature", "properties": { "corporation": "Chennai", "region": "Central", "zone_no": "06", "ward_no": "070", "road_id": "74456", "street_name": "Tikkakulam Street", "area_name": "Ayanavaram(N070)", "area_id": "69026", "locality_name": "Nagammaiyar Nagar(N070)", "locality_id": "69324", "layer_id": 1583.0, "object_id": 258.0 }, "geometry": { "type": "Point", "coordinates": [ 80.2423, 13.1039 ] } },
{ "type": "Feature", "properties": { "corporation": "Chennai", "region": "Central", "zone_no": "06", "ward_no": "070", "road_id": "83159", "street_name": "Anderson Road", "area_name": "Ayanavaram(N070)", "area_id": "69026", "locality_name": "Nagammaiyar Nagar(N070)", "locality_id": "69324", "layer_id": 1583.0, "object_id": 259.0 }, "geometry": { "type": "Point", "coordinates": [ 80.2428, 13.1021 ] } },
{ "type": "Feature", "properties": { "corporation": "Chennai", "region": "Central", "zone_no": "06", "ward_no": "070", "road_id": "83159", "street_name": "Anderson Road", "area_name": "Ayanavaram(N070)", "area_id": "69026", "locality_name": "Nagammaiyar Nagar(N070)", "locality_id": "69324", "layer_id": 1583.0, "object_id": 260.0 }, "geometry": { "type": "Point", "coordinates": [ 80.2424, 13.0981 ] } },
{ "type": "Feature", "properties": { "corporation": "Chennai", "region": "North", "zone_no": "05", "ward_no": "060", "road_id": "4302", "street_name": "North Beach Road 4th Line", "area_name": "V.O.C Nagar", "area_id": "210", "locality_name": "Clive Battery", "locality_id": "1150", "layer_id": 1583.0, "object_id": 261.0 }, "geometry": { "type": "Point", "coordinates": [ 80.2934, 13.1008 ] } },
{ "type": "Feature", "properties": { "corporation": "Chennai", "region": "South", "zone_no": "13", "ward_no": "177", "road_id": "82741", "street_name": "Velachery Main Road", "area_name": "Velachery(N177)", "area_id": "69111", "locality_name": "Velachery(N177)", "locality_id": "71429", "layer_id": 1583.0, "object_id": 262.0 }, "geometry": { "type": "Point", "coordinates": [ 80.2208, 12.9759 ] } },
{ "type": "Feature", "properties": { "corporation": "Chennai", "region": "South", "zone_no": "13", "ward_no": "177", "road_id": "78763", "street_name": "Thiruveethiamman Koil St", "area_name": "Velachery East", "area_id": "184", "locality_name": "Seethapathy Nagar(N177)", "locality_id": "71435", "layer_id": 1583.0, "object_id": 263.0 }, "geometry": { "type": "Point", "coordinates": [ 80.2276, 12.9851 ] } },
{ "type": "Feature", "properties": { "corporation": "Chennai", "region": "Central", "zone_no": "06", "ward_no": "076", "road_id": "11378", "street_name": "Angalamman Koil Street", "area_name": "Choolai", "area_id": "176", "locality_name": "Choolai", "locality_id": "1336", "layer_id": 1583.0, "object_id": 264.0 }, "geometry": { "type": "Point", "coordinates": [ 80.2624, 13.0958 ] } },
{ "type": "Feature", "properties": { "corporation": "Chennai", "region": "Central", "zone_no": "06", "ward_no": "076", "road_id": "11378", "street_name": "Angalamman Koil Street", "area_name": "Choolai", "area_id": "176", "locality_name": "Choolai", "locality_id": "1336", "layer_id": 1583.0, "object_id": 265.0 }, "geometry": { "type": "Point", "coordinates": [ 80.2624, 13.0958 ] } },
{ "type": "Feature", "properties": { "corporation": "Chennai", "region": "Central", "zone_no": "06", "ward_no": "076", "road_id": "11378", "street_name": "Angalamman Koil Street", "area_name": "Choolai", "area_id": "176", "locality_name": "Choolai", "locality_id": "1336", "layer_id": 1583.0, "object_id": 266.0 }, "geometry": { "type": "Point", "coordinates": [ 80.2623, 13.0961 ] } },
{ "type": "Feature", "properties": { "corporation": "Chennai", "region": "Central", "zone_no": "06", "ward_no": "076", "road_id": "11378", "street_name": "Angalamman Koil Street", "area_name": "Choolai", "area_id": "176", "locality_name": "Choolai", "locality_id": "1336", "layer_id": 1583.0, "object_id": 267.0 }, "geometry": { "type": "Point", "coordinates": [ 80.2623, 13.0964 ] } },
{ "type": "Feature", "properties": { "corporation": "Chennai", "region": "Central", "zone_no": "06", "ward_no": "076", "road_id": "74923", "street_name": "Venkatammal Samathi Street", "area_name": "Otteri", "area_id": "268", "locality_name": "Otteri(N076)", "locality_id": "69632", "layer_id": 1583.0, "object_id": 268.0 }, "geometry": { "type": "Point", "coordinates": [ 80.2532, 13.0915 ] } },
{ "type": "Feature", "properties": { "corporation": "Chennai", "region": "Central", "zone_no": "06", "ward_no": "076", "road_id": "85554", "street_name": "Poniamman Koil 2nd Street", "area_name": "Otteri", "area_id": "268", "locality_name": "Otteri(N076)", "locality_id": "69632", "layer_id": 1583.0, "object_id": 269.0 }, "geometry": { "type": "Point", "coordinates": [ 80.2526, 13.092 ] } },
{ "type": "Feature", "properties": { "corporation": "Chennai", "region": "Central", "zone_no": "06", "ward_no": "076", "road_id": "10322", "street_name": "Edward Park Street", "area_name": "Kosapet", "area_id": "207", "locality_name": "Kosapet", "locality_id": "301", "layer_id": 1583.0, "object_id": 270.0 }, "geometry": { "type": "Point", "coordinates": [ 80.2531, 13.0961 ] } },
{ "type": "Feature", "properties": { "corporation": "Chennai", "region": "Central", "zone_no": "06", "ward_no": "076", "road_id": "7164", "street_name": "Sachidanandam  Street (New Street Upto Dobikhana)", "area_name": "Kosapet", "area_id": "207", "locality_name": "Kosapet", "locality_id": "301", "layer_id": 1583.0, "object_id": 271.0 }, "geometry": { "type": "Point", "coordinates": [ 80.2577, 13.0951 ] } },
{ "type": "Feature", "properties": { "corporation": "Chennai", "region": "Central", "zone_no": "06", "ward_no": "076", "road_id": "7164", "street_name": "Sachidanandam  Street (New Street Upto Dobikhana)", "area_name": "Kosapet", "area_id": "207", "locality_name": "Kosapet", "locality_id": "301", "layer_id": 1583.0, "object_id": 272.0 }, "geometry": { "type": "Point", "coordinates": [ 80.2581, 13.0951 ] } },
{ "type": "Feature", "properties": { "corporation": "Chennai", "region": "Central", "zone_no": "08", "ward_no": "107", "road_id": "83398", "street_name": "Muthirulandi Colony Iv Cross Street", "area_name": "Aminjikarai(N107)", "area_id": "69052", "locality_name": "Muthirulandi Colony(N107)", "locality_id": "70181", "layer_id": 1583.0, "object_id": 273.0 }, "geometry": { "type": "Point", "coordinates": [ 80.2221, 13.0678 ] } },
{ "type": "Feature", "properties": { "corporation": "Chennai", "region": "Central", "zone_no": "08", "ward_no": "107", "road_id": "74093", "street_name": "Amman Koil Street (Mh Colony", "area_name": "Aminjikarai(N107)", "area_id": "69052", "locality_name": "Muthirulandi Colony(N107)", "locality_id": "70181", "layer_id": 1583.0, "object_id": 274.0 }, "geometry": { "type": "Point", "coordinates": [ 80.2218, 13.0684 ] } },
{ "type": "Feature", "properties": { "corporation": "Chennai", "region": "Central", "zone_no": "08", "ward_no": "107", "road_id": "74060", "street_name": "Perumal Koil Street", "area_name": "Aminjikarai(N107)", "area_id": "69052", "locality_name": "Razak Garden(N107)", "locality_id": "69311", "layer_id": 1583.0, "object_id": 275.0 }, "geometry": { "type": "Point", "coordinates": [ 80.2264, 13.0735 ] } },
{ "type": "Feature", "properties": { "corporation": "Chennai", "region": "South", "zone_no": "13", "ward_no": "179", "road_id": null, "street_name": "Jayaram Chetty Street", "area_name": "Thiruvanmiyur(N179)", "area_id": "69134", "locality_name": "Thiruvanmiyur(N179)", "locality_id": "69431", "layer_id": 1583.0, "object_id": 276.0 }, "geometry": { "type": "Point", "coordinates": [ 80.2688, 12.9868 ] } },
{ "type": "Feature", "properties": { "corporation": "Chennai", "region": "South", "zone_no": "13", "ward_no": "179", "road_id": "79841", "street_name": "7th Avenue", "area_name": "Besant Nagar(N179)", "area_id": "69188", "locality_name": "Besant Nagar(N179)", "locality_id": "70601", "layer_id": 1583.0, "object_id": 277.0 }, "geometry": { "type": "Point", "coordinates": [ 80.27, 12.995 ] } },
{ "type": "Feature", "properties": { "corporation": "Chennai", "region": "South", "zone_no": "13", "ward_no": "179", "road_id": "79640", "street_name": "Magalakshmi Koil Street", "area_name": "Besant Nagar(N179)", "area_id": "69188", "locality_name": "Kalashetra Colony(N179)", "locality_id": "69491", "layer_id": 1583.0, "object_id": 278.0 }, "geometry": { "type": "Point", "coordinates": [ 80.2706, 12.992 ] } },
{ "type": "Feature", "properties": { "corporation": "Chennai", "region": "South", "zone_no": "13", "ward_no": "179", "road_id": "77938", "street_name": "Kamarajar Salai", "area_name": "Thiruvanmiyur(N179)", "area_id": "69134", "locality_name": "Lakshmipuram(N179)", "locality_id": "71425", "layer_id": 1583.0, "object_id": 279.0 }, "geometry": { "type": "Point", "coordinates": [ 80.2616, 12.9906 ] } },
{ "type": "Feature", "properties": { "corporation": "Chennai", "region": "North", "zone_no": "03", "ward_no": "028", "road_id": "72730", "street_name": "MM KOIL ST", "area_name": "MADHAVARAM", "area_id": "19117", "locality_name": "UDAYAR THOTTAM(N028)", "locality_id": "69286", "layer_id": 1583.0, "object_id": 280.0 }, "geometry": { "type": "Point", "coordinates": [ 80.2361, 13.139 ] } },
{ "type": "Feature", "properties": { "corporation": "Chennai", "region": "North", "zone_no": "03", "ward_no": "028", "road_id": "72715", "street_name": "Kolkatta Shop", "area_name": "MADHAVARAM", "area_id": "19117", "locality_name": "ROJA NAGAR(N028)", "locality_id": "71011", "layer_id": 1583.0, "object_id": 281.0 }, "geometry": { "type": "Point", "coordinates": [ 80.2334, 13.1384 ] } },
{ "type": "Feature", "properties": { "corporation": "Chennai", "region": "North", "zone_no": "03", "ward_no": "028", "road_id": "72715", "street_name": "Kolkatta Shop", "area_name": "MADHAVARAM", "area_id": "19117", "locality_name": "ROJA NAGAR(N028)", "locality_id": "71011", "layer_id": 1583.0, "object_id": 282.0 }, "geometry": { "type": "Point", "coordinates": [ 80.2333, 13.1391 ] } },
{ "type": "Feature", "properties": { "corporation": "Chennai", "region": "North", "zone_no": "03", "ward_no": "028", "road_id": "81306", "street_name": "Kannabiran Koil Street", "area_name": "MADHAVARAM", "area_id": "19117", "locality_name": "M.R.H. ROAD(N028)", "locality_id": "71303", "layer_id": 1583.0, "object_id": 283.0 }, "geometry": { "type": "Point", "coordinates": [ 80.232, 13.1401 ] } },
{ "type": "Feature", "properties": { "corporation": "Chennai", "region": "North", "zone_no": "03", "ward_no": "028", "road_id": "85654", "street_name": "THIRU-VI-KA 1ST STREET", "area_name": "MADHAVARAM", "area_id": "19117", "locality_name": "ROJA NAGAR(N028)", "locality_id": "71011", "layer_id": 1583.0, "object_id": 284.0 }, "geometry": { "type": "Point", "coordinates": [ 80.232, 13.1426 ] } },
{ "type": "Feature", "properties": { "corporation": "Chennai", "region": "North", "zone_no": "03", "ward_no": "028", "road_id": "72795", "street_name": "Periyar Nagar Main Road", "area_name": "MADHAVARAM", "area_id": "19117", "locality_name": "Moolakadai(N028)", "locality_id": "71013", "layer_id": 1583.0, "object_id": 285.0 }, "geometry": { "type": "Point", "coordinates": [ 80.2389, 13.1287 ] } },
{ "type": "Feature", "properties": { "corporation": "Chennai", "region": "North", "zone_no": "03", "ward_no": "028", "road_id": "86957", "street_name": "Jangiri Shop", "area_name": "MADHAVARAM", "area_id": "19117", "locality_name": "ROJA NAGAR(N028)", "locality_id": "71011", "layer_id": 1583.0, "object_id": 286.0 }, "geometry": { "type": "Point", "coordinates": [ 80.2315, 13.1378 ] } },
{ "type": "Feature", "properties": { "corporation": "Chennai", "region": "North", "zone_no": "03", "ward_no": "028", "road_id": "72659", "street_name": "AMBEDHKAR NAGAR 2ND MAIN ROAD", "area_name": "MADHAVARAM", "area_id": "19117", "locality_name": "AMBEDHKAR NAGAR(N028)", "locality_id": "70152", "layer_id": 1583.0, "object_id": 287.0 }, "geometry": { "type": "Point", "coordinates": [ 80.2337, 13.1361 ] } },
{ "type": "Feature", "properties": { "corporation": "Chennai", "region": "North", "zone_no": "03", "ward_no": "028", "road_id": "72698", "street_name": "PANDIAN STREET", "area_name": "MADHAVARAM", "area_id": "19117", "locality_name": "MRH ROAD(N028)", "locality_id": "71010", "layer_id": 1583.0, "object_id": 288.0 }, "geometry": { "type": "Point", "coordinates": [ 80.2347, 13.142 ] } },
{ "type": "Feature", "properties": { "corporation": "Chennai", "region": "North", "zone_no": "03", "ward_no": "028", "road_id": "72698", "street_name": "PANDIAN STREET", "area_name": "MADHAVARAM", "area_id": "19117", "locality_name": "MRH ROAD(N028)", "locality_id": "71010", "layer_id": 1583.0, "object_id": 289.0 }, "geometry": { "type": "Point", "coordinates": [ 80.2347, 13.1419 ] } },
{ "type": "Feature", "properties": { "corporation": "Chennai", "region": "North", "zone_no": "03", "ward_no": "028", "road_id": "72676", "street_name": "KKR Estate", "area_name": "MADHAVARAM", "area_id": "19117", "locality_name": "JANGIRI SHOP(N028)", "locality_id": "69578", "layer_id": 1583.0, "object_id": 290.0 }, "geometry": { "type": "Point", "coordinates": [ 80.2322, 13.1381 ] } },
{ "type": "Feature", "properties": { "corporation": "Chennai", "region": "Central", "zone_no": "08", "ward_no": "103", "road_id": "76365", "street_name": "Iiird Avenue", "area_name": "Anna Nagar(N103)", "area_id": "69098", "locality_name": "Anna Nagar(N103)", "locality_id": "71326", "layer_id": 1583.0, "object_id": 291.0 }, "geometry": { "type": "Point", "coordinates": [ 80.2176, 13.0781 ] } },
{ "type": "Feature", "properties": { "corporation": "Chennai", "region": "South", "zone_no": "14", "ward_no": "183", "road_id": "84835", "street_name": "Karunanithi Main Road", "area_name": "Palavakkam(N183)", "area_id": "69222", "locality_name": "East Coast Road(N183)", "locality_id": "70848", "layer_id": 1583.0, "object_id": 292.0 }, "geometry": { "type": "Point", "coordinates": [ 80.2643, 12.9651 ] } },
{ "type": "Feature", "properties": { "corporation": "Chennai", "region": "South", "zone_no": "14", "ward_no": "184", "road_id": "76509", "street_name": "ANNA NEDUNCHALAI", "area_name": "PERUNGUDI(N182)", "area_id": "69164", "locality_name": "PERUNGUDI(N182)", "locality_id": "71394", "layer_id": 1583.0, "object_id": 293.0 }, "geometry": { "type": "Point", "coordinates": [ 80.2354, 12.9677 ] } },
{ "type": "Feature", "properties": { "corporation": "Chennai", "region": "North", "zone_no": "03", "ward_no": "025", "road_id": "72193", "street_name": "MRH ROAD", "area_name": "MADHAVARAM", "area_id": "19117", "locality_name": "MADHAVARAM MAIN(N025)", "locality_id": "69276", "layer_id": 1583.0, "object_id": 294.0 }, "geometry": { "type": "Point", "coordinates": [ 80.2286, 13.1521 ] } },
{ "type": "Feature", "properties": { "corporation": "Chennai", "region": "North", "zone_no": "03", "ward_no": "025", "road_id": "72193", "street_name": "MRH ROAD", "area_name": "MADHAVARAM", "area_id": "19117", "locality_name": "MADHAVARAM MAIN(N025)", "locality_id": "69276", "layer_id": 1583.0, "object_id": 295.0 }, "geometry": { "type": "Point", "coordinates": [ 80.2286, 13.1522 ] } },
{ "type": "Feature", "properties": { "corporation": "Chennai", "region": "North", "zone_no": "03", "ward_no": "025", "road_id": "81324", "street_name": "BHARATHIAR 1ST ST", "area_name": "MADHAVARAM", "area_id": "19117", "locality_name": "MRH ROAD(N025)", "locality_id": "70398", "layer_id": 1583.0, "object_id": 296.0 }, "geometry": { "type": "Point", "coordinates": [ 80.2345, 13.1498 ] } },
{ "type": "Feature", "properties": { "corporation": "Chennai", "region": "North", "zone_no": "03", "ward_no": "025", "road_id": "72194", "street_name": "Thattankulam Road", "area_name": "MADHAVARAM", "area_id": "19117", "locality_name": "MADHAVARAM MARKET(N025)", "locality_id": "70998", "layer_id": 1583.0, "object_id": 297.0 }, "geometry": { "type": "Point", "coordinates": [ 80.2296, 13.1462 ] } },
{ "type": "Feature", "properties": { "corporation": "Chennai", "region": "North", "zone_no": "03", "ward_no": "025", "road_id": null, "street_name": "CMDA Truck Terminal 7th Main Road", "area_name": "MADHAVARAM", "area_id": "19117", "locality_name": "GNT ROAD", "locality_id": "19368", "layer_id": 1583.0, "object_id": 298.0 }, "geometry": { "type": "Point", "coordinates": [ 80.2234, 13.1441 ] } },
{ "type": "Feature", "properties": { "corporation": "Chennai", "region": "North", "zone_no": "03", "ward_no": "025", "road_id": null, "street_name": "CMDA Truck Terminal 7th Main Road", "area_name": "MADHAVARAM", "area_id": "19117", "locality_name": "GNT ROAD", "locality_id": "19368", "layer_id": 1583.0, "object_id": 299.0 }, "geometry": { "type": "Point", "coordinates": [ 80.2217, 13.1447 ] } },
{ "type": "Feature", "properties": { "corporation": "Chennai", "region": "North", "zone_no": "03", "ward_no": "025", "road_id": null, "street_name": "CMDA Truck Terminal 7th Main Road", "area_name": "MADHAVARAM", "area_id": "19117", "locality_name": "GNT ROAD", "locality_id": "19368", "layer_id": 1583.0, "object_id": 300.0 }, "geometry": { "type": "Point", "coordinates": [ 80.2254, 13.1452 ] } },
{ "type": "Feature", "properties": { "corporation": "Chennai", "region": "Central", "zone_no": "08", "ward_no": "102", "road_id": "76286", "street_name": "3rd Avenue", "area_name": "Anna Nagar", "area_id": "198", "locality_name": "Anna Nagar(N102)", "locality_id": "69666", "layer_id": 1583.0, "object_id": 301.0 }, "geometry": { "type": "Point", "coordinates": [ 80.2182, 13.0886 ] } },
{ "type": "Feature", "properties": { "corporation": "Chennai", "region": "Central", "zone_no": "08", "ward_no": "106", "road_id": "81636", "street_name": "Sidco Road", "area_name": "M.M.D.A.Colony(N106)", "area_id": "69054", "locality_name": "Sidco Nagar(N106)", "locality_id": "70427", "layer_id": 1583.0, "object_id": 302.0 }, "geometry": { "type": "Point", "coordinates": [ 80.215, 13.0625 ] } },
{ "type": "Feature", "properties": { "corporation": "Chennai", "region": "North", "zone_no": "03", "ward_no": "032", "road_id": "72251", "street_name": "MURUGAMBED MAIN ROAD", "area_name": "Soorapattu(N032)", "area_id": "69019", "locality_name": "Murugambedu(N032)", "locality_id": "70702", "layer_id": 1583.0, "object_id": 303.0 }, "geometry": { "type": "Point", "coordinates": [ 80.1733, 13.1392 ] } },
{ "type": "Feature", "properties": { "corporation": "Chennai", "region": "North", "zone_no": "03", "ward_no": "032", "road_id": "72562", "street_name": "Thiruvallur Street Puthagaram", "area_name": "Puthagaram(N032)", "area_id": "69198", "locality_name": "Puthagaram South(N032)", "locality_id": "71297", "layer_id": 1583.0, "object_id": 304.0 }, "geometry": { "type": "Point", "coordinates": [ 80.1907, 13.1369 ] } },
{ "type": "Feature", "properties": { "corporation": "Chennai", "region": "North", "zone_no": "05", "ward_no": "049", "road_id": null, "street_name": "Singara Garden 4th Street", "area_name": "Old Washermenpet", "area_id": "265", "locality_name": "Singara Thottam", "locality_id": "722", "layer_id": 1583.0, "object_id": 305.0 }, "geometry": { "type": "Point", "coordinates": [ 80.2895, 13.1137 ] } },
{ "type": "Feature", "properties": { "corporation": "Chennai", "region": "North", "zone_no": "05", "ward_no": "049", "road_id": "2237", "street_name": "Solaiappan Street", "area_name": "Old Washermenpet", "area_id": "265", "locality_name": "Old Washermenpet", "locality_id": "706", "layer_id": 1583.0, "object_id": 306.0 }, "geometry": { "type": "Point", "coordinates": [ 80.2874, 13.1189 ] } },
{ "type": "Feature", "properties": { "corporation": "Chennai", "region": "North", "zone_no": "05", "ward_no": "049", "road_id": "2238", "street_name": "Appasamy Street", "area_name": "Old Washermenpet", "area_id": "265", "locality_name": "Old Washermenpet", "locality_id": "706", "layer_id": 1583.0, "object_id": 307.0 }, "geometry": { "type": "Point", "coordinates": [ 80.287, 13.1216 ] } },
{ "type": "Feature", "properties": { "corporation": "Chennai", "region": "Central", "zone_no": "08", "ward_no": "100", "road_id": "86541", "street_name": "Periyar Evr Salai", "area_name": "Kilpauk(N100)", "area_id": "69204", "locality_name": "E.V.R.Salai(N100)", "locality_id": "71315", "layer_id": 1583.0, "object_id": 308.0 }, "geometry": { "type": "Point", "coordinates": [ 80.2381, 13.0764 ] } },
{ "type": "Feature", "properties": { "corporation": "Chennai", "region": "Central", "zone_no": "08", "ward_no": "100", "road_id": "73698", "street_name": "Valliammal St", "area_name": "Kilpauk(N100)", "area_id": "69204", "locality_name": "Kilpauk(N100)", "locality_id": "70733", "layer_id": 1583.0, "object_id": 309.0 }, "geometry": { "type": "Point", "coordinates": [ 80.2341, 13.0795 ] } },
{ "type": "Feature", "properties": { "corporation": "Chennai", "region": "Central", "zone_no": "08", "ward_no": "105", "road_id": "9177", "street_name": "Perumal Koil Street", "area_name": "Arumbakkam", "area_id": "273", "locality_name": "Arumbakkam", "locality_id": "596", "layer_id": 1583.0, "object_id": 310.0 }, "geometry": { "type": "Point", "coordinates": [ 80.2087, 13.0765 ] } },
{ "type": "Feature", "properties": { "corporation": "Chennai", "region": "Central", "zone_no": "08", "ward_no": "108", "road_id": "73907", "street_name": "Subbarayan Street", "area_name": "Shenoy Nagar(N108)", "area_id": "69122", "locality_name": "Shenoy Nagar(N108)", "locality_id": "70743", "layer_id": 1583.0, "object_id": 311.0 }, "geometry": { "type": "Point", "coordinates": [ 80.2303, 13.0725 ] } },
{ "type": "Feature", "properties": { "corporation": "Chennai", "region": "Central", "zone_no": "08", "ward_no": "108", "road_id": "73903", "street_name": "Harrington Road", "area_name": "Shenoy Nagar(N108)", "area_id": "69122", "locality_name": "Shenoy Nagar(N108)", "locality_id": "70743", "layer_id": 1583.0, "object_id": 312.0 }, "geometry": { "type": "Point", "coordinates": [ 80.2317, 13.0728 ] } },
{ "type": "Feature", "properties": { "corporation": "Chennai", "region": "Central", "zone_no": "08", "ward_no": "108", "road_id": "84449", "street_name": "(Avvaipuram) Slum Road", "area_name": "Shenoy Nagar(N108)", "area_id": "69122", "locality_name": "Shenoy Nagar(N108)", "locality_id": "70743", "layer_id": 1583.0, "object_id": 313.0 }, "geometry": { "type": "Point", "coordinates": [ 80.2289, 13.0688 ] } },
{ "type": "Feature", "properties": { "corporation": "Chennai", "region": "Central", "zone_no": "08", "ward_no": "108", "road_id": "81496", "street_name": "MC Nichols Road (Zonal Office Side)", "area_name": "Chetpet(N108)", "area_id": "69203", "locality_name": "Chetpet(N108)", "locality_id": "70420", "layer_id": 1583.0, "object_id": 314.0 }, "geometry": { "type": "Point", "coordinates": [ 80.2399, 13.0736 ] } },
{ "type": "Feature", "properties": { "corporation": "Chennai", "region": "Central", "zone_no": "08", "ward_no": "108", "road_id": "86713", "street_name": "Mangalapuram Main Road", "area_name": "Chetpet(N108)", "area_id": "69203", "locality_name": "Mangalapuram(N108)", "locality_id": "69891", "layer_id": 1583.0, "object_id": 315.0 }, "geometry": { "type": "Point", "coordinates": [ 80.246, 13.0724 ] } },
{ "type": "Feature", "properties": { "corporation": "Chennai", "region": "Central", "zone_no": "08", "ward_no": "108", "road_id": "73712", "street_name": "School Road", "area_name": "Chetpet(N108)", "area_id": "69203", "locality_name": "Jaganathapuram(N108)", "locality_id": "69588", "layer_id": 1583.0, "object_id": 316.0 }, "geometry": { "type": "Point", "coordinates": [ 80.2432, 13.0713 ] } },
{ "type": "Feature", "properties": { "corporation": "Chennai", "region": "Central", "zone_no": "08", "ward_no": "108", "road_id": "73712", "street_name": "School Road", "area_name": "Chetpet(N108)", "area_id": "69203", "locality_name": "Jaganathapuram(N108)", "locality_id": "69588", "layer_id": 1583.0, "object_id": 317.0 }, "geometry": { "type": "Point", "coordinates": [ 80.2421, 13.0708 ] } },
{ "type": "Feature", "properties": { "corporation": "Chennai", "region": "Central", "zone_no": "08", "ward_no": "108", "road_id": "73482", "street_name": "Jaganathapuram 1st Street", "area_name": "Chetpet(N108)", "area_id": "69203", "locality_name": "Jaganathapuram(N108)", "locality_id": "69588", "layer_id": 1583.0, "object_id": 318.0 }, "geometry": { "type": "Point", "coordinates": [ 80.2424, 13.0733 ] } },
{ "type": "Feature", "properties": { "corporation": "Chennai", "region": "South", "zone_no": "11", "ward_no": "150", "road_id": "31634", "street_name": "GANDHI NAGAR MAIN ROAD", "area_name": "KARAMBAKKAM", "area_id": "19208", "locality_name": "GANDHI NAGAR", "locality_id": "20957", "layer_id": 1583.0, "object_id": 319.0 }, "geometry": { "type": "Point", "coordinates": [ 80.1487, 13.0366 ] } },
{ "type": "Feature", "properties": { "corporation": "Chennai", "region": "South", "zone_no": "13", "ward_no": "175", "road_id": "85445", "street_name": "Sastri Nagar 5th Street", "area_name": "Velachery West(N175)", "area_id": "69033", "locality_name": "Sastri Nagar(N175)", "locality_id": "69492", "layer_id": 1583.0, "object_id": 320.0 }, "geometry": { "type": "Point", "coordinates": [ 80.2065, 12.9896 ] } },
{ "type": "Feature", "properties": { "corporation": "Chennai", "region": "South", "zone_no": "13", "ward_no": "175", "road_id": "81160", "street_name": "Tn.H.B Approach Road (Alias) Marudapandi Salai", "area_name": "Velachery West(N175)", "area_id": "69033", "locality_name": "T.N.H.B. Colony(N175)", "locality_id": "69748", "layer_id": 1583.0, "object_id": 321.0 }, "geometry": { "type": "Point", "coordinates": [ 80.2179, 12.9875 ] } },
{ "type": "Feature", "properties": { "corporation": "Chennai", "region": "South", "zone_no": "13", "ward_no": "175", "road_id": "85445", "street_name": "Sastri Nagar 5th Street", "area_name": "Velachery West(N175)", "area_id": "69033", "locality_name": "Sastri Nagar(N175)", "locality_id": "69492", "layer_id": 1583.0, "object_id": 322.0 }, "geometry": { "type": "Point", "coordinates": [ 80.2065, 12.9894 ] } },
{ "type": "Feature", "properties": { "corporation": "Chennai", "region": "South", "zone_no": "13", "ward_no": "178", "road_id": null, "street_name": "Tharamani Bus Stand Road", "area_name": "Taramani(N178)", "area_id": "69238", "locality_name": "Tharamani(N178)", "locality_id": "70546", "layer_id": 1583.0, "object_id": 323.0 }, "geometry": { "type": "Point", "coordinates": [ 80.2407, 12.9857 ] } },
{ "type": "Feature", "properties": { "corporation": "Chennai", "region": "South", "zone_no": "13", "ward_no": "178", "road_id": null, "street_name": "C.S.I.R Road", "area_name": "Tharamani(N178)", "area_id": "69224", "locality_name": "Kanagam(N178)", "locality_id": "71434", "layer_id": 1583.0, "object_id": 324.0 }, "geometry": { "type": "Point", "coordinates": [ 80.247, 12.9861 ] } },
{ "type": "Feature", "properties": { "corporation": "Chennai", "region": "South", "zone_no": "13", "ward_no": "178", "road_id": "78207", "street_name": "Nehru Street Kanagam", "area_name": "Taramani(N178)", "area_id": "69238", "locality_name": "Kanagam(N178)", "locality_id": "71145", "layer_id": 1583.0, "object_id": 325.0 }, "geometry": { "type": "Point", "coordinates": [ 80.242, 12.9917 ] } },
{ "type": "Feature", "properties": { "corporation": "Chennai", "region": "South", "zone_no": "13", "ward_no": "178", "road_id": null, "street_name": "Tharamani 4th Cross Street", "area_name": "Tharamani(N178)", "area_id": "69224", "locality_name": "Tharamani(N178)", "locality_id": "70556", "layer_id": 1583.0, "object_id": 326.0 }, "geometry": { "type": "Point", "coordinates": [ 80.244, 12.9951 ] } },
{ "type": "Feature", "properties": { "corporation": "Chennai", "region": "South", "zone_no": "13", "ward_no": "178", "road_id": null, "street_name": "Tharamani 4th Cross Street", "area_name": "Tharamani(N178)", "area_id": "69224", "locality_name": "Tharamani(N178)", "locality_id": "70556", "layer_id": 1583.0, "object_id": 327.0 }, "geometry": { "type": "Point", "coordinates": [ 80.249, 12.9947 ] } },
{ "type": "Feature", "properties": { "corporation": "Chennai", "region": "South", "zone_no": "14", "ward_no": "186", "road_id": null, "street_name": "T.R.Balu Street", "area_name": "PUZHUTHIVAKKAM(N186)", "area_id": "69077", "locality_name": "JAYA NAGAR(N186)", "locality_id": "70833", "layer_id": 1583.0, "object_id": 328.0 }, "geometry": { "type": "Point", "coordinates": [ 80.2023, 12.9741 ] } },
{ "type": "Feature", "properties": { "corporation": "Chennai", "region": "South", "zone_no": "13", "ward_no": "169", "road_id": "82560", "street_name": "L.D.G. Road", "area_name": "Saidapet(N169)", "area_id": "69062", "locality_name": "Little Mount(N169)", "locality_id": "70592", "layer_id": 1583.0, "object_id": 329.0 }, "geometry": { "type": "Point", "coordinates": [ 80.2264, 13.0145 ] } },
{ "type": "Feature", "properties": { "corporation": "Chennai", "region": "South", "zone_no": "13", "ward_no": "169", "road_id": "79319", "street_name": "Jothiammal Nagar Approach Road", "area_name": "Saidapet(N169)", "area_id": "69062", "locality_name": "Jothiammal Nagar(N169)", "locality_id": "71174", "layer_id": 1583.0, "object_id": 330.0 }, "geometry": { "type": "Point", "coordinates": [ 80.2294, 13.0189 ] } },
{ "type": "Feature", "properties": { "corporation": "Chennai", "region": "South", "zone_no": "13", "ward_no": "169", "road_id": "83488", "street_name": "Venkatapuram Tenements 3rd Street", "area_name": "Saidapet(N169)", "area_id": "69062", "locality_name": "Venkatapuram(N169)", "locality_id": "70475", "layer_id": 1583.0, "object_id": 331.0 }, "geometry": { "type": "Point", "coordinates": [ 80.2251, 13.0131 ] } },
{ "type": "Feature", "properties": { "corporation": "Chennai", "region": "South", "zone_no": "13", "ward_no": "169", "road_id": "85787", "street_name": "Taluk Office Road", "area_name": "Saidapet(N169)", "area_id": "69062", "locality_name": "Little Mount(N169)", "locality_id": "70592", "layer_id": 1583.0, "object_id": 332.0 }, "geometry": { "type": "Point", "coordinates": [ 80.2274, 13.0118 ] } },
{ "type": "Feature", "properties": { "corporation": "Chennai", "region": "South", "zone_no": "13", "ward_no": "169", "road_id": null, "street_name": "Sathya Nagar Slum", "area_name": "Saidapet(N169)", "area_id": "69062", "locality_name": "Srinagar Colony(N169)", "locality_id": "70474", "layer_id": 1583.0, "object_id": 333.0 }, "geometry": { "type": "Point", "coordinates": [ 80.2315, 13.0148 ] } },
{ "type": "Feature", "properties": { "corporation": "Chennai", "region": "South", "zone_no": "13", "ward_no": "169", "road_id": "78694", "street_name": "Sardar Patel Road", "area_name": "Guindy(N169)", "area_id": "69081", "locality_name": "Rajbhavan(N169)", "locality_id": "71170", "layer_id": 1583.0, "object_id": 334.0 }, "geometry": { "type": "Point", "coordinates": [ 80.235, 13.0078 ] } },
{ "type": "Feature", "properties": { "corporation": "Chennai", "region": "North", "zone_no": "03", "ward_no": "033", "road_id": "80580", "street_name": "V.O.C Street", "area_name": "LAKSHMIPURAM - MADHAVARAM(N033)", "area_id": "69022", "locality_name": "PRH ROAD(N033)", "locality_id": "69867", "layer_id": 1583.0, "object_id": 335.0 }, "geometry": { "type": "Point", "coordinates": [ 80.2069, 13.1323 ] } },
{ "type": "Feature", "properties": { "corporation": "Chennai", "region": "North", "zone_no": "03", "ward_no": "033", "road_id": "72766", "street_name": "Teachers Colony 5th cross st", "area_name": "LAKSHMIPURAM - MADHAVARAM(N033)", "area_id": "69022", "locality_name": "TEACHERS COLONY(N033)", "locality_id": "71012", "layer_id": 1583.0, "object_id": 336.0 }, "geometry": { "type": "Point", "coordinates": [ 80.2017, 13.1303 ] } },
{ "type": "Feature", "properties": { "corporation": "Chennai", "region": "South", "zone_no": "13", "ward_no": "171", "road_id": "75885", "street_name": "R.K. Nagar 1st Main Road", "area_name": "Raja Annamalai Puram(N171)", "area_id": "69063", "locality_name": "R.K. Nagar(N171)", "locality_id": "70220", "layer_id": 1583.0, "object_id": 337.0 }, "geometry": { "type": "Point", "coordinates": [ 80.259, 13.0241 ] } },
{ "type": "Feature", "properties": { "corporation": "Chennai", "region": "South", "zone_no": "13", "ward_no": "171", "road_id": "75412", "street_name": "Kamaraj Salai", "area_name": "Raja Annamalai Puram(N171)", "area_id": "69063", "locality_name": "R.K. Nagar(N171)", "locality_id": "70220", "layer_id": 1583.0, "object_id": 338.0 }, "geometry": { "type": "Point", "coordinates": [ 80.2593, 13.0224 ] } },
{ "type": "Feature", "properties": { "corporation": "Chennai", "region": "South", "zone_no": "13", "ward_no": "171", "road_id": null, "street_name": "Greenways Road", "area_name": "Raja Annamalai Puram(N171)", "area_id": "69063", "locality_name": "Raja Annamalai Puram(N171)", "locality_id": "70221", "layer_id": 1583.0, "object_id": 339.0 }, "geometry": { "type": "Point", "coordinates": [ 80.253, 13.022 ] } },
{ "type": "Feature", "properties": { "corporation": "Chennai", "region": "South", "zone_no": "13", "ward_no": "171", "road_id": "75405", "street_name": "M.R.C. Nagar Extn.,", "area_name": "Raja Annamalai Puram(N171)", "area_id": "69063", "locality_name": "M.R.C. Nagar(N171)", "locality_id": "70776", "layer_id": 1583.0, "object_id": 340.0 }, "geometry": { "type": "Point", "coordinates": [ 80.2745, 13.0203 ] } },
{ "type": "Feature", "properties": { "corporation": "Chennai", "region": "South", "zone_no": "13", "ward_no": "171", "road_id": "86432", "street_name": "R.K. Mutt Road", "area_name": "Mandavelipakkam(N171)", "area_id": "69105", "locality_name": "Mandavelipakkam(N171)", "locality_id": "71371", "layer_id": 1583.0, "object_id": 341.0 }, "geometry": { "type": "Point", "coordinates": [ 80.2628, 13.0203 ] } },
{ "type": "Feature", "properties": { "corporation": "Chennai", "region": "South", "zone_no": "13", "ward_no": "171", "road_id": "75389", "street_name": "Durgabai Deshmukh Road", "area_name": "Raja Annamalai Puram(N171)", "area_id": "69063", "locality_name": "Raja Annamalai Puram(N171)", "locality_id": "70221", "layer_id": 1583.0, "object_id": 342.0 }, "geometry": { "type": "Point", "coordinates": [ 80.2595, 13.0152 ] } },
{ "type": "Feature", "properties": { "corporation": "Chennai", "region": "South", "zone_no": "13", "ward_no": "173", "road_id": "81202", "street_name": "Sardar Patel Salai", "area_name": "Adyar(N173)", "area_id": "69158", "locality_name": "Adyar(N173)", "locality_id": "70631", "layer_id": 1583.0, "object_id": 343.0 }, "geometry": { "type": "Point", "coordinates": [ 80.2522, 13.0068 ] } },
{ "type": "Feature", "properties": { "corporation": "Chennai", "region": "South", "zone_no": "13", "ward_no": "173", "road_id": null, "street_name": "Indira Nagar 2nd Avenue 1st Street Extension", "area_name": "Adyar(N173)", "area_id": "69158", "locality_name": "Indira Nagar(N173)", "locality_id": "70251", "layer_id": 1583.0, "object_id": 344.0 }, "geometry": { "type": "Point", "coordinates": [ 80.253, 12.9951 ] } },
{ "type": "Feature", "properties": { "corporation": "Chennai", "region": "South", "zone_no": "13", "ward_no": "173", "road_id": "76537", "street_name": "Gandhi Nagar Canal Bank Road", "area_name": "Adyar(N173)", "area_id": "69158", "locality_name": "Gandhi Nagar(N173)", "locality_id": "69351", "layer_id": 1583.0, "object_id": 345.0 }, "geometry": { "type": "Point", "coordinates": [ 80.2505, 13.0145 ] } },
{ "type": "Feature", "properties": { "corporation": "Chennai", "region": "North", "zone_no": "01", "ward_no": "002", "road_id": "29275", "street_name": "SHASTRI NAGAR I ST", "area_name": "KATHIVAKKAM", "area_id": "19165", "locality_name": "SHASTRI NAGAR", "locality_id": "19853", "layer_id": 1583.0, "object_id": 346.0 }, "geometry": { "type": "Point", "coordinates": [ 80.3146, 13.2084 ] } },
{ "type": "Feature", "properties": { "corporation": "Chennai", "region": "North", "zone_no": "01", "ward_no": "002", "road_id": "23446", "street_name": "KH ROAD", "area_name": "KATHIVAKKAM", "area_id": "19165", "locality_name": "KH ROAD", "locality_id": "19781", "layer_id": 1583.0, "object_id": 347.0 }, "geometry": { "type": "Point", "coordinates": [ 80.3207, 13.2158 ] } },
{ "type": "Feature", "properties": { "corporation": "Chennai", "region": "North", "zone_no": "01", "ward_no": "002", "road_id": "23878", "street_name": "ANNA NAGAR III ST", "area_name": "KATHIVAKKAM", "area_id": "19165", "locality_name": "ANNA NAGAR", "locality_id": "19300", "layer_id": 1583.0, "object_id": 348.0 }, "geometry": { "type": "Point", "coordinates": [ 80.3142, 13.2072 ] } },
{ "type": "Feature", "properties": { "corporation": "Chennai", "region": "North", "zone_no": "01", "ward_no": "002", "road_id": null, "street_name": "Nehru Nagar Gramatheru", "area_name": "KATHIVAKKAM", "area_id": "19165", "locality_name": "NEHRU NAGAR", "locality_id": "19701", "layer_id": 1583.0, "object_id": 349.0 }, "geometry": { "type": "Point", "coordinates": [ 80.3184, 13.2147 ] } },
{ "type": "Feature", "properties": { "corporation": "Chennai", "region": "North", "zone_no": "01", "ward_no": "002", "road_id": "59182", "street_name": "Sweeper Colony 1st Street", "area_name": "KATHIVAKKAM", "area_id": "19165", "locality_name": "SWEEPER COLONY", "locality_id": "59181", "layer_id": 1583.0, "object_id": 350.0 }, "geometry": { "type": "Point", "coordinates": [ 80.3208, 13.2173 ] } },
{ "type": "Feature", "properties": { "corporation": "Chennai", "region": "North", "zone_no": "01", "ward_no": "002", "road_id": "28387", "street_name": "SANJAY GHANDI NAGAR", "area_name": "KATHIVAKKAM", "area_id": "19165", "locality_name": "RAILWAY STATION ROAD", "locality_id": "19700", "layer_id": 1583.0, "object_id": 351.0 }, "geometry": { "type": "Point", "coordinates": [ 80.3209, 13.2201 ] } },
{ "type": "Feature", "properties": { "corporation": "Chennai", "region": "North", "zone_no": "01", "ward_no": "002", "road_id": "28387", "street_name": "SANJAY GHANDI NAGAR", "area_name": "KATHIVAKKAM", "area_id": "19165", "locality_name": "RAILWAY STATION ROAD", "locality_id": "19700", "layer_id": 1583.0, "object_id": 352.0 }, "geometry": { "type": "Point", "coordinates": [ 80.3201, 13.2213 ] } },
{ "type": "Feature", "properties": { "corporation": "Chennai", "region": "North", "zone_no": "01", "ward_no": "002", "road_id": "23882", "street_name": "South Lock Road", "area_name": "KATHIVAKKAM", "area_id": "19165", "locality_name": "SOUTH LOCK ROAD", "locality_id": "20141", "layer_id": 1583.0, "object_id": 353.0 }, "geometry": { "type": "Point", "coordinates": [ 80.3183, 13.2192 ] } },
{ "type": "Feature", "properties": { "corporation": "Chennai", "region": "North", "zone_no": "01", "ward_no": "002", "road_id": "23882", "street_name": "South Lock Road", "area_name": "KATHIVAKKAM", "area_id": "19165", "locality_name": "SOUTH LOCK ROAD", "locality_id": "20141", "layer_id": 1583.0, "object_id": 354.0 }, "geometry": { "type": "Point", "coordinates": [ 80.3186, 13.2201 ] } },
{ "type": "Feature", "properties": { "corporation": "Chennai", "region": "North", "zone_no": "01", "ward_no": "002", "road_id": "25561", "street_name": "EXPRESS ROAD PERIYAKUPPAM", "area_name": "KATHIVAKKAM", "area_id": "19165", "locality_name": "PERIYAKUPPAM", "locality_id": "19630", "layer_id": 1583.0, "object_id": 355.0 }, "geometry": { "type": "Point", "coordinates": [ 80.3234, 13.2111 ] } },
{ "type": "Feature", "properties": { "corporation": "Chennai", "region": "North", "zone_no": "01", "ward_no": "002", "road_id": "57978", "street_name": "Periyakuppam 3rd Street", "area_name": "KATHIVAKKAM", "area_id": "19165", "locality_name": "PERIYAKUPPAM", "locality_id": "57977", "layer_id": 1583.0, "object_id": 356.0 }, "geometry": { "type": "Point", "coordinates": [ 80.324, 13.2113 ] } },
{ "type": "Feature", "properties": { "corporation": "Chennai", "region": "North", "zone_no": "01", "ward_no": "002", "road_id": "57978", "street_name": "PERIYAKUPPAM 3RD STREET", "area_name": "KATHIVAKKAM", "area_id": "19165", "locality_name": "PERIYAKUPPAM", "locality_id": "57977", "layer_id": 1583.0, "object_id": 357.0 }, "geometry": { "type": "Point", "coordinates": [ 80.3243, 13.2116 ] } },
{ "type": "Feature", "properties": { "corporation": "Chennai", "region": "North", "zone_no": "01", "ward_no": "002", "road_id": "25561", "street_name": "EXPRESS ROAD PERIYAKUPPAM", "area_name": "KATHIVAKKAM", "area_id": "19165", "locality_name": "PERIYAKUPPAM", "locality_id": "19630", "layer_id": 1583.0, "object_id": 358.0 }, "geometry": { "type": "Point", "coordinates": [ 80.3248, 13.2133 ] } },
{ "type": "Feature", "properties": { "corporation": "Chennai", "region": "North", "zone_no": "01", "ward_no": "002", "road_id": "25562", "street_name": "Chinnakuppam 1st Street", "area_name": "KATHIVAKKAM", "area_id": "19165", "locality_name": "CHINNAKUPPAM", "locality_id": "19378", "layer_id": 1583.0, "object_id": 359.0 }, "geometry": { "type": "Point", "coordinates": [ 80.3224, 13.2078 ] } },
{ "type": "Feature", "properties": { "corporation": "Chennai", "region": "North", "zone_no": "01", "ward_no": "002", "road_id": "25561", "street_name": "EXPRESS ROAD PERIYAKUPPAM", "area_name": "KATHIVAKKAM", "area_id": "19165", "locality_name": "PERIYAKUPPAM", "locality_id": "19630", "layer_id": 1583.0, "object_id": 360.0 }, "geometry": { "type": "Point", "coordinates": [ 80.3219, 13.2055 ] } },
{ "type": "Feature", "properties": { "corporation": "Chennai", "region": "North", "zone_no": "02", "ward_no": "015", "road_id": "48305", "street_name": "PERIYA ECHANGUZHI SALAI ( TH ROAD  TO PERUMAL KOIL STREET END)", "area_name": "EDYANCHAVADI", "area_id": "19133", "locality_name": "MANALI NEW TOWN", "locality_id": "19233", "layer_id": 1583.0, "object_id": 361.0 }, "geometry": { "type": "Point", "coordinates": [ 80.2723, 13.2045 ] } },
{ "type": "Feature", "properties": { "corporation": "Chennai", "region": "North", "zone_no": "02", "ward_no": "015", "road_id": null, "street_name": "Manali New Town 150 Feet Main Road", "area_name": "EDYANCHAVADI", "area_id": "19133", "locality_name": "MANALI NEW TOWN", "locality_id": "19233", "layer_id": 1583.0, "object_id": 362.0 }, "geometry": { "type": "Point", "coordinates": [ 80.2765, 13.2115 ] } },
{ "type": "Feature", "properties": { "corporation": "Chennai", "region": "North", "zone_no": "02", "ward_no": "015", "road_id": "48333", "street_name": "OLD COLONY 1ST STREET", "area_name": "EDYANCHAVADI", "area_id": "19133", "locality_name": "OLD NAPPALAYAM", "locality_id": "19441", "layer_id": 1583.0, "object_id": 363.0 }, "geometry": { "type": "Point", "coordinates": [ 80.2793, 13.2242 ] } },
{ "type": "Feature", "properties": { "corporation": "Chennai", "region": "North", "zone_no": "02", "ward_no": "015", "road_id": "48135", "street_name": "VADUGAR  PALAYAM SALAI (OLD COLONY SALAI TO BURIAL GROUND)", "area_name": "EDYANCHAVADI", "area_id": "19133", "locality_name": "MANALI NEW TOWN", "locality_id": "19233", "layer_id": 1583.0, "object_id": 364.0 }, "geometry": { "type": "Point", "coordinates": [ 80.2801, 13.2231 ] } },
{ "type": "Feature", "properties": { "corporation": "Chennai", "region": "North", "zone_no": "02", "ward_no": "015", "road_id": "28270", "street_name": "New Colony 2nd Street", "area_name": "EDYANCHAVADI", "area_id": "19133", "locality_name": "NEW COLONY", "locality_id": "19913", "layer_id": 1583.0, "object_id": 365.0 }, "geometry": { "type": "Point", "coordinates": [ 80.2744, 13.2253 ] } },
{ "type": "Feature", "properties": { "corporation": "Chennai", "region": "North", "zone_no": "02", "ward_no": "015", "road_id": "48056", "street_name": "EDAYANCHAVADI MAIN ROAD (TH ROAD TO EDAYANCHAVADI  )", "area_name": "EDYANCHAVADI", "area_id": "19133", "locality_name": "MANALI NEW TOWN", "locality_id": "19233", "layer_id": 1583.0, "object_id": 366.0 }, "geometry": { "type": "Point", "coordinates": [ 80.2789, 13.212 ] } },
{ "type": "Feature", "properties": { "corporation": "Chennai", "region": "North", "zone_no": "02", "ward_no": "015", "road_id": "48056", "street_name": "EDAYANCHAVADI MAIN ROAD (TH ROAD TO EDAYANCHAVADI  )", "area_name": "EDYANCHAVADI", "area_id": "19133", "locality_name": "MANALI NEW TOWN", "locality_id": "19233", "layer_id": 1583.0, "object_id": 367.0 }, "geometry": { "type": "Point", "coordinates": [ 80.2805, 13.2112 ] } },
{ "type": "Feature", "properties": { "corporation": "Chennai", "region": "North", "zone_no": "02", "ward_no": "015", "road_id": null, "street_name": "Manali New Town 150 Feet Main Road", "area_name": "EDYANCHAVADI", "area_id": "19133", "locality_name": "MANALI NEW TOWN", "locality_id": "19233", "layer_id": 1583.0, "object_id": 368.0 }, "geometry": { "type": "Point", "coordinates": [ 80.2802, 13.2051 ] } },
{ "type": "Feature", "properties": { "corporation": "Chennai", "region": "North", "zone_no": "02", "ward_no": "015", "road_id": null, "street_name": "Manali New Town 80 Feet Road", "area_name": "EDYANCHAVADI", "area_id": "19133", "locality_name": "MANALI NEW TOWN", "locality_id": "19233", "layer_id": 1583.0, "object_id": 369.0 }, "geometry": { "type": "Point", "coordinates": [ 80.2734, 13.2075 ] } },
{ "type": "Feature", "properties": { "corporation": "Chennai", "region": "North", "zone_no": "02", "ward_no": "016", "road_id": "68095", "street_name": "KAMARAJAPURAM RADHAKRISHNAN PERUMAL KOIL STREET", "area_name": "KADAPPAKKAM", "area_id": "68084", "locality_name": "KAMARAJAPURAM", "locality_id": "68094", "layer_id": 1583.0, "object_id": 370.0 }, "geometry": { "type": "Point", "coordinates": [ 80.2577, 13.1938 ] } },
{ "type": "Feature", "properties": { "corporation": "Chennai", "region": "North", "zone_no": "02", "ward_no": "016", "road_id": "68095", "street_name": "KAMARAJAPURAM RADHAKRISHNAN PERUMAL KOIL STREET", "area_name": "KADAPPAKKAM", "area_id": "68084", "locality_name": "KAMARAJAPURAM", "locality_id": "68094", "layer_id": 1583.0, "object_id": 371.0 }, "geometry": { "type": "Point", "coordinates": [ 80.2577, 13.194 ] } },
{ "type": "Feature", "properties": { "corporation": "Chennai", "region": "North", "zone_no": "02", "ward_no": "016", "road_id": null, "street_name": "Kannaiammanpet Vichur Link Road", "area_name": "KADAPPAKKAM", "area_id": "68084", "locality_name": "KANNIAMMANPET", "locality_id": "68088", "layer_id": 1583.0, "object_id": 372.0 }, "geometry": { "type": "Point", "coordinates": [ 80.2529, 13.1974 ] } },
{ "type": "Feature", "properties": { "corporation": "Chennai", "region": "North", "zone_no": "02", "ward_no": "016", "road_id": null, "street_name": "Kannaiammanpet Vichur Link Road", "area_name": "KADAPPAKKAM", "area_id": "68084", "locality_name": "KANNIAMMANPET", "locality_id": "68088", "layer_id": 1583.0, "object_id": 373.0 }, "geometry": { "type": "Point", "coordinates": [ 80.253, 13.1975 ] } },
{ "type": "Feature", "properties": { "corporation": "Chennai", "region": "North", "zone_no": "02", "ward_no": "016", "road_id": "48557", "street_name": "KADAPAKKAM VICHUR LINK ROAD", "area_name": "KADAPAKKAM", "area_id": "19156", "locality_name": "VICHUR", "locality_id": "47954", "layer_id": 1583.0, "object_id": 374.0 }, "geometry": { "type": "Point", "coordinates": [ 80.26, 13.2016 ] } },
{ "type": "Feature", "properties": { "corporation": "Chennai", "region": "North", "zone_no": "02", "ward_no": "016", "road_id": "48557", "street_name": "KADAPAKKAM VICHUR LINK ROAD", "area_name": "KADAPAKKAM", "area_id": "19156", "locality_name": "VICHUR", "locality_id": "47954", "layer_id": 1583.0, "object_id": 375.0 }, "geometry": { "type": "Point", "coordinates": [ 80.2599, 13.2016 ] } },
{ "type": "Feature", "properties": { "corporation": "Chennai", "region": "North", "zone_no": "02", "ward_no": "016", "road_id": "48001", "street_name": "ELANDANUR PERUMAL KOIL STREET", "area_name": "SADAIYANKUPPAM", "area_id": "19179", "locality_name": "ELANDANUR", "locality_id": "47963", "layer_id": 1583.0, "object_id": 376.0 }, "geometry": { "type": "Point", "coordinates": [ 80.2751, 13.1908 ] } },
{ "type": "Feature", "properties": { "corporation": "Chennai", "region": "North", "zone_no": "02", "ward_no": "016", "road_id": null, "street_name": "Burma Nagar Burial Ground Road", "area_name": "SADAIYANKUPPAM", "area_id": "19179", "locality_name": "BURMA NAGAR", "locality_id": "21313", "layer_id": 1583.0, "object_id": 377.0 }, "geometry": { "type": "Point", "coordinates": [ 80.2865, 13.1823 ] } },
{ "type": "Feature", "properties": { "corporation": "Chennai", "region": "North", "zone_no": "02", "ward_no": "016", "road_id": "23628", "street_name": "BURMA NAGAR 13TH STREET", "area_name": "SADAIYANKUPPAM", "area_id": "19179", "locality_name": "BURMA NAGAR", "locality_id": "21313", "layer_id": 1583.0, "object_id": 378.0 }, "geometry": { "type": "Point", "coordinates": [ 80.2839, 13.1849 ] } },
{ "type": "Feature", "properties": { "corporation": "Chennai", "region": "North", "zone_no": "02", "ward_no": "016", "road_id": "48239", "street_name": "Irular Colony (St Colony)", "area_name": "SADAIYANKUPPAM", "area_id": "19179", "locality_name": "ST COLONY", "locality_id": "47957", "layer_id": 1583.0, "object_id": 379.0 }, "geometry": { "type": "Point", "coordinates": [ 80.2918, 13.1825 ] } },
{ "type": "Feature", "properties": { "corporation": "Chennai", "region": "North", "zone_no": "02", "ward_no": "016", "road_id": null, "street_name": "Sadayankuppam Main Road", "area_name": "SADAIYANKUPPAM", "area_id": "19179", "locality_name": "BURMA NAGAR", "locality_id": "21313", "layer_id": 1583.0, "object_id": 380.0 }, "geometry": { "type": "Point", "coordinates": [ 80.2919, 13.1847 ] } },
{ "type": "Feature", "properties": { "corporation": "Chennai", "region": "North", "zone_no": "02", "ward_no": "016", "road_id": null, "street_name": "Sadayankuppam Main Road", "area_name": "SADAIYANKUPPAM", "area_id": "19179", "locality_name": "BURMA NAGAR", "locality_id": "21313", "layer_id": 1583.0, "object_id": 381.0 }, "geometry": { "type": "Point", "coordinates": [ 80.2919, 13.1847 ] } },
{ "type": "Feature", "properties": { "corporation": "Chennai", "region": "North", "zone_no": "02", "ward_no": "016", "road_id": null, "street_name": "Sadayankuppam Main Road", "area_name": "SADAIYANKUPPAM", "area_id": "19179", "locality_name": "BURMA NAGAR", "locality_id": "21313", "layer_id": 1583.0, "object_id": 382.0 }, "geometry": { "type": "Point", "coordinates": [ 80.2919, 13.1847 ] } },
{ "type": "Feature", "properties": { "corporation": "Chennai", "region": "North", "zone_no": "03", "ward_no": "031", "road_id": null, "street_name": "Anna Cross Street", "area_name": "KATHIRVEDU(N031)", "area_id": "69120", "locality_name": "KATHIRVEDU  WEST(N031)", "locality_id": "70136", "layer_id": 1583.0, "object_id": 383.0 }, "geometry": { "type": "Point", "coordinates": [ 80.2031, 13.153 ] } },
{ "type": "Feature", "properties": { "corporation": "Chennai", "region": "North", "zone_no": "04", "ward_no": "034", "road_id": "12367", "street_name": "Manali Salai", "area_name": "Kodungaiyur", "area_id": "234", "locality_name": "Chinna Kodungaiyur", "locality_id": "299", "layer_id": 1583.0, "object_id": 384.0 }, "geometry": { "type": "Point", "coordinates": [ 80.2482, 13.1396 ] } },
{ "type": "Feature", "properties": { "corporation": "Chennai", "region": "North", "zone_no": "04", "ward_no": "034", "road_id": "15623", "street_name": "Rizwan Street (Milk Colony Road)", "area_name": "Kodungaiyur", "area_id": "234", "locality_name": "Jumbuli Village", "locality_id": "1447", "layer_id": 1583.0, "object_id": 385.0 }, "geometry": { "type": "Point", "coordinates": [ 80.2408, 13.1422 ] } },
{ "type": "Feature", "properties": { "corporation": "Chennai", "region": "South", "zone_no": "14", "ward_no": "191", "road_id": "34178", "street_name": "Gandhi Salai", "area_name": "Jaladianpet", "area_id": "19192", "locality_name": "Jaladianpet", "locality_id": "19522", "layer_id": 1583.0, "object_id": 386.0 }, "geometry": { "type": "Point", "coordinates": [ 80.2015, 12.9192 ] } },
{ "type": "Feature", "properties": { "corporation": "Chennai", "region": "South", "zone_no": "14", "ward_no": "191", "road_id": "38779", "street_name": "Anna Salai", "area_name": "Jaladianpet", "area_id": "19192", "locality_name": "Anna Salai", "locality_id": "20739", "layer_id": 1583.0, "object_id": 387.0 }, "geometry": { "type": "Point", "coordinates": [ 80.1963, 12.9122 ] } },
{ "type": "Feature", "properties": { "corporation": "Chennai", "region": "South", "zone_no": "14", "ward_no": "191", "road_id": "40176", "street_name": "Pudhu Nagar 5th Street", "area_name": "Jaladianpet", "area_id": "19192", "locality_name": "Thiruvalluvar Nagar", "locality_id": "21115", "layer_id": 1583.0, "object_id": 388.0 }, "geometry": { "type": "Point", "coordinates": [ 80.1955, 12.9104 ] } },
{ "type": "Feature", "properties": { "corporation": "Chennai", "region": "South", "zone_no": "13", "ward_no": "180", "road_id": "92140", "street_name": "South Avenue, Kamaraj Nagar East", "area_name": "Thiruvanmiyur", "area_id": "252", "locality_name": "Kamaraj Nagar", "locality_id": "1701", "layer_id": 1583.0, "object_id": 389.0 }, "geometry": { "type": "Point", "coordinates": [ 80.2579, 12.987 ] } },
{ "type": "Feature", "properties": { "corporation": "Chennai", "region": "South", "zone_no": "13", "ward_no": "180", "road_id": "90771", "street_name": "North Mada Street", "area_name": "Thiruvanmiyur", "area_id": "252", "locality_name": "Thiruvanmiyur", "locality_id": "1129", "layer_id": 1583.0, "object_id": 390.0 }, "geometry": { "type": "Point", "coordinates": [ 80.2599, 12.9861 ] } },
{ "type": "Feature", "properties": { "corporation": "Chennai", "region": "South", "zone_no": "13", "ward_no": "180", "road_id": "91421", "street_name": "Theruveethi Amman Koil 1st  Street", "area_name": "Thiruvanmiyur", "area_id": "252", "locality_name": "Thiruvanmiyur", "locality_id": "1129", "layer_id": 1583.0, "object_id": 391.0 }, "geometry": { "type": "Point", "coordinates": [ 80.2609, 12.9808 ] } },
{ "type": "Feature", "properties": { "corporation": "Chennai", "region": "South", "zone_no": "13", "ward_no": "180", "road_id": "91688", "street_name": "West Tank Road", "area_name": "Thiruvanmiyur", "area_id": "252", "locality_name": "Thiruvanmiyur", "locality_id": "1129", "layer_id": 1583.0, "object_id": 392.0 }, "geometry": { "type": "Point", "coordinates": [ 80.2614, 12.9849 ] } },
{ "type": "Feature", "properties": { "corporation": "Chennai", "region": "North", "zone_no": "01", "ward_no": "004", "road_id": "68552", "street_name": "RAMANATHAPURAM 2ND STREET", "area_name": "ERNAVOOR", "area_id": "19155", "locality_name": "Ramanathapuram", "locality_id": "68550", "layer_id": 1583.0, "object_id": 393.0 }, "geometry": { "type": "Point", "coordinates": [ 80.3024, 13.1804 ] } },
{ "type": "Feature", "properties": { "corporation": "Chennai", "region": "North", "zone_no": "01", "ward_no": "004", "road_id": "28398", "street_name": "TIRUVEEDHI AMMAN KOIL ST 5TH ST", "area_name": "ERNAVOOR", "area_id": "19155", "locality_name": "ERNEESWARAR NAGAR", "locality_id": "20025", "layer_id": 1583.0, "object_id": 394.0 }, "geometry": { "type": "Point", "coordinates": [ 80.3047, 13.1921 ] } },
{ "type": "Feature", "properties": { "corporation": "Chennai", "region": "North", "zone_no": "01", "ward_no": "005", "road_id": "28615", "street_name": "Tiruvottriyur High Road", "area_name": "WIMCO NAGAR", "area_id": "19131", "locality_name": "WIMCO NAGAR", "locality_id": "19382", "layer_id": 1583.0, "object_id": 395.0 }, "geometry": { "type": "Point", "coordinates": [ 80.3088, 13.1854 ] } },
{ "type": "Feature", "properties": { "corporation": "Chennai", "region": "North", "zone_no": "01", "ward_no": "005", "road_id": "60279", "street_name": "KVK Kuppam 1st Street", "area_name": "ERNAVOOR", "area_id": "19155", "locality_name": "KVK Kuppam", "locality_id": "57927", "layer_id": 1583.0, "object_id": 396.0 }, "geometry": { "type": "Point", "coordinates": [ 80.3133, 13.1771 ] } },
{ "type": "Feature", "properties": { "corporation": "Chennai", "region": "Central", "zone_no": "07", "ward_no": "081", "road_id": "24740", "street_name": "OLD BARODA BANK STREET", "area_name": "VENKATAPURAM", "area_id": "19183", "locality_name": "BHARATH PETROL BUNK", "locality_id": "20023", "layer_id": 1583.0, "object_id": 397.0 }, "geometry": { "type": "Point", "coordinates": [ 80.1534, 13.1169 ] } },
{ "type": "Feature", "properties": { "corporation": "Chennai", "region": "Central", "zone_no": "07", "ward_no": "081", "road_id": "23209", "street_name": "High School Street Venkatapuram (Ward 15)(W81)", "area_name": "AMBATTUR", "area_id": "19158", "locality_name": "AMBATTUR", "locality_id": "19815", "layer_id": 1583.0, "object_id": 398.0 }, "geometry": { "type": "Point", "coordinates": [ 80.1539, 13.1162 ] } },
{ "type": "Feature", "properties": { "corporation": "Chennai", "region": "Central", "zone_no": "07", "ward_no": "081", "road_id": "29177", "street_name": "NORTH PARK STREET", "area_name": "VENKATAPURAM", "area_id": "19183", "locality_name": "GOVT GIRLS SCHOOL", "locality_id": "19685", "layer_id": 1583.0, "object_id": 399.0 }, "geometry": { "type": "Point", "coordinates": [ 80.1504, 13.1196 ] } },
{ "type": "Feature", "properties": { "corporation": "Chennai", "region": "Central", "zone_no": "07", "ward_no": "081", "road_id": "27442", "street_name": "BAJANAI KOIL 1ST STREET", "area_name": "AMBATTUR O.T", "area_id": "19119", "locality_name": "NEAR MAHA GANESA SCHOOL", "locality_id": "19261", "layer_id": 1583.0, "object_id": 400.0 }, "geometry": { "type": "Point", "coordinates": [ 80.1581, 13.1146 ] } },
{ "type": "Feature", "properties": { "corporation": "Chennai", "region": "North", "zone_no": "02", "ward_no": "017", "road_id": null, "street_name": "Andarkuppam Red Hills Road", "area_name": "THEEYAMBAKKAM", "area_id": "19144", "locality_name": "THEEYAMBAKKAM", "locality_id": "19343", "layer_id": 1583.0, "object_id": 401.0 }, "geometry": { "type": "Point", "coordinates": [ 80.2383, 13.1963 ] } },
{ "type": "Feature", "properties": { "corporation": "Chennai", "region": "North", "zone_no": "02", "ward_no": "017", "road_id": null, "street_name": "Pillayar Koil Perumal Koil Link Road", "area_name": "THEEYAMBAKKAM", "area_id": "19144", "locality_name": "THEEYAMBAKKAM", "locality_id": "19343", "layer_id": 1583.0, "object_id": 402.0 }, "geometry": { "type": "Point", "coordinates": [ 80.2352, 13.1958 ] } },
{ "type": "Feature", "properties": { "corporation": "Chennai", "region": "North", "zone_no": "02", "ward_no": "017", "road_id": null, "street_name": "Thiyagi Viswanandha Dass Nagar 5th Cross Street", "area_name": "THEEYAMBAKKAM", "area_id": "19144", "locality_name": "THEEYAMBAKKAM", "locality_id": "19343", "layer_id": 1583.0, "object_id": 403.0 }, "geometry": { "type": "Point", "coordinates": [ 80.2354, 13.1853 ] } },
{ "type": "Feature", "properties": { "corporation": "Chennai", "region": "North", "zone_no": "02", "ward_no": "017", "road_id": "48397", "street_name": "ARIYALUR 3 STREETS", "area_name": "THEEYAMBAKKAM", "area_id": "19144", "locality_name": "ARIYALUR", "locality_id": "47982", "layer_id": 1583.0, "object_id": 404.0 }, "geometry": { "type": "Point", "coordinates": [ 80.2495, 13.193 ] } },
{ "type": "Feature", "properties": { "corporation": "Chennai", "region": "North", "zone_no": "02", "ward_no": "017", "road_id": "48549", "street_name": "Kathakuzhi Sudukadu Salai", "area_name": "VADAPERUMBAKKAM", "area_id": "19134", "locality_name": "KATHAKUZHI", "locality_id": "19916", "layer_id": 1583.0, "object_id": 405.0 }, "geometry": { "type": "Point", "coordinates": [ 80.2293, 13.1814 ] } },
{ "type": "Feature", "properties": { "corporation": "Chennai", "region": "North", "zone_no": "02", "ward_no": "017", "road_id": "48549", "street_name": "Kathakuzhi Sudukadu Salai", "area_name": "VADAPERUMBAKKAM", "area_id": "19134", "locality_name": "KATHAKUZHI", "locality_id": "19916", "layer_id": 1583.0, "object_id": 406.0 }, "geometry": { "type": "Point", "coordinates": [ 80.2294, 13.1813 ] } },
{ "type": "Feature", "properties": { "corporation": "Chennai", "region": "North", "zone_no": "02", "ward_no": "017", "road_id": null, "street_name": "Perumal Koil 3rd Cross Street (Phase-I)", "area_name": "THEEYAMBAKKAM", "area_id": "19144", "locality_name": "KOSAPUR", "locality_id": "20102", "layer_id": 1583.0, "object_id": 407.0 }, "geometry": { "type": "Point", "coordinates": [ 80.2339, 13.1798 ] } },
{ "type": "Feature", "properties": { "corporation": "Chennai", "region": "North", "zone_no": "02", "ward_no": "017", "road_id": "48067", "street_name": "Samuel Nagar Sudukadu Salai", "area_name": "VADAPERUMBAKKAM", "area_id": "19134", "locality_name": "VADAPERUMBAKKAM", "locality_id": "19890", "layer_id": 1583.0, "object_id": 408.0 }, "geometry": { "type": "Point", "coordinates": [ 80.2201, 13.1746 ] } },
{ "type": "Feature", "properties": { "corporation": "Chennai", "region": "North", "zone_no": "02", "ward_no": "017", "road_id": "48471", "street_name": "Anna Street", "area_name": "VADAPERUMBAKKAM", "area_id": "19134", "locality_name": "VADAPERUMBAKKAM", "locality_id": "19890", "layer_id": 1583.0, "object_id": 409.0 }, "geometry": { "type": "Point", "coordinates": [ 80.2192, 13.1767 ] } },
{ "type": "Feature", "properties": { "corporation": "Chennai", "region": "North", "zone_no": "02", "ward_no": "017", "road_id": "22845", "street_name": "M.R.H.ROAD", "area_name": "VADAPERUMBAKKAM", "area_id": "19134", "locality_name": "KANNIAMMAN KOIL", "locality_id": "19443", "layer_id": 1583.0, "object_id": 410.0 }, "geometry": { "type": "Point", "coordinates": [ 80.2148, 13.1764 ] } },
{ "type": "Feature", "properties": { "corporation": "Chennai", "region": "North", "zone_no": "02", "ward_no": "017", "road_id": "22845", "street_name": "M.R.H.ROAD", "area_name": "VADAPERUMBAKKAM", "area_id": "19134", "locality_name": "KANNIAMMAN KOIL", "locality_id": "19443", "layer_id": 1583.0, "object_id": 411.0 }, "geometry": { "type": "Point", "coordinates": [ 80.2149, 13.1763 ] } },
{ "type": "Feature", "properties": { "corporation": "Chennai", "region": "North", "zone_no": "04", "ward_no": "035", "road_id": "12328", "street_name": "E.V.R.Salai", "area_name": "Erukkencherry", "area_id": "206", "locality_name": "Lakshmi Amman Nagar", "locality_id": "1535", "layer_id": 1583.0, "object_id": 412.0 }, "geometry": { "type": "Point", "coordinates": [ 80.2442, 13.1266 ] } },
{ "type": "Feature", "properties": { "corporation": "Chennai", "region": "South", "zone_no": "13", "ward_no": "174", "road_id": "84185", "street_name": "Sastri Nagar 2nd Avenue", "area_name": "Adyar(N174)", "area_id": "69170", "locality_name": "Sastri Nagar(N174)", "locality_id": "70050", "layer_id": 1583.0, "object_id": 413.0 }, "geometry": { "type": "Point", "coordinates": [ 80.2567, 12.9969 ] } },
{ "type": "Feature", "properties": { "corporation": "Chennai", "region": "South", "zone_no": "13", "ward_no": "174", "road_id": "79871", "street_name": "Besant Nagar 2nd Avenue", "area_name": "Besant Nagar(N174)", "area_id": "69083", "locality_name": "Besant Nagar(N174)", "locality_id": "70595", "layer_id": 1583.0, "object_id": 414.0 }, "geometry": { "type": "Point", "coordinates": [ 80.2668, 12.9999 ] } },
{ "type": "Feature", "properties": { "corporation": "Chennai", "region": "South", "zone_no": "13", "ward_no": "174", "road_id": "79471", "street_name": "Durgabai Deshmukh Road", "area_name": "Adayar(N174)", "area_id": "69035", "locality_name": "Adayar(N174)", "locality_id": "69489", "layer_id": 1583.0, "object_id": 415.0 }, "geometry": { "type": "Point", "coordinates": [ 80.2594, 13.0101 ] } },
{ "type": "Feature", "properties": { "corporation": "Chennai", "region": "South", "zone_no": "13", "ward_no": "174", "road_id": "79929", "street_name": "Venkateswara Nagar 2nd Street", "area_name": "Adyar(N174)", "area_id": "69170", "locality_name": "Adyar(N174)", "locality_id": "70329", "layer_id": 1583.0, "object_id": 416.0 }, "geometry": { "type": "Point", "coordinates": [ 80.2628, 13.003 ] } },
{ "type": "Feature", "properties": { "corporation": "Chennai", "region": "Central", "zone_no": "09", "ward_no": "126", "road_id": "8036", "street_name": "Ramakrishna Mutt Road", "area_name": "Mandavelipakkam", "area_id": "279", "locality_name": "Mandavelipakkam", "locality_id": "1886", "layer_id": 1583.0, "object_id": 417.0 }, "geometry": { "type": "Point", "coordinates": [ 80.2659, 13.0264 ] } },
{ "type": "Feature", "properties": { "corporation": "Chennai", "region": "Central", "zone_no": "09", "ward_no": "126", "road_id": "8044", "street_name": "1st Trust Main Road", "area_name": "Mandavelipakkam", "area_id": "279", "locality_name": "Mandavelipakkam", "locality_id": "1886", "layer_id": 1583.0, "object_id": 418.0 }, "geometry": { "type": "Point", "coordinates": [ 80.2695, 13.0251 ] } },
{ "type": "Feature", "properties": { "corporation": "Chennai", "region": "Central", "zone_no": "09", "ward_no": "126", "road_id": "18268", "street_name": "2nd Trust Main Road", "area_name": "Mandavelipakkam", "area_id": "279", "locality_name": "Mandavelipakkam", "locality_id": "1886", "layer_id": 1583.0, "object_id": 419.0 }, "geometry": { "type": "Point", "coordinates": [ 80.2723, 13.0251 ] } },
{ "type": "Feature", "properties": { "corporation": "Chennai", "region": "Central", "zone_no": "09", "ward_no": "126", "road_id": "75410", "street_name": "Loop Road", "area_name": "Raja Annamalai Puram", "area_id": "245", "locality_name": "Pattinambakkam(N126)", "locality_id": "71080", "layer_id": 1583.0, "object_id": 420.0 }, "geometry": { "type": "Point", "coordinates": [ 80.2765, 13.0226 ] } },
{ "type": "Feature", "properties": { "corporation": "Chennai", "region": "Central", "zone_no": "09", "ward_no": "126", "road_id": "6019", "street_name": "Norton Road", "area_name": "Mandavelipakkam", "area_id": "279", "locality_name": "Mandavelipakkam", "locality_id": "1886", "layer_id": 1583.0, "object_id": 421.0 }, "geometry": { "type": "Point", "coordinates": [ 80.2685, 13.0288 ] } },
{ "type": "Feature", "properties": { "corporation": "Chennai", "region": "North", "zone_no": "04", "ward_no": "036", "road_id": "16727", "street_name": "Erukenchery High Road", "area_name": "Vyasarpadi", "area_id": "221", "locality_name": "Sharma Nagar", "locality_id": "1161", "layer_id": 1583.0, "object_id": 422.0 }, "geometry": { "type": "Point", "coordinates": [ 80.2546, 13.1206 ] } },
{ "type": "Feature", "properties": { "corporation": "Chennai", "region": "North", "zone_no": "04", "ward_no": "036", "road_id": "7603", "street_name": "Papathi Ammal Koil Street", "area_name": "Erukkencherry", "area_id": "206", "locality_name": "Erukkencherry", "locality_id": "1429", "layer_id": 1583.0, "object_id": 423.0 }, "geometry": { "type": "Point", "coordinates": [ 80.249, 13.1246 ] } },
{ "type": "Feature", "properties": { "corporation": "Chennai", "region": "North", "zone_no": "04", "ward_no": "036", "road_id": "16349", "street_name": "Dr. Ambedkar Street (Suzpunal Karai)", "area_name": "Erukkencherry", "area_id": "206", "locality_name": "Sulpunal Karai", "locality_id": "1739", "layer_id": 1583.0, "object_id": 424.0 }, "geometry": { "type": "Point", "coordinates": [ 80.25, 13.1249 ] } },
{ "type": "Feature", "properties": { "corporation": "Chennai", "region": "Central", "zone_no": "10", "ward_no": "142", "road_id": "16037", "street_name": "Kothaval Chavadi Street", "area_name": "Saidapet", "area_id": "222", "locality_name": "West Saidapet", "locality_id": "1128", "layer_id": 1583.0, "object_id": 425.0 }, "geometry": { "type": "Point", "coordinates": [ 80.2142, 13.0219 ] } },
{ "type": "Feature", "properties": { "corporation": "Chennai", "region": "Central", "zone_no": "10", "ward_no": "142", "road_id": "9923", "street_name": "Samiyar Thottam Slum Lanes", "area_name": "Saidapet", "area_id": "222", "locality_name": "Samiyar Thottam", "locality_id": "678", "layer_id": 1583.0, "object_id": 426.0 }, "geometry": { "type": "Point", "coordinates": [ 80.2207, 13.0188 ] } },
{ "type": "Feature", "properties": { "corporation": "Chennai", "region": "Central", "zone_no": "10", "ward_no": "142", "road_id": "18123", "street_name": "Vinayagampet Street", "area_name": "Saidapet", "area_id": "222", "locality_name": "Saidapet", "locality_id": "1270", "layer_id": 1583.0, "object_id": 427.0 }, "geometry": { "type": "Point", "coordinates": [ 80.2238, 13.0211 ] } },
{ "type": "Feature", "properties": { "corporation": "Chennai", "region": "Central", "zone_no": "10", "ward_no": "142", "road_id": "18124", "street_name": "Abdul Razak Street", "area_name": "Saidapet", "area_id": "222", "locality_name": "Saidapet", "locality_id": "1270", "layer_id": 1583.0, "object_id": 428.0 }, "geometry": { "type": "Point", "coordinates": [ 80.2239, 13.0195 ] } },
{ "type": "Feature", "properties": { "corporation": "Chennai", "region": "Central", "zone_no": "10", "ward_no": "142", "road_id": "3776", "street_name": "Abdul Razak I Street", "area_name": "Saidapet", "area_id": "222", "locality_name": "Maxland", "locality_id": "683", "layer_id": 1583.0, "object_id": 429.0 }, "geometry": { "type": "Point", "coordinates": [ 80.224, 13.0183 ] } },
{ "type": "Feature", "properties": { "corporation": "Chennai", "region": "Central", "zone_no": "10", "ward_no": "142", "road_id": "9971", "street_name": "Salavaithurai", "area_name": "Saidapet", "area_id": "222", "locality_name": "Dhobikhana", "locality_id": "686", "layer_id": 1583.0, "object_id": 430.0 }, "geometry": { "type": "Point", "coordinates": [ 80.222, 13.0184 ] } },
{ "type": "Feature", "properties": { "corporation": "Chennai", "region": "Central", "zone_no": "10", "ward_no": "142", "road_id": null, "street_name": "Godhamedu", "area_name": "Saidapet", "area_id": "222", "locality_name": "Gothamedu", "locality_id": "456", "layer_id": 1583.0, "object_id": 431.0 }, "geometry": { "type": "Point", "coordinates": [ 80.2231, 13.0166 ] } },
{ "type": "Feature", "properties": { "corporation": "Chennai", "region": "Central", "zone_no": "10", "ward_no": "142", "road_id": "9631", "street_name": "Jeenis Road", "area_name": "Saidapet", "area_id": "222", "locality_name": "Saidapet", "locality_id": "1270", "layer_id": 1583.0, "object_id": 432.0 }, "geometry": { "type": "Point", "coordinates": [ 80.2243, 13.0235 ] } },
{ "type": "Feature", "properties": { "corporation": "Chennai", "region": "Central", "zone_no": "10", "ward_no": "137", "road_id": null, "street_name": "Anna Link Road", "area_name": "Virugambakkam", "area_id": "212", "locality_name": "K.K.Nagar", "locality_id": "1039", "layer_id": 1583.0, "object_id": 433.0 }, "geometry": { "type": "Point", "coordinates": [ 80.1929, 13.0375 ] } },
{ "type": "Feature", "properties": { "corporation": "Chennai", "region": "Central", "zone_no": "10", "ward_no": "127", "road_id": "43030", "street_name": "A K R ROAD", "area_name": "Koyambedu", "area_id": "197", "locality_name": "Koyambedu", "locality_id": "1206", "layer_id": 1583.0, "object_id": 434.0 }, "geometry": { "type": "Point", "coordinates": [ 80.198, 13.078 ] } },
{ "type": "Feature", "properties": { "corporation": "Chennai", "region": "Central", "zone_no": "10", "ward_no": "127", "road_id": "13045", "street_name": "SIVan Koil Street", "area_name": "Koyambedu", "area_id": "197", "locality_name": "Koyambedu", "locality_id": "1206", "layer_id": 1583.0, "object_id": 435.0 }, "geometry": { "type": "Point", "coordinates": [ 80.1977, 13.0735 ] } },
{ "type": "Feature", "properties": { "corporation": "Chennai", "region": "Central", "zone_no": "10", "ward_no": "128", "road_id": "11087", "street_name": "Errikkarai Street", "area_name": "Virugambakkam", "area_id": "212", "locality_name": "Erikkarai", "locality_id": "1218", "layer_id": 1583.0, "object_id": 436.0 }, "geometry": { "type": "Point", "coordinates": [ 80.1869, 13.0545 ] } },
{ "type": "Feature", "properties": { "corporation": "Chennai", "region": "Central", "zone_no": "10", "ward_no": "138", "road_id": null, "street_name": "Ashok Pillar Road", "area_name": "K.K.Nagar", "area_id": "260", "locality_name": "K.K.Nagar", "locality_id": "828", "layer_id": 1583.0, "object_id": 437.0 }, "geometry": { "type": "Point", "coordinates": [ 80.2053, 13.036 ] } },
{ "type": "Feature", "properties": { "corporation": "Chennai", "region": "Central", "zone_no": "10", "ward_no": "138", "road_id": "7665", "street_name": "60 Feet Road", "area_name": "K.K.Nagar", "area_id": "260", "locality_name": "K.K.Nagar", "locality_id": "828", "layer_id": 1583.0, "object_id": 438.0 }, "geometry": { "type": "Point", "coordinates": [ 80.2032, 13.0342 ] } },
{ "type": "Feature", "properties": { "corporation": "Chennai", "region": "Central", "zone_no": "10", "ward_no": "138", "road_id": "7665", "street_name": "60 Feet Road", "area_name": "K.K.Nagar", "area_id": "260", "locality_name": "K.K.Nagar", "locality_id": "828", "layer_id": 1583.0, "object_id": 439.0 }, "geometry": { "type": "Point", "coordinates": [ 80.2029, 13.0332 ] } },
{ "type": "Feature", "properties": { "corporation": "Chennai", "region": "Central", "zone_no": "10", "ward_no": "138", "road_id": "13651", "street_name": "Govindasamy Street", "area_name": "K.K.Nagar", "area_id": "260", "locality_name": "M.G.R.Nagar", "locality_id": "424", "layer_id": 1583.0, "object_id": 440.0 }, "geometry": { "type": "Point", "coordinates": [ 80.2023, 13.0349 ] } },
{ "type": "Feature", "properties": { "corporation": "Chennai", "region": "North", "zone_no": "01", "ward_no": "001", "road_id": null, "street_name": "K.H. Road", "area_name": "KATHIVAKKAM", "area_id": "19165", "locality_name": "KAMARAJ NAGAR", "locality_id": "19779", "layer_id": 1583.0, "object_id": 441.0 }, "geometry": { "type": "Point", "coordinates": [ 80.3209, 13.2248 ] } },
{ "type": "Feature", "properties": { "corporation": "Chennai", "region": "North", "zone_no": "01", "ward_no": "001", "road_id": "27508", "street_name": "ENNORE EXPRESS ROAD", "area_name": "KATHIVAKKAM", "area_id": "19165", "locality_name": "SVM NAGAR", "locality_id": "19629", "layer_id": 1583.0, "object_id": 442.0 }, "geometry": { "type": "Point", "coordinates": [ 80.3269, 13.2264 ] } },
{ "type": "Feature", "properties": { "corporation": "Chennai", "region": "North", "zone_no": "01", "ward_no": "001", "road_id": "27514", "street_name": "ENNORE KUPPAM 3 STREET", "area_name": "KATHIVAKKAM", "area_id": "19165", "locality_name": "ENNORE KUPPAM", "locality_id": "20048", "layer_id": 1583.0, "object_id": 443.0 }, "geometry": { "type": "Point", "coordinates": [ 80.3267, 13.2298 ] } },
{ "type": "Feature", "properties": { "corporation": "Chennai", "region": "North", "zone_no": "01", "ward_no": "001", "road_id": "55841", "street_name": "MUGATHUVARAKUPPAM MAIN ROAD TO 5 TH STREET", "area_name": "KATHIVAKKAM", "area_id": "19165", "locality_name": "MUGATHUVARAKUPPAM", "locality_id": "19972", "layer_id": 1583.0, "object_id": 444.0 }, "geometry": { "type": "Point", "coordinates": [ 80.3259, 13.2297 ] } },
{ "type": "Feature", "properties": { "corporation": "Chennai", "region": "North", "zone_no": "01", "ward_no": "001", "road_id": "55855", "street_name": "NETTUKUPPAM MAIN ROAD (FROM 1 STREET TO 5 STREET)", "area_name": "KATHIVAKKAM", "area_id": "19165", "locality_name": "NETTUKUPPAM", "locality_id": "19783", "layer_id": 1583.0, "object_id": 445.0 }, "geometry": { "type": "Point", "coordinates": [ 80.3277, 13.23 ] } },
{ "type": "Feature", "properties": { "corporation": "Chennai", "region": "North", "zone_no": "01", "ward_no": "001", "road_id": "55855", "street_name": "NETTUKUPPAM MAIN ROAD (FROM 1 STREET TO 5 STREET)", "area_name": "KATHIVAKKAM", "area_id": "19165", "locality_name": "NETTUKUPPAM", "locality_id": "19783", "layer_id": 1583.0, "object_id": 446.0 }, "geometry": { "type": "Point", "coordinates": [ 80.3283, 13.2304 ] } },
{ "type": "Feature", "properties": { "corporation": "Chennai", "region": "North", "zone_no": "01", "ward_no": "001", "road_id": "55854", "street_name": "NETTUKUPPAM V TH CROSS   STREET", "area_name": "KATHIVAKKAM", "area_id": "19165", "locality_name": "NETTUKUPPAM", "locality_id": "19783", "layer_id": 1583.0, "object_id": 447.0 }, "geometry": { "type": "Point", "coordinates": [ 80.3299, 13.2292 ] } },
{ "type": "Feature", "properties": { "corporation": "Chennai", "region": "North", "zone_no": "01", "ward_no": "001", "road_id": "55874", "street_name": "SVM NAGAR BURIAL GROUND ROAD", "area_name": "KATHIVAKKAM", "area_id": "19165", "locality_name": "SVM NAGAR", "locality_id": "19629", "layer_id": 1583.0, "object_id": 448.0 }, "geometry": { "type": "Point", "coordinates": [ 80.3271, 13.223 ] } },
{ "type": "Feature", "properties": { "corporation": "Chennai", "region": "North", "zone_no": "01", "ward_no": "001", "road_id": "55873", "street_name": "SVM NAGAR LANE", "area_name": "KATHIVAKKAM", "area_id": "19165", "locality_name": "SVM NAGAR", "locality_id": "19629", "layer_id": 1583.0, "object_id": 449.0 }, "geometry": { "type": "Point", "coordinates": [ 80.3261, 13.2226 ] } },
{ "type": "Feature", "properties": { "corporation": "Chennai", "region": "North", "zone_no": "01", "ward_no": "001", "road_id": "55874", "street_name": "SVM NAGAR BURIAL GROUND ROAD", "area_name": "KATHIVAKKAM", "area_id": "19165", "locality_name": "SVM NAGAR", "locality_id": "19629", "layer_id": 1583.0, "object_id": 450.0 }, "geometry": { "type": "Point", "coordinates": [ 80.3277, 13.2245 ] } },
{ "type": "Feature", "properties": { "corporation": "Chennai", "region": "North", "zone_no": "01", "ward_no": "001", "road_id": "55867", "street_name": "THALANKUPPAM COLONY ROAD TO BEACH ROAD", "area_name": "KATHIVAKKAM", "area_id": "19165", "locality_name": "THAZHANKUPPAM", "locality_id": "19377", "layer_id": 1583.0, "object_id": 451.0 }, "geometry": { "type": "Point", "coordinates": [ 80.3292, 13.2275 ] } },
{ "type": "Feature", "properties": { "corporation": "Chennai", "region": "North", "zone_no": "01", "ward_no": "001", "road_id": null, "street_name": "Thalankuppam Colony Road", "area_name": "KATHIVAKKAM", "area_id": "19165", "locality_name": "THAZHANKUPPAM", "locality_id": "19377", "layer_id": 1583.0, "object_id": 452.0 }, "geometry": { "type": "Point", "coordinates": [ 80.3287, 13.2278 ] } },
{ "type": "Feature", "properties": { "corporation": "Chennai", "region": "North", "zone_no": "01", "ward_no": "001", "road_id": "60245", "street_name": "J.J. Nagar MAIN ROAD TO KAMARAJ NAGAR 2 ND STREET", "area_name": "KATHIVAKKAM", "area_id": "19165", "locality_name": "J.J  NAGAR", "locality_id": "57959", "layer_id": 1583.0, "object_id": 453.0 }, "geometry": { "type": "Point", "coordinates": [ 80.3229, 13.2242 ] } },
{ "type": "Feature", "properties": { "corporation": "Chennai", "region": "Central", "zone_no": "08", "ward_no": "094", "road_id": "8898", "street_name": "Annai Sathiya Nagar", "area_name": "Villivakkam", "area_id": "211", "locality_name": "Highcourt Colony", "locality_id": "764", "layer_id": 1583.0, "object_id": 454.0 }, "geometry": { "type": "Point", "coordinates": [ 80.1976, 13.1031 ] } },
{ "type": "Feature", "properties": { "corporation": "Chennai", "region": "Central", "zone_no": "08", "ward_no": "094", "road_id": null, "street_name": "M.T.H. ROAD", "area_name": "Villivakkam", "area_id": "211", "locality_name": "Villivakkam", "locality_id": "743", "layer_id": 1583.0, "object_id": 455.0 }, "geometry": { "type": "Point", "coordinates": [ 80.199, 13.1033 ] } },
{ "type": "Feature", "properties": { "corporation": "Chennai", "region": "South", "zone_no": "12", "ward_no": "166", "road_id": "38661", "street_name": "B.V. NAGAR 3RD MAIN ROAD", "area_name": "NANGANALLUR", "area_id": "19193", "locality_name": "B.V. NAGAR", "locality_id": "21935", "layer_id": 1583.0, "object_id": 456.0 }, "geometry": { "type": "Point", "coordinates": [ 80.1817, 12.9704 ] } },
{ "type": "Feature", "properties": { "corporation": "Chennai", "region": "South", "zone_no": "12", "ward_no": "166", "road_id": "27167", "street_name": "NEHRU NEDUNCHALAI", "area_name": "NANGANALLUR", "area_id": "19193", "locality_name": "B.V. NAGAR", "locality_id": "21935", "layer_id": 1583.0, "object_id": 457.0 }, "geometry": { "type": "Point", "coordinates": [ 80.179, 12.9816 ] } },
{ "type": "Feature", "properties": { "corporation": "Chennai", "region": "Central", "zone_no": "06", "ward_no": "073", "road_id": "90961", "street_name": "Decastor Road", "area_name": "Pulianthope", "area_id": "189", "locality_name": "Pulianthope", "locality_id": "1127", "layer_id": 1583.0, "object_id": 458.0 }, "geometry": { "type": "Point", "coordinates": [ 80.2668, 13.1021 ] } },
{ "type": "Feature", "properties": { "corporation": "Chennai", "region": "Central", "zone_no": "06", "ward_no": "073", "road_id": "90961", "street_name": "Decastor Road", "area_name": "Pulianthope", "area_id": "189", "locality_name": "Pulianthope", "locality_id": "1127", "layer_id": 1583.0, "object_id": 459.0 }, "geometry": { "type": "Point", "coordinates": [ 80.2669, 13.1021 ] } },
{ "type": "Feature", "properties": { "corporation": "Chennai", "region": "Central", "zone_no": "06", "ward_no": "073", "road_id": "14806", "street_name": "Ramaswamy Street", "area_name": "Pulianthope", "area_id": "189", "locality_name": "Pulianthope", "locality_id": "1127", "layer_id": 1583.0, "object_id": 460.0 }, "geometry": { "type": "Point", "coordinates": [ 80.2623, 13.1022 ] } },
{ "type": "Feature", "properties": { "corporation": "Chennai", "region": "Central", "zone_no": "06", "ward_no": "073", "road_id": "6418", "street_name": "Dr. Ambedkar College Rd", "area_name": "Pulianthope", "area_id": "189", "locality_name": "Pulianthope", "locality_id": "1127", "layer_id": 1583.0, "object_id": 461.0 }, "geometry": { "type": "Point", "coordinates": [ 80.2606, 13.1025 ] } },
{ "type": "Feature", "properties": { "corporation": "Chennai", "region": "Central", "zone_no": "06", "ward_no": "073", "road_id": "2439", "street_name": "Grey Nagar 3rd Street", "area_name": "Pulianthope", "area_id": "189", "locality_name": "Grey Nagar", "locality_id": "323", "layer_id": 1583.0, "object_id": 462.0 }, "geometry": { "type": "Point", "coordinates": [ 80.2657, 13.0989 ] } },
{ "type": "Feature", "properties": { "corporation": "Chennai", "region": "Central", "zone_no": "06", "ward_no": "073", "road_id": "3936", "street_name": "Gandhi Nagar 1st Main Road", "area_name": "Pulianthope", "area_id": "189", "locality_name": "Gandhi Nagar", "locality_id": "1457", "layer_id": 1583.0, "object_id": 463.0 }, "geometry": { "type": "Point", "coordinates": [ 80.267, 13.0986 ] } },
{ "type": "Feature", "properties": { "corporation": "Chennai", "region": "Central", "zone_no": "06", "ward_no": "073", "road_id": "16604", "street_name": "New Ferrance Road", "area_name": "Otteri", "area_id": "268", "locality_name": "Otteri", "locality_id": "723", "layer_id": 1583.0, "object_id": 464.0 }, "geometry": { "type": "Point", "coordinates": [ 80.2576, 13.099 ] } },
{ "type": "Feature", "properties": { "corporation": "Chennai", "region": "Central", "zone_no": "06", "ward_no": "073", "road_id": "6417", "street_name": "Strahans Road", "area_name": "Otteri", "area_id": "268", "locality_name": "Pattalam", "locality_id": "1347", "layer_id": 1583.0, "object_id": 465.0 }, "geometry": { "type": "Point", "coordinates": [ 80.2515, 13.0981 ] } },
{ "type": "Feature", "properties": { "corporation": "Chennai", "region": "Central", "zone_no": "06", "ward_no": "073", "road_id": "43151", "street_name": "STRAHANS ROAD 1ST.LANE", "area_name": "Pattalam", "area_id": "270", "locality_name": "Pattalam", "locality_id": "731", "layer_id": 1583.0, "object_id": 466.0 }, "geometry": { "type": "Point", "coordinates": [ 80.253, 13.0983 ] } },
{ "type": "Feature", "properties": { "corporation": "Chennai", "region": "Central", "zone_no": "06", "ward_no": "069", "road_id": "80161", "street_name": "Jaganatha Raja Street", "area_name": "Peravallur", "area_id": "253", "locality_name": "Agaram(N069)", "locality_id": "70190", "layer_id": 1583.0, "object_id": 467.0 }, "geometry": { "type": "Point", "coordinates": [ 80.2327, 13.112 ] } },
{ "type": "Feature", "properties": { "corporation": "Chennai", "region": "South", "zone_no": "12", "ward_no": "156", "road_id": null, "street_name": "Krishna Nagar Extention Main Road", "area_name": "MUGALIVAKKAM", "area_id": "19195", "locality_name": "MUGALIVAKKAM", "locality_id": "20791", "layer_id": 1583.0, "object_id": 468.0 }, "geometry": { "type": "Point", "coordinates": [ 80.1581, 13.0181 ] } },
{ "type": "Feature", "properties": { "corporation": "Chennai", "region": "Central", "zone_no": "08", "ward_no": "095", "road_id": "15616", "street_name": "Mth Road Annexe", "area_name": "Villivakkam", "area_id": "211", "locality_name": "Villivakkam", "locality_id": "743", "layer_id": 1583.0, "object_id": 469.0 }, "geometry": { "type": "Point", "coordinates": [ 80.2091, 13.1012 ] } },
{ "type": "Feature", "properties": { "corporation": "Chennai", "region": "Central", "zone_no": "08", "ward_no": "095", "road_id": "10868", "street_name": "Perumal Koil South Maada Veethi", "area_name": "Villivakkam", "area_id": "211", "locality_name": "Villivakkam", "locality_id": "743", "layer_id": 1583.0, "object_id": 470.0 }, "geometry": { "type": "Point", "coordinates": [ 80.2087, 13.1055 ] } },
{ "type": "Feature", "properties": { "corporation": "Chennai", "region": "Central", "zone_no": "08", "ward_no": "095", "road_id": "2669", "street_name": "Thirunagar 20th Street", "area_name": "Villivakkam", "area_id": "211", "locality_name": "16th Block", "locality_id": "1191", "layer_id": 1583.0, "object_id": 471.0 }, "geometry": { "type": "Point", "coordinates": [ 80.2042, 13.1005 ] } },
{ "type": "Feature", "properties": { "corporation": "Chennai", "region": "South", "zone_no": "14", "ward_no": "187", "road_id": "46109", "street_name": "KARTHIKEYAPURAM YERIKARAI ST.", "area_name": "MADIPAKKAM", "area_id": "43846", "locality_name": "KARTHIKEYAPURAM", "locality_id": "44085", "layer_id": 1583.0, "object_id": 472.0 }, "geometry": { "type": "Point", "coordinates": [ 80.1925, 12.9614 ] } },
{ "type": "Feature", "properties": { "corporation": "Chennai", "region": "Central", "zone_no": "09", "ward_no": "109", "road_id": "13161", "street_name": "West Namachivayapuram 1st Cross Street", "area_name": "Choolaimedu", "area_id": "181", "locality_name": "West Namachivayapuram", "locality_id": "1221", "layer_id": 1583.0, "object_id": 473.0 }, "geometry": { "type": "Point", "coordinates": [ 80.2287, 13.0675 ] } },
{ "type": "Feature", "properties": { "corporation": "Chennai", "region": "Central", "zone_no": "06", "ward_no": "075", "road_id": "74933", "street_name": "A.K. Sami Nagar 9th Street", "area_name": "Kilpauk(N075)", "area_id": "69102", "locality_name": "A.K. Sami Nagar(N075)", "locality_id": "70210", "layer_id": 1583.0, "object_id": 474.0 }, "geometry": { "type": "Point", "coordinates": [ 80.2412, 13.0897 ] } },
{ "type": "Feature", "properties": { "corporation": "Chennai", "region": "Central", "zone_no": "06", "ward_no": "075", "road_id": "74936", "street_name": "Ranganadhapurm Slum", "area_name": "Kilpauk(N075)", "area_id": "69102", "locality_name": "Ranganadhapuram(N075)", "locality_id": "69633", "layer_id": 1583.0, "object_id": 475.0 }, "geometry": { "type": "Point", "coordinates": [ 80.2428, 13.0934 ] } },
{ "type": "Feature", "properties": { "corporation": "Chennai", "region": "Central", "zone_no": "06", "ward_no": "075", "road_id": "83664", "street_name": "Chinnababu Street", "area_name": "Nammalwarpet(N075)", "area_id": "69027", "locality_name": "Nammalwarpet(N075)", "locality_id": "70202", "layer_id": 1583.0, "object_id": 476.0 }, "geometry": { "type": "Point", "coordinates": [ 80.245, 13.0958 ] } },
{ "type": "Feature", "properties": { "corporation": "Chennai", "region": "Central", "zone_no": "06", "ward_no": "075", "road_id": "16867", "street_name": "S.S.Puram `A Block 10th Street", "area_name": "Otteri", "area_id": "268", "locality_name": "S.S.Puram Slum", "locality_id": "952", "layer_id": 1583.0, "object_id": 477.0 }, "geometry": { "type": "Point", "coordinates": [ 80.2506, 13.0948 ] } },
{ "type": "Feature", "properties": { "corporation": "Chennai", "region": "Central", "zone_no": "06", "ward_no": "075", "road_id": "8712", "street_name": "S.S.Puram `A Block 4th Street", "area_name": "Otteri", "area_id": "268", "locality_name": "S.S.Puram Slum", "locality_id": "952", "layer_id": 1583.0, "object_id": 478.0 }, "geometry": { "type": "Point", "coordinates": [ 80.2508, 13.0933 ] } },
{ "type": "Feature", "properties": { "corporation": "Chennai", "region": "Central", "zone_no": "06", "ward_no": "075", "road_id": "12859", "street_name": "Ss.Puram `B Block 5th  Street", "area_name": "Otteri", "area_id": "268", "locality_name": "S.S.Puram Slum", "locality_id": "952", "layer_id": 1583.0, "object_id": 479.0 }, "geometry": { "type": "Point", "coordinates": [ 80.2493, 13.0912 ] } },
{ "type": "Feature", "properties": { "corporation": "Chennai", "region": "Central", "zone_no": "07", "ward_no": "080", "road_id": "25398", "street_name": "BANU NAGAR 33 AVENUE", "area_name": "BANU NAGAR", "area_id": "19182", "locality_name": "PUDUR", "locality_id": "19939", "layer_id": 1583.0, "object_id": 480.0 }, "geometry": { "type": "Point", "coordinates": [ 80.1609, 13.1399 ] } },
{ "type": "Feature", "properties": { "corporation": "Chennai", "region": "Central", "zone_no": "08", "ward_no": "096", "road_id": "10749", "street_name": "Icf Colony Blocks", "area_name": "Ayanavaram", "area_id": "209", "locality_name": "Icf Colony", "locality_id": "1582", "layer_id": 1583.0, "object_id": 481.0 }, "geometry": { "type": "Point", "coordinates": [ 80.2138, 13.0987 ] } },
{ "type": "Feature", "properties": { "corporation": "Chennai", "region": "Central", "zone_no": "08", "ward_no": "096", "road_id": "81504", "street_name": "Konnur High Road", "area_name": "Ayanavaram", "area_id": "209", "locality_name": "Konnur High Road(N098)", "locality_id": "69513", "layer_id": 1583.0, "object_id": 482.0 }, "geometry": { "type": "Point", "coordinates": [ 80.2236, 13.0994 ] } },
{ "type": "Feature", "properties": { "corporation": "Chennai", "region": "Central", "zone_no": "08", "ward_no": "096", "road_id": "81504", "street_name": "Konnur High Road", "area_name": "Ayanavaram", "area_id": "209", "locality_name": "Konnur High Road(N098)", "locality_id": "69513", "layer_id": 1583.0, "object_id": 483.0 }, "geometry": { "type": "Point", "coordinates": [ 80.2279, 13.1001 ] } },
{ "type": "Feature", "properties": { "corporation": "Chennai", "region": "Central", "zone_no": "09", "ward_no": "112", "road_id": "9470", "street_name": "Trustpuram 4th Cross Street", "area_name": "Kodambakkam", "area_id": "277", "locality_name": "Trustpuram", "locality_id": "416", "layer_id": 1583.0, "object_id": 484.0 }, "geometry": { "type": "Point", "coordinates": [ 80.2256, 13.0556 ] } },
{ "type": "Feature", "properties": { "corporation": "Chennai", "region": "Central", "zone_no": "09", "ward_no": "112", "road_id": "9467", "street_name": "Puliyur 1st Main Road", "area_name": "Kodambakkam", "area_id": "277", "locality_name": "Puliyur", "locality_id": "832", "layer_id": 1583.0, "object_id": 485.0 }, "geometry": { "type": "Point", "coordinates": [ 80.2259, 13.055 ] } },
{ "type": "Feature", "properties": { "corporation": "Chennai", "region": "Central", "zone_no": "09", "ward_no": "112", "road_id": "9459", "street_name": "Varadarajanpet Main Road", "area_name": "Kodambakkam", "area_id": "277", "locality_name": "Vellala Street", "locality_id": "1669", "layer_id": 1583.0, "object_id": 486.0 }, "geometry": { "type": "Point", "coordinates": [ 80.2272, 13.0564 ] } },
{ "type": "Feature", "properties": { "corporation": "Chennai", "region": "Central", "zone_no": "09", "ward_no": "112", "road_id": "9457", "street_name": "Rajapuranikar Street", "area_name": "Kodambakkam", "area_id": "277", "locality_name": "Varadarajanpet", "locality_id": "1440", "layer_id": 1583.0, "object_id": 487.0 }, "geometry": { "type": "Point", "coordinates": [ 80.2277, 13.0582 ] } },
{ "type": "Feature", "properties": { "corporation": "Chennai", "region": "Central", "zone_no": "09", "ward_no": "112", "road_id": "9116", "street_name": "Railway Boarder Road", "area_name": "Choolaimedu", "area_id": "181", "locality_name": "Choolaimedu", "locality_id": "790", "layer_id": 1583.0, "object_id": 488.0 }, "geometry": { "type": "Point", "coordinates": [ 80.2326, 13.0653 ] } },
{ "type": "Feature", "properties": { "corporation": "Chennai", "region": "Central", "zone_no": "09", "ward_no": "112", "road_id": "17573", "street_name": "Dasspuram", "area_name": "Kodambakkam", "area_id": "277", "locality_name": "Kodambakkam", "locality_id": "409", "layer_id": 1583.0, "object_id": 489.0 }, "geometry": { "type": "Point", "coordinates": [ 80.2261, 13.0583 ] } },
{ "type": "Feature", "properties": { "corporation": "Chennai", "region": "Central", "zone_no": "09", "ward_no": "112", "road_id": "17573", "street_name": "Dasspuram", "area_name": "Kodambakkam", "area_id": "277", "locality_name": "Kodambakkam", "locality_id": "409", "layer_id": 1583.0, "object_id": 490.0 }, "geometry": { "type": "Point", "coordinates": [ 80.2253, 13.0581 ] } },
{ "type": "Feature", "properties": { "corporation": "Chennai", "region": "Central", "zone_no": "09", "ward_no": "121", "road_id": null, "street_name": "Ganesapuram South Lane (Rettaikulai Lane)", "area_name": "Mylapore", "area_id": "266", "locality_name": "Mylapore", "locality_id": "1755", "layer_id": 1583.0, "object_id": 491.0 }, "geometry": { "type": "Point", "coordinates": [ 80.2692, 13.041 ] } },
{ "type": "Feature", "properties": { "corporation": "Chennai", "region": "Central", "zone_no": "09", "ward_no": "121", "road_id": null, "street_name": "Ganesapuram North", "area_name": "Mylapore", "area_id": "266", "locality_name": "Mylapore", "locality_id": "1755", "layer_id": 1583.0, "object_id": 492.0 }, "geometry": { "type": "Point", "coordinates": [ 80.2712, 13.0423 ] } },
{ "type": "Feature", "properties": { "corporation": "Chennai", "region": "Central", "zone_no": "09", "ward_no": "121", "road_id": null, "street_name": "Ganesapuram North", "area_name": "Mylapore", "area_id": "266", "locality_name": "Mylapore", "locality_id": "1755", "layer_id": 1583.0, "object_id": 493.0 }, "geometry": { "type": "Point", "coordinates": [ 80.2711, 13.0422 ] } },
{ "type": "Feature", "properties": { "corporation": "Chennai", "region": "Central", "zone_no": "09", "ward_no": "121", "road_id": "9205", "street_name": "Rotary Nagar Main Road", "area_name": "Royapettah", "area_id": "243", "locality_name": "Main Road, Rottary Nagar", "locality_id": "391", "layer_id": 1583.0, "object_id": 494.0 }, "geometry": { "type": "Point", "coordinates": [ 80.2768, 13.0464 ] } },
{ "type": "Feature", "properties": { "corporation": "Chennai", "region": "Central", "zone_no": "09", "ward_no": "121", "road_id": "7151", "street_name": "Rotary Nagar Xviith Street", "area_name": "Mylapore", "area_id": "266", "locality_name": "Rotary Nagar (Lloyds Road)", "locality_id": "1849", "layer_id": 1583.0, "object_id": 495.0 }, "geometry": { "type": "Point", "coordinates": [ 80.2755, 13.0436 ] } },
{ "type": "Feature", "properties": { "corporation": "Chennai", "region": "Central", "zone_no": "09", "ward_no": "121", "road_id": null, "street_name": "V.P Raman Road", "area_name": "Royapettah", "area_id": "243", "locality_name": "Royapettah", "locality_id": "1420", "layer_id": 1583.0, "object_id": 496.0 }, "geometry": { "type": "Point", "coordinates": [ 80.2737, 13.047 ] } },
{ "type": "Feature", "properties": { "corporation": "Chennai", "region": "Central", "zone_no": "09", "ward_no": "121", "road_id": "17337", "street_name": "Thiruveethiamman Kovil Street", "area_name": "Mylapore", "area_id": "266", "locality_name": "Mylapore", "locality_id": "1755", "layer_id": 1583.0, "object_id": 497.0 }, "geometry": { "type": "Point", "coordinates": [ 80.2658, 13.0439 ] } },
{ "type": "Feature", "properties": { "corporation": "Chennai", "region": "Central", "zone_no": "09", "ward_no": "121", "road_id": "17337", "street_name": "Thiruveethiamman Kovil Street", "area_name": "Mylapore", "area_id": "266", "locality_name": "Mylapore", "locality_id": "1755", "layer_id": 1583.0, "object_id": 498.0 }, "geometry": { "type": "Point", "coordinates": [ 80.2664, 13.0441 ] } },
{ "type": "Feature", "properties": { "corporation": "Chennai", "region": "Central", "zone_no": "09", "ward_no": "121", "road_id": "17337", "street_name": "Thiruveethiamman Kovil Street", "area_name": "Mylapore", "area_id": "266", "locality_name": "Mylapore", "locality_id": "1755", "layer_id": 1583.0, "object_id": 499.0 }, "geometry": { "type": "Point", "coordinates": [ 80.2663, 13.0442 ] } },
{ "type": "Feature", "properties": { "corporation": "Chennai", "region": "Central", "zone_no": "09", "ward_no": "121", "road_id": null, "street_name": "Apper Samy Koil Street (North)", "area_name": "Mylapore", "area_id": "266", "locality_name": "Mylapore", "locality_id": "1755", "layer_id": 1583.0, "object_id": 500.0 }, "geometry": { "type": "Point", "coordinates": [ 80.2648, 13.0403 ] } },
{ "type": "Feature", "properties": { "corporation": "Chennai", "region": "South", "zone_no": "12", "ward_no": "157", "road_id": "30029", "street_name": "MANAPAKKAM ¿ MUGALIVAKKAM MAIN ROAD", "area_name": "MANAPAKKAM", "area_id": "19204", "locality_name": "MANAPAKKAM", "locality_id": "21282", "layer_id": 1583.0, "object_id": 501.0 }, "geometry": { "type": "Point", "coordinates": [ 80.1754, 13.0173 ] } },
{ "type": "Feature", "properties": { "corporation": "Chennai", "region": "South", "zone_no": "12", "ward_no": "157", "road_id": "31116", "street_name": "PERIYA COLONY BAJANAI KOIL STREET", "area_name": "MANAPAKKAM", "area_id": "19204", "locality_name": "MANAPAKKAM", "locality_id": "21282", "layer_id": 1583.0, "object_id": 502.0 }, "geometry": { "type": "Point", "coordinates": [ 80.1689, 13.0154 ] } },
{ "type": "Feature", "properties": { "corporation": "Chennai", "region": "South", "zone_no": "12", "ward_no": "157", "road_id": null, "street_name": "Purachithalaivi Nagar 3rd Right and Left Cross Street", "area_name": "MANAPAKKAM", "area_id": "19204", "locality_name": "MANAPAKKAM", "locality_id": "21282", "layer_id": 1583.0, "object_id": 503.0 }, "geometry": { "type": "Point", "coordinates": [ 80.1666, 13.0139 ] } },
{ "type": "Feature", "properties": { "corporation": "Chennai", "region": "South", "zone_no": "12", "ward_no": "161", "road_id": null, "street_name": "Voc Nagar Main Road", "area_name": "ALANDUR", "area_id": "19202", "locality_name": "ALANDUR", "locality_id": "21875", "layer_id": 1583.0, "object_id": 504.0 }, "geometry": { "type": "Point", "coordinates": [ 80.202, 12.9971 ] } },
{ "type": "Feature", "properties": { "corporation": "Chennai", "region": "South", "zone_no": "12", "ward_no": "161", "road_id": "30842", "street_name": "SOUTH RAJA STREET", "area_name": "ALANDUR", "area_id": "19202", "locality_name": "ALANDUR", "locality_id": "21875", "layer_id": 1583.0, "object_id": 505.0 }, "geometry": { "type": "Point", "coordinates": [ 80.1998, 12.9976 ] } },
{ "type": "Feature", "properties": { "corporation": "Chennai", "region": "South", "zone_no": "15", "ward_no": "192", "road_id": null, "street_name": "Sri Kapaleeswara Nagar Beach Main Road", "area_name": "NEELANGARAI", "area_id": "19210", "locality_name": "KAPALEESWARA NAGAR", "locality_id": "20607", "layer_id": 1583.0, "object_id": 506.0 }, "geometry": { "type": "Point", "coordinates": [ 80.2611, 12.9492 ] } },
{ "type": "Feature", "properties": { "corporation": "Chennai", "region": "South", "zone_no": "15", "ward_no": "192", "road_id": "41068", "street_name": "BEACH ROAD", "area_name": "NEELANGARAI", "area_id": "19210", "locality_name": "NEELANGARAI", "locality_id": "21931", "layer_id": 1583.0, "object_id": 507.0 }, "geometry": { "type": "Point", "coordinates": [ 80.2617, 12.9526 ] } },
{ "type": "Feature", "properties": { "corporation": "Chennai", "region": "South", "zone_no": "15", "ward_no": "192", "road_id": "41559", "street_name": "BLUE BEACH SALAI", "area_name": "NEELANGARAI", "area_id": "19210", "locality_name": "BLUE BEACH", "locality_id": "20949", "layer_id": 1583.0, "object_id": 508.0 }, "geometry": { "type": "Point", "coordinates": [ 80.2599, 12.9427 ] } },
{ "type": "Feature", "properties": { "corporation": "Chennai", "region": "South", "zone_no": "15", "ward_no": "192", "road_id": null, "street_name": "Periya Neelangarai Kuppam 2nd Main Road", "area_name": "NEELANGARAI", "area_id": "19210", "locality_name": "NEELANGARAI", "locality_id": "21931", "layer_id": 1583.0, "object_id": 509.0 }, "geometry": { "type": "Point", "coordinates": [ 80.2595, 12.9403 ] } },
{ "type": "Feature", "properties": { "corporation": "Chennai", "region": "South", "zone_no": "15", "ward_no": "199", "road_id": "76922", "street_name": "MODEL SCHOOL ROAD", "area_name": "SHOLINGANALLUR(N199)", "area_id": "69161", "locality_name": "SHOLINGANALLUR(N199)", "locality_id": "70804", "layer_id": 1583.0, "object_id": 510.0 }, "geometry": { "type": "Point", "coordinates": [ 80.2271, 12.8955 ] } },
{ "type": "Feature", "properties": { "corporation": "Chennai", "region": "South", "zone_no": "15", "ward_no": "199", "road_id": "76733", "street_name": "SATHYAVANIMUTHU STREET", "area_name": "SHOLINGANALLUR(N199)", "area_id": "69161", "locality_name": "PARAMESWARAN NAGAR(N199)", "locality_id": "69974", "layer_id": 1583.0, "object_id": 511.0 }, "geometry": { "type": "Point", "coordinates": [ 80.2284, 12.8894 ] } },
{ "type": "Feature", "properties": { "corporation": "Chennai", "region": "South", "zone_no": "15", "ward_no": "199", "road_id": "85742", "street_name": "PARAMESWARAN CHRISTIAN MAYANA PATHAI", "area_name": "SHOLINGANALLUR(N199)", "area_id": "69161", "locality_name": "PARAMESWARAN NAGAR(N199)", "locality_id": "69974", "layer_id": 1583.0, "object_id": 512.0 }, "geometry": { "type": "Point", "coordinates": [ 80.2304, 12.8898 ] } },
{ "type": "Feature", "properties": { "corporation": "Chennai", "region": "South", "zone_no": "15", "ward_no": "199", "road_id": "76639", "street_name": "KADAKUTTAI MEDU MAIN STREET", "area_name": "SHOLINGANALLUR(N199)", "area_id": "69161", "locality_name": "KUMARAN NAGAR(N199)", "locality_id": "69391", "layer_id": 1583.0, "object_id": 513.0 }, "geometry": { "type": "Point", "coordinates": [ 80.2261, 12.8797 ] } },
{ "type": "Feature", "properties": { "corporation": "Chennai", "region": "South", "zone_no": "15", "ward_no": "199", "road_id": "76924", "street_name": "NEDUNCHEZHIYAN STREET", "area_name": "SHOLINGANALLUR(N199)", "area_id": "69161", "locality_name": "SHOLINGANALLUR(N199)", "locality_id": "70804", "layer_id": 1583.0, "object_id": 514.0 }, "geometry": { "type": "Point", "coordinates": [ 80.2282, 12.8926 ] } },
{ "type": "Feature", "properties": { "corporation": "Chennai", "region": "Central", "zone_no": "07", "ward_no": "082", "road_id": "28124", "street_name": "SOWKAR STREET", "area_name": "MENAMBEDU", "area_id": "19157", "locality_name": "KAMARAJNAGAR", "locality_id": "19742", "layer_id": 1583.0, "object_id": 515.0 }, "geometry": { "type": "Point", "coordinates": [ 80.1626, 13.1215 ] } },
{ "type": "Feature", "properties": { "corporation": "Chennai", "region": "Central", "zone_no": "07", "ward_no": "082", "road_id": null, "street_name": "Chennai Bypass Road(NH)", "area_name": "Kallikuppam", "area_id": "43862", "locality_name": "Kallikuppam", "locality_id": "44126", "layer_id": 1583.0, "object_id": 516.0 }, "geometry": { "type": "Point", "coordinates": [ 80.1667, 13.1222 ] } },
{ "type": "Feature", "properties": { "corporation": "Chennai", "region": "Central", "zone_no": "09", "ward_no": "111", "road_id": "15427", "street_name": "Gulam Abbas Alikhan X Street", "area_name": "Thousand Lights", "area_id": "183", "locality_name": "Thousand Lights", "locality_id": "398", "layer_id": 1583.0, "object_id": 517.0 }, "geometry": { "type": "Point", "coordinates": [ 80.2518, 13.0567 ] } },
{ "type": "Feature", "properties": { "corporation": "Chennai", "region": "Central", "zone_no": "09", "ward_no": "111", "road_id": "13434", "street_name": "Thiru.Vi.Ka Road", "area_name": "Royapettah", "area_id": "243", "locality_name": "Royapettah", "locality_id": "1420", "layer_id": 1583.0, "object_id": 518.0 }, "geometry": { "type": "Point", "coordinates": [ 80.2579, 13.0559 ] } },
{ "type": "Feature", "properties": { "corporation": "Chennai", "region": "Central", "zone_no": "09", "ward_no": "111", "road_id": "7328", "street_name": "Rangoon Street", "area_name": "Thousand Lights", "area_id": "183", "locality_name": "Anna Salai", "locality_id": "1860", "layer_id": 1583.0, "object_id": 519.0 }, "geometry": { "type": "Point", "coordinates": [ 80.2575, 13.0595 ] } },
{ "type": "Feature", "properties": { "corporation": "Chennai", "region": "South", "zone_no": "15", "ward_no": "200", "road_id": "50099", "street_name": "TNSCB 7TH AVENUE", "area_name": "SEMMANCHERI", "area_id": "19217", "locality_name": "SEMMANCHERI", "locality_id": "19489", "layer_id": 1583.0, "object_id": 520.0 }, "geometry": { "type": "Point", "coordinates": [ 80.2098, 12.8743 ] } },
{ "type": "Feature", "properties": { "corporation": "Chennai", "region": "South", "zone_no": "15", "ward_no": "200", "road_id": null, "street_name": "Sri Ganapathy Nagar 5th Main Road(1st Cross Street)", "area_name": "SEMMANCHERI", "area_id": "19217", "locality_name": "SEMMANCHERI", "locality_id": "19489", "layer_id": 1583.0, "object_id": 521.0 }, "geometry": { "type": "Point", "coordinates": [ 80.211, 12.879 ] } },
{ "type": "Feature", "properties": { "corporation": "Chennai", "region": "South", "zone_no": "15", "ward_no": "200", "road_id": null, "street_name": "Jawahar Nagar 3rd Street", "area_name": "SEMMANCHERI", "area_id": "19217", "locality_name": "SEMMANCHERI", "locality_id": "19489", "layer_id": 1583.0, "object_id": 522.0 }, "geometry": { "type": "Point", "coordinates": [ 80.2127, 12.862 ] } },
{ "type": "Feature", "properties": { "corporation": "Chennai", "region": "South", "zone_no": "15", "ward_no": "200", "road_id": "32193", "street_name": "VEERAVANJINATHAN SALAI", "area_name": "SEMMANCHERI", "area_id": "19217", "locality_name": "SEMMANCHERI", "locality_id": "19489", "layer_id": 1583.0, "object_id": 523.0 }, "geometry": { "type": "Point", "coordinates": [ 80.2289, 12.8624 ] } },
{ "type": "Feature", "properties": { "corporation": "Chennai", "region": "Central", "zone_no": "06", "ward_no": "066", "road_id": null, "street_name": "Nermai Nagar Main Road", "area_name": "Kolathur(N066)", "area_id": "69205", "locality_name": "Nermai Nagar(N066)", "locality_id": "69627", "layer_id": 1583.0, "object_id": 524.0 }, "geometry": { "type": "Point", "coordinates": [ 80.222, 13.1247 ] } },
{ "type": "Feature", "properties": { "corporation": "Chennai", "region": "Central", "zone_no": "06", "ward_no": "078", "road_id": "3551", "street_name": "Rajamuthaiah Salai (Sydennams Road)", "area_name": "Choolai", "area_id": "176", "locality_name": "Choolai", "locality_id": "1336", "layer_id": 1583.0, "object_id": 525.0 }, "geometry": { "type": "Point", "coordinates": [ 80.2695, 13.091 ] } },
{ "type": "Feature", "properties": { "corporation": "Chennai", "region": "Central", "zone_no": "07", "ward_no": "083", "road_id": "86375", "street_name": "MADANANKUPPAM MAIN ROAD,KALLIKUPPAM", "area_name": "GANGAI NAGAR(N083)", "area_id": "69100", "locality_name": "KALLIKUPPAM(N083)", "locality_id": "69906", "layer_id": 1583.0, "object_id": 526.0 }, "geometry": { "type": "Point", "coordinates": [ 80.1895, 13.1352 ] } },
{ "type": "Feature", "properties": { "corporation": "Chennai", "region": "South", "zone_no": "14", "ward_no": "190", "road_id": null, "street_name": "Lakshmi Narayana Perumal Koil Cross Street Extention", "area_name": "Pallikaranai", "area_id": "19218", "locality_name": "Lakshmi Narayana Perumal Koil Street", "locality_id": "22442", "layer_id": 1583.0, "object_id": 527.0 }, "geometry": { "type": "Point", "coordinates": [ 80.205, 12.9318 ] } },
{ "type": "Feature", "properties": { "corporation": "Chennai", "region": "South", "zone_no": "14", "ward_no": "190", "road_id": "35170", "street_name": "Kovalan Nagar 8th Cross St", "area_name": "Pallikaranai", "area_id": "19218", "locality_name": "Kovalan Nagar", "locality_id": "22381", "layer_id": 1583.0, "object_id": 528.0 }, "geometry": { "type": "Point", "coordinates": [ 80.2066, 12.9312 ] } },
{ "type": "Feature", "properties": { "corporation": "Chennai", "region": "South", "zone_no": "14", "ward_no": "190", "road_id": "45044", "street_name": "KANNABIRAN KOIL STREET", "area_name": "PALLIKARANAI", "area_id": "43859", "locality_name": "KANNABIRAN KOIL STREET", "locality_id": "44008", "layer_id": 1583.0, "object_id": 529.0 }, "geometry": { "type": "Point", "coordinates": [ 80.2051, 12.9291 ] } },
{ "type": "Feature", "properties": { "corporation": "Chennai", "region": "South", "zone_no": "14", "ward_no": "190", "road_id": "40861", "street_name": "Karmel Street", "area_name": "Pallikaranai", "area_id": "19218", "locality_name": "Karmel Street", "locality_id": "22400", "layer_id": 1583.0, "object_id": 530.0 }, "geometry": { "type": "Point", "coordinates": [ 80.2, 12.9305 ] } },
{ "type": "Feature", "properties": { "corporation": "Chennai", "region": "Central", "zone_no": "09", "ward_no": "110", "road_id": "4911", "street_name": "Harrington Road 7th Avenue", "area_name": "Chetpet", "area_id": "257", "locality_name": "Chetpet", "locality_id": "786", "layer_id": 1583.0, "object_id": 531.0 }, "geometry": { "type": "Point", "coordinates": [ 80.2362, 13.0682 ] } },
{ "type": "Feature", "properties": { "corporation": "Chennai", "region": "Central", "zone_no": "09", "ward_no": "110", "road_id": "2857", "street_name": "Seetha Nagar 2nd Street", "area_name": "Nungambakkam", "area_id": "213", "locality_name": "Seetha Nagar", "locality_id": "1402", "layer_id": 1583.0, "object_id": 532.0 }, "geometry": { "type": "Point", "coordinates": [ 80.2412, 13.0625 ] } },
{ "type": "Feature", "properties": { "corporation": "Chennai", "region": "Central", "zone_no": "09", "ward_no": "110", "road_id": "9372", "street_name": "Lake Area 1st Main Road", "area_name": "Nungambakkam", "area_id": "213", "locality_name": "Nungambakkam", "locality_id": "795", "layer_id": 1583.0, "object_id": 533.0 }, "geometry": { "type": "Point", "coordinates": [ 80.2413, 13.053 ] } },
{ "type": "Feature", "properties": { "corporation": "Chennai", "region": "Central", "zone_no": "09", "ward_no": "110", "road_id": "6999", "street_name": "Valluvar Kottam High Road", "area_name": "Nungambakkam", "area_id": "213", "locality_name": "Nungambakkam", "locality_id": "795", "layer_id": 1583.0, "object_id": 534.0 }, "geometry": { "type": "Point", "coordinates": [ 80.2422, 13.0561 ] } },
{ "type": "Feature", "properties": { "corporation": "Chennai", "region": "Central", "zone_no": "07", "ward_no": "079", "road_id": "23287", "street_name": "REDHILLS MAIN ROAD", "area_name": "PUDUR", "area_id": "19181", "locality_name": "REDHILLS ROAD", "locality_id": "19837", "layer_id": 1583.0, "object_id": 535.0 }, "geometry": { "type": "Point", "coordinates": [ 80.1535, 13.127 ] } },
{ "type": "Feature", "properties": { "corporation": "Chennai", "region": "Central", "zone_no": "07", "ward_no": "079", "road_id": "23353", "street_name": "GOVINDAN STREET", "area_name": "AMBATTUR", "area_id": "19158", "locality_name": "AMBEDKAR STATUE", "locality_id": "21320", "layer_id": 1583.0, "object_id": 536.0 }, "geometry": { "type": "Point", "coordinates": [ 80.1531, 13.1347 ] } },
{ "type": "Feature", "properties": { "corporation": "Chennai", "region": "Central", "zone_no": "07", "ward_no": "079", "road_id": null, "street_name": "Anna Main Road", "area_name": "ORAGADAM", "area_id": "19169", "locality_name": "ORAGADAM CSI CHURCH", "locality_id": "21393", "layer_id": 1583.0, "object_id": 537.0 }, "geometry": { "type": "Point", "coordinates": [ 80.1514, 13.1391 ] } },
{ "type": "Feature", "properties": { "corporation": "Chennai", "region": "Central", "zone_no": "07", "ward_no": "079", "road_id": null, "street_name": "Anna Main Road", "area_name": "ORAGADAM", "area_id": "19169", "locality_name": "ORAGADAM CSI CHURCH", "locality_id": "21393", "layer_id": 1583.0, "object_id": 538.0 }, "geometry": { "type": "Point", "coordinates": [ 80.1558, 13.1393 ] } },
{ "type": "Feature", "properties": { "corporation": "Chennai", "region": "Central", "zone_no": "07", "ward_no": "079", "road_id": "22693", "street_name": "KASTHURI BAI STREET", "area_name": "LENIN NAGAR", "area_id": "19148", "locality_name": "RAKKI THEATRE", "locality_id": "19599", "layer_id": 1583.0, "object_id": 539.0 }, "geometry": { "type": "Point", "coordinates": [ 80.158, 13.1401 ] } },
{ "type": "Feature", "properties": { "corporation": "Chennai", "region": "Central", "zone_no": "06", "ward_no": "077", "road_id": "8642", "street_name": "Demelles Road", "area_name": "Choolai", "area_id": "176", "locality_name": "Choolai", "locality_id": "1336", "layer_id": 1583.0, "object_id": 540.0 }, "geometry": { "type": "Point", "coordinates": [ 80.2683, 13.0943 ] } },
{ "type": "Feature", "properties": { "corporation": "Chennai", "region": "Central", "zone_no": "06", "ward_no": "077", "road_id": "4483", "street_name": "Basin Elephant Gate Road", "area_name": "Pulianthope", "area_id": "189", "locality_name": "Basin Bridge Road", "locality_id": "324", "layer_id": 1583.0, "object_id": 541.0 }, "geometry": { "type": "Point", "coordinates": [ 80.2679, 13.0962 ] } },
{ "type": "Feature", "properties": { "corporation": "Chennai", "region": "Central", "zone_no": "06", "ward_no": "077", "road_id": "4483", "street_name": "Basin Elephant Gate Road", "area_name": "Pulianthope", "area_id": "189", "locality_name": "Basin Bridge Road", "locality_id": "324", "layer_id": 1583.0, "object_id": 542.0 }, "geometry": { "type": "Point", "coordinates": [ 80.2686, 13.097 ] } },
{ "type": "Feature", "properties": { "corporation": "Chennai", "region": "Central", "zone_no": "06", "ward_no": "077", "road_id": "4503", "street_name": "Gurusamy Nagar 10th Street", "area_name": "Pulianthope", "area_id": "189", "locality_name": "Gurusamy Nagar", "locality_id": "326", "layer_id": 1583.0, "object_id": 543.0 }, "geometry": { "type": "Point", "coordinates": [ 80.2658, 13.0962 ] } },
{ "type": "Feature", "properties": { "corporation": "Chennai", "region": "Central", "zone_no": "06", "ward_no": "077", "road_id": "4502", "street_name": "Play Ground 1st Street", "area_name": "Choolai", "area_id": "176", "locality_name": "Thattangulam", "locality_id": "1167", "layer_id": 1583.0, "object_id": 544.0 }, "geometry": { "type": "Point", "coordinates": [ 80.2641, 13.0943 ] } },
{ "type": "Feature", "properties": { "corporation": "Chennai", "region": "Central", "zone_no": "06", "ward_no": "077", "road_id": "8642", "street_name": "Demelles Road", "area_name": "Choolai", "area_id": "176", "locality_name": "Choolai", "locality_id": "1336", "layer_id": 1583.0, "object_id": 545.0 }, "geometry": { "type": "Point", "coordinates": [ 80.2654, 13.0955 ] } },
{ "type": "Feature", "properties": { "corporation": "Chennai", "region": "Central", "zone_no": "06", "ward_no": "077", "road_id": "8642", "street_name": "Demelles Road", "area_name": "Choolai", "area_id": "176", "locality_name": "Choolai", "locality_id": "1336", "layer_id": 1583.0, "object_id": 546.0 }, "geometry": { "type": "Point", "coordinates": [ 80.2631, 13.0966 ] } },
{ "type": "Feature", "properties": { "corporation": "Chennai", "region": "Central", "zone_no": "06", "ward_no": "077", "road_id": "2456", "street_name": "Siva Rao Road", "area_name": "Pulianthope", "area_id": "189", "locality_name": "Pulianthope", "locality_id": "1127", "layer_id": 1583.0, "object_id": 547.0 }, "geometry": { "type": "Point", "coordinates": [ 80.2627, 13.0987 ] } },
{ "type": "Feature", "properties": { "corporation": "Chennai", "region": "Central", "zone_no": "06", "ward_no": "077", "road_id": "12770", "street_name": "Pulianthope 4th Street", "area_name": "Pulianthope", "area_id": "189", "locality_name": "Pulianthope", "locality_id": "1127", "layer_id": 1583.0, "object_id": 548.0 }, "geometry": { "type": "Point", "coordinates": [ 80.2646, 13.0972 ] } },
{ "type": "Feature", "properties": { "corporation": "Chennai", "region": "South", "zone_no": "15", "ward_no": "198", "road_id": "76936", "street_name": "Kaliamman Koil Main Street", "area_name": "KARAPAKKAM(N198)", "area_id": "69218", "locality_name": "KARAPAKKAM(N198)", "locality_id": "70821", "layer_id": 1583.0, "object_id": 549.0 }, "geometry": { "type": "Point", "coordinates": [ 80.2338, 12.9156 ] } },
{ "type": "Feature", "properties": { "corporation": "Chennai", "region": "South", "zone_no": "15", "ward_no": "198", "road_id": "82134", "street_name": "Gangaiamman Koil Street East", "area_name": "KARAPAKKAM(N198)", "area_id": "69218", "locality_name": "KARAPAKKAM(N198)", "locality_id": "70821", "layer_id": 1583.0, "object_id": 550.0 }, "geometry": { "type": "Point", "coordinates": [ 80.2301, 12.9139 ] } },
{ "type": "Feature", "properties": { "corporation": "Chennai", "region": "South", "zone_no": "15", "ward_no": "198", "road_id": "85719", "street_name": "PERIYA PALAYATHAMMAN KOIL 1ST CROSS STREET", "area_name": "KARAPAKKAM(N198)", "area_id": "69218", "locality_name": "KARAPAKKAM(N198)", "locality_id": "70821", "layer_id": 1583.0, "object_id": 551.0 }, "geometry": { "type": "Point", "coordinates": [ 80.2297, 12.9188 ] } },
{ "type": "Feature", "properties": { "corporation": "Chennai", "region": "Central", "zone_no": "08", "ward_no": "101", "road_id": "73607", "street_name": "Gujji Main Road", "area_name": "Kilpauk(N101)", "area_id": "69206", "locality_name": "Kilpauk(N101)", "locality_id": "71317", "layer_id": 1583.0, "object_id": 552.0 }, "geometry": { "type": "Point", "coordinates": [ 80.2293, 13.0892 ] } },
{ "type": "Feature", "properties": { "corporation": "Chennai", "region": "Central", "zone_no": "08", "ward_no": "101", "road_id": "74006", "street_name": "Mahatma Gandhi Road", "area_name": "Anna Nagar East", "area_id": "258", "locality_name": "G Block(N101)", "locality_id": "69608", "layer_id": 1583.0, "object_id": 553.0 }, "geometry": { "type": "Point", "coordinates": [ 80.227, 13.0862 ] } },
{ "type": "Feature", "properties": { "corporation": "Chennai", "region": "Central", "zone_no": "08", "ward_no": "101", "road_id": "73985", "street_name": "Fist Cross Street East", "area_name": "Aminjikarai", "area_id": "241", "locality_name": "Shenoy Nagar (East)(N101)", "locality_id": "70747", "layer_id": 1583.0, "object_id": 554.0 }, "geometry": { "type": "Point", "coordinates": [ 80.2254, 13.0766 ] } },
{ "type": "Feature", "properties": { "corporation": "Chennai", "region": "Central", "zone_no": "08", "ward_no": "101", "road_id": "91951", "street_name": "Thiruveethi Amman Koil Street Main Road", "area_name": "Aminjikarai", "area_id": "241", "locality_name": "Aminjikarai", "locality_id": "1005", "layer_id": 1583.0, "object_id": 555.0 }, "geometry": { "type": "Point", "coordinates": [ 80.2242, 13.0746 ] } },
{ "type": "Feature", "properties": { "corporation": "Chennai", "region": "South", "zone_no": "15", "ward_no": "193", "road_id": "44652", "street_name": "ARIGNAR ANNA NAGAR 7TH STREET", "area_name": "THORAIPAKKAM", "area_id": "19214", "locality_name": "THORAIPAKKAM", "locality_id": "19524", "layer_id": 1583.0, "object_id": 556.0 }, "geometry": { "type": "Point", "coordinates": [ 80.2474, 12.9462 ] } },
{ "type": "Feature", "properties": { "corporation": "Chennai", "region": "Central", "zone_no": "06", "ward_no": "065", "road_id": "89966", "street_name": "Poompuhar Nagar 28th Street", "area_name": "Kolathur", "area_id": "180", "locality_name": "Poompuhar Nagar", "locality_id": "1598", "layer_id": 1583.0, "object_id": 557.0 }, "geometry": { "type": "Point", "coordinates": [ 80.2186, 13.121 ] } },
{ "type": "Feature", "properties": { "corporation": "Chennai", "region": "Central", "zone_no": "10", "ward_no": "129", "road_id": "7553", "street_name": "Arunachalam Street", "area_name": "Saligramam", "area_id": "203", "locality_name": "Saligramam", "locality_id": "1472", "layer_id": 1583.0, "object_id": 558.0 }, "geometry": { "type": "Point", "coordinates": [ 80.204, 13.0504 ] } },
{ "type": "Feature", "properties": { "corporation": "Chennai", "region": "Central", "zone_no": "10", "ward_no": "129", "road_id": "7553", "street_name": "Arunachalam Street", "area_name": "Saligramam", "area_id": "203", "locality_name": "Saligramam", "locality_id": "1472", "layer_id": 1583.0, "object_id": 559.0 }, "geometry": { "type": "Point", "coordinates": [ 80.2042, 13.0568 ] } },
{ "type": "Feature", "properties": { "corporation": "Chennai", "region": "Central", "zone_no": "10", "ward_no": "129", "road_id": "9973", "street_name": "Sambuprasad Avenue", "area_name": "Saligramam", "area_id": "203", "locality_name": "Devaraj Nagar", "locality_id": "1060", "layer_id": 1583.0, "object_id": 560.0 }, "geometry": { "type": "Point", "coordinates": [ 80.2058, 13.0496 ] } },
{ "type": "Feature", "properties": { "corporation": "Chennai", "region": "Central", "zone_no": "08", "ward_no": "098", "road_id": "12909", "street_name": "Aspiran Garden 1st Street", "area_name": "Kilpauk", "area_id": "271", "locality_name": "Aspiran Garden", "locality_id": "1786", "layer_id": 1583.0, "object_id": 561.0 }, "geometry": { "type": "Point", "coordinates": [ 80.2398, 13.0855 ] } },
{ "type": "Feature", "properties": { "corporation": "Chennai", "region": "Central", "zone_no": "08", "ward_no": "098", "road_id": "12909", "street_name": "Aspiran Garden 1st Street", "area_name": "Kilpauk", "area_id": "271", "locality_name": "Aspiran Garden", "locality_id": "1786", "layer_id": 1583.0, "object_id": 562.0 }, "geometry": { "type": "Point", "coordinates": [ 80.24, 13.0855 ] } },
{ "type": "Feature", "properties": { "corporation": "Chennai", "region": "Central", "zone_no": "08", "ward_no": "098", "road_id": "10858", "street_name": "Aspiran Garden 2nd Street", "area_name": "Kilpauk", "area_id": "271", "locality_name": "Aspiran Garden", "locality_id": "1786", "layer_id": 1583.0, "object_id": 563.0 }, "geometry": { "type": "Point", "coordinates": [ 80.2391, 13.0859 ] } },
{ "type": "Feature", "properties": { "corporation": "Chennai", "region": "Central", "zone_no": "08", "ward_no": "098", "road_id": "8697", "street_name": "Pumping Station Road", "area_name": "Ayanavaram", "area_id": "209", "locality_name": "Ayanavaram", "locality_id": "1172", "layer_id": 1583.0, "object_id": 564.0 }, "geometry": { "type": "Point", "coordinates": [ 80.2394, 13.087 ] } },
{ "type": "Feature", "properties": { "corporation": "Chennai", "region": "Central", "zone_no": "08", "ward_no": "098", "road_id": "8685", "street_name": "Kalaignar Karunanidhi Nagar 5th   Street", "area_name": "Ayanavaram", "area_id": "209", "locality_name": "Kalaignar Karunanidhi Nagar", "locality_id": "949", "layer_id": 1583.0, "object_id": 565.0 }, "geometry": { "type": "Point", "coordinates": [ 80.2318, 13.0979 ] } },
{ "type": "Feature", "properties": { "corporation": "Chennai", "region": "Central", "zone_no": "08", "ward_no": "098", "road_id": "6652", "street_name": "Kalaignar Karunanidhi Nagar 11th  Street", "area_name": "Ayanavaram", "area_id": "209", "locality_name": "Kalaignar Karunanidhi Nagar", "locality_id": "949", "layer_id": 1583.0, "object_id": 566.0 }, "geometry": { "type": "Point", "coordinates": [ 80.2324, 13.0981 ] } },
{ "type": "Feature", "properties": { "corporation": "Chennai", "region": "Central", "zone_no": "08", "ward_no": "098", "road_id": "16932", "street_name": "Water Works Avenue Road", "area_name": "Ayanavaram", "area_id": "209", "locality_name": "Ayanavaram", "locality_id": "1172", "layer_id": 1583.0, "object_id": 567.0 }, "geometry": { "type": "Point", "coordinates": [ 80.2347, 13.0865 ] } },
{ "type": "Feature", "properties": { "corporation": "Chennai", "region": "Central", "zone_no": "09", "ward_no": "114", "road_id": "15899", "street_name": "Marina Service Road", "area_name": "Chepauk", "area_id": "237", "locality_name": "Chepauk", "locality_id": "710", "layer_id": 1583.0, "object_id": 568.0 }, "geometry": { "type": "Point", "coordinates": [ 80.2833, 13.0601 ] } },
{ "type": "Feature", "properties": { "corporation": "Chennai", "region": "Central", "zone_no": "09", "ward_no": "114", "road_id": "7682", "street_name": "Kamarajar Salai", "area_name": "Chepauk", "area_id": "237", "locality_name": "Chepauk", "locality_id": "710", "layer_id": 1583.0, "object_id": 569.0 }, "geometry": { "type": "Point", "coordinates": [ 80.2858, 13.0678 ] } },
{ "type": "Feature", "properties": { "corporation": "Chennai", "region": "Central", "zone_no": "09", "ward_no": "114", "road_id": "11336", "street_name": "Victoriya Hostel Road", "area_name": "Chepauk", "area_id": "237", "locality_name": "Chepauk", "locality_id": "710", "layer_id": 1583.0, "object_id": 570.0 }, "geometry": { "type": "Point", "coordinates": [ 80.2806, 13.0638 ] } },
{ "type": "Feature", "properties": { "corporation": "Chennai", "region": "Central", "zone_no": "10", "ward_no": "135", "road_id": "86904", "street_name": "1st Avenue", "area_name": "Ashok Nagar(N135)", "area_id": "69031", "locality_name": "Ashok Nagar(N135)", "locality_id": "69663", "layer_id": 1583.0, "object_id": 571.0 }, "geometry": { "type": "Point", "coordinates": [ 80.2126, 13.0372 ] } },
{ "type": "Feature", "properties": { "corporation": "Chennai", "region": "Central", "zone_no": "10", "ward_no": "135", "road_id": "84634", "street_name": "Kamaraj Salai (17th Avenue)", "area_name": "Ashok Nagar(N135)", "area_id": "69031", "locality_name": "Ashok Nagar(N135)", "locality_id": "69663", "layer_id": 1583.0, "object_id": 572.0 }, "geometry": { "type": "Point", "coordinates": [ 80.2082, 13.0358 ] } },
{ "type": "Feature", "properties": { "corporation": "Chennai", "region": "Central", "zone_no": "09", "ward_no": "115", "road_id": "11491", "street_name": "Amir Mahal Road", "area_name": "Royapettah", "area_id": "243", "locality_name": "Royapettah", "locality_id": "1420", "layer_id": 1583.0, "object_id": 573.0 }, "geometry": { "type": "Point", "coordinates": [ 80.2649, 13.0568 ] } },
{ "type": "Feature", "properties": { "corporation": "Chennai", "region": "Central", "zone_no": "09", "ward_no": "115", "road_id": "5306", "street_name": "Manickam (M) Street", "area_name": "Royapettah", "area_id": "243", "locality_name": "Royapettah", "locality_id": "1420", "layer_id": 1583.0, "object_id": 574.0 }, "geometry": { "type": "Point", "coordinates": [ 80.269, 13.0555 ] } },
{ "type": "Feature", "properties": { "corporation": "Chennai", "region": "Central", "zone_no": "09", "ward_no": "116", "road_id": "5161", "street_name": "Dr. Besant Road", "area_name": "Triplicane", "area_id": "240", "locality_name": "Triplicane", "locality_id": "1586", "layer_id": 1583.0, "object_id": 575.0 }, "geometry": { "type": "Point", "coordinates": [ 80.2775, 13.0514 ] } },
{ "type": "Feature", "properties": { "corporation": "Chennai", "region": "Central", "zone_no": "09", "ward_no": "116", "road_id": "5161", "street_name": "Dr. Besant Road", "area_name": "Triplicane", "area_id": "240", "locality_name": "Triplicane", "locality_id": "1586", "layer_id": 1583.0, "object_id": 576.0 }, "geometry": { "type": "Point", "coordinates": [ 80.2787, 13.0508 ] } },
{ "type": "Feature", "properties": { "corporation": "Chennai", "region": "Central", "zone_no": "09", "ward_no": "116", "road_id": "5170", "street_name": "Bharathi Road (Pycrafts Road)", "area_name": "Triplicane", "area_id": "240", "locality_name": "Triplicane", "locality_id": "1586", "layer_id": 1583.0, "object_id": 577.0 }, "geometry": { "type": "Point", "coordinates": [ 80.2805, 13.0579 ] } },
{ "type": "Feature", "properties": { "corporation": "Chennai", "region": "Central", "zone_no": "09", "ward_no": "116", "road_id": "5170", "street_name": "Bharathi Road (Pycrafts Road)", "area_name": "Triplicane", "area_id": "240", "locality_name": "Triplicane", "locality_id": "1586", "layer_id": 1583.0, "object_id": 578.0 }, "geometry": { "type": "Point", "coordinates": [ 80.2797, 13.0579 ] } },
{ "type": "Feature", "properties": { "corporation": "Chennai", "region": "Central", "zone_no": "09", "ward_no": "116", "road_id": "13399", "street_name": "Theradi Street (Car Street)", "area_name": "Triplicane", "area_id": "240", "locality_name": "Triplicane", "locality_id": "1586", "layer_id": 1583.0, "object_id": 579.0 }, "geometry": { "type": "Point", "coordinates": [ 80.2776, 13.054 ] } },
{ "type": "Feature", "properties": { "corporation": "Chennai", "region": "Central", "zone_no": "09", "ward_no": "116", "road_id": null, "street_name": "Marina Service Road", "area_name": "Triplicane", "area_id": "240", "locality_name": "Triplicane", "locality_id": "1586", "layer_id": 1583.0, "object_id": 580.0 }, "geometry": { "type": "Point", "coordinates": [ 80.2813, 13.0513 ] } },
{ "type": "Feature", "properties": { "corporation": "Chennai", "region": "Central", "zone_no": "09", "ward_no": "116", "road_id": null, "street_name": "Marina Service Road", "area_name": "Triplicane", "area_id": "240", "locality_name": "Triplicane", "locality_id": "1586", "layer_id": 1583.0, "object_id": 581.0 }, "geometry": { "type": "Point", "coordinates": [ 80.2818, 13.0542 ] } },
{ "type": "Feature", "properties": { "corporation": "Chennai", "region": "Central", "zone_no": "10", "ward_no": "130", "road_id": "11519", "street_name": "Palani Andavar Koil Street", "area_name": "Vadapalani", "area_id": "215", "locality_name": "Vadapalani", "locality_id": "609", "layer_id": 1583.0, "object_id": 582.0 }, "geometry": { "type": "Point", "coordinates": [ 80.2135, 13.0519 ] } },
{ "type": "Feature", "properties": { "corporation": "Chennai", "region": "Central", "zone_no": "09", "ward_no": "120", "road_id": "13413", "street_name": "Venkatarangam Pillai Hutting Ground", "area_name": "Triplicane", "area_id": "240", "locality_name": "Triplicane", "locality_id": "1586", "layer_id": 1583.0, "object_id": 583.0 }, "geometry": { "type": "Point", "coordinates": [ 80.2774, 13.0482 ] } },
{ "type": "Feature", "properties": { "corporation": "Chennai", "region": "Central", "zone_no": "09", "ward_no": "120", "road_id": "13413", "street_name": "Venkatarangam Pillai Hutting Ground", "area_name": "Triplicane", "area_id": "240", "locality_name": "Triplicane", "locality_id": "1586", "layer_id": 1583.0, "object_id": 584.0 }, "geometry": { "type": "Point", "coordinates": [ 80.2771, 13.0476 ] } },
{ "type": "Feature", "properties": { "corporation": "Chennai", "region": "Central", "zone_no": "09", "ward_no": "120", "road_id": "15406", "street_name": "Gajabathy Lala Street", "area_name": "Triplicane", "area_id": "240", "locality_name": "Triplicane", "locality_id": "1586", "layer_id": 1583.0, "object_id": 585.0 }, "geometry": { "type": "Point", "coordinates": [ 80.2773, 13.0502 ] } },
{ "type": "Feature", "properties": { "corporation": "Chennai", "region": "Central", "zone_no": "09", "ward_no": "120", "road_id": "15406", "street_name": "Gajabathy Lala Street", "area_name": "Triplicane", "area_id": "240", "locality_name": "Triplicane", "locality_id": "1586", "layer_id": 1583.0, "object_id": 586.0 }, "geometry": { "type": "Point", "coordinates": [ 80.2767, 13.0506 ] } },
{ "type": "Feature", "properties": { "corporation": "Chennai", "region": "Central", "zone_no": "09", "ward_no": "120", "road_id": "17398", "street_name": "Nadukuppam 8th Street", "area_name": "Triplicane", "area_id": "240", "locality_name": "Nadukuppam", "locality_id": "1423", "layer_id": 1583.0, "object_id": 587.0 }, "geometry": { "type": "Point", "coordinates": [ 80.2779, 13.0479 ] } },
{ "type": "Feature", "properties": { "corporation": "Chennai", "region": "Central", "zone_no": "09", "ward_no": "120", "road_id": "17400", "street_name": "Ram Nagar Main Street", "area_name": "Triplicane", "area_id": "240", "locality_name": "Ram Nagar ( Krishnampet )", "locality_id": "601", "layer_id": 1583.0, "object_id": 588.0 }, "geometry": { "type": "Point", "coordinates": [ 80.275, 13.049 ] } },
{ "type": "Feature", "properties": { "corporation": "Chennai", "region": "Central", "zone_no": "09", "ward_no": "120", "road_id": "3072", "street_name": "Ram Nagar 8th Street", "area_name": "Triplicane", "area_id": "240", "locality_name": "Ram Nagar ( Krishnampet )", "locality_id": "601", "layer_id": 1583.0, "object_id": 589.0 }, "geometry": { "type": "Point", "coordinates": [ 80.2761, 13.0499 ] } },
{ "type": "Feature", "properties": { "corporation": "Chennai", "region": "Central", "zone_no": "09", "ward_no": "120", "road_id": "3075", "street_name": "Dr. Natesan Ist Lane", "area_name": "Triplicane", "area_id": "240", "locality_name": "Triplicane", "locality_id": "1586", "layer_id": 1583.0, "object_id": 590.0 }, "geometry": { "type": "Point", "coordinates": [ 80.2762, 13.0481 ] } },
{ "type": "Feature", "properties": { "corporation": "Chennai", "region": "Central", "zone_no": "09", "ward_no": "125", "road_id": "9581", "street_name": "Dr. Natesan Salai", "area_name": "Mylapore", "area_id": "266", "locality_name": "Karaneeswararpuram", "locality_id": "1053", "layer_id": 1583.0, "object_id": 591.0 }, "geometry": { "type": "Point", "coordinates": [ 80.2747, 13.0424 ] } },
{ "type": "Feature", "properties": { "corporation": "Chennai", "region": "Central", "zone_no": "09", "ward_no": "125", "road_id": "9578", "street_name": "Munusamy Street", "area_name": "Mylapore", "area_id": "266", "locality_name": "Karaneeswararpuram", "locality_id": "1053", "layer_id": 1583.0, "object_id": 592.0 }, "geometry": { "type": "Point", "coordinates": [ 80.2755, 13.0401 ] } },
{ "type": "Feature", "properties": { "corporation": "Chennai", "region": "Central", "zone_no": "09", "ward_no": "125", "road_id": "9576", "street_name": "Kamarajar Salai", "area_name": "Mylapore", "area_id": "266", "locality_name": "Karaneeswararpuram", "locality_id": "1053", "layer_id": 1583.0, "object_id": 593.0 }, "geometry": { "type": "Point", "coordinates": [ 80.2784, 13.0383 ] } },
{ "type": "Feature", "properties": { "corporation": "Chennai", "region": "Central", "zone_no": "09", "ward_no": "125", "road_id": "3370", "street_name": "Bazar Road 2nd Lane", "area_name": "Mylapore", "area_id": "266", "locality_name": "Karaneeswararpuram", "locality_id": "1053", "layer_id": 1583.0, "object_id": 594.0 }, "geometry": { "type": "Point", "coordinates": [ 80.2746, 13.0366 ] } },
{ "type": "Feature", "properties": { "corporation": "Chennai", "region": "Central", "zone_no": "09", "ward_no": "125", "road_id": "7496", "street_name": "Mangollai", "area_name": "Mylapore", "area_id": "266", "locality_name": "Mylapore", "locality_id": "1755", "layer_id": 1583.0, "object_id": 595.0 }, "geometry": { "type": "Point", "coordinates": [ 80.2715, 13.0339 ] } },
{ "type": "Feature", "properties": { "corporation": "Chennai", "region": "Central", "zone_no": "09", "ward_no": "125", "road_id": null, "street_name": "Marina Service Road", "area_name": "Mylapore", "area_id": "266", "locality_name": "Karaneeswararpuram", "locality_id": "1053", "layer_id": 1583.0, "object_id": 596.0 }, "geometry": { "type": "Point", "coordinates": [ 80.2796, 13.04 ] } },
{ "type": "Feature", "properties": { "corporation": "Chennai", "region": "Central", "zone_no": "09", "ward_no": "125", "road_id": "7493", "street_name": "Loop Road", "area_name": "Mylapore", "area_id": "266", "locality_name": "Santhome", "locality_id": "1275", "layer_id": 1583.0, "object_id": 597.0 }, "geometry": { "type": "Point", "coordinates": [ 80.2795, 13.0333 ] } },
{ "type": "Feature", "properties": { "corporation": "Chennai", "region": "Central", "zone_no": "09", "ward_no": "125", "road_id": "9579", "street_name": "Arumugam Street", "area_name": "Mylapore", "area_id": "266", "locality_name": "Karaneeswararpuram", "locality_id": "1053", "layer_id": 1583.0, "object_id": 598.0 }, "geometry": { "type": "Point", "coordinates": [ 80.2762, 13.0421 ] } },
{ "type": "Feature", "properties": { "corporation": "Chennai", "region": "Central", "zone_no": "09", "ward_no": "125", "road_id": null, "street_name": "Marina Service Road", "area_name": "Mylapore", "area_id": "266", "locality_name": "Karaneeswararpuram", "locality_id": "1053", "layer_id": 1583.0, "object_id": 599.0 }, "geometry": { "type": "Point", "coordinates": [ 80.2799, 13.0416 ] } },
{ "type": "Feature", "properties": { "corporation": "Chennai", "region": "North", "zone_no": "01", "ward_no": "010", "road_id": null, "street_name": "East Tank Road", "area_name": "TIRUVOTTRIYUR", "area_id": "19154", "locality_name": "THERADY", "locality_id": "19292", "layer_id": 1583.0, "object_id": 600.0 }, "geometry": { "type": "Point", "coordinates": [ 80.3008, 13.161 ] } },
{ "type": "Feature", "properties": { "corporation": "Chennai", "region": "North", "zone_no": "01", "ward_no": "010", "road_id": null, "street_name": "Poonthottam Street", "area_name": "TIRUVOTTRIYUR", "area_id": "19154", "locality_name": "THERADY", "locality_id": "19292", "layer_id": 1583.0, "object_id": 601.0 }, "geometry": { "type": "Point", "coordinates": [ 80.3019, 13.16 ] } },
{ "type": "Feature", "properties": { "corporation": "Chennai", "region": "North", "zone_no": "01", "ward_no": "008", "road_id": "27120", "street_name": "ENNORRE EXPRESS ROAD", "area_name": "TIRUVOTTRIYUR", "area_id": "19154", "locality_name": "MASTHAN KOIL", "locality_id": "21330", "layer_id": 1583.0, "object_id": 602.0 }, "geometry": { "type": "Point", "coordinates": [ 80.3081, 13.1662 ] } },
{ "type": "Feature", "properties": { "corporation": "Chennai", "region": "South", "zone_no": "14", "ward_no": "188", "road_id": "46134", "street_name": "VELACHERY MAIN ROAD", "area_name": "MADIPAKKAM", "area_id": "43846", "locality_name": "VELACHERRY MAIN ROAD", "locality_id": "44192", "layer_id": 1583.0, "object_id": 603.0 }, "geometry": { "type": "Point", "coordinates": [ 80.2138, 12.959 ] } },
{ "type": "Feature", "properties": { "corporation": "Chennai", "region": "South", "zone_no": "14", "ward_no": "188", "road_id": "44486", "street_name": "BAJANAI KOIL STREET", "area_name": "MADIPAKKAM", "area_id": "43846", "locality_name": "BAJANAI KOIL STREET", "locality_id": "43956", "layer_id": 1583.0, "object_id": 604.0 }, "geometry": { "type": "Point", "coordinates": [ 80.2026, 12.9631 ] } },
{ "type": "Feature", "properties": { "corporation": "Chennai", "region": "South", "zone_no": "14", "ward_no": "188", "road_id": null, "street_name": "Myllai Balaji Nagar 1st Block 1st Main Road", "area_name": "PALLIKARANAI", "area_id": "43859", "locality_name": "MYLLAI BALAJI NAGAR", "locality_id": "48915", "layer_id": 1583.0, "object_id": 605.0 }, "geometry": { "type": "Point", "coordinates": [ 80.2114, 12.9571 ] } },
{ "type": "Feature", "properties": { "corporation": "Chennai", "region": "South", "zone_no": "14", "ward_no": "188", "road_id": null, "street_name": "Myllai Balaji Nagar 1st Block 1st Cross Street", "area_name": "PALLIKARANAI", "area_id": "43859", "locality_name": "MYLLAI BALAJI NAGAR", "locality_id": "48915", "layer_id": 1583.0, "object_id": 606.0 }, "geometry": { "type": "Point", "coordinates": [ 80.2124, 12.9564 ] } },
{ "type": "Feature", "properties": { "corporation": "Chennai", "region": "South", "zone_no": "14", "ward_no": "188", "road_id": null, "street_name": "Myllai Balaji Nagar 2nd Block 2nd Main Road", "area_name": "PALLIKARANAI", "area_id": "43859", "locality_name": "MYLLAI BALAJI NAGAR", "locality_id": "48915", "layer_id": 1583.0, "object_id": 607.0 }, "geometry": { "type": "Point", "coordinates": [ 80.2111, 12.9551 ] } },
{ "type": "Feature", "properties": { "corporation": "Chennai", "region": "South", "zone_no": "14", "ward_no": "188", "road_id": null, "street_name": "Myllai Balaji Nagar 2nd Block 2nd Main Road", "area_name": "PALLIKARANAI", "area_id": "43859", "locality_name": "MYLLAI BALAJI NAGAR", "locality_id": "48915", "layer_id": 1583.0, "object_id": 608.0 }, "geometry": { "type": "Point", "coordinates": [ 80.2114, 12.9551 ] } },
{ "type": "Feature", "properties": { "corporation": "Chennai", "region": "South", "zone_no": "14", "ward_no": "188", "road_id": null, "street_name": "Myllai Balaji Nagar 2nd Block I Main Road 7th Cross Street", "area_name": "PALLIKARANAI", "area_id": "43859", "locality_name": "MYLLAI BALAJI NAGAR", "locality_id": "48915", "layer_id": 1583.0, "object_id": 609.0 }, "geometry": { "type": "Point", "coordinates": [ 80.2118, 12.9551 ] } },
{ "type": "Feature", "properties": { "corporation": "Chennai", "region": "South", "zone_no": "14", "ward_no": "188", "road_id": null, "street_name": "Myllai Balaji Nagar 3rd Block 2nd Main Road 2nd Cross 1st Street", "area_name": "PALLIKARANAI", "area_id": "43859", "locality_name": "MYLLAI BALAJI NAGAR", "locality_id": "48915", "layer_id": 1583.0, "object_id": 610.0 }, "geometry": { "type": "Point", "coordinates": [ 80.2101, 12.9526 ] } },
{ "type": "Feature", "properties": { "corporation": "Chennai", "region": "South", "zone_no": "14", "ward_no": "188", "road_id": null, "street_name": "Myllai Balaji Nagar 3rd Block 2nd Main Road 2nd Cross 2nd Street", "area_name": "PALLIKARANAI", "area_id": "43859", "locality_name": "MYLLAI BALAJI NAGAR", "locality_id": "48915", "layer_id": 1583.0, "object_id": 611.0 }, "geometry": { "type": "Point", "coordinates": [ 80.2101, 12.9527 ] } },
{ "type": "Feature", "properties": { "corporation": "Chennai", "region": "South", "zone_no": "14", "ward_no": "188", "road_id": null, "street_name": "Myllai Balaji Nagar 4th Block 1st Main Road 3rd Cross 2nd Street", "area_name": "PALLIKARANAI", "area_id": "43859", "locality_name": "MYLLAI BALAJI NAGAR", "locality_id": "48915", "layer_id": 1583.0, "object_id": 612.0 }, "geometry": { "type": "Point", "coordinates": [ 80.21, 12.9516 ] } },
{ "type": "Feature", "properties": { "corporation": "Chennai", "region": "South", "zone_no": "14", "ward_no": "188", "road_id": null, "street_name": "Myllai Balaji Nagar 4th Block Back Side Road", "area_name": "PALLIKARANAI", "area_id": "43859", "locality_name": "MYLLAI BALAJI NAGAR", "locality_id": "48915", "layer_id": 1583.0, "object_id": 613.0 }, "geometry": { "type": "Point", "coordinates": [ 80.2092, 12.9514 ] } }
]
}
