{
"type": "FeatureCollection",
"name": "samerica_boundary",
"crs": { "type": "name", "properties": { "name": "urn:ogc:def:crs:OGC:1.3:CRS84" } },
"features": [
{ "type": "Feature", "properties": { }, "geometry": { "type": "MultiPolygon", "coordinates": [ [ [ [ -68.636932373046875, -54.788219451904297 ], [ -68.618331909179688, -52.643619537353516 ], [ -68.295013427734375, -52.932510375976562 ], [ -68.2247314453125, -53.103069305419922 ], [ -68.239730834960938, -53.118900299072266 ], [ -68.2852783203125, -53.008899688720703 ], [ -68.327507019042969, -52.994178771972656 ], [ -68.543617248535156, -53.126399993896484 ], [ -68.567497253417969, -53.174171447753906 ], [ -68.543617248535156, -53.229450225830078 ], [ -68.430557250976562, -53.292499542236328 ], [ -68.180007934570312, -53.286121368408203 ], [ -68.0997314453125, -53.369449615478516 ], [ -68.019180297851562, -53.555011749267578 ], [ -67.84722900390625, -53.686958312988281 ], [ -67.587783813476562, -53.829441070556641 ], [ -67.573623657226562, -53.9102783203125 ], [ -66.943077087402344, -54.209720611572266 ], [ -66.70361328125, -54.289169311523438 ], [ -66.443893432617188, -54.456680297851562 ], [ -65.696403503417969, -54.67279052734375 ], [ -65.23529052734375, -54.633609771728516 ], [ -65.142227172851562, -54.646949768066406 ], [ -65.319168090820312, -54.901950836181641 ], [ -65.353912353515625, -54.929168701171875 ], [ -65.471389770507812, -54.883609771728516 ], [ -65.490013122558594, -54.934719085693359 ], [ -65.680557250976562, -54.971668243408203 ], [ -65.730827331542969, -54.904720306396484 ], [ -65.955307006835938, -54.8961181640625 ], [ -66.006668090820312, -54.953060150146484 ], [ -66.165008544921875, -54.986949920654297 ], [ -66.3719482421875, -54.985000610351562 ], [ -66.421127319335938, -55.045280456542969 ], [ -66.551681518554688, -55.044719696044922 ], [ -67.00140380859375, -54.909450531005859 ], [ -68.009742736816406, -54.859729766845703 ], [ -68.288352966308594, -54.793621063232422 ], [ -68.323623657226562, -54.843608856201172 ], [ -68.515007019042969, -54.856121063232422 ], [ -68.636932373046875, -54.788219451904297 ] ] ], [ [ [ -64.686683654785156, -54.905281066894531 ], [ -64.699447631835938, -54.848621368408203 ], [ -64.753616333007812, -54.841129302978516 ], [ -64.7388916015625, -54.804450988769531 ], [ -64.67279052734375, -54.774440765380859 ], [ -64.598358154296875, -54.799449920654297 ], [ -64.509170532226562, -54.780559539794922 ], [ -64.57000732421875, -54.719730377197266 ], [ -64.381393432617188, -54.788619995117188 ], [ -64.3638916015625, -54.710010528564453 ], [ -64.286247253417969, -54.729999542236328 ], [ -63.826950073242188, -54.719451904296875 ], [ -63.857509613037109, -54.773899078369141 ], [ -63.968891143798828, -54.818061828613281 ], [ -63.986949920654297, -54.811111450195312 ], [ -63.960559844970703, -54.766109466552734 ], [ -64.253890991210938, -54.842220306396484 ], [ -64.253067016601562, -54.779720306396484 ], [ -64.581390380859375, -54.868900299072266 ], [ -64.610000610351562, -54.900001525878906 ], [ -64.686683654785156, -54.905281066894531 ] ] ], [ [ [ -66.345550537109375, -22.114450454711914 ], [ -66.27362060546875, -21.957229614257812 ], [ -66.231666564941406, -21.787509918212891 ], [ -66.077499389648438, -21.831949234008789 ], [ -66.0413818359375, -21.916669845581055 ], [ -65.9263916015625, -21.933330535888672 ], [ -65.76806640625, -22.102230072021484 ], [ -64.988601684570312, -22.090839385986328 ], [ -64.7227783203125, -22.181390762329102 ], [ -64.670272827148438, -22.171119689941406 ], [ -64.561943054199219, -22.243610382080078 ], [ -64.539169311523438, -22.276390075683594 ], [ -64.56610107421875, -22.36138916015625 ], [ -64.433319091796875, -22.542779922485352 ], [ -64.456672668457031, -22.632230758666992 ], [ -64.32501220703125, -22.873619079589844 ], [ -64.275283813476562, -22.633890151977539 ], [ -64.1461181640625, -22.432779312133789 ], [ -64.115829467773438, -22.342779159545898 ], [ -63.941108703613281, -22.000839233398438 ], [ -62.809169769287109, -21.996389389038086 ], [ -62.789440155029297, -22.122779846191406 ], [ -62.623889923095703, -22.249160766601562 ], [ -62.6280517578125, -22.303329467773438 ], [ -62.258609771728516, -22.518890380859375 ], [ -62.237499237060547, -22.566949844360352 ], [ -62.260829925537109, -22.60028076171875 ], [ -62.005561828613281, -22.942230224609375 ], [ -61.999168395996094, -22.994720458984375 ], [ -61.619998931884766, -23.285839080810547 ], [ -61.224720001220703, -23.555280685424805 ], [ -61.124168395996094, -23.597780227661133 ], [ -61.015010833740234, -23.806110382080078 ], [ -60.640838623046875, -23.895559310913086 ], [ -60.313060760498047, -24.020280838012695 ], [ -60.170280456542969, -24.041669845581055 ], [ -60.038059234619141, -24.009729385375977 ], [ -59.638248443603516, -24.247520446777344 ], [ -59.615840911865234, -24.28639030456543 ], [ -59.131389617919922, -24.59889030456543 ], [ -58.88555908203125, -24.726390838623047 ], [ -58.686660766601562, -24.816120147705078 ], [ -58.460830688476562, -24.852500915527344 ], [ -58.338050842285156, -24.997499465942383 ], [ -58.228610992431641, -24.938339233398438 ], [ -57.980831146240234, -25.077499389648438 ], [ -57.870548248291016, -25.087779998779297 ], [ -57.650279998779297, -25.330009460449219 ], [ -57.640281677246094, -25.378889083862305 ], [ -57.557781219482422, -25.433330535888672 ], [ -57.575569152832031, -25.57305908203125 ], [ -57.751110076904297, -25.670000076293945 ], [ -57.750011444091797, -25.716669082641602 ], [ -57.900829315185547, -25.952499389648438 ], [ -57.853889465332031, -25.996389389038086 ], [ -58.121940612792969, -26.218889236450195 ], [ -58.104721069335938, -26.240280151367188 ], [ -58.172229766845703, -26.27277946472168 ], [ -58.169448852539062, -26.342229843139648 ], [ -58.211391448974609, -26.425830841064453 ], [ -58.218059539794922, -26.540559768676758 ], [ -58.168331146240234, -26.596950531005859 ], [ -58.185268402099609, -26.658620834350586 ], [ -58.239719390869141, -26.649730682373047 ], [ -58.246109008789062, -26.764730453491211 ], [ -58.342220306396484, -26.81389045715332 ], [ -58.317779541015625, -26.878339767456055 ], [ -58.473609924316406, -26.936119079589844 ], [ -58.509731292724609, -27.058620452880859 ], [ -58.546108245849609, -27.045839309692383 ], [ -58.563610076904297, -27.116949081420898 ], [ -58.636119842529297, -27.137229919433594 ], [ -58.658889770507812, -27.181390762329102 ], [ -58.602649688720703, -27.294179916381836 ], [ -58.011119842529297, -27.270280838012695 ], [ -57.735561370849609, -27.305280685424805 ], [ -57.404449462890625, -27.424169540405273 ], [ -57.059440612792969, -27.488889694213867 ], [ -56.932498931884766, -27.423059463500977 ], [ -56.874168395996094, -27.421119689941406 ], [ -56.784198760986328, -27.492330551147461 ], [ -56.726100921630859, -27.503620147705078 ], [ -56.673328399658203, -27.461389541625977 ], [ -56.585830688476562, -27.44805908203125 ], [ -56.515010833740234, -27.464170455932617 ], [ -56.452781677246094, -27.550840377807617 ], [ -56.392230987548828, -27.58612060546875 ], [ -56.361110687255859, -27.584169387817383 ], [ -56.271110534667969, -27.461389541625977 ], [ -56.27471923828125, -27.396110534667969 ], [ -56.148609161376953, -27.312229156494141 ], [ -56.042499542236328, -27.303619384765625 ], [ -55.888050079345703, -27.333890914916992 ], [ -55.785381317138672, -27.434490203857422 ], [ -55.603610992431641, -27.346389770507812 ], [ -55.581668853759766, -27.301950454711914 ], [ -55.598880767822266, -27.164449691772461 ], [ -55.451938629150391, -27.091390609741211 ], [ -55.445831298828125, -27.023899078369141 ], [ -55.396110534667969, -26.971670150756836 ], [ -55.251110076904297, -26.936119079589844 ], [ -55.186389923095703, -26.962779998779297 ], [ -55.126110076904297, -26.944999694824219 ], [ -55.117771148681641, -26.857780456542969 ], [ -54.950550079345703, -26.770559310913086 ], [ -54.930561065673828, -26.688339233398438 ], [ -54.883331298828125, -26.656110763549805 ], [ -54.803611755371094, -26.659450531005859 ], [ -54.633609771728516, -26.200279235839844 ], [ -54.663059234619141, -25.97722053527832 ], [ -54.601669311523438, -25.952779769897461 ], [ -54.644168853759766, -25.656949996948242 ], [ -54.583889007568359, -25.636669158935547 ], [ -54.596111297607422, -25.574869155883789 ], [ -54.426109313964844, -25.684999465942383 ], [ -54.380001068115234, -25.577499389648438 ], [ -54.278339385986328, -25.54888916015625 ], [ -54.241939544677734, -25.596670150756836 ], [ -54.1763916015625, -25.573619842529297 ], [ -54.203609466552734, -25.531120300292969 ], [ -54.095829010009766, -25.49860954284668 ], [ -54.114170074462891, -25.567230224609375 ], [ -54.080829620361328, -25.598339080810547 ], [ -54.067501068115234, -25.550559997558594 ], [ -53.968070983886719, -25.588230133056641 ], [ -53.958049774169922, -25.644439697265625 ], [ -53.894718170166016, -25.629169464111328 ], [ -53.827499389648438, -25.851119995117188 ], [ -53.827228546142578, -25.952779769897461 ], [ -53.6602783203125, -26.199729919433594 ], [ -53.650279998779297, -26.263059616088867 ], [ -53.712779998779297, -26.360559463500977 ], [ -53.726940155029297, -26.675830841064453 ], [ -53.750560760498047, -26.766950607299805 ], [ -53.6986083984375, -26.889450073242188 ], [ -53.838901519775391, -27.171689987182617 ], [ -53.877780914306641, -27.119449615478516 ], [ -54.091941833496094, -27.283340454101562 ], [ -54.148609161376953, -27.289169311523438 ], [ -54.167781829833984, -27.25 ], [ -54.279170989990234, -27.424169540405273 ], [ -54.307781219482422, -27.431669235229492 ], [ -54.345829010009766, -27.399450302124023 ], [ -54.354171752929688, -27.453889846801758 ], [ -54.454170227050781, -27.411949157714844 ], [ -54.448051452636719, -27.465280532836914 ], [ -54.537220001220703, -27.491109848022461 ], [ -54.579730987548828, -27.448339462280273 ], [ -54.753059387207031, -27.56056022644043 ], [ -54.806110382080078, -27.530279159545898 ], [ -54.912220001220703, -27.737220764160156 ], [ -54.993061065673828, -27.788059234619141 ], [ -55.07305908203125, -27.771669387817383 ], [ -55.081951141357422, -27.790559768676758 ], [ -55.021671295166016, -27.833890914916992 ], [ -55.029170989990234, -27.853889465332031 ], [ -55.105831146240234, -27.850000381469727 ], [ -55.126110076904297, -27.885839462280273 ], [ -55.180561065673828, -27.855840682983398 ], [ -55.374168395996094, -27.973609924316406 ], [ -55.4405517578125, -28.079450607299805 ], [ -55.756671905517578, -28.219999313354492 ], [ -55.773330688476562, -28.246389389038086 ], [ -55.678890228271484, -28.302499771118164 ], [ -55.668060302734375, -28.345279693603516 ], [ -55.692501068115234, -28.408889770507812 ], [ -55.812221527099609, -28.356389999389648 ], [ -55.873611450195312, -28.356389999389648 ], [ -55.900279998779297, -28.380830764770508 ], [ -55.893619537353516, -28.464450836181641 ], [ -56.018608093261719, -28.507780075073242 ], [ -56.015281677246094, -28.591110229492188 ], [ -56.289440155029297, -28.784730911254883 ], [ -56.3155517578125, -28.912220001220703 ], [ -56.404720306396484, -28.962499618530273 ], [ -56.418331146240234, -29.056390762329102 ], [ -56.571670532226562, -29.124729156494141 ], [ -56.641670227050781, -29.196109771728516 ], [ -56.690280914306641, -29.334449768066406 ], [ -57.110561370849609, -29.766670227050781 ], [ -57.250278472900391, -29.78778076171875 ], [ -57.293060302734375, -29.818889617919922 ], [ -57.319728851318359, -29.97528076171875 ], [ -57.533618927001953, -30.163339614868164 ], [ -57.640281677246094, -30.190000534057617 ], [ -57.626110076904297, -30.285839080810547 ], [ -57.757511138916016, -30.428340911865234 ], [ -57.874721527099609, -30.504449844360352 ], [ -57.889999389648438, -30.592229843139648 ], [ -57.808891296386719, -30.734729766845703 ], [ -57.795841217041016, -30.876949310302734 ], [ -57.813610076904297, -30.912220001220703 ], [ -57.910289764404297, -30.934169769287109 ], [ -57.851669311523438, -31.046390533447266 ], [ -57.9888916015625, -31.401670455932617 ], [ -58.07611083984375, -31.456670761108398 ], [ -58.077499389648438, -31.484170913696289 ], [ -57.986949920654297, -31.552509307861328 ], [ -57.979160308837891, -31.610279083251953 ], [ -58.037220001220703, -31.78639030456543 ], [ -58.178890228271484, -31.854169845581055 ], [ -58.183879852294922, -31.921670913696289 ], [ -58.146389007568359, -31.990280151367188 ], [ -58.184440612792969, -32.155010223388672 ], [ -58.099441528320312, -32.259178161621094 ], [ -58.101390838623047, -32.328060150146484 ], [ -58.198299407958984, -32.453350067138672 ], [ -58.2086181640625, -32.661128997802734 ], [ -58.135829925537109, -32.906120300292969 ], [ -58.161949157714844, -33.075290679931641 ], [ -58.214450836181641, -33.095008850097656 ], [ -58.405281066894531, -33.080841064453125 ], [ -58.430561065673828, -33.101398468017578 ], [ -58.414730072021484, -33.300289154052734 ], [ -58.476951599121094, -33.360008239746094 ], [ -58.533340454101562, -33.530849456787109 ], [ -58.540840148925781, -33.753898620605469 ], [ -58.460281372070312, -33.858070373535156 ], [ -58.453338623046875, -33.953899383544922 ], [ -58.386669158935547, -34.045009613037109 ], [ -58.377498626708984, -34.188060760498047 ], [ -58.441669464111328, -34.265850067138672 ], [ -58.509170532226562, -34.271949768066406 ], [ -58.565559387207031, -34.296119689941406 ], [ -58.481121063232422, -34.358348846435547 ], [ -58.524730682373047, -34.445278167724609 ], [ -58.440280914306641, -34.557231903076172 ], [ -58.331668853759766, -34.653068542480469 ], [ -57.781669616699219, -34.888339996337891 ], [ -57.313060760498047, -35.177780151367188 ], [ -57.124729156494141, -35.416950225830078 ], [ -57.142230987548828, -35.488899230957031 ], [ -57.224449157714844, -35.575279235839844 ], [ -57.385829925537109, -35.810279846191406 ], [ -57.384998321533203, -35.930278778076172 ], [ -57.307498931884766, -36.099170684814453 ], [ -57.100009918212891, -36.288341522216797 ], [ -56.934169769287109, -36.347240447998047 ], [ -56.938060760498047, -36.384178161621094 ], [ -56.8477783203125, -36.342220306396484 ], [ -56.767780303955078, -36.347499847412109 ], [ -56.767780303955078, -36.304180145263672 ], [ -56.736110687255859, -36.326961517333984 ], [ -56.693889617919922, -36.431678771972656 ], [ -56.666389465332031, -36.753070831298828 ], [ -56.678340911865234, -36.923618316650391 ], [ -56.778888702392578, -37.025001525878906 ], [ -57.093059539794922, -37.465839385986328 ], [ -57.487499237060547, -37.835010528564453 ], [ -57.531681060791016, -37.937778472900391 ], [ -57.53778076171875, -38.096950531005859 ], [ -57.640010833740234, -38.183059692382812 ], [ -57.991668701171875, -38.359180450439453 ], [ -58.498889923095703, -38.534168243408203 ], [ -59.107780456542969, -38.702510833740234 ], [ -59.753059387207031, -38.826400756835938 ], [ -60.433891296386719, -38.922229766845703 ], [ -61.124729156494141, -38.9969482421875 ], [ -61.818061828613281, -38.986118316650391 ], [ -62.041671752929688, -38.93389892578125 ], [ -62.166389465332031, -38.811111450195312 ], [ -62.365280151367188, -38.791400909423828 ], [ -62.3961181640625, -38.823341369628906 ], [ -62.343341827392578, -38.892501831054688 ], [ -62.338340759277344, -38.951671600341797 ], [ -62.266941070556641, -38.966670989990234 ], [ -62.3255615234375, -39.021129608154297 ], [ -62.348060607910156, -39.172500610351562 ], [ -62.305278778076172, -39.225559234619141 ], [ -62.079730987548828, -39.322231292724609 ], [ -62.020000457763672, -39.378059387207031 ], [ -62.043891906738281, -39.409450531005859 ], [ -62.076118469238281, -39.408901214599609 ], [ -62.194728851318359, -39.308338165283203 ], [ -62.281391143798828, -39.312229156494141 ], [ -62.270839691162109, -39.343608856201172 ], [ -62.051948547363281, -39.465839385986328 ], [ -62.127780914306641, -39.844459533691406 ], [ -62.259170532226562, -39.847240447998047 ], [ -62.364170074462891, -40.055278778076172 ], [ -62.338058471679688, -40.124729156494141 ], [ -62.374168395996094, -40.215839385986328 ], [ -62.436389923095703, -40.240840911865234 ], [ -62.4888916015625, -40.311111450195312 ], [ -62.417228698730469, -40.463058471679688 ], [ -62.331668853759766, -40.498340606689453 ], [ -62.323619842529297, -40.530010223388672 ], [ -62.259998321533203, -40.560009002685547 ], [ -62.248889923095703, -40.614181518554688 ], [ -62.273899078369141, -40.636951446533203 ], [ -62.348060607910156, -40.607219696044922 ], [ -62.326671600341797, -40.678340911865234 ], [ -62.238059997558594, -40.639461517333984 ], [ -62.185009002685547, -40.636669158935547 ], [ -62.316951751708984, -40.863620758056641 ], [ -62.3638916015625, -40.8880615234375 ], [ -62.910839080810547, -41.102508544921875 ], [ -63.396389007568359, -41.164730072021484 ], [ -63.814170837402344, -41.156959533691406 ], [ -63.960281372070312, -41.064449310302734 ], [ -64.058616638183594, -41.045009613037109 ], [ -64.068336486816406, -41.000278472900391 ], [ -64.7227783203125, -40.832241058349609 ], [ -64.878341674804688, -40.840278625488281 ], [ -64.9122314453125, -40.814739227294922 ], [ -64.889717102050781, -40.797500610351562 ], [ -64.839736938476562, -40.815280914306641 ], [ -64.741119384765625, -40.794731140136719 ], [ -64.780006408691406, -40.729450225830078 ], [ -64.917793273925781, -40.706951141357422 ], [ -64.9263916015625, -40.728610992431641 ], [ -64.911117553710938, -40.771389007568359 ], [ -65.030006408691406, -40.778068542480469 ], [ -65.134452819824219, -40.847789764404297 ], [ -65.178337097167969, -41.008060455322266 ], [ -65.109710693359375, -41.302890777587891 ], [ -64.990837097167969, -41.517791748046875 ], [ -65.029190063476562, -41.682498931884766 ], [ -64.990837097167969, -41.778629302978516 ], [ -65.080001831054688, -41.967510223388672 ], [ -65.050003051757812, -42.028900146484375 ], [ -64.9344482421875, -42.156959533691406 ], [ -64.7227783203125, -42.230571746826172 ], [ -64.528900146484375, -42.245288848876953 ], [ -64.459457397460938, -42.268329620361328 ], [ -64.533889770507812, -42.323070526123047 ], [ -64.606399536132812, -42.425571441650391 ], [ -64.585563659667969, -42.437229156494141 ], [ -64.119171142578125, -42.434459686279297 ], [ -64.049453735351562, -42.383060455322266 ], [ -64.043327331542969, -42.312789916992188 ], [ -64.0836181640625, -42.266399383544922 ], [ -64.330001831054688, -42.2489013671875 ], [ -64.329452514648438, -42.233608245849609 ], [ -64.199172973632812, -42.224170684814453 ], [ -63.864719390869141, -42.100841522216797 ], [ -63.735561370849609, -42.095291137695312 ], [ -63.586940765380859, -42.335289001464844 ], [ -63.626110076904297, -42.761959075927734 ], [ -63.693061828613281, -42.821670532226562 ], [ -64.087226867675781, -42.890289306640625 ], [ -64.142227172851562, -42.869739532470703 ], [ -64.253341674804688, -42.757789611816406 ], [ -64.196403503417969, -42.638900756835938 ], [ -64.326400756835938, -42.544170379638672 ], [ -64.4586181640625, -42.506961822509766 ], [ -64.635009765625, -42.524730682373047 ], [ -64.967216491699219, -42.675010681152344 ], [ -65.013633728027344, -42.768890380859375 ], [ -64.4102783203125, -42.978069305419922 ], [ -64.315567016601562, -42.949451446533203 ], [ -64.2952880859375, -42.991958618164062 ], [ -64.417793273925781, -43.054458618164062 ], [ -64.788352966308594, -43.156120300292969 ], [ -65.028343200683594, -43.304458618164062 ], [ -65.0372314453125, -43.394180297851562 ], [ -65.130279541015625, -43.457241058349609 ], [ -65.330291748046875, -43.667789459228516 ], [ -65.333343505859375, -43.749729156494141 ], [ -65.258621215820312, -43.969730377197266 ], [ -65.210563659667969, -43.955291748046875 ], [ -65.218902587890625, -44.046398162841797 ], [ -65.307510375976562, -44.151679992675781 ], [ -65.2327880859375, -44.346950531005859 ], [ -65.342216491699219, -44.438621520996094 ], [ -65.280563354492188, -44.484458923339844 ], [ -65.548072814941406, -44.598899841308594 ], [ -65.71917724609375, -44.776119232177734 ], [ -65.710853576660156, -44.8336181640625 ], [ -65.531417846679688, -44.900001525878906 ], [ -65.584732055664062, -44.924449920654297 ], [ -65.604736328125, -45.016399383544922 ], [ -65.654167175292969, -45.030559539794922 ], [ -65.866958618164062, -44.9888916015625 ], [ -65.8819580078125, -45.021678924560547 ], [ -65.962226867675781, -45.019168853759766 ], [ -66.015289306640625, -44.973888397216797 ], [ -66.161956787109375, -44.962779998779297 ], [ -66.526947021484375, -45.090290069580078 ], [ -66.535003662109375, -45.115840911865234 ], [ -66.470291137695312, -45.131401062011719 ], [ -66.465560913085938, -45.146400451660156 ], [ -66.568336486816406, -45.131961822509766 ], [ -66.587783813476562, -45.144729614257812 ], [ -66.516677856445312, -45.183620452880859 ], [ -66.5352783203125, -45.204448699951172 ], [ -66.846687316894531, -45.210281372070312 ], [ -66.990837097167969, -45.281391143798828 ], [ -67.134742736816406, -45.460010528564453 ], [ -67.301116943359375, -45.598339080810547 ], [ -67.332496643066406, -45.651390075683594 ], [ -67.341667175292969, -45.778900146484375 ], [ -67.381393432617188, -45.795558929443359 ], [ -67.586669921875, -46.003898620605469 ], [ -67.6219482421875, -46.1239013671875 ], [ -67.599166870117188, -46.239459991455078 ], [ -67.498062133789062, -46.466949462890625 ], [ -67.217506408691406, -46.694171905517578 ], [ -66.735000610351562, -47.031951904296875 ], [ -65.9727783203125, -47.07305908203125 ], [ -65.772506713867188, -47.198341369628906 ], [ -65.732513427734375, -47.344181060791016 ], [ -65.7569580078125, -47.541950225830078 ], [ -65.8819580078125, -47.765010833740234 ], [ -65.96331787109375, -47.785011291503906 ], [ -65.892791748046875, -47.819171905517578 ], [ -65.870010375976562, -47.902229309082031 ], [ -65.789459228515625, -47.930290222167969 ], [ -65.79583740234375, -47.970279693603516 ], [ -65.961402893066406, -47.954170227050781 ], [ -65.973892211914062, -47.978618621826172 ], [ -65.8961181640625, -48.088901519775391 ], [ -65.902786254882812, -48.103351593017578 ], [ -66.073623657226562, -48.101669311523438 ], [ -66.3447265625, -48.298351287841797 ], [ -66.327507019042969, -48.345558166503906 ], [ -66.667793273925781, -48.441669464111328 ], [ -66.83306884765625, -48.573898315429688 ], [ -66.966690063476562, -48.598060607910156 ], [ -67.13555908203125, -48.680011749267578 ], [ -67.239730834960938, -48.822788238525391 ], [ -67.477226257324219, -48.956668853759766 ], [ -67.640007019042969, -49.118610382080078 ], [ -67.613357543945312, -49.175559997558594 ], [ -67.793060302734375, -49.331951141357422 ], [ -67.813606262207031, -49.396961212158203 ], [ -67.706680297851562, -49.369739532470703 ], [ -67.64306640625, -49.253070831298828 ], [ -67.603057861328125, -49.264720916748047 ], [ -67.737503051757812, -49.757228851318359 ], [ -67.805557250976562, -49.920841217041016 ], [ -68.0614013671875, -50.073341369628906 ], [ -68.243362426757812, -50.122219085693359 ], [ -68.341400146484375, -50.118339538574219 ], [ -68.433059692382812, -50.060291290283203 ], [ -68.532791137695312, -49.919719696044922 ], [ -68.591667175292969, -49.903068542480469 ], [ -68.597503662109375, -49.939449310302734 ], [ -68.623336791992188, -49.957229614257812 ], [ -68.5594482421875, -49.991390228271484 ], [ -68.506668090820312, -50.075008392333984 ], [ -68.372222900390625, -50.134178161621094 ], [ -68.3739013671875, -50.158351898193359 ], [ -68.42388916015625, -50.195278167724609 ], [ -68.827507019042969, -50.308891296386719 ], [ -68.9586181640625, -50.404449462890625 ], [ -69.103912353515625, -50.596389770507812 ], [ -69.145278930664062, -50.884170532226562 ], [ -69.188056945800781, -50.966388702392578 ], [ -68.952789306640625, -51.534999847412109 ], [ -68.9727783203125, -51.578060150146484 ], [ -69.130836486816406, -51.610000610351562 ], [ -69.37445068359375, -51.556400299072266 ], [ -69.6138916015625, -51.625839233398438 ], [ -69.325843811035156, -51.598899841308594 ], [ -69.1622314453125, -51.650840759277344 ], [ -69.209457397460938, -51.690280914306641 ], [ -69.017791748046875, -51.616950988769531 ], [ -68.979171752929688, -51.633060455322266 ], [ -68.797500610351562, -51.892230987548828 ], [ -68.440292358398438, -52.244449615478516 ], [ -68.383621215820312, -52.336940765380859 ], [ -68.429153442382812, -52.375438690185547 ], [ -68.434432983398438, -52.329181671142578 ], [ -69.233612060546875, -52.143329620361328 ], [ -69.461402893066406, -52.143619537353516 ], [ -69.998611450195312, -51.996391296386719 ], [ -71.910202026367188, -51.996799468994141 ], [ -71.962783813476562, -51.960281372070312 ], [ -71.9405517578125, -51.886669158935547 ], [ -71.971656799316406, -51.845008850097656 ], [ -72.295272827148438, -51.691108703613281 ], [ -72.331123352050781, -51.58721923828125 ], [ -72.423049926757812, -51.576950073242188 ], [ -72.438316345214844, -51.546119689941406 ], [ -72.3397216796875, -51.475830078125 ], [ -72.247772216796875, -51.232498168945312 ], [ -72.38555908203125, -51.146110534667969 ], [ -72.391952514648438, -51.096389770507812 ], [ -72.267227172851562, -51.017230987548828 ], [ -72.24249267578125, -50.851108551025391 ], [ -72.341667175292969, -50.743900299072266 ], [ -72.294158935546875, -50.649730682373047 ], [ -72.370269775390625, -50.614448547363281 ], [ -72.539993286132812, -50.612228393554688 ], [ -72.5977783203125, -50.666671752929688 ], [ -72.649169921875, -50.670841217041016 ], [ -72.732772827148438, -50.621391296386719 ], [ -72.781112670898438, -50.625011444091797 ], [ -73.01806640625, -50.74945068359375 ], [ -73.129989624023438, -50.772220611572266 ], [ -73.174156188964844, -50.744720458984375 ], [ -73.253890991210938, -50.559440612792969 ], [ -73.277801513671875, -50.324131011962891 ], [ -73.351936340332031, -50.234439849853516 ], [ -73.528610229492188, -50.144718170166016 ], [ -73.53582763671875, -50.116661071777344 ], [ -73.467216491699219, -50.006671905517578 ], [ -73.561660766601562, -49.919170379638672 ], [ -73.444442749023438, -49.782501220703125 ], [ -73.536941528320312, -49.678619384765625 ], [ -73.510276794433594, -49.613330841064453 ], [ -73.581680297851562, -49.531940460205078 ], [ -73.529716491699219, -49.49639892578125 ], [ -73.538887023925781, -49.4405517578125 ], [ -73.449722290039062, -49.379718780517578 ], [ -73.4647216796875, -49.311389923095703 ], [ -73.134170532226562, -49.303619384765625 ], [ -73.131942749023438, -49.260841369628906 ], [ -73.177223205566406, -49.221389770507812 ], [ -73.0755615234375, -49.0655517578125 ], [ -72.951683044433594, -48.964729309082031 ], [ -72.803329467773438, -48.943889617919922 ], [ -72.6986083984375, -48.896389007568359 ], [ -72.553047180175781, -48.783618927001953 ], [ -72.55194091796875, -48.718059539794922 ], [ -72.604026794433594, -48.481410980224609 ], [ -72.287216186523438, -48.341941833496094 ], [ -72.32305908203125, -48.075569152832031 ], [ -72.529998779296875, -47.943889617919922 ], [ -72.5352783203125, -47.909160614013672 ], [ -72.305557250976562, -47.507228851318359 ], [ -72.357772827148438, -47.464450836181641 ], [ -72.313606262207031, -47.426120758056641 ], [ -72.156387329101562, -47.409439086914062 ], [ -72.016273498535156, -47.276210784912109 ], [ -72.0272216796875, -47.243621826171875 ], [ -72.017227172851562, -47.199729919433594 ], [ -71.877777099609375, -47.229728698730469 ], [ -71.852493286132812, -47.182781219482422 ], [ -71.86444091796875, -47.137500762939453 ], [ -71.985282897949219, -47.073898315429688 ], [ -71.995536804199219, -47.048900604248047 ], [ -71.904716491699219, -47.000839233398438 ], [ -71.96112060546875, -46.943889617919922 ], [ -71.933319091796875, -46.806110382080078 ], [ -71.809158325195312, -46.7841796875 ], [ -71.669448852539062, -46.679180145263672 ], [ -71.672561645507812, -46.530731201171875 ], [ -71.751739501953125, -46.343730926513672 ], [ -71.761123657226562, -46.224449157714844 ], [ -71.897781372070312, -46.140289306640625 ], [ -71.77166748046875, -46.119998931884766 ], [ -71.601936340332031, -45.974720001220703 ], [ -71.637786865234375, -45.892230987548828 ], [ -71.759170532226562, -45.844169616699219 ], [ -71.791946411132812, -45.725559234619141 ], [ -71.740829467773438, -45.584171295166016 ], [ -71.707496643066406, -45.536960601806641 ], [ -71.502792358398438, -45.515560150146484 ], [ -71.467498779296875, -45.477500915527344 ], [ -71.506668090820312, -45.411380767822266 ], [ -71.296951293945312, -45.305839538574219 ], [ -71.330001831054688, -45.228328704833984 ], [ -71.45361328125, -45.159168243408203 ], [ -71.498046875, -45.0755615234375 ], [ -71.591667175292969, -44.971389770507812 ], [ -72.071121215820312, -44.897789001464844 ], [ -72.081123352050781, -44.774730682373047 ], [ -72.052223205566406, -44.753890991210938 ], [ -71.938316345214844, -44.7841796875 ], [ -71.482772827148438, -44.744449615478516 ], [ -71.3397216796875, -44.803340911865234 ], [ -71.2711181640625, -44.794460296630859 ], [ -71.220283508300781, -44.733329772949219 ], [ -71.233322143554688, -44.66278076171875 ], [ -71.212783813476562, -44.628341674804688 ], [ -71.126388549804688, -44.575839996337891 ], [ -71.110282897949219, -44.528060913085938 ], [ -71.20361328125, -44.426959991455078 ], [ -71.8336181640625, -44.397781372070312 ], [ -71.8538818359375, -44.365291595458984 ], [ -71.794158935546875, -44.312511444091797 ], [ -71.852493286132812, -44.105289459228516 ], [ -71.660003662109375, -43.96112060546875 ], [ -71.648826599121094, -43.923160552978516 ], [ -71.694992065429688, -43.877780914306641 ], [ -71.741943359375, -43.768341064453125 ], [ -71.7772216796875, -43.779449462890625 ], [ -71.809432983398438, -43.73638916015625 ], [ -71.690277099609375, -43.672508239746094 ], [ -71.707229614257812, -43.592231750488281 ], [ -71.874160766601562, -43.536670684814453 ], [ -71.8477783203125, -43.481391906738281 ], [ -71.869720458984375, -43.456401824951172 ], [ -71.921943664550781, -43.457790374755859 ], [ -71.922500610351562, -43.378059387207031 ], [ -71.7369384765625, -43.293071746826172 ], [ -71.732772827148438, -43.188060760498047 ], [ -71.751106262207031, -43.167510986328125 ], [ -72.053047180175781, -43.104721069335938 ], [ -72.106376647949219, -43.055000305175781 ], [ -72.139717102050781, -42.991390228271484 ], [ -72.102493286132812, -42.848609924316406 ], [ -72.132217407226562, -42.659999847412109 ], [ -72.113616943359375, -42.528881072998047 ], [ -72.025833129882812, -42.477500915527344 ], [ -72.071670532226562, -42.429729461669922 ], [ -72.043327331542969, -42.366401672363281 ], [ -72.131668090820312, -42.281940460205078 ], [ -72.017776489257812, -42.133609771728516 ], [ -71.970550537109375, -42.125 ], [ -71.914169311523438, -42.178058624267578 ], [ -71.735000610351562, -42.103900909423828 ], [ -71.918060302734375, -41.626388549804688 ], [ -71.8397216796875, -41.568340301513672 ], [ -71.899436950683594, -41.358619689941406 ], [ -71.837509155273438, -40.953899383544922 ], [ -71.9505615234375, -40.732769012451172 ], [ -71.837783813476562, -40.531681060791016 ], [ -71.7913818359375, -40.415279388427734 ], [ -71.7197265625, -40.427780151367188 ], [ -71.664436340332031, -40.303340911865234 ], [ -71.702499389648438, -40.276401519775391 ], [ -71.715560913085938, -40.304168701171875 ], [ -71.7913818359375, -40.245838165283203 ], [ -71.807502746582031, -40.168338775634766 ], [ -71.806106567382812, -40.093620300292969 ], [ -71.67083740234375, -40.100559234619141 ], [ -71.605827331542969, -39.906391143798828 ], [ -71.669448852539062, -39.857231140136719 ], [ -71.710563659667969, -39.637218475341797 ], [ -71.685546875, -39.569450378417969 ], [ -71.51611328125, -39.620281219482422 ], [ -71.488327026367188, -39.593059539794922 ], [ -71.485816955566406, -39.557510375976562 ], [ -71.541107177734375, -39.531391143798828 ], [ -71.451950073242188, -39.438331604003906 ], [ -71.473052978515625, -39.393901824951172 ], [ -71.404449462890625, -39.333061218261719 ], [ -71.403060913085938, -39.090278625488281 ], [ -71.418609619140625, -38.960559844970703 ], [ -71.397781372070312, -38.916110992431641 ], [ -71.059432983398438, -38.750289916992188 ], [ -70.869453430175781, -38.694999694824219 ], [ -70.876663208007812, -38.638900756835938 ], [ -70.835281372070312, -38.600009918212891 ], [ -70.825843811035156, -38.551670074462891 ], [ -70.970840454101562, -38.418060302734375 ], [ -71.077217102050781, -37.942230224609375 ], [ -71.1763916015625, -37.713340759277344 ], [ -71.180282592773438, -37.634731292724609 ], [ -71.112213134765625, -37.489448547363281 ], [ -71.109733581542969, -37.453609466552734 ], [ -71.196662902832031, -37.313621520996094 ], [ -71.079452514648438, -37.104171752929688 ], [ -71.200286865234375, -36.975830078125 ], [ -71.129989624023438, -36.962230682373047 ], [ -71.186943054199219, -36.848888397216797 ], [ -71.138343811035156, -36.690830230712891 ], [ -71.107498168945312, -36.675559997558594 ], [ -71.063606262207031, -36.699451446533203 ], [ -71.043327331542969, -36.679729461669922 ], [ -71.057502746582031, -36.562778472900391 ], [ -71.03778076171875, -36.486110687255859 ], [ -70.94110107421875, -36.484439849853516 ], [ -70.893623352050781, -36.4022216796875 ], [ -70.730827331542969, -36.424720764160156 ], [ -70.7005615234375, -36.409160614013672 ], [ -70.706672668457031, -36.277500152587891 ], [ -70.580001831054688, -36.14862060546875 ], [ -70.426666259765625, -36.135551452636719 ], [ -70.369453430175781, -36.046680450439453 ], [ -70.40972900390625, -35.963619232177734 ], [ -70.337783813476562, -35.808338165283203 ], [ -70.420272827148438, -35.643619537353516 ], [ -70.3961181640625, -35.515010833740234 ], [ -70.460830688476562, -35.388339996337891 ], [ -70.423316955566406, -35.340839385986328 ], [ -70.550277709960938, -35.296669006347656 ], [ -70.5694580078125, -35.254459381103516 ], [ -70.5413818359375, -35.208900451660156 ], [ -70.386123657226562, -35.171669006347656 ], [ -70.361656188964844, -35.142501831054688 ], [ -70.3619384765625, -35.004451751708984 ], [ -70.263633728027344, -34.79779052734375 ], [ -70.313606262207031, -34.748889923095703 ], [ -70.235549926757812, -34.666950225830078 ], [ -70.224716186523438, -34.595279693603516 ], [ -70.047500610351562, -34.409168243408203 ], [ -70.05499267578125, -34.298351287841797 ], [ -70.023902893066406, -34.275009155273438 ], [ -69.828338623046875, -34.250850677490234 ], [ -69.81304931640625, -34.229721069335938 ], [ -69.866096496582031, -34.143901824951172 ], [ -69.849166870117188, -33.971950531005859 ], [ -69.900283813476562, -33.960830688476562 ], [ -69.904167175292969, -33.769168853759766 ], [ -69.848342895507812, -33.724170684814453 ], [ -69.870269775390625, -33.564449310302734 ], [ -69.779167175292969, -33.405559539794922 ], [ -69.79833984375, -33.286128997802734 ], [ -69.89862060546875, -33.237510681152344 ], [ -69.935546875, -33.243621826171875 ], [ -69.976936340332031, -33.298900604248047 ], [ -70.023063659667969, -33.270290374755859 ], [ -70.098892211914062, -33.172508239746094 ], [ -70.101669311523438, -33.030010223388672 ], [ -69.992767333984375, -32.895561218261719 ], [ -70.144172668457031, -32.761680603027344 ], [ -70.171112060546875, -32.607791900634766 ], [ -70.1461181640625, -32.506118774414062 ], [ -70.166107177734375, -32.458900451660156 ], [ -70.232772827148438, -32.425838470458984 ], [ -70.235000610351562, -32.326400756835938 ], [ -70.329177856445312, -32.197231292724609 ], [ -70.379989624023438, -32.051670074462891 ], [ -70.331680297851562, -32.039180755615234 ], [ -70.273063659667969, -32.048069000244141 ], [ -70.231948852539062, -31.968889236450195 ], [ -70.278343200683594, -31.897220611572266 ], [ -70.416397094726562, -31.878339767456055 ], [ -70.468887329101562, -31.808900833129883 ], [ -70.58721923828125, -31.566669464111328 ], [ -70.533332824707031, -31.188060760498047 ], [ -70.471389770507812, -31.098060607910156 ], [ -70.445541381835938, -31.093059539794922 ], [ -70.420272827148438, -31.154169082641602 ], [ -70.313606262207031, -31.031949996948242 ], [ -70.258056640625, -31.039169311523438 ], [ -70.330001831054688, -30.953609466552734 ], [ -70.300277709960938, -30.776390075683594 ], [ -70.134170532226562, -30.439720153808594 ], [ -70.16583251953125, -30.370840072631836 ], [ -70.130546569824219, -30.354719161987305 ], [ -70.044158935546875, -30.396669387817383 ], [ -69.944442749023438, -30.37639045715332 ], [ -69.897781372070312, -30.322509765625 ], [ -69.827499389648438, -30.158889770507812 ], [ -69.841667175292969, -30.120559692382812 ], [ -69.967498779296875, -30.088619232177734 ], [ -69.905838012695312, -29.814449310302734 ], [ -69.917503356933594, -29.713340759277344 ], [ -69.961669921875, -29.680559158325195 ], [ -70.003067016601562, -29.42388916015625 ], [ -70.035003662109375, -29.354999542236328 ], [ -70.0272216796875, -29.281949996948242 ], [ -69.800277709960938, -29.108060836791992 ], [ -69.704452514648438, -28.593339920043945 ], [ -69.666412353515625, -28.572780609130859 ], [ -69.656951904296875, -28.405279159545898 ], [ -69.529998779296875, -28.312229156494141 ], [ -69.476387023925781, -28.191389083862305 ], [ -69.410293579101562, -28.212499618530273 ], [ -69.304443359375, -28.003620147705078 ], [ -69.186111450195312, -27.965839385986328 ], [ -69.0069580078125, -27.458890914916992 ], [ -68.939163208007812, -27.417219161987305 ], [ -68.865837097167969, -27.288059234619141 ], [ -68.87860107421875, -27.237499237060547 ], [ -68.811111450195312, -27.120559692382812 ], [ -68.7388916015625, -27.103340148925781 ], [ -68.588333129882812, -27.169719696044922 ], [ -68.525283813476562, -27.088340759277344 ], [ -68.320281982421875, -27.044729232788086 ], [ -68.287216186523438, -26.915279388427734 ], [ -68.579727172851562, -26.520559310913086 ], [ -68.570556640625, -26.317499160766602 ], [ -68.404167175292969, -26.17388916015625 ], [ -68.484733581542969, -25.778339385986328 ], [ -68.595283508300781, -25.505559921264648 ], [ -68.5755615234375, -25.354999542236328 ], [ -68.50250244140625, -25.177230834960938 ], [ -68.354446411132812, -25.129169464111328 ], [ -68.455001831054688, -24.905000686645508 ], [ -68.545272827148438, -24.873619079589844 ], [ -68.571670532226562, -24.805280685424805 ], [ -68.491096496582031, -24.606670379638672 ], [ -68.443878173828125, -24.62639045715332 ], [ -68.392227172851562, -24.505840301513672 ], [ -68.289436340332031, -24.457780838012695 ], [ -68.25250244140625, -24.396390914916992 ], [ -67.339996337890625, -24.023899078369141 ], [ -67.151321411132812, -23.397649765014648 ], [ -67.001106262207031, -23.002780914306641 ], [ -67.183670043945312, -22.821559906005859 ], [ -67.123046875, -22.718059539794922 ], [ -67.01251220703125, -22.642780303955078 ], [ -67.022781372070312, -22.523899078369141 ], [ -66.775009155273438, -22.426950454711914 ], [ -66.7369384765625, -22.227500915527344 ], [ -66.345550537109375, -22.114450454711914 ] ] ] ] } },
{ "type": "Feature", "properties": { }, "geometry": { "type": "Polygon", "coordinates": [ [ [ -68.958793640136719, -16.215499877929688 ], [ -69.150558471679688, -16.218610763549805 ], [ -69.2147216796875, -16.156389236450195 ], [ -69.422233581542969, -15.618060111999512 ], [ -69.327217102050781, -15.430560111999512 ], [ -69.275833129882812, -15.404170036315918 ], [ -69.285552978515625, -15.357219696044922 ], [ -69.140556335449219, -15.254730224609375 ], [ -69.1380615234375, -15.225279808044434 ], [ -69.278060913085938, -15.111109733581543 ], [ -69.384170532226562, -14.958889961242676 ], [ -69.361656188964844, -14.793609619140625 ], [ -69.239723205566406, -14.725279808044434 ], [ -69.245002746582031, -14.616390228271484 ], [ -69.220840454101562, -14.570280075073242 ], [ -69.153717041015625, -14.57234001159668 ], [ -68.979171752929688, -14.367500305175781 ], [ -69.0069580078125, -14.333609580993652 ], [ -68.984443664550781, -14.230279922485352 ], [ -68.85333251953125, -14.199170112609863 ], [ -68.867767333984375, -14.109999656677246 ], [ -68.977493286132812, -13.961669921875 ], [ -68.982223510742188, -13.861669540405273 ], [ -69.085563659667969, -13.674449920654297 ], [ -69.080001831054688, -13.643610000610352 ], [ -69.011672973632812, -13.634169578552246 ], [ -68.96417236328125, -13.483329772949219 ], [ -68.974716186523438, -12.926389694213867 ], [ -68.881942749023438, -12.758890151977539 ], [ -68.804168701171875, -12.730279922485352 ], [ -68.731376647949219, -12.669719696044922 ], [ -68.781112670898438, -12.617779731750488 ], [ -68.6875, -12.519450187683105 ], [ -68.770843505859375, -12.308609962463379 ], [ -69.150283813476562, -11.632220268249512 ], [ -69.567436218261719, -10.950469970703125 ], [ -69.069732666015625, -10.966389656066895 ], [ -68.868331909179688, -11.016110420227051 ], [ -68.75250244140625, -11.009719848632812 ], [ -68.784439086914062, -11.119720458984375 ], [ -68.764450073242188, -11.13971996307373 ], [ -68.579177856445312, -11.104599952697754 ], [ -68.289436340332031, -10.985560417175293 ], [ -68.101936340332031, -10.705280303955078 ], [ -68.015007019042969, -10.659170150756836 ], [ -67.822242736816406, -10.663330078125 ], [ -67.703483581542969, -10.694299697875977 ], [ -67.674263000488281, -10.609990119934082 ], [ -67.30029296875, -10.316670417785645 ], [ -67.158042907714844, -10.313170433044434 ], [ -66.779167175292969, -10.006669998168945 ], [ -66.559432983398438, -9.891670227050781 ], [ -66.059173583984375, -9.788335800170898 ], [ -66.029167175292969, -9.80694580078125 ], [ -65.823638916015625, -9.756391525268555 ], [ -65.798606872558594, -9.782503128051758 ], [ -65.782783508300781, -9.731945037841797 ], [ -65.759170532226562, -9.770002365112305 ], [ -65.706123352050781, -9.750278472900391 ], [ -65.613052368164062, -9.833057403564453 ], [ -65.57000732421875, -9.836389541625977 ], [ -65.438316345214844, -9.682777404785156 ], [ -65.381942749023438, -9.697780609130859 ], [ -65.3013916015625, -9.837223052978516 ], [ -65.3336181640625, -10.02610969543457 ], [ -65.288887023925781, -10.195560455322266 ], [ -65.313606262207031, -10.293889999389648 ], [ -65.39605712890625, -10.395299911499023 ], [ -65.404167175292969, -10.445839881896973 ], [ -65.443878173828125, -10.51471996307373 ], [ -65.409439086914062, -10.798890113830566 ], [ -65.328056335449219, -10.851110458374023 ], [ -65.2994384765625, -10.972780227661133 ], [ -65.400283813476562, -11.164170265197754 ], [ -65.385032653808594, -11.293330192565918 ], [ -65.3255615234375, -11.331950187683105 ], [ -65.351959228515625, -11.380559921264648 ], [ -65.3155517578125, -11.488889694213867 ], [ -65.231376647949219, -11.510000228881836 ], [ -65.1875, -11.649999618530273 ], [ -65.208892822265625, -11.718609809875488 ], [ -65.165008544921875, -11.772500038146973 ], [ -65.120826721191406, -11.693889617919922 ], [ -64.995269775390625, -11.911109924316406 ], [ -65.017227172851562, -11.970000267028809 ], [ -64.987503051757812, -12.010560035705566 ], [ -64.811943054199219, -12.027500152587891 ], [ -64.736656188964844, -12.153059959411621 ], [ -64.691383361816406, -12.100000381469727 ], [ -64.680557250976562, -12.168609619140625 ], [ -64.519729614257812, -12.241950035095215 ], [ -64.485000610351562, -12.235560417175293 ], [ -64.469161987304688, -12.282500267028809 ], [ -64.498611450195312, -12.364170074462891 ], [ -64.394172668457031, -12.461669921875 ], [ -63.918331146240234, -12.544730186462402 ], [ -63.813610076904297, -12.465000152587891 ], [ -63.678340911865234, -12.469169616699219 ], [ -63.241390228271484, -12.704449653625488 ], [ -63.136669158935547, -12.636110305786133 ], [ -63.070560455322266, -12.652779579162598 ], [ -62.998050689697266, -12.835000038146973 ], [ -62.779170989990234, -13.01084041595459 ], [ -62.693611145019531, -12.966110229492188 ], [ -62.583889007568359, -13.058609962463379 ], [ -62.469440460205078, -13.071109771728516 ], [ -62.394718170166016, -13.141949653625488 ], [ -62.121940612792969, -13.148340225219727 ], [ -62.017219543457031, -13.348609924316406 ], [ -61.874439239501953, -13.45221996307373 ], [ -61.841670989990234, -13.538610458374023 ], [ -61.593891143798828, -13.507229804992676 ], [ -61.529720306396484, -13.54833984375 ], [ -61.449440002441406, -13.546389579772949 ], [ -61.338329315185547, -13.48777961730957 ], [ -61.160549163818359, -13.526949882507324 ], [ -61.067501068115234, -13.473609924316406 ], [ -61.040000915527344, -13.515279769897461 ], [ -60.795009613037109, -13.678609848022461 ], [ -60.482769012451172, -13.79971981048584 ], [ -60.384170532226562, -13.984450340270996 ], [ -60.480831146240234, -14.151390075683594 ], [ -60.4486083984375, -14.296389579772949 ], [ -60.346389770507812, -14.483329772949219 ], [ -60.353889465332031, -14.602219581604004 ], [ -60.432559967041016, -14.818039894104004 ], [ -60.383888244628906, -15.092780113220215 ], [ -60.571670532226562, -15.097499847412109 ], [ -60.227218627929688, -15.478610038757324 ], [ -60.1602783203125, -16.263059616088867 ], [ -58.4405517578125, -16.330009460449219 ], [ -58.386669158935547, -16.276670455932617 ], [ -58.327499389648438, -16.279169082641602 ], [ -58.355548858642578, -16.440549850463867 ], [ -58.347221374511719, -16.505559921264648 ], [ -58.466388702392578, -16.63861083984375 ], [ -58.464450836181641, -16.900279998779297 ], [ -58.398059844970703, -17.248340606689453 ], [ -58.209171295166016, -17.354719161987305 ], [ -57.943889617919922, -17.440299987792969 ], [ -57.739719390869141, -17.595279693603516 ], [ -57.775279998779297, -17.63694953918457 ], [ -57.5655517578125, -18.141389846801758 ], [ -57.458610534667969, -18.204719543457031 ], [ -57.491111755371094, -18.238609313964844 ], [ -57.55194091796875, -18.238889694213867 ], [ -57.772769927978516, -18.909730911254883 ], [ -57.716659545898438, -18.946950912475586 ], [ -57.704719543457031, -19.04833984375 ], [ -57.793891906738281, -19.081119537353516 ], [ -58.121700286865234, -19.740310668945312 ], [ -57.8477783203125, -19.978889465332031 ], [ -58.158168792724609, -20.168859481811523 ], [ -58.151660919189453, -19.828060150146484 ], [ -59.101940155029297, -19.348060607910156 ], [ -59.990840911865234, -19.296670913696289 ], [ -60.613620758056641, -19.459169387817383 ], [ -61.742771148681641, -19.645000457763672 ], [ -61.913059234619141, -20.080009460449219 ], [ -62.269451141357422, -20.562229156494141 ], [ -62.259170532226562, -21.056949615478516 ], [ -62.638660430908203, -22.236629486083984 ], [ -62.789440155029297, -22.122779846191406 ], [ -62.809169769287109, -21.996389389038086 ], [ -63.941108703613281, -22.000839233398438 ], [ -64.115829467773438, -22.342779159545898 ], [ -64.1461181640625, -22.432779312133789 ], [ -64.275283813476562, -22.633890151977539 ], [ -64.32501220703125, -22.873619079589844 ], [ -64.456672668457031, -22.632230758666992 ], [ -64.433319091796875, -22.542779922485352 ], [ -64.56610107421875, -22.36138916015625 ], [ -64.539169311523438, -22.276390075683594 ], [ -64.561943054199219, -22.243610382080078 ], [ -64.670272827148438, -22.171119689941406 ], [ -64.7227783203125, -22.181390762329102 ], [ -64.988601684570312, -22.090839385986328 ], [ -65.76806640625, -22.102230072021484 ], [ -65.9263916015625, -21.933330535888672 ], [ -66.0413818359375, -21.916669845581055 ], [ -66.077499389648438, -21.831949234008789 ], [ -66.231666564941406, -21.787509918212891 ], [ -66.27362060546875, -21.957229614257812 ], [ -66.345550537109375, -22.114450454711914 ], [ -66.7369384765625, -22.227500915527344 ], [ -66.775009155273438, -22.426950454711914 ], [ -67.022781372070312, -22.523899078369141 ], [ -67.01251220703125, -22.642780303955078 ], [ -67.123046875, -22.718059539794922 ], [ -67.183670043945312, -22.821559906005859 ], [ -67.579452514648438, -22.901119232177734 ], [ -67.793327331542969, -22.878059387207031 ], [ -67.876388549804688, -22.828060150146484 ], [ -67.886123657226562, -22.438339233398438 ], [ -67.935821533203125, -22.296119689941406 ], [ -67.922500610351562, -22.241949081420898 ], [ -67.970550537109375, -22.064729690551758 ], [ -68.084442138671875, -21.966949462890625 ], [ -68.105827331542969, -21.742500305175781 ], [ -68.188606262207031, -21.606389999389648 ], [ -68.188606262207031, -21.29694938659668 ], [ -68.421112060546875, -20.939170837402344 ], [ -68.500289916992188, -20.939449310302734 ], [ -68.550827026367188, -20.909450531005859 ], [ -68.567497253417969, -20.742229461669922 ], [ -68.466110229492188, -20.644729614257812 ], [ -68.488601684570312, -20.607780456542969 ], [ -68.684738159179688, -20.509729385375977 ], [ -68.74945068359375, -20.433059692382812 ], [ -68.75750732421875, -20.376110076904297 ], [ -68.668327331542969, -20.327779769897461 ], [ -68.726097106933594, -20.231109619140625 ], [ -68.710281372070312, -20.149169921875 ], [ -68.77471923828125, -20.131669998168945 ], [ -68.786941528320312, -20.103340148925781 ], [ -68.650558471679688, -20.056669235229492 ], [ -68.574447631835938, -20.057510375976562 ], [ -68.541107177734375, -19.844730377197266 ], [ -68.696952819824219, -19.740560531616211 ], [ -68.684951782226562, -19.700839996337891 ], [ -68.480827331542969, -19.444450378417969 ], [ -68.4375, -19.437229156494141 ], [ -68.46221923828125, -19.398889541625977 ], [ -68.740829467773438, -19.177780151367188 ], [ -68.952499389648438, -18.967500686645508 ], [ -68.932769775390625, -18.882780075073242 ], [ -69.000839233398438, -18.743059158325195 ], [ -69.027236938476562, -18.466390609741211 ], [ -69.148063659667969, -18.137779235839844 ], [ -69.07501220703125, -18.077230453491211 ], [ -69.07861328125, -18.018060684204102 ], [ -69.139717102050781, -18.027500152587891 ], [ -69.265556335449219, -17.96360969543457 ], [ -69.303329467773438, -17.963340759277344 ], [ -69.335563659667969, -17.781389236450195 ], [ -69.491378784179688, -17.628889083862305 ], [ -69.501106262207031, -17.378889083862305 ], [ -69.590850830078125, -17.295280456542969 ], [ -69.652496337890625, -17.285839080810547 ], [ -69.618057250976562, -17.186670303344727 ], [ -69.385833740234375, -17.050840377807617 ], [ -69.411117553710938, -17.020559310913086 ], [ -69.343612670898438, -16.982500076293945 ], [ -69.166397094726562, -16.720560073852539 ], [ -69.094467163085938, -16.707229614257812 ], [ -69.00250244140625, -16.644729614257812 ], [ -69.03778076171875, -16.603059768676758 ], [ -69.037513732910156, -16.571390151977539 ], [ -68.990829467773438, -16.419719696044922 ], [ -68.82611083984375, -16.351390838623047 ], [ -68.833633422851562, -16.302499771118164 ], [ -68.958793640136719, -16.215499877929688 ] ] ] } },
{ "type": "Feature", "properties": { }, "geometry": { "type": "MultiPolygon", "coordinates": [ [ [ [ -51.140010833740234, -0.962222278118134 ], [ -51.136951446533203, -0.87583339214325 ], [ -51.077510833740234, -0.703333497047424 ], [ -50.832771301269531, -0.568181812763214 ], [ -50.8094482421875, -0.587500095367432 ], [ -50.820011138916016, -0.689444482326508 ], [ -50.92388916015625, -0.719722270965576 ], [ -51.140010833740234, -0.962222278118134 ] ] ], [ [ [ -48.566951751708984, -27.811119079589844 ], [ -48.501110076904297, -27.428890228271484 ], [ -48.418331146240234, -27.388889312744141 ], [ -48.371959686279297, -27.443609237670898 ], [ -48.521129608154297, -27.792779922485352 ], [ -48.566951751708984, -27.811119079589844 ] ] ], [ [ [ -50.441120147705078, 0.171111106872559 ], [ -50.5211181640625, 0.193888798356056 ], [ -50.536670684814453, 0.226111099123955 ], [ -50.4263916015625, 0.420555502176285 ], [ -50.436389923095703, 0.534999787807465 ], [ -50.370441436767578, 0.619925916194916 ], [ -50.317779541015625, 0.308888792991638 ], [ -50.338340759277344, 0.252222090959549 ], [ -50.441120147705078, 0.171111106872559 ] ] ], [ [ [ -49.993061065673828, -0.073333352804184 ], [ -50.078899383544922, 0.001388889038935 ], [ -50.338340759277344, 0.016944440081716 ], [ -50.400279998779297, 0.113611102104187 ], [ -50.392230987548828, 0.189722195267677 ], [ -49.715839385986328, 0.336388796567917 ], [ -49.634170532226562, 0.280277699232101 ], [ -49.643890380859375, 0.210277706384659 ], [ -49.807498931884766, 0.120555497705936 ], [ -49.917781829833984, -0.036388900130987 ], [ -49.993061065673828, -0.073333352804184 ] ] ], [ [ [ -50.848060607910156, -0.278333395719528 ], [ -51.011119842529297, -0.233888894319534 ], [ -51.021389007568359, -0.176944494247437 ], [ -50.9727783203125, -0.09000001847744 ], [ -50.6138916015625, -0.010555559769273 ], [ -50.557231903076172, -0.062500007450581 ], [ -50.848060607910156, -0.278333395719528 ] ] ], [ [ [ -51.398338317871094, -0.485277891159058 ], [ -51.399440765380859, -0.434722304344177 ], [ -51.308891296386719, -0.37972229719162 ], [ -51.253059387207031, -0.220833405852318 ], [ -51.117698669433594, -0.121969200670719 ], [ -51.091949462890625, -0.260555595159531 ], [ -51.353610992431641, -0.468888998031616 ], [ -51.398338317871094, -0.485277891159058 ] ] ], [ [ [ -51.911949157714844, -1.476667046546936 ], [ -51.945560455322266, -1.456110954284668 ], [ -51.949718475341797, -1.423333048820496 ], [ -51.883899688720703, -1.317222952842712 ], [ -51.888069152832031, -1.186944961547852 ], [ -51.690559387207031, -1.119166970252991 ], [ -51.652500152587891, -1.055556058883667 ], [ -51.665279388427734, -0.900555670261383 ], [ -51.566669464111328, -0.677778005599976 ], [ -51.398338317871094, -0.550277888774872 ], [ -51.196949005126953, -0.531389117240906 ], [ -51.148338317871094, -0.669722378253937 ], [ -51.271671295166016, -1.014166951179504 ], [ -51.675559997558594, -1.373888969421387 ], [ -51.79888916015625, -1.453333020210266 ], [ -51.911949157714844, -1.476667046546936 ] ] ], [ [ [ -50.244998931884766, 0.344722211360931 ], [ -50.301948547363281, 0.351944297552109 ], [ -50.317790985107422, 0.47277769446373 ], [ -50.256950378417969, 0.585833191871643 ], [ -50.071670532226562, 0.650277614593506 ], [ -50.024730682373047, 0.595277488231659 ], [ -50.023059844970703, 0.541944324970245 ], [ -50.244998931884766, 0.344722211360931 ] ] ], [ [ [ -49.694728851318359, -0.156388893723488 ], [ -49.831951141357422, -0.104166701436043 ], [ -49.852790832519531, -0.064444467425346 ], [ -49.591121673583984, 0.081388860940933 ], [ -49.442501068115234, 0.051388870924711 ], [ -49.389450073242188, -0.019444450736046 ], [ -49.381389617919922, -0.06861113011837 ], [ -49.4375, -0.11805559694767 ], [ -49.694728851318359, -0.156388893723488 ] ] ], [ [ [ -50.452510833740234, -1.830834031105042 ], [ -50.627780914306641, -1.763056039810181 ], [ -50.648059844970703, -1.631667017936707 ], [ -50.803611755371094, -1.440556049346924 ], [ -50.792430877685547, -1.108436942100525 ], [ -50.758060455322266, -1.108055949211121 ], [ -50.5594482421875, -1.18416702747345 ], [ -50.623889923095703, -1.129999995231628 ], [ -50.480560302734375, -1.041110992431641 ], [ -50.529460906982422, -1.025833010673523 ], [ -50.642230987548828, -1.092499971389771 ], [ -50.716670989990234, -1.098610997200012 ], [ -50.769180297851562, -1.06694495677948 ], [ -50.795291900634766, -0.98416668176651 ], [ -50.775279998779297, -0.819722414016724 ], [ -50.736110687255859, -0.816389083862305 ], [ -50.7852783203125, -0.705277800559998 ], [ -50.736949920654297, -0.558611214160919 ], [ -50.608619689941406, -0.677222371101379 ], [ -50.542781829833984, -0.682778000831604 ], [ -50.726669311523438, -0.497777789831161 ], [ -50.658058166503906, -0.279166787862778 ], [ -50.565570831298828, -0.179722294211388 ], [ -50.444171905517578, -0.115277796983719 ], [ -50.141941070556641, -0.126944497227669 ], [ -49.519451141357422, -0.243333294987679 ], [ -49.173610687255859, -0.114444397389889 ], [ -49.029449462890625, -0.165277794003487 ], [ -48.396129608154297, -0.271666795015335 ], [ -48.366119384765625, -0.296111196279526 ], [ -48.37445068359375, -0.377777904272079 ], [ -48.459461212158203, -0.511944711208344 ], [ -48.494731903076172, -0.734722375869751 ], [ -48.509449005126953, -0.743055582046509 ], [ -48.568611145019531, -0.691666781902313 ], [ -48.525279998779297, -0.827777981758118 ], [ -48.5372314453125, -0.895833492279053 ], [ -48.660289764404297, -0.998611271381378 ], [ -48.623340606689453, -1.05472195148468 ], [ -48.789459228515625, -1.258888959884644 ], [ -48.825839996337891, -1.406111001968384 ], [ -48.8638916015625, -1.415833950042725 ], [ -48.843341827392578, -1.454167008399963 ], [ -48.952781677246094, -1.52472198009491 ], [ -49.228889465332031, -1.622499942779541 ], [ -49.431110382080078, -1.632223010063171 ], [ -49.471389770507812, -1.61388897895813 ], [ -49.515281677246094, -1.518610954284668 ], [ -49.511119842529297, -1.622499942779541 ], [ -49.5513916015625, -1.696666955947876 ], [ -49.712779998779297, -1.816388964653015 ], [ -49.733348846435547, -1.808333039283752 ], [ -49.745830535888672, -1.639722943305969 ], [ -49.769168853759766, -1.645277976989746 ], [ -49.743610382080078, -1.752778053283691 ], [ -49.764450073242188, -1.795833945274353 ], [ -49.813060760498047, -1.815834045410156 ], [ -50.049728393554688, -1.706943988800049 ], [ -50.174171447753906, -1.77666699886322 ], [ -50.367500305175781, -1.773888945579529 ], [ -50.29888916015625, -1.802222013473511 ], [ -50.303340911865234, -1.817777991294861 ], [ -50.452510833740234, -1.830834031105042 ] ] ], [ [ [ -60.732929229736328, 5.205276012420654 ], [ -60.666950225830078, 5.216664791107178 ], [ -60.4405517578125, 5.176386833190918 ], [ -60.200550079345703, 5.273609161376953 ], [ -60.111419677734375, 5.225905895233154 ], [ -60.05194091796875, 5.134442806243896 ], [ -59.974720001220703, 5.093053817749023 ], [ -60.025829315185547, 4.707221031188965 ], [ -60.1522216796875, 4.573331832885742 ], [ -60.147789001464844, 4.517498016357422 ], [ -59.754718780517578, 4.430275917053223 ], [ -59.676120758056641, 4.38888692855835 ], [ -59.732769012451172, 4.227498054504395 ], [ -59.705280303955078, 4.167220115661621 ], [ -59.635829925537109, 4.146387100219727 ], [ -59.598621368408203, 4.016386985778809 ], [ -59.518890380859375, 3.952498912811279 ], [ -59.76055908203125, 3.628331899642944 ], [ -59.858341217041016, 3.563888072967529 ], [ -59.821388244628906, 3.468054056167603 ], [ -59.859729766845703, 3.286943912506104 ], [ -59.976940155029297, 2.911387920379639 ], [ -59.965278625488281, 2.626666069030762 ], [ -59.8497314453125, 2.330554962158203 ], [ -59.734729766845703, 2.28722095489502 ], [ -59.751949310302734, 1.865277051925659 ], [ -59.631111145019531, 1.846387982368469 ], [ -59.678050994873047, 1.771389007568359 ], [ -59.642780303955078, 1.7311110496521 ], [ -59.531391143798828, 1.7188880443573 ], [ -59.232769012451172, 1.379166007041931 ], [ -58.928340911865234, 1.302777051925659 ], [ -58.865840911865234, 1.20194399356842 ], [ -58.807220458984375, 1.185554981231689 ], [ -58.726390838623047, 1.228610992431641 ], [ -58.695270538330078, 1.286944031715393 ], [ -58.515560150146484, 1.267776966094971 ], [ -58.471111297607422, 1.320554971694946 ], [ -58.503898620605469, 1.450554966926575 ], [ -58.347499847412109, 1.549443960189819 ], [ -58.311939239501953, 1.603332996368408 ], [ -58.252780914306641, 1.56583297252655 ], [ -58.013889312744141, 1.512222051620483 ], [ -57.974720001220703, 1.601387977600098 ], [ -57.980831146240234, 1.656944036483765 ], [ -57.825279235839844, 1.682222008705139 ], [ -57.753620147705078, 1.720554947853088 ], [ -57.564449310302734, 1.698055028915405 ], [ -57.507511138916016, 1.736387968063354 ], [ -57.353061676025391, 1.955554962158203 ], [ -57.303050994873047, 1.981387972831726 ], [ -57.236949920654297, 1.947221994400024 ], [ -57.100559234619141, 2.023888111114502 ], [ -57.067501068115234, 2.010833024978638 ], [ -57.053050994873047, 1.952777028083801 ], [ -56.979160308837891, 1.916388034820557 ], [ -56.670841217041016, 1.913611054420471 ], [ -56.628330230712891, 1.939721941947937 ], [ -56.554721832275391, 1.903332948684692 ], [ -56.470909118652344, 1.944463968276978 ], [ -55.956668853759766, 1.849444031715393 ], [ -55.901660919189453, 1.89722204208374 ], [ -55.901660919189453, 2.045277118682861 ], [ -56.131938934326172, 2.252777099609375 ], [ -56.098049163818359, 2.3438880443573 ], [ -56.037220001220703, 2.349998950958252 ], [ -55.984729766845703, 2.47999906539917 ], [ -55.982769012451172, 2.522499084472656 ], [ -55.947219848632812, 2.531943082809448 ], [ -55.7288818359375, 2.401109933853149 ], [ -55.380001068115234, 2.428055047988892 ], [ -55.330829620361328, 2.511388063430786 ], [ -55.282218933105469, 2.521666049957275 ], [ -55.258899688720703, 2.497220993041992 ], [ -55.150279998779297, 2.57249903678894 ], [ -55.111949920654297, 2.527220964431763 ], [ -54.953891754150391, 2.61611008644104 ], [ -54.972499847412109, 2.554721117019653 ], [ -54.867771148681641, 2.440277099609375 ], [ -54.806659698486328, 2.435554981231689 ], [ -54.759998321533203, 2.471110105514526 ], [ -54.689159393310547, 2.453887939453125 ], [ -54.696659088134766, 2.336944103240967 ], [ -54.678340911865234, 2.321110010147095 ], [ -54.546951293945312, 2.31833291053772 ], [ -54.476940155029297, 2.218333005905151 ], [ -54.249168395996094, 2.146666049957275 ], [ -54.180561065673828, 2.172498941421509 ], [ -54.144168853759766, 2.120553970336914 ], [ -54.104999542236328, 2.113054990768433 ], [ -53.998889923095703, 2.194442987442017 ], [ -53.932498931884766, 2.22472095489502 ], [ -53.932220458984375, 2.271944046020508 ], [ -53.817501068115234, 2.30944299697876 ], [ -53.796669006347656, 2.354166030883789 ], [ -53.745010375976562, 2.37388801574707 ], [ -53.648059844970703, 2.288331985473633 ], [ -53.471660614013672, 2.256665945053101 ], [ -53.3397216796875, 2.352777004241943 ], [ -53.218891143798828, 2.258054971694946 ], [ -53.265010833740234, 2.192498922348022 ], [ -53.118610382080078, 2.222498893737793 ], [ -52.916389465332031, 2.195832014083862 ], [ -52.567501068115234, 2.515554904937744 ], [ -52.445831298828125, 2.863332986831665 ], [ -52.335559844970703, 3.064444065093994 ], [ -52.344158172607422, 3.154165983200073 ], [ -52.103328704833984, 3.444998979568481 ], [ -51.849720001220703, 3.843610048294067 ], [ -51.686389923095703, 4.031846046447754 ], [ -51.565559387207031, 4.237777233123779 ], [ -51.5594482421875, 4.36416482925415 ], [ -51.537509918212891, 4.391387939453125 ], [ -51.324718475341797, 4.224164962768555 ], [ -51.167781829833984, 3.997220993041992 ], [ -51.171951293945312, 3.766109943389893 ], [ -51.141941070556641, 3.865833044052124 ], [ -51.111949920654297, 3.911665916442871 ], [ -51.078609466552734, 3.881109952926636 ], [ -51.0513916015625, 3.258610010147095 ], [ -50.9344482421875, 2.935554981231689 ], [ -50.925289154052734, 2.802777051925659 ], [ -50.877231597900391, 2.782221078872681 ], [ -50.815830230712891, 2.613332986831665 ], [ -50.840000152587891, 2.488054990768433 ], [ -50.795009613037109, 2.496109962463379 ], [ -50.733619689941406, 2.413331985473633 ], [ -50.680000305175781, 2.164721012115479 ], [ -50.706951141357422, 2.137499094009399 ], [ -50.793331146240234, 2.153887987136841 ], [ -50.771389007568359, 2.055831909179688 ], [ -50.748889923095703, 2.04694390296936 ], [ -50.738059997558594, 2.105277061462402 ], [ -50.669719696044922, 2.132498979568481 ], [ -50.596950531005859, 2.095555067062378 ], [ -50.593620300292969, 2.027776956558228 ], [ -50.445278167724609, 1.825832962989807 ], [ -50.056949615478516, 1.787500023841858 ], [ -49.925289154052734, 1.700554966926575 ], [ -49.882511138916016, 1.538887977600098 ], [ -49.900279998779297, 1.314165949821472 ], [ -50.1219482421875, 1.214166045188904 ], [ -50.099449157714844, 1.207221984863281 ], [ -49.921951293945312, 1.251111030578613 ], [ -49.904449462890625, 1.206665992736816 ], [ -49.914730072021484, 1.150277018547058 ], [ -50.131950378417969, 0.945555329322815 ], [ -50.2630615234375, 0.888055324554443 ], [ -50.341670989990234, 0.7366663813591 ], [ -50.640010833740234, 0.336388796567917 ], [ -50.799449920654297, 0.166388794779778 ], [ -50.868900299072266, 0.172499999403954 ], [ -50.965278625488281, 0.132222205400467 ], [ -51.103340148925781, -0.062500007450581 ], [ -51.210559844970703, -0.102222196757793 ], [ -51.297500610351562, -0.19138890504837 ], [ -51.401390075683594, -0.40305569767952 ], [ -51.715000152587891, -0.792222321033478 ], [ -51.709720611572266, -1.016945004463196 ], [ -51.841388702392578, -1.143056035041809 ], [ -51.901679992675781, -1.150555968284607 ], [ -51.935009002685547, -1.192499995231628 ], [ -51.916389465332031, -1.294445037841797 ], [ -51.935009002685547, -1.344444990158081 ], [ -52.050289154052734, -1.419167041778564 ], [ -52.123889923095703, -1.408889055252075 ], [ -52.193611145019531, -1.348610997200012 ], [ -52.232780456542969, -1.345278024673462 ], [ -52.712501525878906, -1.570000052452087 ], [ -52.701389312744141, -1.60277795791626 ], [ -52.277229309082031, -1.536944985389709 ], [ -52.229999542236328, -1.598055958747864 ], [ -52.2388916015625, -1.668612003326416 ], [ -52.140010833740234, -1.621389031410217 ], [ -52.001110076904297, -1.611111044883728 ], [ -51.670280456542969, -1.404723048210144 ], [ -51.445011138916016, -1.3247230052948 ], [ -51.396129608154297, -1.25 ], [ -51.3336181640625, -1.243888974189758 ], [ -50.993061065673828, -0.998611271381378 ], [ -51.000560760498047, -0.930555582046509 ], [ -50.910560607910156, -0.912222385406494 ], [ -50.816951751708984, -0.938889026641846 ], [ -50.802509307861328, -1.181388974189758 ], [ -50.827510833740234, -1.29027795791626 ], [ -50.812778472900391, -1.449445009231567 ], [ -50.676948547363281, -1.64055597782135 ], [ -50.664169311523438, -1.767778038978577 ], [ -50.711811065673828, -1.783171057701111 ], [ -50.778621673583984, -1.88611102104187 ], [ -50.821670532226562, -1.89833402633667 ], [ -50.992500305175781, -1.830000042915344 ], [ -51.133609771728516, -1.818889021873474 ], [ -51.099449157714844, -1.729166984558105 ], [ -51.15972900390625, -1.783889055252075 ], [ -51.235561370849609, -1.732777953147888 ], [ -51.265838623046875, -1.751945018768311 ], [ -51.281391143798828, -1.679167032241821 ], [ -51.337230682373047, -1.646944999694824 ], [ -51.428611755371094, -1.785555958747864 ], [ -51.509449005126953, -1.76361095905304 ], [ -51.549449920654297, -1.809445023536682 ], [ -51.494171142578125, -1.778610944747925 ], [ -51.422229766845703, -1.838055968284607 ], [ -51.518890380859375, -2.030555963516235 ], [ -51.473339080810547, -2.246944904327393 ], [ -51.375751495361328, -2.334216117858887 ], [ -51.454730987548828, -2.244445085525513 ], [ -51.442501068115234, -1.984166979789734 ], [ -51.315570831298828, -1.7688889503479 ], [ -51.156669616699219, -1.868332982063293 ], [ -50.991390228271484, -2.026390075683594 ], [ -51.007228851318359, -2.160000085830688 ], [ -51.045280456542969, -2.246944904327393 ], [ -50.966670989990234, -2.440000057220459 ], [ -50.836940765380859, -2.505834102630615 ], [ -50.955371856689453, -2.385631084442139 ], [ -51.021678924560547, -2.226388931274414 ], [ -50.945838928222656, -2.009444952011108 ], [ -50.841949462890625, -2.022500038146973 ], [ -50.847789764404297, -2.071666955947876 ], [ -50.788890838623047, -2.108612060546875 ], [ -50.823619842529297, -1.962777972221375 ], [ -50.746669769287109, -1.921110987663269 ], [ -50.671951293945312, -1.986111044883728 ], [ -50.714729309082031, -1.866389036178589 ], [ -50.679550170898438, -1.810050964355469 ], [ -50.61138916015625, -1.834167003631592 ], [ -50.614448547363281, -1.789723038673401 ], [ -50.404720306396484, -1.8938889503479 ], [ -50.471401214599609, -1.928056001663208 ], [ -50.452510833740234, -1.949445009231567 ], [ -50.362228393554688, -1.946666955947876 ], [ -50.256401062011719, -1.880277991294861 ], [ -50.166389465332031, -1.933611035346985 ], [ -50.155559539794922, -1.861667037010193 ], [ -49.992500305175781, -1.820000052452087 ], [ -49.875560760498047, -1.878056049346924 ], [ -49.852779388427734, -2.013056039810181 ], [ -49.886119842529297, -2.080833911895752 ], [ -49.814998626708984, -2.101944923400879 ], [ -49.844169616699219, -1.909721970558167 ], [ -49.616950988769531, -1.868612051010132 ], [ -49.4969482421875, -1.778056025505066 ], [ -49.313899993896484, -1.711666941642761 ], [ -49.277229309082031, -1.766389012336731 ], [ -49.420841217041016, -2.039722919464111 ], [ -49.42388916015625, -2.127501010894775 ], [ -49.506111145019531, -2.257499933242798 ], [ -49.4747314453125, -2.480834007263184 ], [ -49.507579803466797, -2.546571016311646 ], [ -49.451961517333984, -2.518333911895752 ], [ -49.293060302734375, -2.085000991821289 ], [ -49.169731140136719, -1.878056049346924 ], [ -48.960559844970703, -1.833611011505127 ], [ -48.697238922119141, -1.469166994094849 ], [ -48.646389007568359, -1.500833988189697 ], [ -48.599720001220703, -1.463611006736755 ], [ -48.537509918212891, -1.586388945579529 ], [ -48.440570831298828, -1.6438889503479 ], [ -48.424999237060547, -1.634166955947876 ], [ -48.482219696044922, -1.515833973884583 ], [ -48.463619232177734, -1.497223019599915 ], [ -48.382511138916016, -1.503612041473389 ], [ -48.189731597900391, -1.463611006736755 ], [ -48.255001068115234, -1.445834040641785 ], [ -48.480289459228516, -1.47527801990509 ], [ -48.503070831298828, -1.458333015441895 ], [ -48.486949920654297, -1.310834050178528 ], [ -48.454170227050781, -1.286388993263245 ], [ -48.400279998779297, -1.312222003936768 ], [ -48.331668853759766, -1.308333992958069 ], [ -48.277229309082031, -1.110278010368347 ], [ -48.317501068115234, -0.999166786670685 ], [ -48.280841827392578, -0.92944461107254 ], [ -48.205009460449219, -0.850000023841858 ], [ -48.150001525878906, -0.866388976573944 ], [ -48.143890380859375, -0.784722328186035 ], [ -48.029170989990234, -0.700555682182312 ], [ -47.956951141357422, -0.775277972221375 ], [ -47.781398773193359, -0.645000219345093 ], [ -47.740009307861328, -0.639444589614868 ], [ -47.711940765380859, -0.693611323833466 ], [ -47.738059997558594, -0.758055627346039 ], [ -47.664459228515625, -0.736111223697662 ], [ -47.5836181640625, -0.634166717529297 ], [ -47.528339385986328, -0.649722516536713 ], [ -47.491111755371094, -0.768889009952545 ], [ -47.385288238525391, -0.772499978542328 ], [ -47.432510375976562, -0.723055720329285 ], [ -47.457790374755859, -0.590833485126495 ], [ -47.403621673583984, -0.594166874885559 ], [ -47.408351898193359, -0.681388974189758 ], [ -47.363899230957031, -0.683333516120911 ], [ -47.347511291503906, -0.612777888774872 ], [ -47.280010223388672, -0.600555777549744 ], [ -47.272789001464844, -0.649166703224182 ], [ -47.246120452880859, -0.627777814865112 ], [ -47.196678161621094, -0.65583348274231 ], [ -47.210559844970703, -0.699722409248352 ], [ -47.154449462890625, -0.721666693687439 ], [ -47.193061828613281, -0.765555620193481 ], [ -47.133060455322266, -0.793055713176727 ], [ -47.105838775634766, -0.681389093399048 ], [ -47.072780609130859, -0.683333516120911 ], [ -47.055011749267578, -0.825277805328369 ], [ -46.954730987548828, -0.704444587230682 ], [ -46.926399230957031, -0.843611121177673 ], [ -46.819171905517578, -0.726666688919067 ], [ -46.779170989990234, -0.899166822433472 ], [ -46.753890991210938, -0.825833380222321 ], [ -46.712791442871094, -0.881944477558136 ], [ -46.686389923095703, -0.831944584846497 ], [ -46.616950988769531, -0.842222511768341 ], [ -46.61083984375, -0.932222425937653 ], [ -46.645839691162109, -0.949166893959045 ], [ -46.665561676025391, -0.926666915416718 ], [ -46.690570831298828, -0.966389119625092 ], [ -46.651119232177734, -0.981388986110687 ], [ -46.584720611572266, -0.951944589614868 ], [ -46.570011138916016, -0.971944570541382 ], [ -46.591960906982422, -1.015833973884583 ], [ -46.525291442871094, -1.030833959579468 ], [ -46.353900909423828, -0.991111218929291 ], [ -46.354171752929688, -1.083333969116211 ], [ -46.323890686035156, -1.025833964347839 ], [ -46.307231903076172, -1.093888998031616 ], [ -46.261959075927734, -0.988889098167419 ], [ -46.230831146240234, -0.973055720329285 ], [ -46.2388916015625, -0.921111285686493 ], [ -46.172229766845703, -0.915555596351624 ], [ -46.170280456542969, -0.949166774749756 ], [ -46.259731292724609, -1.183611035346985 ], [ -46.165279388427734, -1.146389007568359 ], [ -46.094730377197266, -1.077222943305969 ], [ -46.063339233398438, -1.145277976989746 ], [ -46.097499847412109, -1.200000047683716 ], [ -46.073619842529297, -1.206110954284668 ], [ -46.002391815185547, -1.111163973808289 ], [ -45.960559844970703, -1.108332991600037 ], [ -45.998619079589844, -1.165833950042725 ], [ -45.938899993896484, -1.247778058052063 ], [ -45.911670684814453, -1.161110997200012 ], [ -45.886398315429688, -1.153888940811157 ], [ -45.895839691162109, -1.258888959884644 ], [ -45.828350067138672, -1.215278029441833 ], [ -45.837791442871094, -1.304723024368286 ], [ -45.811111450195312, -1.326112031936646 ], [ -45.717231750488281, -1.127500057220459 ], [ -45.694728851318359, -1.148056030273438 ], [ -45.735008239746094, -1.250555992126465 ], [ -45.684169769287109, -1.371945023536682 ], [ -45.6239013671875, -1.365000009536743 ], [ -45.611949920654297, -1.274445056915283 ], [ -45.534450531005859, -1.274445056915283 ], [ -45.507511138916016, -1.400277972221375 ], [ -45.474720001220703, -1.32361102104187 ], [ -45.406398773193359, -1.296388983726501 ], [ -45.509170532226562, -1.468055963516235 ], [ -45.483348846435547, -1.501667022705078 ], [ -45.451400756835938, -1.45972204208374 ], [ -45.422508239746094, -1.460556030273438 ], [ -45.343898773193359, -1.30916702747345 ], [ -45.310840606689453, -1.337777972221375 ], [ -45.299999237060547, -1.420833945274353 ], [ -45.353900909423828, -1.482777953147888 ], [ -45.383338928222656, -1.549445033073425 ], [ -45.338619232177734, -1.566110968589783 ], [ -45.363620758056641, -1.72194504737854 ], [ -45.315559387207031, -1.743332982063293 ], [ -45.218898773193359, -1.679445028305054 ], [ -45.252788543701172, -1.618056058883667 ], [ -45.241119384765625, -1.566388964653015 ], [ -45.150279998779297, -1.478888988494873 ], [ -45.133350372314453, -1.508334040641785 ], [ -45.061389923095703, -1.435278058052063 ], [ -44.974170684814453, -1.579722046852112 ], [ -44.875289916992188, -1.436388969421387 ], [ -44.8497314453125, -1.485834002494812 ], [ -44.932510375976562, -1.623610973358154 ], [ -44.929450988769531, -1.657778024673462 ], [ -44.887218475341797, -1.605000019073486 ], [ -44.831119537353516, -1.641111016273499 ], [ -44.839179992675781, -1.575834035873413 ], [ -44.817501068115234, -1.581944942474365 ], [ -44.805839538574219, -1.659723043441772 ], [ -44.766670227050781, -1.708611011505127 ], [ -44.70806884765625, -1.735834002494812 ], [ -44.809181213378906, -1.817499995231628 ], [ -44.664451599121094, -1.802222013473511 ], [ -44.652229309082031, -1.722499966621399 ], [ -44.5997314453125, -1.747499942779541 ], [ -44.658889770507812, -1.844166994094849 ], [ -44.543338775634766, -1.841667056083679 ], [ -44.592231750488281, -1.902222037315369 ], [ -44.509738922119141, -1.912500023841858 ], [ -44.494998931884766, -2.007222890853882 ], [ -44.548618316650391, -2.030277967453003 ], [ -44.497230529785156, -2.050277948379517 ], [ -44.555561065673828, -2.087778091430664 ], [ -44.603340148925781, -2.183612108230591 ], [ -44.735008239746094, -2.265000104904175 ], [ -44.658351898193359, -2.29555606842041 ], [ -44.708629608154297, -2.368056058883667 ], [ -44.710289001464844, -2.406389951705933 ], [ -44.622509002685547, -2.267777919769287 ], [ -44.485008239746094, -2.144722938537598 ], [ -44.416679382324219, -2.16722297668457 ], [ -44.360008239746094, -2.338890075683594 ], [ -44.385009765625, -2.405833959579468 ], [ -44.508609771728516, -2.387778043746948 ], [ -44.4989013671875, -2.42166805267334 ], [ -44.657508850097656, -2.609999895095825 ], [ -44.5614013671875, -2.536389112472534 ], [ -44.543331146240234, -2.55472207069397 ], [ -44.628059387207031, -2.696666955947876 ], [ -44.645290374755859, -2.838056087493896 ], [ -44.682510375976562, -2.912499904632568 ], [ -44.685569763183594, -3.01111102104187 ], [ -44.6239013671875, -3.034167051315308 ], [ -44.631118774414062, -3.06777811050415 ], [ -44.789459228515625, -3.208055973052979 ], [ -44.781951904296875, -3.265278100967407 ], [ -44.750011444091797, -3.296667098999023 ], [ -44.761398315429688, -3.227499961853027 ], [ -44.640010833740234, -3.168334007263184 ], [ -44.417789459228516, -2.919167041778564 ], [ -44.362228393554688, -2.547779083251953 ], [ -44.304180145263672, -2.528889894485474 ], [ -44.105571746826172, -2.413611888885498 ], [ -44.0372314453125, -2.406666994094849 ], [ -44.030849456787109, -2.443056106567383 ], [ -44.099170684814453, -2.456944942474365 ], [ -44.053340911865234, -2.49666690826416 ], [ -44.136119842529297, -2.671667098999023 ], [ -44.191959381103516, -2.696110963821411 ], [ -44.211948394775391, -2.669445037841797 ], [ -44.319450378417969, -2.780000925064087 ], [ -44.287509918212891, -2.806389093399048 ], [ -44.18389892578125, -2.764167070388794 ], [ -44.183620452880859, -2.82805609703064 ], [ -44.089740753173828, -2.763612031936646 ], [ -43.917510986328125, -2.552778959274292 ], [ -43.874179840087891, -2.636111974716187 ], [ -43.855571746826172, -2.566668033599854 ], [ -43.722789764404297, -2.478055953979492 ], [ -43.698070526123047, -2.559721946716309 ], [ -43.6622314453125, -2.51805591583252 ], [ -43.550571441650391, -2.533611059188843 ], [ -43.533069610595703, -2.47194504737854 ], [ -43.482791900634766, -2.550000905990601 ], [ -43.456680297851562, -2.482778072357178 ], [ -43.418331146240234, -2.492223024368286 ], [ -43.482791900634766, -2.404722929000854 ], [ -43.470008850097656, -2.373611927032471 ], [ -43.318901062011719, -2.368056058883667 ], [ -42.865840911865234, -2.50639009475708 ], [ -42.39862060546875, -2.755556106567383 ], [ -42.279731750488281, -2.752501010894775 ], [ -42.256950378417969, -2.769444942474365 ], [ -42.265010833740234, -2.815834045410156 ], [ -42.202510833740234, -2.805833101272583 ], [ -41.946670532226562, -2.842222929000854 ], [ -41.935569763183594, -2.782222032546997 ], [ -42.010570526123047, -2.738611936569214 ], [ -41.852230072021484, -2.732223033905029 ], [ -41.601959228515625, -2.9061119556427 ], [ -41.424179077148438, -2.903889894485474 ], [ -41.329730987548828, -2.931390047073364 ], [ -41.236679077148438, -3.021389007568359 ], [ -41.240291595458984, -2.969722986221313 ], [ -41.295291900634766, -2.906944990158081 ], [ -40.849170684814453, -2.858334064483643 ], [ -40.830570220947266, -2.886111974716187 ], [ -40.503070831298828, -2.799166917800903 ], [ -39.992229461669922, -2.848611116409302 ], [ -39.822788238525391, -2.96083402633667 ], [ -39.692230224609375, -3.017499923706055 ], [ -39.472789764404297, -3.156666994094849 ], [ -39.357791900634766, -3.184721946716309 ], [ -39.078060150146484, -3.381668090820312 ], [ -39.007228851318359, -3.383611917495728 ], [ -38.750850677490234, -3.610279083251953 ], [ -38.514728546142578, -3.722500085830688 ], [ -37.889461517333984, -4.356667995452881 ], [ -37.760841369628906, -4.403891086578369 ], [ -37.704730987548828, -4.532501220703125 ], [ -37.549449920654297, -4.639723777770996 ], [ -37.489730834960938, -4.628056049346924 ], [ -37.279460906982422, -4.736668109893799 ], [ -37.217231750488281, -4.872222900390625 ], [ -37.156120300292969, -4.928055763244629 ], [ -36.938350677490234, -4.934723854064941 ], [ -36.833629608154297, -5.002501010894775 ], [ -36.544460296630859, -5.134446144104004 ], [ -36.525848388671875, -5.108613014221191 ], [ -36.161670684814453, -5.099167823791504 ], [ -35.997608184814453, -5.052705764770508 ], [ -35.604740142822266, -5.110835075378418 ], [ -35.465290069580078, -5.179999828338623 ], [ -35.262229919433594, -5.484724044799805 ], [ -35.162509918212891, -5.874167919158936 ], [ -35.105289459228516, -5.981112003326416 ], [ -35.115570068359375, -6.165832996368408 ], [ -35.147789001464844, -6.227222919464111 ], [ -35.087791442871094, -6.19916820526123 ], [ -35.0372314453125, -6.243610858917236 ], [ -34.9122314453125, -6.880001068115234 ], [ -34.858348846435547, -6.919445037841797 ], [ -34.835559844970703, -6.993610858917236 ], [ -34.799449920654297, -7.336390018463135 ], [ -34.833629608154297, -7.561111927032471 ], [ -34.803058624267578, -7.641389846801758 ], [ -34.843898773193359, -7.654167175292969 ], [ -34.890010833740234, -7.815279006958008 ], [ -34.845008850097656, -7.835556983947754 ], [ -34.815570831298828, -7.91500186920166 ], [ -34.856121063232422, -8.073614120483398 ], [ -34.926681518554688, -8.038335800170898 ], [ -34.883350372314453, -8.123891830444336 ], [ -35.150291442871094, -8.916112899780273 ], [ -35.299179077148438, -9.187501907348633 ], [ -35.433620452880859, -9.328336715698242 ], [ -35.713901519775391, -9.6844482421875 ], [ -35.786399841308594, -9.589723587036133 ], [ -35.811119079589844, -9.600000381469727 ], [ -35.799449920654297, -9.689725875854492 ], [ -35.870010375976562, -9.733057022094727 ], [ -35.913070678710938, -9.615556716918945 ], [ -35.958900451660156, -9.622224807739258 ], [ -35.869449615478516, -9.764169692993164 ], [ -35.977230072021484, -9.976669311523438 ], [ -36.220851898193359, -10.219719886779785 ], [ -36.393619537353516, -10.492500305175781 ], [ -36.858608245849609, -10.739170074462891 ], [ -37.008350372314453, -10.92278003692627 ], [ -37.039180755615234, -10.916950225830078 ], [ -37.008899688720703, -10.81056022644043 ], [ -37.087791442871094, -10.733889579772949 ], [ -37.154170989990234, -10.770279884338379 ], [ -37.040569305419922, -10.837499618530273 ], [ -37.053340911865234, -10.949170112609863 ], [ -37.166950225830078, -11.099169731140137 ], [ -37.207511901855469, -11.037229537963867 ], [ -37.279170989990234, -11.025279998779297 ], [ -37.260570526123047, -11.072230339050293 ], [ -37.230838775634766, -11.071669578552246 ], [ -37.151401519775391, -11.191949844360352 ], [ -37.207511901855469, -11.219449996948242 ], [ -37.330009460449219, -11.427229881286621 ], [ -37.386119842529297, -11.427780151367188 ], [ -37.390010833740234, -11.383339881896973 ], [ -37.274730682373047, -11.249719619750977 ], [ -37.347789764404297, -11.187780380249023 ], [ -37.392230987548828, -11.355839729309082 ], [ -37.429729461669922, -11.404999732971191 ], [ -37.446121215820312, -11.361949920654297 ], [ -37.455280303955078, -11.408340454101562 ], [ -37.393341064453125, -11.440560340881348 ], [ -37.414459228515625, -11.484169960021973 ], [ -37.392230987548828, -11.493060111999512 ], [ -37.680290222167969, -12.08611011505127 ], [ -37.95806884765625, -12.48861026763916 ], [ -38.257228851318359, -12.869170188903809 ], [ -38.482509613037109, -13.019450187683105 ], [ -38.538619995117188, -13.011670112609863 ], [ -38.480289459228516, -12.840559959411621 ], [ -38.535289764404297, -12.731949806213379 ], [ -38.695850372314453, -12.609450340270996 ], [ -38.810009002685547, -12.845000267028809 ], [ -38.855571746826172, -12.822779655456543 ], [ -38.877239227294922, -12.693610191345215 ], [ -38.920570373535156, -12.740280151367188 ], [ -38.830009460449219, -12.866390228271484 ], [ -38.738071441650391, -12.868060111999512 ], [ -38.766399383544922, -12.992230415344238 ], [ -38.865840911865234, -13.059169769287109 ], [ -38.900009155273438, -13.118339538574219 ], [ -38.809181213378906, -13.156109809875488 ], [ -38.947238922119141, -13.254170417785645 ], [ -38.962501525878906, -13.380000114440918 ], [ -39.047508239746094, -13.339449882507324 ], [ -39.087509155273438, -13.566949844360352 ], [ -39.04779052734375, -13.483329772949219 ], [ -39.005008697509766, -13.50944995880127 ], [ -38.988071441650391, -13.841110229492188 ], [ -39.027240753173828, -13.819999694824219 ], [ -39.055850982666016, -13.753060340881348 ], [ -39.136398315429688, -13.714170455932617 ], [ -39.148059844970703, -13.74806022644043 ], [ -38.991401672363281, -13.856949806213379 ], [ -39.017230987548828, -13.892780303955078 ], [ -39.069461822509766, -13.870559692382812 ], [ -39.060009002685547, -13.945560455322266 ], [ -38.988338470458984, -13.985560417175293 ], [ -38.987789154052734, -14.07334041595459 ], [ -39.071678161621094, -14.088890075683594 ], [ -39.057510375976562, -14.115280151367188 ], [ -38.958629608154297, -14.065560340881348 ], [ -38.9747314453125, -13.94888973236084 ], [ -38.941398620605469, -13.88778018951416 ], [ -38.920570373535156, -13.915559768676758 ], [ -38.929458618164062, -14.044730186462402 ], [ -39.036670684814453, -14.556110382080078 ], [ -38.943901062011719, -15.604169845581055 ], [ -38.869449615478516, -15.833889961242676 ], [ -39.075569152832031, -16.550289154052734 ], [ -39.172500610351562, -17.077510833740234 ], [ -39.194461822509766, -17.545280456542969 ], [ -39.132228851318359, -17.689449310302734 ], [ -39.195560455322266, -17.760839462280273 ], [ -39.444728851318359, -17.942230224609375 ], [ -39.649181365966797, -18.239170074462891 ], [ -39.748340606689453, -18.705280303955078 ], [ -39.705829620361328, -19.429170608520508 ], [ -39.809459686279297, -19.643619537353516 ], [ -40.01055908203125, -19.744729995727539 ], [ -40.093898773193359, -19.925559997558594 ], [ -40.152229309082031, -19.953899383544922 ], [ -40.169448852539062, -20.123889923095703 ], [ -40.241958618164062, -20.285280227661133 ], [ -40.299449920654297, -20.234170913696289 ], [ -40.369178771972656, -20.23444938659668 ], [ -40.365840911865234, -20.317779541015625 ], [ -40.261680603027344, -20.328060150146484 ], [ -40.329730987548828, -20.453340530395508 ], [ -40.630008697509766, -20.833339691162109 ], [ -40.655288696289062, -20.811119079589844 ], [ -40.766681671142578, -20.859170913696289 ], [ -40.849170684814453, -21.098339080810547 ], [ -40.945850372314453, -21.208890914916992 ], [ -40.961681365966797, -21.301399230957031 ], [ -41.058059692382812, -21.485279083251953 ], [ -41.0594482421875, -21.543619155883789 ], [ -41.010009765625, -21.615009307861328 ], [ -40.971950531005859, -21.988059997558594 ], [ -41.020561218261719, -22.033889770507812 ], [ -41.258350372314453, -22.145559310913086 ], [ -41.698898315429688, -22.301120758056641 ], [ -41.992778778076172, -22.576950073242188 ], [ -41.985000610351562, -22.723060607910156 ], [ -41.916400909423828, -22.781389236450195 ], [ -42.033351898193359, -22.905839920043945 ], [ -42.023059844970703, -22.94944953918457 ], [ -42.414459228515625, -22.941669464111328 ], [ -43.041950225830078, -22.974170684814453 ], [ -43.127498626708984, -22.924169540405273 ], [ -43.019180297851562, -22.681669235229492 ], [ -43.075839996337891, -22.668340682983398 ], [ -43.265010833740234, -22.744449615478516 ], [ -43.269451141357422, -22.78611946105957 ], [ -43.147781372070312, -22.958339691162109 ], [ -43.187778472900391, -22.984170913696289 ], [ -44.004180908203125, -23.101949691772461 ], [ -44.002780914306641, -23.059450149536133 ], [ -43.9727783203125, -23.038339614868164 ], [ -43.793331146240234, -23.055000305175781 ], [ -43.606121063232422, -23.013889312744141 ], [ -43.881950378417969, -22.901670455932617 ], [ -44.0372314453125, -22.979730606079102 ], [ -44.050830841064453, -22.934999465942383 ], [ -44.090839385986328, -23.004449844360352 ], [ -44.192230224609375, -23.051120758056641 ], [ -44.241390228271484, -22.997779846191406 ], [ -44.357509613037109, -22.991109848022461 ], [ -44.305850982666016, -22.953620910644531 ], [ -44.331951141357422, -22.919729232788086 ], [ -44.3739013671875, -22.95973014831543 ], [ -44.413619995117188, -22.938339233398438 ], [ -44.441951751708984, -23.011119842529297 ], [ -44.651950836181641, -23.044450759887695 ], [ -44.686389923095703, -23.068609237670898 ], [ -44.708629608154297, -23.224729537963867 ], [ -44.660568237304688, -23.217229843139648 ], [ -44.682498931884766, -23.248340606689453 ], [ -44.557498931884766, -23.231950759887695 ], [ -44.565570831298828, -23.265279769897461 ], [ -44.529170989990234, -23.26194953918457 ], [ -44.504169464111328, -23.298059463500977 ], [ -44.783340454101562, -23.378330230712891 ], [ -44.907779693603516, -23.340280532836914 ], [ -44.986949920654297, -23.406949996948242 ], [ -45.045841217041016, -23.414169311523438 ], [ -45.017780303955078, -23.466669082641602 ], [ -45.210559844970703, -23.529729843139648 ], [ -45.210559844970703, -23.581390380859375 ], [ -45.293621063232422, -23.571399688720703 ], [ -45.428340911865234, -23.648340225219727 ], [ -45.398609161376953, -23.736669540405273 ], [ -45.408889770507812, -23.825559616088867 ], [ -45.506950378417969, -23.843339920043945 ], [ -45.556121826171875, -23.797500610351562 ], [ -45.780288696289062, -23.771120071411133 ], [ -46.053611755371094, -23.824729919433594 ], [ -46.130001068115234, -23.866670608520508 ], [ -46.135841369628906, -23.901119232177734 ], [ -46.279720306396484, -24.025840759277344 ], [ -46.315280914306641, -24.011669158935547 ], [ -46.273059844970703, -23.989719390869141 ], [ -46.305850982666016, -23.917779922485352 ], [ -46.382778167724609, -23.868339538574219 ], [ -46.446670532226562, -23.947229385375977 ], [ -46.371959686279297, -23.989450454711914 ], [ -46.378341674804688, -24.031669616699219 ], [ -46.4364013671875, -24.021390914916992 ], [ -46.841949462890625, -24.221670150756836 ], [ -46.9888916015625, -24.323610305786133 ], [ -46.998340606689453, -24.410560607910156 ], [ -47.214740753173828, -24.563060760498047 ], [ -47.461948394775391, -24.680559158325195 ], [ -47.798061370849609, -24.873340606689453 ], [ -47.930561065673828, -25.042219161987305 ], [ -47.962108612060547, -25.052089691162109 ], [ -48.026401519775391, -25.015010833740234 ], [ -48.045558929443359, -25.062780380249023 ], [ -47.890560150146484, -25.059730529785156 ], [ -47.895278930664062, -25.103620529174805 ], [ -47.972789764404297, -25.215839385986328 ], [ -48.002998352050781, -25.215690612792969 ], [ -48.172779083251953, -25.377229690551758 ], [ -48.2086181640625, -25.461669921875 ], [ -48.248069763183594, -25.451950073242188 ], [ -48.245288848876953, -25.414449691772461 ], [ -48.167789459228516, -25.302219390869141 ], [ -48.281398773193359, -25.330009460449219 ], [ -48.328060150146484, -25.359729766845703 ], [ -48.333339691162109, -25.233619689941406 ], [ -48.376110076904297, -25.306400299072266 ], [ -48.433620452880859, -25.245010375976562 ], [ -48.430561065673828, -25.323890686035156 ], [ -48.496391296386719, -25.332500457763672 ], [ -48.412220001220703, -25.421390533447266 ], [ -48.430561065673828, -25.439170837402344 ], [ -48.566669464111328, -25.465280532836914 ], [ -48.696109771728516, -25.41139030456543 ], [ -48.746120452880859, -25.361120223999023 ], [ -48.682231903076172, -25.480279922485352 ], [ -48.730560302734375, -25.477230072021484 ], [ -48.649169921875, -25.521390914916992 ], [ -48.378620147705078, -25.551120758056641 ], [ -48.365558624267578, -25.586669921875 ], [ -48.583339691162109, -25.860000610351562 ], [ -48.726680755615234, -25.851669311523438 ], [ -48.768619537353516, -25.890279769897461 ], [ -48.555561065673828, -25.87360954284668 ], [ -48.581951141357422, -26.180000305175781 ], [ -48.686679840087891, -26.242780685424805 ], [ -48.756961822509766, -26.202779769897461 ], [ -48.776390075683594, -26.275009155273438 ], [ -48.608058929443359, -26.438619613647461 ], [ -48.637790679931641, -26.501110076904297 ], [ -48.6844482421875, -26.686670303344727 ], [ -48.668338775634766, -26.745010375976562 ], [ -48.575839996337891, -26.780279159545898 ], [ -48.630001068115234, -26.889450073242188 ], [ -48.5755615234375, -27.042219161987305 ], [ -48.6138916015625, -27.106119155883789 ], [ -48.573619842529297, -27.164449691772461 ], [ -48.512229919433594, -27.121669769287109 ], [ -48.476951599121094, -27.164169311523438 ], [ -48.505001068115234, -27.221670150756836 ], [ -48.551120758056641, -27.190010070800781 ], [ -48.622791290283203, -27.242229461669922 ], [ -48.610000610351562, -27.305839538574219 ], [ -48.555011749267578, -27.343059539794922 ], [ -48.649181365966797, -27.484170913696289 ], [ -48.573890686035156, -27.593339920043945 ], [ -48.641941070556641, -27.658889770507812 ], [ -48.572498321533203, -27.833620071411133 ], [ -48.621669769287109, -27.986120223999023 ], [ -48.598628997802734, -28.045280456542969 ], [ -48.7469482421875, -28.43695068359375 ], [ -48.781108856201172, -28.489450454711914 ], [ -48.809719085693359, -28.439729690551758 ], [ -48.791400909423828, -28.380279541015625 ], [ -48.834449768066406, -28.33612060546875 ], [ -48.8719482421875, -28.345560073852539 ], [ -48.857780456542969, -28.478620529174805 ], [ -48.775001525878906, -28.52223014831543 ], [ -49.121120452880859, -28.768339157104492 ], [ -49.412220001220703, -29.000560760498047 ], [ -49.755561828613281, -29.373889923095703 ], [ -49.976951599121094, -29.719730377197266 ], [ -50.380290985107422, -30.568059921264648 ], [ -50.6763916015625, -30.991390228271484 ], [ -51.0211181640625, -31.36223030090332 ], [ -51.426670074462891, -31.691120147705078 ], [ -51.900558471679688, -31.95973014831543 ], [ -52.067218780517578, -32.173900604248047 ], [ -52.080829620361328, -32.135570526123047 ], [ -52.015010833740234, -31.947780609130859 ], [ -52.089729309082031, -31.827779769897461 ], [ -52.057231903076172, -31.814449310302734 ], [ -51.988899230957031, -31.826950073242188 ], [ -51.904449462890625, -31.879730224609375 ], [ -51.852230072021484, -31.870559692382812 ], [ -51.811111450195312, -31.829729080200195 ], [ -51.835559844970703, -31.802780151367188 ], [ -51.702220916748047, -31.798059463500977 ], [ -51.643890380859375, -31.75861930847168 ], [ -51.464729309082031, -31.566389083862305 ], [ -51.424449920654297, -31.490560531616211 ], [ -51.377231597900391, -31.528900146484375 ], [ -51.305561065673828, -31.508899688720703 ], [ -51.185840606689453, -31.382780075073242 ], [ -51.171390533447266, -31.141120910644531 ], [ -51.148609161376953, -31.069450378417969 ], [ -51.006671905517578, -31.062780380249023 ], [ -51.010280609130859, -31.099170684814453 ], [ -50.978610992431641, -31.136390686035156 ], [ -50.938339233398438, -31.082229614257812 ], [ -50.989719390869141, -31.048059463500977 ], [ -50.960838317871094, -30.97528076171875 ], [ -50.976108551025391, -30.892509460449219 ], [ -50.907501220703125, -30.895559310913086 ], [ -50.734729766845703, -30.797779083251953 ], [ -50.695838928222656, -30.727230072021484 ], [ -50.675559997558594, -30.580560684204102 ], [ -50.726390838623047, -30.365009307861328 ], [ -50.678901672363281, -30.360000610351562 ], [ -50.651390075683594, -30.438339233398438 ], [ -50.600841522216797, -30.483339309692383 ], [ -50.567501068115234, -30.457229614257812 ], [ -50.538890838623047, -30.319730758666992 ], [ -50.551670074462891, -30.251399993896484 ], [ -50.641681671142578, -30.187780380249023 ], [ -50.683059692382812, -30.232780456542969 ], [ -50.652778625488281, -30.254730224609375 ], [ -50.673351287841797, -30.292779922485352 ], [ -50.741390228271484, -30.292779922485352 ], [ -50.806110382080078, -30.328899383544922 ], [ -50.855831146240234, -30.316120147705078 ], [ -50.924449920654297, -30.335840225219727 ], [ -50.922500610351562, -30.439449310302734 ], [ -51.039169311523438, -30.381109237670898 ], [ -51.009449005126953, -30.290559768676758 ], [ -51.031108856201172, -30.261119842529297 ], [ -51.237228393554688, -30.190559387207031 ], [ -51.216670989990234, -30.148340225219727 ], [ -51.2852783203125, -30.014169692993164 ], [ -51.325839996337891, -30.223060607910156 ], [ -51.166671752929688, -30.372230529785156 ], [ -51.106670379638672, -30.342229843139648 ], [ -51.085010528564453, -30.355279922485352 ], [ -51.106121063232422, -30.398059844970703 ], [ -51.202510833740234, -30.400279998779297 ], [ -51.244998931884766, -30.453340530395508 ], [ -51.294719696044922, -30.621120452880859 ], [ -51.266109466552734, -30.757780075073242 ], [ -51.278888702392578, -30.803060531616211 ], [ -51.310840606689453, -30.782230377197266 ], [ -51.289451599121094, -30.750280380249023 ], [ -51.332500457763672, -30.631669998168945 ], [ -51.3719482421875, -30.645000457763672 ], [ -51.386390686035156, -30.674169540405273 ], [ -51.36138916015625, -30.890840530395508 ], [ -51.456668853759766, -30.891399383544922 ], [ -51.478889465332031, -30.928060531616211 ], [ -51.479171752929688, -31.04694938659668 ], [ -51.445278167724609, -31.083620071411133 ], [ -51.532230377197266, -31.103889465332031 ], [ -51.63555908203125, -31.158620834350586 ], [ -51.646671295166016, -31.26055908203125 ], [ -51.921669006347656, -31.308620452880859 ], [ -51.9969482421875, -31.414730072021484 ], [ -51.999168395996094, -31.61138916015625 ], [ -52.021671295166016, -31.640840530395508 ], [ -52.039451599121094, -31.564729690551758 ], [ -52.090000152587891, -31.565830230712891 ], [ -52.093059539794922, -31.607509613037109 ], [ -52.038890838623047, -31.621120452880859 ], [ -52.074718475341797, -31.681669235229492 ], [ -52.221401214599609, -31.746950149536133 ], [ -52.238620758056641, -31.881950378417969 ], [ -52.136390686035156, -31.921670913696289 ], [ -52.1380615234375, -31.941669464111328 ], [ -52.239170074462891, -31.969169616699219 ], [ -52.255001068115234, -32.055290222167969 ], [ -52.199169158935547, -32.08612060546875 ], [ -52.129169464111328, -32.037509918212891 ], [ -52.078899383544922, -32.042781829833984 ], [ -52.162509918212891, -32.102508544921875 ], [ -52.152229309082031, -32.126121520996094 ], [ -52.084171295166016, -32.071949005126953 ], [ -52.090000152587891, -32.166679382324219 ], [ -52.150840759277344, -32.197788238525391 ], [ -52.305839538574219, -32.378330230712891 ], [ -52.457778930664062, -32.767230987548828 ], [ -52.653888702392578, -33.150009155273438 ], [ -52.946109771728516, -33.422508239746094 ], [ -53.375820159912109, -33.747730255126953 ], [ -53.523059844970703, -33.681400299072266 ], [ -53.501110076904297, -33.408050537109375 ], [ -53.530559539794922, -33.199451446533203 ], [ -53.496669769287109, -33.092781066894531 ], [ -53.095001220703125, -32.724170684814453 ], [ -53.255279541015625, -32.602790832519531 ], [ -53.400279998779297, -32.570560455322266 ], [ -53.629440307617188, -32.366119384765625 ], [ -53.7469482421875, -32.055561065673828 ], [ -53.8638916015625, -32.011680603027344 ], [ -53.907501220703125, -31.949169158935547 ], [ -54.067218780517578, -31.875 ], [ -54.124179840087891, -31.915559768676758 ], [ -54.463890075683594, -31.672500610351562 ], [ -54.470279693603516, -31.581390380859375 ], [ -54.588050842285156, -31.462779998779297 ], [ -54.908340454101562, -31.376670837402344 ], [ -55.020000457763672, -31.270559310913086 ], [ -55.065280914306641, -31.326950073242188 ], [ -55.235828399658203, -31.245279312133789 ], [ -55.415550231933594, -30.971389770507812 ], [ -55.576671600341797, -30.848609924316406 ], [ -55.629169464111328, -30.848609924316406 ], [ -55.642230987548828, -30.941949844360352 ], [ -55.716659545898438, -30.942230224609375 ], [ -55.832500457763672, -31.07111930847168 ], [ -56.000560760498047, -31.082229614257812 ], [ -56.006950378417969, -30.944450378417969 ], [ -55.976661682128906, -30.860279083251953 ], [ -56.001949310302734, -30.796390533447266 ], [ -56.274169921875, -30.528890609741211 ], [ -56.625270843505859, -30.294729232788086 ], [ -56.619449615478516, -30.252229690551758 ], [ -56.795280456542969, -30.11277961730957 ], [ -56.975830078125, -30.100559234619141 ], [ -57.071670532226562, -30.10944938659668 ], [ -57.145549774169922, -30.184999465942383 ], [ -57.150550842285156, -30.243339538574219 ], [ -57.214160919189453, -30.292779922485352 ], [ -57.521671295166016, -30.275279998779297 ], [ -57.568061828613281, -30.252780914306641 ], [ -57.566951751708984, -30.205560684204102 ], [ -57.613529205322266, -30.182680130004883 ], [ -57.533618927001953, -30.163339614868164 ], [ -57.319728851318359, -29.97528076171875 ], [ -57.293060302734375, -29.818889617919922 ], [ -57.250278472900391, -29.78778076171875 ], [ -57.110561370849609, -29.766670227050781 ], [ -57.041389465332031, -29.702220916748047 ], [ -56.690280914306641, -29.334449768066406 ], [ -56.641670227050781, -29.196109771728516 ], [ -56.571670532226562, -29.124729156494141 ], [ -56.418331146240234, -29.056390762329102 ], [ -56.404720306396484, -28.962499618530273 ], [ -56.3155517578125, -28.912220001220703 ], [ -56.289440155029297, -28.784730911254883 ], [ -56.015281677246094, -28.591110229492188 ], [ -56.018608093261719, -28.507780075073242 ], [ -55.893619537353516, -28.464450836181641 ], [ -55.900279998779297, -28.380830764770508 ], [ -55.873611450195312, -28.356389999389648 ], [ -55.812221527099609, -28.356389999389648 ], [ -55.692501068115234, -28.408889770507812 ], [ -55.668060302734375, -28.345279693603516 ], [ -55.678890228271484, -28.302499771118164 ], [ -55.773330688476562, -28.246389389038086 ], [ -55.756671905517578, -28.219999313354492 ], [ -55.4405517578125, -28.079450607299805 ], [ -55.374168395996094, -27.973609924316406 ], [ -55.180561065673828, -27.855840682983398 ], [ -55.126110076904297, -27.885839462280273 ], [ -55.105831146240234, -27.850000381469727 ], [ -55.029170989990234, -27.853889465332031 ], [ -55.021671295166016, -27.833890914916992 ], [ -55.081951141357422, -27.790559768676758 ], [ -55.07305908203125, -27.771669387817383 ], [ -54.993061065673828, -27.788059234619141 ], [ -54.912220001220703, -27.737220764160156 ], [ -54.806110382080078, -27.530279159545898 ], [ -54.753059387207031, -27.56056022644043 ], [ -54.579730987548828, -27.448339462280273 ], [ -54.537220001220703, -27.491109848022461 ], [ -54.448051452636719, -27.465280532836914 ], [ -54.454170227050781, -27.411949157714844 ], [ -54.354171752929688, -27.453889846801758 ], [ -54.345829010009766, -27.399450302124023 ], [ -54.307781219482422, -27.431669235229492 ], [ -54.279170989990234, -27.424169540405273 ], [ -54.167781829833984, -27.25 ], [ -54.148609161376953, -27.289169311523438 ], [ -54.091941833496094, -27.283340454101562 ], [ -53.877780914306641, -27.119449615478516 ], [ -53.838901519775391, -27.171689987182617 ], [ -53.6986083984375, -26.889450073242188 ], [ -53.750560760498047, -26.766950607299805 ], [ -53.726940155029297, -26.675830841064453 ], [ -53.712779998779297, -26.360559463500977 ], [ -53.650279998779297, -26.263059616088867 ], [ -53.6602783203125, -26.199729919433594 ], [ -53.827228546142578, -25.952779769897461 ], [ -53.827499389648438, -25.851119995117188 ], [ -53.894718170166016, -25.629169464111328 ], [ -53.958049774169922, -25.644439697265625 ], [ -53.968070983886719, -25.588230133056641 ], [ -54.067501068115234, -25.550559997558594 ], [ -54.080829620361328, -25.598339080810547 ], [ -54.114170074462891, -25.567230224609375 ], [ -54.095829010009766, -25.49860954284668 ], [ -54.203609466552734, -25.531120300292969 ], [ -54.1763916015625, -25.573619842529297 ], [ -54.241939544677734, -25.596670150756836 ], [ -54.278339385986328, -25.54888916015625 ], [ -54.380001068115234, -25.577499389648438 ], [ -54.426109313964844, -25.684999465942383 ], [ -54.596111297607422, -25.574869155883789 ], [ -54.617221832275391, -25.438060760498047 ], [ -54.422229766845703, -25.13694953918457 ], [ -54.457778930664062, -25.04973030090332 ], [ -54.401901245117188, -24.823589324951172 ], [ -54.311939239501953, -24.609170913696289 ], [ -54.331668853759766, -24.492780685424805 ], [ -54.274440765380859, -24.41139030456543 ], [ -54.253059387207031, -24.331390380859375 ], [ -54.319450378417969, -24.237220764160156 ], [ -54.329441070556641, -24.121669769287109 ], [ -54.243061065673828, -24.052230834960938 ], [ -54.428890228271484, -23.900840759277344 ], [ -54.638050079345703, -23.807510375976562 ], [ -54.932498931884766, -23.968610763549805 ], [ -55.204441070556641, -24.018339157104492 ], [ -55.396671295166016, -23.971120834350586 ], [ -55.418891906738281, -23.939170837402344 ], [ -55.441940307617188, -23.700839996337891 ], [ -55.522499084472656, -23.596950531005859 ], [ -55.502780914306641, -23.378889083862305 ], [ -55.550548553466797, -23.319169998168945 ], [ -55.5272216796875, -23.219999313354492 ], [ -55.630001068115234, -22.986949920654297 ], [ -55.610000610351562, -22.708610534667969 ], [ -55.730831146240234, -22.539449691772461 ], [ -55.745548248291016, -22.395280838012695 ], [ -55.859729766845703, -22.283340454101562 ], [ -55.921669006347656, -22.300559997558594 ], [ -56.200279235839844, -22.275840759277344 ], [ -56.383888244628906, -22.101119995117188 ], [ -56.396389007568359, -22.066949844360352 ], [ -56.486339569091797, -22.082670211791992 ], [ -56.637779235839844, -22.262779235839844 ], [ -56.70111083984375, -22.214450836181641 ], [ -56.834171295166016, -22.29833984375 ], [ -56.875831604003906, -22.284999847412109 ], [ -56.873889923095703, -22.245830535888672 ], [ -57.614719390869141, -22.173059463500977 ], [ -57.645549774169922, -22.099170684814453 ], [ -57.879440307617188, -22.130559921264648 ], [ -57.982799530029297, -22.089229583740234 ], [ -57.922779083251953, -21.895280838012695 ], [ -57.956668853759766, -21.847499847412109 ], [ -57.891948699951172, -21.689449310302734 ], [ -57.954170227050781, -21.510839462280273 ], [ -57.851398468017578, -21.330549240112305 ], [ -57.906658172607422, -21.281120300292969 ], [ -57.838329315185547, -21.200559616088867 ], [ -57.819450378417969, -20.956110000610352 ], [ -57.921108245849609, -20.902229309082031 ], [ -57.864448547363281, -20.859170913696289 ], [ -57.86138916015625, -20.829170227050781 ], [ -57.943328857421875, -20.794170379638672 ], [ -57.859729766845703, -20.73444938659668 ], [ -57.9263916015625, -20.666950225830078 ], [ -57.9788818359375, -20.711109161376953 ], [ -57.9969482421875, -20.612220764160156 ], [ -57.990840911865234, -20.440839767456055 ], [ -58.085559844970703, -20.371120452880859 ], [ -58.105560302734375, -20.265010833740234 ], [ -58.142780303955078, -20.280279159545898 ], [ -58.161941528320312, -20.236669540405273 ], [ -58.119720458984375, -20.20111083984375 ], [ -58.158168792724609, -20.168859481811523 ], [ -57.8477783203125, -19.978889465332031 ], [ -58.121700286865234, -19.740310668945312 ], [ -57.793891906738281, -19.081119537353516 ], [ -57.704719543457031, -19.04833984375 ], [ -57.716659545898438, -18.946950912475586 ], [ -57.772769927978516, -18.909730911254883 ], [ -57.55194091796875, -18.238889694213867 ], [ -57.491111755371094, -18.238609313964844 ], [ -57.458610534667969, -18.204719543457031 ], [ -57.5655517578125, -18.141389846801758 ], [ -57.775279998779297, -17.63694953918457 ], [ -57.739719390869141, -17.595279693603516 ], [ -57.943889617919922, -17.440299987792969 ], [ -58.209171295166016, -17.354719161987305 ], [ -58.398059844970703, -17.248340606689453 ], [ -58.464450836181641, -16.900279998779297 ], [ -58.466388702392578, -16.63861083984375 ], [ -58.347221374511719, -16.505559921264648 ], [ -58.355548858642578, -16.440549850463867 ], [ -58.327499389648438, -16.279169082641602 ], [ -58.386669158935547, -16.276670455932617 ], [ -58.4405517578125, -16.330009460449219 ], [ -60.1602783203125, -16.263059616088867 ], [ -60.227218627929688, -15.478610038757324 ], [ -60.571670532226562, -15.097499847412109 ], [ -60.383888244628906, -15.092780113220215 ], [ -60.432559967041016, -14.818039894104004 ], [ -60.353889465332031, -14.602219581604004 ], [ -60.346389770507812, -14.483329772949219 ], [ -60.4486083984375, -14.296389579772949 ], [ -60.480831146240234, -14.151390075683594 ], [ -60.384170532226562, -13.984450340270996 ], [ -60.482769012451172, -13.79971981048584 ], [ -60.795009613037109, -13.678609848022461 ], [ -61.040000915527344, -13.515279769897461 ], [ -61.067501068115234, -13.473609924316406 ], [ -61.160549163818359, -13.526949882507324 ], [ -61.338329315185547, -13.48777961730957 ], [ -61.449440002441406, -13.546389579772949 ], [ -61.529720306396484, -13.54833984375 ], [ -61.593891143798828, -13.507229804992676 ], [ -61.841670989990234, -13.538610458374023 ], [ -61.874439239501953, -13.45221996307373 ], [ -62.017219543457031, -13.348609924316406 ], [ -62.121940612792969, -13.148340225219727 ], [ -62.394718170166016, -13.141949653625488 ], [ -62.469440460205078, -13.071109771728516 ], [ -62.583889007568359, -13.058609962463379 ], [ -62.693611145019531, -12.966110229492188 ], [ -62.779170989990234, -13.01084041595459 ], [ -62.998050689697266, -12.835000038146973 ], [ -63.070560455322266, -12.652779579162598 ], [ -63.136669158935547, -12.636110305786133 ], [ -63.241390228271484, -12.704449653625488 ], [ -63.678340911865234, -12.469169616699219 ], [ -63.813610076904297, -12.465000152587891 ], [ -63.918331146240234, -12.544730186462402 ], [ -64.394172668457031, -12.461669921875 ], [ -64.498611450195312, -12.364170074462891 ], [ -64.469161987304688, -12.282500267028809 ], [ -64.485000610351562, -12.235560417175293 ], [ -64.519729614257812, -12.241950035095215 ], [ -64.680557250976562, -12.168609619140625 ], [ -64.691383361816406, -12.100000381469727 ], [ -64.736656188964844, -12.153059959411621 ], [ -64.811943054199219, -12.027500152587891 ], [ -64.987503051757812, -12.010560035705566 ], [ -65.017227172851562, -11.970000267028809 ], [ -64.995269775390625, -11.911109924316406 ], [ -65.120826721191406, -11.693889617919922 ], [ -65.165008544921875, -11.772500038146973 ], [ -65.208892822265625, -11.718609809875488 ], [ -65.1875, -11.649999618530273 ], [ -65.231376647949219, -11.510000228881836 ], [ -65.3155517578125, -11.488889694213867 ], [ -65.351959228515625, -11.380559921264648 ], [ -65.3255615234375, -11.331950187683105 ], [ -65.385032653808594, -11.293330192565918 ], [ -65.400283813476562, -11.164170265197754 ], [ -65.2994384765625, -10.972780227661133 ], [ -65.328056335449219, -10.851110458374023 ], [ -65.409439086914062, -10.798890113830566 ], [ -65.443878173828125, -10.51471996307373 ], [ -65.404167175292969, -10.445839881896973 ], [ -65.39605712890625, -10.395299911499023 ], [ -65.313606262207031, -10.293889999389648 ], [ -65.288887023925781, -10.195560455322266 ], [ -65.3336181640625, -10.02610969543457 ], [ -65.3013916015625, -9.837223052978516 ], [ -65.381942749023438, -9.697780609130859 ], [ -65.438316345214844, -9.682777404785156 ], [ -65.57000732421875, -9.836389541625977 ], [ -65.613052368164062, -9.833057403564453 ], [ -65.706123352050781, -9.750278472900391 ], [ -65.759170532226562, -9.770002365112305 ], [ -65.782783508300781, -9.731945037841797 ], [ -65.798606872558594, -9.782503128051758 ], [ -65.823638916015625, -9.756391525268555 ], [ -66.029167175292969, -9.80694580078125 ], [ -66.059173583984375, -9.788335800170898 ], [ -66.559432983398438, -9.891670227050781 ], [ -66.779167175292969, -10.006669998168945 ], [ -67.158042907714844, -10.313170433044434 ], [ -67.30029296875, -10.316670417785645 ], [ -67.674263000488281, -10.609990119934082 ], [ -67.703483581542969, -10.694299697875977 ], [ -67.822242736816406, -10.663330078125 ], [ -68.015007019042969, -10.659170150756836 ], [ -68.101936340332031, -10.705280303955078 ], [ -68.289436340332031, -10.985560417175293 ], [ -68.579177856445312, -11.104599952697754 ], [ -68.764450073242188, -11.13971996307373 ], [ -68.784439086914062, -11.119720458984375 ], [ -68.75250244140625, -11.009719848632812 ], [ -68.868331909179688, -11.016110420227051 ], [ -69.069732666015625, -10.966389656066895 ], [ -69.567436218261719, -10.950469970703125 ], [ -69.929168701171875, -10.914449691772461 ], [ -70.027496337890625, -10.968059539794922 ], [ -70.269447326660156, -11.058609962463379 ], [ -70.394172668457031, -11.05111026763916 ], [ -70.533073425292969, -10.932220458984375 ], [ -70.631942749023438, -11.003060340881348 ], [ -70.6280517578125, -9.833612442016602 ], [ -70.557502746582031, -9.776114463806152 ], [ -70.537216186523438, -9.691113471984863 ], [ -70.596656799316406, -9.606111526489258 ], [ -70.5694580078125, -9.569723129272461 ], [ -70.533889770507812, -9.453889846801758 ], [ -70.584442138671875, -9.438056945800781 ], [ -70.906951904296875, -9.714723587036133 ], [ -71.299156188964844, -9.996389389038086 ], [ -72.185821533203125, -10.003890037536621 ], [ -72.150283813476562, -9.888891220092773 ], [ -72.180282592773438, -9.8013916015625 ], [ -72.2711181640625, -9.746667861938477 ], [ -72.305557250976562, -9.530002593994141 ], [ -72.428596496582031, -9.483057022094727 ], [ -72.58612060546875, -9.45361328125 ], [ -73.205276489257812, -9.407224655151367 ], [ -72.975563049316406, -9.15472412109375 ], [ -72.9486083984375, -9.083890914916992 ], [ -72.964447021484375, -8.983333587646484 ], [ -73.169998168945312, -8.71027946472168 ], [ -73.297500610351562, -8.651114463806152 ], [ -73.351936340332031, -8.468334197998047 ], [ -73.533332824707031, -8.355555534362793 ], [ -73.651107788085938, -8.01611328125 ], [ -73.767227172851562, -7.957222938537598 ], [ -73.7822265625, -7.871111869812012 ], [ -73.71417236328125, -7.872499942779541 ], [ -73.692756652832031, -7.80916690826416 ], [ -73.710563659667969, -7.771389961242676 ], [ -73.833328247070312, -7.725555896759033 ], [ -74.009452819824219, -7.535000801086426 ], [ -73.948883056640625, -7.501667022705078 ], [ -73.9727783203125, -7.345835208892822 ], [ -73.892501831054688, -7.375000953674316 ], [ -73.711402893066406, -7.319168090820312 ], [ -73.704177856445312, -7.285000801086426 ], [ -73.801467895507812, -7.117238998413086 ], [ -73.754730224609375, -6.894999980926514 ], [ -73.434432983398438, -6.633055210113525 ], [ -73.191940307617188, -6.553612232208252 ], [ -73.123893737792969, -6.447778224945068 ], [ -73.164169311523438, -6.207778930664062 ], [ -73.216110229492188, -6.155279159545898 ], [ -73.218887329101562, -6.045834064483643 ], [ -72.9505615234375, -5.564167022705078 ], [ -72.891952514648438, -5.20750093460083 ], [ -72.917770385742188, -5.151945114135742 ], [ -72.741378784179688, -5.051389217376709 ], [ -72.635009765625, -5.05916690826416 ], [ -72.531951904296875, -4.953055858612061 ], [ -72.41278076171875, -4.886390209197998 ], [ -72.3255615234375, -4.76083517074585 ], [ -72.243881225585938, -4.758890151977539 ], [ -71.826400756835938, -4.507779121398926 ], [ -71.6905517578125, -4.473889827728271 ], [ -71.656387329101562, -4.509168148040771 ], [ -71.40667724609375, -4.434999942779541 ], [ -71.305557250976562, -4.438333988189697 ], [ -71.29083251953125, -4.383612155914307 ], [ -71.233322143554688, -4.37611198425293 ], [ -71.2005615234375, -4.411389827728271 ], [ -71.169723510742188, -4.357779026031494 ], [ -71.129440307617188, -4.398890018463135 ], [ -70.9888916015625, -4.341390132904053 ], [ -70.9727783203125, -4.37944507598877 ], [ -70.881668090820312, -4.293334007263184 ], [ -70.835006713867188, -4.187777996063232 ], [ -70.765838623046875, -4.146944999694824 ], [ -70.684432983398438, -4.174168109893799 ], [ -70.6522216796875, -4.118610858917236 ], [ -70.620002746582031, -4.11583423614502 ], [ -70.585281372070312, -4.196112155914307 ], [ -70.545272827148438, -4.139444828033447 ], [ -70.511947631835938, -4.18083381652832 ], [ -70.433319091796875, -4.131667137145996 ], [ -70.323898315429688, -4.137222766876221 ], [ -70.2086181640625, -4.325279235839844 ], [ -70.172500610351562, -4.324722766876221 ], [ -70.156112670898438, -4.273334980010986 ], [ -70.107772827148438, -4.253890037536621 ], [ -70.0352783203125, -4.336112022399902 ], [ -69.97222900390625, -4.303055763244629 ], [ -69.81610107421875, -3.549444913864136 ], [ -69.4375, -1.429167032241821 ], [ -69.383903503417969, -1.366667032241821 ], [ -69.380828857421875, -1.174445033073425 ], [ -69.468338012695312, -0.966111183166504 ], [ -69.5655517578125, -0.845000028610229 ], [ -69.618057250976562, -0.733888983726501 ], [ -69.57305908203125, -0.636666893959045 ], [ -69.620269775390625, -0.504444599151611 ], [ -69.928329467773438, -0.309444487094879 ], [ -70.058036804199219, -0.157499998807907 ], [ -70.044158935546875, 0.590833127498627 ], [ -69.9405517578125, 0.581666529178619 ], [ -69.678329467773438, 0.67888867855072 ], [ -69.61138916015625, 0.645555377006531 ], [ -69.511123657226562, 0.726388573646545 ], [ -69.464447021484375, 0.740277528762817 ], [ -69.318893432617188, 0.653055310249329 ], [ -69.2093505859375, 0.618277311325073 ], [ -69.13751220703125, 0.629999816417694 ], [ -69.125816345214844, 0.651110887527466 ], [ -69.182502746582031, 0.73194420337677 ], [ -69.142227172851562, 0.870555281639099 ], [ -69.202789306640625, 0.90666651725769 ], [ -69.193328857421875, 0.951944172382355 ], [ -69.275558471679688, 1.041110992431641 ], [ -69.426101684570312, 1.027222037315369 ], [ -69.446662902832031, 1.062222003936768 ], [ -69.710296630859375, 1.060276985168457 ], [ -69.720840454101562, 1.089722037315369 ], [ -69.842216491699219, 1.062222003936768 ], [ -69.84320068359375, 1.715337038040161 ], [ -69.45916748046875, 1.760277986526489 ], [ -69.377777099609375, 1.72863495349884 ], [ -68.153343200683594, 1.724166035652161 ], [ -68.275833129882812, 1.832221984863281 ], [ -68.194992065429688, 2.01444411277771 ], [ -68.0897216796875, 1.933611035346985 ], [ -68.015289306640625, 1.773888945579529 ], [ -67.951950073242188, 1.742498993873596 ], [ -67.783332824707031, 1.806944012641907 ], [ -67.517227172851562, 2.099998950958252 ], [ -67.4244384765625, 2.143887996673584 ], [ -67.335296630859375, 2.111109972000122 ], [ -67.072509765625, 1.625277042388916 ], [ -67.0755615234375, 1.172498941421509 ], [ -66.873382568359375, 1.225538015365601 ], [ -66.317497253417969, 0.752222120761871 ], [ -66.129440307617188, 0.73277747631073 ], [ -65.971122741699219, 0.80388867855072 ], [ -65.862228393554688, 0.913333177566528 ], [ -65.70361328125, 0.984444081783295 ], [ -65.5594482421875, 0.971110820770264 ], [ -65.511123657226562, 0.904721975326538 ], [ -65.509170532226562, 0.843888580799103 ], [ -65.5836181640625, 0.725833117961884 ], [ -65.563606262207031, 0.671666502952576 ], [ -65.519172668457031, 0.64972198009491 ], [ -65.433609008789062, 0.699166417121887 ], [ -65.389999389648438, 0.830833196640015 ], [ -65.301666259765625, 0.926666498184204 ], [ -65.196662902832031, 0.9241663813591 ], [ -65.171951293945312, 0.954721927642822 ], [ -65.140556335449219, 1.112498998641968 ], [ -65.098617553710938, 1.14527702331543 ], [ -65.017227172851562, 1.133888006210327 ], [ -64.8155517578125, 1.282222032546997 ], [ -64.751106262207031, 1.243610978126526 ], [ -64.697486877441406, 1.262776970863342 ], [ -64.523330688476562, 1.4375 ], [ -64.370269775390625, 1.511389017105103 ], [ -64.349990844726562, 1.484166026115417 ], [ -64.386398315429688, 1.409721970558167 ], [ -64.366943359375, 1.364444017410278 ], [ -64.341690063476562, 1.366943955421448 ], [ -64.255287170410156, 1.480555057525635 ], [ -64.070281982421875, 1.650277018547058 ], [ -64.043876647949219, 1.909165978431702 ], [ -63.970829010009766, 1.967221975326538 ], [ -63.763889312744141, 1.980276942253113 ], [ -63.651111602783203, 2.06472110748291 ], [ -63.393058776855469, 2.151387929916382 ], [ -63.357780456542969, 2.269721031188965 ], [ -63.365840911865234, 2.421387910842896 ], [ -64.036941528320312, 2.470554113388062 ], [ -64.047500610351562, 2.513333082199097 ], [ -63.993061065673828, 2.63305401802063 ], [ -64.010009765625, 2.802221059799194 ], [ -64.218612670898438, 3.123332977294922 ], [ -64.235816955566406, 3.433053970336914 ], [ -64.182510375976562, 3.546109914779663 ], [ -64.20361328125, 3.609998941421509 ], [ -64.49749755859375, 3.833888053894043 ], [ -64.801101684570312, 4.201941967010498 ], [ -64.798049926757812, 4.277221202850342 ], [ -64.769172668457031, 4.289165019989014 ], [ -64.693046569824219, 4.267220973968506 ], [ -64.641586303710938, 4.221951007843018 ], [ -64.582229614257812, 4.121664047241211 ], [ -64.248893737792969, 4.148054122924805 ], [ -64.116943359375, 4.09860897064209 ], [ -64.043327331542969, 3.89527702331543 ], [ -63.988609313964844, 3.88305401802063 ], [ -63.847499847412109, 3.959721088409424 ], [ -63.608341217041016, 3.943609952926636 ], [ -63.501110076904297, 3.85749888420105 ], [ -63.456668853759766, 3.866666078567505 ], [ -63.423328399658203, 3.966109991073608 ], [ -63.382499694824219, 3.970832109451294 ], [ -63.314720153808594, 3.94666600227356 ], [ -62.987228393554688, 3.600831985473633 ], [ -62.875, 3.560276985168457 ], [ -62.775279998779297, 3.60694408416748 ], [ -62.735561370849609, 3.671109914779663 ], [ -62.727489471435547, 3.7311110496521 ], [ -62.758609771728516, 3.834721088409424 ], [ -62.753890991210938, 3.986109972000122 ], [ -62.731109619140625, 4.0380539894104 ], [ -62.541950225830078, 4.041665077209473 ], [ -62.531391143798828, 4.126387119293213 ], [ -62.400279998779297, 4.181941986083984 ], [ -62.246391296386719, 4.122498035430908 ], [ -62.110000610351562, 4.100831031799316 ], [ -62.051109313964844, 4.151110172271729 ], [ -61.892501831054688, 4.15083122253418 ], [ -61.745548248291016, 4.249442100524902 ], [ -61.553329467773438, 4.249165058135986 ], [ -61.512500762939453, 4.298054218292236 ], [ -61.505001068115234, 4.395276069641113 ], [ -61.456668853759766, 4.421109199523926 ], [ -61.342220306396484, 4.417498111724854 ], [ -61.281391143798828, 4.457221031188965 ], [ -61.311389923095703, 4.520276069641113 ], [ -60.985000610351562, 4.520554065704346 ], [ -60.930828094482422, 4.584721088409424 ], [ -60.884998321533203, 4.711665153503418 ], [ -60.816108703613281, 4.729720115661621 ], [ -60.641670227050781, 4.855554103851318 ], [ -60.579730987548828, 4.981110095977783 ], [ -60.662769317626953, 5.187498092651367 ], [ -60.732929229736328, 5.205276012420654 ] ] ] ] } },
{ "type": "Feature", "properties": { }, "geometry": { "type": "MultiPolygon", "coordinates": [ [ [ [ -74.346481323242188, -47.987659454345703 ], [ -74.49957275390625, -47.936630249023438 ], [ -74.410957336425781, -47.855789184570312 ], [ -74.35845947265625, -47.844959259033203 ], [ -74.25567626953125, -47.888839721679688 ], [ -74.332077026367188, -47.836071014404297 ], [ -74.282623291015625, -47.810508728027344 ], [ -73.837913513183594, -47.871059417724609 ], [ -73.81817626953125, -47.923839569091797 ], [ -73.830116271972656, -47.959129333496094 ], [ -73.9315185546875, -47.969959259033203 ], [ -73.926513671875, -47.932170867919922 ], [ -74.346481323242188, -47.987659454345703 ] ] ], [ [ [ -73.996841430664062, -43.938800811767578 ], [ -74.172500610351562, -43.877788543701172 ], [ -74.154449462890625, -43.821121215820312 ], [ -74.073333740234375, -43.810569763183594 ], [ -73.942779541015625, -43.832511901855469 ], [ -73.86834716796875, -43.762229919433594 ], [ -73.789726257324219, -43.821678161621094 ], [ -73.762786865234375, -43.8880615234375 ], [ -73.853897094726562, -43.894741058349609 ], [ -73.9102783203125, -43.871681213378906 ], [ -73.865570068359375, -43.849170684814453 ], [ -73.956947326660156, -43.849460601806641 ], [ -73.968902587890625, -43.878620147705078 ], [ -73.90667724609375, -43.904170989990234 ], [ -73.996841430664062, -43.938800811767578 ] ] ], [ [ [ -75.315643310546875, -51.614521026611328 ], [ -75.3194580078125, -51.54779052734375 ], [ -75.2227783203125, -51.490570068359375 ], [ -75.223892211914062, -51.426670074462891 ], [ -75.167236328125, -51.281951904296875 ], [ -75.130279541015625, -51.265560150146484 ], [ -75.14862060546875, -51.371120452880859 ], [ -75.110000610351562, -51.310291290283203 ], [ -75.004997253417969, -51.335838317871094 ], [ -75.002792358398438, -51.401668548583984 ], [ -75.110000610351562, -51.473621368408203 ], [ -75.1591796875, -51.425838470458984 ], [ -75.133903503417969, -51.542781829833984 ], [ -75.156112670898438, -51.579730987548828 ], [ -75.213058471679688, -51.553340911865234 ], [ -75.200843811035156, -51.604728698730469 ], [ -75.315643310546875, -51.614521026611328 ] ] ], [ [ [ -69.906402587890625, -55.043060302734375 ], [ -69.900558471679688, -54.999729156494141 ], [ -69.952789306640625, -54.968059539794922 ], [ -69.941390991210938, -54.946949005126953 ], [ -69.844451904296875, -54.949180603027344 ], [ -69.925857543945312, -54.915840148925781 ], [ -69.926963806152344, -54.895000457763672 ], [ -69.827507019042969, -54.878059387207031 ], [ -69.740570068359375, -54.941669464111328 ], [ -69.691963195800781, -54.918899536132812 ], [ -69.770278930664062, -54.884449005126953 ], [ -69.739730834960938, -54.867511749267578 ], [ -69.525283813476562, -54.894168853759766 ], [ -69.526947021484375, -54.947780609130859 ], [ -69.445281982421875, -54.902778625488281 ], [ -69.198699951171875, -54.944988250732422 ], [ -69.168899536132812, -54.963619232177734 ], [ -69.906402587890625, -55.043060302734375 ] ] ], [ [ [ -75.483062744140625, -48.689998626708984 ], [ -75.605972290039062, -48.687629699707031 ], [ -75.604736328125, -48.661670684814453 ], [ -75.504463195800781, -48.661399841308594 ], [ -75.446952819824219, -48.630569458007812 ], [ -75.614730834960938, -48.637508392333984 ], [ -75.668327331542969, -48.591129302978516 ], [ -75.6239013671875, -48.448341369628906 ], [ -75.346389770507812, -48.431400299072266 ], [ -75.315292358398438, -48.594730377197266 ], [ -75.483062744140625, -48.689998626708984 ] ] ], [ [ [ -74.916397094726562, -46.107509613037109 ], [ -75.071807861328125, -46.0977783203125 ], [ -75.101959228515625, -46.048618316650391 ], [ -74.960281372070312, -45.988620758056641 ], [ -75.085853576660156, -45.955009460449219 ], [ -75.110000610351562, -45.882778167724609 ], [ -75.070556640625, -45.862499237060547 ], [ -74.884742736816406, -45.931110382080078 ], [ -74.878067016601562, -45.909450531005859 ], [ -74.967506408691406, -45.872791290283203 ], [ -74.93389892578125, -45.864448547363281 ], [ -74.884170532226562, -45.884998321533203 ], [ -74.745292663574219, -45.805850982666016 ], [ -74.717506408691406, -45.804729461669922 ], [ -74.776947021484375, -46.009170532226562 ], [ -74.916397094726562, -46.107509613037109 ] ] ], [ [ [ -74.920562744140625, -49.295009613037109 ], [ -75.067497253417969, -49.163619995117188 ], [ -75.197776794433594, -49.171680450439453 ], [ -75.118896484375, -49.131401062011719 ], [ -75.236953735351562, -49.154731750488281 ], [ -75.211402893066406, -49.104179382324219 ], [ -75.117507934570312, -49.022781372070312 ], [ -74.992782592773438, -49.082511901855469 ], [ -74.979446411132812, -49.028621673583984 ], [ -74.894180297851562, -49.084171295166016 ], [ -74.920562744140625, -49.295009613037109 ] ] ], [ [ [ -67.299453735351562, -55.311958312988281 ], [ -67.439178466796875, -55.282501220703125 ], [ -67.460563659667969, -55.253059387207031 ], [ -67.420852661132812, -55.213619232177734 ], [ -67.470840454101562, -55.180278778076172 ], [ -67.546676635742188, -55.170280456542969 ], [ -67.61138916015625, -55.188339233398438 ], [ -67.639717102050781, -55.263889312744141 ], [ -67.8094482421875, -55.263618469238281 ], [ -67.882232666015625, -55.243610382080078 ], [ -67.73583984375, -55.23529052734375 ], [ -67.9364013671875, -55.183330535888672 ], [ -67.980827331542969, -55.226669311523438 ], [ -68.095573425292969, -55.236949920654297 ], [ -68.151947021484375, -55.207500457763672 ], [ -68.114181518554688, -55.175289154052734 ], [ -68.188606262207031, -55.109458923339844 ], [ -68.178337097167969, -54.991401672363281 ], [ -68.31500244140625, -54.995288848876953 ], [ -68.364463806152344, -54.944461822509766 ], [ -68.3336181640625, -54.921108245849609 ], [ -67.408340454101562, -54.919448852539062 ], [ -67.185287475585938, -54.963069915771484 ], [ -67.055793762207031, -55.106868743896484 ], [ -67.078056335449219, -55.177509307861328 ], [ -67.230850219726562, -55.302509307861328 ], [ -67.299453735351562, -55.311958312988281 ] ] ], [ [ [ -70.48333740234375, -55.21112060546875 ], [ -70.503067016601562, -55.159168243408203 ], [ -70.543060302734375, -55.160560607910156 ], [ -70.517501831054688, -55.201400756835938 ], [ -70.54583740234375, -55.21112060546875 ], [ -70.566963195800781, -55.175830841064453 ], [ -70.550003051757812, -55.1219482421875 ], [ -70.5755615234375, -55.061111450195312 ], [ -70.702789306640625, -55.129180908203125 ], [ -70.741386413574219, -55.110000610351562 ], [ -70.716949462890625, -55.065010070800781 ], [ -70.928886413574219, -55.080570220947266 ], [ -70.999183654785156, -55.022781372070312 ], [ -70.916397094726562, -54.999729156494141 ], [ -71.010833740234375, -54.976951599121094 ], [ -71.005569458007812, -54.9586181640625 ], [ -70.8536376953125, -54.931949615478516 ], [ -70.8638916015625, -54.969459533691406 ], [ -70.7952880859375, -54.977779388427734 ], [ -70.791397094726562, -54.938621520996094 ], [ -70.581947326660156, -54.972499847412109 ], [ -70.5977783203125, -54.958339691162109 ], [ -70.519180297851562, -54.911960601806641 ], [ -70.350883483886719, -54.898708343505859 ], [ -70.384170532226562, -54.93695068359375 ], [ -70.4969482421875, -54.946670532226562 ], [ -70.510833740234375, -54.995010375976562 ], [ -70.712783813476562, -55.017230987548828 ], [ -70.2952880859375, -55.081951141357422 ], [ -70.263900756835938, -55.110561370849609 ], [ -70.297500610351562, -55.131389617919922 ], [ -70.43389892578125, -55.098060607910156 ], [ -70.449447631835938, -55.122509002685547 ], [ -70.373611450195312, -55.154720306396484 ], [ -70.48333740234375, -55.21112060546875 ] ] ], [ [ [ -68.618331909179688, -52.643619537353516 ], [ -68.642227172851562, -54.801959991455078 ], [ -68.629066467285156, -54.886810302734375 ], [ -68.908340454101562, -54.801681518554688 ], [ -68.744743347167969, -54.886669158935547 ], [ -68.7630615234375, -54.914459228515625 ], [ -69.056121826171875, -54.950279235839844 ], [ -69.633621215820312, -54.826950073242188 ], [ -69.625289916992188, -54.697509765625 ], [ -69.668060302734375, -54.762779235839844 ], [ -69.708892822265625, -54.691669464111328 ], [ -69.713058471679688, -54.797229766845703 ], [ -69.765007019042969, -54.788349151611328 ], [ -69.760276794433594, -54.72528076171875 ], [ -69.7872314453125, -54.720001220703125 ], [ -69.796951293945312, -54.803070068359375 ], [ -69.817520141601562, -54.818340301513672 ], [ -69.927253723144531, -54.818340301513672 ], [ -69.970573425292969, -54.767501831054688 ], [ -69.958343505859375, -54.683330535888672 ], [ -69.978622436523438, -54.685009002685547 ], [ -70.001678466796875, -54.727230072021484 ], [ -69.974456787109375, -54.825839996337891 ], [ -70.079452514648438, -54.853618621826172 ], [ -70.133346557617188, -54.791110992431641 ], [ -70.138076782226562, -54.8336181640625 ], [ -70.181953430175781, -54.854728698730469 ], [ -70.275558471679688, -54.854728698730469 ], [ -70.321403503417969, -54.832511901855469 ], [ -70.319320678710938, -54.788810729980469 ], [ -70.357223510742188, -54.833339691162109 ], [ -70.667510986328125, -54.807498931884766 ], [ -70.751106262207031, -54.841400146484375 ], [ -70.828056335449219, -54.823329925537109 ], [ -70.834457397460938, -54.789451599121094 ], [ -70.454452514648438, -54.633060455322266 ], [ -70.540283203125, -54.625278472900391 ], [ -70.62445068359375, -54.665561676025391 ], [ -70.913070678710938, -54.755561828613281 ], [ -70.9102783203125, -54.706119537353516 ], [ -70.778060913085938, -54.689731597900391 ], [ -70.939727783203125, -54.671680450439453 ], [ -70.993057250976562, -54.759998321533203 ], [ -71.032501220703125, -54.778339385986328 ], [ -71.046951293945312, -54.760829925537109 ], [ -70.947242736816406, -54.626399993896484 ], [ -71.048072814941406, -54.593059539794922 ], [ -71.0452880859375, -54.653621673583984 ], [ -71.08306884765625, -54.645839691162109 ], [ -71.25140380859375, -54.680278778076172 ], [ -71.30084228515625, -54.668071746826172 ], [ -71.294166564941406, -54.648899078369141 ], [ -71.20001220703125, -54.639720916748047 ], [ -71.331390380859375, -54.52362060546875 ], [ -71.36138916015625, -54.530559539794922 ], [ -71.337226867675781, -54.570278167724609 ], [ -71.400848388671875, -54.552780151367188 ], [ -71.410842895507812, -54.578060150146484 ], [ -71.336410522460938, -54.61083984375 ], [ -71.482513427734375, -54.654460906982422 ], [ -71.476966857910156, -54.689449310302734 ], [ -71.519729614257812, -54.676670074462891 ], [ -71.491668701171875, -54.593608856201172 ], [ -71.57501220703125, -54.651950836181641 ], [ -71.591667175292969, -54.581951141357422 ], [ -71.642791748046875, -54.656120300292969 ], [ -71.67388916015625, -54.653888702392578 ], [ -71.718063354492188, -54.601108551025391 ], [ -71.906417846679688, -54.657501220703125 ], [ -71.962783813476562, -54.648899078369141 ], [ -71.976959228515625, -54.618339538574219 ], [ -71.8880615234375, -54.581119537353516 ], [ -72.00250244140625, -54.519180297851562 ], [ -71.9364013671875, -54.513618469238281 ], [ -72.000839233398438, -54.47528076171875 ], [ -71.993896484375, -54.455009460449219 ], [ -71.869743347167969, -54.491680145263672 ], [ -71.846122741699219, -54.538341522216797 ], [ -71.687232971191406, -54.576671600341797 ], [ -71.744743347167969, -54.509731292724609 ], [ -71.601119995117188, -54.550830841064453 ], [ -71.715560913085938, -54.463069915771484 ], [ -71.825286865234375, -54.470840454101562 ], [ -71.8477783203125, -54.418060302734375 ], [ -71.753616333007812, -54.397510528564453 ], [ -71.618057250976562, -54.503059387207031 ], [ -71.495826721191406, -54.497509002685547 ], [ -71.494743347167969, -54.479728698730469 ], [ -71.581123352050781, -54.466129302978516 ], [ -71.620010375976562, -54.421108245849609 ], [ -71.589447021484375, -54.406108856201172 ], [ -71.540283203125, -54.446109771728516 ], [ -71.529167175292969, -54.407230377197266 ], [ -71.386398315429688, -54.460281372070312 ], [ -71.3255615234375, -54.435840606689453 ], [ -71.429458618164062, -54.404460906982422 ], [ -71.368057250976562, -54.37445068359375 ], [ -71.172500610351562, -54.439731597900391 ], [ -71.103912353515625, -54.508609771728516 ], [ -71.142501831054688, -54.43695068359375 ], [ -70.970573425292969, -54.473888397216797 ], [ -70.9505615234375, -54.341960906982422 ], [ -70.669189453125, -54.328609466552734 ], [ -70.615837097167969, -54.339450836181641 ], [ -70.779167175292969, -54.556400299072266 ], [ -70.769203186035156, -54.600009918212891 ], [ -70.7388916015625, -54.554729461669922 ], [ -70.643890380859375, -54.609458923339844 ], [ -70.706680297851562, -54.536121368408203 ], [ -70.67083740234375, -54.452220916748047 ], [ -70.587226867675781, -54.390838623046875 ], [ -70.2852783203125, -54.529720306396484 ], [ -70.299179077148438, -54.5 ], [ -70.130836486816406, -54.54888916015625 ], [ -70.501106262207031, -54.373340606689453 ], [ -70.515289306640625, -54.316120147705078 ], [ -70.566963195800781, -54.284168243408203 ], [ -70.832496643066406, -54.265560150146484 ], [ -70.878067016601562, -54.236949920654297 ], [ -70.932510375976562, -54.115570068359375 ], [ -70.218338012695312, -54.376399993896484 ], [ -70.142791748046875, -54.428340911865234 ], [ -70.148902893066406, -54.386398315429688 ], [ -70.072242736816406, -54.384170532226562 ], [ -70.067779541015625, -54.368610382080078 ], [ -70.168327331542969, -54.35028076171875 ], [ -70.2005615234375, -54.327781677246094 ], [ -70.185012817382812, -54.304729461669922 ], [ -70.076400756835938, -54.248889923095703 ], [ -69.9727783203125, -54.297229766845703 ], [ -69.968338012695312, -54.376949310302734 ], [ -69.876106262207031, -54.423618316650391 ], [ -69.886138916015625, -54.497779846191406 ], [ -69.807243347167969, -54.475570678710938 ], [ -69.780006408691406, -54.507511138916016 ], [ -69.8013916015625, -54.5372314453125 ], [ -69.761672973632812, -54.555839538574219 ], [ -69.7388916015625, -54.485279083251953 ], [ -69.885566711425781, -54.314998626708984 ], [ -69.866119384765625, -54.285839080810547 ], [ -69.6844482421875, -54.323890686035156 ], [ -69.55889892578125, -54.439449310302734 ], [ -69.523063659667969, -54.42333984375 ], [ -69.570556640625, -54.376110076904297 ], [ -69.545562744140625, -54.339450836181641 ], [ -69.255279541015625, -54.440559387207031 ], [ -69.227783203125, -54.465839385986328 ], [ -69.413619995117188, -54.618900299072266 ], [ -69.376426696777344, -54.686798095703125 ], [ -69.303909301757812, -54.566390991210938 ], [ -69.24945068359375, -54.529170989990234 ], [ -69.216667175292969, -54.528339385986328 ], [ -69.177780151367188, -54.580829620361328 ], [ -69.148353576660156, -54.551670074462891 ], [ -69.1763916015625, -54.492778778076172 ], [ -69.158073425292969, -54.455280303955078 ], [ -69.008346557617188, -54.476390838623047 ], [ -69.00250244140625, -54.424449920654297 ], [ -70.042510986328125, -54.101108551025391 ], [ -70.172500610351562, -53.853610992431641 ], [ -70.1864013671875, -53.781108856201172 ], [ -70.1461181640625, -53.742500305175781 ], [ -69.3447265625, -53.497779846191406 ], [ -69.350852966308594, -53.361671447753906 ], [ -69.375839233398438, -53.335281372070312 ], [ -69.892227172851562, -53.351951599121094 ], [ -70.198898315429688, -53.470851898193359 ], [ -70.283340454101562, -53.450000762939453 ], [ -70.446670532226562, -53.368061065673828 ], [ -70.480827331542969, -53.280559539794922 ], [ -70.457496643066406, -53.040279388427734 ], [ -70.3577880859375, -52.947238922119141 ], [ -70.341667175292969, -53.039730072021484 ], [ -70.189727783203125, -53.016948699951172 ], [ -70.136672973632812, -52.986949920654297 ], [ -70.100013732910156, -52.911121368408203 ], [ -70.1077880859375, -52.881961822509766 ], [ -70.289169311523438, -52.893890380859375 ], [ -70.2630615234375, -52.814731597900391 ], [ -70.291397094726562, -52.785289764404297 ], [ -70.422233581542969, -52.778060913085938 ], [ -70.37640380859375, -52.740280151367188 ], [ -70.170013427734375, -52.717231750488281 ], [ -70.007232666015625, -52.825290679931641 ], [ -69.941390991210938, -52.831680297851562 ], [ -69.740859985351562, -52.761669158935547 ], [ -69.615837097167969, -52.643619537353516 ], [ -69.6239013671875, -52.540279388427734 ], [ -69.452507019042969, -52.466129302978516 ], [ -69.366386413574219, -52.500560760498047 ], [ -69.220291137695312, -52.650279998779297 ], [ -69.151947021484375, -52.6844482421875 ], [ -68.952217102050781, -52.642780303955078 ], [ -68.785003662109375, -52.544170379638672 ], [ -68.618331909179688, -52.643619537353516 ] ] ], [ [ [ -74.221939086914062, -50.848430633544922 ], [ -74.23834228515625, -50.803058624267578 ], [ -74.311683654785156, -50.799171447753906 ], [ -74.3114013671875, -50.846389770507812 ], [ -74.354171752929688, -50.846118927001953 ], [ -74.403343200683594, -50.746120452880859 ], [ -74.491668701171875, -50.746120452880859 ], [ -74.574447631835938, -50.640010833740234 ], [ -74.508621215820312, -50.577781677246094 ], [ -74.421112060546875, -50.528621673583984 ], [ -74.667793273925781, -50.484458923339844 ], [ -74.531402587890625, -50.420291900634766 ], [ -74.493621826171875, -50.470558166503906 ], [ -74.37640380859375, -50.454730987548828 ], [ -74.236953735351562, -50.678619384765625 ], [ -74.299179077148438, -50.676120758056641 ], [ -74.280838012695312, -50.718620300292969 ], [ -74.190567016601562, -50.755840301513672 ], [ -74.1763916015625, -50.793338775634766 ], [ -74.221939086914062, -50.848430633544922 ] ] ], [ [ [ -75.241470336914062, -48.703231811523438 ], [ -75.3194580078125, -48.498058319091797 ], [ -75.269447326660156, -48.420280456542969 ], [ -75.321670532226562, -48.398338317871094 ], [ -75.323333740234375, -48.343620300292969 ], [ -75.446952819824219, -48.413890838623047 ], [ -75.517791748046875, -48.425838470458984 ], [ -75.55584716796875, -48.408618927001953 ], [ -75.556671142578125, -48.384998321533203 ], [ -75.385009765625, -48.310569763183594 ], [ -75.398902893066406, -48.291400909423828 ], [ -75.5352783203125, -48.325569152832031 ], [ -75.551963806152344, -48.291950225830078 ], [ -75.464736938476562, -48.210281372070312 ], [ -75.531112670898438, -48.233619689941406 ], [ -75.587226867675781, -48.095569610595703 ], [ -75.513633728027344, -48.0352783203125 ], [ -75.351387023925781, -48.007789611816406 ], [ -75.1702880859375, -48.412220001220703 ], [ -75.140007019042969, -48.405559539794922 ], [ -75.098342895507812, -48.471401214599609 ], [ -75.071952819824219, -48.596118927001953 ], [ -75.195556640625, -48.696670532226562 ], [ -75.241470336914062, -48.703231811523438 ] ] ], [ [ [ -71.831947326660156, -54.334720611572266 ], [ -71.974456787109375, -54.328338623046875 ], [ -71.947242736816406, -54.252780914306641 ], [ -71.905288696289062, -54.229450225830078 ], [ -72.088058471679688, -54.170009613037109 ], [ -72.087226867675781, -54.146129608154297 ], [ -72.125, -54.125560760498047 ], [ -72.043327331542969, -54.115009307861328 ], [ -72.119743347167969, -54.052219390869141 ], [ -72.165008544921875, -54.102230072021484 ], [ -72.206680297851562, -54.093898773193359 ], [ -72.228897094726562, -54.053340911865234 ], [ -72.198623657226562, -54.007778167724609 ], [ -72.253067016601562, -53.964729309082031 ], [ -72.254997253417969, -53.928070068359375 ], [ -72.1319580078125, -53.936119079589844 ], [ -72.079727172851562, -53.986671447753906 ], [ -72.072242736816406, -53.959449768066406 ], [ -71.962509155273438, -53.893329620361328 ], [ -71.995010375976562, -53.866111755371094 ], [ -71.940841674804688, -53.850570678710938 ], [ -71.837783813476562, -53.913619995117188 ], [ -71.858612060546875, -53.963890075683594 ], [ -71.757781982421875, -53.905010223388672 ], [ -71.659736633300781, -53.916671752929688 ], [ -71.671279907226562, -53.944141387939453 ], [ -71.793899536132812, -54.000289916992188 ], [ -71.6944580078125, -53.983898162841797 ], [ -71.69500732421875, -54.02362060546875 ], [ -71.735000610351562, -54.078899383544922 ], [ -71.653060913085938, -54.081401824951172 ], [ -71.730010986328125, -54.1602783203125 ], [ -71.802230834960938, -54.153888702392578 ], [ -71.921401977539062, -54.053611755371094 ], [ -71.923606872558594, -54.008621215820312 ], [ -71.953903198242188, -54.019451141357422 ], [ -71.918060302734375, -54.116950988769531 ], [ -71.7589111328125, -54.259731292724609 ], [ -71.866386413574219, -54.282791137695312 ], [ -71.831947326660156, -54.334720611572266 ] ] ], [ [ [ -74.720840454101562, -51.111949920654297 ], [ -74.753067016601562, -51.084449768066406 ], [ -74.676681518554688, -51.013889312744141 ], [ -74.769447326660156, -50.992778778076172 ], [ -74.80584716796875, -51.078060150146484 ], [ -74.888633728027344, -51.050868988037109 ], [ -74.837226867675781, -50.980010986328125 ], [ -74.89862060546875, -50.959171295166016 ], [ -74.943336486816406, -50.986400604248047 ], [ -74.964736938476562, -50.965839385986328 ], [ -74.925567626953125, -50.884449005126953 ], [ -74.618057250976562, -50.932231903076172 ], [ -74.584457397460938, -50.886951446533203 ], [ -74.644180297851562, -50.895561218261719 ], [ -74.6461181640625, -50.855831146240234 ], [ -74.61334228515625, -50.799728393554688 ], [ -74.657791137695312, -50.726680755615234 ], [ -74.486953735351562, -50.780841827392578 ], [ -74.459457397460938, -50.830291748046875 ], [ -74.415008544921875, -50.825569152832031 ], [ -74.394729614257812, -50.878620147705078 ], [ -74.430282592773438, -50.920280456542969 ], [ -74.3719482421875, -51.01055908203125 ], [ -74.392501831054688, -51.084178924560547 ], [ -74.41278076171875, -51.087230682373047 ], [ -74.456390380859375, -51.008060455322266 ], [ -74.6319580078125, -51.040000915527344 ], [ -74.622222900390625, -51.088340759277344 ], [ -74.720840454101562, -51.111949920654297 ] ] ], [ [ [ -74.311248779296875, -45.024650573730469 ], [ -74.364463806152344, -45.015281677246094 ], [ -74.3497314453125, -44.979728698730469 ], [ -74.183326721191406, -44.869449615478516 ], [ -73.966400146484375, -44.901679992675781 ], [ -73.9122314453125, -44.952220916748047 ], [ -73.980560302734375, -44.984451293945312 ], [ -74.1944580078125, -44.995010375976562 ], [ -74.311248779296875, -45.024650573730469 ] ] ], [ [ [ -74.022750854492188, -51.801761627197266 ], [ -74.220573425292969, -51.717510223388672 ], [ -74.2388916015625, -51.688899993896484 ], [ -74.140289306640625, -51.670280456542969 ], [ -74.152236938476562, -51.601119995117188 ], [ -74.08056640625, -51.613059997558594 ], [ -74.103897094726562, -51.551120758056641 ], [ -74.077789306640625, -51.540000915527344 ], [ -73.988067626953125, -51.665561676025391 ], [ -74.007781982421875, -51.714168548583984 ], [ -73.9263916015625, -51.756950378417969 ], [ -73.928337097167969, -51.779449462890625 ], [ -74.022750854492188, -51.801761627197266 ] ] ], [ [ [ -70.513900756835938, -54.228069305419922 ], [ -70.696952819824219, -54.183059692382812 ], [ -70.87139892578125, -54.059730529785156 ], [ -70.899169921875, -53.936119079589844 ], [ -70.841690063476562, -53.850841522216797 ], [ -70.712226867675781, -53.850288391113281 ], [ -70.640007019042969, -53.870288848876953 ], [ -70.606666564941406, -53.848339080810547 ], [ -70.629470825195312, -53.814170837402344 ], [ -70.699722290039062, -53.786388397216797 ], [ -70.71112060546875, -53.705009460449219 ], [ -70.541671752929688, -53.563339233398438 ], [ -70.486953735351562, -53.558338165283203 ], [ -70.448623657226562, -53.900279998779297 ], [ -70.354446411132812, -53.994739532470703 ], [ -70.350013732910156, -54.021671295166016 ], [ -70.398063659667969, -54.041389465332031 ], [ -70.476387023925781, -54.033618927001953 ], [ -70.67169189453125, -53.914169311523438 ], [ -70.6622314453125, -53.9727783203125 ], [ -70.532501220703125, -54.136951446533203 ], [ -70.513900756835938, -54.228069305419922 ] ] ], [ [ [ -74.146682739257812, -52.390880584716797 ], [ -74.193618774414062, -52.368900299072266 ], [ -74.1844482421875, -52.327220916748047 ], [ -74.248611450195312, -52.320560455322266 ], [ -74.1944580078125, -52.290840148925781 ], [ -74.233901977539062, -52.248611450195312 ], [ -74.20001220703125, -52.228340148925781 ], [ -74.105293273925781, -52.253898620605469 ], [ -74.271957397460938, -52.154170989990234 ], [ -74.361953735351562, -52.167499542236328 ], [ -74.416397094726562, -52.144729614257812 ], [ -74.348068237304688, -52.094451904296875 ], [ -74.300567626953125, -52.0836181640625 ], [ -73.943069458007812, -52.313610076904297 ], [ -73.976959228515625, -52.356670379638672 ], [ -74.146682739257812, -52.390880584716797 ] ] ], [ [ [ -73.741119384765625, -43.377788543701172 ], [ -73.901412963867188, -43.379459381103516 ], [ -73.946403503417969, -43.355010986328125 ], [ -74.275283813476562, -43.315288543701172 ], [ -74.387222290039062, -43.269180297851562 ], [ -74.408073425292969, -43.243621826171875 ], [ -74.219451904296875, -42.967510223388672 ], [ -74.236953735351562, -42.922508239746094 ], [ -74.182510375976562, -42.894741058349609 ], [ -74.148063659667969, -42.58612060546875 ], [ -74.21417236328125, -42.500278472900391 ], [ -74.173072814941406, -42.231960296630859 ], [ -74.0513916015625, -42.075000762939453 ], [ -74.0614013671875, -41.810840606689453 ], [ -74.028343200683594, -41.773059844970703 ], [ -73.946670532226562, -41.812789916992188 ], [ -73.917236328125, -41.778888702392578 ], [ -73.88555908203125, -41.815559387207031 ], [ -73.908622741699219, -41.844459533691406 ], [ -73.987503051757812, -41.824718475341797 ], [ -74.009452819824219, -41.841400146484375 ], [ -73.878067016601562, -41.897789001464844 ], [ -73.822776794433594, -41.859729766845703 ], [ -73.766952514648438, -41.906120300292969 ], [ -73.779716491699219, -41.856121063232422 ], [ -73.688056945800781, -41.809730529785156 ], [ -73.505569458007812, -41.839740753173828 ], [ -73.57861328125, -41.936679840087891 ], [ -73.448623657226562, -42.058338165283203 ], [ -73.450843811035156, -42.084178924560547 ], [ -73.4989013671875, -42.109729766845703 ], [ -73.49334716796875, -42.150001525878906 ], [ -73.376106262207031, -42.235851287841797 ], [ -73.387786865234375, -42.301120758056641 ], [ -73.644729614257812, -42.348339080810547 ], [ -73.682792663574219, -42.375011444091797 ], [ -73.692497253417969, -42.460289001464844 ], [ -73.615570068359375, -42.507789611816406 ], [ -73.7247314453125, -42.545291900634766 ], [ -73.781402587890625, -42.518619537353516 ], [ -73.757232666015625, -42.466400146484375 ], [ -73.797500610351562, -42.475009918212891 ], [ -73.821670532226562, -42.521129608154297 ], [ -73.743057250976562, -42.658351898193359 ], [ -73.506668090820312, -42.792781829833984 ], [ -73.486953735351562, -42.856960296630859 ], [ -73.495292663574219, -42.879169464111328 ], [ -73.701683044433594, -42.868900299072266 ], [ -73.521392822265625, -43.046951293945312 ], [ -73.579727172851562, -43.038349151611328 ], [ -73.493621826171875, -43.098068237304688 ], [ -73.495010375976562, -43.124729156494141 ], [ -73.7489013671875, -43.107509613037109 ], [ -73.773063659667969, -43.155849456787109 ], [ -73.769729614257812, -43.207511901855469 ], [ -73.702789306640625, -43.255290985107422 ], [ -73.693893432617188, -43.292789459228516 ], [ -73.741119384765625, -43.377788543701172 ] ] ], [ [ [ -73.256668090820312, -44.943061828613281 ], [ -73.398063659667969, -44.846401214599609 ], [ -73.404167175292969, -44.815830230712891 ], [ -73.212783813476562, -44.804729461669922 ], [ -73.2952880859375, -44.762779235839844 ], [ -73.369743347167969, -44.798351287841797 ], [ -73.442497253417969, -44.720840454101562 ], [ -73.464736938476562, -44.644451141357422 ], [ -73.415008544921875, -44.596118927001953 ], [ -73.235000610351562, -44.643070220947266 ], [ -73.279167175292969, -44.549739837646484 ], [ -73.254463195800781, -44.533069610595703 ], [ -73.146957397460938, -44.575000762939453 ], [ -73.129997253417969, -44.546108245849609 ], [ -73.241386413574219, -44.512500762939453 ], [ -73.260833740234375, -44.479179382324219 ], [ -73.227226257324219, -44.417228698730469 ], [ -73.177230834960938, -44.408069610595703 ], [ -73.03778076171875, -44.485008239746094 ], [ -73.092216491699219, -44.386119842529297 ], [ -72.989463806152344, -44.368350982666016 ], [ -72.928619384765625, -44.420558929443359 ], [ -72.976387023925781, -44.517509460449219 ], [ -72.956390380859375, -44.519180297851562 ], [ -72.894180297851562, -44.444171905517578 ], [ -72.788352966308594, -44.459461212158203 ], [ -72.718902587890625, -44.532230377197266 ], [ -72.807792663574219, -44.635009765625 ], [ -72.948623657226562, -44.616680145263672 ], [ -72.918327331542969, -44.656108856201172 ], [ -72.834732055664062, -44.675010681152344 ], [ -72.841133117675781, -44.710010528564453 ], [ -73.132232666015625, -44.910560607910156 ], [ -73.256668090820312, -44.943061828613281 ] ] ], [ [ [ -73.636672973632812, -45.751670837402344 ], [ -73.677352905273438, -45.751598358154297 ], [ -73.814178466796875, -45.657501220703125 ], [ -73.740837097167969, -45.606948852539062 ], [ -73.779716491699219, -45.585559844970703 ], [ -73.785003662109375, -45.531959533691406 ], [ -73.712783813476562, -45.448890686035156 ], [ -73.595840454101562, -45.458629608154297 ], [ -73.579452514648438, -45.506111145019531 ], [ -73.614730834960938, -45.638339996337891 ], [ -73.6763916015625, -45.622509002685547 ], [ -73.664459228515625, -45.657779693603516 ], [ -73.611953735351562, -45.683891296386719 ], [ -73.636672973632812, -45.751670837402344 ] ] ], [ [ [ -75.017593383789062, -51.471889495849609 ], [ -75.0130615234375, -51.437778472900391 ], [ -74.797500610351562, -51.33306884765625 ], [ -74.823623657226562, -51.328350067138672 ], [ -74.932510375976562, -51.369178771972656 ], [ -74.963058471679688, -51.347240447998047 ], [ -74.956123352050781, -51.319171905517578 ], [ -74.731399536132812, -51.198341369628906 ], [ -74.579727172851562, -51.219169616699219 ], [ -74.536392211914062, -51.279170989990234 ], [ -74.571952819824219, -51.290279388427734 ], [ -74.5755615234375, -51.337779998779297 ], [ -74.543060302734375, -51.358890533447266 ], [ -74.600570678710938, -51.406951904296875 ], [ -74.641677856445312, -51.405559539794922 ], [ -74.683326721191406, -51.288349151611328 ], [ -74.741119384765625, -51.305850982666016 ], [ -74.718902587890625, -51.343620300292969 ], [ -74.783622741699219, -51.432239532470703 ], [ -75.017593383789062, -51.471889495849609 ] ] ], [ [ [ -74.623291015625, -48.692310333251953 ], [ -75.011672973632812, -48.592231750488281 ], [ -75.030288696289062, -48.501121520996094 ], [ -74.940567016601562, -48.420009613037109 ], [ -74.843902587890625, -48.391941070556641 ], [ -74.815292358398438, -48.407791137695312 ], [ -74.809722900390625, -48.461940765380859 ], [ -74.759170532226562, -48.497509002685547 ], [ -74.706680297851562, -48.44805908203125 ], [ -74.793327331542969, -48.3880615234375 ], [ -74.813339233398438, -48.331668853759766 ], [ -74.768890380859375, -48.156951904296875 ], [ -74.742782592773438, -48.124729156494141 ], [ -74.700843811035156, -48.155010223388672 ], [ -74.680557250976562, -48.297229766845703 ], [ -74.585563659667969, -48.378059387207031 ], [ -74.581390380859375, -48.406108856201172 ], [ -74.668327331542969, -48.416400909423828 ], [ -74.60833740234375, -48.455841064453125 ], [ -74.600570678710938, -48.569728851318359 ], [ -74.544723510742188, -48.62139892578125 ], [ -74.520278930664062, -48.578620910644531 ], [ -74.485000610351562, -48.595840454101562 ], [ -74.4969482421875, -48.656108856201172 ], [ -74.623291015625, -48.692310333251953 ] ] ], [ [ [ -74.961936950683594, -52.117790222167969 ], [ -75.021591186523438, -52.088039398193359 ], [ -74.9747314453125, -52.047229766845703 ], [ -75.065567016601562, -51.998611450195312 ], [ -75.01251220703125, -51.952510833740234 ], [ -74.9727783203125, -51.824718475341797 ], [ -74.952507019042969, -51.810009002685547 ], [ -74.86834716796875, -51.875560760498047 ], [ -74.831680297851562, -51.8477783203125 ], [ -74.886123657226562, -51.781959533691406 ], [ -74.854736328125, -51.713890075683594 ], [ -74.933059692382812, -51.655559539794922 ], [ -74.903633117675781, -51.627239227294922 ], [ -74.808326721191406, -51.632789611816406 ], [ -74.765556335449219, -51.776950836181641 ], [ -74.9263916015625, -52.090839385986328 ], [ -74.961936950683594, -52.117790222167969 ] ] ], [ [ [ -75.259170532226562, -49.891681671142578 ], [ -75.311721801757812, -49.883491516113281 ], [ -75.3739013671875, -49.826129913330078 ], [ -75.351959228515625, -49.755008697509766 ], [ -75.377227783203125, -49.748340606689453 ], [ -75.536392211914062, -49.838890075683594 ], [ -75.579727172851562, -49.802780151367188 ], [ -75.591667175292969, -49.772228240966797 ], [ -75.4989013671875, -49.738620758056641 ], [ -75.5997314453125, -49.674728393554688 ], [ -75.564453125, -49.626949310302734 ], [ -75.378616333007812, -49.615291595458984 ], [ -75.245826721191406, -49.759449005126953 ], [ -75.173072814941406, -49.891399383544922 ], [ -75.230827331542969, -49.875289916992188 ], [ -75.275009155273438, -49.828899383544922 ], [ -75.259170532226562, -49.891681671142578 ] ] ], [ [ [ -72.8194580078125, -54.135841369628906 ], [ -72.92529296875, -54.119449615478516 ], [ -72.932510375976562, -54.088340759277344 ], [ -73.017227172851562, -54.091949462890625 ], [ -73.017791748046875, -54.066390991210938 ], [ -72.803337097167969, -54.065570831298828 ], [ -72.890007019042969, -54.032791137695312 ], [ -72.759742736816406, -54.032779693603516 ], [ -72.849456787109375, -53.960010528564453 ], [ -72.64862060546875, -53.867500305175781 ], [ -72.79779052734375, -53.820838928222656 ], [ -72.997222900390625, -53.873889923095703 ], [ -73.029449462890625, -53.816669464111328 ], [ -73.065567016601562, -53.813339233398438 ], [ -73.103897094726562, -53.927509307861328 ], [ -73.032791137695312, -53.987510681152344 ], [ -73.090843200683594, -54.036670684814453 ], [ -73.327507019042969, -53.967220306396484 ], [ -73.234451293945312, -53.900001525878906 ], [ -73.31390380859375, -53.844451904296875 ], [ -73.254997253417969, -53.806400299072266 ], [ -73.264183044433594, -53.765838623046875 ], [ -73.3094482421875, -53.7469482421875 ], [ -73.2489013671875, -53.728610992431641 ], [ -73.25, -53.707241058349609 ], [ -73.571952819824219, -53.759178161621094 ], [ -73.56500244140625, -53.737499237060547 ], [ -73.484733581542969, -53.710559844970703 ], [ -73.487503051757812, -53.668331146240234 ], [ -73.601119995117188, -53.663341522216797 ], [ -73.620010375976562, -53.641399383544922 ], [ -73.5977783203125, -53.589729309082031 ], [ -73.426963806152344, -53.562778472900391 ], [ -73.333343505859375, -53.591670989990234 ], [ -73.277236938476562, -53.653060913085938 ], [ -72.9586181640625, -53.670009613037109 ], [ -72.951683044433594, -53.640560150146484 ], [ -73.080001831054688, -53.656391143798828 ], [ -73.02667236328125, -53.590839385986328 ], [ -73.120010375976562, -53.651401519775391 ], [ -73.25, -53.636951446533203 ], [ -73.290008544921875, -53.612789154052734 ], [ -73.26251220703125, -53.562229156494141 ], [ -73.383621215820312, -53.517780303955078 ], [ -73.426116943359375, -53.475288391113281 ], [ -73.412513732910156, -53.463340759277344 ], [ -73.0836181640625, -53.530841827392578 ], [ -73.130569458007812, -53.488338470458984 ], [ -73.129730224609375, -53.447498321533203 ], [ -73.178337097167969, -53.427780151367188 ], [ -73.048606872558594, -53.383350372314453 ], [ -73.006393432617188, -53.493350982666016 ], [ -72.9888916015625, -53.454730987548828 ], [ -73.0130615234375, -53.408901214599609 ], [ -72.911117553710938, -53.429450988769531 ], [ -72.940567016601562, -53.530281066894531 ], [ -72.894447326660156, -53.511390686035156 ], [ -72.8719482421875, -53.538341522216797 ], [ -72.909446716308594, -53.627231597900391 ], [ -72.889450073242188, -53.674728393554688 ], [ -72.866119384765625, -53.676948547363281 ], [ -72.807792663574219, -53.535289764404297 ], [ -72.867233276367188, -53.468891143798828 ], [ -72.791397094726562, -53.479999542236328 ], [ -72.674179077148438, -53.605010986328125 ], [ -72.692230224609375, -53.667781829833984 ], [ -72.637222290039062, -53.676670074462891 ], [ -72.634170532226562, -53.590568542480469 ], [ -72.6702880859375, -53.544448852539062 ], [ -72.588348388671875, -53.564178466796875 ], [ -72.5452880859375, -53.593059539794922 ], [ -72.4827880859375, -53.573329925537109 ], [ -72.403343200683594, -53.627788543701172 ], [ -72.401947021484375, -53.658058166503906 ], [ -72.479171752929688, -53.667789459228516 ], [ -72.480827331542969, -53.693069458007812 ], [ -72.440841674804688, -53.751678466796875 ], [ -72.376106262207031, -53.693340301513672 ], [ -72.23529052734375, -53.732509613037109 ], [ -72.277786254882812, -53.761390686035156 ], [ -72.139717102050781, -53.801681518554688 ], [ -72.242233276367188, -53.875560760498047 ], [ -72.353622436523438, -53.832500457763672 ], [ -72.361953735351562, -53.856399536132812 ], [ -72.339736938476562, -53.921669006347656 ], [ -72.414459228515625, -53.895000457763672 ], [ -72.410568237304688, -53.926948547363281 ], [ -72.369453430175781, -53.957229614257812 ], [ -72.416122436523438, -53.968620300292969 ], [ -72.316963195800781, -53.994731903076172 ], [ -72.32501220703125, -54.041950225830078 ], [ -72.441116333007812, -54.046958923339844 ], [ -72.511398315429688, -53.987499237060547 ], [ -72.529167175292969, -54.095558166503906 ], [ -72.580001831054688, -54.0977783203125 ], [ -72.628067016601562, -54.023899078369141 ], [ -72.8194580078125, -54.135841369628906 ] ] ], [ [ [ -75.239730834960938, -49.073341369628906 ], [ -75.273612976074219, -49.067920684814453 ], [ -75.31500244140625, -48.950839996337891 ], [ -75.474456787109375, -49.043899536132812 ], [ -75.527786254882812, -49.007228851318359 ], [ -75.472503662109375, -48.966949462890625 ], [ -75.499183654785156, -48.965278625488281 ], [ -75.543327331542969, -48.991668701171875 ], [ -75.628341674804688, -48.980289459228516 ], [ -75.653060913085938, -48.955829620361328 ], [ -75.633621215820312, -48.868621826171875 ], [ -75.473068237304688, -48.8477783203125 ], [ -75.527511596679688, -48.907230377197266 ], [ -75.503067016601562, -48.9102783203125 ], [ -75.399169921875, -48.824169158935547 ], [ -75.401123046875, -48.901119232177734 ], [ -75.369453430175781, -48.849170684814453 ], [ -75.303070068359375, -48.870010375976562 ], [ -75.202789306640625, -49.030559539794922 ], [ -75.239730834960938, -49.073341369628906 ] ] ], [ [ [ -73.694732666015625, -52.241668701171875 ], [ -73.952507019042969, -52.061679840087891 ], [ -74.106948852539062, -51.978610992431641 ], [ -74.06390380859375, -51.906951904296875 ], [ -73.773063659667969, -52.064731597900391 ], [ -73.688606262207031, -52.204730987548828 ], [ -73.694732666015625, -52.241668701171875 ] ] ], [ [ [ -73.731399536132812, -45.284450531005859 ], [ -73.792953491210938, -45.272289276123047 ], [ -73.826400756835938, -45.240009307861328 ], [ -73.985000610351562, -45.2469482421875 ], [ -74.160842895507812, -45.147220611572266 ], [ -74.204177856445312, -45.171958923339844 ], [ -74.23333740234375, -45.165290832519531 ], [ -74.245826721191406, -45.096118927001953 ], [ -74.190567016601562, -45.037220001220703 ], [ -73.900848388671875, -44.992229461669922 ], [ -73.8466796875, -45.002780914306641 ], [ -73.718902587890625, -45.105010986328125 ], [ -73.702507019042969, -45.158901214599609 ], [ -73.731399536132812, -45.284450531005859 ] ] ], [ [ [ -68.0755615234375, -55.720569610595703 ], [ -68.135009765625, -55.68695068359375 ], [ -68.152236938476562, -55.600559234619141 ], [ -68.265007019042969, -55.623058319091797 ], [ -68.277786254882812, -55.586669921875 ], [ -68.255569458007812, -55.523899078369141 ], [ -68.376106262207031, -55.476951599121094 ], [ -68.42388916015625, -55.505008697509766 ], [ -68.539459228515625, -55.469451904296875 ], [ -68.5977783203125, -55.413898468017578 ], [ -68.665008544921875, -55.465011596679688 ], [ -68.729171752929688, -55.468059539794922 ], [ -68.786392211914062, -55.425289154052734 ], [ -68.765838623046875, -55.495288848876953 ], [ -68.885833740234375, -55.492229461669922 ], [ -68.970291137695312, -55.428611755371094 ], [ -68.940567016601562, -55.400279998779297 ], [ -68.769203186035156, -55.341670989990234 ], [ -68.9727783203125, -55.386951446533203 ], [ -68.806121826171875, -55.194171905517578 ], [ -68.952507019042969, -55.229999542236328 ], [ -68.9727783203125, -55.265560150146484 ], [ -69.042236328125, -55.267780303955078 ], [ -69.1239013671875, -55.19805908203125 ], [ -69.11279296875, -55.247509002685547 ], [ -69.1844482421875, -55.233608245849609 ], [ -69.255279541015625, -55.150848388671875 ], [ -69.378067016601562, -55.150840759277344 ], [ -69.275299072265625, -55.207500457763672 ], [ -69.468338012695312, -55.263889312744141 ], [ -69.240570068359375, -55.371120452880859 ], [ -69.301963806152344, -55.42388916015625 ], [ -69.14666748046875, -55.487499237060547 ], [ -69.163070678710938, -55.511390686035156 ], [ -69.331680297851562, -55.486671447753906 ], [ -69.3577880859375, -55.393058776855469 ], [ -69.3880615234375, -55.427230834960938 ], [ -69.402236938476562, -55.488620758056641 ], [ -69.42584228515625, -55.502780914306641 ], [ -69.435836791992188, -55.416950225830078 ], [ -69.511672973632812, -55.409999847412109 ], [ -69.518623352050781, -55.389450073242188 ], [ -69.395858764648438, -55.3638916015625 ], [ -69.487503051757812, -55.337501525878906 ], [ -69.563606262207031, -55.376399993896484 ], [ -69.6239013671875, -55.364719390869141 ], [ -69.6077880859375, -55.33612060546875 ], [ -69.722503662109375, -55.294460296630859 ], [ -69.511123657226562, -55.187778472900391 ], [ -69.5372314453125, -55.176670074462891 ], [ -69.831703186035156, -55.259449005126953 ], [ -69.921676635742188, -55.227779388427734 ], [ -69.84417724609375, -55.167240142822266 ], [ -70.019447326660156, -55.168891906738281 ], [ -70.009452819824219, -55.130001068115234 ], [ -69.793060302734375, -55.054729461669922 ], [ -69.589736938476562, -55.041679382324219 ], [ -69.564178466796875, -55.128341674804688 ], [ -69.533622741699219, -55.145839691162109 ], [ -69.545562744140625, -55.045009613037109 ], [ -69.434722900390625, -55.022781372070312 ], [ -69.337783813476562, -55.055278778076172 ], [ -69.386123657226562, -55.022781372070312 ], [ -69.289459228515625, -54.988620758056641 ], [ -68.826133728027344, -54.983341217041016 ], [ -68.516403198242188, -54.930839538574219 ], [ -68.391403198242188, -54.969879150390625 ], [ -68.337783813476562, -55.008338928222656 ], [ -68.328338623046875, -55.061679840087891 ], [ -68.368057250976562, -55.073329925537109 ], [ -68.43695068359375, -55.037509918212891 ], [ -68.435012817382812, -55.083889007568359 ], [ -68.515007019042969, -55.1138916015625 ], [ -68.60028076171875, -55.073890686035156 ], [ -68.597503662109375, -55.094451904296875 ], [ -68.568893432617188, -55.112228393554688 ], [ -68.579742431640625, -55.144451141357422 ], [ -68.760726928710938, -55.121730804443359 ], [ -69.027236938476562, -55.023349761962891 ], [ -69.058326721191406, -55.038059234619141 ], [ -69.059173583984375, -55.062778472900391 ], [ -68.567497253417969, -55.191951751708984 ], [ -68.386123657226562, -55.185009002685547 ], [ -68.210563659667969, -55.265010833740234 ], [ -68.242507934570312, -55.290840148925781 ], [ -68.588058471679688, -55.312511444091797 ], [ -68.693359375, -55.268058776855469 ], [ -68.597503662109375, -55.3638916015625 ], [ -68.482513427734375, -55.326389312744141 ], [ -68.343902587890625, -55.346950531005859 ], [ -68.32861328125, -55.403621673583984 ], [ -68.1864013671875, -55.393070220947266 ], [ -68.14501953125, -55.417781829833984 ], [ -68.176681518554688, -55.463069915771484 ], [ -68.064178466796875, -55.470558166503906 ], [ -68.09722900390625, -55.511119842529297 ], [ -68.043899536132812, -55.5836181640625 ], [ -67.96417236328125, -55.593341827392578 ], [ -68.033340454101562, -55.656951904296875 ], [ -67.979446411132812, -55.671951293945312 ], [ -68.0755615234375, -55.720569610595703 ] ] ], [ [ [ -74.685562133789062, -50.050289154052734 ], [ -74.674453735351562, -49.999729156494141 ], [ -74.784713745117188, -50.048828125 ], [ -74.816390991210938, -50.024169921875 ], [ -74.8638916015625, -50.020561218261719 ], [ -74.853622436523438, -49.985851287841797 ], [ -74.748611450195312, -49.929180145263672 ], [ -74.662513732910156, -49.955280303955078 ], [ -74.710563659667969, -49.906398773193359 ], [ -74.7489013671875, -49.902790069580078 ], [ -74.874183654785156, -49.959171295166016 ], [ -74.9072265625, -49.941120147705078 ], [ -74.905006408691406, -49.881961822509766 ], [ -74.867782592773438, -49.865291595458984 ], [ -74.801681518554688, -49.880840301513672 ], [ -74.732513427734375, -49.851108551025391 ], [ -74.831390380859375, -49.850849151611328 ], [ -74.8255615234375, -49.817218780517578 ], [ -74.767227172851562, -49.778339385986328 ], [ -74.800003051757812, -49.76055908203125 ], [ -74.860000610351562, -49.805561065673828 ], [ -74.886947631835938, -49.783058166503906 ], [ -74.9202880859375, -49.683059692382812 ], [ -74.842216491699219, -49.693618774414062 ], [ -74.900283813476562, -49.648899078369141 ], [ -74.890007019042969, -49.614181518554688 ], [ -74.747222900390625, -49.627239227294922 ], [ -74.875, -49.584461212158203 ], [ -74.889450073242188, -49.541400909423828 ], [ -74.78472900390625, -49.477790832519531 ], [ -74.736679077148438, -49.524181365966797 ], [ -74.757781982421875, -49.463348388671875 ], [ -74.648063659667969, -49.361679077148438 ], [ -74.675567626953125, -49.358619689941406 ], [ -74.870010375976562, -49.510009765625 ], [ -74.894180297851562, -49.4747314453125 ], [ -74.9102783203125, -49.522789001464844 ], [ -74.949447631835938, -49.544170379638672 ], [ -74.973617553710938, -49.474720001220703 ], [ -75.009452819824219, -49.538341522216797 ], [ -74.997512817382812, -49.582778930664062 ], [ -75.041122436523438, -49.593349456787109 ], [ -75.012786865234375, -49.678901672363281 ], [ -74.9586181640625, -49.632228851318359 ], [ -74.957229614257812, -49.666950225830078 ], [ -75.025283813476562, -49.751399993896484 ], [ -74.962783813476562, -49.760009765625 ], [ -74.98638916015625, -49.809169769287109 ], [ -75.044166564941406, -49.825000762939453 ], [ -75.004997253417969, -49.858608245849609 ], [ -75.011947631835938, -49.899169921875 ], [ -75.136123657226562, -49.857509613037109 ], [ -75.216667175292969, -49.754451751708984 ], [ -75.202507019042969, -49.713069915771484 ], [ -75.295562744140625, -49.640010833740234 ], [ -75.293617248535156, -49.612510681152344 ], [ -75.233612060546875, -49.566959381103516 ], [ -75.310012817382812, -49.557239532470703 ], [ -75.255569458007812, -49.499179840087891 ], [ -75.335563659667969, -49.512790679931641 ], [ -75.35833740234375, -49.437789916992188 ], [ -75.439178466796875, -49.458339691162109 ], [ -75.471122741699219, -49.331680297851562 ], [ -75.439453125, -49.290851593017578 ], [ -75.386672973632812, -49.278900146484375 ], [ -75.190567016601562, -49.475570678710938 ], [ -75.323333740234375, -49.280010223388672 ], [ -75.308326721191406, -49.259449005126953 ], [ -75.267227172851562, -49.260009765625 ], [ -75.15667724609375, -49.377788543701172 ], [ -75.093902587890625, -49.370571136474609 ], [ -75.156951904296875, -49.350841522216797 ], [ -75.1844482421875, -49.290851593017578 ], [ -75.103897094726562, -49.326961517333984 ], [ -75.110572814941406, -49.278888702392578 ], [ -75.036956787109375, -49.266120910644531 ], [ -74.914726257324219, -49.366111755371094 ], [ -74.889450073242188, -49.328350067138672 ], [ -74.855560302734375, -49.115570068359375 ], [ -74.8013916015625, -49.105010986328125 ], [ -74.951400756835938, -49.009449005126953 ], [ -74.853897094726562, -48.972511291503906 ], [ -74.815567016601562, -49.008621215820312 ], [ -74.823623657226562, -48.940841674804688 ], [ -74.9747314453125, -48.972789764404297 ], [ -75.023902893066406, -48.902511596679688 ], [ -74.8719482421875, -48.847240447998047 ], [ -75.03167724609375, -48.875 ], [ -75.0614013671875, -48.846950531005859 ], [ -75.0513916015625, -48.79833984375 ], [ -74.943069458007812, -48.829170227050781 ], [ -75.0069580078125, -48.780281066894531 ], [ -74.836402893066406, -48.695850372314453 ], [ -74.799179077148438, -48.751399993896484 ], [ -74.777786254882812, -48.688060760498047 ], [ -74.689727783203125, -48.689178466796875 ], [ -74.621673583984375, -48.727790832519531 ], [ -74.665283203125, -48.851119995117188 ], [ -74.626678466796875, -48.854179382324219 ], [ -74.605827331542969, -48.750839233398438 ], [ -74.556671142578125, -48.705841064453125 ], [ -74.533340454101562, -48.716949462890625 ], [ -74.530006408691406, -48.870830535888672 ], [ -74.565567016601562, -48.909450531005859 ], [ -74.504463195800781, -48.89862060546875 ], [ -74.46917724609375, -48.961940765380859 ], [ -74.526947021484375, -49.029449462890625 ], [ -74.4586181640625, -49.112789154052734 ], [ -74.466667175292969, -49.408618927001953 ], [ -74.4888916015625, -49.474460601806641 ], [ -74.5452880859375, -49.514171600341797 ], [ -74.4989013671875, -49.584728240966797 ], [ -74.5264892578125, -49.632080078125 ], [ -74.471122741699219, -49.624179840087891 ], [ -74.42388916015625, -49.668331146240234 ], [ -74.414169311523438, -49.739459991455078 ], [ -74.440567016601562, -49.756679534912109 ], [ -74.5130615234375, -49.754730224609375 ], [ -74.43890380859375, -49.7852783203125 ], [ -74.441116333007812, -49.883350372314453 ], [ -74.525283813476562, -49.86138916015625 ], [ -74.464736938476562, -49.922779083251953 ], [ -74.494743347167969, -49.959178924560547 ], [ -74.53167724609375, -49.965568542480469 ], [ -74.62139892578125, -50.045009613037109 ], [ -74.685562133789062, -50.050289154052734 ] ] ], [ [ [ -75.2086181640625, -50.433620452880859 ], [ -75.3211669921875, -50.430751800537109 ], [ -75.31500244140625, -50.396671295166016 ], [ -75.205291748046875, -50.319450378417969 ], [ -75.4444580078125, -50.369178771972656 ], [ -75.454727172851562, -50.316398620605469 ], [ -75.3880615234375, -50.160568237304688 ], [ -75.351959228515625, -50.142791748046875 ], [ -75.261123657226562, -50.163059234619141 ], [ -75.255569458007812, -50.177780151367188 ], [ -75.34722900390625, -50.194461822509766 ], [ -75.332496643066406, -50.220851898193359 ], [ -75.185836791992188, -50.259731292724609 ], [ -75.146392822265625, -50.251670837402344 ], [ -75.115837097167969, -50.148338317871094 ], [ -75.288070678710938, -50.128059387207031 ], [ -75.394180297851562, -50.057788848876953 ], [ -75.322242736816406, -50.003341674804688 ], [ -75.290008544921875, -50.003890991210938 ], [ -75.273063659667969, -50.063339233398438 ], [ -75.172500610351562, -50.023609161376953 ], [ -75.1219482421875, -50.040008544921875 ], [ -75.065292358398438, -50.116119384765625 ], [ -74.960563659667969, -50.074451446533203 ], [ -74.961936950683594, -50.119449615478516 ], [ -75.071952819824219, -50.18695068359375 ], [ -74.863616943359375, -50.164730072021484 ], [ -74.856117248535156, -50.12139892578125 ], [ -74.812232971191406, -50.116950988769531 ], [ -74.789726257324219, -50.149448394775391 ], [ -74.808326721191406, -50.211399078369141 ], [ -74.916313171386719, -50.237079620361328 ], [ -75.0513916015625, -50.294719696044922 ], [ -75.2086181640625, -50.433620452880859 ] ] ], [ [ [ -74.28955078125, -44.804031372070312 ], [ -74.352226257324219, -44.773899078369141 ], [ -74.381668090820312, -44.740280151367188 ], [ -74.317779541015625, -44.712501525878906 ], [ -74.4102783203125, -44.696670532226562 ], [ -74.4122314453125, -44.639728546142578 ], [ -74.2630615234375, -44.602500915527344 ], [ -73.995292663574219, -44.607780456542969 ], [ -73.919723510742188, -44.638069152832031 ], [ -73.873611450195312, -44.686958312988281 ], [ -74.28955078125, -44.804031372070312 ] ] ], [ [ [ -74.4852294921875, -45.757350921630859 ], [ -74.49945068359375, -45.732509613037109 ], [ -74.448898315429688, -45.642791748046875 ], [ -74.491386413574219, -45.610569000244141 ], [ -74.449722290039062, -45.592510223388672 ], [ -74.468902587890625, -45.552509307861328 ], [ -74.433616638183594, -45.468349456787109 ], [ -74.399169921875, -45.444171905517578 ], [ -74.285842895507812, -45.484729766845703 ], [ -74.220840454101562, -45.604450225830078 ], [ -74.2327880859375, -45.677780151367188 ], [ -74.4852294921875, -45.757350921630859 ] ] ], [ [ [ -74.71453857421875, -50.889598846435547 ], [ -74.921401977539062, -50.856960296630859 ], [ -74.936111450195312, -50.835281372070312 ], [ -74.908340454101562, -50.795558929443359 ], [ -74.956947326660156, -50.748889923095703 ], [ -74.9505615234375, -50.726390838623047 ], [ -74.844451904296875, -50.749168395996094 ], [ -74.906402587890625, -50.706401824951172 ], [ -74.866958618164062, -50.685558319091797 ], [ -74.827789306640625, -50.709461212158203 ], [ -74.827217102050781, -50.664451599121094 ], [ -74.7489013671875, -50.701961517333984 ], [ -74.715286254882812, -50.804180145263672 ], [ -74.725013732910156, -50.850009918212891 ], [ -74.672233581542969, -50.814449310302734 ], [ -74.671401977539062, -50.866119384765625 ], [ -74.71453857421875, -50.889598846435547 ] ] ], [ [ [ -75.056930541992188, -48.436000823974609 ], [ -75.255569458007812, -48.077789306640625 ], [ -75.164459228515625, -48.078060150146484 ], [ -74.930282592773438, -48.152240753173828 ], [ -74.8961181640625, -48.214450836181641 ], [ -74.8114013671875, -48.172508239746094 ], [ -74.805557250976562, -48.220001220703125 ], [ -74.837226867675781, -48.361949920654297 ], [ -75.056930541992188, -48.436000823974609 ] ] ], [ [ [ -73.952789306640625, -52.709758758544922 ], [ -73.846389770507812, -52.601951599121094 ], [ -73.970840454101562, -52.665000915527344 ], [ -73.968612670898438, -52.620288848876953 ], [ -73.8719482421875, -52.5614013671875 ], [ -73.886947631835938, -52.553619384765625 ], [ -74.039459228515625, -52.632778167724609 ], [ -74.078338623046875, -52.619731903076172 ], [ -73.998611450195312, -52.528339385986328 ], [ -73.770843505859375, -52.404449462890625 ], [ -73.728347778320312, -52.4091796875 ], [ -73.670562744140625, -52.476108551025391 ], [ -73.786117553710938, -52.557788848876953 ], [ -73.728897094726562, -52.590839385986328 ], [ -73.802513122558594, -52.694461822509766 ], [ -73.952789306640625, -52.709758758544922 ] ] ], [ [ [ -74.870010375976562, -48.069171905517578 ], [ -75.01611328125, -48.040279388427734 ], [ -75.023902893066406, -48.000278472900391 ], [ -75.09722900390625, -47.988899230957031 ], [ -75.246063232421875, -48.040470123291016 ], [ -75.237228393554688, -47.979179382324219 ], [ -75.067497253417969, -47.9344482421875 ], [ -74.954727172851562, -47.948619842529297 ], [ -74.957496643066406, -47.893619537353516 ], [ -74.834457397460938, -47.807788848876953 ], [ -74.815567016601562, -47.814998626708984 ], [ -74.807510375976562, -47.911670684814453 ], [ -74.851959228515625, -47.951950073242188 ], [ -74.805557250976562, -48.036399841308594 ], [ -74.870010375976562, -48.069171905517578 ] ] ], [ [ [ -71.142227172851562, -54.384170532226562 ], [ -71.186416625976562, -54.336399078369141 ], [ -71.193336486816406, -54.370559692382812 ], [ -71.3477783203125, -54.310840606689453 ], [ -71.3477783203125, -54.289730072021484 ], [ -71.21917724609375, -54.241950988769531 ], [ -71.235000610351562, -54.212230682373047 ], [ -71.267227172851562, -54.249729156494141 ], [ -71.314453125, -54.256671905517578 ], [ -71.331123352050781, -54.207500457763672 ], [ -71.357803344726562, -54.24945068359375 ], [ -71.434722900390625, -54.214450836181641 ], [ -71.440292358398438, -54.176670074462891 ], [ -71.40667724609375, -54.127239227294922 ], [ -71.4989013671875, -54.180561065673828 ], [ -71.538070678710938, -54.270839691162109 ], [ -71.586669921875, -54.245559692382812 ], [ -71.591949462890625, -54.210281372070312 ], [ -71.631393432617188, -54.242790222167969 ], [ -71.6622314453125, -54.233070373535156 ], [ -71.699447631835938, -54.161128997802734 ], [ -71.587783813476562, -54.094730377197266 ], [ -71.6602783203125, -53.997219085693359 ], [ -71.627792358398438, -53.954730987548828 ], [ -71.5694580078125, -53.941959381103516 ], [ -71.515007019042969, -53.991680145263672 ], [ -71.479171752929688, -53.943889617919922 ], [ -71.424179077148438, -54.014171600341797 ], [ -71.406402587890625, -54.070289611816406 ], [ -71.3739013671875, -54.034450531005859 ], [ -71.392501831054688, -53.969451904296875 ], [ -71.28179931640625, -54.013690948486328 ], [ -71.239730834960938, -54.169448852539062 ], [ -71.214736938476562, -54.166671752929688 ], [ -71.1763916015625, -54.086399078369141 ], [ -71.16973876953125, -54.154449462890625 ], [ -71.138900756835938, -54.153900146484375 ], [ -71.130569458007812, -54.088890075683594 ], [ -71.081947326660156, -54.0625 ], [ -71.016403198242188, -54.093059539794922 ], [ -70.986953735351562, -54.270278930664062 ], [ -71.051406860351562, -54.331390380859375 ], [ -71.156402587890625, -54.303340911865234 ], [ -71.0836181640625, -54.336669921875 ], [ -71.105560302734375, -54.377498626708984 ], [ -71.142227172851562, -54.384170532226562 ] ] ], [ [ [ -75.327911376953125, -50.793109893798828 ], [ -75.335563659667969, -50.744998931884766 ], [ -75.384742736816406, -50.775840759277344 ], [ -75.449447631835938, -50.769180297851562 ], [ -75.455001831054688, -50.713901519775391 ], [ -75.400283813476562, -50.679458618164062 ], [ -75.511123657226562, -50.667499542236328 ], [ -75.463058471679688, -50.618610382080078 ], [ -75.360000610351562, -50.591121673583984 ], [ -75.461669921875, -50.510841369628906 ], [ -75.416671752929688, -50.467231750488281 ], [ -75.095840454101562, -50.497230529785156 ], [ -75.129997253417969, -50.550289154052734 ], [ -75.214447021484375, -50.559169769287109 ], [ -75.192497253417969, -50.595840454101562 ], [ -75.250556945800781, -50.597240447998047 ], [ -75.306671142578125, -50.550830841064453 ], [ -75.33612060546875, -50.573890686035156 ], [ -75.260833740234375, -50.629169464111328 ], [ -75.327911376953125, -50.793109893798828 ] ] ], [ [ [ -73.101959228515625, -53.367511749267578 ], [ -73.318336486816406, -53.352230072021484 ], [ -73.419448852539062, -53.288898468017578 ], [ -73.479736328125, -53.328899383544922 ], [ -73.587783813476562, -53.318061828613281 ], [ -73.611953735351562, -53.292781829833984 ], [ -73.501106262207031, -53.305278778076172 ], [ -73.718902587890625, -53.136398315429688 ], [ -73.730293273925781, -53.171669006347656 ], [ -73.877792358398438, -53.056678771972656 ], [ -73.905288696289062, -53.086399078369141 ], [ -74.1461181640625, -53.097499847412109 ], [ -74.239730834960938, -53.036960601806641 ], [ -74.232513427734375, -53.089168548583984 ], [ -74.307510375976562, -53.101959228515625 ], [ -74.452217102050781, -52.970279693603516 ], [ -74.574447631835938, -52.937229156494141 ], [ -74.596389770507812, -52.827510833740234 ], [ -74.739463806152344, -52.766670227050781 ], [ -74.701683044433594, -52.719730377197266 ], [ -74.664642333984375, -52.729278564453125 ], [ -74.379463195800781, -52.868339538574219 ], [ -74.406402587890625, -52.920841217041016 ], [ -74.212783813476562, -52.957511901855469 ], [ -74.179168701171875, -52.945560455322266 ], [ -74.134170532226562, -52.992511749267578 ], [ -74.085281372070312, -52.961109161376953 ], [ -73.951950073242188, -52.992229461669922 ], [ -73.955001831054688, -53.010841369628906 ], [ -73.898063659667969, -53.03778076171875 ], [ -73.8961181640625, -53.006118774414062 ], [ -73.6219482421875, -53.151119232177734 ], [ -73.656402587890625, -53.061119079589844 ], [ -73.6077880859375, -53.065280914306641 ], [ -73.536117553710938, -53.149169921875 ], [ -73.573623657226562, -53.190280914306641 ], [ -73.5211181640625, -53.260829925537109 ], [ -73.469451904296875, -53.226669311523438 ], [ -73.502792358398438, -53.145290374755859 ], [ -73.473892211914062, -53.13555908203125 ], [ -73.392227172851562, -53.174179077148438 ], [ -73.309722900390625, -53.238338470458984 ], [ -73.368057250976562, -53.269741058349609 ], [ -73.102508544921875, -53.341960906982422 ], [ -73.101959228515625, -53.367511749267578 ] ] ], [ [ [ -70.4033203125, -18.347990036010742 ], [ -70.178329467773438, -18.328889846801758 ], [ -69.965843200683594, -18.256109237670898 ], [ -69.841667175292969, -18.128620147705078 ], [ -69.769172668457031, -17.946950912475586 ], [ -69.848342895507812, -17.716669082641602 ], [ -69.81500244140625, -17.652229309082031 ], [ -69.684158325195312, -17.663619995117188 ], [ -69.499732971191406, -17.505279541015625 ], [ -69.491378784179688, -17.628889083862305 ], [ -69.335563659667969, -17.781389236450195 ], [ -69.303329467773438, -17.963340759277344 ], [ -69.265556335449219, -17.96360969543457 ], [ -69.139717102050781, -18.027500152587891 ], [ -69.07861328125, -18.018060684204102 ], [ -69.07501220703125, -18.077230453491211 ], [ -69.148063659667969, -18.137779235839844 ], [ -69.027236938476562, -18.466390609741211 ], [ -69.000839233398438, -18.743059158325195 ], [ -68.932769775390625, -18.882780075073242 ], [ -68.952499389648438, -18.967500686645508 ], [ -68.740829467773438, -19.177780151367188 ], [ -68.46221923828125, -19.398889541625977 ], [ -68.4375, -19.437229156494141 ], [ -68.480827331542969, -19.444450378417969 ], [ -68.684951782226562, -19.700839996337891 ], [ -68.696952819824219, -19.740560531616211 ], [ -68.541107177734375, -19.844730377197266 ], [ -68.574447631835938, -20.057510375976562 ], [ -68.650558471679688, -20.056669235229492 ], [ -68.786941528320312, -20.103340148925781 ], [ -68.77471923828125, -20.131669998168945 ], [ -68.710281372070312, -20.149169921875 ], [ -68.726097106933594, -20.231109619140625 ], [ -68.668327331542969, -20.327779769897461 ], [ -68.75750732421875, -20.376110076904297 ], [ -68.74945068359375, -20.433059692382812 ], [ -68.684738159179688, -20.509729385375977 ], [ -68.488601684570312, -20.607780456542969 ], [ -68.466110229492188, -20.644729614257812 ], [ -68.567497253417969, -20.742229461669922 ], [ -68.550827026367188, -20.909450531005859 ], [ -68.500289916992188, -20.939449310302734 ], [ -68.421112060546875, -20.939170837402344 ], [ -68.188606262207031, -21.29694938659668 ], [ -68.188606262207031, -21.606389999389648 ], [ -68.105827331542969, -21.742500305175781 ], [ -68.084442138671875, -21.966949462890625 ], [ -67.970550537109375, -22.064729690551758 ], [ -67.922500610351562, -22.241949081420898 ], [ -67.935821533203125, -22.296119689941406 ], [ -67.886123657226562, -22.438339233398438 ], [ -67.876388549804688, -22.828060150146484 ], [ -67.793327331542969, -22.878059387207031 ], [ -67.579452514648438, -22.901119232177734 ], [ -67.183670043945312, -22.821559906005859 ], [ -67.001106262207031, -23.002780914306641 ], [ -67.151321411132812, -23.397649765014648 ], [ -67.339996337890625, -24.023899078369141 ], [ -68.25250244140625, -24.396390914916992 ], [ -68.289436340332031, -24.457780838012695 ], [ -68.392227172851562, -24.505840301513672 ], [ -68.443878173828125, -24.62639045715332 ], [ -68.491096496582031, -24.606670379638672 ], [ -68.571670532226562, -24.805280685424805 ], [ -68.545272827148438, -24.873619079589844 ], [ -68.455001831054688, -24.905000686645508 ], [ -68.354446411132812, -25.129169464111328 ], [ -68.50250244140625, -25.177230834960938 ], [ -68.5755615234375, -25.354999542236328 ], [ -68.595283508300781, -25.505559921264648 ], [ -68.484733581542969, -25.778339385986328 ], [ -68.404167175292969, -26.17388916015625 ], [ -68.570556640625, -26.317499160766602 ], [ -68.579727172851562, -26.520559310913086 ], [ -68.287216186523438, -26.915279388427734 ], [ -68.320281982421875, -27.044729232788086 ], [ -68.525283813476562, -27.088340759277344 ], [ -68.588333129882812, -27.169719696044922 ], [ -68.7388916015625, -27.103340148925781 ], [ -68.811111450195312, -27.120559692382812 ], [ -68.87860107421875, -27.237499237060547 ], [ -68.865837097167969, -27.288059234619141 ], [ -68.939163208007812, -27.417219161987305 ], [ -69.0069580078125, -27.458890914916992 ], [ -69.186111450195312, -27.965839385986328 ], [ -69.304443359375, -28.003620147705078 ], [ -69.410293579101562, -28.212499618530273 ], [ -69.476387023925781, -28.191389083862305 ], [ -69.529998779296875, -28.312229156494141 ], [ -69.656951904296875, -28.405279159545898 ], [ -69.666412353515625, -28.572780609130859 ], [ -69.704452514648438, -28.593339920043945 ], [ -69.800277709960938, -29.108060836791992 ], [ -70.0272216796875, -29.281949996948242 ], [ -70.035003662109375, -29.354999542236328 ], [ -70.003067016601562, -29.42388916015625 ], [ -69.961669921875, -29.680559158325195 ], [ -69.917503356933594, -29.713340759277344 ], [ -69.905838012695312, -29.814449310302734 ], [ -69.967498779296875, -30.088619232177734 ], [ -69.841667175292969, -30.120559692382812 ], [ -69.827499389648438, -30.158889770507812 ], [ -69.897781372070312, -30.322509765625 ], [ -69.944442749023438, -30.37639045715332 ], [ -70.044158935546875, -30.396669387817383 ], [ -70.130546569824219, -30.354719161987305 ], [ -70.16583251953125, -30.370840072631836 ], [ -70.134170532226562, -30.439720153808594 ], [ -70.300277709960938, -30.776390075683594 ], [ -70.330001831054688, -30.953609466552734 ], [ -70.258056640625, -31.039169311523438 ], [ -70.313606262207031, -31.031949996948242 ], [ -70.420272827148438, -31.154169082641602 ], [ -70.445541381835938, -31.093059539794922 ], [ -70.471389770507812, -31.098060607910156 ], [ -70.533332824707031, -31.188060760498047 ], [ -70.58721923828125, -31.566669464111328 ], [ -70.468887329101562, -31.808900833129883 ], [ -70.416397094726562, -31.878339767456055 ], [ -70.278343200683594, -31.897220611572266 ], [ -70.231948852539062, -31.968889236450195 ], [ -70.273063659667969, -32.048069000244141 ], [ -70.331680297851562, -32.039180755615234 ], [ -70.379989624023438, -32.051670074462891 ], [ -70.329177856445312, -32.197231292724609 ], [ -70.235000610351562, -32.326400756835938 ], [ -70.232772827148438, -32.425838470458984 ], [ -70.166107177734375, -32.458900451660156 ], [ -70.1461181640625, -32.506118774414062 ], [ -70.171112060546875, -32.607791900634766 ], [ -70.144172668457031, -32.761680603027344 ], [ -69.992767333984375, -32.895561218261719 ], [ -70.101669311523438, -33.030010223388672 ], [ -70.098892211914062, -33.172508239746094 ], [ -70.023063659667969, -33.270290374755859 ], [ -69.976936340332031, -33.298900604248047 ], [ -69.935546875, -33.243621826171875 ], [ -69.89862060546875, -33.237510681152344 ], [ -69.79833984375, -33.286128997802734 ], [ -69.779167175292969, -33.405559539794922 ], [ -69.870269775390625, -33.564449310302734 ], [ -69.848342895507812, -33.724170684814453 ], [ -69.904167175292969, -33.769168853759766 ], [ -69.900283813476562, -33.960830688476562 ], [ -69.849166870117188, -33.971950531005859 ], [ -69.866096496582031, -34.143901824951172 ], [ -69.81304931640625, -34.229721069335938 ], [ -69.828338623046875, -34.250850677490234 ], [ -70.023902893066406, -34.275009155273438 ], [ -70.05499267578125, -34.298351287841797 ], [ -70.047500610351562, -34.409168243408203 ], [ -70.224716186523438, -34.595279693603516 ], [ -70.235549926757812, -34.666950225830078 ], [ -70.313606262207031, -34.748889923095703 ], [ -70.263633728027344, -34.79779052734375 ], [ -70.3619384765625, -35.004451751708984 ], [ -70.361656188964844, -35.142501831054688 ], [ -70.386123657226562, -35.171669006347656 ], [ -70.5413818359375, -35.208900451660156 ], [ -70.5694580078125, -35.254459381103516 ], [ -70.550277709960938, -35.296669006347656 ], [ -70.423316955566406, -35.340839385986328 ], [ -70.460830688476562, -35.388339996337891 ], [ -70.3961181640625, -35.515010833740234 ], [ -70.420272827148438, -35.643619537353516 ], [ -70.337783813476562, -35.808338165283203 ], [ -70.40972900390625, -35.963619232177734 ], [ -70.369453430175781, -36.046680450439453 ], [ -70.426666259765625, -36.135551452636719 ], [ -70.580001831054688, -36.14862060546875 ], [ -70.706672668457031, -36.277500152587891 ], [ -70.7005615234375, -36.409160614013672 ], [ -70.730827331542969, -36.424720764160156 ], [ -70.893623352050781, -36.4022216796875 ], [ -70.94110107421875, -36.484439849853516 ], [ -71.03778076171875, -36.486110687255859 ], [ -71.057502746582031, -36.562778472900391 ], [ -71.043327331542969, -36.679729461669922 ], [ -71.063606262207031, -36.699451446533203 ], [ -71.107498168945312, -36.675559997558594 ], [ -71.138343811035156, -36.690830230712891 ], [ -71.186943054199219, -36.848888397216797 ], [ -71.129989624023438, -36.962230682373047 ], [ -71.200286865234375, -36.975830078125 ], [ -71.079452514648438, -37.104171752929688 ], [ -71.196662902832031, -37.313621520996094 ], [ -71.109733581542969, -37.453609466552734 ], [ -71.112213134765625, -37.489448547363281 ], [ -71.180282592773438, -37.634731292724609 ], [ -71.1763916015625, -37.713340759277344 ], [ -71.077217102050781, -37.942230224609375 ], [ -70.970840454101562, -38.418060302734375 ], [ -70.825843811035156, -38.551670074462891 ], [ -70.835281372070312, -38.600009918212891 ], [ -70.876663208007812, -38.638900756835938 ], [ -70.869453430175781, -38.694999694824219 ], [ -71.059432983398438, -38.750289916992188 ], [ -71.397781372070312, -38.916110992431641 ], [ -71.418609619140625, -38.960559844970703 ], [ -71.403060913085938, -39.090278625488281 ], [ -71.404449462890625, -39.333061218261719 ], [ -71.473052978515625, -39.393901824951172 ], [ -71.451950073242188, -39.438331604003906 ], [ -71.541107177734375, -39.531391143798828 ], [ -71.485816955566406, -39.557510375976562 ], [ -71.488327026367188, -39.593059539794922 ], [ -71.51611328125, -39.620281219482422 ], [ -71.685546875, -39.569450378417969 ], [ -71.710563659667969, -39.637218475341797 ], [ -71.669448852539062, -39.857231140136719 ], [ -71.605827331542969, -39.906391143798828 ], [ -71.67083740234375, -40.100559234619141 ], [ -71.806106567382812, -40.093620300292969 ], [ -71.807502746582031, -40.168338775634766 ], [ -71.7913818359375, -40.245838165283203 ], [ -71.715560913085938, -40.304168701171875 ], [ -71.702499389648438, -40.276401519775391 ], [ -71.664436340332031, -40.303340911865234 ], [ -71.7197265625, -40.427780151367188 ], [ -71.7913818359375, -40.415279388427734 ], [ -71.837783813476562, -40.531681060791016 ], [ -71.9505615234375, -40.732769012451172 ], [ -71.837509155273438, -40.953899383544922 ], [ -71.899436950683594, -41.358619689941406 ], [ -71.8397216796875, -41.568340301513672 ], [ -71.918060302734375, -41.626388549804688 ], [ -71.735000610351562, -42.103900909423828 ], [ -71.914169311523438, -42.178058624267578 ], [ -71.970550537109375, -42.125 ], [ -72.017776489257812, -42.133609771728516 ], [ -72.131668090820312, -42.281940460205078 ], [ -72.043327331542969, -42.366401672363281 ], [ -72.071670532226562, -42.429729461669922 ], [ -72.025833129882812, -42.477500915527344 ], [ -72.113616943359375, -42.528881072998047 ], [ -72.132217407226562, -42.659999847412109 ], [ -72.102493286132812, -42.848609924316406 ], [ -72.139717102050781, -42.991390228271484 ], [ -72.106376647949219, -43.055000305175781 ], [ -72.053047180175781, -43.104721069335938 ], [ -71.751106262207031, -43.167510986328125 ], [ -71.732772827148438, -43.188060760498047 ], [ -71.7369384765625, -43.293071746826172 ], [ -71.922500610351562, -43.378059387207031 ], [ -71.921943664550781, -43.457790374755859 ], [ -71.869720458984375, -43.456401824951172 ], [ -71.8477783203125, -43.481391906738281 ], [ -71.874160766601562, -43.536670684814453 ], [ -71.707229614257812, -43.592231750488281 ], [ -71.690277099609375, -43.672508239746094 ], [ -71.809432983398438, -43.73638916015625 ], [ -71.7772216796875, -43.779449462890625 ], [ -71.741943359375, -43.768341064453125 ], [ -71.694992065429688, -43.877780914306641 ], [ -71.648826599121094, -43.923160552978516 ], [ -71.660003662109375, -43.96112060546875 ], [ -71.852493286132812, -44.105289459228516 ], [ -71.794158935546875, -44.312511444091797 ], [ -71.8538818359375, -44.365291595458984 ], [ -71.8336181640625, -44.397781372070312 ], [ -71.20361328125, -44.426959991455078 ], [ -71.110282897949219, -44.528060913085938 ], [ -71.126388549804688, -44.575839996337891 ], [ -71.212783813476562, -44.628341674804688 ], [ -71.233322143554688, -44.66278076171875 ], [ -71.220283508300781, -44.733329772949219 ], [ -71.2711181640625, -44.794460296630859 ], [ -71.3397216796875, -44.803340911865234 ], [ -71.482772827148438, -44.744449615478516 ], [ -71.938316345214844, -44.7841796875 ], [ -72.052223205566406, -44.753890991210938 ], [ -72.081123352050781, -44.774730682373047 ], [ -72.071121215820312, -44.897789001464844 ], [ -71.591667175292969, -44.971389770507812 ], [ -71.498046875, -45.0755615234375 ], [ -71.45361328125, -45.159168243408203 ], [ -71.330001831054688, -45.228328704833984 ], [ -71.296951293945312, -45.305839538574219 ], [ -71.506668090820312, -45.411380767822266 ], [ -71.467498779296875, -45.477500915527344 ], [ -71.502792358398438, -45.515560150146484 ], [ -71.707496643066406, -45.536960601806641 ], [ -71.740829467773438, -45.584171295166016 ], [ -71.791946411132812, -45.725559234619141 ], [ -71.759170532226562, -45.844169616699219 ], [ -71.637786865234375, -45.892230987548828 ], [ -71.601936340332031, -45.974720001220703 ], [ -71.77166748046875, -46.119998931884766 ], [ -71.897781372070312, -46.140289306640625 ], [ -71.761123657226562, -46.224449157714844 ], [ -71.751739501953125, -46.343730926513672 ], [ -71.672561645507812, -46.530731201171875 ], [ -71.669448852539062, -46.679180145263672 ], [ -71.809158325195312, -46.7841796875 ], [ -71.933319091796875, -46.806110382080078 ], [ -71.96112060546875, -46.943889617919922 ], [ -71.904716491699219, -47.000839233398438 ], [ -71.995536804199219, -47.048900604248047 ], [ -71.985282897949219, -47.073898315429688 ], [ -71.86444091796875, -47.137500762939453 ], [ -71.852493286132812, -47.182781219482422 ], [ -71.877777099609375, -47.229728698730469 ], [ -72.017227172851562, -47.199729919433594 ], [ -72.0272216796875, -47.243621826171875 ], [ -72.016273498535156, -47.276210784912109 ], [ -72.156387329101562, -47.409439086914062 ], [ -72.313606262207031, -47.426120758056641 ], [ -72.357772827148438, -47.464450836181641 ], [ -72.305557250976562, -47.507228851318359 ], [ -72.5352783203125, -47.909160614013672 ], [ -72.529998779296875, -47.943889617919922 ], [ -72.32305908203125, -48.075569152832031 ], [ -72.287216186523438, -48.341941833496094 ], [ -72.604026794433594, -48.481410980224609 ], [ -72.55194091796875, -48.718059539794922 ], [ -72.553047180175781, -48.783618927001953 ], [ -72.6986083984375, -48.896389007568359 ], [ -72.803329467773438, -48.943889617919922 ], [ -72.951683044433594, -48.964729309082031 ], [ -73.0755615234375, -49.0655517578125 ], [ -73.177223205566406, -49.221389770507812 ], [ -73.131942749023438, -49.260841369628906 ], [ -73.134170532226562, -49.303619384765625 ], [ -73.4647216796875, -49.311389923095703 ], [ -73.449722290039062, -49.379718780517578 ], [ -73.538887023925781, -49.4405517578125 ], [ -73.529716491699219, -49.49639892578125 ], [ -73.581680297851562, -49.531940460205078 ], [ -73.510276794433594, -49.613330841064453 ], [ -73.536941528320312, -49.678619384765625 ], [ -73.444442749023438, -49.782501220703125 ], [ -73.561660766601562, -49.919170379638672 ], [ -73.467216491699219, -50.006671905517578 ], [ -73.53582763671875, -50.116661071777344 ], [ -73.528610229492188, -50.144718170166016 ], [ -73.351936340332031, -50.234439849853516 ], [ -73.277801513671875, -50.324131011962891 ], [ -73.253890991210938, -50.559440612792969 ], [ -73.174156188964844, -50.744720458984375 ], [ -73.129989624023438, -50.772220611572266 ], [ -73.01806640625, -50.74945068359375 ], [ -72.781112670898438, -50.625011444091797 ], [ -72.732772827148438, -50.621391296386719 ], [ -72.649169921875, -50.670841217041016 ], [ -72.5977783203125, -50.666671752929688 ], [ -72.539993286132812, -50.612228393554688 ], [ -72.370269775390625, -50.614448547363281 ], [ -72.294158935546875, -50.649730682373047 ], [ -72.341667175292969, -50.743900299072266 ], [ -72.24249267578125, -50.851108551025391 ], [ -72.267227172851562, -51.017230987548828 ], [ -72.391952514648438, -51.096389770507812 ], [ -72.38555908203125, -51.146110534667969 ], [ -72.247772216796875, -51.232498168945312 ], [ -72.3397216796875, -51.475830078125 ], [ -72.438316345214844, -51.546119689941406 ], [ -72.423049926757812, -51.576950073242188 ], [ -72.331123352050781, -51.58721923828125 ], [ -72.295272827148438, -51.691108703613281 ], [ -71.971656799316406, -51.845008850097656 ], [ -71.9405517578125, -51.886669158935547 ], [ -71.962783813476562, -51.960281372070312 ], [ -71.910202026367188, -51.996799468994141 ], [ -69.998611450195312, -51.996391296386719 ], [ -69.461402893066406, -52.143619537353516 ], [ -69.233612060546875, -52.143329620361328 ], [ -68.434432983398438, -52.329181671142578 ], [ -68.4400634765625, -52.384658813476562 ], [ -68.508636474609375, -52.324729919433594 ], [ -68.838058471679688, -52.302230834960938 ], [ -69.1480712890625, -52.208061218261719 ], [ -69.261123657226562, -52.206390380859375 ], [ -69.438339233398438, -52.254169464111328 ], [ -69.485000610351562, -52.288070678710938 ], [ -69.495010375976562, -52.391109466552734 ], [ -69.557243347167969, -52.408889770507812 ], [ -69.563056945800781, -52.455570220947266 ], [ -69.690292358398438, -52.529720306396484 ], [ -69.848617553710938, -52.479450225830078 ], [ -70.1844482421875, -52.590839385986328 ], [ -70.21417236328125, -52.642780303955078 ], [ -70.329452514648438, -52.636390686035156 ], [ -70.504730224609375, -52.706668853759766 ], [ -70.542793273925781, -52.697780609130859 ], [ -70.5069580078125, -52.644180297851562 ], [ -70.574172973632812, -52.654449462890625 ], [ -70.581947326660156, -52.692230224609375 ], [ -70.855560302734375, -52.737228393554688 ], [ -70.743057250976562, -52.792781829833984 ], [ -70.87640380859375, -52.893070220947266 ], [ -70.815841674804688, -52.9122314453125 ], [ -70.804168701171875, -52.961948394775391 ], [ -70.870010375976562, -53.066669464111328 ], [ -70.993057250976562, -53.387229919433594 ], [ -70.9364013671875, -53.595001220703125 ], [ -70.976669311523438, -53.761119842529297 ], [ -71.053337097167969, -53.826671600341797 ], [ -71.307792663574219, -53.885829925537109 ], [ -71.706680297851562, -53.808071136474609 ], [ -71.864463806152344, -53.735279083251953 ], [ -71.87445068359375, -53.689731597900391 ], [ -71.935012817382812, -53.729728698730469 ], [ -72.015007019042969, -53.674171447753906 ], [ -72.05084228515625, -53.708889007568359 ], [ -72.352508544921875, -53.523349761962891 ], [ -72.452507019042969, -53.395278930664062 ], [ -72.405838012695312, -53.367229461669922 ], [ -72.42279052734375, -53.319179534912109 ], [ -72.2852783203125, -53.243339538574219 ], [ -72.11029052734375, -53.256671905517578 ], [ -72.076950073242188, -53.330291748046875 ], [ -72.095840454101562, -53.390010833740234 ], [ -72.2388916015625, -53.436389923095703 ], [ -72.179733276367188, -53.443889617919922 ], [ -72.005279541015625, -53.38555908203125 ], [ -72.023063659667969, -53.27056884765625 ], [ -71.995559692382812, -53.223339080810547 ], [ -71.864463806152344, -53.2216796875 ], [ -71.835563659667969, -53.245288848876953 ], [ -71.7872314453125, -53.442501068115234 ], [ -71.829727172851562, -53.4727783203125 ], [ -72.004730224609375, -53.531391143798828 ], [ -72.007232666015625, -53.563060760498047 ], [ -71.98583984375, -53.569728851318359 ], [ -71.797233581542969, -53.5130615234375 ], [ -71.754730224609375, -53.461399078369141 ], [ -71.743057250976562, -53.217220306396484 ], [ -71.59722900390625, -53.169170379638672 ], [ -71.389717102050781, -53.129451751708984 ], [ -71.321670532226562, -53.093891143798828 ], [ -71.115570068359375, -52.863059997558594 ], [ -71.170562744140625, -52.808059692382812 ], [ -71.370559692382812, -52.782779693603516 ], [ -71.394180297851562, -52.732509613037109 ], [ -71.434173583984375, -52.821670532226562 ], [ -71.829177856445312, -52.963890075683594 ], [ -72.015556335449219, -53.123340606689453 ], [ -72.116119384765625, -53.130569458007812 ], [ -72.234733581542969, -53.043891906738281 ], [ -72.4989013671875, -53.060291290283203 ], [ -72.555282592773438, -53.086399078369141 ], [ -72.353897094726562, -53.080558776855469 ], [ -72.32305908203125, -53.142230987548828 ], [ -72.285568237304688, -53.138069152832031 ], [ -72.188606262207031, -53.183891296386719 ], [ -72.202507019042969, -53.202789306640625 ], [ -72.32000732421875, -53.196670532226562 ], [ -72.345840454101562, -53.227508544921875 ], [ -72.480010986328125, -53.187778472900391 ], [ -72.536117553710938, -53.218891143798828 ], [ -72.4364013671875, -53.242229461669922 ], [ -72.44500732421875, -53.287509918212891 ], [ -72.533340454101562, -53.27056884765625 ], [ -72.505836486816406, -53.308059692382812 ], [ -72.513633728027344, -53.364170074462891 ], [ -72.624183654785156, -53.371959686279297 ], [ -72.495010375976562, -53.405010223388672 ], [ -72.397781372070312, -53.497219085693359 ], [ -72.390007019042969, -53.541400909423828 ], [ -72.57501220703125, -53.521949768066406 ], [ -72.759170532226562, -53.391670227050781 ], [ -72.793327331542969, -53.440830230712891 ], [ -72.813339233398438, -53.386390686035156 ], [ -73.148063659667969, -53.271949768066406 ], [ -73.301116943359375, -53.153060913085938 ], [ -72.941116333007812, -53.164451599121094 ], [ -72.754997253417969, -53.241119384765625 ], [ -72.753890991210938, -53.297508239746094 ], [ -72.709457397460938, -53.281951904296875 ], [ -72.793327331542969, -53.178340911865234 ], [ -72.723617553710938, -53.185840606689453 ], [ -72.7569580078125, -53.141120910644531 ], [ -72.65167236328125, -53.152500152587891 ], [ -72.720291137695312, -53.104450225830078 ], [ -72.856666564941406, -53.148349761962891 ], [ -72.940292358398438, -53.101680755615234 ], [ -72.870826721191406, -53.023609161376953 ], [ -72.924453735351562, -53.033901214599609 ], [ -72.970573425292969, -52.831680297851562 ], [ -72.679168701171875, -52.710281372070312 ], [ -72.603897094726562, -52.765010833740234 ], [ -72.723342895507812, -52.852230072021484 ], [ -72.707496643066406, -52.873340606689453 ], [ -72.591667175292969, -52.798610687255859 ], [ -72.479171752929688, -52.807239532470703 ], [ -72.432243347167969, -52.858608245849609 ], [ -72.245559692382812, -52.697509765625 ], [ -71.967788696289062, -52.629451751708984 ], [ -71.87750244140625, -52.685569763183594 ], [ -71.718612670898438, -52.688899993896484 ], [ -71.47528076171875, -52.633350372314453 ], [ -71.534469604492188, -52.560558319091797 ], [ -72.131118774414062, -52.512790679931641 ], [ -72.335853576660156, -52.534740447998047 ], [ -72.431953430175781, -52.655281066894531 ], [ -72.547500610351562, -52.582790374755859 ], [ -72.467216491699219, -52.532779693603516 ], [ -72.400283813476562, -52.539180755615234 ], [ -72.384742736816406, -52.509998321533203 ], [ -72.425003051757812, -52.506111145019531 ], [ -72.573333740234375, -52.558620452880859 ], [ -72.858062744140625, -52.507778167724609 ], [ -72.872222900390625, -52.577510833740234 ], [ -72.977226257324219, -52.697498321533203 ], [ -72.962783813476562, -52.72222900390625 ], [ -72.816963195800781, -52.588058471679688 ], [ -72.67584228515625, -52.640838623046875 ], [ -72.678337097167969, -52.664169311523438 ], [ -72.797439575195312, -52.740989685058594 ], [ -73.017501831054688, -52.847511291503906 ], [ -72.948623657226562, -52.992229461669922 ], [ -72.986953735351562, -53.069450378417969 ], [ -73.140007019042969, -53.101119995117188 ], [ -73.176116943359375, -53.075008392333984 ], [ -73.178070068359375, -53.021129608154297 ], [ -73.198898315429688, -53.036128997802734 ], [ -73.181953430175781, -53.0966796875 ], [ -73.208343505859375, -53.105281829833984 ], [ -73.451133728027344, -53.006671905517578 ], [ -73.44805908203125, -52.986949920654297 ], [ -73.350013732910156, -52.995288848876953 ], [ -73.368057250976562, -52.959178924560547 ], [ -73.242233276367188, -52.960559844970703 ], [ -73.202507019042969, -52.88555908203125 ], [ -73.539169311523438, -52.813339233398438 ], [ -73.55084228515625, -52.7872314453125 ], [ -73.398063659667969, -52.779449462890625 ], [ -73.391403198242188, -52.809459686279297 ], [ -73.223342895507812, -52.780010223388672 ], [ -73.302230834960938, -52.760841369628906 ], [ -73.304168701171875, -52.719169616699219 ], [ -73.246673583984375, -52.710559844970703 ], [ -73.221122741699219, -52.649730682373047 ], [ -73.150283813476562, -52.642780303955078 ], [ -73.116119384765625, -52.533901214599609 ], [ -73.0836181640625, -52.497219085693359 ], [ -73.139450073242188, -52.497230529785156 ], [ -73.198623657226562, -52.429168701171875 ], [ -73.232223510742188, -52.496120452880859 ], [ -73.1763916015625, -52.506679534912109 ], [ -73.166397094726562, -52.574729919433594 ], [ -73.269180297851562, -52.673069000244141 ], [ -73.304168701171875, -52.670841217041016 ], [ -73.339736938476562, -52.644451141357422 ], [ -73.3013916015625, -52.588340759277344 ], [ -73.388900756835938, -52.548069000244141 ], [ -73.406951904296875, -52.557498931884766 ], [ -73.383621215820312, -52.615840911865234 ], [ -73.402236938476562, -52.639720916748047 ], [ -73.502792358398438, -52.652778625488281 ], [ -73.595840454101562, -52.725849151611328 ], [ -73.67083740234375, -52.726669311523438 ], [ -73.682510375976562, -52.691680908203125 ], [ -73.568618774414062, -52.635829925537109 ], [ -73.6763916015625, -52.640838623046875 ], [ -73.682510375976562, -52.596389770507812 ], [ -73.54779052734375, -52.538898468017578 ], [ -73.6138916015625, -52.528339385986328 ], [ -73.615570068359375, -52.513889312744141 ], [ -73.505569458007812, -52.471118927001953 ], [ -73.667236328125, -52.421680450439453 ], [ -73.658622741699219, -52.378620147705078 ], [ -73.5836181640625, -52.372230529785156 ], [ -73.581123352050781, -52.202510833740234 ], [ -73.634170532226562, -52.194728851318359 ], [ -73.740837097167969, -52.064731597900391 ], [ -73.723342895507812, -52.024730682373047 ], [ -73.690841674804688, -52.025558471679688 ], [ -73.536117553710938, -52.195560455322266 ], [ -73.486953735351562, -52.179168701171875 ], [ -73.4969482421875, -52.151119232177734 ], [ -73.480827331542969, -52.136119842529297 ], [ -73.316116333007812, -52.223899841308594 ], [ -73.230827331542969, -52.194461822509766 ], [ -73.211936950683594, -52.114448547363281 ], [ -72.976959228515625, -52.075290679931641 ], [ -72.986953735351562, -52.148059844970703 ], [ -73.049453735351562, -52.16278076171875 ], [ -73.077217102050781, -52.239448547363281 ], [ -72.986953735351562, -52.1875 ], [ -72.861953735351562, -52.264179229736328 ], [ -72.832229614257812, -52.239730834960938 ], [ -72.745826721191406, -52.065841674804688 ], [ -72.767227172851562, -52.052509307861328 ], [ -72.822242736816406, -52.088340759277344 ], [ -72.851669311523438, -52.172779083251953 ], [ -72.891677856445312, -52.200839996337891 ], [ -72.94805908203125, -52.117229461669922 ], [ -72.850570678710938, -51.951950073242188 ], [ -72.789459228515625, -51.941951751708984 ], [ -72.688606262207031, -51.997509002685547 ], [ -72.718902587890625, -52.042781829833984 ], [ -72.696670532226562, -52.069728851318359 ], [ -72.606117248535156, -52.107791900634766 ], [ -72.531951904296875, -52.210281372070312 ], [ -72.611106872558594, -52.346950531005859 ], [ -72.908889770507812, -52.441669464111328 ], [ -72.899726867675781, -52.4586181640625 ], [ -72.701683044433594, -52.406951904296875 ], [ -72.543617248535156, -52.456951141357422 ], [ -72.503616333007812, -52.427219390869141 ], [ -72.630836486816406, -52.410289764404297 ], [ -72.635009765625, -52.39556884765625 ], [ -72.48779296875, -52.313339233398438 ], [ -72.4716796875, -52.192501068115234 ], [ -72.6602783203125, -52.030281066894531 ], [ -72.654167175292969, -51.947780609130859 ], [ -72.486679077148438, -51.947231292724609 ], [ -72.456390380859375, -51.911128997802734 ], [ -72.513900756835938, -51.851680755615234 ], [ -72.4727783203125, -51.78472900390625 ], [ -72.718902587890625, -51.580829620361328 ], [ -72.846389770507812, -51.565559387207031 ], [ -73.071670532226562, -51.470840454101562 ], [ -73.082229614257812, -51.415840148925781 ], [ -73.243621826171875, -51.462230682373047 ], [ -73.256393432617188, -51.503620147705078 ], [ -73.0452880859375, -51.513339996337891 ], [ -73.035568237304688, -51.537788391113281 ], [ -73.087783813476562, -51.575000762939453 ], [ -73.097503662109375, -51.603618621826172 ], [ -72.981666564941406, -51.533351898193359 ], [ -72.758903503417969, -51.620288848876953 ], [ -72.706390380859375, -51.696109771728516 ], [ -72.556953430175781, -51.728610992431641 ], [ -72.555557250976562, -51.759178161621094 ], [ -72.643341064453125, -51.835010528564453 ], [ -72.990837097167969, -51.761951446533203 ], [ -72.979171752929688, -51.728618621826172 ], [ -73.166397094726562, -51.698898315429688 ], [ -73.24334716796875, -51.609169006347656 ], [ -73.293617248535156, -51.621681213378906 ], [ -73.231399536132812, -51.652511596679688 ], [ -73.2327880859375, -51.705001831054688 ], [ -73.184722900390625, -51.724170684814453 ], [ -73.090286254882812, -51.715839385986328 ], [ -73.030563354492188, -51.748058319091797 ], [ -72.995826721191406, -51.792781829833984 ], [ -73.060562133789062, -51.769451141357422 ], [ -73.041122436523438, -51.824180603027344 ], [ -73.074623107910156, -51.846210479736328 ], [ -73.201400756835938, -51.873340606689453 ], [ -73.17584228515625, -51.891670227050781 ], [ -72.976959228515625, -51.819179534912109 ], [ -72.949447631835938, -51.828060150146484 ], [ -72.932792663574219, -51.872230529785156 ], [ -73.148063659667969, -51.949459075927734 ], [ -73.1844482421875, -52.094451904296875 ], [ -73.24639892578125, -52.081951141357422 ], [ -73.329452514648438, -51.708339691162109 ], [ -73.383926391601562, -51.655368804931641 ], [ -73.30029296875, -52.045280456542969 ], [ -73.290283203125, -52.165000915527344 ], [ -73.330001831054688, -52.168060302734375 ], [ -73.569168090820312, -52.036670684814453 ], [ -73.642791748046875, -51.822780609130859 ], [ -73.595573425292969, -51.816669464111328 ], [ -73.430557250976562, -52.025001525878906 ], [ -73.396957397460938, -52.016109466552734 ], [ -73.463348388671875, -51.941951751708984 ], [ -73.455001831054688, -51.900279998779297 ], [ -73.589736938476562, -51.749168395996094 ], [ -73.486953735351562, -51.71112060546875 ], [ -73.471389770507812, -51.686111450195312 ], [ -73.54779052734375, -51.720851898193359 ], [ -73.657791137695312, -51.686679840087891 ], [ -73.710281372070312, -51.787788391113281 ], [ -73.8094482421875, -51.672500610351562 ], [ -73.73638916015625, -51.654170989990234 ], [ -73.861679077148438, -51.630840301513672 ], [ -73.898902893066406, -51.593059539794922 ], [ -73.815567016601562, -51.541118621826172 ], [ -73.915847778320312, -51.522510528564453 ], [ -73.926963806152344, -51.428619384765625 ], [ -73.894180297851562, -51.370010375976562 ], [ -73.805282592773438, -51.400558471679688 ], [ -73.628616333007812, -51.594730377197266 ], [ -73.6622314453125, -51.446949005126953 ], [ -73.726959228515625, -51.333900451660156 ], [ -73.710563659667969, -51.290569305419922 ], [ -73.740837097167969, -51.274440765380859 ], [ -73.77667236328125, -51.211399078369141 ], [ -73.72528076171875, -51.211109161376953 ], [ -73.6864013671875, -51.278339385986328 ], [ -73.67529296875, -51.189170837402344 ], [ -73.723342895507812, -51.185558319091797 ], [ -73.698623657226562, -51.136119842529297 ], [ -73.775848388671875, -51.126399993896484 ], [ -73.758056640625, -51.170841217041016 ], [ -73.914459228515625, -51.240570068359375 ], [ -74.023353576660156, -51.116401672363281 ], [ -74.016677856445312, -51.181671142578125 ], [ -74.042793273925781, -51.213619232177734 ], [ -74.1380615234375, -51.177509307861328 ], [ -74.15167236328125, -51.066951751708984 ], [ -74.079177856445312, -50.955291748046875 ], [ -74.196670532226562, -51.047508239746094 ], [ -74.238616943359375, -51.032791137695312 ], [ -74.250289916992188, -50.945560455322266 ], [ -74.242233276367188, -50.918338775634766 ], [ -74.17333984375, -50.879180908203125 ], [ -73.900558471679688, -50.872791290283203 ], [ -73.806953430175781, -50.963058471679688 ], [ -73.786117553710938, -50.931671142578125 ], [ -73.8719482421875, -50.827228546142578 ], [ -73.8255615234375, -50.795009613037109 ], [ -73.752227783203125, -50.832241058349609 ], [ -73.7388916015625, -50.819728851318359 ], [ -73.783622741699219, -50.692501068115234 ], [ -73.747787475585938, -50.659168243408203 ], [ -73.620010375976562, -50.647228240966797 ], [ -73.5352783203125, -50.716670989990234 ], [ -73.474166870117188, -50.665008544921875 ], [ -73.655838012695312, -50.616401672363281 ], [ -73.723342895507812, -50.563621520996094 ], [ -73.718902587890625, -50.533889770507812 ], [ -73.605293273925781, -50.490840911865234 ], [ -73.580001831054688, -50.398899078369141 ], [ -73.642791748046875, -50.479450225830078 ], [ -73.742507934570312, -50.510841369628906 ], [ -73.776123046875, -50.549171447753906 ], [ -73.819168090820312, -50.759449005126953 ], [ -73.8739013671875, -50.793899536132812 ], [ -74.048606872558594, -50.827510833740234 ], [ -74.121673583984375, -50.764179229736328 ], [ -74.059173583984375, -50.728069305419922 ], [ -74.071952819824219, -50.703060150146484 ], [ -74.148353576660156, -50.738059997558594 ], [ -74.2327880859375, -50.609729766845703 ], [ -74.197776794433594, -50.552791595458984 ], [ -74.2569580078125, -50.540008544921875 ], [ -74.283340454101562, -50.474449157714844 ], [ -74.204452514648438, -50.467510223388672 ], [ -74.138900756835938, -50.585559844970703 ], [ -74.103897094726562, -50.58612060546875 ], [ -74.140289306640625, -50.513618469238281 ], [ -74.140007019042969, -50.482509613037109 ], [ -74.0130615234375, -50.535289764404297 ], [ -73.880836486816406, -50.543331146240234 ], [ -74.019180297851562, -50.491390228271484 ], [ -74.011123657226562, -50.452510833740234 ], [ -74.076683044433594, -50.473339080810547 ], [ -74.1219482421875, -50.424728393554688 ], [ -74.033340454101562, -50.370559692382812 ], [ -74.299179077148438, -50.427230834960938 ], [ -74.324172973632812, -50.396129608154297 ], [ -74.272781372070312, -50.27362060546875 ], [ -74.309173583984375, -50.262790679931641 ], [ -74.354736328125, -50.364170074462891 ], [ -74.413352966308594, -50.365009307861328 ], [ -74.535842895507812, -50.300830841064453 ], [ -74.477783203125, -50.248069763183594 ], [ -74.693893432617188, -50.203350067138672 ], [ -74.689727783203125, -50.166950225830078 ], [ -74.629730224609375, -50.121959686279297 ], [ -74.544723510742188, -50.098899841308594 ], [ -74.512222290039062, -50.141670227050781 ], [ -74.489837646484375, -50.093349456787109 ], [ -74.345840454101562, -50.088348388671875 ], [ -74.292793273925781, -50.136398315429688 ], [ -74.326133728027344, -50.171680450439453 ], [ -74.267501831054688, -50.170848846435547 ], [ -74.194732666015625, -50.260570526123047 ], [ -74.089447021484375, -50.228618621826172 ], [ -73.955001831054688, -50.290008544921875 ], [ -73.861679077148438, -50.283618927001953 ], [ -74.031402587890625, -50.223339080810547 ], [ -73.9989013671875, -50.205570220947266 ], [ -74.163352966308594, -50.20806884765625 ], [ -74.21112060546875, -50.176670074462891 ], [ -74.213058471679688, -50.124458312988281 ], [ -74.293327331542969, -50.069728851318359 ], [ -74.368057250976562, -49.981391906738281 ], [ -74.259170532226562, -49.934730529785156 ], [ -74.192497253417969, -49.968608856201172 ], [ -73.91278076171875, -50.042510986328125 ], [ -74.006668090820312, -49.997791290283203 ], [ -73.9969482421875, -49.964179992675781 ], [ -73.878890991210938, -49.922500610351562 ], [ -73.913887023925781, -49.861949920654297 ], [ -74.027511596679688, -49.968341827392578 ], [ -74.113616943359375, -49.956119537353516 ], [ -74.1763916015625, -49.901119232177734 ], [ -74.275283813476562, -49.901390075683594 ], [ -74.326133728027344, -49.865291595458984 ], [ -74.343902587890625, -49.794460296630859 ], [ -74.139450073242188, -49.745288848876953 ], [ -74.309173583984375, -49.731948852539062 ], [ -74.3255615234375, -49.627239227294922 ], [ -74.087783813476562, -49.537509918212891 ], [ -74.024726867675781, -49.560279846191406 ], [ -74.023063659667969, -49.618350982666016 ], [ -73.985572814941406, -49.556678771972656 ], [ -73.935012817382812, -49.563610076904297 ], [ -73.716949462890625, -49.786670684814453 ], [ -73.688606262207031, -49.725849151611328 ], [ -73.830169677734375, -49.635959625244141 ], [ -73.880279541015625, -49.524181365966797 ], [ -74.101669311523438, -49.494178771972656 ], [ -74.110000610351562, -49.466670989990234 ], [ -74.076683044433594, -49.267780303955078 ], [ -74.041397094726562, -49.261951446533203 ], [ -73.90972900390625, -49.348899841308594 ], [ -74.006668090820312, -49.231399536132812 ], [ -73.974166870117188, -49.163059234619141 ], [ -74.031402587890625, -49.077789306640625 ], [ -73.916397094726562, -49.023609161376953 ], [ -73.827217102050781, -49.057231903076172 ], [ -73.828338623046875, -49.032230377197266 ], [ -73.910842895507812, -49.008060455322266 ], [ -74.067497253417969, -49.030288696289062 ], [ -74.039459228515625, -49.152778625488281 ], [ -74.114181518554688, -49.238059997558594 ], [ -74.167510986328125, -49.204730987548828 ], [ -74.193069458007812, -49.215278625488281 ], [ -74.152786254882812, -49.250560760498047 ], [ -74.150283813476562, -49.319179534912109 ], [ -74.210563659667969, -49.529170989990234 ], [ -74.248062133789062, -49.533340454101562 ], [ -74.399169921875, -49.415840148925781 ], [ -74.42584228515625, -49.372791290283203 ], [ -74.391677856445312, -49.323341369628906 ], [ -74.411956787109375, -49.136959075927734 ], [ -74.402236938476562, -49.078060150146484 ], [ -74.453056335449219, -49.081951141357422 ], [ -74.466949462890625, -49.033351898193359 ], [ -74.3961181640625, -48.963340759277344 ], [ -74.449447631835938, -48.85028076171875 ], [ -74.441390991210938, -48.796108245849609 ], [ -74.372222900390625, -48.724460601806641 ], [ -74.055831909179688, -48.739139556884766 ], [ -74.17083740234375, -48.706680297851562 ], [ -74.30242919921875, -48.709819793701172 ], [ -74.373611450195312, -48.674739837646484 ], [ -74.393890380859375, -48.604450225830078 ], [ -74.20001220703125, -48.475288391113281 ], [ -74.13250732421875, -48.506671905517578 ], [ -74.011123657226562, -48.598068237304688 ], [ -73.981399536132812, -48.596950531005859 ], [ -73.9727783203125, -48.567779541015625 ], [ -74.027236938476562, -48.533618927001953 ], [ -74.02667236328125, -48.439731597900391 ], [ -73.892791748046875, -48.403629302978516 ], [ -74.034957885742188, -48.4002685546875 ], [ -74.184600830078125, -48.347099304199219 ], [ -74.110923767089844, -48.297721862792969 ], [ -74.27362060546875, -48.332778930664062 ], [ -74.261947631835938, -48.287788391113281 ], [ -74.303619384765625, -48.247509002685547 ], [ -74.448898315429688, -48.172229766845703 ], [ -74.511398315429688, -48.086399078369141 ], [ -74.468902587890625, -48.027778625488281 ], [ -74.57861328125, -48.084449768066406 ], [ -74.646957397460938, -48.076950073242188 ], [ -74.6622314453125, -48.040851593017578 ], [ -74.629730224609375, -47.998619079589844 ], [ -74.523063659667969, -47.956401824951172 ], [ -74.347503662109375, -48.024448394775391 ], [ -74.218902587890625, -48.232780456542969 ], [ -74.158622741699219, -48.218059539794922 ], [ -74.255569458007812, -48.120838165283203 ], [ -74.324447631835938, -48.000011444091797 ], [ -74.274436950683594, -47.994449615478516 ], [ -73.8577880859375, -48.046680450439453 ], [ -73.873611450195312, -48.101951599121094 ], [ -73.824447631835938, -48.057231903076172 ], [ -73.757781982421875, -48.043338775634766 ], [ -73.799728393554688, -48.122230529785156 ], [ -73.732513427734375, -48.091129302978516 ], [ -73.591133117675781, -48.142509460449219 ], [ -73.604736328125, -48.210838317871094 ], [ -73.553337097167969, -48.245830535888672 ], [ -73.498611450195312, -48.176681518554688 ], [ -73.427230834960938, -48.182231903076172 ], [ -73.352783203125, -48.223060607910156 ], [ -73.283340454101562, -48.151668548583984 ], [ -73.309173583984375, -48.140850067138672 ], [ -73.379997253417969, -48.167781829833984 ], [ -73.484451293945312, -48.124729156494141 ], [ -73.644180297851562, -47.987789154052734 ], [ -73.64862060546875, -47.900291442871094 ], [ -73.573898315429688, -47.906120300292969 ], [ -73.495826721191406, -47.983341217041016 ], [ -73.228057861328125, -48.007789611816406 ], [ -73.278060913085938, -47.976398468017578 ], [ -73.468612670898438, -47.968059539794922 ], [ -73.527236938476562, -47.931110382080078 ], [ -73.5069580078125, -47.883899688720703 ], [ -73.559722900390625, -47.890289306640625 ], [ -73.620010375976562, -47.854740142822266 ], [ -73.551963806152344, -47.807788848876953 ], [ -73.717216491699219, -47.775840759277344 ], [ -73.740570068359375, -47.706951141357422 ], [ -73.657501220703125, -47.624729156494141 ], [ -73.702507019042969, -47.625289916992188 ], [ -73.68084716796875, -47.5614013671875 ], [ -73.741668701171875, -47.546669006347656 ], [ -73.728897094726562, -47.643329620361328 ], [ -73.788352966308594, -47.731399536132812 ], [ -73.765556335449219, -47.776119232177734 ], [ -73.796951293945312, -47.804458618164062 ], [ -73.934722900390625, -47.845260620117188 ], [ -74.0372314453125, -47.829181671142578 ], [ -74.067497253417969, -47.772220611572266 ], [ -74.389717102050781, -47.785289764404297 ], [ -74.399169921875, -47.747509002685547 ], [ -74.53472900390625, -47.790851593017578 ], [ -74.711402893066406, -47.743061065673828 ], [ -74.739181518554688, -47.704730987548828 ], [ -74.642227172851562, -47.6461181640625 ], [ -74.580001831054688, -47.667228698730469 ], [ -74.634170532226562, -47.610008239746094 ], [ -74.5977783203125, -47.566398620605469 ], [ -74.528633117675781, -47.551120758056641 ], [ -74.500839233398438, -47.606670379638672 ], [ -74.480827331542969, -47.554729461669922 ], [ -74.418327331542969, -47.566669464111328 ], [ -74.407501220703125, -47.616401672363281 ], [ -74.3719482421875, -47.592788696289062 ], [ -74.353897094726562, -47.650558471679688 ], [ -74.428337097167969, -47.666950225830078 ], [ -74.47528076171875, -47.700279235839844 ], [ -74.331947326660156, -47.671108245849609 ], [ -74.307510375976562, -47.721668243408203 ], [ -74.257781982421875, -47.736671447753906 ], [ -74.299453735351562, -47.683891296386719 ], [ -74.247512817382812, -47.627498626708984 ], [ -74.0977783203125, -47.633621215820312 ], [ -74.041671752929688, -47.614459991455078 ], [ -74.140556335449219, -47.591670989990234 ], [ -74.0997314453125, -47.558620452880859 ], [ -74.31195068359375, -47.600849151611328 ], [ -74.329727172851562, -47.567508697509766 ], [ -74.390007019042969, -47.540569305419922 ], [ -74.454727172851562, -47.476680755615234 ], [ -74.387222290039062, -47.453609466552734 ], [ -74.464736938476562, -47.420009613037109 ], [ -74.48638916015625, -47.461681365966797 ], [ -74.527511596679688, -47.425289154052734 ], [ -74.317230224609375, -47.218349456787109 ], [ -74.223068237304688, -47.226959228515625 ], [ -74.170013427734375, -47.213890075683594 ], [ -74.105560302734375, -47.347499847412109 ], [ -74.13555908203125, -47.222789764404297 ], [ -74.108062744140625, -47.191951751708984 ], [ -74.015289306640625, -47.183071136474609 ], [ -73.985572814941406, -47.2489013671875 ], [ -73.960563659667969, -47.252498626708984 ], [ -73.987228393554688, -47.168071746826172 ], [ -74.053337097167969, -47.158901214599609 ], [ -73.9344482421875, -47.036121368408203 ], [ -73.946670532226562, -47.018890380859375 ], [ -74.140289306640625, -46.984729766845703 ], [ -74.210281372070312, -46.890281677246094 ], [ -74.12640380859375, -46.834178924560547 ], [ -74.2489013671875, -46.869449615478516 ], [ -74.277511596679688, -46.780010223388672 ], [ -74.58416748046875, -46.728889465332031 ], [ -74.495292663574219, -46.769451141357422 ], [ -74.52362060546875, -46.802219390869141 ], [ -74.65167236328125, -46.789169311523438 ], [ -74.666397094726562, -46.851108551025391 ], [ -74.434722900390625, -46.864170074462891 ], [ -74.480827331542969, -46.903068542480469 ], [ -74.689453125, -46.880290985107422 ], [ -74.716667175292969, -46.844730377197266 ], [ -74.944732666015625, -46.776668548583984 ], [ -75.076133728027344, -46.658351898193359 ], [ -75.076400756835938, -46.623058319091797 ], [ -74.934722900390625, -46.499168395996094 ], [ -74.954177856445312, -46.445560455322266 ], [ -75.081680297851562, -46.574169158935547 ], [ -75.303619384765625, -46.641948699951172 ], [ -75.416397094726562, -46.632511138916016 ], [ -75.5352783203125, -46.679180145263672 ], [ -75.65667724609375, -46.7711181640625 ], [ -75.6219482421875, -46.780559539794922 ], [ -75.543899536132812, -46.699180603027344 ], [ -75.438056945800781, -46.705001831054688 ], [ -75.414169311523438, -46.728069305419922 ], [ -75.4747314453125, -46.778621673583984 ], [ -75.383621215820312, -46.782779693603516 ], [ -75.391952514648438, -46.826679229736328 ], [ -75.434173583984375, -46.860279083251953 ], [ -75.342506408691406, -46.872779846191406 ], [ -75.354171752929688, -46.905841827392578 ], [ -75.4969482421875, -46.956680297851562 ], [ -75.571952819824219, -46.939731597900391 ], [ -75.712509155273438, -46.791400909423828 ], [ -75.715560913085938, -46.711669921875 ], [ -75.642227172851562, -46.570011138916016 ], [ -75.555557250976562, -46.568889617919922 ], [ -75.536666870117188, -46.514171600341797 ], [ -75.3739013671875, -46.474170684814453 ], [ -75.397506713867188, -46.4344482421875 ], [ -75.25250244140625, -46.367229461669922 ], [ -75.218902587890625, -46.408901214599609 ], [ -75.192497253417969, -46.295291900634766 ], [ -75.088058471679688, -46.355831146240234 ], [ -75.142227172851562, -46.303340911865234 ], [ -75.089447021484375, -46.214729309082031 ], [ -75.0372314453125, -46.213890075683594 ], [ -74.9263916015625, -46.278339385986328 ], [ -74.960563659667969, -46.227230072021484 ], [ -74.904167175292969, -46.147781372070312 ], [ -74.872512817382812, -46.149730682373047 ], [ -74.780838012695312, -46.216949462890625 ], [ -74.757232666015625, -46.176959991455078 ], [ -74.814178466796875, -46.152778625488281 ], [ -74.818618774414062, -46.100570678710938 ], [ -74.77166748046875, -46.040561676025391 ], [ -74.696952819824219, -46.033340454101562 ], [ -74.723617553710938, -45.923351287841797 ], [ -74.672500610351562, -45.824718475341797 ], [ -74.566680908203125, -45.824451446533203 ], [ -74.533622741699219, -45.856121063232422 ], [ -74.549453735351562, -45.908340454101562 ], [ -74.468338012695312, -45.919460296630859 ], [ -74.453338623046875, -45.955558776855469 ], [ -74.484733581542969, -46.0130615234375 ], [ -74.454177856445312, -46.024730682373047 ], [ -74.418060302734375, -45.9727783203125 ], [ -74.456947326660156, -45.807498931884766 ], [ -74.33917236328125, -45.797229766845703 ], [ -74.321952819824219, -45.830570220947266 ], [ -74.247787475585938, -45.806671142578125 ], [ -74.140838623046875, -45.805850982666016 ], [ -74.109451293945312, -45.857231140136719 ], [ -74.206947326660156, -45.888339996337891 ], [ -74.073623657226562, -45.920841217041016 ], [ -74.056396484375, -45.942501068115234 ], [ -74.077507019042969, -45.984180450439453 ], [ -74.168327331542969, -46.015010833740234 ], [ -74.085563659667969, -46.020839691162109 ], [ -74.095573425292969, -46.073070526123047 ], [ -74.152786254882812, -46.131111145019531 ], [ -74.063606262207031, -46.081668853759766 ], [ -74.067497253417969, -45.993061065673828 ], [ -74.044448852539062, -45.984451293945312 ], [ -73.975013732910156, -46.040290832519531 ], [ -73.970840454101562, -46.082500457763672 ], [ -74.006393432617188, -46.136680603027344 ], [ -74.128341674804688, -46.203060150146484 ], [ -74.345291137695312, -46.250839233398438 ], [ -74.424453735351562, -46.214450836181641 ], [ -74.481117248535156, -46.164730072021484 ], [ -74.479736328125, -46.200839996337891 ], [ -74.324447631835938, -46.264461517333984 ], [ -74.043899536132812, -46.197231292724609 ], [ -74.067497253417969, -46.234180450439453 ], [ -74.012786865234375, -46.288341522216797 ], [ -73.879997253417969, -46.344459533691406 ], [ -73.854736328125, -46.325839996337891 ], [ -74.019180297851562, -46.205001831054688 ], [ -73.964736938476562, -46.143619537353516 ], [ -73.882781982421875, -46.141109466552734 ], [ -73.761123657226562, -46.248611450195312 ], [ -73.7872314453125, -46.354999542236328 ], [ -73.990570068359375, -46.565288543701172 ], [ -73.886123657226562, -46.605281829833984 ], [ -73.836936950683594, -46.585010528564453 ], [ -73.765838623046875, -46.481121063232422 ], [ -73.743057250976562, -46.418621063232422 ], [ -73.617782592773438, -46.325000762939453 ], [ -73.489181518554688, -46.303890228271484 ], [ -73.571952819824219, -46.273609161376953 ], [ -73.525283813476562, -46.177230834960938 ], [ -73.342506408691406, -46.032230377197266 ], [ -73.432510375976562, -46.03472900390625 ], [ -73.564178466796875, -46.190288543701172 ], [ -73.5997314453125, -46.253341674804688 ], [ -73.676681518554688, -46.318618774414062 ], [ -73.698333740234375, -46.310569763183594 ], [ -73.620010375976562, -46.083900451660156 ], [ -73.654167175292969, -46.040000915527344 ], [ -73.584457397460938, -45.884178161621094 ], [ -73.5211181640625, -45.877239227294922 ], [ -73.564453125, -45.845291137695312 ], [ -73.538887023925781, -45.806400299072266 ], [ -73.3638916015625, -45.686111450195312 ], [ -73.20556640625, -45.684169769287109 ], [ -73.18389892578125, -45.661949157714844 ], [ -73.339736938476562, -45.625289916992188 ], [ -73.565567016601562, -45.778060913085938 ], [ -73.587783813476562, -45.77362060546875 ], [ -73.515556335449219, -45.455001831054688 ], [ -73.432510375976562, -45.410839080810547 ], [ -73.406402587890625, -45.453060150146484 ], [ -73.400009155273438, -45.379459381103516 ], [ -73.365570068359375, -45.370010375976562 ], [ -73.323623657226562, -45.396400451660156 ], [ -73.317230224609375, -45.336669921875 ], [ -73.20361328125, -45.303611755371094 ], [ -73.011398315429688, -45.450000762939453 ], [ -72.859451293945312, -45.470851898193359 ], [ -72.827507019042969, -45.422500610351562 ], [ -72.845573425292969, -45.394729614257812 ], [ -72.960006713867188, -45.410289764404297 ], [ -73.272781372070312, -45.245830535888672 ], [ -73.340011596679688, -45.294731140136719 ], [ -73.446952819824219, -45.2852783203125 ], [ -73.462783813476562, -45.257511138916016 ], [ -73.446670532226562, -45.197780609130859 ], [ -73.335853576660156, -45.185279846191406 ], [ -73.301116943359375, -45.136119842529297 ], [ -73.380569458007812, -45.065280914306641 ], [ -73.398063659667969, -44.997509002685547 ], [ -73.366386413574219, -44.963901519775391 ], [ -73.195281982421875, -44.957241058349609 ], [ -72.76611328125, -44.753330230712891 ], [ -72.728897094726562, -44.758350372314453 ], [ -72.678070068359375, -44.542228698730469 ], [ -72.595840454101562, -44.506679534912109 ], [ -72.614181518554688, -44.466400146484375 ], [ -72.588058471679688, -44.341968536376953 ], [ -72.692497253417969, -44.500278472900391 ], [ -72.7247314453125, -44.502239227294922 ], [ -72.938606262207031, -44.308071136474609 ], [ -73.1763916015625, -44.256671905517578 ], [ -73.191963195800781, -44.236679077148438 ], [ -73.108062744140625, -44.166400909423828 ], [ -73.129997253417969, -44.142509460449219 ], [ -73.164459228515625, -44.188350677490234 ], [ -73.221946716308594, -44.198619842529297 ], [ -73.2852783203125, -44.173351287841797 ], [ -73.285568237304688, -44.124458312988281 ], [ -73.25750732421875, -44.103061676025391 ], [ -73.223892211914062, -44.132511138916016 ], [ -73.219451904296875, -44.075569152832031 ], [ -73.182510375976562, -44.060840606689453 ], [ -73.154449462890625, -44.088348388671875 ], [ -73.110000610351562, -44.089740753173828 ], [ -73.140556335449219, -44.031959533691406 ], [ -73.001678466796875, -43.772228240966797 ], [ -72.819732666015625, -43.805561065673828 ], [ -72.8719482421875, -43.746681213378906 ], [ -72.90667724609375, -43.754730224609375 ], [ -73.011672973632812, -43.736679077148438 ], [ -73.055557250976562, -43.706119537353516 ], [ -72.971946716308594, -43.622230529785156 ], [ -72.932510375976562, -43.617778778076172 ], [ -72.916397094726562, -43.584178924560547 ], [ -73.03778076171875, -43.583900451660156 ], [ -73.116386413574219, -43.439731597900391 ], [ -73.076950073242188, -43.305561065673828 ], [ -72.904167175292969, -43.229179382324219 ], [ -72.928337097167969, -43.102508544921875 ], [ -72.843902587890625, -43.009449005126953 ], [ -72.8094482421875, -43.015838623046875 ], [ -72.781402587890625, -43.062511444091797 ], [ -72.732513427734375, -43.081401824951172 ], [ -72.743057250976562, -42.909740447998047 ], [ -72.826400756835938, -42.855010986328125 ], [ -72.853347778320312, -42.794731140136719 ], [ -72.86083984375, -42.574459075927734 ], [ -72.808059692382812, -42.493900299072266 ], [ -72.688606262207031, -42.500278472900391 ], [ -72.552513122558594, -42.566669464111328 ], [ -72.549453735351562, -42.531120300292969 ], [ -72.686111450195312, -42.477500915527344 ], [ -72.8477783203125, -42.280010223388672 ], [ -72.606399536132812, -42.182788848876953 ], [ -72.563339233398438, -42.205829620361328 ], [ -72.453056335449219, -42.455841064453125 ], [ -72.4202880859375, -42.439449310302734 ], [ -72.474166870117188, -42.274440765380859 ], [ -72.414726257324219, -42.242790222167969 ], [ -72.490837097167969, -42.122791290283203 ], [ -72.462783813476562, -41.971118927001953 ], [ -72.527236938476562, -41.964168548583984 ], [ -72.600013732910156, -42.038341522216797 ], [ -72.745010375976562, -42.011959075927734 ], [ -72.886123657226562, -41.915851593017578 ], [ -72.650848388671875, -41.726108551025391 ], [ -72.5755615234375, -41.734458923339844 ], [ -72.392227172851562, -41.681400299072266 ], [ -72.340843200683594, -41.621959686279297 ], [ -72.298606872558594, -41.388889312744141 ], [ -72.322242736816406, -41.367511749267578 ], [ -72.349166870117188, -41.380008697509766 ], [ -72.351669311523438, -41.496959686279297 ], [ -72.408889770507812, -41.659450531005859 ], [ -72.611953735351562, -41.709461212158203 ], [ -72.678886413574219, -41.676120758056641 ], [ -72.754730224609375, -41.548069000244141 ], [ -72.904167175292969, -41.501121520996094 ], [ -73.049728393554688, -41.512508392333984 ], [ -73.1077880859375, -41.586948394775391 ], [ -73.0614013671875, -41.701671600341797 ], [ -73.20361328125, -41.792510986328125 ], [ -73.344451904296875, -41.77362060546875 ], [ -73.4202880859375, -41.798351287841797 ], [ -73.753341674804688, -41.750560760498047 ], [ -73.723342895507812, -41.672508239746094 ], [ -73.5513916015625, -41.602790832519531 ], [ -73.494171142578125, -41.515838623046875 ], [ -73.598892211914062, -41.603340148925781 ], [ -73.801681518554688, -41.568069458007812 ], [ -73.870559692382812, -41.304180145263672 ], [ -73.9505615234375, -41.183620452880859 ], [ -73.993621826171875, -40.963890075683594 ], [ -73.89862060546875, -40.889461517333984 ], [ -73.94805908203125, -40.8638916015625 ], [ -73.865837097167969, -40.721950531005859 ], [ -73.8577880859375, -40.626399993896484 ], [ -73.827507019042969, -40.618350982666016 ], [ -73.745292663574219, -40.501121520996094 ], [ -73.748062133789062, -40.250560760498047 ], [ -73.658340454101562, -40.104740142822266 ], [ -73.714736938476562, -39.978610992431641 ], [ -73.672233581542969, -39.938899993896484 ], [ -73.601119995117188, -39.928619384765625 ], [ -73.457496643066406, -39.834171295166016 ], [ -73.424453735351562, -39.837791442871094 ], [ -73.402236938476562, -39.889720916748047 ], [ -73.380569458007812, -39.902229309082031 ], [ -73.402236938476562, -39.685840606689453 ], [ -73.287513732910156, -39.562778472900391 ], [ -73.217788696289062, -39.336940765380859 ], [ -73.253616333007812, -39.157779693603516 ], [ -73.433059692382812, -38.691669464111328 ], [ -73.523063659667969, -38.516681671142578 ], [ -73.522232055664062, -38.264450073242188 ], [ -73.4747314453125, -38.213619232177734 ], [ -73.454177856445312, -38.055561065673828 ], [ -73.495010375976562, -37.954448699951172 ], [ -73.669723510742188, -37.726119995117188 ], [ -73.682243347167969, -37.589450836181641 ], [ -73.59722900390625, -37.501121520996094 ], [ -73.601959228515625, -37.429450988769531 ], [ -73.679458618164062, -37.341400146484375 ], [ -73.643623352050781, -37.208629608154297 ], [ -73.591667175292969, -37.145278930664062 ], [ -73.509170532226562, -37.207500457763672 ], [ -73.3477783203125, -37.230831146240234 ], [ -73.220573425292969, -37.182239532470703 ], [ -73.188056945800781, -37.131401062011719 ], [ -73.14556884765625, -36.824451446533203 ], [ -73.198623657226562, -36.765010833740234 ], [ -73.123611450195312, -36.731948852539062 ], [ -73.120559692382812, -36.604450225830078 ], [ -73.091667175292969, -36.613071441650391 ], [ -73.087783813476562, -36.705570220947266 ], [ -73.018890380859375, -36.720569610595703 ], [ -72.9827880859375, -36.701961517333984 ], [ -72.961402893066406, -36.616401672363281 ], [ -72.993621826171875, -36.559459686279297 ], [ -72.977226257324219, -36.517501831054688 ], [ -72.9364013671875, -36.532501220703125 ], [ -72.879997253417969, -36.420558929443359 ], [ -72.7952880859375, -35.971950531005859 ], [ -72.58917236328125, -35.796680450439453 ], [ -72.585006713867188, -35.731670379638672 ], [ -72.652786254882812, -35.600009918212891 ], [ -72.636123657226562, -35.557239532470703 ], [ -72.50750732421875, -35.476959228515625 ], [ -72.392227172851562, -35.233890533447266 ], [ -72.235000610351562, -35.127239227294922 ], [ -72.212783813476562, -35.091960906982422 ], [ -72.18695068359375, -34.890289306640625 ], [ -72.055557250976562, -34.639461517333984 ], [ -72.053070068359375, -34.417789459228516 ], [ -71.985000610351562, -34.351959228515625 ], [ -72.019180297851562, -34.14862060546875 ], [ -71.950843811035156, -34.064178466796875 ], [ -71.80584716796875, -33.773059844970703 ], [ -71.6763916015625, -33.716960906982422 ], [ -71.623611450195312, -33.534450531005859 ], [ -71.712226867675781, -33.417510986328125 ], [ -71.668899536132812, -33.315570831298828 ], [ -71.753616333007812, -33.090568542480469 ], [ -71.644180297851562, -33.018070220947266 ], [ -71.592506408691406, -33.024181365966797 ], [ -71.563606262207031, -32.999458312988281 ], [ -71.539169311523438, -32.77362060546875 ], [ -71.460563659667969, -32.699180603027344 ], [ -71.442497253417969, -32.628620147705078 ], [ -71.474456787109375, -32.518901824951172 ], [ -71.406402587890625, -32.382511138916016 ], [ -71.541397094726562, -32.200008392333984 ], [ -71.509742736816406, -31.777500152587891 ], [ -71.565292358398438, -31.611949920654297 ], [ -71.639717102050781, -31.245559692382812 ], [ -71.681953430175781, -30.904729843139648 ], [ -71.699172973632812, -30.470010757446289 ], [ -71.630836486816406, -30.240560531616211 ], [ -71.549179077148438, -30.293340682983398 ], [ -71.508621215820312, -30.275840759277344 ], [ -71.446121215820312, -30.165000915527344 ], [ -71.402786254882812, -30.181949615478516 ], [ -71.3739013671875, -30.103889465332031 ], [ -71.403900146484375, -29.982509613037109 ], [ -71.289169311523438, -29.92194938659668 ], [ -71.284446716308594, -29.840280532836914 ], [ -71.324172973632812, -29.793340682983398 ], [ -71.292236328125, -29.607509613037109 ], [ -71.335563659667969, -29.551120758056641 ], [ -71.30889892578125, -29.421390533447266 ], [ -71.359733581542969, -29.299449920654297 ], [ -71.476959228515625, -29.226390838623047 ], [ -71.493057250976562, -29.189449310302734 ], [ -71.489463806152344, -29.034730911254883 ], [ -71.52166748046875, -28.970010757446289 ], [ -71.499183654785156, -28.864730834960938 ], [ -71.298606872558594, -28.676950454711914 ], [ -71.286666870117188, -28.620840072631836 ], [ -71.312232971191406, -28.571670532226562 ], [ -71.163619995117188, -28.352230072021484 ], [ -71.15667724609375, -28.154169082641602 ], [ -71.0352783203125, -27.660009384155273 ], [ -71.004997253417969, -27.677230834960938 ], [ -70.910858154296875, -27.621950149536133 ], [ -70.891952514648438, -27.484729766845703 ], [ -70.954727172851562, -27.359729766845703 ], [ -70.931396484375, -27.293340682983398 ], [ -70.966667175292969, -27.179170608520508 ], [ -70.9364013671875, -27.113899230957031 ], [ -70.87640380859375, -27.129730224609375 ], [ -70.78472900390625, -26.986949920654297 ], [ -70.807510375976562, -26.942499160766602 ], [ -70.691963195800781, -26.552509307861328 ], [ -70.708343505859375, -26.504449844360352 ], [ -70.631393432617188, -26.309169769287109 ], [ -70.674728393554688, -26.282510757446289 ], [ -70.630836486816406, -25.987789154052734 ], [ -70.733062744140625, -25.805559158325195 ], [ -70.642791748046875, -25.631950378417969 ], [ -70.64666748046875, -25.523059844970703 ], [ -70.531112670898438, -25.465839385986328 ], [ -70.5130615234375, -25.389169692993164 ], [ -70.475570678710938, -25.389999389648438 ], [ -70.447776794433594, -25.358060836791992 ], [ -70.436111450195312, -25.193059921264648 ], [ -70.503067016601562, -25.094730377197266 ], [ -70.464736938476562, -24.988620758056641 ], [ -70.547233581542969, -24.842229843139648 ], [ -70.582496643066406, -24.526670455932617 ], [ -70.516952514648438, -24.216949462890625 ], [ -70.518890380859375, -23.86083984375 ], [ -70.49346923828125, -23.846179962158203 ], [ -70.5, -23.785839080810547 ], [ -70.436683654785156, -23.718889236450195 ], [ -70.390289306640625, -23.585290908813477 ], [ -70.432510375976562, -23.480009078979492 ], [ -70.509170532226562, -23.451669692993164 ], [ -70.546951293945312, -23.521120071411133 ], [ -70.623062133789062, -23.499729156494141 ], [ -70.590843200683594, -23.210010528564453 ], [ -70.5513916015625, -23.162509918212891 ], [ -70.57501220703125, -23.066949844360352 ], [ -70.503067016601562, -23.011110305786133 ], [ -70.475570678710938, -23.084449768066406 ], [ -70.388633728027344, -23.060840606689453 ], [ -70.335853576660156, -23.005559921264648 ], [ -70.289169311523438, -22.86223030090332 ], [ -70.171401977539062, -21.882509231567383 ], [ -70.053337097167969, -21.424169540405273 ], [ -70.095573425292969, -21.336669921875 ], [ -70.065567016601562, -21.290840148925781 ], [ -70.1702880859375, -21.010839462280273 ], [ -70.132232666015625, -20.919450759887695 ], [ -70.202507019042969, -20.741949081420898 ], [ -70.172500610351562, -20.460840225219727 ], [ -70.134170532226562, -20.280279159545898 ], [ -70.152236938476562, -20.19611930847168 ], [ -70.154167175292969, -19.703899383544922 ], [ -70.230293273925781, -19.586669921875 ], [ -70.197242736816406, -19.566120147705078 ], [ -70.3194580078125, -18.917779922485352 ], [ -70.317497253417969, -18.421390533447266 ], [ -70.4033203125, -18.347990036010742 ] ] ] ] } },
{ "type": "Feature", "properties": { }, "geometry": { "type": "Polygon", "coordinates": [ [ [ -71.324798583984375, 11.852640151977539 ], [ -71.403610229492188, 11.812780380249023 ], [ -71.977218627929688, 11.664999961853027 ], [ -72.265007019042969, 11.152500152587891 ], [ -72.341377258300781, 11.164999961853027 ], [ -72.493057250976562, 11.121109962463379 ], [ -72.584442138671875, 10.937219619750977 ], [ -72.84722900390625, 10.523050308227539 ], [ -72.9788818359375, 9.988883972167969 ], [ -72.962509155273438, 9.836940765380859 ], [ -73.095840454101562, 9.581663131713867 ], [ -73.383903503417969, 9.189720153808594 ], [ -73.371932983398438, 9.166940689086914 ], [ -73.318412780761719, 9.17371654510498 ], [ -73.00140380859375, 9.302495956420898 ], [ -72.981109619140625, 9.260829925537109 ], [ -72.973617553710938, 9.142496109008789 ], [ -72.92694091796875, 9.098329544067383 ], [ -72.845283508300781, 9.140274047851562 ], [ -72.772232055664062, 9.11305046081543 ], [ -72.664436340332031, 8.641107559204102 ], [ -72.384170532226562, 8.36305046081543 ], [ -72.335563659667969, 8.146385192871094 ], [ -72.3336181640625, 8.049440383911133 ], [ -72.402496337890625, 8.041940689086914 ], [ -72.420272827148438, 7.989997863769531 ], [ -72.471656799316406, 7.491941928863525 ], [ -72.399169921875, 7.406108856201172 ], [ -72.183319091796875, 7.382774829864502 ], [ -72.145553588867188, 7.198607921600342 ], [ -72.0655517578125, 7.061665058135986 ], [ -71.880828857421875, 6.985274791717529 ], [ -71.553047180175781, 7.044721126556396 ], [ -71.132217407226562, 6.995275020599365 ], [ -70.963058471679688, 7.002776145935059 ], [ -70.824172973632812, 7.08499813079834 ], [ -70.5694580078125, 7.090277194976807 ], [ -70.5130615234375, 7.015276908874512 ], [ -70.307502746582031, 6.939720153808594 ], [ -70.119163513183594, 6.975831031799316 ], [ -69.429718017578125, 6.118607997894287 ], [ -69.331390380859375, 6.153052806854248 ], [ -69.2569580078125, 6.083887100219727 ], [ -69.194992065429688, 6.099997997283936 ], [ -69.094161987304688, 6.199163913726807 ], [ -68.971122741699219, 6.198607921600342 ], [ -68.644172668457031, 6.134164810180664 ], [ -68.454177856445312, 6.190554141998291 ], [ -68.313606262207031, 6.166943073272705 ], [ -68.1522216796875, 6.223330974578857 ], [ -68.001106262207031, 6.2066650390625 ], [ -67.835563659667969, 6.308331966400146 ], [ -67.573623657226562, 6.266108989715576 ], [ -67.454788208007812, 6.19310998916626 ], [ -67.491943359375, 6.118607997894287 ], [ -67.414436340332031, 5.98721981048584 ], [ -67.622222900390625, 5.787497997283936 ], [ -67.65167236328125, 5.669998168945312 ], [ -67.613327026367188, 5.539165019989014 ], [ -67.8497314453125, 5.307775020599365 ], [ -67.828887939453125, 5.11221981048584 ], [ -67.793060302734375, 5.049997806549072 ], [ -67.875267028808594, 4.525276184082031 ], [ -67.81304931640625, 4.465275764465332 ], [ -67.805557250976562, 4.227498054504395 ], [ -67.729171752929688, 4.087499141693115 ], [ -67.595840454101562, 3.7377769947052 ], [ -67.488906860351562, 3.722775936126709 ], [ -67.374443054199219, 3.478888034820557 ], [ -67.303878784179688, 3.451942920684814 ], [ -67.29083251953125, 3.397499084472656 ], [ -67.384170532226562, 3.25916600227356 ], [ -67.446662902832031, 3.241942882537842 ], [ -67.843353271484375, 2.868331909179688 ], [ -67.846336364746094, 2.792449951171875 ], [ -67.7569580078125, 2.838887929916382 ], [ -67.607223510742188, 2.795555114746094 ], [ -67.567779541015625, 2.683331966400146 ], [ -67.493896484375, 2.666388034820557 ], [ -67.281387329101562, 2.438888072967529 ], [ -67.192489624023438, 2.392498970031738 ], [ -67.174179077148438, 2.336944103240967 ], [ -67.216949462890625, 2.275276899337769 ], [ -67.172500610351562, 2.148055076599121 ], [ -67.1119384765625, 2.099442958831787 ], [ -67.133903503417969, 1.9877769947052 ], [ -66.991676330566406, 1.695832967758179 ], [ -66.873382568359375, 1.225538015365601 ], [ -67.0755615234375, 1.172498941421509 ], [ -67.072509765625, 1.625277042388916 ], [ -67.335296630859375, 2.111109972000122 ], [ -67.4244384765625, 2.143887996673584 ], [ -67.517227172851562, 2.099998950958252 ], [ -67.783332824707031, 1.806944012641907 ], [ -67.951950073242188, 1.742498993873596 ], [ -68.015289306640625, 1.773888945579529 ], [ -68.0897216796875, 1.933611035346985 ], [ -68.194992065429688, 2.01444411277771 ], [ -68.275833129882812, 1.832221984863281 ], [ -68.153343200683594, 1.724166035652161 ], [ -69.377777099609375, 1.72863495349884 ], [ -69.45916748046875, 1.760277986526489 ], [ -69.84320068359375, 1.715337038040161 ], [ -69.842216491699219, 1.062222003936768 ], [ -69.720840454101562, 1.089722037315369 ], [ -69.710296630859375, 1.060276985168457 ], [ -69.446662902832031, 1.062222003936768 ], [ -69.426101684570312, 1.027222037315369 ], [ -69.275558471679688, 1.041110992431641 ], [ -69.193328857421875, 0.951944172382355 ], [ -69.202789306640625, 0.90666651725769 ], [ -69.142227172851562, 0.870555281639099 ], [ -69.182502746582031, 0.73194420337677 ], [ -69.125816345214844, 0.651110887527466 ], [ -69.13751220703125, 0.629999816417694 ], [ -69.2093505859375, 0.618277311325073 ], [ -69.318893432617188, 0.653055310249329 ], [ -69.464447021484375, 0.740277528762817 ], [ -69.511123657226562, 0.726388573646545 ], [ -69.61138916015625, 0.645555377006531 ], [ -69.678329467773438, 0.67888867855072 ], [ -69.9405517578125, 0.581666529178619 ], [ -70.044158935546875, 0.590833127498627 ], [ -70.058036804199219, -0.157499998807907 ], [ -69.928329467773438, -0.309444487094879 ], [ -69.620269775390625, -0.504444599151611 ], [ -69.57305908203125, -0.636666893959045 ], [ -69.618057250976562, -0.733888983726501 ], [ -69.5655517578125, -0.845000028610229 ], [ -69.468338012695312, -0.966111183166504 ], [ -69.380828857421875, -1.174445033073425 ], [ -69.383903503417969, -1.366667032241821 ], [ -69.4375, -1.429167032241821 ], [ -69.946578979492188, -4.224227905273438 ], [ -70.248893737792969, -3.861112117767334 ], [ -70.371932983398438, -3.788333892822266 ], [ -70.51611328125, -3.861112117767334 ], [ -70.724441528320312, -3.779721975326538 ], [ -70.049728393554688, -2.727499961853027 ], [ -70.071670532226562, -2.661111116409302 ], [ -70.12554931640625, -2.699445009231567 ], [ -70.2369384765625, -2.552222013473511 ], [ -70.326950073242188, -2.578334093093872 ], [ -70.338333129882812, -2.555556058883667 ], [ -70.29998779296875, -2.531666994094849 ], [ -70.307502746582031, -2.49555492401123 ], [ -70.420547485351562, -2.51111102104187 ], [ -70.5272216796875, -2.42638897895813 ], [ -70.552223205566406, -2.432499885559082 ], [ -70.54083251953125, -2.494723081588745 ], [ -70.587783813476562, -2.481112003326416 ], [ -70.5997314453125, -2.420834064483643 ], [ -70.758621215820312, -2.296111106872559 ], [ -70.971389770507812, -2.223611116409302 ], [ -70.988327026367188, -2.300277948379517 ], [ -71.093887329101562, -2.303056001663208 ], [ -71.1138916015625, -2.353055953979492 ], [ -71.355560302734375, -2.391388893127441 ], [ -71.357772827148438, -2.353055000305176 ], [ -71.430282592773438, -2.276945114135742 ], [ -71.460563659667969, -2.352499961853027 ], [ -71.515007019042969, -2.235833883285522 ], [ -71.679443359375, -2.221667051315308 ], [ -71.6885986328125, -2.149723052978516 ], [ -71.731376647949219, -2.167500019073486 ], [ -71.89862060546875, -2.384444952011108 ], [ -72.008621215820312, -2.357223033905029 ], [ -72.048049926757812, -2.3872230052948 ], [ -72.1038818359375, -2.476388931274414 ], [ -72.129989624023438, -2.440556049346924 ], [ -72.208892822265625, -2.458333969116211 ], [ -72.208892822265625, -2.50639009475708 ], [ -72.336669921875, -2.479722023010254 ], [ -72.354446411132812, -2.434444904327393 ], [ -72.595840454101562, -2.407778024673462 ], [ -72.6461181640625, -2.49416708946228 ], [ -72.692489624023438, -2.440556049346924 ], [ -72.716659545898438, -2.474999904632568 ], [ -72.744720458984375, -2.434443950653076 ], [ -72.805831909179688, -2.487777948379517 ], [ -72.891952514648438, -2.503056049346924 ], [ -72.944442749023438, -2.395555973052979 ], [ -73.022781372070312, -2.422223091125488 ], [ -73.036117553710938, -2.365278005599976 ], [ -73.08306884765625, -2.363333940505981 ], [ -73.133903503417969, -2.243333101272583 ], [ -73.088333129882812, -2.224445104598999 ], [ -73.057502746582031, -2.140834093093872 ], [ -73.093338012695312, -1.918056011199951 ], [ -73.19915771484375, -1.803056001663208 ], [ -73.309432983398438, -1.872221946716309 ], [ -73.50750732421875, -1.748332977294922 ], [ -73.446380615234375, -1.596389055252075 ], [ -73.517227172851562, -1.503888964653015 ], [ -73.556381225585938, -1.370833992958069 ], [ -73.7388916015625, -1.238610982894897 ], [ -73.755569458007812, -1.294167041778564 ], [ -73.844161987304688, -1.260555982589722 ], [ -73.85028076171875, -1.170833945274353 ], [ -73.938316345214844, -1.168889045715332 ], [ -74.020553588867188, -1.035277962684631 ], [ -74.077789306640625, -1.07361102104187 ], [ -74.2369384765625, -1.0188889503479 ], [ -74.293609619140625, -0.902222394943237 ], [ -74.24249267578125, -0.890000104904175 ], [ -74.2388916015625, -0.859166622161865 ], [ -74.309158325195312, -0.813333511352539 ], [ -74.3760986328125, -0.568055510520935 ], [ -74.607772827148438, -0.38361120223999 ], [ -74.638343811035156, -0.410277813673019 ], [ -74.663887023925781, -0.346666693687439 ], [ -74.706672668457031, -0.367777794599533 ], [ -74.730827331542969, -0.266389012336731 ], [ -74.786666870117188, -0.200555592775345 ], [ -74.8760986328125, -0.227222204208374 ], [ -75.150833129882812, -0.038888901472092 ], [ -75.21221923828125, -0.037500001490116 ], [ -75.245002746582031, -0.119722202420235 ], [ -75.285247802734375, -0.11912439763546 ], [ -75.434432983398438, -0.060000009834766 ], [ -75.5977783203125, 0.055833321064711 ], [ -75.6280517578125, 0.028888879343867 ], [ -75.775283813476562, 0.056388881057501 ], [ -76.047782897949219, 0.339999914169312 ], [ -76.106109619140625, 0.321666598320007 ], [ -76.115829467773438, 0.379166513681412 ], [ -76.303047180175781, 0.418888688087463 ], [ -76.331680297851562, 0.373611003160477 ], [ -76.408340454101562, 0.396944314241409 ], [ -76.408889770507812, 0.248333305120468 ], [ -76.721389770507812, 0.28055539727211 ], [ -76.733062744140625, 0.232499897480011 ], [ -76.880279541015625, 0.24222220480442 ], [ -77.080841064453125, 0.359166592359543 ], [ -77.196662902832031, 0.334722101688385 ], [ -77.379707336425781, 0.384722113609314 ], [ -77.427223205566406, 0.424444288015366 ], [ -77.444442749023438, 0.627221882343292 ], [ -77.476387023925781, 0.663610875606537 ], [ -77.541671752929688, 0.656110882759094 ], [ -77.658340454101562, 0.744999825954437 ], [ -77.655937194824219, 0.815245628356934 ], [ -77.7147216796875, 0.845833122730255 ], [ -77.809402465820312, 0.805489182472229 ], [ -77.889999389648438, 0.829721927642822 ], [ -77.916366577148438, 0.881664276123047 ], [ -78.351936340332031, 1.067221999168396 ], [ -78.47332763671875, 1.197777032852173 ], [ -78.560272216796875, 1.19861102104187 ], [ -78.595932006835938, 1.269294023513794 ], [ -78.634170532226562, 1.26444399356842 ], [ -78.811607360839844, 1.439643979072571 ], [ -78.861679077148438, 1.554999947547913 ], [ -79.035003662109375, 1.600000023841858 ], [ -79.051681518554688, 1.633888006210327 ], [ -78.96917724609375, 1.756387948989868 ], [ -78.851387023925781, 1.836665987968445 ], [ -78.631118774414062, 1.807777047157288 ], [ -78.621116638183594, 1.764721989631653 ], [ -78.58416748046875, 1.7688889503479 ], [ -78.547500610351562, 1.922222018241882 ], [ -78.595840454101562, 1.946943998336792 ], [ -78.590011596679688, 2.010277032852173 ], [ -78.6239013671875, 2.030277013778687 ], [ -78.660568237304688, 1.991943955421448 ], [ -78.687232971191406, 2.199999094009399 ], [ -78.538887023925781, 2.429999113082886 ], [ -78.4747314453125, 2.434443950653076 ], [ -78.460006713867188, 2.501389026641846 ], [ -78.422233581542969, 2.507499933242798 ], [ -78.353897094726562, 2.438611030578613 ], [ -78.212783813476562, 2.536109924316406 ], [ -78.125839233398438, 2.486943960189819 ], [ -78.060287475585938, 2.5502769947052 ], [ -77.993057250976562, 2.521388053894043 ], [ -77.948623657226562, 2.559443950653076 ], [ -77.976959228515625, 2.590276956558228 ], [ -77.893890380859375, 2.630276918411255 ], [ -77.908340454101562, 2.587776899337769 ], [ -77.861953735351562, 2.558887958526611 ], [ -77.783073425292969, 2.571388006210327 ], [ -77.740837097167969, 2.604722023010254 ], [ -77.813056945800781, 2.748332977294922 ], [ -77.776947021484375, 2.808331966400146 ], [ -77.638900756835938, 2.84583306312561 ], [ -77.643623352050781, 2.875277042388916 ], [ -77.707229614257812, 2.859999895095825 ], [ -77.70556640625, 2.918055057525635 ], [ -77.644729614257812, 2.891110897064209 ], [ -77.620010375976562, 2.9811110496521 ], [ -77.691390991210938, 2.993331909179688 ], [ -77.697242736816406, 3.047498941421509 ], [ -77.559173583984375, 3.053333044052124 ], [ -77.515007019042969, 3.126388072967529 ], [ -77.505569458007812, 3.216665983200073 ], [ -77.418899536132812, 3.258610010147095 ], [ -77.406951904296875, 3.303055047988892 ], [ -77.471946716308594, 3.328887939453125 ], [ -77.442497253417969, 3.363610029220581 ], [ -77.351669311523438, 3.334999084472656 ], [ -77.315841674804688, 3.499166011810303 ], [ -77.263900756835938, 3.469999074935913 ], [ -77.28167724609375, 3.568887948989868 ], [ -77.1461181640625, 3.663609981536865 ], [ -77.129997253417969, 3.716387987136841 ], [ -77.191963195800781, 3.700277090072632 ], [ -77.196403503417969, 3.751944065093994 ], [ -77.125556945800781, 3.766387939453125 ], [ -77.156402587890625, 3.803055047988892 ], [ -77.028900146484375, 3.917777061462402 ], [ -77.122787475585938, 3.923332929611206 ], [ -77.111679077148438, 3.896388053894043 ], [ -77.251106262207031, 3.836388111114502 ], [ -77.291397094726562, 3.860832929611206 ], [ -77.3094482421875, 3.932776927947998 ], [ -77.293327331542969, 3.977221012115479 ], [ -77.241119384765625, 3.983887910842896 ], [ -77.187232971191406, 4.060276031494141 ], [ -77.283340454101562, 4.069165229797363 ], [ -77.348068237304688, 3.928888082504272 ], [ -77.374183654785156, 3.934721946716309 ], [ -77.435562133789062, 4.122220993041992 ], [ -77.430007934570312, 4.174164772033691 ], [ -77.353897094726562, 4.221664905548096 ], [ -77.313606262207031, 4.190555095672607 ], [ -77.239463806152344, 4.254444122314453 ], [ -77.37750244140625, 4.328053951263428 ], [ -77.316963195800781, 4.648054122924805 ], [ -77.256668090820312, 4.703332901000977 ], [ -77.363616943359375, 4.994164943695068 ], [ -77.382232666015625, 5.371665954589844 ], [ -77.45001220703125, 5.485554218292236 ], [ -77.485000610351562, 5.505555152893066 ], [ -77.547500610351562, 5.488887786865234 ], [ -77.506668090820312, 5.582776069641113 ], [ -77.418060302734375, 5.624721050262451 ], [ -77.332229614257812, 5.613053798675537 ], [ -77.251678466796875, 5.7066650390625 ], [ -77.243621826171875, 5.78277587890625 ], [ -77.47528076171875, 6.15777587890625 ], [ -77.480293273925781, 6.292500019073486 ], [ -77.4102783203125, 6.234999179840088 ], [ -77.37445068359375, 6.339999198913574 ], [ -77.40667724609375, 6.38888692855835 ], [ -77.355827331542969, 6.391386985778809 ], [ -77.357498168945312, 6.499927997589111 ], [ -77.339736938476562, 6.565000057220459 ], [ -77.490570068359375, 6.708887100219727 ], [ -77.532791137695312, 6.662776947021484 ], [ -77.575286865234375, 6.806108951568604 ], [ -77.664459228515625, 6.875555038452148 ], [ -77.691963195800781, 6.845553874969482 ], [ -77.693618774414062, 6.938888072967529 ], [ -77.655006408691406, 6.962499141693115 ], [ -77.678337097167969, 7.052220821380615 ], [ -77.889129638671875, 7.22772216796875 ], [ -77.811111450195312, 7.47999906539917 ], [ -77.745002746582031, 7.487497806549072 ], [ -77.720550537109375, 7.548054218292236 ], [ -77.758621215820312, 7.625553131103516 ], [ -77.754997253417969, 7.70999813079834 ], [ -77.735282897949219, 7.724164962768555 ], [ -77.662216186523438, 7.677774906158447 ], [ -77.606376647949219, 7.549441814422607 ], [ -77.573898315429688, 7.525276184082031 ], [ -77.32501220703125, 7.720831871032715 ], [ -77.371932983398438, 7.786109924316406 ], [ -77.291946411132812, 7.90777587890625 ], [ -77.14666748046875, 7.945830821990967 ], [ -77.221656799316406, 8.102218627929688 ], [ -77.3638916015625, 8.286941528320312 ], [ -77.373893737792969, 8.396385192871094 ], [ -77.420272827148438, 8.470550537109375 ], [ -77.478607177734375, 8.479717254638672 ], [ -77.366127014160156, 8.676170349121094 ], [ -77.2489013671875, 8.47110652923584 ], [ -76.98333740234375, 8.252222061157227 ], [ -76.945281982421875, 8.125829696655273 ], [ -76.904167175292969, 8.108329772949219 ], [ -76.838623046875, 8.133886337280273 ], [ -76.870010375976562, 8.031942367553711 ], [ -76.918617248535156, 8.024997711181641 ], [ -76.9263916015625, 7.94305419921875 ], [ -76.829727172851562, 7.906386852264404 ], [ -76.759452819824219, 7.916388034820557 ], [ -76.734733581542969, 8.020830154418945 ], [ -76.823898315429688, 8.484996795654297 ], [ -76.945281982421875, 8.534164428710938 ], [ -76.894447326660156, 8.617219924926758 ], [ -76.649436950683594, 8.707775115966797 ], [ -76.642501831054688, 8.743330001831055 ], [ -76.4344482421875, 8.87138557434082 ], [ -76.431953430175781, 8.905551910400391 ], [ -76.278900146484375, 8.981664657592773 ], [ -76.259170532226562, 9.001663208007812 ], [ -76.263343811035156, 9.05305290222168 ], [ -76.1944580078125, 9.11583137512207 ], [ -76.172233581542969, 9.238607406616211 ], [ -76.108901977539062, 9.272218704223633 ], [ -76.1138916015625, 9.311386108398438 ], [ -75.932243347167969, 9.429995536804199 ], [ -75.662513732910156, 9.424442291259766 ], [ -75.620010375976562, 9.472219467163086 ], [ -75.586402893066406, 9.576942443847656 ], [ -75.6219482421875, 9.693330764770508 ], [ -75.719451904296875, 9.701108932495117 ], [ -75.641952514648438, 9.80333137512207 ], [ -75.53167724609375, 10.236940383911133 ], [ -75.5594482421875, 10.241390228271484 ], [ -75.650283813476562, 10.194439888000488 ], [ -75.513343811035156, 10.305549621582031 ], [ -75.54779052734375, 10.412220001220703 ], [ -75.48779296875, 10.482219696044922 ], [ -75.525848388671875, 10.566659927368164 ], [ -75.277236938476562, 10.741660118103027 ], [ -75.2569580078125, 10.705550193786621 ], [ -75.227226257324219, 10.723050117492676 ], [ -75.276123046875, 10.784159660339355 ], [ -74.967216491699219, 11.011110305786133 ], [ -74.864463806152344, 11.123049736022949 ], [ -74.341667175292969, 10.986660003662109 ], [ -74.4091796875, 10.966389656066895 ], [ -74.493057250976562, 10.974160194396973 ], [ -74.531112670898438, 10.871939659118652 ], [ -74.587509155273438, 10.886940002441406 ], [ -74.606666564941406, 10.788330078125 ], [ -74.5452880859375, 10.805549621582031 ], [ -74.541122436523438, 10.758049964904785 ], [ -74.4969482421875, 10.765000343322754 ], [ -74.505279541015625, 10.839159965515137 ], [ -74.472503662109375, 10.822219848632812 ], [ -74.455001831054688, 10.738329887390137 ], [ -74.390556335449219, 10.743049621582031 ], [ -74.292236328125, 10.933329582214355 ], [ -74.229446411132812, 11.210829734802246 ], [ -74.18890380859375, 11.309720039367676 ], [ -74.032966613769531, 11.353179931640625 ], [ -73.678886413574219, 11.266110420227051 ], [ -73.345291137695312, 11.279439926147461 ], [ -73.226959228515625, 11.334440231323242 ], [ -73.035003662109375, 11.502779960632324 ], [ -72.605560302734375, 11.752220153808594 ], [ -72.360572814941406, 11.831939697265625 ], [ -72.240280151367188, 11.905280113220215 ], [ -72.139717102050781, 12.103610038757324 ], [ -72.174453735351562, 12.222780227661133 ], [ -72.144180297851562, 12.248330116271973 ], [ -71.968902587890625, 12.260000228881836 ], [ -71.992507934570312, 12.210550308227539 ], [ -71.993057250976562, 12.157779693603516 ], [ -71.865837097167969, 12.206669807434082 ], [ -71.890007019042969, 12.279720306396484 ], [ -71.960281372070312, 12.27694034576416 ], [ -71.82861328125, 12.358889579772949 ], [ -71.839447021484375, 12.333049774169922 ], [ -71.809722900390625, 12.313329696655273 ], [ -71.683326721191406, 12.396389961242676 ], [ -71.655006408691406, 12.43889045715332 ], [ -71.7388916015625, 12.415280342102051 ], [ -71.693336486816406, 12.458330154418945 ], [ -71.528900146484375, 12.446109771728516 ], [ -71.226669311523438, 12.306940078735352 ], [ -71.1138916015625, 12.096110343933105 ], [ -71.118057250976562, 12.038610458374023 ], [ -71.324798583984375, 11.852640151977539 ] ] ] } },
{ "type": "Feature", "properties": { }, "geometry": { "type": "MultiPolygon", "coordinates": [ [ [ [ -91.173072814941406, -1.033334016799927 ], [ -91.428337097167969, -1.011389017105103 ], [ -91.50140380859375, -0.88750022649765 ], [ -91.476387023925781, -0.826389014720917 ], [ -91.306121826171875, -0.683888971805573 ], [ -91.158340454101562, -0.682500004768372 ], [ -91.08306884765625, -0.582500100135803 ], [ -91.157791137695312, -0.546111226081848 ], [ -91.238616943359375, -0.431111186742783 ], [ -91.226959228515625, -0.389444500207901 ], [ -91.341667175292969, -0.319444507360458 ], [ -91.408340454101562, -0.209166705608368 ], [ -91.378067016601562, -0.19138890504837 ], [ -91.431953430175781, -0.018611110746861 ], [ -91.477508544921875, -0.013611109927297 ], [ -91.550003051757812, -0.056111108511686 ], [ -91.579727172851562, -0.046111110597849 ], [ -91.603897094726562, 0.0 ], [ -91.503067016601562, 0.05694442987442 ], [ -91.495010375976562, 0.099444419145584 ], [ -91.370010375976562, 0.150833293795586 ], [ -91.316390991210938, 0.136944398283958 ], [ -91.310287475585938, 0.084166653454304 ], [ -91.204727172851562, -0.024166669696569 ], [ -91.179733276367188, -0.222222194075584 ], [ -90.952507019042969, -0.431944489479065 ], [ -90.960281372070312, -0.60916668176651 ], [ -90.91278076171875, -0.611388981342316 ], [ -90.790008544921875, -0.757222294807434 ], [ -90.83056640625, -0.778611183166504 ], [ -90.861679077148438, -0.916111171245575 ], [ -91.173072814941406, -1.033334016799927 ] ] ], [ [ [ -91.504463195800781, -0.496111214160919 ], [ -91.6138916015625, -0.453611195087433 ], [ -91.666122436523438, -0.289166688919067 ], [ -91.466949462890625, -0.250833511352539 ], [ -91.39556884765625, -0.329722285270691 ], [ -91.406951904296875, -0.460555702447891 ], [ -91.504463195800781, -0.496111214160919 ] ] ], [ [ [ -90.611679077148438, -0.375555604696274 ], [ -90.77166748046875, -0.344166785478592 ], [ -90.872222900390625, -0.265277892351151 ], [ -90.793327331542969, -0.149444505572319 ], [ -90.585563659667969, -0.245555594563484 ], [ -90.55029296875, -0.309166699647903 ], [ -90.611679077148438, -0.375555604696274 ] ] ], [ [ [ -90.343902587890625, -0.78000009059906 ], [ -90.543327331542969, -0.688888907432556 ], [ -90.55029296875, -0.630555629730225 ], [ -90.483062744140625, -0.526389002799988 ], [ -90.260833740234375, -0.488611191511154 ], [ -90.181953430175781, -0.554444670677185 ], [ -90.189178466796875, -0.656666874885559 ], [ -90.343902587890625, -0.78000009059906 ] ] ], [ [ [ -89.473068237304688, -0.943611085414886 ], [ -89.629730224609375, -0.927222311496735 ], [ -89.614181518554688, -0.894444525241852 ], [ -89.361953735351562, -0.690833389759064 ], [ -89.245010375976562, -0.70805561542511 ], [ -89.3819580078125, -0.875277876853943 ], [ -89.473068237304688, -0.943611085414886 ] ] ], [ [ [ -80.216949462890625, -3.036390066146851 ], [ -80.2711181640625, -3.021111965179443 ], [ -80.265007019042969, -2.850833892822266 ], [ -80.206680297851562, -2.724167108535767 ], [ -80.038352966308594, -2.663611888885498 ], [ -79.903343200683594, -2.719722986221313 ], [ -79.912368774414062, -2.748392105102539 ], [ -80.0211181640625, -2.849723100662231 ], [ -80.087226867675781, -2.828610897064209 ], [ -80.144447326660156, -2.844722032546997 ], [ -80.100013732910156, -2.952501058578491 ], [ -80.118057250976562, -3.011389970779419 ], [ -80.216949462890625, -3.036390066146851 ] ] ], [ [ [ -78.634170532226562, 1.26444399356842 ], [ -78.595932006835938, 1.269294023513794 ], [ -78.560272216796875, 1.19861102104187 ], [ -78.47332763671875, 1.197777032852173 ], [ -78.351936340332031, 1.067221999168396 ], [ -77.916366577148438, 0.881664276123047 ], [ -77.889999389648438, 0.829721927642822 ], [ -77.809402465820312, 0.805489182472229 ], [ -77.7147216796875, 0.845833122730255 ], [ -77.655937194824219, 0.815245628356934 ], [ -77.658340454101562, 0.744999825954437 ], [ -77.541671752929688, 0.656110882759094 ], [ -77.476387023925781, 0.663610875606537 ], [ -77.444442749023438, 0.627221882343292 ], [ -77.427223205566406, 0.424444288015366 ], [ -77.379707336425781, 0.384722113609314 ], [ -77.196662902832031, 0.334722101688385 ], [ -77.080841064453125, 0.359166592359543 ], [ -76.880279541015625, 0.24222220480442 ], [ -76.733062744140625, 0.232499897480011 ], [ -76.721389770507812, 0.28055539727211 ], [ -76.408889770507812, 0.248333305120468 ], [ -76.408340454101562, 0.396944314241409 ], [ -76.331680297851562, 0.373611003160477 ], [ -76.303047180175781, 0.418888688087463 ], [ -76.115829467773438, 0.379166513681412 ], [ -76.106109619140625, 0.321666598320007 ], [ -76.047782897949219, 0.339999914169312 ], [ -75.775283813476562, 0.056388881057501 ], [ -75.6280517578125, 0.028888879343867 ], [ -75.5977783203125, 0.055833321064711 ], [ -75.434432983398438, -0.060000009834766 ], [ -75.285247802734375, -0.11912439763546 ], [ -75.360000610351562, -0.153333306312561 ], [ -75.6280517578125, -0.108333297073841 ], [ -75.624687194824219, -0.176808997988701 ], [ -75.485549926757812, -0.226666703820229 ], [ -75.3638916015625, -0.466666698455811 ], [ -75.262786865234375, -0.523055672645569 ], [ -75.245002746582031, -0.619722187519073 ], [ -75.2913818359375, -0.71833348274231 ], [ -75.218612670898438, -0.977222204208374 ], [ -75.343887329101562, -0.976111114025116 ], [ -75.4022216796875, -0.922777891159058 ], [ -75.590286254882812, -1.55333399772644 ], [ -76.144172668457031, -2.183888912200928 ], [ -76.661392211914062, -2.572777986526489 ], [ -77.342216491699219, -2.807499885559082 ], [ -77.903343200683594, -3.026945114135742 ], [ -78.215843200683594, -3.373888969421387 ], [ -78.170272827148438, -3.431389093399048 ], [ -78.221122741699219, -3.508611917495728 ], [ -78.256118774414062, -3.51694393157959 ], [ -78.26055908203125, -3.425555944442749 ], [ -78.28472900390625, -3.408056020736694 ], [ -78.337783813476562, -3.422777891159058 ], [ -78.402496337890625, -3.753612041473389 ], [ -78.53167724609375, -3.912777900695801 ], [ -78.660552978515625, -4.302223205566406 ], [ -78.670272827148438, -4.379168033599854 ], [ -78.624710083007812, -4.436666965484619 ], [ -78.668327331542969, -4.55916690826416 ], [ -78.865829467773438, -4.666388988494873 ], [ -78.918327331542969, -4.739165782928467 ], [ -78.891387939453125, -4.844168186187744 ], [ -79.0494384765625, -5.003334999084473 ], [ -79.356658935546875, -4.891111850738525 ], [ -79.480827331542969, -4.713335037231445 ], [ -79.503067016601562, -4.568611145019531 ], [ -79.495002746582031, -4.533055782318115 ], [ -79.649986267089844, -4.432777881622314 ], [ -79.789436340332031, -4.48305606842041 ], [ -79.857223510742188, -4.447500228881836 ], [ -79.899169921875, -4.393333911895752 ], [ -79.980827331542969, -4.383890151977539 ], [ -80.130722045898438, -4.281270027160645 ], [ -80.394172668457031, -4.476945877075195 ], [ -80.4677734375, -4.438889980316162 ], [ -80.482772827148438, -4.399723052978516 ], [ -80.335563659667969, -4.199443817138672 ], [ -80.447769165039062, -4.221945762634277 ], [ -80.480827331542969, -4.179168224334717 ], [ -80.474716186523438, -4.007224082946777 ], [ -80.423316955566406, -3.978332996368408 ], [ -80.316390991210938, -4.013057231903076 ], [ -80.156387329101562, -3.887778043746948 ], [ -80.220001220703125, -3.688333988189697 ], [ -80.212783813476562, -3.595834016799927 ], [ -80.2711181640625, -3.470834016799927 ], [ -80.253890991210938, -3.420834064483643 ], [ -80.337486267089844, -3.374891042709351 ], [ -80.13555908203125, -3.328888893127441 ], [ -80.061111450195312, -3.208889007568359 ], [ -80.043327331542969, -3.209444999694824 ], [ -80.030563354492188, -3.280555963516235 ], [ -79.878067016601562, -3.018611907958984 ], [ -79.882781982421875, -2.959444999694824 ], [ -79.71826171875, -2.584649085998535 ], [ -79.735733032226562, -2.46766209602356 ], [ -79.777511596679688, -2.468421936035156 ], [ -79.869743347167969, -2.153889894485474 ], [ -79.763633728027344, -2.009166955947876 ], [ -79.890007019042969, -2.103055953979492 ], [ -79.902786254882812, -2.211390018463135 ], [ -79.864463806152344, -2.268611907958984 ], [ -79.8719482421875, -2.438889980316162 ], [ -79.919448852539062, -2.573055982589722 ], [ -80.002792358398438, -2.612500905990601 ], [ -80.055557250976562, -2.588890075683594 ], [ -80.063606262207031, -2.553611993789673 ], [ -80.001617431640625, -2.500328063964844 ], [ -79.935562133789062, -2.499444007873535 ], [ -79.932792663574219, -2.469444990158081 ], [ -80.0372314453125, -2.482778072357178 ], [ -80.029167175292969, -2.42638897895813 ], [ -79.951683044433594, -2.310277938842773 ], [ -80.029449462890625, -2.345000982284546 ], [ -80.079177856445312, -2.463056087493896 ], [ -80.182510375976562, -2.593055963516235 ], [ -80.280006408691406, -2.618889093399048 ], [ -80.243057250976562, -2.69389009475708 ], [ -80.256668090820312, -2.736390113830566 ], [ -80.328056335449219, -2.710000991821289 ], [ -80.68695068359375, -2.394166946411133 ], [ -80.915283203125, -2.320000886917114 ], [ -81.011123657226562, -2.164166927337646 ], [ -80.930557250976562, -2.208055973052979 ], [ -80.854736328125, -2.175278902053833 ], [ -80.755836486816406, -2.082221984863281 ], [ -80.730827331542969, -1.919445037841797 ], [ -80.855560302734375, -1.592777967453003 ], [ -80.823623657226562, -1.541388988494873 ], [ -80.759452819824219, -1.319445013999939 ], [ -80.8961181640625, -1.122778058052063 ], [ -80.911117553710938, -1.031111001968384 ], [ -80.830001831054688, -0.926389098167419 ], [ -80.615837097167969, -0.926666915416718 ], [ -80.569732666015625, -0.890000224113464 ], [ -80.441390991210938, -0.574722409248352 ], [ -80.418617248535156, -0.568333506584167 ], [ -80.392501831054688, -0.629444599151611 ], [ -80.33917236328125, -0.636389017105103 ], [ -80.269729614257812, -0.618611216545105 ], [ -80.374732971191406, -0.611666798591614 ], [ -80.499732971191406, -0.362777888774872 ], [ -80.424728393554688, -0.315833389759064 ], [ -80.379730224609375, -0.225555598735809 ], [ -80.108062744140625, 0.006388888228685 ], [ -80.040557861328125, 0.167222201824188 ], [ -80.023353576660156, 0.59111088514328 ], [ -80.109451293945312, 0.695277571678162 ], [ -80.055557250976562, 0.831111013889313 ], [ -79.968902587890625, 0.827777624130249 ], [ -79.7388916015625, 0.966944217681885 ], [ -79.651123046875, 0.995555400848389 ], [ -79.666397094726562, 0.904444217681885 ], [ -79.616958618164062, 0.84111088514328 ], [ -79.639717102050781, 0.965833187103271 ], [ -79.1622314453125, 1.098888993263245 ], [ -79.059173583984375, 1.221943974494934 ], [ -79.009742736816406, 1.188889026641846 ], [ -78.989181518554688, 1.116111040115356 ], [ -78.967506408691406, 1.132500052452087 ], [ -78.952507019042969, 1.217499971389771 ], [ -78.888900756835938, 1.239722013473511 ], [ -78.879463195800781, 1.322221994400024 ], [ -78.809867858886719, 1.437925815582275 ], [ -78.634170532226562, 1.26444399356842 ] ] ] ] } },
{ "type": "Feature", "properties": { }, "geometry": { "type": "MultiPolygon", "coordinates": [ [ [ [ -59.3638916015625, -52.339450836181641 ], [ -59.714160919189453, -52.100521087646484 ], [ -59.58612060546875, -52.077510833740234 ], [ -59.636680603027344, -52.008899688720703 ], [ -59.559169769287109, -52.016109466552734 ], [ -59.588058471679688, -51.985561370849609 ], [ -59.5211181640625, -51.969730377197266 ], [ -59.603889465332031, -51.941669464111328 ], [ -59.596118927001953, -51.921669006347656 ], [ -59.489170074462891, -51.935840606689453 ], [ -59.4888916015625, -51.908618927001953 ], [ -59.521678924560547, -51.879718780517578 ], [ -59.081119537353516, -51.690280914306641 ], [ -59.052219390869141, -51.693061828613281 ], [ -59.043060302734375, -51.817790985107422 ], [ -58.985000610351562, -51.79888916015625 ], [ -58.985000610351562, -51.652778625488281 ], [ -59.1602783203125, -51.594181060791016 ], [ -59.172779083251953, -51.575569152832031 ], [ -59.108890533447266, -51.501678466796875 ], [ -59.043891906738281, -51.584171295166016 ], [ -59.009170532226562, -51.569171905517578 ], [ -59.047500610351562, -51.520561218261719 ], [ -58.98583984375, -51.508338928222656 ], [ -59.120830535888672, -51.466949462890625 ], [ -59.099720001220703, -51.414169311523438 ], [ -58.875278472900391, -51.379451751708984 ], [ -58.865840911865234, -51.359169006347656 ], [ -58.948619842529297, -51.258609771728516 ], [ -58.622219085693359, -51.346950531005859 ], [ -58.579730987548828, -51.3094482421875 ], [ -58.471389770507812, -51.306678771972656 ], [ -58.3477783203125, -51.364170074462891 ], [ -58.320278167724609, -51.420280456542969 ], [ -58.420841217041016, -51.451950073242188 ], [ -58.485000610351562, -51.395000457763672 ], [ -58.550289154052734, -51.433620452880859 ], [ -58.502231597900391, -51.447231292724609 ], [ -58.517791748046875, -51.501110076904297 ], [ -58.431110382080078, -51.477779388427734 ], [ -58.375, -51.561389923095703 ], [ -58.287220001220703, -51.564170837402344 ], [ -58.259449005126953, -51.632789611816406 ], [ -58.226951599121094, -51.654449462890625 ], [ -58.247219085693359, -51.600559234619141 ], [ -58.168621063232422, -51.607219696044922 ], [ -58.291950225830078, -51.481948852539062 ], [ -58.341670989990234, -51.513618469238281 ], [ -58.356670379638672, -51.497509002685547 ], [ -58.265281677246094, -51.406108856201172 ], [ -57.942779541015625, -51.371391296386719 ], [ -57.873889923095703, -51.401668548583984 ], [ -57.825839996337891, -51.474720001220703 ], [ -57.764171600341797, -51.532230377197266 ], [ -57.791110992431641, -51.549171447753906 ], [ -58.079441070556641, -51.523059844970703 ], [ -58.143341064453125, -51.547500610351562 ], [ -58.047500610351562, -51.588340759277344 ], [ -57.793621063232422, -51.612510681152344 ], [ -57.764171600341797, -51.634998321533203 ], [ -57.899730682373047, -51.677780151367188 ], [ -57.731391906738281, -51.692218780517578 ], [ -58.101390838623047, -51.762218475341797 ], [ -58.303058624267578, -51.861949920654297 ], [ -58.595558166503906, -51.899440765380859 ], [ -58.868061065673828, -51.851390838623047 ], [ -58.930561065673828, -51.800571441650391 ], [ -58.966388702392578, -51.820560455322266 ], [ -58.97528076171875, -51.853069305419922 ], [ -58.787220001220703, -51.960559844970703 ], [ -58.638889312744141, -51.962501525878906 ], [ -58.603889465332031, -52.001399993896484 ], [ -58.668621063232422, -52.031959533691406 ], [ -58.634731292724609, -52.11138916015625 ], [ -58.678890228271484, -52.116111755371094 ], [ -58.732509613037109, -52.048618316650391 ], [ -58.8477783203125, -52.041389465332031 ], [ -58.899730682373047, -52.093059539794922 ], [ -58.930561065673828, -52.100288391113281 ], [ -58.9969482421875, -52.032230377197266 ], [ -59.243610382080078, -51.991119384765625 ], [ -59.295841217041016, -52.007511138916016 ], [ -59.293331146240234, -52.027229309082031 ], [ -59.195011138916016, -52.028060913085938 ], [ -59.078609466552734, -52.100559234619141 ], [ -59.154170989990234, -52.138629913330078 ], [ -59.137500762939453, -52.154170989990234 ], [ -59.037220001220703, -52.137779235839844 ], [ -59.095840454101562, -52.176670074462891 ], [ -59.048351287841797, -52.209449768066406 ], [ -59.067218780517578, -52.231391906738281 ], [ -59.384731292724609, -52.116390228271484 ], [ -59.452781677246094, -52.145278930664062 ], [ -59.430278778076172, -52.215011596679688 ], [ -59.343341827392578, -52.250011444091797 ], [ -59.329730987548828, -52.333339691162109 ], [ -59.3638916015625, -52.339450836181641 ] ] ], [ [ [ -36.087509155273438, -54.889720916748047 ], [ -36.287509918212891, -54.753890991210938 ], [ -36.342788696289062, -54.653621673583984 ], [ -36.482509613037109, -54.571399688720703 ], [ -36.465011596679688, -54.533618927001953 ], [ -36.527240753173828, -54.495571136474609 ], [ -36.616119384765625, -54.516399383544922 ], [ -36.809181213378906, -54.449718475341797 ], [ -36.83612060546875, -54.393058776855469 ], [ -36.903621673583984, -54.365009307861328 ], [ -36.863899230957031, -54.345840454101562 ], [ -37.035289764404297, -54.336399078369141 ], [ -37.190010070800781, -54.252498626708984 ], [ -37.404170989990234, -54.269729614257812 ], [ -37.392230987548828, -54.243900299072266 ], [ -37.321121215820312, -54.233608245849609 ], [ -37.407230377197266, -54.191669464111328 ], [ -37.244449615478516, -54.151668548583984 ], [ -37.485008239746094, -54.129169464111328 ], [ -37.567790985107422, -54.142501831054688 ], [ -37.529460906982422, -54.162509918212891 ], [ -37.655288696289062, -54.181671142578125 ], [ -37.717788696289062, -54.143058776855469 ], [ -37.658351898193359, -54.104171752929688 ], [ -37.718059539794922, -54.092220306396484 ], [ -37.616958618164062, -54.04833984375 ], [ -37.834178924560547, -54.031391143798828 ], [ -38.018341064453125, -54.059169769287109 ], [ -38.028900146484375, -54.009731292724609 ], [ -37.583629608154297, -54.003330230712891 ], [ -37.440570831298828, -54.030841827392578 ], [ -37.423069000244141, -54.060279846191406 ], [ -37.116401672363281, -54.049171447753906 ], [ -37.147228240966797, -54.113620758056641 ], [ -36.989181518554688, -54.0513916015625 ], [ -36.980289459228516, -54.080280303955078 ], [ -37.032791137695312, -54.11083984375 ], [ -37.019451141357422, -54.122509002685547 ], [ -36.816669464111328, -54.085559844970703 ], [ -36.816120147705078, -54.144451141357422 ], [ -36.735008239746094, -54.098899841308594 ], [ -36.626121520996094, -54.118610382080078 ], [ -36.636119842529297, -54.148609161376953 ], [ -36.708629608154297, -54.169448852539062 ], [ -36.708629608154297, -54.183059692382812 ], [ -36.561958312988281, -54.190280914306641 ], [ -36.676399230957031, -54.276950836181641 ], [ -36.498069763183594, -54.275001525878906 ], [ -36.496959686279297, -54.35028076171875 ], [ -36.430561065673828, -54.308059692382812 ], [ -36.346118927001953, -54.361671447753906 ], [ -36.397789001464844, -54.2469482421875 ], [ -36.257228851318359, -54.286670684814453 ], [ -36.255290985107422, -54.376949310302734 ], [ -36.166400909423828, -54.372219085693359 ], [ -36.160289764404297, -54.444728851318359 ], [ -36.007778167724609, -54.498340606689453 ], [ -36.095569610595703, -54.542240142822266 ], [ -36.068901062011719, -54.570838928222656 ], [ -35.893341064453125, -54.549449920654297 ], [ -35.937789916992188, -54.695838928222656 ], [ -35.782791137695312, -54.765560150146484 ], [ -35.909740447998047, -54.813339233398438 ], [ -36.0997314453125, -54.763618469238281 ], [ -35.956119537353516, -54.860561370849609 ], [ -36.087509155273438, -54.889720916748047 ] ] ], [ [ [ -60.589729309082031, -52.240291595458984 ], [ -60.650001525878906, -52.233608245849609 ], [ -60.690830230712891, -52.115558624267578 ], [ -60.818340301513672, -52.108058929443359 ], [ -60.721118927001953, -52.167228698730469 ], [ -60.775840759277344, -52.177509307861328 ], [ -61.030811309814453, -52.023849487304688 ], [ -60.819450378417969, -52.03472900390625 ], [ -60.747219085693359, -52.014720916748047 ], [ -60.8466796875, -51.960281372070312 ], [ -60.56195068359375, -51.978610992431641 ], [ -60.460010528564453, -51.970840454101562 ], [ -60.406391143798828, -51.928890228271484 ], [ -60.408340454101562, -51.907501220703125 ], [ -60.520000457763672, -51.945560455322266 ], [ -60.603900909423828, -51.927219390869141 ], [ -60.495559692382812, -51.922500610351562 ], [ -60.444171905517578, -51.848068237304688 ], [ -60.452220916748047, -51.797500610351562 ], [ -60.388069152832031, -51.766399383544922 ], [ -60.345558166503906, -51.860851287841797 ], [ -60.3013916015625, -51.754718780517578 ], [ -60.2227783203125, -51.787788391113281 ], [ -60.178340911865234, -51.715000152587891 ], [ -60.345840454101562, -51.706951141357422 ], [ -60.415840148925781, -51.752231597900391 ], [ -60.542228698730469, -51.800289154052734 ], [ -60.642501831054688, -51.717788696289062 ], [ -60.635280609130859, -51.673618316650391 ], [ -60.468608856201172, -51.702781677246094 ], [ -60.226951599121094, -51.651668548583984 ], [ -60.078060150146484, -51.697498321533203 ], [ -60.490558624267578, -51.531951904296875 ], [ -60.5130615234375, -51.502780914306641 ], [ -60.501121520996094, -51.483341217041016 ], [ -60.391941070556641, -51.495288848876953 ], [ -60.417781829833984, -51.458061218261719 ], [ -60.6138916015625, -51.416950225830078 ], [ -60.645000457763672, -51.360561370849609 ], [ -60.491668701171875, -51.383899688720703 ], [ -60.148338317871094, -51.491680145263672 ], [ -59.985008239746094, -51.467788696289062 ], [ -60.093608856201172, -51.443069458007812 ], [ -60.027229309082031, -51.382511138916016 ], [ -59.751110076904297, -51.449169158935547 ], [ -59.494998931884766, -51.391948699951172 ], [ -59.562778472900391, -51.438350677490234 ], [ -59.527778625488281, -51.464168548583984 ], [ -59.400279998779297, -51.437229156494141 ], [ -59.397781372070312, -51.422500610351562 ], [ -59.448329925537109, -51.363620758056641 ], [ -59.403060913085938, -51.336399078369141 ], [ -59.212779998779297, -51.405849456787109 ], [ -59.281398773193359, -51.419170379638672 ], [ -59.256401062011719, -51.446399688720703 ], [ -59.316390991210938, -51.500011444091797 ], [ -59.372219085693359, -51.498340606689453 ], [ -59.389450073242188, -51.594730377197266 ], [ -59.432239532470703, -51.623340606689453 ], [ -59.523899078369141, -51.621391296386719 ], [ -59.868061065673828, -51.950279235839844 ], [ -59.982780456542969, -51.993900299072266 ], [ -60.060279846191406, -51.940288543701172 ], [ -60.078609466552734, -51.9989013671875 ], [ -60.200839996337891, -51.9727783203125 ], [ -60.286949157714844, -52.005279541015625 ], [ -60.263889312744141, -52.074451446533203 ], [ -60.368061065673828, -52.1591796875 ], [ -60.550559997558594, -52.112789154052734 ], [ -60.4969482421875, -52.186389923095703 ], [ -60.589729309082031, -52.240291595458984 ] ] ] ] } },
{ "type": "Feature", "properties": { }, "geometry": { "type": "Polygon", "coordinates": [ [ [ -54.094440460205078, 3.29499888420105 ], [ -54.003059387207031, 3.442776918411255 ], [ -53.984439849853516, 3.599442958831787 ], [ -54.009170532226562, 3.636388063430786 ], [ -54.067218780517578, 3.664443016052246 ], [ -54.123889923095703, 3.785554885864258 ], [ -54.284450531005859, 3.926388025283813 ], [ -54.360279083251953, 4.034997940063477 ], [ -54.331668853759766, 4.142220020294189 ], [ -54.4022216796875, 4.181386947631836 ], [ -54.434440612792969, 4.708610057830811 ], [ -54.474720001220703, 4.736664772033691 ], [ -54.455829620361328, 5.004443168640137 ], [ -54.290561676025391, 5.248054027557373 ], [ -54.055000305175781, 5.444165229797363 ], [ -53.981948852539062, 5.690554141998291 ], [ -53.911670684814453, 5.750277042388916 ], [ -53.744998931884766, 5.728888034820557 ], [ -53.483608245849609, 5.56805419921875 ], [ -52.932239532470703, 5.453886985778809 ], [ -52.5755615234375, 5.102499008178711 ], [ -52.420009613037109, 5.003054141998291 ], [ -52.385829925537109, 4.891108989715576 ], [ -52.3336181640625, 4.948887825012207 ], [ -52.278339385986328, 4.931108951568604 ], [ -52.259449005126953, 4.87194299697876 ], [ -52.327510833740234, 4.773888111114502 ], [ -52.3336181640625, 4.724442958831787 ], [ -52.274730682373047, 4.84194278717041 ], [ -52.207229614257812, 4.863608837127686 ], [ -52.064731597900391, 4.733888149261475 ], [ -51.978340148925781, 4.58694314956665 ], [ -51.956668853759766, 4.403332233428955 ], [ -52.040279388427734, 4.331387996673584 ], [ -51.9586181640625, 4.366386890411377 ], [ -51.9263916015625, 4.40888786315918 ], [ -51.9263916015625, 4.612777233123779 ], [ -51.900291442871094, 4.661942958831787 ], [ -51.850849151611328, 4.653332233428955 ], [ -51.769168853759766, 4.544166088104248 ], [ -51.716670989990234, 4.320553779602051 ], [ -51.653888702392578, 4.221942901611328 ], [ -51.649440765380859, 4.161386966705322 ], [ -51.686389923095703, 4.031846046447754 ], [ -51.849720001220703, 3.843610048294067 ], [ -52.103328704833984, 3.444998979568481 ], [ -52.344158172607422, 3.154165983200073 ], [ -52.335559844970703, 3.064444065093994 ], [ -52.445831298828125, 2.863332986831665 ], [ -52.567501068115234, 2.515554904937744 ], [ -52.916389465332031, 2.195832014083862 ], [ -53.118610382080078, 2.222498893737793 ], [ -53.265010833740234, 2.192498922348022 ], [ -53.218891143798828, 2.258054971694946 ], [ -53.3397216796875, 2.352777004241943 ], [ -53.471660614013672, 2.256665945053101 ], [ -53.648059844970703, 2.288331985473633 ], [ -53.745010375976562, 2.37388801574707 ], [ -53.796669006347656, 2.354166030883789 ], [ -53.817501068115234, 2.30944299697876 ], [ -53.932220458984375, 2.271944046020508 ], [ -53.932498931884766, 2.22472095489502 ], [ -53.998889923095703, 2.194442987442017 ], [ -54.104999542236328, 2.113054990768433 ], [ -54.144168853759766, 2.120553970336914 ], [ -54.180561065673828, 2.172498941421509 ], [ -54.249168395996094, 2.146666049957275 ], [ -54.476940155029297, 2.218333005905151 ], [ -54.546951293945312, 2.31833291053772 ], [ -54.615360260009766, 2.319778919219971 ], [ -54.573890686035156, 2.354722023010254 ], [ -54.524169921875, 2.33611011505127 ], [ -54.483238220214844, 2.42854905128479 ], [ -54.426670074462891, 2.427221059799194 ], [ -54.180561065673828, 2.840831995010376 ], [ -54.170280456542969, 3.008332967758179 ], [ -54.191940307617188, 3.178888082504272 ], [ -54.094440460205078, 3.29499888420105 ] ] ] } },
{ "type": "Feature", "properties": { }, "geometry": { "type": "Polygon", "coordinates": [ [ [ -59.944450378417969, 8.210273742675781 ], [ -59.831951141357422, 8.228883743286133 ], [ -59.8013916015625, 8.274997711181641 ], [ -59.989051818847656, 8.533597946166992 ], [ -59.952510833740234, 8.509162902832031 ], [ -59.855831146240234, 8.37944221496582 ], [ -59.435279846191406, 8.128330230712891 ], [ -59.522510528564453, 8.226108551025391 ], [ -59.752780914306641, 8.347497940063477 ], [ -59.781951904296875, 8.386663436889648 ], [ -59.765010833740234, 8.409999847412109 ], [ -59.327510833740234, 8.159997940063477 ], [ -58.953609466552734, 7.862497806549072 ], [ -58.653888702392578, 7.598330974578857 ], [ -58.467510223388672, 7.281664848327637 ], [ -58.478889465332031, 7.01249885559082 ], [ -58.553340911865234, 6.942221164703369 ], [ -58.634731292724609, 6.449719905853271 ], [ -58.683330535888672, 6.379998207092285 ], [ -58.596401214599609, 6.413331985473633 ], [ -58.486679077148438, 6.780553817749023 ], [ -58.426120758056641, 6.866110801696777 ], [ -58.327510833740234, 6.895276069641113 ], [ -57.995838165283203, 6.795277118682861 ], [ -57.636669158935547, 6.482221126556396 ], [ -57.519451141357422, 6.270832061767578 ], [ -57.497509002685547, 6.341108798980713 ], [ -57.363899230957031, 6.289999008178711 ], [ -57.210010528564453, 6.158332824707031 ], [ -57.159679412841797, 5.99724292755127 ], [ -57.184719085693359, 5.592498779296875 ], [ -57.335559844970703, 5.313332080841064 ], [ -57.286670684814453, 5.229443073272705 ], [ -57.261119842529297, 5.220552921295166 ], [ -57.252498626708984, 5.2691650390625 ], [ -57.212779998779297, 5.232222080230713 ], [ -57.1905517578125, 5.164165019989014 ], [ -57.2288818359375, 5.14083194732666 ], [ -57.266109466552734, 5.177774906158447 ], [ -57.297229766845703, 5.160275936126709 ], [ -57.289169311523438, 5.016664981842041 ], [ -57.688331604003906, 5.010276794433594 ], [ -57.853618621826172, 4.912775993347168 ], [ -57.9263916015625, 4.798608779907227 ], [ -57.838611602783203, 4.654719829559326 ], [ -57.882499694824219, 4.559164047241211 ], [ -57.954170227050781, 4.287775993347168 ], [ -58.071670532226562, 4.152221202850342 ], [ -58.040561676025391, 3.994720935821533 ], [ -57.929168701171875, 3.886666059494019 ], [ -57.835830688476562, 3.664999008178711 ], [ -57.735000610351562, 3.610276937484741 ], [ -57.636951446533203, 3.46111011505127 ], [ -57.666950225830078, 3.395555019378662 ], [ -57.642230987548828, 3.355833053588867 ], [ -57.299449920654297, 3.370831966400146 ], [ -57.293331146240234, 3.263887882232666 ], [ -57.210559844970703, 3.035276889801025 ], [ -57.202220916748047, 2.820832967758179 ], [ -57.127780914306641, 2.791666030883789 ], [ -56.691890716552734, 2.02697491645813 ], [ -56.557781219482422, 2.021944046020508 ], [ -56.470909118652344, 1.944463968276978 ], [ -56.554721832275391, 1.903332948684692 ], [ -56.628330230712891, 1.939721941947937 ], [ -56.670841217041016, 1.913611054420471 ], [ -56.979160308837891, 1.916388034820557 ], [ -57.053050994873047, 1.952777028083801 ], [ -57.067501068115234, 2.010833024978638 ], [ -57.100559234619141, 2.023888111114502 ], [ -57.236949920654297, 1.947221994400024 ], [ -57.303050994873047, 1.981387972831726 ], [ -57.353061676025391, 1.955554962158203 ], [ -57.507511138916016, 1.736387968063354 ], [ -57.564449310302734, 1.698055028915405 ], [ -57.753620147705078, 1.720554947853088 ], [ -57.825279235839844, 1.682222008705139 ], [ -57.980831146240234, 1.656944036483765 ], [ -57.974720001220703, 1.601387977600098 ], [ -58.013889312744141, 1.512222051620483 ], [ -58.252780914306641, 1.56583297252655 ], [ -58.311939239501953, 1.603332996368408 ], [ -58.347499847412109, 1.549443960189819 ], [ -58.503898620605469, 1.450554966926575 ], [ -58.471111297607422, 1.320554971694946 ], [ -58.515560150146484, 1.267776966094971 ], [ -58.695270538330078, 1.286944031715393 ], [ -58.726390838623047, 1.228610992431641 ], [ -58.807220458984375, 1.185554981231689 ], [ -58.865840911865234, 1.20194399356842 ], [ -58.928340911865234, 1.302777051925659 ], [ -59.232769012451172, 1.379166007041931 ], [ -59.531391143798828, 1.7188880443573 ], [ -59.642780303955078, 1.7311110496521 ], [ -59.678050994873047, 1.771389007568359 ], [ -59.631111145019531, 1.846387982368469 ], [ -59.751949310302734, 1.865277051925659 ], [ -59.734729766845703, 2.28722095489502 ], [ -59.8497314453125, 2.330554962158203 ], [ -59.965278625488281, 2.626666069030762 ], [ -59.976940155029297, 2.911387920379639 ], [ -59.859729766845703, 3.286943912506104 ], [ -59.821388244628906, 3.468054056167603 ], [ -59.858341217041016, 3.563888072967529 ], [ -59.76055908203125, 3.628331899642944 ], [ -59.518890380859375, 3.952498912811279 ], [ -59.598621368408203, 4.016386985778809 ], [ -59.635829925537109, 4.146387100219727 ], [ -59.705280303955078, 4.167220115661621 ], [ -59.732769012451172, 4.227498054504395 ], [ -59.676120758056641, 4.38888692855835 ], [ -59.754718780517578, 4.430275917053223 ], [ -60.147789001464844, 4.517498016357422 ], [ -60.1522216796875, 4.573331832885742 ], [ -60.025829315185547, 4.707221031188965 ], [ -59.974720001220703, 5.093053817749023 ], [ -60.05194091796875, 5.134442806243896 ], [ -60.111419677734375, 5.225905895233154 ], [ -60.200550079345703, 5.273609161376953 ], [ -60.4405517578125, 5.176386833190918 ], [ -60.666950225830078, 5.216664791107178 ], [ -60.732929229736328, 5.205276012420654 ], [ -61.389999389648438, 5.939998149871826 ], [ -61.219158172607422, 6.128886222839355 ], [ -61.113059997558594, 6.187220096588135 ], [ -61.1138916015625, 6.282220840454102 ], [ -61.156658172607422, 6.328886985778809 ], [ -61.153610229492188, 6.492219924926758 ], [ -61.204719543457031, 6.574442863464355 ], [ -61.138050079345703, 6.701941967010498 ], [ -60.896110534667969, 6.759720802307129 ], [ -60.909439086914062, 6.809164047241211 ], [ -60.713058471679688, 6.758053779602051 ], [ -60.408329010009766, 6.947497844696045 ], [ -60.368061065673828, 6.930275917053223 ], [ -60.278339385986328, 7.112499237060547 ], [ -60.357780456542969, 7.175552845001221 ], [ -60.495281219482422, 7.181108951568604 ], [ -60.535560607910156, 7.123887062072754 ], [ -60.617771148681641, 7.194441795349121 ], [ -60.634449005126953, 7.258053779602051 ], [ -60.588050842285156, 7.316386222839355 ], [ -60.645839691162109, 7.436665058135986 ], [ -60.691108703613281, 7.455832004547119 ], [ -60.719730377197266, 7.528886795043945 ], [ -60.693611145019531, 7.566109180450439 ], [ -60.632770538330078, 7.601109981536865 ], [ -60.5352783203125, 7.802219867706299 ], [ -60.340938568115234, 7.846042156219482 ], [ -60.178050994873047, 7.981387138366699 ], [ -60.023330688476562, 8.041385650634766 ], [ -59.944450378417969, 8.210273742675781 ] ] ] } },
{ "type": "Feature", "properties": { }, "geometry": { "type": "Polygon", "coordinates": [ [ [ -61.742771148681641, -19.645000457763672 ], [ -60.613620758056641, -19.459169387817383 ], [ -59.990840911865234, -19.296670913696289 ], [ -59.101940155029297, -19.348060607910156 ], [ -58.151660919189453, -19.828060150146484 ], [ -58.158168792724609, -20.168859481811523 ], [ -58.119720458984375, -20.20111083984375 ], [ -58.161941528320312, -20.236669540405273 ], [ -58.142780303955078, -20.280279159545898 ], [ -58.105560302734375, -20.265010833740234 ], [ -58.085559844970703, -20.371120452880859 ], [ -57.990840911865234, -20.440839767456055 ], [ -57.9969482421875, -20.612220764160156 ], [ -57.9788818359375, -20.711109161376953 ], [ -57.9263916015625, -20.666950225830078 ], [ -57.859729766845703, -20.73444938659668 ], [ -57.943328857421875, -20.794170379638672 ], [ -57.86138916015625, -20.829170227050781 ], [ -57.864448547363281, -20.859170913696289 ], [ -57.921108245849609, -20.902229309082031 ], [ -57.819450378417969, -20.956110000610352 ], [ -57.838329315185547, -21.200559616088867 ], [ -57.906658172607422, -21.281120300292969 ], [ -57.851398468017578, -21.330549240112305 ], [ -57.954170227050781, -21.510839462280273 ], [ -57.891948699951172, -21.689449310302734 ], [ -57.956668853759766, -21.847499847412109 ], [ -57.922779083251953, -21.895280838012695 ], [ -57.982799530029297, -22.089229583740234 ], [ -57.879440307617188, -22.130559921264648 ], [ -57.645549774169922, -22.099170684814453 ], [ -57.614719390869141, -22.173059463500977 ], [ -56.873889923095703, -22.245830535888672 ], [ -56.875831604003906, -22.284999847412109 ], [ -56.834171295166016, -22.29833984375 ], [ -56.70111083984375, -22.214450836181641 ], [ -56.637779235839844, -22.262779235839844 ], [ -56.486339569091797, -22.082670211791992 ], [ -56.396389007568359, -22.066949844360352 ], [ -56.383888244628906, -22.101119995117188 ], [ -56.200279235839844, -22.275840759277344 ], [ -55.921669006347656, -22.300559997558594 ], [ -55.859729766845703, -22.283340454101562 ], [ -55.745548248291016, -22.395280838012695 ], [ -55.730831146240234, -22.539449691772461 ], [ -55.610000610351562, -22.708610534667969 ], [ -55.630001068115234, -22.986949920654297 ], [ -55.5272216796875, -23.219999313354492 ], [ -55.550548553466797, -23.319169998168945 ], [ -55.502780914306641, -23.378889083862305 ], [ -55.522499084472656, -23.596950531005859 ], [ -55.441940307617188, -23.700839996337891 ], [ -55.418891906738281, -23.939170837402344 ], [ -55.396671295166016, -23.971120834350586 ], [ -55.204441070556641, -24.018339157104492 ], [ -54.932498931884766, -23.968610763549805 ], [ -54.638050079345703, -23.807510375976562 ], [ -54.428890228271484, -23.900840759277344 ], [ -54.243061065673828, -24.052230834960938 ], [ -54.329441070556641, -24.121669769287109 ], [ -54.319450378417969, -24.237220764160156 ], [ -54.253059387207031, -24.331390380859375 ], [ -54.274440765380859, -24.41139030456543 ], [ -54.331668853759766, -24.492780685424805 ], [ -54.311939239501953, -24.609170913696289 ], [ -54.401901245117188, -24.823589324951172 ], [ -54.457778930664062, -25.04973030090332 ], [ -54.422229766845703, -25.13694953918457 ], [ -54.617221832275391, -25.438060760498047 ], [ -54.583889007568359, -25.636669158935547 ], [ -54.644168853759766, -25.656949996948242 ], [ -54.601669311523438, -25.952779769897461 ], [ -54.663059234619141, -25.97722053527832 ], [ -54.633609771728516, -26.200279235839844 ], [ -54.803611755371094, -26.659450531005859 ], [ -54.883331298828125, -26.656110763549805 ], [ -54.930561065673828, -26.688339233398438 ], [ -54.950550079345703, -26.770559310913086 ], [ -55.117771148681641, -26.857780456542969 ], [ -55.126110076904297, -26.944999694824219 ], [ -55.186389923095703, -26.962779998779297 ], [ -55.251110076904297, -26.936119079589844 ], [ -55.396110534667969, -26.971670150756836 ], [ -55.445831298828125, -27.023899078369141 ], [ -55.451938629150391, -27.091390609741211 ], [ -55.598880767822266, -27.164449691772461 ], [ -55.581668853759766, -27.301950454711914 ], [ -55.603610992431641, -27.346389770507812 ], [ -55.785381317138672, -27.434490203857422 ], [ -55.888050079345703, -27.333890914916992 ], [ -56.042499542236328, -27.303619384765625 ], [ -56.148609161376953, -27.312229156494141 ], [ -56.27471923828125, -27.396110534667969 ], [ -56.271110534667969, -27.461389541625977 ], [ -56.361110687255859, -27.584169387817383 ], [ -56.392230987548828, -27.58612060546875 ], [ -56.452781677246094, -27.550840377807617 ], [ -56.515010833740234, -27.464170455932617 ], [ -56.585830688476562, -27.44805908203125 ], [ -56.673328399658203, -27.461389541625977 ], [ -56.726100921630859, -27.503620147705078 ], [ -56.784198760986328, -27.492330551147461 ], [ -56.874168395996094, -27.421119689941406 ], [ -56.932498931884766, -27.423059463500977 ], [ -57.059440612792969, -27.488889694213867 ], [ -57.404449462890625, -27.424169540405273 ], [ -57.735561370849609, -27.305280685424805 ], [ -58.011119842529297, -27.270280838012695 ], [ -58.602649688720703, -27.294179916381836 ], [ -58.658889770507812, -27.181390762329102 ], [ -58.636119842529297, -27.137229919433594 ], [ -58.563610076904297, -27.116949081420898 ], [ -58.546108245849609, -27.045839309692383 ], [ -58.509731292724609, -27.058620452880859 ], [ -58.473609924316406, -26.936119079589844 ], [ -58.317779541015625, -26.878339767456055 ], [ -58.342220306396484, -26.81389045715332 ], [ -58.246109008789062, -26.764730453491211 ], [ -58.239719390869141, -26.649730682373047 ], [ -58.185268402099609, -26.658620834350586 ], [ -58.168331146240234, -26.596950531005859 ], [ -58.218059539794922, -26.540559768676758 ], [ -58.211391448974609, -26.425830841064453 ], [ -58.169448852539062, -26.342229843139648 ], [ -58.172229766845703, -26.27277946472168 ], [ -58.104721069335938, -26.240280151367188 ], [ -58.121940612792969, -26.218889236450195 ], [ -57.853889465332031, -25.996389389038086 ], [ -57.900829315185547, -25.952499389648438 ], [ -57.750011444091797, -25.716669082641602 ], [ -57.751110076904297, -25.670000076293945 ], [ -57.575569152832031, -25.57305908203125 ], [ -57.557781219482422, -25.433330535888672 ], [ -57.640281677246094, -25.378889083862305 ], [ -57.650279998779297, -25.330009460449219 ], [ -57.870548248291016, -25.087779998779297 ], [ -57.980831146240234, -25.077499389648438 ], [ -58.228610992431641, -24.938339233398438 ], [ -58.338050842285156, -24.997499465942383 ], [ -58.460830688476562, -24.852500915527344 ], [ -58.686660766601562, -24.816120147705078 ], [ -58.88555908203125, -24.726390838623047 ], [ -59.131389617919922, -24.59889030456543 ], [ -59.615840911865234, -24.28639030456543 ], [ -59.638248443603516, -24.247520446777344 ], [ -60.038059234619141, -24.009729385375977 ], [ -60.170280456542969, -24.041669845581055 ], [ -60.313060760498047, -24.020280838012695 ], [ -60.640838623046875, -23.895559310913086 ], [ -61.015010833740234, -23.806110382080078 ], [ -61.124168395996094, -23.597780227661133 ], [ -61.224720001220703, -23.555280685424805 ], [ -61.619998931884766, -23.285839080810547 ], [ -61.999168395996094, -22.994720458984375 ], [ -62.005561828613281, -22.942230224609375 ], [ -62.260829925537109, -22.60028076171875 ], [ -62.237499237060547, -22.566949844360352 ], [ -62.258609771728516, -22.518890380859375 ], [ -62.6280517578125, -22.303329467773438 ], [ -62.623889923095703, -22.249160766601562 ], [ -62.638660430908203, -22.236629486083984 ], [ -62.259170532226562, -21.056949615478516 ], [ -62.269451141357422, -20.562229156494141 ], [ -61.913059234619141, -20.080009460449219 ], [ -61.742771148681641, -19.645000457763672 ] ] ] } },
{ "type": "Feature", "properties": { }, "geometry": { "type": "Polygon", "coordinates": [ [ [ -69.327217102050781, -15.430560111999512 ], [ -69.422233581542969, -15.618060111999512 ], [ -69.2147216796875, -16.156389236450195 ], [ -69.150558471679688, -16.218610763549805 ], [ -68.970283508300781, -16.207500457763672 ], [ -68.833633422851562, -16.302499771118164 ], [ -68.82611083984375, -16.351390838623047 ], [ -68.990829467773438, -16.419719696044922 ], [ -69.037513732910156, -16.571390151977539 ], [ -69.03778076171875, -16.603059768676758 ], [ -69.00250244140625, -16.644729614257812 ], [ -69.094467163085938, -16.707229614257812 ], [ -69.166397094726562, -16.720560073852539 ], [ -69.343612670898438, -16.982500076293945 ], [ -69.411117553710938, -17.020559310913086 ], [ -69.385833740234375, -17.050840377807617 ], [ -69.618057250976562, -17.186670303344727 ], [ -69.652496337890625, -17.285839080810547 ], [ -69.590850830078125, -17.295280456542969 ], [ -69.501106262207031, -17.378889083862305 ], [ -69.499732971191406, -17.505279541015625 ], [ -69.684158325195312, -17.663619995117188 ], [ -69.81500244140625, -17.652229309082031 ], [ -69.848342895507812, -17.716669082641602 ], [ -69.769172668457031, -17.946950912475586 ], [ -69.841667175292969, -18.128620147705078 ], [ -69.965843200683594, -18.256109237670898 ], [ -70.178329467773438, -18.328889846801758 ], [ -70.4033203125, -18.347990036010742 ], [ -70.773063659667969, -18.082780838012695 ], [ -70.922233581542969, -17.943340301513672 ], [ -71.058616638183594, -17.879169464111328 ], [ -71.201133728027344, -17.767229080200195 ], [ -71.38555908203125, -17.695560455322266 ], [ -71.356117248535156, -17.628059387207031 ], [ -71.398902893066406, -17.399169921875 ], [ -71.543899536132812, -17.27362060546875 ], [ -71.829177856445312, -17.189449310302734 ], [ -72.0069580078125, -17.045560836791992 ], [ -72.154716491699219, -16.958059310913086 ], [ -72.364730834960938, -16.758340835571289 ], [ -72.518890380859375, -16.683620452880859 ], [ -72.729446411132812, -16.650840759277344 ], [ -73.180557250976562, -16.408340454101562 ], [ -73.253067016601562, -16.410560607910156 ], [ -73.320281982421875, -16.335010528564453 ], [ -73.5513916015625, -16.253059387207031 ], [ -73.704177856445312, -16.231399536132812 ], [ -73.881118774414062, -16.121120452880859 ], [ -74.057510375976562, -15.953060150146484 ], [ -74.39862060546875, -15.827500343322754 ], [ -74.483612060546875, -15.720840454101562 ], [ -75.202507019042969, -15.369449615478516 ], [ -75.1572265625, -15.320280075073242 ], [ -75.261398315429688, -15.260560035705566 ], [ -75.225013732910156, -15.231109619140625 ], [ -75.292793273925781, -15.157779693603516 ], [ -75.371673583984375, -15.146949768066406 ], [ -75.410568237304688, -15.063340187072754 ], [ -75.507781982421875, -14.96360969543457 ], [ -75.505279541015625, -14.925840377807617 ], [ -75.933326721191406, -14.658060073852539 ], [ -75.98779296875, -14.467499732971191 ], [ -76.152236938476562, -14.330559730529785 ], [ -76.115837097167969, -14.301389694213867 ], [ -76.204177856445312, -14.173890113830566 ], [ -76.291397094726562, -14.173620223999023 ], [ -76.302230834960938, -14.103059768676758 ], [ -76.279167175292969, -14.062780380249023 ], [ -76.301681518554688, -13.894450187683105 ], [ -76.370559692382812, -13.91055965423584 ], [ -76.395278930664062, -13.879449844360352 ], [ -76.36834716796875, -13.806949615478516 ], [ -76.301963806152344, -13.79833984375 ], [ -76.272872924804688, -13.854849815368652 ], [ -76.201133728027344, -13.631950378417969 ], [ -76.192497253417969, -13.427499771118164 ], [ -76.492507934570312, -13.046110153198242 ], [ -76.526397705078125, -12.848609924316406 ], [ -76.61279296875, -12.780559539794922 ], [ -76.645278930664062, -12.71111011505127 ], [ -76.806953430175781, -12.494170188903809 ], [ -76.801116943359375, -12.38778018951416 ], [ -76.932510375976562, -12.25944995880127 ], [ -77.019180297851562, -12.225839614868164 ], [ -77.071121215820312, -12.103059768676758 ], [ -77.176116943359375, -12.070839881896973 ], [ -77.144447326660156, -11.94944953918457 ], [ -77.18695068359375, -11.796669960021973 ], [ -77.285568237304688, -11.543609619140625 ], [ -77.650283813476562, -11.296389579772949 ], [ -77.666397094726562, -11.246109962463379 ], [ -77.610572814941406, -11.180000305175781 ], [ -77.682510375976562, -10.929730415344238 ], [ -78.196121215820312, -10.109999656677246 ], [ -78.177780151367188, -10.064729690551758 ], [ -78.245010375976562, -9.953336715698242 ], [ -78.246116638183594, -9.792503356933594 ], [ -78.378890991210938, -9.613613128662109 ], [ -78.398063659667969, -9.434169769287109 ], [ -78.539459228515625, -9.260557174682617 ], [ -78.509742736816406, -9.226947784423828 ], [ -78.515556335449219, -9.174724578857422 ], [ -78.555557250976562, -9.173891067504883 ], [ -78.587783813476562, -9.233058929443359 ], [ -78.626106262207031, -9.161113739013672 ], [ -78.571952819824219, -9.139448165893555 ], [ -78.582229614257812, -9.096944808959961 ], [ -78.648063659667969, -9.063335418701172 ], [ -78.663887023925781, -8.917503356933594 ], [ -78.774436950683594, -8.75916862487793 ], [ -78.751106262207031, -8.690835952758789 ], [ -78.771957397460938, -8.586391448974609 ], [ -78.946670532226562, -8.427780151367188 ], [ -78.916397094726562, -8.379725456237793 ], [ -78.978897094726562, -8.256946563720703 ], [ -79.377792358398438, -7.843890190124512 ], [ -79.6380615234375, -7.25750207901001 ], [ -79.711402893066406, -7.178057193756104 ], [ -79.715011596679688, -7.116668224334717 ], [ -79.9444580078125, -6.875556945800781 ], [ -79.9827880859375, -6.764445781707764 ], [ -80.1239013671875, -6.639167785644531 ], [ -81.182243347167969, -6.099167823791504 ], [ -81.190841674804688, -5.94833517074585 ], [ -81.089736938476562, -5.802223205566406 ], [ -80.977226257324219, -5.870278835296631 ], [ -80.9263916015625, -5.852222919464111 ], [ -80.888900756835938, -5.790556907653809 ], [ -80.872787475585938, -5.642501831054688 ], [ -80.923072814941406, -5.502501010894775 ], [ -81.210006713867188, -5.192780017852783 ], [ -81.171401977539062, -5.063889980316162 ], [ -81.099166870117188, -5.063333988189697 ], [ -81.109733581542969, -4.968334197998047 ], [ -81.356399536132812, -4.68194580078125 ], [ -81.303337097167969, -4.552223205566406 ], [ -81.327507019042969, -4.47111177444458 ], [ -81.261123657226562, -4.255280017852783 ], [ -81.189453125, -4.202500820159912 ], [ -80.982513427734375, -3.952501058578491 ], [ -80.871673583984375, -3.882500886917114 ], [ -80.813606262207031, -3.743611097335815 ], [ -80.598617553710938, -3.616667032241821 ], [ -80.529716491699219, -3.505556106567383 ], [ -80.375556945800781, -3.472223043441772 ], [ -80.34039306640625, -3.38227391242981 ], [ -80.253890991210938, -3.420834064483643 ], [ -80.2711181640625, -3.470834016799927 ], [ -80.212783813476562, -3.595834016799927 ], [ -80.220001220703125, -3.688333988189697 ], [ -80.156387329101562, -3.887778043746948 ], [ -80.316390991210938, -4.013057231903076 ], [ -80.423316955566406, -3.978332996368408 ], [ -80.474716186523438, -4.007224082946777 ], [ -80.480827331542969, -4.179168224334717 ], [ -80.447769165039062, -4.221945762634277 ], [ -80.335563659667969, -4.199443817138672 ], [ -80.482772827148438, -4.399723052978516 ], [ -80.4677734375, -4.438889980316162 ], [ -80.394172668457031, -4.476945877075195 ], [ -80.130722045898438, -4.281270027160645 ], [ -79.980827331542969, -4.383890151977539 ], [ -79.899169921875, -4.393333911895752 ], [ -79.857223510742188, -4.447500228881836 ], [ -79.789436340332031, -4.48305606842041 ], [ -79.649986267089844, -4.432777881622314 ], [ -79.495002746582031, -4.533055782318115 ], [ -79.503067016601562, -4.568611145019531 ], [ -79.480827331542969, -4.713335037231445 ], [ -79.356658935546875, -4.891111850738525 ], [ -79.0494384765625, -5.003334999084473 ], [ -78.891387939453125, -4.844168186187744 ], [ -78.918327331542969, -4.739165782928467 ], [ -78.865829467773438, -4.666388988494873 ], [ -78.668327331542969, -4.55916690826416 ], [ -78.624710083007812, -4.436666965484619 ], [ -78.670272827148438, -4.379168033599854 ], [ -78.660552978515625, -4.302223205566406 ], [ -78.53167724609375, -3.912777900695801 ], [ -78.402496337890625, -3.753612041473389 ], [ -78.337783813476562, -3.422777891159058 ], [ -78.28472900390625, -3.408056020736694 ], [ -78.26055908203125, -3.425555944442749 ], [ -78.256118774414062, -3.51694393157959 ], [ -78.221122741699219, -3.508611917495728 ], [ -78.170272827148438, -3.431389093399048 ], [ -78.215843200683594, -3.373888969421387 ], [ -77.903343200683594, -3.026945114135742 ], [ -77.342216491699219, -2.807499885559082 ], [ -76.661392211914062, -2.572777986526489 ], [ -76.144172668457031, -2.183888912200928 ], [ -75.590286254882812, -1.55333399772644 ], [ -75.4022216796875, -0.922777891159058 ], [ -75.343887329101562, -0.976111114025116 ], [ -75.218612670898438, -0.977222204208374 ], [ -75.2913818359375, -0.71833348274231 ], [ -75.245002746582031, -0.619722187519073 ], [ -75.262786865234375, -0.523055672645569 ], [ -75.3638916015625, -0.466666698455811 ], [ -75.485549926757812, -0.226666703820229 ], [ -75.624687194824219, -0.176808997988701 ], [ -75.6280517578125, -0.108333297073841 ], [ -75.360000610351562, -0.153333306312561 ], [ -75.285247802734375, -0.11912439763546 ], [ -75.245002746582031, -0.119722202420235 ], [ -75.21221923828125, -0.037500001490116 ], [ -75.150833129882812, -0.038888901472092 ], [ -74.8760986328125, -0.227222204208374 ], [ -74.786666870117188, -0.200555592775345 ], [ -74.730827331542969, -0.266389012336731 ], [ -74.706672668457031, -0.367777794599533 ], [ -74.663887023925781, -0.346666693687439 ], [ -74.638343811035156, -0.410277813673019 ], [ -74.607772827148438, -0.38361120223999 ], [ -74.3760986328125, -0.568055510520935 ], [ -74.309158325195312, -0.813333511352539 ], [ -74.2388916015625, -0.859166622161865 ], [ -74.24249267578125, -0.890000104904175 ], [ -74.293609619140625, -0.902222394943237 ], [ -74.2369384765625, -1.0188889503479 ], [ -74.077789306640625, -1.07361102104187 ], [ -74.020553588867188, -1.035277962684631 ], [ -73.938316345214844, -1.168889045715332 ], [ -73.85028076171875, -1.170833945274353 ], [ -73.844161987304688, -1.260555982589722 ], [ -73.755569458007812, -1.294167041778564 ], [ -73.7388916015625, -1.238610982894897 ], [ -73.556381225585938, -1.370833992958069 ], [ -73.517227172851562, -1.503888964653015 ], [ -73.446380615234375, -1.596389055252075 ], [ -73.50750732421875, -1.748332977294922 ], [ -73.309432983398438, -1.872221946716309 ], [ -73.19915771484375, -1.803056001663208 ], [ -73.093338012695312, -1.918056011199951 ], [ -73.057502746582031, -2.140834093093872 ], [ -73.088333129882812, -2.224445104598999 ], [ -73.133903503417969, -2.243333101272583 ], [ -73.08306884765625, -2.363333940505981 ], [ -73.036117553710938, -2.365278005599976 ], [ -73.022781372070312, -2.422223091125488 ], [ -72.944442749023438, -2.395555973052979 ], [ -72.891952514648438, -2.503056049346924 ], [ -72.805831909179688, -2.487777948379517 ], [ -72.744720458984375, -2.434443950653076 ], [ -72.716659545898438, -2.474999904632568 ], [ -72.692489624023438, -2.440556049346924 ], [ -72.6461181640625, -2.49416708946228 ], [ -72.595840454101562, -2.407778024673462 ], [ -72.354446411132812, -2.434444904327393 ], [ -72.336669921875, -2.479722023010254 ], [ -72.208892822265625, -2.50639009475708 ], [ -72.208892822265625, -2.458333969116211 ], [ -72.129989624023438, -2.440556049346924 ], [ -72.1038818359375, -2.476388931274414 ], [ -72.048049926757812, -2.3872230052948 ], [ -72.008621215820312, -2.357223033905029 ], [ -71.89862060546875, -2.384444952011108 ], [ -71.731376647949219, -2.167500019073486 ], [ -71.6885986328125, -2.149723052978516 ], [ -71.679443359375, -2.221667051315308 ], [ -71.515007019042969, -2.235833883285522 ], [ -71.460563659667969, -2.352499961853027 ], [ -71.430282592773438, -2.276945114135742 ], [ -71.357772827148438, -2.353055000305176 ], [ -71.355560302734375, -2.391388893127441 ], [ -71.1138916015625, -2.353055953979492 ], [ -71.093887329101562, -2.303056001663208 ], [ -70.988327026367188, -2.300277948379517 ], [ -70.971389770507812, -2.223611116409302 ], [ -70.758621215820312, -2.296111106872559 ], [ -70.5997314453125, -2.420834064483643 ], [ -70.587783813476562, -2.481112003326416 ], [ -70.54083251953125, -2.494723081588745 ], [ -70.552223205566406, -2.432499885559082 ], [ -70.5272216796875, -2.42638897895813 ], [ -70.420547485351562, -2.51111102104187 ], [ -70.307502746582031, -2.49555492401123 ], [ -70.29998779296875, -2.531666994094849 ], [ -70.338333129882812, -2.555556058883667 ], [ -70.326950073242188, -2.578334093093872 ], [ -70.2369384765625, -2.552222013473511 ], [ -70.12554931640625, -2.699445009231567 ], [ -70.071670532226562, -2.661111116409302 ], [ -70.049728393554688, -2.727499961853027 ], [ -70.724441528320312, -3.779721975326538 ], [ -70.51611328125, -3.861112117767334 ], [ -70.371932983398438, -3.788333892822266 ], [ -70.248893737792969, -3.861112117767334 ], [ -69.946578979492188, -4.224227905273438 ], [ -69.97222900390625, -4.303055763244629 ], [ -70.0352783203125, -4.336112022399902 ], [ -70.107772827148438, -4.253890037536621 ], [ -70.156112670898438, -4.273334980010986 ], [ -70.172500610351562, -4.324722766876221 ], [ -70.2086181640625, -4.325279235839844 ], [ -70.323898315429688, -4.137222766876221 ], [ -70.433319091796875, -4.131667137145996 ], [ -70.511947631835938, -4.18083381652832 ], [ -70.545272827148438, -4.139444828033447 ], [ -70.585281372070312, -4.196112155914307 ], [ -70.620002746582031, -4.11583423614502 ], [ -70.6522216796875, -4.118610858917236 ], [ -70.684432983398438, -4.174168109893799 ], [ -70.765838623046875, -4.146944999694824 ], [ -70.835006713867188, -4.187777996063232 ], [ -70.881668090820312, -4.293334007263184 ], [ -70.9727783203125, -4.37944507598877 ], [ -70.9888916015625, -4.341390132904053 ], [ -71.129440307617188, -4.398890018463135 ], [ -71.169723510742188, -4.357779026031494 ], [ -71.2005615234375, -4.411389827728271 ], [ -71.233322143554688, -4.37611198425293 ], [ -71.29083251953125, -4.383612155914307 ], [ -71.305557250976562, -4.438333988189697 ], [ -71.40667724609375, -4.434999942779541 ], [ -71.656387329101562, -4.509168148040771 ], [ -71.6905517578125, -4.473889827728271 ], [ -71.826400756835938, -4.507779121398926 ], [ -72.243881225585938, -4.758890151977539 ], [ -72.3255615234375, -4.76083517074585 ], [ -72.41278076171875, -4.886390209197998 ], [ -72.531951904296875, -4.953055858612061 ], [ -72.635009765625, -5.05916690826416 ], [ -72.741378784179688, -5.051389217376709 ], [ -72.917770385742188, -5.151945114135742 ], [ -72.891952514648438, -5.20750093460083 ], [ -72.9505615234375, -5.564167022705078 ], [ -73.218887329101562, -6.045834064483643 ], [ -73.216110229492188, -6.155279159545898 ], [ -73.164169311523438, -6.207778930664062 ], [ -73.123893737792969, -6.447778224945068 ], [ -73.191940307617188, -6.553612232208252 ], [ -73.434432983398438, -6.633055210113525 ], [ -73.754730224609375, -6.894999980926514 ], [ -73.801467895507812, -7.117238998413086 ], [ -73.704177856445312, -7.285000801086426 ], [ -73.711402893066406, -7.319168090820312 ], [ -73.892501831054688, -7.375000953674316 ], [ -73.9727783203125, -7.345835208892822 ], [ -73.948883056640625, -7.501667022705078 ], [ -74.009452819824219, -7.535000801086426 ], [ -73.833328247070312, -7.725555896759033 ], [ -73.710563659667969, -7.771389961242676 ], [ -73.692756652832031, -7.80916690826416 ], [ -73.71417236328125, -7.872499942779541 ], [ -73.7822265625, -7.871111869812012 ], [ -73.767227172851562, -7.957222938537598 ], [ -73.651107788085938, -8.01611328125 ], [ -73.533332824707031, -8.355555534362793 ], [ -73.351936340332031, -8.468334197998047 ], [ -73.297500610351562, -8.651114463806152 ], [ -73.169998168945312, -8.71027946472168 ], [ -72.964447021484375, -8.983333587646484 ], [ -72.9486083984375, -9.083890914916992 ], [ -72.975563049316406, -9.15472412109375 ], [ -73.205276489257812, -9.407224655151367 ], [ -72.58612060546875, -9.45361328125 ], [ -72.428596496582031, -9.483057022094727 ], [ -72.305557250976562, -9.530002593994141 ], [ -72.2711181640625, -9.746667861938477 ], [ -72.180282592773438, -9.8013916015625 ], [ -72.150283813476562, -9.888891220092773 ], [ -72.185821533203125, -10.003890037536621 ], [ -71.299156188964844, -9.996389389038086 ], [ -70.906951904296875, -9.714723587036133 ], [ -70.584442138671875, -9.438056945800781 ], [ -70.533889770507812, -9.453889846801758 ], [ -70.5694580078125, -9.569723129272461 ], [ -70.596656799316406, -9.606111526489258 ], [ -70.537216186523438, -9.691113471984863 ], [ -70.557502746582031, -9.776114463806152 ], [ -70.6280517578125, -9.833612442016602 ], [ -70.631942749023438, -11.003060340881348 ], [ -70.533073425292969, -10.932220458984375 ], [ -70.394172668457031, -11.05111026763916 ], [ -70.269447326660156, -11.058609962463379 ], [ -70.027496337890625, -10.968059539794922 ], [ -69.929168701171875, -10.914449691772461 ], [ -69.567436218261719, -10.950469970703125 ], [ -69.150283813476562, -11.632220268249512 ], [ -68.770843505859375, -12.308609962463379 ], [ -68.6875, -12.519450187683105 ], [ -68.781112670898438, -12.617779731750488 ], [ -68.731376647949219, -12.669719696044922 ], [ -68.804168701171875, -12.730279922485352 ], [ -68.881942749023438, -12.758890151977539 ], [ -68.974716186523438, -12.926389694213867 ], [ -68.96417236328125, -13.483329772949219 ], [ -69.011672973632812, -13.634169578552246 ], [ -69.080001831054688, -13.643610000610352 ], [ -69.085563659667969, -13.674449920654297 ], [ -68.982223510742188, -13.861669540405273 ], [ -68.977493286132812, -13.961669921875 ], [ -68.867767333984375, -14.109999656677246 ], [ -68.85333251953125, -14.199170112609863 ], [ -68.984443664550781, -14.230279922485352 ], [ -69.0069580078125, -14.333609580993652 ], [ -68.979171752929688, -14.367500305175781 ], [ -69.153717041015625, -14.57234001159668 ], [ -69.220840454101562, -14.570280075073242 ], [ -69.245002746582031, -14.616390228271484 ], [ -69.239723205566406, -14.725279808044434 ], [ -69.361656188964844, -14.793609619140625 ], [ -69.384170532226562, -14.958889961242676 ], [ -69.278060913085938, -15.111109733581543 ], [ -69.1380615234375, -15.225279808044434 ], [ -69.140556335449219, -15.254730224609375 ], [ -69.285552978515625, -15.357219696044922 ], [ -69.275833129882812, -15.404170036315918 ], [ -69.327217102050781, -15.430560111999512 ] ] ] } },
{ "type": "Feature", "properties": { }, "geometry": { "type": "Polygon", "coordinates": [ [ [ -57.642230987548828, 3.355833053588867 ], [ -57.666950225830078, 3.395555019378662 ], [ -57.636951446533203, 3.46111011505127 ], [ -57.735000610351562, 3.610276937484741 ], [ -57.835830688476562, 3.664999008178711 ], [ -57.929168701171875, 3.886666059494019 ], [ -58.040561676025391, 3.994720935821533 ], [ -58.071670532226562, 4.152221202850342 ], [ -57.954170227050781, 4.287775993347168 ], [ -57.882499694824219, 4.559164047241211 ], [ -57.838611602783203, 4.654719829559326 ], [ -57.9263916015625, 4.798608779907227 ], [ -57.853618621826172, 4.912775993347168 ], [ -57.688331604003906, 5.010276794433594 ], [ -57.289169311523438, 5.016664981842041 ], [ -57.297229766845703, 5.160275936126709 ], [ -57.266109466552734, 5.177774906158447 ], [ -57.2288818359375, 5.14083194732666 ], [ -57.1905517578125, 5.164165019989014 ], [ -57.212779998779297, 5.232222080230713 ], [ -57.252498626708984, 5.2691650390625 ], [ -57.261119842529297, 5.220552921295166 ], [ -57.286670684814453, 5.229443073272705 ], [ -57.335559844970703, 5.313332080841064 ], [ -57.248138427734375, 5.485809803009033 ], [ -57.166389465332031, 5.542221069335938 ], [ -57.0625, 5.949719905853271 ], [ -56.966670989990234, 5.997498989105225 ], [ -56.541389465332031, 5.947776794433594 ], [ -56.0130615234375, 5.816110134124756 ], [ -55.877780914306641, 5.724164962768555 ], [ -55.924728393554688, 5.887220859527588 ], [ -55.847499847412109, 5.953886985778809 ], [ -55.667228698730469, 5.982498168945312 ], [ -55.315280914306641, 5.940276145935059 ], [ -54.9727783203125, 5.861110210418701 ], [ -55.106391906738281, 5.904164791107178 ], [ -55.162220001220703, 5.958055019378662 ], [ -55.143890380859375, 5.979165077209473 ], [ -54.983058929443359, 5.988608837127686 ], [ -54.413341522216797, 5.916388034820557 ], [ -54.0211181640625, 5.816110134124756 ], [ -53.989719390869141, 5.745275974273682 ], [ -54.168968200683594, 5.34632396697998 ], [ -54.290561676025391, 5.248054027557373 ], [ -54.455829620361328, 5.004443168640137 ], [ -54.474720001220703, 4.736664772033691 ], [ -54.434440612792969, 4.708610057830811 ], [ -54.4022216796875, 4.181386947631836 ], [ -54.331668853759766, 4.142220020294189 ], [ -54.360279083251953, 4.034997940063477 ], [ -54.284450531005859, 3.926388025283813 ], [ -54.123889923095703, 3.785554885864258 ], [ -54.067218780517578, 3.664443016052246 ], [ -54.009170532226562, 3.636388063430786 ], [ -53.984439849853516, 3.599442958831787 ], [ -54.003059387207031, 3.442776918411255 ], [ -54.094440460205078, 3.29499888420105 ], [ -54.191940307617188, 3.178888082504272 ], [ -54.170280456542969, 3.008332967758179 ], [ -54.180561065673828, 2.840831995010376 ], [ -54.426670074462891, 2.427221059799194 ], [ -54.483238220214844, 2.42854905128479 ], [ -54.524169921875, 2.33611011505127 ], [ -54.573890686035156, 2.354722023010254 ], [ -54.615360260009766, 2.319778919219971 ], [ -54.678340911865234, 2.321110010147095 ], [ -54.696659088134766, 2.336944103240967 ], [ -54.689159393310547, 2.453887939453125 ], [ -54.759998321533203, 2.471110105514526 ], [ -54.806659698486328, 2.435554981231689 ], [ -54.867771148681641, 2.440277099609375 ], [ -54.972499847412109, 2.554721117019653 ], [ -54.953891754150391, 2.61611008644104 ], [ -55.111949920654297, 2.527220964431763 ], [ -55.150279998779297, 2.57249903678894 ], [ -55.258899688720703, 2.497220993041992 ], [ -55.282218933105469, 2.521666049957275 ], [ -55.330829620361328, 2.511388063430786 ], [ -55.380001068115234, 2.428055047988892 ], [ -55.7288818359375, 2.401109933853149 ], [ -55.947219848632812, 2.531943082809448 ], [ -55.982769012451172, 2.522499084472656 ], [ -55.984729766845703, 2.47999906539917 ], [ -56.037220001220703, 2.349998950958252 ], [ -56.098049163818359, 2.3438880443573 ], [ -56.131938934326172, 2.252777099609375 ], [ -55.901660919189453, 2.045277118682861 ], [ -55.901660919189453, 1.89722204208374 ], [ -55.956668853759766, 1.849444031715393 ], [ -56.470909118652344, 1.944463968276978 ], [ -56.557781219482422, 2.021944046020508 ], [ -56.691890716552734, 2.02697491645813 ], [ -57.127780914306641, 2.791666030883789 ], [ -57.202220916748047, 2.820832967758179 ], [ -57.210559844970703, 3.035276889801025 ], [ -57.293331146240234, 3.263887882232666 ], [ -57.299449920654297, 3.370831966400146 ], [ -57.642230987548828, 3.355833053588867 ] ] ] } },
{ "type": "Feature", "properties": { }, "geometry": { "type": "Polygon", "coordinates": [ [ [ -58.198299407958984, -32.453350067138672 ], [ -58.101390838623047, -32.328060150146484 ], [ -58.099441528320312, -32.259178161621094 ], [ -58.184440612792969, -32.155010223388672 ], [ -58.146389007568359, -31.990280151367188 ], [ -58.183879852294922, -31.921670913696289 ], [ -58.178890228271484, -31.854169845581055 ], [ -58.037220001220703, -31.78639030456543 ], [ -57.979160308837891, -31.610279083251953 ], [ -57.986949920654297, -31.552509307861328 ], [ -58.077499389648438, -31.484170913696289 ], [ -58.07611083984375, -31.456670761108398 ], [ -57.9888916015625, -31.401670455932617 ], [ -57.851669311523438, -31.046390533447266 ], [ -57.910289764404297, -30.934169769287109 ], [ -57.813610076904297, -30.912220001220703 ], [ -57.795841217041016, -30.876949310302734 ], [ -57.808891296386719, -30.734729766845703 ], [ -57.889999389648438, -30.592229843139648 ], [ -57.874721527099609, -30.504449844360352 ], [ -57.757511138916016, -30.428340911865234 ], [ -57.626110076904297, -30.285839080810547 ], [ -57.640281677246094, -30.190000534057617 ], [ -57.613529205322266, -30.182680130004883 ], [ -57.566951751708984, -30.205560684204102 ], [ -57.568061828613281, -30.252780914306641 ], [ -57.521671295166016, -30.275279998779297 ], [ -57.214160919189453, -30.292779922485352 ], [ -57.150550842285156, -30.243339538574219 ], [ -57.145549774169922, -30.184999465942383 ], [ -57.071670532226562, -30.10944938659668 ], [ -56.975830078125, -30.100559234619141 ], [ -56.795280456542969, -30.11277961730957 ], [ -56.619449615478516, -30.252229690551758 ], [ -56.625270843505859, -30.294729232788086 ], [ -56.274169921875, -30.528890609741211 ], [ -56.001949310302734, -30.796390533447266 ], [ -55.976661682128906, -30.860279083251953 ], [ -56.006950378417969, -30.944450378417969 ], [ -56.000560760498047, -31.082229614257812 ], [ -55.832500457763672, -31.07111930847168 ], [ -55.716659545898438, -30.942230224609375 ], [ -55.642230987548828, -30.941949844360352 ], [ -55.629169464111328, -30.848609924316406 ], [ -55.576671600341797, -30.848609924316406 ], [ -55.415550231933594, -30.971389770507812 ], [ -55.235828399658203, -31.245279312133789 ], [ -55.065280914306641, -31.326950073242188 ], [ -55.020000457763672, -31.270559310913086 ], [ -54.908340454101562, -31.376670837402344 ], [ -54.588050842285156, -31.462779998779297 ], [ -54.470279693603516, -31.581390380859375 ], [ -54.463890075683594, -31.672500610351562 ], [ -54.124179840087891, -31.915559768676758 ], [ -54.067218780517578, -31.875 ], [ -53.907501220703125, -31.949169158935547 ], [ -53.8638916015625, -32.011680603027344 ], [ -53.7469482421875, -32.055561065673828 ], [ -53.629440307617188, -32.366119384765625 ], [ -53.400279998779297, -32.570560455322266 ], [ -53.255279541015625, -32.602790832519531 ], [ -53.095001220703125, -32.724170684814453 ], [ -53.496669769287109, -33.092781066894531 ], [ -53.530559539794922, -33.199451446533203 ], [ -53.501110076904297, -33.408050537109375 ], [ -53.523059844970703, -33.681400299072266 ], [ -53.375820159912109, -33.747730255126953 ], [ -53.477500915527344, -33.844459533691406 ], [ -53.537220001220703, -34.066120147705078 ], [ -53.753059387207031, -34.262229919433594 ], [ -53.771389007568359, -34.390838623046875 ], [ -53.904170989990234, -34.450839996337891 ], [ -54.140838623046875, -34.635841369628906 ], [ -54.145278930664062, -34.671390533447266 ], [ -54.256950378417969, -34.689449310302734 ], [ -54.253620147705078, -34.576671600341797 ], [ -54.345840454101562, -34.643619537353516 ], [ -54.280281066894531, -34.673900604248047 ], [ -54.283058166503906, -34.697788238525391 ], [ -54.952510833740234, -34.977779388427734 ], [ -54.956390380859375, -34.940288543701172 ], [ -55.0836181640625, -34.885841369628906 ], [ -55.256950378417969, -34.907230377197266 ], [ -55.286388397216797, -34.870288848876953 ], [ -55.385829925537109, -34.806121826171875 ], [ -55.718891143798828, -34.780010223388672 ], [ -56.024730682373047, -34.890838623046875 ], [ -56.280010223388672, -34.910289764404297 ], [ -56.4263916015625, -34.838069915771484 ], [ -56.367511749267578, -34.794448852539062 ], [ -56.893619537353516, -34.663608551025391 ], [ -57.118061065673828, -34.462230682373047 ], [ -57.365009307861328, -34.443061828613281 ], [ -57.840278625488281, -34.494731903076172 ], [ -58.0836181640625, -34.186958312988281 ], [ -58.2086181640625, -34.1591796875 ], [ -58.4102783203125, -33.909740447998047 ], [ -58.438621520996094, -33.554458618164062 ], [ -58.346389770507812, -33.274181365966797 ], [ -58.366668701171875, -33.150848388671875 ], [ -58.346389770507812, -33.118621826171875 ], [ -58.166671752929688, -33.111949920654297 ], [ -58.087779998779297, -33.055011749267578 ], [ -58.045558929443359, -32.934730529785156 ], [ -58.055278778076172, -32.878070831298828 ], [ -58.131950378417969, -32.798618316650391 ], [ -58.198299407958984, -32.453350067138672 ] ] ] } },
{ "type": "Feature", "properties": { }, "geometry": { "type": "MultiPolygon", "coordinates": [ [ [ [ -64.049453735351562, 10.858610153198242 ], [ -64.171951293945312, 10.960000038146973 ], [ -64.293899536132812, 10.943329811096191 ], [ -64.406112670898438, 10.967499732971191 ], [ -64.381973266601562, 11.053609848022461 ], [ -64.212226867675781, 11.08860969543457 ], [ -64.105827331542969, 10.995269775390625 ], [ -64.0452880859375, 10.986660003662109 ], [ -63.890838623046875, 11.173049926757812 ], [ -63.845840454101562, 11.129440307617188 ], [ -63.818069458007812, 10.96444034576416 ], [ -64.049453735351562, 10.858610153198242 ] ] ], [ [ [ -73.318412780761719, 9.17371654510498 ], [ -73.371932983398438, 9.166940689086914 ], [ -73.383903503417969, 9.189720153808594 ], [ -73.095840454101562, 9.581663131713867 ], [ -72.962509155273438, 9.836940765380859 ], [ -72.9788818359375, 9.988883972167969 ], [ -72.84722900390625, 10.523050308227539 ], [ -72.584442138671875, 10.937219619750977 ], [ -72.493057250976562, 11.121109962463379 ], [ -72.341377258300781, 11.164999961853027 ], [ -72.265007019042969, 11.152500152587891 ], [ -71.977218627929688, 11.664999961853027 ], [ -71.403610229492188, 11.812780380249023 ], [ -71.324798583984375, 11.852640151977539 ], [ -71.378616333007812, 11.753330230712891 ], [ -71.956680297851562, 11.594169616699219 ], [ -71.970291137695312, 11.536660194396973 ], [ -71.914726257324219, 11.319439888000488 ], [ -71.754730224609375, 11.086389541625977 ], [ -71.6319580078125, 11.019439697265625 ], [ -71.6622314453125, 10.985830307006836 ], [ -71.735000610351562, 11.032500267028809 ], [ -71.765556335449219, 11.010549545288086 ], [ -71.577217102050781, 10.71444034576416 ], [ -71.6219482421875, 10.45028018951416 ], [ -71.75250244140625, 10.373049736022949 ], [ -72.127792358398438, 9.818607330322266 ], [ -71.9827880859375, 9.597497940063477 ], [ -72.01055908203125, 9.573886871337891 ], [ -71.966133117675781, 9.531108856201172 ], [ -71.961669921875, 9.497219085693359 ], [ -72.017501831054688, 9.514163970947266 ], [ -71.991386413574219, 9.459997177124023 ], [ -71.915847778320312, 9.495830535888672 ], [ -71.841133117675781, 9.438610076904297 ], [ -71.889183044433594, 9.44166374206543 ], [ -71.8880615234375, 9.423885345458984 ], [ -71.8194580078125, 9.421108245849609 ], [ -71.774436950683594, 9.36444091796875 ], [ -71.725570678710938, 9.349720001220703 ], [ -71.736953735351562, 9.278608322143555 ], [ -71.797500610351562, 9.235830307006836 ], [ -71.73333740234375, 9.203607559204102 ], [ -71.763633728027344, 9.119720458984375 ], [ -71.629997253417969, 9.044164657592773 ], [ -71.505569458007812, 9.048608779907227 ], [ -71.25250244140625, 9.145830154418945 ], [ -71.158340454101562, 9.280551910400391 ], [ -71.073623657226562, 9.310831069946289 ], [ -71.055282592773438, 9.348329544067383 ], [ -71.090011596679688, 9.531942367553711 ], [ -71.031112670898438, 9.722219467163086 ], [ -71.090560913085938, 9.883607864379883 ], [ -71.379463195800781, 10.255000114440918 ], [ -71.5452880859375, 10.565549850463867 ], [ -71.52667236328125, 10.726940155029297 ], [ -71.581680297851562, 10.80165958404541 ], [ -71.446670532226562, 10.795550346374512 ], [ -71.414459228515625, 10.913610458374023 ], [ -71.498611450195312, 10.956390380859375 ], [ -71.083892822265625, 11.076109886169434 ], [ -70.774726867675781, 11.219160079956055 ], [ -70.351966857910156, 11.319439888000488 ], [ -70.1461181640625, 11.414719581604004 ], [ -70.15667724609375, 11.474160194396973 ], [ -70.040008544921875, 11.437780380249023 ], [ -70.0452880859375, 11.505000114440918 ], [ -69.8880615234375, 11.430000305175781 ], [ -69.798896789550781, 11.427769660949707 ], [ -69.741668701171875, 11.489439964294434 ], [ -69.814727783203125, 11.690830230712891 ], [ -70.182792663574219, 11.603050231933594 ], [ -70.226966857910156, 11.61555004119873 ], [ -70.243896484375, 11.775270462036133 ], [ -70.301116943359375, 11.853329658508301 ], [ -70.206710815429688, 12.111209869384766 ], [ -70.120826721191406, 12.129719734191895 ], [ -70.027236938476562, 12.195280075073242 ], [ -69.934722900390625, 12.169719696044922 ], [ -69.824447631835938, 11.990830421447754 ], [ -69.742782592773438, 11.628890037536621 ], [ -69.6622314453125, 11.496390342712402 ], [ -69.609176635742188, 11.458889961242676 ], [ -69.52667236328125, 11.506110191345215 ], [ -69.369743347167969, 11.49055004119873 ], [ -69.288352966308594, 11.533889770507812 ], [ -68.78167724609375, 11.390830039978027 ], [ -68.3961181640625, 11.162779808044434 ], [ -68.275283813476562, 10.92471981048584 ], [ -68.327789306640625, 10.938610076904297 ], [ -68.3719482421875, 10.908889770507812 ], [ -68.251678466796875, 10.897219657897949 ], [ -68.244453430175781, 10.86277961730957 ], [ -68.318618774414062, 10.851110458374023 ], [ -68.32861328125, 10.772500038146973 ], [ -68.253616333007812, 10.588890075683594 ], [ -68.1702880859375, 10.500829696655273 ], [ -67.822242736816406, 10.479720115661621 ], [ -66.70916748046875, 10.619720458984375 ], [ -66.15057373046875, 10.606389999389648 ], [ -66.049453735351562, 10.579719543457031 ], [ -66.1197509765625, 10.496939659118652 ], [ -65.838058471679688, 10.249719619750977 ], [ -65.783889770507812, 10.219719886779785 ], [ -65.71917724609375, 10.218050003051758 ], [ -65.1239013671875, 10.05111026763916 ], [ -65.0130615234375, 10.064999580383301 ], [ -64.942497253417969, 10.097499847412109 ], [ -64.829727172851562, 10.079719543457031 ], [ -64.7327880859375, 10.11305046081543 ], [ -64.692779541015625, 10.196940422058105 ], [ -64.593338012695312, 10.256389617919922 ], [ -64.407501220703125, 10.27694034576416 ], [ -64.377227783203125, 10.310270309448242 ], [ -64.44500732421875, 10.32388973236084 ], [ -64.383056640625, 10.33860969543457 ], [ -64.398063659667969, 10.374159812927246 ], [ -64.240837097167969, 10.411660194396973 ], [ -64.192497253417969, 10.475279808044434 ], [ -63.815559387207031, 10.441390037536621 ], [ -63.655281066894531, 10.493610382080078 ], [ -63.963619232177734, 10.578330039978027 ], [ -64.173072814941406, 10.563610076904297 ], [ -64.233062744140625, 10.513050079345703 ], [ -64.299453735351562, 10.620829582214355 ], [ -64.265289306640625, 10.668889999389648 ], [ -64.181121826171875, 10.626660346984863 ], [ -63.858341217041016, 10.641110420227051 ], [ -63.816390991210938, 10.709440231323242 ], [ -63.68695068359375, 10.643329620361328 ], [ -63.442501068115234, 10.654999732971191 ], [ -63.040279388427734, 10.71360969543457 ], [ -62.791389465332031, 10.731109619140625 ], [ -62.553058624267578, 10.736390113830566 ], [ -62.086399078369141, 10.702770233154297 ], [ -61.854171752929688, 10.745829582214355 ], [ -61.9102783203125, 10.664999961853027 ], [ -62.239719390869141, 10.633049964904785 ], [ -62.317501068115234, 10.536660194396973 ], [ -62.877498626708984, 10.536109924316406 ], [ -62.881950378417969, 10.523889541625977 ], [ -62.836399078369141, 10.492500305175781 ], [ -62.830558776855469, 10.402219772338867 ], [ -62.917228698730469, 10.418049812316895 ], [ -62.991668701171875, 10.388879776000977 ], [ -62.9586181640625, 10.353050231933594 ], [ -63.003059387207031, 10.275830268859863 ], [ -62.936389923095703, 10.278050422668457 ], [ -62.954730987548828, 10.395000457763672 ], [ -62.930839538574219, 10.404170036315918 ], [ -62.837230682373047, 10.381660461425781 ], [ -62.791389465332031, 10.403329849243164 ], [ -62.670280456542969, 10.284999847412109 ], [ -62.623889923095703, 10.118049621582031 ], [ -62.670280456542969, 10.07388973236084 ], [ -62.884731292724609, 10.061389923095703 ], [ -62.904170989990234, 10.102219581604004 ], [ -62.963058471679688, 10.08860969543457 ], [ -62.926120758056641, 9.998607635498047 ], [ -62.926670074462891, 10.074159622192383 ], [ -62.808059692382812, 9.988885879516602 ], [ -62.788059234619141, 10.035550117492676 ], [ -62.66278076171875, 10.059160232543945 ], [ -62.614448547363281, 10.093609809875488 ], [ -62.6219482421875, 10.210829734802246 ], [ -62.599720001220703, 10.229720115661621 ], [ -62.503330230712891, 10.178330421447754 ], [ -62.318061828613281, 9.704998016357422 ], [ -62.277229309082031, 9.74749755859375 ], [ -62.251110076904297, 9.97110652923584 ], [ -62.180278778076172, 9.864997863769531 ], [ -62.211940765380859, 9.634441375732422 ], [ -62.164451599121094, 9.682774543762207 ], [ -62.158889770507812, 9.852218627929688 ], [ -62.191120147705078, 9.928607940673828 ], [ -62.036670684814453, 9.860275268554688 ], [ -62.038070678710938, 9.886386871337891 ], [ -62.206668853759766, 9.940275192260742 ], [ -62.232509613037109, 9.96333122253418 ], [ -62.216388702392578, 10.009440422058105 ], [ -62.056671142578125, 9.978609085083008 ], [ -61.839168548583984, 9.801385879516602 ], [ -61.8094482421875, 9.736942291259766 ], [ -61.748611450195312, 9.703886032104492 ], [ -61.762500762939453, 9.753330230712891 ], [ -61.816390991210938, 9.816387176513672 ], [ -61.812229156494141, 9.830554962158203 ], [ -61.5977783203125, 9.779720306396484 ], [ -61.588619232177734, 9.821941375732422 ], [ -61.650279998779297, 9.890830993652344 ], [ -61.622509002685547, 9.906110763549805 ], [ -61.450279235839844, 9.791940689086914 ], [ -61.337230682373047, 9.637775421142578 ], [ -61.212779998779297, 9.572219848632812 ], [ -61.198890686035156, 9.605274200439453 ], [ -60.967510223388672, 9.529441833496094 ], [ -60.968608856201172, 9.484720230102539 ], [ -60.906951904296875, 9.481941223144531 ], [ -60.799449920654297, 9.381385803222656 ], [ -60.783058166503906, 9.311107635498047 ], [ -61.049449920654297, 9.138330459594727 ], [ -61.110000610351562, 9.045553207397461 ], [ -61.095279693603516, 9.040830612182617 ], [ -60.985000610351562, 9.166385650634766 ], [ -60.948341369628906, 9.174442291259766 ], [ -61.105831146240234, 8.943607330322266 ], [ -61.192779541015625, 8.701942443847656 ], [ -61.193061828613281, 8.621664047241211 ], [ -61.218341827392578, 8.591108322143555 ], [ -61.526668548583984, 8.590274810791016 ], [ -61.602500915527344, 8.626941680908203 ], [ -61.6602783203125, 8.589441299438477 ], [ -61.240840911865234, 8.427774429321289 ], [ -61.175289154052734, 8.49416446685791 ], [ -61.027240753173828, 8.501941680908203 ], [ -61.077510833740234, 8.460830688476562 ], [ -61.033340454101562, 8.460275650024414 ], [ -60.982780456542969, 8.568607330322266 ], [ -60.719169616699219, 8.604721069335938 ], [ -60.474720001220703, 8.526386260986328 ], [ -60.426628112792969, 8.577438354492188 ], [ -60.406669616699219, 8.626386642456055 ], [ -60.23638916015625, 8.627496719360352 ], [ -59.989051818847656, 8.533597946166992 ], [ -59.8013916015625, 8.274997711181641 ], [ -59.831951141357422, 8.228883743286133 ], [ -59.944450378417969, 8.210273742675781 ], [ -60.023330688476562, 8.041385650634766 ], [ -60.178050994873047, 7.981387138366699 ], [ -60.340938568115234, 7.846042156219482 ], [ -60.5352783203125, 7.802219867706299 ], [ -60.632770538330078, 7.601109981536865 ], [ -60.693611145019531, 7.566109180450439 ], [ -60.719730377197266, 7.528886795043945 ], [ -60.691108703613281, 7.455832004547119 ], [ -60.645839691162109, 7.436665058135986 ], [ -60.588050842285156, 7.316386222839355 ], [ -60.634449005126953, 7.258053779602051 ], [ -60.617771148681641, 7.194441795349121 ], [ -60.535560607910156, 7.123887062072754 ], [ -60.495281219482422, 7.181108951568604 ], [ -60.357780456542969, 7.175552845001221 ], [ -60.278339385986328, 7.112499237060547 ], [ -60.368061065673828, 6.930275917053223 ], [ -60.408329010009766, 6.947497844696045 ], [ -60.713058471679688, 6.758053779602051 ], [ -60.909439086914062, 6.809164047241211 ], [ -60.896110534667969, 6.759720802307129 ], [ -61.138050079345703, 6.701941967010498 ], [ -61.204719543457031, 6.574442863464355 ], [ -61.153610229492188, 6.492219924926758 ], [ -61.156658172607422, 6.328886985778809 ], [ -61.1138916015625, 6.282220840454102 ], [ -61.113059997558594, 6.187220096588135 ], [ -61.219158172607422, 6.128886222839355 ], [ -61.389999389648438, 5.939998149871826 ], [ -60.732929229736328, 5.205276012420654 ], [ -60.662769317626953, 5.187498092651367 ], [ -60.579730987548828, 4.981110095977783 ], [ -60.641670227050781, 4.855554103851318 ], [ -60.816108703613281, 4.729720115661621 ], [ -60.884998321533203, 4.711665153503418 ], [ -60.930828094482422, 4.584721088409424 ], [ -60.985000610351562, 4.520554065704346 ], [ -61.311389923095703, 4.520276069641113 ], [ -61.281391143798828, 4.457221031188965 ], [ -61.342220306396484, 4.417498111724854 ], [ -61.456668853759766, 4.421109199523926 ], [ -61.505001068115234, 4.395276069641113 ], [ -61.512500762939453, 4.298054218292236 ], [ -61.553329467773438, 4.249165058135986 ], [ -61.745548248291016, 4.249442100524902 ], [ -61.892501831054688, 4.15083122253418 ], [ -62.051109313964844, 4.151110172271729 ], [ -62.110000610351562, 4.100831031799316 ], [ -62.246391296386719, 4.122498035430908 ], [ -62.400279998779297, 4.181941986083984 ], [ -62.531391143798828, 4.126387119293213 ], [ -62.541950225830078, 4.041665077209473 ], [ -62.731109619140625, 4.0380539894104 ], [ -62.753890991210938, 3.986109972000122 ], [ -62.758609771728516, 3.834721088409424 ], [ -62.727489471435547, 3.7311110496521 ], [ -62.735561370849609, 3.671109914779663 ], [ -62.775279998779297, 3.60694408416748 ], [ -62.875, 3.560276985168457 ], [ -62.987228393554688, 3.600831985473633 ], [ -63.314720153808594, 3.94666600227356 ], [ -63.382499694824219, 3.970832109451294 ], [ -63.423328399658203, 3.966109991073608 ], [ -63.456668853759766, 3.866666078567505 ], [ -63.501110076904297, 3.85749888420105 ], [ -63.608341217041016, 3.943609952926636 ], [ -63.847499847412109, 3.959721088409424 ], [ -63.988609313964844, 3.88305401802063 ], [ -64.043327331542969, 3.89527702331543 ], [ -64.116943359375, 4.09860897064209 ], [ -64.248893737792969, 4.148054122924805 ], [ -64.582229614257812, 4.121664047241211 ], [ -64.641586303710938, 4.221951007843018 ], [ -64.693046569824219, 4.267220973968506 ], [ -64.769172668457031, 4.289165019989014 ], [ -64.798049926757812, 4.277221202850342 ], [ -64.801101684570312, 4.201941967010498 ], [ -64.49749755859375, 3.833888053894043 ], [ -64.20361328125, 3.609998941421509 ], [ -64.182510375976562, 3.546109914779663 ], [ -64.235816955566406, 3.433053970336914 ], [ -64.218612670898438, 3.123332977294922 ], [ -64.010009765625, 2.802221059799194 ], [ -63.993061065673828, 2.63305401802063 ], [ -64.047500610351562, 2.513333082199097 ], [ -64.036941528320312, 2.470554113388062 ], [ -63.365840911865234, 2.421387910842896 ], [ -63.357780456542969, 2.269721031188965 ], [ -63.393058776855469, 2.151387929916382 ], [ -63.651111602783203, 2.06472110748291 ], [ -63.763889312744141, 1.980276942253113 ], [ -63.970829010009766, 1.967221975326538 ], [ -64.043876647949219, 1.909165978431702 ], [ -64.070281982421875, 1.650277018547058 ], [ -64.255287170410156, 1.480555057525635 ], [ -64.341690063476562, 1.366943955421448 ], [ -64.366943359375, 1.364444017410278 ], [ -64.386398315429688, 1.409721970558167 ], [ -64.349990844726562, 1.484166026115417 ], [ -64.370269775390625, 1.511389017105103 ], [ -64.523330688476562, 1.4375 ], [ -64.697486877441406, 1.262776970863342 ], [ -64.751106262207031, 1.243610978126526 ], [ -64.8155517578125, 1.282222032546997 ], [ -65.017227172851562, 1.133888006210327 ], [ -65.098617553710938, 1.14527702331543 ], [ -65.140556335449219, 1.112498998641968 ], [ -65.171951293945312, 0.954721927642822 ], [ -65.196662902832031, 0.9241663813591 ], [ -65.301666259765625, 0.926666498184204 ], [ -65.389999389648438, 0.830833196640015 ], [ -65.433609008789062, 0.699166417121887 ], [ -65.519172668457031, 0.64972198009491 ], [ -65.563606262207031, 0.671666502952576 ], [ -65.5836181640625, 0.725833117961884 ], [ -65.509170532226562, 0.843888580799103 ], [ -65.511123657226562, 0.904721975326538 ], [ -65.5594482421875, 0.971110820770264 ], [ -65.70361328125, 0.984444081783295 ], [ -65.862228393554688, 0.913333177566528 ], [ -65.971122741699219, 0.80388867855072 ], [ -66.129440307617188, 0.73277747631073 ], [ -66.317497253417969, 0.752222120761871 ], [ -66.873382568359375, 1.225538015365601 ], [ -66.991676330566406, 1.695832967758179 ], [ -67.133903503417969, 1.9877769947052 ], [ -67.1119384765625, 2.099442958831787 ], [ -67.172500610351562, 2.148055076599121 ], [ -67.216949462890625, 2.275276899337769 ], [ -67.174179077148438, 2.336944103240967 ], [ -67.192489624023438, 2.392498970031738 ], [ -67.281387329101562, 2.438888072967529 ], [ -67.493896484375, 2.666388034820557 ], [ -67.567779541015625, 2.683331966400146 ], [ -67.607223510742188, 2.795555114746094 ], [ -67.7569580078125, 2.838887929916382 ], [ -67.846336364746094, 2.792449951171875 ], [ -67.843353271484375, 2.868331909179688 ], [ -67.446662902832031, 3.241942882537842 ], [ -67.384170532226562, 3.25916600227356 ], [ -67.29083251953125, 3.397499084472656 ], [ -67.303878784179688, 3.451942920684814 ], [ -67.374443054199219, 3.478888034820557 ], [ -67.488906860351562, 3.722775936126709 ], [ -67.595840454101562, 3.7377769947052 ], [ -67.729171752929688, 4.087499141693115 ], [ -67.805557250976562, 4.227498054504395 ], [ -67.81304931640625, 4.465275764465332 ], [ -67.875267028808594, 4.525276184082031 ], [ -67.793060302734375, 5.049997806549072 ], [ -67.828887939453125, 5.11221981048584 ], [ -67.8497314453125, 5.307775020599365 ], [ -67.613327026367188, 5.539165019989014 ], [ -67.65167236328125, 5.669998168945312 ], [ -67.622222900390625, 5.787497997283936 ], [ -67.414436340332031, 5.98721981048584 ], [ -67.491943359375, 6.118607997894287 ], [ -67.454788208007812, 6.19310998916626 ], [ -67.573623657226562, 6.266108989715576 ], [ -67.835563659667969, 6.308331966400146 ], [ -68.001106262207031, 6.2066650390625 ], [ -68.1522216796875, 6.223330974578857 ], [ -68.313606262207031, 6.166943073272705 ], [ -68.454177856445312, 6.190554141998291 ], [ -68.644172668457031, 6.134164810180664 ], [ -68.971122741699219, 6.198607921600342 ], [ -69.094161987304688, 6.199163913726807 ], [ -69.194992065429688, 6.099997997283936 ], [ -69.2569580078125, 6.083887100219727 ], [ -69.331390380859375, 6.153052806854248 ], [ -69.429718017578125, 6.118607997894287 ], [ -70.119163513183594, 6.975831031799316 ], [ -70.307502746582031, 6.939720153808594 ], [ -70.5130615234375, 7.015276908874512 ], [ -70.5694580078125, 7.090277194976807 ], [ -70.824172973632812, 7.08499813079834 ], [ -70.963058471679688, 7.002776145935059 ], [ -71.132217407226562, 6.995275020599365 ], [ -71.553047180175781, 7.044721126556396 ], [ -71.880828857421875, 6.985274791717529 ], [ -72.0655517578125, 7.061665058135986 ], [ -72.145553588867188, 7.198607921600342 ], [ -72.183319091796875, 7.382774829864502 ], [ -72.399169921875, 7.406108856201172 ], [ -72.471656799316406, 7.491941928863525 ], [ -72.420272827148438, 7.989997863769531 ], [ -72.402496337890625, 8.041940689086914 ], [ -72.3336181640625, 8.049440383911133 ], [ -72.335563659667969, 8.146385192871094 ], [ -72.384170532226562, 8.36305046081543 ], [ -72.664436340332031, 8.641107559204102 ], [ -72.772232055664062, 9.11305046081543 ], [ -72.845283508300781, 9.140274047851562 ], [ -72.92694091796875, 9.098329544067383 ], [ -72.973617553710938, 9.142496109008789 ], [ -72.981109619140625, 9.260829925537109 ], [ -73.00140380859375, 9.302495956420898 ], [ -73.318412780761719, 9.17371654510498 ] ] ] ] } }
]
}
