{
"type": "FeatureCollection",
"name": "sasia_boundary",
"crs": { "type": "name", "properties": { "name": "urn:ogc:def:crs:OGC:1.3:CRS84" } },
"features": [
{ "type": "Feature", "properties": { "GID_0": "PAK", "COUNTRY": "Pakistan", "NAME": null, "GMI_CNTRY": null, "REGION": null, "layer": "Difference", "path": "MultiPolygon?crs=EPSG:4326&field=GID_0:string(0,0)&field=COUNTRY:string(0,0)&uid={cf53b970-89ea-4fb4-9ed3-cb9b2670c246}" }, "geometry": { "type": "MultiPolygon", "coordinates": [ [ [ [ 68.0874, 23.7051 ], [ 68.0876, 23.7029 ], [ 68.0843, 23.7057 ], [ 68.0929, 23.7076 ], [ 68.0918, 23.7062 ], [ 68.0874, 23.7051 ] ] ], [ [ [ 68.0726, 23.7046 ], [ 68.0724, 23.706 ], [ 68.0749, 23.7054 ], [ 68.0768, 23.7076 ], [ 68.0751, 23.7049 ], [ 68.074, 23.7049 ], [ 68.0726, 23.7046 ] ] ], [ [ [ 68.0968, 23.7079 ], [ 68.0976, 23.7054 ], [ 68.0935, 23.7062 ], [ 68.0943, 23.7076 ], [ 68.0929, 23.709 ], [ 68.1004, 23.7118 ], [ 68.1038, 23.7104 ], [ 68.1021, 23.7107 ], [ 68.0968, 23.7079 ] ] ], [ [ [ 68.1076, 23.7101 ], [ 68.1049, 23.7124 ], [ 68.1087, 23.7124 ], [ 68.1093, 23.7113 ], [ 68.1076, 23.7101 ] ] ], [ [ [ 68.0004, 23.7593 ], [ 68.0004, 23.7576 ], [ 67.9918, 23.7571 ], [ 67.9912, 23.7599 ], [ 67.9938, 23.7624 ], [ 67.9896, 23.7621 ], [ 67.9899, 23.7646 ], [ 67.9907, 23.7629 ], [ 67.9938, 23.7638 ], [ 68.0004, 23.7593 ] ] ], [ [ [ 67.9404, 23.7699 ], [ 67.9396, 23.7718 ], [ 67.941, 23.7724 ], [ 67.9415, 23.7704 ], [ 67.9404, 23.7699 ] ] ], [ [ [ 68.1879, 23.8351 ], [ 68.1899, 23.8101 ], [ 68.1946, 23.7932 ], [ 68.1929, 23.7776 ], [ 68.1879, 23.769 ], [ 68.1804, 23.7624 ], [ 68.1676, 23.7443 ], [ 68.169, 23.7401 ], [ 68.1663, 23.7399 ], [ 68.1646, 23.7376 ], [ 68.1643, 23.7304 ], [ 68.1529, 23.729 ], [ 68.1421, 23.734 ], [ 68.1474, 23.7299 ], [ 68.1529, 23.7282 ], [ 68.1596, 23.7282 ], [ 68.1615, 23.7221 ], [ 68.1554, 23.7118 ], [ 68.1582, 23.7076 ], [ 68.149, 23.7046 ], [ 68.1335, 23.7068 ], [ 68.1312, 23.7088 ], [ 68.1324, 23.7126 ], [ 68.1299, 23.7132 ], [ 68.1293, 23.7174 ], [ 68.1268, 23.7138 ], [ 68.1224, 23.7154 ], [ 68.1201, 23.7218 ], [ 68.114, 23.7204 ], [ 68.1107, 23.7218 ], [ 68.1104, 23.7265 ], [ 68.1062, 23.7293 ], [ 68.1085, 23.7326 ], [ 68.1062, 23.7326 ], [ 68.1051, 23.7301 ], [ 68.1076, 23.7268 ], [ 68.1082, 23.7226 ], [ 68.1054, 23.7204 ], [ 68.1024, 23.7207 ], [ 68.1049, 23.7196 ], [ 68.1096, 23.7204 ], [ 68.1082, 23.7171 ], [ 68.0976, 23.7171 ], [ 68.0949, 23.7154 ], [ 68.0985, 23.7146 ], [ 68.089, 23.7132 ], [ 68.0885, 23.711 ], [ 68.0851, 23.7104 ], [ 68.079, 23.7126 ], [ 68.0785, 23.7201 ], [ 68.0751, 23.7168 ], [ 68.0729, 23.7204 ], [ 68.0701, 23.7215 ], [ 68.0693, 23.7207 ], [ 68.071, 23.721 ], [ 68.0726, 23.7179 ], [ 68.0718, 23.7118 ], [ 68.0732, 23.7085 ], [ 68.071, 23.7065 ], [ 68.0649, 23.7082 ], [ 68.066, 23.7107 ], [ 68.0621, 23.7121 ], [ 68.0596, 23.7185 ], [ 68.0612, 23.7207 ], [ 68.0593, 23.7207 ], [ 68.0596, 23.7226 ], [ 68.0574, 23.7226 ], [ 68.0554, 23.7263 ], [ 68.0554, 23.7279 ], [ 68.059, 23.7299 ], [ 68.0557, 23.7315 ], [ 68.0557, 23.7332 ], [ 68.061, 23.7371 ], [ 68.0615, 23.7357 ], [ 68.0646, 23.7368 ], [ 68.066, 23.7421 ], [ 68.0649, 23.746 ], [ 68.0685, 23.7496 ], [ 68.0771, 23.7485 ], [ 68.0779, 23.7507 ], [ 68.0804, 23.7499 ], [ 68.0854, 23.7512 ], [ 68.0876, 23.754 ], [ 68.0874, 23.7593 ], [ 68.0921, 23.7724 ], [ 68.0957, 23.774 ], [ 68.0946, 23.7751 ], [ 68.091, 23.7735 ], [ 68.0868, 23.7615 ], [ 68.084, 23.7601 ], [ 68.084, 23.7562 ], [ 68.0785, 23.7599 ], [ 68.0793, 23.7626 ], [ 68.0776, 23.7626 ], [ 68.0776, 23.7643 ], [ 68.0807, 23.7649 ], [ 68.0782, 23.766 ], [ 68.0785, 23.7732 ], [ 68.0801, 23.7751 ], [ 68.0813, 23.7732 ], [ 68.0837, 23.774 ], [ 68.0829, 23.776 ], [ 68.081, 23.776 ], [ 68.0821, 23.7774 ], [ 68.0801, 23.779 ], [ 68.0813, 23.7832 ], [ 68.0801, 23.7882 ], [ 68.0821, 23.7921 ], [ 68.0813, 23.7935 ], [ 68.084, 23.7957 ], [ 68.0835, 23.7993 ], [ 68.0851, 23.801 ], [ 68.0854, 23.8054 ], [ 68.096, 23.806 ], [ 68.1263, 23.7949 ], [ 68.126, 23.7965 ], [ 68.1207, 23.799 ], [ 68.0954, 23.8079 ], [ 68.0938, 23.8093 ], [ 68.094, 23.8118 ], [ 68.0987, 23.8182 ], [ 68.1124, 23.826 ], [ 68.1201, 23.8257 ], [ 68.1338, 23.8282 ], [ 68.1379, 23.8263 ], [ 68.1424, 23.8285 ], [ 68.1554, 23.8282 ], [ 68.1726, 23.8318 ], [ 68.1776, 23.8371 ], [ 68.1829, 23.839 ], [ 68.1856, 23.8379 ], [ 68.1879, 23.8351 ] ] ], [ [ [ 67.9401, 23.7735 ], [ 67.9393, 23.7732 ], [ 67.9371, 23.7776 ], [ 67.9396, 23.7763 ], [ 67.9401, 23.7735 ] ] ], [ [ [ 67.7674, 23.8221 ], [ 67.7674, 23.8213 ], [ 67.7643, 23.8249 ], [ 67.7665, 23.8243 ], [ 67.7674, 23.8221 ] ] ], [ [ [ 67.7621, 23.8249 ], [ 67.7599, 23.8282 ], [ 67.7607, 23.8279 ], [ 67.7615, 23.8265 ], [ 67.7621, 23.8249 ] ] ], [ [ [ 67.6476, 23.8335 ], [ 67.6432, 23.8338 ], [ 67.6435, 23.8368 ], [ 67.6474, 23.841 ], [ 67.6485, 23.836 ], [ 67.6476, 23.8335 ] ] ], [ [ [ 67.6985, 23.8788 ], [ 67.7026, 23.8751 ], [ 67.7021, 23.8693 ], [ 67.7087, 23.8532 ], [ 67.7093, 23.8474 ], [ 67.7188, 23.831 ], [ 67.721, 23.8299 ], [ 67.721, 23.8257 ], [ 67.7237, 23.8238 ], [ 67.7221, 23.821 ], [ 67.7276, 23.8171 ], [ 67.7279, 23.814 ], [ 67.7268, 23.8129 ], [ 67.7204, 23.814 ], [ 67.7207, 23.8121 ], [ 67.7138, 23.8096 ], [ 67.696, 23.8076 ], [ 67.6946, 23.8099 ], [ 67.6949, 23.8154 ], [ 67.6926, 23.8129 ], [ 67.6865, 23.8143 ], [ 67.6846, 23.8179 ], [ 67.6846, 23.824 ], [ 67.6899, 23.8315 ], [ 67.6921, 23.8329 ], [ 67.6951, 23.8324 ], [ 67.6907, 23.8376 ], [ 67.6899, 23.8424 ], [ 67.6904, 23.8338 ], [ 67.6849, 23.829 ], [ 67.6829, 23.819 ], [ 67.6799, 23.8129 ], [ 67.6782, 23.8118 ], [ 67.6782, 23.8137 ], [ 67.6757, 23.8137 ], [ 67.6738, 23.8124 ], [ 67.6751, 23.8085 ], [ 67.6793, 23.8088 ], [ 67.6785, 23.8068 ], [ 67.6751, 23.8065 ], [ 67.6685, 23.8129 ], [ 67.6612, 23.8135 ], [ 67.6601, 23.8176 ], [ 67.6576, 23.8154 ], [ 67.6532, 23.8171 ], [ 67.6504, 23.8226 ], [ 67.6529, 23.8285 ], [ 67.6504, 23.8276 ], [ 67.649, 23.8299 ], [ 67.6513, 23.8343 ], [ 67.6518, 23.8418 ], [ 67.6568, 23.8426 ], [ 67.6601, 23.8376 ], [ 67.6635, 23.8379 ], [ 67.6668, 23.8415 ], [ 67.6696, 23.8404 ], [ 67.6729, 23.8451 ], [ 67.6726, 23.8521 ], [ 67.6715, 23.8521 ], [ 67.6718, 23.8457 ], [ 67.6704, 23.8426 ], [ 67.6663, 23.8426 ], [ 67.6626, 23.8388 ], [ 67.6607, 23.8388 ], [ 67.6576, 23.8438 ], [ 67.6532, 23.8465 ], [ 67.6518, 23.8501 ], [ 67.6407, 23.8501 ], [ 67.6407, 23.8549 ], [ 67.6446, 23.8565 ], [ 67.6429, 23.8601 ], [ 67.6443, 23.8643 ], [ 67.6479, 23.8646 ], [ 67.6496, 23.8624 ], [ 67.6557, 23.8637 ], [ 67.6535, 23.8751 ], [ 67.6596, 23.8776 ], [ 67.6601, 23.8796 ], [ 67.6704, 23.8799 ], [ 67.674, 23.8824 ], [ 67.6782, 23.8824 ], [ 67.6832, 23.8854 ], [ 67.6846, 23.8879 ], [ 67.6929, 23.8882 ], [ 67.694, 23.8871 ], [ 67.6985, 23.8788 ] ] ], [ [ [ 67.7435, 23.8651 ], [ 67.7396, 23.8579 ], [ 67.7393, 23.8543 ], [ 67.7485, 23.8476 ], [ 67.746, 23.8438 ], [ 67.7374, 23.8401 ], [ 67.7318, 23.8429 ], [ 67.7296, 23.846 ], [ 67.7226, 23.8476 ], [ 67.7182, 23.8515 ], [ 67.7113, 23.8679 ], [ 67.7082, 23.8701 ], [ 67.7093, 23.8721 ], [ 67.7113, 23.8721 ], [ 67.7237, 23.8696 ], [ 67.7296, 23.8743 ], [ 67.7354, 23.8732 ], [ 67.7435, 23.8651 ] ] ], [ [ [ 67.6365, 23.8751 ], [ 67.6343, 23.8724 ], [ 67.634, 23.8801 ], [ 67.636, 23.8771 ], [ 67.6365, 23.8751 ] ] ], [ [ [ 67.8326, 23.8863 ], [ 67.8307, 23.8832 ], [ 67.8274, 23.8863 ], [ 67.8268, 23.8915 ], [ 67.8307, 23.8929 ], [ 67.8321, 23.8907 ], [ 67.8326, 23.8863 ] ] ], [ [ [ 67.6407, 23.924 ], [ 67.6374, 23.9138 ], [ 67.6304, 23.9015 ], [ 67.6274, 23.8871 ], [ 67.6285, 23.8721 ], [ 67.6271, 23.8721 ], [ 67.6265, 23.8685 ], [ 67.6301, 23.8599 ], [ 67.6268, 23.8626 ], [ 67.6229, 23.8626 ], [ 67.6246, 23.8582 ], [ 67.6307, 23.8535 ], [ 67.6304, 23.8501 ], [ 67.6274, 23.8487 ], [ 67.6263, 23.8507 ], [ 67.6215, 23.8513 ], [ 67.6193, 23.8538 ], [ 67.6171, 23.8515 ], [ 67.6162, 23.8549 ], [ 67.6121, 23.8593 ], [ 67.611, 23.8651 ], [ 67.6137, 23.8676 ], [ 67.619, 23.8654 ], [ 67.6215, 23.8724 ], [ 67.6185, 23.8762 ], [ 67.619, 23.8835 ], [ 67.6107, 23.8865 ], [ 67.6087, 23.8971 ], [ 67.6129, 23.9093 ], [ 67.6129, 23.9188 ], [ 67.616, 23.9171 ], [ 67.6188, 23.9179 ], [ 67.6201, 23.9215 ], [ 67.6251, 23.9251 ], [ 67.6246, 23.9301 ], [ 67.6257, 23.9313 ], [ 67.6393, 23.9326 ], [ 67.6404, 23.9307 ], [ 67.6407, 23.924 ] ] ], [ [ [ 68.0201, 24.0074 ], [ 68.0254, 24.0004 ], [ 68.0171, 23.974 ], [ 68.016, 23.9688 ], [ 68.0171, 23.9662 ], [ 68.0126, 23.9524 ], [ 68.0101, 23.9351 ], [ 68.0068, 23.9351 ], [ 68.0026, 23.9404 ], [ 68.0021, 23.9396 ], [ 68.0062, 23.9346 ], [ 68.0113, 23.9326 ], [ 68.0118, 23.9279 ], [ 68.0165, 23.9212 ], [ 68.0376, 23.904 ], [ 68.0376, 23.8963 ], [ 68.0346, 23.8876 ], [ 68.0365, 23.8863 ], [ 68.0343, 23.8829 ], [ 68.0324, 23.8679 ], [ 68.0382, 23.8501 ], [ 68.0462, 23.8324 ], [ 68.0449, 23.8299 ], [ 68.0468, 23.8279 ], [ 68.0432, 23.8221 ], [ 68.0426, 23.8124 ], [ 68.044, 23.8049 ], [ 68.0418, 23.7954 ], [ 68.036, 23.7874 ], [ 68.0315, 23.7871 ], [ 68.0346, 23.7815 ], [ 68.0338, 23.7776 ], [ 68.0263, 23.7729 ], [ 68.0143, 23.7713 ], [ 68.014, 23.7701 ], [ 68.0071, 23.776 ], [ 68.0054, 23.7757 ], [ 68.0065, 23.7738 ], [ 68.0051, 23.7732 ], [ 68.0038, 23.7757 ], [ 68.0054, 23.7774 ], [ 68.0049, 23.779 ], [ 68.0018, 23.7779 ], [ 68.001, 23.7804 ], [ 68.0035, 23.7807 ], [ 67.9996, 23.7854 ], [ 67.9962, 23.7865 ], [ 68.0004, 23.791 ], [ 67.9996, 23.7949 ], [ 67.9982, 23.7921 ], [ 67.994, 23.7935 ], [ 67.9921, 23.7885 ], [ 67.989, 23.7871 ], [ 67.986, 23.7826 ], [ 67.9863, 23.7807 ], [ 67.989, 23.7801 ], [ 67.9901, 23.7765 ], [ 67.9851, 23.7757 ], [ 67.9815, 23.7774 ], [ 67.9812, 23.7721 ], [ 67.9763, 23.7749 ], [ 67.9699, 23.7715 ], [ 67.9688, 23.7743 ], [ 67.966, 23.774 ], [ 67.9629, 23.7774 ], [ 67.961, 23.7818 ], [ 67.9563, 23.7821 ], [ 67.9565, 23.7843 ], [ 67.9524, 23.7824 ], [ 67.9512, 23.7843 ], [ 67.9529, 23.7899 ], [ 67.9504, 23.7924 ], [ 67.9468, 23.7918 ], [ 67.9463, 23.7871 ], [ 67.9449, 23.7868 ], [ 67.9446, 23.7896 ], [ 67.9429, 23.7899 ], [ 67.9443, 23.7854 ], [ 67.944, 23.784 ], [ 67.9421, 23.7849 ], [ 67.9432, 23.7818 ], [ 67.9471, 23.7801 ], [ 67.9418, 23.7799 ], [ 67.9385, 23.7874 ], [ 67.9415, 23.7979 ], [ 67.9449, 23.7962 ], [ 67.9479, 23.8001 ], [ 67.9549, 23.8037 ], [ 67.9554, 23.8076 ], [ 67.9579, 23.8099 ], [ 67.9613, 23.8096 ], [ 67.9643, 23.8132 ], [ 67.9615, 23.8221 ], [ 67.9563, 23.8282 ], [ 67.9532, 23.8365 ], [ 67.9449, 23.8424 ], [ 67.9354, 23.8418 ], [ 67.9304, 23.8357 ], [ 67.9304, 23.8335 ], [ 67.9262, 23.8338 ], [ 67.9179, 23.839 ], [ 67.9018, 23.8551 ], [ 67.9001, 23.859 ], [ 67.8751, 23.8785 ], [ 67.8688, 23.8874 ], [ 67.8637, 23.9024 ], [ 67.8671, 23.9121 ], [ 67.8699, 23.9151 ], [ 67.8721, 23.9154 ], [ 67.8712, 23.9165 ], [ 67.8674, 23.9146 ], [ 67.8712, 23.9199 ], [ 67.8746, 23.9215 ], [ 67.8793, 23.9365 ], [ 67.8982, 23.9474 ], [ 67.9082, 23.9574 ], [ 67.9132, 23.9668 ], [ 67.9138, 23.9713 ], [ 67.9179, 23.9732 ], [ 67.9165, 23.9771 ], [ 67.9182, 23.9799 ], [ 67.9337, 23.9837 ], [ 67.9482, 23.9832 ], [ 67.9554, 23.9879 ], [ 67.9601, 23.9932 ], [ 67.9635, 24.0004 ], [ 67.9626, 24.0071 ], [ 67.9638, 24.0085 ], [ 67.9757, 24.011 ], [ 67.9912, 24.0168 ], [ 67.9971, 24.016 ], [ 68.0201, 24.0074 ] ] ], [ [ [ 68.1076, 23.9599 ], [ 68.1115, 23.9579 ], [ 68.1221, 23.9471 ], [ 68.1224, 23.9435 ], [ 68.1165, 23.9218 ], [ 68.1179, 23.9193 ], [ 68.1224, 23.9154 ], [ 68.1226, 23.9085 ], [ 68.1251, 23.904 ], [ 68.1237, 23.8999 ], [ 68.1188, 23.8957 ], [ 68.119, 23.8876 ], [ 68.1124, 23.8771 ], [ 68.1115, 23.8582 ], [ 68.1149, 23.8535 ], [ 68.1232, 23.8499 ], [ 68.1118, 23.8479 ], [ 68.1118, 23.8468 ], [ 68.1026, 23.8465 ], [ 68.096, 23.8429 ], [ 68.0846, 23.8426 ], [ 68.0732, 23.849 ], [ 68.0699, 23.8543 ], [ 68.0657, 23.8565 ], [ 68.0629, 23.8604 ], [ 68.0626, 23.8668 ], [ 68.0551, 23.8782 ], [ 68.0565, 23.8865 ], [ 68.0535, 23.8882 ], [ 68.0529, 23.8935 ], [ 68.0593, 23.9029 ], [ 68.0835, 23.9132 ], [ 68.0974, 23.9226 ], [ 68.1018, 23.9301 ], [ 68.1024, 23.9343 ], [ 68.1026, 23.9463 ], [ 68.1004, 23.959 ], [ 68.1065, 23.9676 ], [ 68.1079, 23.966 ], [ 68.1076, 23.9599 ] ] ], [ [ [ 68.094, 23.9807 ], [ 68.0938, 23.9396 ], [ 68.0912, 23.9343 ], [ 68.0676, 23.9193 ], [ 68.0679, 23.9235 ], [ 68.0643, 23.9329 ], [ 68.0585, 23.9387 ], [ 68.0587, 23.9457 ], [ 68.0724, 23.9621 ], [ 68.0788, 23.9765 ], [ 68.0837, 23.9807 ], [ 68.0879, 23.9876 ], [ 68.0912, 23.9868 ], [ 68.094, 23.9807 ] ] ], [ [ [ 68.0576, 24.0149 ], [ 68.0751, 24.0096 ], [ 68.0857, 23.9971 ], [ 68.0863, 23.994 ], [ 68.0837, 23.9876 ], [ 68.0715, 23.9724 ], [ 68.069, 23.9638 ], [ 68.0576, 23.9521 ], [ 68.0546, 23.9454 ], [ 68.0546, 23.9396 ], [ 68.0629, 23.9249 ], [ 68.0629, 23.921 ], [ 68.0493, 23.9115 ], [ 68.0457, 23.9107 ], [ 68.0413, 23.9163 ], [ 68.0193, 23.9315 ], [ 68.0182, 23.9421 ], [ 68.0229, 23.9568 ], [ 68.0249, 23.974 ], [ 68.031, 23.9876 ], [ 68.0368, 24.0079 ], [ 68.0399, 24.0115 ], [ 68.0449, 24.0113 ], [ 68.0471, 24.0132 ], [ 68.0474, 24.0168 ], [ 68.0449, 24.0193 ], [ 68.046, 24.0207 ], [ 68.0529, 24.0201 ], [ 68.0576, 24.0149 ] ] ], [ [ [ 67.5604, 23.8996 ], [ 67.5601, 23.8976 ], [ 67.5571, 23.8996 ], [ 67.5565, 23.9018 ], [ 67.559, 23.9007 ], [ 67.5604, 23.8996 ] ] ], [ [ [ 67.681, 23.931 ], [ 67.6951, 23.9301 ], [ 67.7071, 23.9199 ], [ 67.7101, 23.9163 ], [ 67.7079, 23.9029 ], [ 67.7096, 23.8921 ], [ 67.7138, 23.886 ], [ 67.7226, 23.8826 ], [ 67.724, 23.8799 ], [ 67.7193, 23.8779 ], [ 67.7101, 23.8782 ], [ 67.7032, 23.8757 ], [ 67.6993, 23.8788 ], [ 67.6957, 23.8868 ], [ 67.6932, 23.8893 ], [ 67.6837, 23.8885 ], [ 67.681, 23.8846 ], [ 67.6668, 23.8807 ], [ 67.6615, 23.8813 ], [ 67.6537, 23.8771 ], [ 67.6521, 23.8743 ], [ 67.6537, 23.8649 ], [ 67.6496, 23.8649 ], [ 67.6482, 23.8696 ], [ 67.6438, 23.8704 ], [ 67.6438, 23.8754 ], [ 67.646, 23.8807 ], [ 67.6387, 23.8951 ], [ 67.641, 23.904 ], [ 67.6426, 23.9082 ], [ 67.6515, 23.9176 ], [ 67.6535, 23.929 ], [ 67.6554, 23.9313 ], [ 67.6718, 23.9365 ], [ 67.6749, 23.9354 ], [ 67.681, 23.931 ] ] ], [ [ [ 67.5537, 23.9024 ], [ 67.5532, 23.9037 ], [ 67.5565, 23.9035 ], [ 67.556, 23.9024 ], [ 67.5537, 23.9024 ] ] ], [ [ [ 67.5563, 23.9043 ], [ 67.5543, 23.9037 ], [ 67.5521, 23.9074 ], [ 67.5551, 23.9071 ], [ 67.5563, 23.9043 ] ] ], [ [ [ 67.5521, 23.9057 ], [ 67.5518, 23.9043 ], [ 67.5499, 23.9076 ], [ 67.5507, 23.9096 ], [ 67.5521, 23.9093 ], [ 67.5512, 23.9079 ], [ 67.5521, 23.9057 ] ] ], [ [ [ 67.5593, 23.944 ], [ 67.564, 23.9404 ], [ 67.5904, 23.9351 ], [ 67.5871, 23.9279 ], [ 67.579, 23.919 ], [ 67.579, 23.8988 ], [ 67.5762, 23.8937 ], [ 67.5779, 23.889 ], [ 67.5757, 23.8876 ], [ 67.5762, 23.8901 ], [ 67.5735, 23.8924 ], [ 67.5715, 23.8918 ], [ 67.5738, 23.8888 ], [ 67.574, 23.8846 ], [ 67.5676, 23.8863 ], [ 67.5668, 23.8896 ], [ 67.5612, 23.8949 ], [ 67.5632, 23.8951 ], [ 67.5665, 23.8926 ], [ 67.5621, 23.9013 ], [ 67.5687, 23.906 ], [ 67.5668, 23.9076 ], [ 67.564, 23.9063 ], [ 67.5618, 23.9088 ], [ 67.5626, 23.9135 ], [ 67.5568, 23.9121 ], [ 67.5565, 23.9135 ], [ 67.5596, 23.9154 ], [ 67.5579, 23.9176 ], [ 67.5493, 23.9168 ], [ 67.5454, 23.9221 ], [ 67.5437, 23.9199 ], [ 67.5457, 23.9204 ], [ 67.5471, 23.9151 ], [ 67.5429, 23.9182 ], [ 67.5368, 23.9129 ], [ 67.5343, 23.9085 ], [ 67.531, 23.9071 ], [ 67.5301, 23.9082 ], [ 67.5326, 23.9157 ], [ 67.5313, 23.9224 ], [ 67.5335, 23.9207 ], [ 67.5357, 23.9285 ], [ 67.5449, 23.9363 ], [ 67.5471, 23.9513 ], [ 67.5496, 23.9529 ], [ 67.554, 23.9518 ], [ 67.5593, 23.944 ] ] ], [ [ [ 67.6154, 23.9199 ], [ 67.6137, 23.921 ], [ 67.6176, 23.921 ], [ 67.616, 23.919 ], [ 67.6154, 23.9199 ] ] ], [ [ [ 67.8565, 24.0815 ], [ 67.8632, 24.0801 ], [ 67.8712, 24.076 ], [ 67.8685, 24.0699 ], [ 67.8674, 24.059 ], [ 67.8715, 24.0543 ], [ 67.8704, 24.0446 ], [ 67.8726, 24.0332 ], [ 67.8796, 24.0218 ], [ 67.8671, 24.0157 ], [ 67.8626, 24.0113 ], [ 67.861, 24.0049 ], [ 67.864, 23.9982 ], [ 67.8635, 23.9949 ], [ 67.8651, 23.9926 ], [ 67.8737, 23.9896 ], [ 67.8971, 23.9837 ], [ 67.9007, 23.981 ], [ 67.9018, 23.9751 ], [ 67.874, 23.9571 ], [ 67.8682, 23.9518 ], [ 67.8613, 23.9413 ], [ 67.8565, 23.9363 ], [ 67.8526, 23.9346 ], [ 67.8451, 23.9238 ], [ 67.8385, 23.9179 ], [ 67.8313, 23.8979 ], [ 67.826, 23.9021 ], [ 67.8279, 23.9076 ], [ 67.8276, 23.9118 ], [ 67.8307, 23.916 ], [ 67.8293, 23.9171 ], [ 67.8254, 23.9163 ], [ 67.824, 23.9188 ], [ 67.8251, 23.9154 ], [ 67.8296, 23.9154 ], [ 67.8257, 23.9132 ], [ 67.8271, 23.9076 ], [ 67.8251, 23.9018 ], [ 67.8307, 23.8949 ], [ 67.826, 23.8915 ], [ 67.8262, 23.8857 ], [ 67.8299, 23.8807 ], [ 67.8332, 23.879 ], [ 67.8315, 23.874 ], [ 67.8332, 23.8713 ], [ 67.8304, 23.871 ], [ 67.8293, 23.8637 ], [ 67.8262, 23.8576 ], [ 67.826, 23.8524 ], [ 67.8279, 23.851 ], [ 67.8262, 23.8493 ], [ 67.8282, 23.8465 ], [ 67.8321, 23.8471 ], [ 67.8346, 23.841 ], [ 67.8337, 23.8374 ], [ 67.8288, 23.8335 ], [ 67.8249, 23.8226 ], [ 67.8229, 23.8226 ], [ 67.8243, 23.8213 ], [ 67.8218, 23.8213 ], [ 67.8199, 23.8179 ], [ 67.8182, 23.819 ], [ 67.8129, 23.8179 ], [ 67.8115, 23.8157 ], [ 67.7971, 23.8146 ], [ 67.7957, 23.8174 ], [ 67.7968, 23.8201 ], [ 67.7946, 23.821 ], [ 67.794, 23.8246 ], [ 67.7921, 23.8226 ], [ 67.7818, 23.8226 ], [ 67.7782, 23.8207 ], [ 67.7818, 23.8149 ], [ 67.7779, 23.8129 ], [ 67.7754, 23.8149 ], [ 67.7771, 23.819 ], [ 67.7746, 23.821 ], [ 67.7768, 23.8251 ], [ 67.7682, 23.8318 ], [ 67.7696, 23.834 ], [ 67.7624, 23.8351 ], [ 67.7626, 23.8382 ], [ 67.7549, 23.8382 ], [ 67.7543, 23.8463 ], [ 67.751, 23.8493 ], [ 67.754, 23.8513 ], [ 67.7621, 23.8482 ], [ 67.769, 23.8524 ], [ 67.7618, 23.8493 ], [ 67.7543, 23.8524 ], [ 67.7493, 23.8499 ], [ 67.741, 23.8554 ], [ 67.7449, 23.8629 ], [ 67.7443, 23.8668 ], [ 67.7418, 23.8699 ], [ 67.7468, 23.8715 ], [ 67.7487, 23.8704 ], [ 67.7501, 23.8724 ], [ 67.744, 23.8751 ], [ 67.7449, 23.8796 ], [ 67.7435, 23.8815 ], [ 67.7424, 23.8768 ], [ 67.7438, 23.8718 ], [ 67.7404, 23.8704 ], [ 67.7371, 23.8743 ], [ 67.7329, 23.8762 ], [ 67.734, 23.881 ], [ 67.7296, 23.8896 ], [ 67.7226, 23.8929 ], [ 67.7129, 23.9007 ], [ 67.7149, 23.9101 ], [ 67.7129, 23.9185 ], [ 67.7107, 23.9185 ], [ 67.7096, 23.9212 ], [ 67.7021, 23.926 ], [ 67.6968, 23.9315 ], [ 67.6971, 23.9332 ], [ 67.6996, 23.9354 ], [ 67.704, 23.9468 ], [ 67.7154, 23.9626 ], [ 67.7182, 23.9643 ], [ 67.729, 23.9549 ], [ 67.7337, 23.954 ], [ 67.7176, 23.966 ], [ 67.7179, 23.9715 ], [ 67.7262, 23.9732 ], [ 67.7326, 23.9801 ], [ 67.7471, 23.9754 ], [ 67.7521, 23.9754 ], [ 67.7613, 23.9804 ], [ 67.7596, 23.986 ], [ 67.7526, 23.9882 ], [ 67.7579, 23.9965 ], [ 67.7588, 24.0038 ], [ 67.7654, 24.0129 ], [ 67.766, 24.0163 ], [ 67.7618, 24.0199 ], [ 67.7418, 24.0221 ], [ 67.7365, 24.0385 ], [ 67.7385, 24.0513 ], [ 67.7485, 24.0654 ], [ 67.7529, 24.0801 ], [ 67.7554, 24.081 ], [ 67.7626, 24.076 ], [ 67.7685, 24.0768 ], [ 67.7743, 24.0751 ], [ 67.7854, 24.0613 ], [ 67.7929, 24.059 ], [ 67.809, 24.0688 ], [ 67.8293, 24.071 ], [ 67.8379, 24.0738 ], [ 67.8424, 24.0779 ], [ 67.844, 24.0865 ], [ 67.8457, 24.0876 ], [ 67.8507, 24.0865 ], [ 67.8565, 24.0815 ] ] ], [ [ [ 67.4385, 23.9688 ], [ 67.4371, 23.969 ], [ 67.4368, 23.9715 ], [ 67.4382, 23.9699 ], [ 67.4385, 23.9688 ] ] ], [ [ [ 67.7204, 23.996 ], [ 67.7251, 23.991 ], [ 67.7321, 23.9874 ], [ 67.7307, 23.986 ], [ 67.7199, 23.9851 ], [ 67.7107, 23.9799 ], [ 67.7096, 23.9749 ], [ 67.7132, 23.9688 ], [ 67.7129, 23.9651 ], [ 67.7001, 23.9499 ], [ 67.6935, 23.9385 ], [ 67.6907, 23.9363 ], [ 67.6843, 23.9432 ], [ 67.6749, 23.9446 ], [ 67.6496, 23.9382 ], [ 67.6571, 23.9424 ], [ 67.6607, 23.9424 ], [ 67.671, 23.9493 ], [ 67.6774, 23.959 ], [ 67.6762, 23.971 ], [ 67.6646, 23.9757 ], [ 67.659, 23.9799 ], [ 67.656, 23.9912 ], [ 67.6612, 23.9985 ], [ 67.666, 23.9976 ], [ 67.6721, 23.994 ], [ 67.6757, 23.9946 ], [ 67.6779, 23.9921 ], [ 67.6807, 23.9949 ], [ 67.6815, 24.0015 ], [ 67.6968, 24.0063 ], [ 67.6996, 24.0093 ], [ 67.7065, 24.0071 ], [ 67.7079, 24.0082 ], [ 67.7076, 24.0121 ], [ 67.7096, 24.0138 ], [ 67.7168, 24.0149 ], [ 67.7182, 24.0124 ], [ 67.7204, 23.996 ] ] ], [ [ [ 67.6843, 24.0782 ], [ 67.6904, 24.0557 ], [ 67.6971, 24.0471 ], [ 67.7074, 24.039 ], [ 67.7162, 24.0376 ], [ 67.7204, 24.0393 ], [ 67.7293, 24.0526 ], [ 67.7315, 24.0599 ], [ 67.7351, 24.0615 ], [ 67.7387, 24.0599 ], [ 67.7337, 24.0396 ], [ 67.7376, 24.0257 ], [ 67.7335, 24.0226 ], [ 67.7285, 24.0257 ], [ 67.7246, 24.0254 ], [ 67.7188, 24.0218 ], [ 67.7179, 24.016 ], [ 67.7082, 24.0143 ], [ 67.7065, 24.0124 ], [ 67.7068, 24.0085 ], [ 67.6993, 24.0104 ], [ 67.6954, 24.0065 ], [ 67.6813, 24.0026 ], [ 67.6785, 23.9943 ], [ 67.671, 23.9954 ], [ 67.6638, 23.9993 ], [ 67.6607, 23.9993 ], [ 67.6582, 23.9971 ], [ 67.6543, 23.9907 ], [ 67.656, 23.9804 ], [ 67.6529, 23.9804 ], [ 67.6493, 23.9837 ], [ 67.6488, 23.9832 ], [ 67.6526, 23.9796 ], [ 67.656, 23.9793 ], [ 67.6751, 23.9685 ], [ 67.6757, 23.9657 ], [ 67.6735, 23.9604 ], [ 67.6699, 23.9549 ], [ 67.666, 23.9576 ], [ 67.6671, 23.9524 ], [ 67.6651, 23.9496 ], [ 67.6449, 23.9407 ], [ 67.6404, 23.9346 ], [ 67.6232, 23.9315 ], [ 67.6235, 23.9257 ], [ 67.621, 23.9238 ], [ 67.6196, 23.9235 ], [ 67.619, 23.9257 ], [ 67.6132, 23.9296 ], [ 67.6179, 23.9232 ], [ 67.6126, 23.9235 ], [ 67.6085, 23.9204 ], [ 67.6101, 23.9093 ], [ 67.6054, 23.8965 ], [ 67.6079, 23.8824 ], [ 67.6054, 23.8846 ], [ 67.6021, 23.8846 ], [ 67.5968, 23.8815 ], [ 67.589, 23.8846 ], [ 67.5865, 23.8901 ], [ 67.5832, 23.8924 ], [ 67.5818, 23.8974 ], [ 67.5846, 23.9004 ], [ 67.5824, 23.9046 ], [ 67.5824, 23.9182 ], [ 67.5863, 23.926 ], [ 67.5901, 23.9282 ], [ 67.5915, 23.9351 ], [ 67.5893, 23.939 ], [ 67.5832, 23.9401 ], [ 67.5829, 23.9418 ], [ 67.5896, 23.9549 ], [ 67.6026, 23.9674 ], [ 67.601, 23.9893 ], [ 67.6074, 24.0038 ], [ 67.6082, 24.0215 ], [ 67.6062, 24.0163 ], [ 67.6051, 23.9996 ], [ 67.5987, 23.9854 ], [ 67.6013, 23.971 ], [ 67.6004, 23.966 ], [ 67.5974, 23.9624 ], [ 67.5851, 23.9557 ], [ 67.581, 23.9499 ], [ 67.5782, 23.9401 ], [ 67.5738, 23.9399 ], [ 67.5638, 23.9435 ], [ 67.564, 23.9479 ], [ 67.561, 23.9479 ], [ 67.5615, 23.9504 ], [ 67.5579, 23.9562 ], [ 67.556, 23.9557 ], [ 67.5515, 23.9582 ], [ 67.546, 23.9571 ], [ 67.5421, 23.9524 ], [ 67.5429, 23.9424 ], [ 67.5418, 23.9399 ], [ 67.539, 23.9401 ], [ 67.5315, 23.9368 ], [ 67.529, 23.9382 ], [ 67.5299, 23.9418 ], [ 67.5246, 23.9415 ], [ 67.526, 23.9404 ], [ 67.5249, 23.9387 ], [ 67.5274, 23.9399 ], [ 67.5296, 23.934 ], [ 67.5335, 23.9332 ], [ 67.5338, 23.9315 ], [ 67.5315, 23.9299 ], [ 67.5296, 23.931 ], [ 67.5196, 23.9254 ], [ 67.5151, 23.919 ], [ 67.5118, 23.9193 ], [ 67.509, 23.9218 ], [ 67.5065, 23.9188 ], [ 67.5057, 23.9226 ], [ 67.5013, 23.9201 ], [ 67.4993, 23.9238 ], [ 67.4962, 23.9246 ], [ 67.4949, 23.9235 ], [ 67.4974, 23.9201 ], [ 67.4954, 23.9201 ], [ 67.4946, 23.9221 ], [ 67.491, 23.9224 ], [ 67.4907, 23.9254 ], [ 67.4868, 23.9243 ], [ 67.4879, 23.9265 ], [ 67.4899, 23.9268 ], [ 67.4929, 23.9354 ], [ 67.4924, 23.9399 ], [ 67.4957, 23.9382 ], [ 67.4962, 23.9404 ], [ 67.4987, 23.9404 ], [ 67.4996, 23.9485 ], [ 67.4968, 23.9513 ], [ 67.4987, 23.9568 ], [ 67.4979, 23.9619 ], [ 67.499, 23.9649 ], [ 67.4962, 23.9674 ], [ 67.5007, 23.9682 ], [ 67.5074, 23.9726 ], [ 67.521, 23.9704 ], [ 67.5254, 23.979 ], [ 67.5329, 23.9807 ], [ 67.5374, 23.9899 ], [ 67.5437, 23.9918 ], [ 67.5451, 23.9935 ], [ 67.5374, 23.991 ], [ 67.5329, 23.9818 ], [ 67.5249, 23.9796 ], [ 67.5224, 23.9751 ], [ 67.5163, 23.984 ], [ 67.509, 23.9899 ], [ 67.5154, 23.984 ], [ 67.5204, 23.9762 ], [ 67.5168, 23.9735 ], [ 67.5129, 23.9737 ], [ 67.506, 23.9762 ], [ 67.5024, 23.976 ], [ 67.5001, 23.9779 ], [ 67.5004, 23.991 ], [ 67.4951, 24.0035 ], [ 67.4954, 23.9976 ], [ 67.4987, 23.9915 ], [ 67.4974, 23.9829 ], [ 67.4985, 23.9743 ], [ 67.4901, 23.9743 ], [ 67.4885, 23.9724 ], [ 67.4846, 23.9721 ], [ 67.4824, 23.9732 ], [ 67.4846, 23.9699 ], [ 67.4721, 23.9724 ], [ 67.4613, 23.9715 ], [ 67.456, 23.9746 ], [ 67.4507, 23.981 ], [ 67.4518, 23.9863 ], [ 67.4479, 23.989 ], [ 67.449, 23.9951 ], [ 67.4643, 23.9996 ], [ 67.4751, 24.0071 ], [ 67.4757, 24.0238 ], [ 67.4954, 24.0335 ], [ 67.4962, 24.0365 ], [ 67.5024, 24.0435 ], [ 67.509, 24.0493 ], [ 67.5129, 24.0501 ], [ 67.5124, 24.0518 ], [ 67.5182, 24.0579 ], [ 67.526, 24.0615 ], [ 67.5274, 24.0657 ], [ 67.5379, 24.0718 ], [ 67.546, 24.0738 ], [ 67.5649, 24.0735 ], [ 67.5879, 24.0701 ], [ 67.5901, 24.0679 ], [ 67.5987, 24.0688 ], [ 67.5996, 24.0701 ], [ 67.6121, 24.0693 ], [ 67.6335, 24.0643 ], [ 67.6387, 24.059 ], [ 67.646, 24.0588 ], [ 67.6518, 24.0643 ], [ 67.6535, 24.0771 ], [ 67.6582, 24.0774 ], [ 67.6696, 24.086 ], [ 67.6771, 24.0871 ], [ 67.6787, 24.0857 ], [ 67.6843, 24.0782 ] ] ], [ [ [ 67.7404, 24.0213 ], [ 67.764, 24.0171 ], [ 67.7643, 24.014 ], [ 67.7585, 24.0065 ], [ 67.7562, 23.9968 ], [ 67.7515, 23.9893 ], [ 67.7518, 23.9865 ], [ 67.7582, 23.9846 ], [ 67.7599, 23.9801 ], [ 67.7496, 23.9768 ], [ 67.7324, 23.9813 ], [ 67.7265, 23.9749 ], [ 67.7176, 23.9737 ], [ 67.7174, 23.9807 ], [ 67.7301, 23.9832 ], [ 67.7343, 23.9868 ], [ 67.7329, 23.9912 ], [ 67.7265, 23.994 ], [ 67.7229, 23.9979 ], [ 67.7218, 24.0129 ], [ 67.7201, 24.0151 ], [ 67.7207, 24.0199 ], [ 67.7229, 24.0218 ], [ 67.7307, 24.021 ], [ 67.7404, 24.0213 ] ] ], [ [ [ 67.4365, 24.136 ], [ 67.4335, 24.1354 ], [ 67.4374, 24.1376 ], [ 67.4365, 24.1363 ], [ 67.4365, 24.136 ] ] ], [ [ [ 67.4282, 24.1496 ], [ 67.431, 24.1479 ], [ 67.434, 24.1485 ], [ 67.4374, 24.154 ], [ 67.4443, 24.1529 ], [ 67.4376, 24.146 ], [ 67.4374, 24.1404 ], [ 67.4321, 24.1393 ], [ 67.4201, 24.1493 ], [ 67.4171, 24.1537 ], [ 67.4168, 24.1571 ], [ 67.4215, 24.1588 ], [ 67.4232, 24.1576 ], [ 67.4282, 24.1496 ] ] ], [ [ [ 67.4115, 24.1838 ], [ 67.4143, 24.1796 ], [ 67.4212, 24.1629 ], [ 67.421, 24.161 ], [ 67.4174, 24.1604 ], [ 67.4149, 24.1576 ], [ 67.4151, 24.1526 ], [ 67.4212, 24.1437 ], [ 67.4301, 24.1379 ], [ 67.426, 24.131 ], [ 67.4129, 24.1313 ], [ 67.401, 24.1279 ], [ 67.3971, 24.1282 ], [ 67.3904, 24.131 ], [ 67.3901, 24.1324 ], [ 67.3929, 24.1349 ], [ 67.3985, 24.1346 ], [ 67.3996, 24.1376 ], [ 67.4032, 24.1401 ], [ 67.401, 24.144 ], [ 67.404, 24.1457 ], [ 67.4037, 24.1482 ], [ 67.4021, 24.1463 ], [ 67.3979, 24.1457 ], [ 67.4007, 24.1415 ], [ 67.3985, 24.1371 ], [ 67.3962, 24.1354 ], [ 67.3918, 24.1357 ], [ 67.3876, 24.1318 ], [ 67.3815, 24.136 ], [ 67.3743, 24.1376 ], [ 67.3743, 24.1407 ], [ 67.3715, 24.1415 ], [ 67.3735, 24.1437 ], [ 67.3732, 24.1463 ], [ 67.3674, 24.1463 ], [ 67.3662, 24.1482 ], [ 67.3629, 24.1482 ], [ 67.3624, 24.1526 ], [ 67.3596, 24.1526 ], [ 67.3554, 24.1554 ], [ 67.3529, 24.1612 ], [ 67.3554, 24.1651 ], [ 67.3571, 24.1651 ], [ 67.364, 24.1574 ], [ 67.3671, 24.1588 ], [ 67.3668, 24.1643 ], [ 67.3654, 24.1626 ], [ 67.3662, 24.1588 ], [ 67.3646, 24.1582 ], [ 67.3613, 24.1629 ], [ 67.3554, 24.1668 ], [ 67.356, 24.1715 ], [ 67.3587, 24.1743 ], [ 67.3637, 24.1768 ], [ 67.3662, 24.1699 ], [ 67.3685, 24.1696 ], [ 67.366, 24.1738 ], [ 67.3668, 24.1771 ], [ 67.3685, 24.1776 ], [ 67.3718, 24.174 ], [ 67.3826, 24.1721 ], [ 67.386, 24.1768 ], [ 67.3915, 24.1793 ], [ 67.3899, 24.1838 ], [ 67.3849, 24.186 ], [ 67.3882, 24.1871 ], [ 67.3982, 24.186 ], [ 67.4115, 24.1838 ] ] ], [ [ [ 67.3493, 24.1818 ], [ 67.364, 24.1804 ], [ 67.3626, 24.1771 ], [ 67.3557, 24.1726 ], [ 67.3549, 24.1668 ], [ 67.3476, 24.1649 ], [ 67.344, 24.166 ], [ 67.3443, 24.1643 ], [ 67.3421, 24.1624 ], [ 67.3415, 24.1646 ], [ 67.3393, 24.1649 ], [ 67.3349, 24.1746 ], [ 67.3407, 24.1782 ], [ 67.3418, 24.1857 ], [ 67.3446, 24.1843 ], [ 67.3493, 24.1818 ] ] ], [ [ [ 67.3593, 24.2254 ], [ 67.3715, 24.2207 ], [ 67.3737, 24.2185 ], [ 67.3732, 24.2129 ], [ 67.3685, 24.2099 ], [ 67.3654, 24.2049 ], [ 67.3646, 24.1965 ], [ 67.3665, 24.1932 ], [ 67.3743, 24.1899 ], [ 67.3788, 24.1846 ], [ 67.384, 24.1846 ], [ 67.3899, 24.1818 ], [ 67.389, 24.179 ], [ 67.3851, 24.1776 ], [ 67.3824, 24.1729 ], [ 67.3729, 24.1749 ], [ 67.3643, 24.1821 ], [ 67.3479, 24.1838 ], [ 67.3463, 24.1907 ], [ 67.3407, 24.194 ], [ 67.3368, 24.2021 ], [ 67.3374, 24.2079 ], [ 67.336, 24.2074 ], [ 67.3363, 24.2099 ], [ 67.3343, 24.2118 ], [ 67.336, 24.2143 ], [ 67.3432, 24.214 ], [ 67.3474, 24.2068 ], [ 67.3507, 24.2051 ], [ 67.3457, 24.2118 ], [ 67.3493, 24.2143 ], [ 67.3463, 24.2204 ], [ 67.3463, 24.2246 ], [ 67.3438, 24.219 ], [ 67.3399, 24.2221 ], [ 67.3415, 24.2276 ], [ 67.344, 24.229 ], [ 67.3482, 24.2279 ], [ 67.3471, 24.2301 ], [ 67.3479, 24.2343 ], [ 67.3546, 24.2337 ], [ 67.3593, 24.2254 ] ] ], [ [ [ 67.4001, 24.2721 ], [ 67.4029, 24.269 ], [ 67.4101, 24.269 ], [ 67.4104, 24.2607 ], [ 67.414, 24.2615 ], [ 67.4168, 24.264 ], [ 67.4274, 24.2632 ], [ 67.4265, 24.2563 ], [ 67.4282, 24.2499 ], [ 67.4238, 24.2404 ], [ 67.4254, 24.2246 ], [ 67.4229, 24.2169 ], [ 67.4224, 24.2324 ], [ 67.4207, 24.2374 ], [ 67.4187, 24.2374 ], [ 67.4176, 24.2393 ], [ 67.4037, 24.2374 ], [ 67.3993, 24.2401 ], [ 67.3757, 24.2401 ], [ 67.3618, 24.2468 ], [ 67.3482, 24.2571 ], [ 67.3549, 24.2707 ], [ 67.3651, 24.2787 ], [ 67.3718, 24.2724 ], [ 67.3782, 24.2707 ], [ 67.3843, 24.2735 ], [ 67.3924, 24.2826 ], [ 67.3951, 24.2829 ], [ 67.3962, 24.2815 ], [ 67.4001, 24.2721 ] ] ], [ [ [ 67.4229, 24.2893 ], [ 67.4296, 24.2896 ], [ 67.4318, 24.2851 ], [ 67.4318, 24.2815 ], [ 67.4299, 24.279 ], [ 67.4307, 24.2735 ], [ 67.4365, 24.2687 ], [ 67.4365, 24.2649 ], [ 67.4346, 24.2576 ], [ 67.4301, 24.2518 ], [ 67.4276, 24.2565 ], [ 67.4279, 24.2643 ], [ 67.4168, 24.2649 ], [ 67.4104, 24.2615 ], [ 67.4112, 24.2693 ], [ 67.409, 24.2707 ], [ 67.4032, 24.2701 ], [ 67.3982, 24.2804 ], [ 67.3985, 24.2821 ], [ 67.4013, 24.2826 ], [ 67.4029, 24.2843 ], [ 67.4096, 24.284 ], [ 67.4132, 24.2888 ], [ 67.4129, 24.296 ], [ 67.4143, 24.2988 ], [ 67.4168, 24.2974 ], [ 67.4229, 24.2893 ] ] ], [ [ [ 67.4032, 24.2874 ], [ 67.4096, 24.2849 ], [ 67.4029, 24.2851 ], [ 67.4001, 24.2829 ], [ 67.3915, 24.2843 ], [ 67.3907, 24.2899 ], [ 67.3957, 24.2946 ], [ 67.3979, 24.2935 ], [ 67.4032, 24.2874 ] ] ], [ [ [ 67.3513, 24.1596 ], [ 67.349, 24.1576 ], [ 67.3521, 24.1579 ], [ 67.3518, 24.1535 ], [ 67.3504, 24.1524 ], [ 67.3479, 24.1532 ], [ 67.3454, 24.1574 ], [ 67.3465, 24.1621 ], [ 67.3501, 24.1615 ], [ 67.3513, 24.1596 ] ] ], [ [ [ 67.3246, 24.2201 ], [ 67.3262, 24.2204 ], [ 67.3271, 24.2165 ], [ 67.3271, 24.2071 ], [ 67.3204, 24.2057 ], [ 67.3187, 24.2065 ], [ 67.3185, 24.2129 ], [ 67.3199, 24.2188 ], [ 67.3174, 24.2213 ], [ 67.3185, 24.2246 ], [ 67.3165, 24.2271 ], [ 67.3232, 24.2293 ], [ 67.3246, 24.2268 ], [ 67.3246, 24.2201 ] ] ], [ [ [ 67.321, 24.2307 ], [ 67.3199, 24.2293 ], [ 67.3185, 24.2293 ], [ 67.3168, 24.2335 ], [ 67.319, 24.2324 ], [ 67.321, 24.2307 ] ] ], [ [ [ 67.2946, 24.3232 ], [ 67.2924, 24.3257 ], [ 67.2926, 24.3276 ], [ 67.2982, 24.3293 ], [ 67.2968, 24.326 ], [ 67.2946, 24.3232 ] ] ], [ [ [ 67.369, 24.3365 ], [ 67.3843, 24.3288 ], [ 67.3968, 24.3185 ], [ 67.4074, 24.3137 ], [ 67.4126, 24.3135 ], [ 67.4199, 24.3082 ], [ 67.4354, 24.304 ], [ 67.4382, 24.2943 ], [ 67.4329, 24.2915 ], [ 67.4224, 24.2926 ], [ 67.4201, 24.2982 ], [ 67.4149, 24.3004 ], [ 67.4121, 24.2993 ], [ 67.411, 24.2962 ], [ 67.4112, 24.289 ], [ 67.4071, 24.2868 ], [ 67.4007, 24.2913 ], [ 67.399, 24.2962 ], [ 67.396, 24.2968 ], [ 67.3882, 24.2888 ], [ 67.3885, 24.281 ], [ 67.376, 24.2738 ], [ 67.3688, 24.2804 ], [ 67.3701, 24.2846 ], [ 67.3696, 24.2899 ], [ 67.3674, 24.281 ], [ 67.3607, 24.2799 ], [ 67.3557, 24.2763 ], [ 67.351, 24.2713 ], [ 67.3451, 24.2604 ], [ 67.3368, 24.2521 ], [ 67.3335, 24.2521 ], [ 67.3332, 24.2501 ], [ 67.3301, 24.2512 ], [ 67.3299, 24.2485 ], [ 67.3226, 24.251 ], [ 67.3174, 24.251 ], [ 67.3168, 24.254 ], [ 67.3112, 24.2576 ], [ 67.3087, 24.2613 ], [ 67.3087, 24.2654 ], [ 67.3063, 24.2668 ], [ 67.3046, 24.2704 ], [ 67.3043, 24.2757 ], [ 67.2996, 24.2818 ], [ 67.3026, 24.2915 ], [ 67.3021, 24.294 ], [ 67.309, 24.2988 ], [ 67.3107, 24.3018 ], [ 67.3085, 24.3057 ], [ 67.3096, 24.3093 ], [ 67.3076, 24.3065 ], [ 67.3093, 24.3015 ], [ 67.3076, 24.299 ], [ 67.3037, 24.2979 ], [ 67.3004, 24.3007 ], [ 67.3004, 24.2985 ], [ 67.2965, 24.2962 ], [ 67.2976, 24.2988 ], [ 67.2965, 24.3026 ], [ 67.3018, 24.3037 ], [ 67.3024, 24.3099 ], [ 67.3076, 24.3124 ], [ 67.3126, 24.3126 ], [ 67.3193, 24.3171 ], [ 67.3196, 24.3193 ], [ 67.3226, 24.3188 ], [ 67.3218, 24.3224 ], [ 67.3196, 24.3215 ], [ 67.3185, 24.3235 ], [ 67.3115, 24.3237 ], [ 67.3112, 24.3274 ], [ 67.316, 24.326 ], [ 67.3143, 24.3276 ], [ 67.3154, 24.3307 ], [ 67.3321, 24.3346 ], [ 67.3363, 24.3385 ], [ 67.341, 24.3399 ], [ 67.3443, 24.339 ], [ 67.3432, 24.3285 ], [ 67.3468, 24.326 ], [ 67.3524, 24.3268 ], [ 67.3535, 24.3276 ], [ 67.346, 24.3271 ], [ 67.344, 24.3318 ], [ 67.3457, 24.3393 ], [ 67.351, 24.3401 ], [ 67.3532, 24.339 ], [ 67.369, 24.3365 ] ] ], [ [ [ 67.4004, 24.3913 ], [ 67.414, 24.384 ], [ 67.4187, 24.3896 ], [ 67.426, 24.3899 ], [ 67.4285, 24.3887 ], [ 67.4251, 24.3843 ], [ 67.4268, 24.3765 ], [ 67.4299, 24.376 ], [ 67.4332, 24.3801 ], [ 67.439, 24.3757 ], [ 67.4349, 24.3701 ], [ 67.4365, 24.3629 ], [ 67.434, 24.3576 ], [ 67.434, 24.3518 ], [ 67.4168, 24.3399 ], [ 67.4174, 24.3351 ], [ 67.4226, 24.3299 ], [ 67.4215, 24.3271 ], [ 67.4051, 24.3249 ], [ 67.3868, 24.3388 ], [ 67.3799, 24.341 ], [ 67.3693, 24.3474 ], [ 67.3704, 24.3513 ], [ 67.3768, 24.351 ], [ 67.3838, 24.3549 ], [ 67.386, 24.3596 ], [ 67.3829, 24.3551 ], [ 67.3768, 24.3518 ], [ 67.3715, 24.3526 ], [ 67.369, 24.3615 ], [ 67.3613, 24.3696 ], [ 67.3654, 24.3782 ], [ 67.3682, 24.3801 ], [ 67.3685, 24.3838 ], [ 67.3721, 24.3815 ], [ 67.3812, 24.3807 ], [ 67.3849, 24.3785 ], [ 67.3899, 24.379 ], [ 67.3901, 24.3749 ], [ 67.3946, 24.376 ], [ 67.3988, 24.371 ], [ 67.4063, 24.3699 ], [ 67.4076, 24.3676 ], [ 67.4068, 24.3704 ], [ 67.399, 24.3718 ], [ 67.3946, 24.3768 ], [ 67.3907, 24.3754 ], [ 67.3899, 24.3799 ], [ 67.3849, 24.3793 ], [ 67.3801, 24.3818 ], [ 67.3721, 24.3824 ], [ 67.3704, 24.384 ], [ 67.3754, 24.3907 ], [ 67.3896, 24.3937 ], [ 67.3943, 24.3926 ], [ 67.4004, 24.3913 ] ] ], [ [ [ 67.3776, 24.4013 ], [ 67.3829, 24.4024 ], [ 67.3865, 24.4015 ], [ 67.3871, 24.3993 ], [ 67.3863, 24.3963 ], [ 67.3774, 24.3949 ], [ 67.3646, 24.389 ], [ 67.3585, 24.3901 ], [ 67.3538, 24.3838 ], [ 67.3515, 24.3838 ], [ 67.3493, 24.3874 ], [ 67.3418, 24.3876 ], [ 67.3435, 24.3932 ], [ 67.3415, 24.3976 ], [ 67.3521, 24.3965 ], [ 67.3568, 24.4037 ], [ 67.3597, 24.4026 ], [ 67.3776, 24.4013 ] ] ], [ [ [ 67.4324, 24.4293 ], [ 67.4321, 24.426 ], [ 67.4399, 24.4218 ], [ 67.4546, 24.4201 ], [ 67.4649, 24.4235 ], [ 67.4668, 24.4215 ], [ 67.466, 24.4121 ], [ 67.4671, 24.4079 ], [ 67.4646, 24.4076 ], [ 67.4626, 24.4029 ], [ 67.4676, 24.399 ], [ 67.4646, 24.3926 ], [ 67.4699, 24.3776 ], [ 67.4646, 24.3732 ], [ 67.4571, 24.3771 ], [ 67.454, 24.3768 ], [ 67.4504, 24.3738 ], [ 67.4476, 24.374 ], [ 67.4407, 24.3643 ], [ 67.4376, 24.3646 ], [ 67.4365, 24.369 ], [ 67.4399, 24.3749 ], [ 67.439, 24.3776 ], [ 67.4451, 24.3824 ], [ 67.4518, 24.3846 ], [ 67.449, 24.3876 ], [ 67.4499, 24.3918 ], [ 67.4476, 24.3918 ], [ 67.4493, 24.3849 ], [ 67.4449, 24.3835 ], [ 67.4382, 24.3779 ], [ 67.4318, 24.3813 ], [ 67.4279, 24.3771 ], [ 67.4265, 24.384 ], [ 67.4293, 24.3865 ], [ 67.4296, 24.3896 ], [ 67.4224, 24.3918 ], [ 67.4129, 24.3882 ], [ 67.4171, 24.3932 ], [ 67.4171, 24.3957 ], [ 67.4115, 24.3988 ], [ 67.4187, 24.4054 ], [ 67.4296, 24.4093 ], [ 67.436, 24.4165 ], [ 67.4382, 24.416 ], [ 67.4379, 24.4182 ], [ 67.4351, 24.4176 ], [ 67.429, 24.4104 ], [ 67.4179, 24.4063 ], [ 67.4104, 24.3999 ], [ 67.4107, 24.3979 ], [ 67.416, 24.3954 ], [ 67.4115, 24.3885 ], [ 67.4001, 24.3946 ], [ 67.3874, 24.3965 ], [ 67.3879, 24.4007 ], [ 67.386, 24.4026 ], [ 67.3674, 24.4029 ], [ 67.3707, 24.4054 ], [ 67.3885, 24.4104 ], [ 67.3929, 24.4179 ], [ 67.4007, 24.424 ], [ 67.3968, 24.4251 ], [ 67.3982, 24.4279 ], [ 67.4015, 24.4251 ], [ 67.4049, 24.4249 ], [ 67.406, 24.4226 ], [ 67.406, 24.4249 ], [ 67.4007, 24.429 ], [ 67.4249, 24.4349 ], [ 67.4296, 24.4338 ], [ 67.4324, 24.4293 ] ] ], [ [ [ 67.4121, 24.0004 ], [ 67.4118, 23.9993 ], [ 67.4082, 24.006 ], [ 67.4099, 24.0046 ], [ 67.4121, 24.0004 ] ] ], [ [ [ 67.4635, 24.0629 ], [ 67.4651, 24.064 ], [ 67.4643, 24.0565 ], [ 67.4682, 24.0479 ], [ 67.4665, 24.0449 ], [ 67.4718, 24.0462 ], [ 67.4726, 24.0435 ], [ 67.4724, 24.0362 ], [ 67.4676, 24.0263 ], [ 67.4682, 24.0165 ], [ 67.456, 24.0101 ], [ 67.4543, 24.0118 ], [ 67.4538, 24.0093 ], [ 67.4512, 24.0096 ], [ 67.4454, 24.0065 ], [ 67.4349, 24.006 ], [ 67.4329, 24.0093 ], [ 67.4329, 24.0063 ], [ 67.4282, 24.0054 ], [ 67.4285, 24.0043 ], [ 67.4265, 24.0046 ], [ 67.4221, 24.0015 ], [ 67.4182, 24.0015 ], [ 67.4185, 24.0074 ], [ 67.4204, 24.0082 ], [ 67.4179, 24.0121 ], [ 67.4182, 24.0149 ], [ 67.4168, 24.0121 ], [ 67.414, 24.0121 ], [ 67.4138, 24.0099 ], [ 67.411, 24.0096 ], [ 67.4107, 24.0065 ], [ 67.409, 24.0068 ], [ 67.4079, 24.0104 ], [ 67.4124, 24.0121 ], [ 67.4112, 24.0187 ], [ 67.4171, 24.0224 ], [ 67.4182, 24.0263 ], [ 67.4154, 24.0238 ], [ 67.4101, 24.0251 ], [ 67.411, 24.0218 ], [ 67.4096, 24.0215 ], [ 67.4099, 24.0199 ], [ 67.4076, 24.0204 ], [ 67.4085, 24.0249 ], [ 67.4054, 24.0301 ], [ 67.4004, 24.0343 ], [ 67.4001, 24.0326 ], [ 67.3976, 24.0343 ], [ 67.3979, 24.0504 ], [ 67.4007, 24.0499 ], [ 67.3996, 24.0468 ], [ 67.4001, 24.046 ], [ 67.4068, 24.0524 ], [ 67.4043, 24.0465 ], [ 67.401, 24.0454 ], [ 67.401, 24.044 ], [ 67.4046, 24.0435 ], [ 67.4037, 24.0413 ], [ 67.4063, 24.0404 ], [ 67.4054, 24.0385 ], [ 67.4063, 24.0368 ], [ 67.4104, 24.044 ], [ 67.414, 24.0432 ], [ 67.4235, 24.0526 ], [ 67.4229, 24.056 ], [ 67.4351, 24.0571 ], [ 67.444, 24.0626 ], [ 67.449, 24.0621 ], [ 67.449, 24.0643 ], [ 67.4546, 24.0671 ], [ 67.4624, 24.0663 ], [ 67.4635, 24.0629 ] ] ], [ [ [ 67.3954, 24.1232 ], [ 67.4074, 24.124 ], [ 67.4104, 24.1226 ], [ 67.4154, 24.1262 ], [ 67.4245, 24.1276 ], [ 67.4265, 24.1251 ], [ 67.426, 24.119 ], [ 67.429, 24.1157 ], [ 67.4279, 24.1079 ], [ 67.4296, 24.0979 ], [ 67.4287, 24.094 ], [ 67.4163, 24.0935 ], [ 67.4079, 24.0901 ], [ 67.4057, 24.0882 ], [ 67.4046, 24.0838 ], [ 67.4018, 24.0821 ], [ 67.4021, 24.0776 ], [ 67.4004, 24.076 ], [ 67.3962, 24.0774 ], [ 67.3899, 24.0768 ], [ 67.386, 24.0807 ], [ 67.3826, 24.0807 ], [ 67.3812, 24.0871 ], [ 67.3863, 24.0901 ], [ 67.3865, 24.0932 ], [ 67.3832, 24.0901 ], [ 67.3801, 24.0918 ], [ 67.3763, 24.0907 ], [ 67.3771, 24.099 ], [ 67.379, 24.1018 ], [ 67.3788, 24.1085 ], [ 67.3771, 24.1113 ], [ 67.3757, 24.1101 ], [ 67.3737, 24.1151 ], [ 67.3746, 24.1168 ], [ 67.3704, 24.1188 ], [ 67.3679, 24.1246 ], [ 67.3704, 24.1282 ], [ 67.3851, 24.1285 ], [ 67.3871, 24.1274 ], [ 67.3954, 24.1232 ] ] ], [ [ [ 67.4424, 24.1285 ], [ 67.446, 24.124 ], [ 67.4454, 24.121 ], [ 67.4426, 24.1193 ], [ 67.4285, 24.1182 ], [ 67.4274, 24.1276 ], [ 67.4351, 24.1349 ], [ 67.4393, 24.1365 ], [ 67.4404, 24.1346 ], [ 67.4424, 24.1285 ] ] ], [ [ [ 67.4804, 24.0349 ], [ 67.4782, 24.0321 ], [ 67.4721, 24.0287 ], [ 67.4701, 24.0293 ], [ 67.4754, 24.0368 ], [ 67.4779, 24.0354 ], [ 67.4804, 24.0349 ] ] ], [ [ [ 67.4732, 24.0532 ], [ 67.4729, 24.0501 ], [ 67.4674, 24.0543 ], [ 67.4668, 24.0576 ], [ 67.4682, 24.0579 ], [ 67.4693, 24.056 ], [ 67.4732, 24.0532 ] ] ], [ [ [ 67.4413, 24.1435 ], [ 67.4401, 24.1429 ], [ 67.4407, 24.1457 ], [ 67.4429, 24.1474 ], [ 67.4424, 24.1457 ], [ 67.4413, 24.1435 ] ] ], [ [ [ 67.4651, 24.2724 ], [ 67.4676, 24.2668 ], [ 67.471, 24.2643 ], [ 67.4779, 24.264 ], [ 67.4812, 24.2679 ], [ 67.4826, 24.2674 ], [ 67.4843, 24.2607 ], [ 67.489, 24.2546 ], [ 67.4876, 24.2493 ], [ 67.4899, 24.2421 ], [ 67.4893, 24.2382 ], [ 67.4846, 24.2371 ], [ 67.4799, 24.2404 ], [ 67.479, 24.2429 ], [ 67.4804, 24.2474 ], [ 67.4782, 24.2493 ], [ 67.4757, 24.249 ], [ 67.4726, 24.2429 ], [ 67.4696, 24.2418 ], [ 67.4646, 24.2429 ], [ 67.4649, 24.2471 ], [ 67.4554, 24.2529 ], [ 67.4482, 24.251 ], [ 67.4465, 24.2488 ], [ 67.4407, 24.2504 ], [ 67.4362, 24.2499 ], [ 67.4287, 24.2451 ], [ 67.441, 24.261 ], [ 67.4404, 24.2685 ], [ 67.4354, 24.2754 ], [ 67.4479, 24.2776 ], [ 67.459, 24.2765 ], [ 67.4651, 24.2724 ] ] ], [ [ [ 67.3782, 24.4124 ], [ 67.3801, 24.4124 ], [ 67.3771, 24.4093 ], [ 67.3751, 24.4093 ], [ 67.376, 24.4099 ], [ 67.3782, 24.4124 ] ] ], [ [ [ 67.3824, 24.4138 ], [ 67.381, 24.4138 ], [ 67.3843, 24.4165 ], [ 67.3835, 24.4151 ], [ 67.3824, 24.4138 ] ] ], [ [ [ 67.3896, 24.4229 ], [ 67.3888, 24.4232 ], [ 67.3921, 24.4257 ], [ 67.391, 24.424 ], [ 67.3896, 24.4229 ] ] ], [ [ [ 67.389, 24.4551 ], [ 67.4018, 24.4529 ], [ 67.4088, 24.4479 ], [ 67.4132, 24.4476 ], [ 67.4135, 24.4449 ], [ 67.406, 24.4393 ], [ 67.4037, 24.4349 ], [ 67.3943, 24.4326 ], [ 67.391, 24.4376 ], [ 67.3938, 24.4399 ], [ 67.3913, 24.4401 ], [ 67.3887, 24.4432 ], [ 67.3868, 24.4507 ], [ 67.3804, 24.451 ], [ 67.3737, 24.4582 ], [ 67.3699, 24.4557 ], [ 67.3707, 24.4629 ], [ 67.3774, 24.4657 ], [ 67.3799, 24.464 ], [ 67.389, 24.4551 ] ] ], [ [ [ 68.5504, 23.9701 ], [ 68.5485, 23.9729 ], [ 68.5524, 23.9735 ], [ 68.5529, 23.9707 ], [ 68.5518, 23.9704 ], [ 68.5504, 23.9701 ] ] ], [ [ [ 68.0454, 24.0126 ], [ 68.0401, 24.0121 ], [ 68.0418, 24.0185 ], [ 68.046, 24.0179 ], [ 68.0454, 24.0126 ] ] ], [ [ [ 67.8974, 24.069 ], [ 67.9068, 24.0646 ], [ 67.9282, 24.0501 ], [ 67.9313, 24.046 ], [ 67.9365, 24.024 ], [ 67.9485, 24.0046 ], [ 67.9518, 23.9974 ], [ 67.9515, 23.9946 ], [ 67.9426, 23.9935 ], [ 67.9368, 23.9901 ], [ 67.9246, 23.9907 ], [ 67.9124, 23.9854 ], [ 67.9065, 23.9918 ], [ 67.8957, 23.996 ], [ 67.8701, 23.9976 ], [ 67.8668, 23.9996 ], [ 67.8654, 24.009 ], [ 67.8685, 24.011 ], [ 67.8785, 24.0124 ], [ 67.8835, 24.0185 ], [ 67.8826, 24.0246 ], [ 67.8757, 24.0368 ], [ 67.8765, 24.0399 ], [ 67.8746, 24.041 ], [ 67.8768, 24.0496 ], [ 67.8732, 24.0554 ], [ 67.8763, 24.0588 ], [ 67.874, 24.0582 ], [ 67.8726, 24.0604 ], [ 67.8788, 24.0682 ], [ 67.8799, 24.0732 ], [ 67.8849, 24.0721 ], [ 67.8974, 24.069 ] ] ], [ [ [ 68.5101, 23.9729 ], [ 68.509, 23.9793 ], [ 68.5054, 23.9868 ], [ 68.5088, 23.9963 ], [ 68.5043, 23.9874 ], [ 68.4971, 23.9968 ], [ 68.4982, 24.0004 ], [ 68.504, 24.0043 ], [ 68.4962, 24.0121 ], [ 68.4776, 24.0113 ], [ 68.4624, 24.0068 ], [ 68.4465, 23.9976 ], [ 68.441, 23.9912 ], [ 68.4376, 23.9921 ], [ 68.4315, 23.9982 ], [ 68.4287, 24.0049 ], [ 68.4293, 23.9988 ], [ 68.4196, 23.9965 ], [ 68.406, 23.9799 ], [ 68.3924, 23.9685 ], [ 68.391, 23.9685 ], [ 68.3871, 23.9746 ], [ 68.3832, 23.9918 ], [ 68.3749, 23.9954 ], [ 68.3635, 23.9935 ], [ 68.3618, 23.9912 ], [ 68.3454, 23.9826 ], [ 68.334, 23.9699 ], [ 68.3285, 23.9565 ], [ 68.3285, 23.9301 ], [ 68.3176, 23.9321 ], [ 68.3076, 23.9371 ], [ 68.3021, 23.9368 ], [ 68.2971, 23.9424 ], [ 68.2913, 23.9443 ], [ 68.2893, 23.9485 ], [ 68.2918, 23.9554 ], [ 68.2893, 23.9585 ], [ 68.2904, 23.9546 ], [ 68.2868, 23.9449 ], [ 68.2715, 23.9371 ], [ 68.2635, 23.931 ], [ 68.2546, 23.9204 ], [ 68.2457, 23.9049 ], [ 68.2326, 23.8976 ], [ 68.2196, 23.8968 ], [ 68.2057, 23.8871 ], [ 68.2024, 23.8882 ], [ 68.1979, 23.8838 ], [ 68.1946, 23.8801 ], [ 68.1979, 23.8718 ], [ 68.1976, 23.8668 ], [ 68.1954, 23.8599 ], [ 68.1918, 23.8551 ], [ 68.1837, 23.8535 ], [ 68.176, 23.8549 ], [ 68.1668, 23.8538 ], [ 68.1615, 23.8549 ], [ 68.1504, 23.8538 ], [ 68.1493, 23.8549 ], [ 68.144, 23.869 ], [ 68.1457, 23.8751 ], [ 68.1532, 23.8857 ], [ 68.1571, 23.899 ], [ 68.1568, 23.9018 ], [ 68.1551, 23.9032 ], [ 68.156, 23.8996 ], [ 68.1513, 23.8838 ], [ 68.1462, 23.8785 ], [ 68.1429, 23.8718 ], [ 68.1426, 23.8682 ], [ 68.1474, 23.8524 ], [ 68.1335, 23.8499 ], [ 68.1285, 23.8504 ], [ 68.1265, 23.8532 ], [ 68.1143, 23.8563 ], [ 68.114, 23.8579 ], [ 68.1143, 23.8757 ], [ 68.1207, 23.8868 ], [ 68.1204, 23.8937 ], [ 68.1249, 23.8974 ], [ 68.1265, 23.9029 ], [ 68.126, 23.9071 ], [ 68.1235, 23.9088 ], [ 68.1232, 23.9154 ], [ 68.1174, 23.9218 ], [ 68.1232, 23.9435 ], [ 68.1229, 23.9471 ], [ 68.1179, 23.9532 ], [ 68.1104, 23.9596 ], [ 68.1085, 23.9599 ], [ 68.1087, 23.9654 ], [ 68.1118, 23.9665 ], [ 68.1129, 23.9699 ], [ 68.1185, 23.971 ], [ 68.1129, 23.9707 ], [ 68.1101, 23.9665 ], [ 68.1079, 23.9668 ], [ 68.1065, 23.9693 ], [ 68.0971, 23.9699 ], [ 68.0974, 23.9821 ], [ 68.0954, 23.9901 ], [ 68.0904, 23.9943 ], [ 68.0876, 24.0021 ], [ 68.079, 24.0096 ], [ 68.0779, 24.0126 ], [ 68.0726, 24.0129 ], [ 68.0657, 24.0165 ], [ 68.0607, 24.0165 ], [ 68.0535, 24.0235 ], [ 68.0546, 24.0379 ], [ 68.0524, 24.0421 ], [ 68.0529, 24.0449 ], [ 68.0493, 24.0438 ], [ 68.0524, 24.0379 ], [ 68.0518, 24.0279 ], [ 68.0482, 24.0307 ], [ 68.0468, 24.026 ], [ 68.0443, 24.026 ], [ 68.0446, 24.0238 ], [ 68.0421, 24.0238 ], [ 68.0374, 24.0121 ], [ 68.0349, 24.0104 ], [ 68.0329, 24.006 ], [ 68.0271, 24.009 ], [ 68.0254, 24.0124 ], [ 68.016, 24.0154 ], [ 68.0151, 24.0176 ], [ 68.0101, 24.0168 ], [ 67.9987, 24.0207 ], [ 67.9946, 24.029 ], [ 67.9943, 24.0374 ], [ 67.991, 24.0374 ], [ 67.9843, 24.0285 ], [ 67.9807, 24.0265 ], [ 67.9743, 24.026 ], [ 67.9718, 24.0226 ], [ 67.9654, 24.0201 ], [ 67.9479, 24.0232 ], [ 67.9465, 24.0238 ], [ 67.9393, 24.0488 ], [ 67.9315, 24.0585 ], [ 67.9196, 24.0643 ], [ 67.9151, 24.0688 ], [ 67.9029, 24.0754 ], [ 67.8818, 24.0829 ], [ 67.866, 24.0854 ], [ 67.8493, 24.0943 ], [ 67.8476, 24.0932 ], [ 67.8435, 24.094 ], [ 67.8412, 24.0918 ], [ 67.8421, 24.0907 ], [ 67.8393, 24.0846 ], [ 67.8404, 24.0824 ], [ 67.8379, 24.0785 ], [ 67.8335, 24.0763 ], [ 67.8157, 24.0749 ], [ 67.8051, 24.0718 ], [ 67.794, 24.0626 ], [ 67.7871, 24.0643 ], [ 67.774, 24.0785 ], [ 67.7615, 24.0799 ], [ 67.7529, 24.0849 ], [ 67.7479, 24.0801 ], [ 67.7479, 24.0713 ], [ 67.7457, 24.0693 ], [ 67.7368, 24.069 ], [ 67.7321, 24.0665 ], [ 67.726, 24.0588 ], [ 67.7257, 24.0546 ], [ 67.7207, 24.0443 ], [ 67.7151, 24.0424 ], [ 67.711, 24.0432 ], [ 67.7021, 24.0499 ], [ 67.6937, 24.0624 ], [ 67.6851, 24.0832 ], [ 67.6799, 24.0882 ], [ 67.6757, 24.0893 ], [ 67.6682, 24.0885 ], [ 67.6593, 24.0801 ], [ 67.6462, 24.0801 ], [ 67.6443, 24.0704 ], [ 67.6413, 24.0654 ], [ 67.6357, 24.0676 ], [ 67.6274, 24.0749 ], [ 67.6221, 24.0765 ], [ 67.6168, 24.0768 ], [ 67.6104, 24.0749 ], [ 67.5685, 24.0807 ], [ 67.5468, 24.0801 ], [ 67.5324, 24.0757 ], [ 67.519, 24.0674 ], [ 67.4974, 24.0496 ], [ 67.4865, 24.0374 ], [ 67.4768, 24.0393 ], [ 67.4732, 24.0488 ], [ 67.4746, 24.0574 ], [ 67.4724, 24.0579 ], [ 67.4668, 24.0763 ], [ 67.4607, 24.0846 ], [ 67.4568, 24.0832 ], [ 67.4551, 24.0832 ], [ 67.4551, 24.0846 ], [ 67.4543, 24.0835 ], [ 67.446, 24.0843 ], [ 67.4407, 24.0812 ], [ 67.4388, 24.0785 ], [ 67.439, 24.0746 ], [ 67.4357, 24.0657 ], [ 67.4329, 24.066 ], [ 67.4321, 24.0707 ], [ 67.431, 24.0707 ], [ 67.4285, 24.0682 ], [ 67.4246, 24.0701 ], [ 67.421, 24.0665 ], [ 67.4168, 24.0663 ], [ 67.4151, 24.0637 ], [ 67.4099, 24.0643 ], [ 67.4099, 24.0665 ], [ 67.4051, 24.0707 ], [ 67.4074, 24.0826 ], [ 67.4165, 24.089 ], [ 67.4229, 24.0874 ], [ 67.4318, 24.089 ], [ 67.4343, 24.0937 ], [ 67.4324, 24.1024 ], [ 67.4335, 24.1132 ], [ 67.4385, 24.1162 ], [ 67.4454, 24.1179 ], [ 67.4479, 24.1207 ], [ 67.4468, 24.1274 ], [ 67.4424, 24.134 ], [ 67.4493, 24.1488 ], [ 67.4454, 24.151 ], [ 67.4443, 24.1543 ], [ 67.4379, 24.1563 ], [ 67.4343, 24.1546 ], [ 67.4326, 24.1496 ], [ 67.431, 24.1501 ], [ 67.4229, 24.1604 ], [ 67.4174, 24.1765 ], [ 67.4204, 24.174 ], [ 67.4226, 24.1679 ], [ 67.4254, 24.1682 ], [ 67.4293, 24.1726 ], [ 67.4326, 24.1704 ], [ 67.4437, 24.1682 ], [ 67.4507, 24.1721 ], [ 67.4476, 24.1726 ], [ 67.4468, 24.171 ], [ 67.4424, 24.1701 ], [ 67.4407, 24.1715 ], [ 67.4346, 24.1704 ], [ 67.4296, 24.174 ], [ 67.4235, 24.1688 ], [ 67.4215, 24.1754 ], [ 67.4187, 24.1782 ], [ 67.4154, 24.1787 ], [ 67.411, 24.186 ], [ 67.401, 24.1865 ], [ 67.3899, 24.1887 ], [ 67.3887, 24.1901 ], [ 67.3879, 24.1885 ], [ 67.381, 24.1854 ], [ 67.3793, 24.186 ], [ 67.376, 24.1907 ], [ 67.3676, 24.1946 ], [ 67.3665, 24.1968 ], [ 67.3674, 24.2046 ], [ 67.3715, 24.209 ], [ 67.3815, 24.2065 ], [ 67.3835, 24.2121 ], [ 67.3882, 24.2104 ], [ 67.3901, 24.211 ], [ 67.3838, 24.2135 ], [ 67.381, 24.2076 ], [ 67.3737, 24.2096 ], [ 67.3749, 24.2135 ], [ 67.3765, 24.2143 ], [ 67.374, 24.2232 ], [ 67.3621, 24.226 ], [ 67.3579, 24.231 ], [ 67.3574, 24.2349 ], [ 67.3626, 24.2365 ], [ 67.3704, 24.2321 ], [ 67.3732, 24.2324 ], [ 67.3832, 24.2282 ], [ 67.3899, 24.2288 ], [ 67.391, 24.2268 ], [ 67.394, 24.2279 ], [ 67.4076, 24.2271 ], [ 67.4129, 24.2296 ], [ 67.4182, 24.2146 ], [ 67.4151, 24.2051 ], [ 67.4157, 24.2007 ], [ 67.4221, 24.1988 ], [ 67.4271, 24.1999 ], [ 67.4285, 24.1932 ], [ 67.4337, 24.1915 ], [ 67.4357, 24.1943 ], [ 67.4413, 24.1968 ], [ 67.4415, 24.2007 ], [ 67.4449, 24.2021 ], [ 67.4493, 24.1988 ], [ 67.4551, 24.1904 ], [ 67.4607, 24.1901 ], [ 67.4624, 24.1938 ], [ 67.4593, 24.191 ], [ 67.4554, 24.1915 ], [ 67.4479, 24.2035 ], [ 67.4415, 24.2029 ], [ 67.439, 24.2113 ], [ 67.444, 24.2151 ], [ 67.4399, 24.214 ], [ 67.4379, 24.2118 ], [ 67.4404, 24.2018 ], [ 67.4382, 24.1976 ], [ 67.4346, 24.1951 ], [ 67.4304, 24.1954 ], [ 67.4313, 24.199 ], [ 67.4293, 24.2021 ], [ 67.4179, 24.2018 ], [ 67.4207, 24.2115 ], [ 67.4265, 24.2121 ], [ 67.4296, 24.219 ], [ 67.4279, 24.2376 ], [ 67.4327, 24.2385 ], [ 67.4296, 24.2407 ], [ 67.4379, 24.2479 ], [ 67.4463, 24.2465 ], [ 67.4557, 24.251 ], [ 67.4613, 24.2463 ], [ 67.4618, 24.239 ], [ 67.4665, 24.2357 ], [ 67.4682, 24.2307 ], [ 67.469, 24.2324 ], [ 67.4676, 24.236 ], [ 67.4629, 24.2396 ], [ 67.4618, 24.2432 ], [ 67.4646, 24.2412 ], [ 67.4713, 24.2407 ], [ 67.4763, 24.2482 ], [ 67.4793, 24.2471 ], [ 67.4782, 24.2407 ], [ 67.4843, 24.2363 ], [ 67.4926, 24.2368 ], [ 67.4935, 24.2385 ], [ 67.491, 24.2396 ], [ 67.4924, 24.2412 ], [ 67.5049, 24.2346 ], [ 67.5038, 24.2371 ], [ 67.491, 24.2426 ], [ 67.4887, 24.2501 ], [ 67.5013, 24.259 ], [ 67.4999, 24.2607 ], [ 67.501, 24.2629 ], [ 67.5057, 24.2635 ], [ 67.5107, 24.2707 ], [ 67.5135, 24.2718 ], [ 67.5093, 24.2721 ], [ 67.5071, 24.266 ], [ 67.5007, 24.2638 ], [ 67.4954, 24.256 ], [ 67.491, 24.2551 ], [ 67.4865, 24.2621 ], [ 67.4835, 24.271 ], [ 67.4815, 24.2713 ], [ 67.4737, 24.2657 ], [ 67.4615, 24.279 ], [ 67.4554, 24.2807 ], [ 67.4413, 24.279 ], [ 67.4351, 24.2801 ], [ 67.4335, 24.2815 ], [ 67.4315, 24.2901 ], [ 67.4396, 24.2938 ], [ 67.4371, 24.301 ], [ 67.4421, 24.3035 ], [ 67.4451, 24.3024 ], [ 67.4488, 24.2979 ], [ 67.4521, 24.2971 ], [ 67.4582, 24.2971 ], [ 67.4635, 24.3001 ], [ 67.466, 24.2988 ], [ 67.469, 24.2932 ], [ 67.4799, 24.2901 ], [ 67.4885, 24.2857 ], [ 67.5007, 24.2901 ], [ 67.5018, 24.2932 ], [ 67.506, 24.2938 ], [ 67.5043, 24.2949 ], [ 67.5038, 24.3029 ], [ 67.5079, 24.306 ], [ 67.5054, 24.3065 ], [ 67.5029, 24.3049 ], [ 67.5026, 24.2954 ], [ 67.4926, 24.2885 ], [ 67.4857, 24.2879 ], [ 67.4779, 24.2921 ], [ 67.4713, 24.2988 ], [ 67.4715, 24.3043 ], [ 67.4685, 24.3087 ], [ 67.4679, 24.3154 ], [ 67.4699, 24.3201 ], [ 67.4812, 24.3182 ], [ 67.4871, 24.3193 ], [ 67.5004, 24.3326 ], [ 67.5121, 24.3388 ], [ 67.5151, 24.3376 ], [ 67.5171, 24.3329 ], [ 67.5201, 24.331 ], [ 67.5232, 24.3304 ], [ 67.5268, 24.3326 ], [ 67.5293, 24.3312 ], [ 67.5265, 24.3168 ], [ 67.5199, 24.3126 ], [ 67.5246, 24.3063 ], [ 67.5271, 24.2996 ], [ 67.5182, 24.284 ], [ 67.519, 24.2829 ], [ 67.5285, 24.3001 ], [ 67.5243, 24.309 ], [ 67.5215, 24.311 ], [ 67.5221, 24.3135 ], [ 67.5268, 24.3157 ], [ 67.5282, 24.3193 ], [ 67.5346, 24.3137 ], [ 67.5379, 24.3154 ], [ 67.5349, 24.3151 ], [ 67.529, 24.3207 ], [ 67.5304, 24.3324 ], [ 67.526, 24.3351 ], [ 67.5229, 24.3399 ], [ 67.5182, 24.3385 ], [ 67.5185, 24.3457 ], [ 67.5137, 24.3482 ], [ 67.5099, 24.3612 ], [ 67.5146, 24.3649 ], [ 67.519, 24.3651 ], [ 67.5321, 24.3713 ], [ 67.5229, 24.369 ], [ 67.5185, 24.3662 ], [ 67.5129, 24.3657 ], [ 67.5093, 24.3626 ], [ 67.5085, 24.3596 ], [ 67.5107, 24.3546 ], [ 67.511, 24.349 ], [ 67.5004, 24.3432 ], [ 67.4957, 24.3354 ], [ 67.4829, 24.3243 ], [ 67.4726, 24.3251 ], [ 67.4632, 24.3318 ], [ 67.4587, 24.3329 ], [ 67.4571, 24.3379 ], [ 67.4632, 24.3407 ], [ 67.4651, 24.3449 ], [ 67.4574, 24.3388 ], [ 67.4526, 24.3404 ], [ 67.4485, 24.3404 ], [ 67.4463, 24.3388 ], [ 67.4451, 24.346 ], [ 67.4499, 24.3538 ], [ 67.4443, 24.346 ], [ 67.4454, 24.3376 ], [ 67.4399, 24.3215 ], [ 67.4351, 24.319 ], [ 67.4324, 24.3246 ], [ 67.4243, 24.326 ], [ 67.4243, 24.3307 ], [ 67.4179, 24.3385 ], [ 67.426, 24.3435 ], [ 67.4307, 24.3487 ], [ 67.4343, 24.3499 ], [ 67.4376, 24.3629 ], [ 67.4418, 24.3632 ], [ 67.4465, 24.3715 ], [ 67.451, 24.3724 ], [ 67.4551, 24.3757 ], [ 67.4593, 24.374 ], [ 67.4565, 24.3643 ], [ 67.4579, 24.3635 ], [ 67.4601, 24.3726 ], [ 67.4668, 24.3721 ], [ 67.4726, 24.3782 ], [ 67.4679, 24.3913 ], [ 67.466, 24.3926 ], [ 67.4696, 24.3971 ], [ 67.4718, 24.3963 ], [ 67.4701, 24.4001 ], [ 67.4668, 24.4029 ], [ 67.4671, 24.4049 ], [ 67.4726, 24.4076 ], [ 67.4701, 24.4146 ], [ 67.4749, 24.4138 ], [ 67.4718, 24.4168 ], [ 67.4721, 24.4226 ], [ 67.4688, 24.4268 ], [ 67.4643, 24.4282 ], [ 67.4501, 24.4257 ], [ 67.4446, 24.4299 ], [ 67.436, 24.4313 ], [ 67.4324, 24.4376 ], [ 67.4287, 24.439 ], [ 67.4246, 24.4396 ], [ 67.4129, 24.4354 ], [ 67.4082, 24.4357 ], [ 67.4093, 24.4393 ], [ 67.4154, 24.4457 ], [ 67.4151, 24.4476 ], [ 67.4068, 24.4504 ], [ 67.4029, 24.4543 ], [ 67.3951, 24.4557 ], [ 67.3835, 24.4629 ], [ 67.3793, 24.4685 ], [ 67.3749, 24.4713 ], [ 67.3688, 24.466 ], [ 67.3624, 24.4665 ], [ 67.3507, 24.4629 ], [ 67.346, 24.4604 ], [ 67.3454, 24.4574 ], [ 67.3412, 24.4546 ], [ 67.3388, 24.4543 ], [ 67.3354, 24.4574 ], [ 67.3313, 24.4585 ], [ 67.3299, 24.4601 ], [ 67.3321, 24.4621 ], [ 67.3326, 24.4674 ], [ 67.3276, 24.4768 ], [ 67.3279, 24.4799 ], [ 67.331, 24.4826 ], [ 67.3343, 24.4732 ], [ 67.3396, 24.4685 ], [ 67.3521, 24.474 ], [ 67.3515, 24.4799 ], [ 67.3551, 24.4818 ], [ 67.3596, 24.489 ], [ 67.3568, 24.5001 ], [ 67.3654, 24.5085 ], [ 67.3685, 24.5143 ], [ 67.371, 24.5254 ], [ 67.3746, 24.5304 ], [ 67.3785, 24.5318 ], [ 67.3782, 24.5371 ], [ 67.3807, 24.5379 ], [ 67.3776, 24.539 ], [ 67.3763, 24.5376 ], [ 67.3774, 24.5338 ], [ 67.3701, 24.5279 ], [ 67.3618, 24.5365 ], [ 67.3593, 24.5385 ], [ 67.3568, 24.5379 ], [ 67.354, 24.5424 ], [ 67.3438, 24.5485 ], [ 67.3404, 24.5482 ], [ 67.3363, 24.5451 ], [ 67.3279, 24.5451 ], [ 67.3118, 24.5535 ], [ 67.3015, 24.5546 ], [ 67.301, 24.5557 ], [ 67.3063, 24.5601 ], [ 67.3065, 24.5629 ], [ 67.2971, 24.5757 ], [ 67.3026, 24.5826 ], [ 67.3104, 24.5729 ], [ 67.3129, 24.571 ], [ 67.3157, 24.5715 ], [ 67.3201, 24.5765 ], [ 67.3226, 24.5888 ], [ 67.3254, 24.5885 ], [ 67.3271, 24.586 ], [ 67.3313, 24.5868 ], [ 67.3329, 24.5857 ], [ 67.3404, 24.5882 ], [ 67.3493, 24.5807 ], [ 67.3554, 24.5815 ], [ 67.3549, 24.5829 ], [ 67.3496, 24.5818 ], [ 67.3443, 24.5874 ], [ 67.3399, 24.5896 ], [ 67.3418, 24.599 ], [ 67.3407, 24.6101 ], [ 67.3435, 24.6126 ], [ 67.3504, 24.6121 ], [ 67.3504, 24.6165 ], [ 67.3526, 24.6168 ], [ 67.3576, 24.6046 ], [ 67.3518, 24.6001 ], [ 67.3574, 24.6035 ], [ 67.3593, 24.6021 ], [ 67.3601, 24.6035 ], [ 67.3643, 24.6021 ], [ 67.3726, 24.6029 ], [ 67.3737, 24.6013 ], [ 67.3829, 24.604 ], [ 67.3835, 24.6065 ], [ 67.3779, 24.6082 ], [ 67.3737, 24.6115 ], [ 67.3771, 24.6179 ], [ 67.3771, 24.629 ], [ 67.3785, 24.6318 ], [ 67.3899, 24.6307 ], [ 67.4004, 24.6338 ], [ 67.4013, 24.6318 ], [ 67.4051, 24.6315 ], [ 67.4129, 24.6399 ], [ 67.424, 24.6351 ], [ 67.4349, 24.6363 ], [ 67.4393, 24.6351 ], [ 67.4446, 24.639 ], [ 67.4457, 24.6421 ], [ 67.4426, 24.6468 ], [ 67.4382, 24.6485 ], [ 67.4307, 24.6629 ], [ 67.421, 24.6668 ], [ 67.4171, 24.6732 ], [ 67.4185, 24.6754 ], [ 67.4335, 24.6774 ], [ 67.4374, 24.681 ], [ 67.4362, 24.6868 ], [ 67.429, 24.6968 ], [ 67.4238, 24.7021 ], [ 67.4176, 24.704 ], [ 67.4115, 24.7043 ], [ 67.4001, 24.6985 ], [ 67.396, 24.701 ], [ 67.389, 24.7001 ], [ 67.3874, 24.7021 ], [ 67.3932, 24.7129 ], [ 67.4074, 24.711 ], [ 67.4115, 24.7129 ], [ 67.4179, 24.711 ], [ 67.4196, 24.7124 ], [ 67.4179, 24.7138 ], [ 67.4143, 24.7132 ], [ 67.4132, 24.7154 ], [ 67.4096, 24.7132 ], [ 67.4026, 24.7129 ], [ 67.3974, 24.7146 ], [ 67.3876, 24.7146 ], [ 67.3807, 24.7107 ], [ 67.3788, 24.7157 ], [ 67.3835, 24.7249 ], [ 67.3851, 24.7254 ], [ 67.3885, 24.7229 ], [ 67.3926, 24.724 ], [ 67.3876, 24.724 ], [ 67.3835, 24.7274 ], [ 67.3821, 24.7307 ], [ 67.3829, 24.734 ], [ 67.3913, 24.7368 ], [ 67.4074, 24.7363 ], [ 67.4124, 24.7468 ], [ 67.4212, 24.7426 ], [ 67.4238, 24.7429 ], [ 67.424, 24.7488 ], [ 67.4279, 24.7532 ], [ 67.4287, 24.7579 ], [ 67.4315, 24.7621 ], [ 67.4301, 24.7693 ], [ 67.4279, 24.7713 ], [ 67.4243, 24.7665 ], [ 67.4201, 24.7671 ], [ 67.4146, 24.7704 ], [ 67.4107, 24.7771 ], [ 67.4074, 24.7796 ], [ 67.3999, 24.7785 ], [ 67.3943, 24.7743 ], [ 67.3924, 24.7754 ], [ 67.386, 24.7732 ], [ 67.3804, 24.7815 ], [ 67.3735, 24.7826 ], [ 67.369, 24.781 ], [ 67.3607, 24.774 ], [ 67.356, 24.774 ], [ 67.3524, 24.7763 ], [ 67.3476, 24.7751 ], [ 67.3468, 24.7768 ], [ 67.3431, 24.7774 ], [ 67.3376, 24.7701 ], [ 67.3282, 24.7643 ], [ 67.3199, 24.7732 ], [ 67.3215, 24.7766 ], [ 67.3215, 24.7829 ], [ 67.3201, 24.7829 ], [ 67.321, 24.7796 ], [ 67.3199, 24.7785 ], [ 67.3165, 24.7779 ], [ 67.3132, 24.7799 ], [ 67.3076, 24.7763 ], [ 67.3049, 24.7768 ], [ 67.3043, 24.7782 ], [ 67.3082, 24.7776 ], [ 67.3121, 24.7801 ], [ 67.3118, 24.7851 ], [ 67.2971, 24.7835 ], [ 67.2949, 24.7899 ], [ 67.2949, 24.7965 ], [ 67.2921, 24.799 ], [ 67.2913, 24.7985 ], [ 67.294, 24.7965 ], [ 67.2946, 24.7832 ], [ 67.2868, 24.7832 ], [ 67.2857, 24.7854 ], [ 67.2774, 24.7899 ], [ 67.2646, 24.7904 ], [ 67.2604, 24.7921 ], [ 67.2474, 24.7849 ], [ 67.2435, 24.7843 ], [ 67.2421, 24.7862 ], [ 67.2429, 24.7893 ], [ 67.2387, 24.7907 ], [ 67.236, 24.7885 ], [ 67.2285, 24.789 ], [ 67.2207, 24.7951 ], [ 67.2171, 24.8001 ], [ 67.2149, 24.8007 ], [ 67.2151, 24.804 ], [ 67.2135, 24.8035 ], [ 67.2126, 24.8051 ], [ 67.2165, 24.8107 ], [ 67.2143, 24.8129 ], [ 67.2118, 24.8115 ], [ 67.2038, 24.8132 ], [ 67.1996, 24.809 ], [ 67.2057, 24.8074 ], [ 67.2049, 24.8021 ], [ 67.2004, 24.7982 ], [ 67.2012, 24.804 ], [ 67.1982, 24.8051 ], [ 67.194, 24.8032 ], [ 67.1913, 24.8057 ], [ 67.1849, 24.8065 ], [ 67.1801, 24.8026 ], [ 67.1718, 24.8026 ], [ 67.1715, 24.7999 ], [ 67.1738, 24.7971 ], [ 67.1779, 24.7993 ], [ 67.184, 24.7993 ], [ 67.184, 24.8029 ], [ 67.189, 24.8029 ], [ 67.1915, 24.8007 ], [ 67.1915, 24.7974 ], [ 67.1865, 24.7946 ], [ 67.1799, 24.7951 ], [ 67.1849, 24.7918 ], [ 67.1824, 24.789 ], [ 67.1771, 24.7915 ], [ 67.1712, 24.7862 ], [ 67.1687, 24.7887 ], [ 67.1593, 24.7921 ], [ 67.1501, 24.7935 ], [ 67.1442, 24.7883 ], [ 67.1451, 24.7865 ], [ 67.1413, 24.7868 ], [ 67.1426, 24.7826 ], [ 67.1407, 24.7804 ], [ 67.1321, 24.7801 ], [ 67.1224, 24.7771 ], [ 67.1171, 24.7796 ], [ 67.116, 24.784 ], [ 67.1101, 24.7879 ], [ 67.1082, 24.7935 ], [ 67.1065, 24.7915 ], [ 67.1024, 24.7907 ], [ 67.1015, 24.7887 ], [ 67.099, 24.7901 ], [ 67.0932, 24.7899 ], [ 67.0904, 24.7929 ], [ 67.0879, 24.7932 ], [ 67.084, 24.7999 ], [ 67.0799, 24.8024 ], [ 67.081, 24.806 ], [ 67.0857, 24.8082 ], [ 67.0854, 24.8132 ], [ 67.0837, 24.8135 ], [ 67.0818, 24.8126 ], [ 67.0799, 24.8082 ], [ 67.0788, 24.7996 ], [ 67.0829, 24.7907 ], [ 67.0904, 24.7865 ], [ 67.0996, 24.7754 ], [ 67.1026, 24.7746 ], [ 67.1012, 24.7699 ], [ 67.1038, 24.7674 ], [ 67.1049, 24.7618 ], [ 67.104, 24.7601 ], [ 67.0907, 24.7538 ], [ 67.0882, 24.7504 ], [ 67.0813, 24.7476 ], [ 67.0676, 24.7588 ], [ 67.0526, 24.7751 ], [ 67.0535, 24.7793 ], [ 67.0415, 24.7926 ], [ 67.0249, 24.806 ], [ 67.0126, 24.811 ], [ 66.9943, 24.8129 ], [ 66.9929, 24.8146 ], [ 66.9863, 24.8143 ], [ 66.9804, 24.8088 ], [ 66.9835, 24.8032 ], [ 66.9843, 24.799 ], [ 66.9837, 24.7979 ], [ 66.9785, 24.8074 ], [ 66.9776, 24.8118 ], [ 66.9729, 24.8137 ], [ 66.9732, 24.8221 ], [ 66.9754, 24.8274 ], [ 66.979, 24.831 ], [ 66.9824, 24.8396 ], [ 66.9887, 24.8421 ], [ 66.9893, 24.8443 ], [ 66.9804, 24.8421 ], [ 66.9713, 24.8257 ], [ 66.9685, 24.826 ], [ 66.9688, 24.8315 ], [ 66.9749, 24.8446 ], [ 66.9743, 24.8482 ], [ 66.9818, 24.8549 ], [ 66.974, 24.8557 ], [ 66.9713, 24.8521 ], [ 66.969, 24.8524 ], [ 66.9651, 24.8601 ], [ 66.9679, 24.8657 ], [ 66.9668, 24.8704 ], [ 66.9629, 24.8696 ], [ 66.9568, 24.8651 ], [ 66.9568, 24.8629 ], [ 66.9593, 24.8626 ], [ 66.9546, 24.8601 ], [ 66.9526, 24.8604 ], [ 66.9504, 24.8643 ], [ 66.9396, 24.8635 ], [ 66.939, 24.8585 ], [ 66.9299, 24.8532 ], [ 66.9279, 24.8551 ], [ 66.9196, 24.8546 ], [ 66.916, 24.859 ], [ 66.9154, 24.8565 ], [ 66.9176, 24.8529 ], [ 66.9154, 24.8513 ], [ 66.9165, 24.8476 ], [ 66.9143, 24.846 ], [ 66.914, 24.8418 ], [ 66.9224, 24.8338 ], [ 66.9299, 24.8385 ], [ 66.9396, 24.8393 ], [ 66.9504, 24.8296 ], [ 66.9593, 24.8254 ], [ 66.9629, 24.826 ], [ 66.9618, 24.8218 ], [ 66.9579, 24.8218 ], [ 66.9538, 24.8196 ], [ 66.9579, 24.821 ], [ 66.9651, 24.8199 ], [ 66.9632, 24.8157 ], [ 66.9607, 24.8151 ], [ 66.9599, 24.8121 ], [ 66.9629, 24.8101 ], [ 66.9679, 24.8104 ], [ 66.9682, 24.8057 ], [ 66.9735, 24.8015 ], [ 66.9815, 24.7912 ], [ 66.9821, 24.7846 ], [ 66.9807, 24.7882 ], [ 66.9785, 24.789 ], [ 66.9729, 24.7962 ], [ 66.9649, 24.7988 ], [ 66.9304, 24.8285 ], [ 66.9124, 24.8401 ], [ 66.9035, 24.8446 ], [ 66.8982, 24.8429 ], [ 66.8915, 24.8479 ], [ 66.8726, 24.8565 ], [ 66.854, 24.8613 ], [ 66.8346, 24.859 ], [ 66.8229, 24.844 ], [ 66.8226, 24.8379 ], [ 66.8199, 24.8396 ], [ 66.8193, 24.8382 ], [ 66.8157, 24.8396 ], [ 66.8146, 24.8385 ], [ 66.8001, 24.8451 ], [ 66.7924, 24.8451 ], [ 66.7854, 24.8429 ], [ 66.7835, 24.8429 ], [ 66.7835, 24.8449 ], [ 66.7796, 24.8446 ], [ 66.7754, 24.8418 ], [ 66.7643, 24.8493 ], [ 66.7513, 24.8521 ], [ 66.7312, 24.8412 ], [ 66.7318, 24.8393 ], [ 66.7271, 24.8351 ], [ 66.7254, 24.8351 ], [ 66.7251, 24.8382 ], [ 66.719, 24.8382 ], [ 66.7063, 24.8318 ], [ 66.6865, 24.831 ], [ 66.6721, 24.8249 ], [ 66.6646, 24.8257 ], [ 66.6532, 24.8379 ], [ 66.6607, 24.8401 ], [ 66.6599, 24.8501 ], [ 66.6574, 24.8515 ], [ 66.6582, 24.8557 ], [ 66.6696, 24.864 ], [ 66.6787, 24.8771 ], [ 66.6846, 24.881 ], [ 66.6935, 24.8801 ], [ 66.7018, 24.8876 ], [ 66.7035, 24.8876 ], [ 66.7068, 24.8826 ], [ 66.7201, 24.8857 ], [ 66.7199, 24.8882 ], [ 66.7149, 24.886 ], [ 66.7085, 24.886 ], [ 66.7065, 24.8871 ], [ 66.7065, 24.8896 ], [ 66.7165, 24.8993 ], [ 66.7182, 24.9029 ], [ 66.7215, 24.9049 ], [ 66.7196, 24.9099 ], [ 66.7237, 24.919 ], [ 66.7265, 24.9207 ], [ 66.7232, 24.9212 ], [ 66.7204, 24.9182 ], [ 66.7157, 24.9065 ], [ 66.7104, 24.9007 ], [ 66.7071, 24.8987 ], [ 66.701, 24.8982 ], [ 66.6946, 24.8946 ], [ 66.6926, 24.8926 ], [ 66.6943, 24.8885 ], [ 66.6932, 24.8876 ], [ 66.6915, 24.8971 ], [ 66.6879, 24.9024 ], [ 66.6885, 24.9057 ], [ 66.684, 24.9132 ], [ 66.6807, 24.9265 ], [ 66.6771, 24.9329 ], [ 66.6771, 24.9365 ], [ 66.6787, 24.9415 ], [ 66.6818, 24.944 ], [ 66.6965, 24.9479 ], [ 66.7018, 24.956 ], [ 66.7024, 24.9907 ], [ 66.7007, 24.9988 ], [ 66.7085, 25.009 ], [ 66.7107, 25.0154 ], [ 66.7113, 25.0226 ], [ 66.7085, 25.0362 ], [ 66.7118, 25.0449 ], [ 66.7124, 25.051 ], [ 66.7071, 25.0738 ], [ 66.7012, 25.0868 ], [ 66.7068, 25.0915 ], [ 66.7107, 25.0901 ], [ 66.7135, 25.0932 ], [ 66.7146, 25.0979 ], [ 66.7171, 25.099 ], [ 66.7143, 25.1101 ], [ 66.7149, 25.1149 ], [ 66.7196, 25.1193 ], [ 66.721, 25.1171 ], [ 66.7271, 25.1182 ], [ 66.7346, 25.1249 ], [ 66.7368, 25.1399 ], [ 66.7401, 25.1463 ], [ 66.741, 25.1521 ], [ 66.7435, 25.1585 ], [ 66.7501, 25.1662 ], [ 66.7499, 25.1754 ], [ 66.7465, 25.1857 ], [ 66.7421, 25.1943 ], [ 66.7221, 25.221 ], [ 66.6999, 25.2457 ], [ 66.6849, 25.2599 ], [ 66.6129, 25.3174 ], [ 66.5599, 25.3479 ], [ 66.5493, 25.3626 ], [ 66.5468, 25.3804 ], [ 66.5488, 25.384 ], [ 66.5532, 25.3815 ], [ 66.5529, 25.3779 ], [ 66.5549, 25.3776 ], [ 66.559, 25.3885 ], [ 66.5629, 25.3874 ], [ 66.5654, 25.3824 ], [ 66.5685, 25.3829 ], [ 66.5707, 25.3815 ], [ 66.574, 25.3846 ], [ 66.5715, 25.3879 ], [ 66.5657, 25.3879 ], [ 66.5713, 25.3907 ], [ 66.5687, 25.3921 ], [ 66.569, 25.394 ], [ 66.5729, 25.3926 ], [ 66.5743, 25.3946 ], [ 66.5699, 25.3968 ], [ 66.5701, 25.4001 ], [ 66.5726, 25.4026 ], [ 66.569, 25.4018 ], [ 66.5685, 25.4074 ], [ 66.5663, 25.3996 ], [ 66.5607, 25.3993 ], [ 66.5615, 25.396 ], [ 66.5551, 25.3993 ], [ 66.5579, 25.4018 ], [ 66.5565, 25.4068 ], [ 66.5601, 25.409 ], [ 66.5629, 25.4196 ], [ 66.5651, 25.4193 ], [ 66.5663, 25.4132 ], [ 66.569, 25.4129 ], [ 66.5743, 25.4204 ], [ 66.5815, 25.4254 ], [ 66.5818, 25.429 ], [ 66.5857, 25.4307 ], [ 66.5788, 25.4382 ], [ 66.5649, 25.4446 ], [ 66.5618, 25.4493 ], [ 66.5604, 25.4488 ], [ 66.5601, 25.451 ], [ 66.5593, 25.4488 ], [ 66.5587, 25.4524 ], [ 66.5629, 25.4593 ], [ 66.564, 25.4657 ], [ 66.5621, 25.4804 ], [ 66.5504, 25.4946 ], [ 66.5488, 25.4938 ], [ 66.5376, 25.5004 ], [ 66.5368, 25.5068 ], [ 66.5426, 25.5115 ], [ 66.5379, 25.511 ], [ 66.5287, 25.5043 ], [ 66.5207, 25.509 ], [ 66.5251, 25.5126 ], [ 66.5193, 25.5113 ], [ 66.5176, 25.5093 ], [ 66.5143, 25.5101 ], [ 66.5135, 25.5129 ], [ 66.5062, 25.5129 ], [ 66.5049, 25.5157 ], [ 66.4918, 25.5182 ], [ 66.4904, 25.519 ], [ 66.4915, 25.5215 ], [ 66.4899, 25.5196 ], [ 66.484, 25.5204 ], [ 66.4815, 25.5187 ], [ 66.4793, 25.5187 ], [ 66.479, 25.5201 ], [ 66.4785, 25.5187 ], [ 66.4732, 25.5196 ], [ 66.4721, 25.5218 ], [ 66.4715, 25.5201 ], [ 66.4701, 25.5204 ], [ 66.4674, 25.5221 ], [ 66.4674, 25.5274 ], [ 66.469, 25.5299 ], [ 66.4721, 25.5307 ], [ 66.4724, 25.5326 ], [ 66.469, 25.5307 ], [ 66.4688, 25.5343 ], [ 66.4729, 25.536 ], [ 66.4726, 25.5387 ], [ 66.4715, 25.5362 ], [ 66.4679, 25.5351 ], [ 66.4654, 25.5282 ], [ 66.4657, 25.5226 ], [ 66.4715, 25.5193 ], [ 66.4715, 25.5171 ], [ 66.4538, 25.5165 ], [ 66.4501, 25.5149 ], [ 66.4504, 25.5176 ], [ 66.4493, 25.5179 ], [ 66.4479, 25.5146 ], [ 66.4432, 25.5115 ], [ 66.4379, 25.5115 ], [ 66.426, 25.5207 ], [ 66.4262, 25.5224 ], [ 66.4307, 25.5232 ], [ 66.4354, 25.5265 ], [ 66.4374, 25.5313 ], [ 66.4399, 25.5387 ], [ 66.4346, 25.5435 ], [ 66.436, 25.5465 ], [ 66.4315, 25.5446 ], [ 66.4235, 25.5485 ], [ 66.4215, 25.551 ], [ 66.4193, 25.5488 ], [ 66.4182, 25.5426 ], [ 66.414, 25.5404 ], [ 66.414, 25.5343 ], [ 66.4107, 25.5304 ], [ 66.4065, 25.5293 ], [ 66.3982, 25.5329 ], [ 66.394, 25.5354 ], [ 66.3924, 25.5421 ], [ 66.399, 25.5454 ], [ 66.401, 25.5479 ], [ 66.4015, 25.5529 ], [ 66.4099, 25.559 ], [ 66.399, 25.5679 ], [ 66.3982, 25.5785 ], [ 66.3965, 25.5799 ], [ 66.3949, 25.579 ], [ 66.3932, 25.5818 ], [ 66.3793, 25.5851 ], [ 66.3774, 25.5879 ], [ 66.3754, 25.5876 ], [ 66.3665, 25.5932 ], [ 66.3618, 25.5926 ], [ 66.3562, 25.5943 ], [ 66.354, 25.5929 ], [ 66.3524, 25.5951 ], [ 66.3454, 25.5957 ], [ 66.3429, 25.5974 ], [ 66.3324, 25.5974 ], [ 66.3285, 25.5937 ], [ 66.3085, 25.594 ], [ 66.3104, 25.5912 ], [ 66.3015, 25.5912 ], [ 66.2926, 25.5943 ], [ 66.2896, 25.5935 ], [ 66.289, 25.5904 ], [ 66.2765, 25.5871 ], [ 66.2735, 25.5851 ], [ 66.2707, 25.5804 ], [ 66.2696, 25.5824 ], [ 66.2674, 25.5824 ], [ 66.264, 25.5768 ], [ 66.2579, 25.5729 ], [ 66.259, 25.5707 ], [ 66.2624, 25.5707 ], [ 66.2621, 25.5685 ], [ 66.2596, 25.5682 ], [ 66.259, 25.5624 ], [ 66.2637, 25.5601 ], [ 66.2582, 25.5582 ], [ 66.2457, 25.549 ], [ 66.2482, 25.5479 ], [ 66.249, 25.5454 ], [ 66.2671, 25.5468 ], [ 66.2699, 25.5488 ], [ 66.2749, 25.5479 ], [ 66.2768, 25.546 ], [ 66.281, 25.5501 ], [ 66.2843, 25.5454 ], [ 66.286, 25.5474 ], [ 66.2885, 25.5451 ], [ 66.289, 25.5421 ], [ 66.3213, 25.5401 ], [ 66.3282, 25.5413 ], [ 66.3343, 25.5488 ], [ 66.3457, 25.5482 ], [ 66.3499, 25.5457 ], [ 66.3496, 25.5371 ], [ 66.3532, 25.5276 ], [ 66.3596, 25.5235 ], [ 66.3635, 25.5229 ], [ 66.3701, 25.5232 ], [ 66.3801, 25.5279 ], [ 66.3846, 25.5274 ], [ 66.3865, 25.5246 ], [ 66.394, 25.5204 ], [ 66.3962, 25.5143 ], [ 66.4021, 25.5088 ], [ 66.401, 25.5074 ], [ 66.404, 25.5071 ], [ 66.406, 25.5046 ], [ 66.4082, 25.4965 ], [ 66.4146, 25.494 ], [ 66.4254, 25.4851 ], [ 66.4301, 25.4835 ], [ 66.4437, 25.484 ], [ 66.4568, 25.4932 ], [ 66.4693, 25.4943 ], [ 66.4857, 25.4982 ], [ 66.494, 25.4979 ], [ 66.5043, 25.494 ], [ 66.524, 25.491 ], [ 66.5251, 25.484 ], [ 66.5226, 25.4837 ], [ 66.5226, 25.4854 ], [ 66.5207, 25.4854 ], [ 66.5215, 25.4832 ], [ 66.5249, 25.4826 ], [ 66.5268, 25.4793 ], [ 66.5282, 25.4818 ], [ 66.5329, 25.481 ], [ 66.5321, 25.4779 ], [ 66.5282, 25.476 ], [ 66.5307, 25.471 ], [ 66.5301, 25.4621 ], [ 66.5315, 25.4582 ], [ 66.526, 25.4401 ], [ 66.519, 25.4368 ], [ 66.5149, 25.4385 ], [ 66.5165, 25.4346 ], [ 66.5126, 25.4329 ], [ 66.5085, 25.4329 ], [ 66.5068, 25.4363 ], [ 66.4885, 25.4371 ], [ 66.4993, 25.4304 ], [ 66.5079, 25.4293 ], [ 66.5113, 25.4276 ], [ 66.5121, 25.4246 ], [ 66.5179, 25.4246 ], [ 66.5232, 25.4207 ], [ 66.5257, 25.4182 ], [ 66.5257, 25.4154 ], [ 66.5221, 25.4101 ], [ 66.5215, 25.4049 ], [ 66.5068, 25.4018 ], [ 66.4971, 25.4032 ], [ 66.4868, 25.4096 ], [ 66.471, 25.4129 ], [ 66.4643, 25.4176 ], [ 66.4135, 25.441 ], [ 66.3712, 25.4568 ], [ 66.3468, 25.4626 ], [ 66.3246, 25.466 ], [ 66.2851, 25.4682 ], [ 66.2515, 25.4649 ], [ 66.219, 25.4596 ], [ 66.1837, 25.4571 ], [ 66.109, 25.4482 ], [ 66.1026, 25.4471 ], [ 66.0971, 25.4429 ], [ 66.054, 25.431 ], [ 66.0276, 25.4251 ], [ 65.9679, 25.4157 ], [ 65.9135, 25.4143 ], [ 65.8268, 25.4199 ], [ 65.8099, 25.4135 ], [ 65.8021, 25.4074 ], [ 65.8007, 25.4043 ], [ 65.799, 25.4043 ], [ 65.7974, 25.3982 ], [ 65.7921, 25.396 ], [ 65.7879, 25.3918 ], [ 65.779, 25.3913 ], [ 65.7726, 25.3838 ], [ 65.7649, 25.384 ], [ 65.7646, 25.3826 ], [ 65.7604, 25.3818 ], [ 65.7429, 25.3804 ], [ 65.7279, 25.3757 ], [ 65.7157, 25.3757 ], [ 65.7151, 25.3735 ], [ 65.7121, 25.3718 ], [ 65.7057, 25.3732 ], [ 65.6976, 25.3707 ], [ 65.6946, 25.3682 ], [ 65.6754, 25.3665 ], [ 65.6643, 25.3615 ], [ 65.6588, 25.3607 ], [ 65.6565, 25.3579 ], [ 65.6407, 25.354 ], [ 65.6307, 25.3537 ], [ 65.6057, 25.3576 ], [ 65.5271, 25.3754 ], [ 65.5137, 25.3762 ], [ 65.5107, 25.3779 ], [ 65.5032, 25.3759 ], [ 65.4604, 25.3915 ], [ 65.4499, 25.3868 ], [ 65.4496, 25.3849 ], [ 65.4463, 25.3857 ], [ 65.4454, 25.3843 ], [ 65.4393, 25.3838 ], [ 65.4351, 25.3801 ], [ 65.4296, 25.3801 ], [ 65.4268, 25.3768 ], [ 65.4238, 25.3771 ], [ 65.4218, 25.3746 ], [ 65.4179, 25.3732 ], [ 65.4163, 25.3746 ], [ 65.4165, 25.3765 ], [ 65.4099, 25.3754 ], [ 65.4101, 25.3768 ], [ 65.3868, 25.3826 ], [ 65.3674, 25.3851 ], [ 65.3463, 25.3779 ], [ 65.2921, 25.3801 ], [ 65.2701, 25.3793 ], [ 65.2693, 25.3779 ], [ 65.2599, 25.3765 ], [ 65.2496, 25.3726 ], [ 65.2426, 25.3643 ], [ 65.2421, 25.3549 ], [ 65.2363, 25.339 ], [ 65.229, 25.3332 ], [ 65.2263, 25.3254 ], [ 65.2243, 25.324 ], [ 65.2271, 25.3185 ], [ 65.2265, 25.3151 ], [ 65.2246, 25.316 ], [ 65.2215, 25.3129 ], [ 65.2179, 25.3121 ], [ 65.2129, 25.3129 ], [ 65.2107, 25.3104 ], [ 65.201, 25.3113 ], [ 65.1954, 25.3093 ], [ 65.1951, 25.3065 ], [ 65.1921, 25.3035 ], [ 65.1557, 25.3051 ], [ 65.1446, 25.3018 ], [ 65.1293, 25.3037 ], [ 65.1151, 25.3021 ], [ 65.1071, 25.3049 ], [ 65.0963, 25.306 ], [ 65.0946, 25.3076 ], [ 65.0896, 25.3071 ], [ 65.0446, 25.316 ], [ 65.0446, 25.3174 ], [ 65.0415, 25.3165 ], [ 65.0166, 25.3205 ], [ 64.9835, 25.321 ], [ 64.9201, 25.326 ], [ 64.8493, 25.3262 ], [ 64.7668, 25.3199 ], [ 64.7229, 25.3135 ], [ 64.6915, 25.3043 ], [ 64.6718, 25.2932 ], [ 64.6624, 25.2849 ], [ 64.6449, 25.2618 ], [ 64.639, 25.2465 ], [ 64.6368, 25.2343 ], [ 64.6379, 25.2124 ], [ 64.6393, 25.2082 ], [ 64.6413, 25.2074 ], [ 64.6415, 25.2024 ], [ 64.6476, 25.2004 ], [ 64.6515, 25.2026 ], [ 64.6738, 25.2035 ], [ 64.6738, 25.2051 ], [ 64.676, 25.2057 ], [ 64.6768, 25.2021 ], [ 64.6704, 25.1999 ], [ 64.6712, 25.1938 ], [ 64.6729, 25.1926 ], [ 64.6807, 25.1932 ], [ 64.6804, 25.1968 ], [ 64.6829, 25.1996 ], [ 64.6854, 25.1996 ], [ 64.6882, 25.1943 ], [ 64.6876, 25.1918 ], [ 64.6965, 25.1899 ], [ 64.6974, 25.1868 ], [ 64.6943, 25.1832 ], [ 64.6904, 25.181 ], [ 64.6701, 25.1785 ], [ 64.6676, 25.1763 ], [ 64.6579, 25.1738 ], [ 64.6335, 25.1699 ], [ 64.6257, 25.1649 ], [ 64.6188, 25.1657 ], [ 64.6135, 25.1629 ], [ 64.6062, 25.1624 ], [ 64.6021, 25.159 ], [ 64.5951, 25.1579 ], [ 64.5949, 25.1549 ], [ 64.5899, 25.1546 ], [ 64.5826, 25.1571 ], [ 64.5771, 25.1682 ], [ 64.5776, 25.1774 ], [ 64.5835, 25.1818 ], [ 64.5924, 25.1815 ], [ 64.5938, 25.1843 ], [ 64.5949, 25.1838 ], [ 64.5985, 25.1951 ], [ 64.6046, 25.2007 ], [ 64.6176, 25.206 ], [ 64.6179, 25.2196 ], [ 64.6104, 25.234 ], [ 64.6021, 25.2438 ], [ 64.5818, 25.2588 ], [ 64.5732, 25.2626 ], [ 64.5415, 25.2721 ], [ 64.5121, 25.2746 ], [ 64.5076, 25.2735 ], [ 64.506, 25.2693 ], [ 64.4976, 25.2654 ], [ 64.4896, 25.2629 ], [ 64.4871, 25.264 ], [ 64.4812, 25.2629 ], [ 64.4768, 25.2604 ], [ 64.4726, 25.2549 ], [ 64.4743, 25.2543 ], [ 64.476, 25.2488 ], [ 64.4782, 25.2468 ], [ 64.4726, 25.2438 ], [ 64.4546, 25.2401 ], [ 64.4496, 25.241 ], [ 64.4446, 25.2393 ], [ 64.4021, 25.2363 ], [ 64.4004, 25.2379 ], [ 64.3985, 25.2374 ], [ 64.3999, 25.2382 ], [ 64.3979, 25.2393 ], [ 64.3918, 25.241 ], [ 64.3854, 25.2421 ], [ 64.3843, 25.2404 ], [ 64.3826, 25.2421 ], [ 64.3768, 25.2424 ], [ 64.376, 25.2476 ], [ 64.3771, 25.2499 ], [ 64.3729, 25.254 ], [ 64.3493, 25.2663 ], [ 64.3363, 25.2704 ], [ 64.3363, 25.2715 ], [ 64.3046, 25.281 ], [ 64.2965, 25.2849 ], [ 64.2907, 25.2854 ], [ 64.2868, 25.2879 ], [ 64.2735, 25.2904 ], [ 64.2715, 25.2921 ], [ 64.2468, 25.2988 ], [ 64.2285, 25.301 ], [ 64.2285, 25.304 ], [ 64.2307, 25.3068 ], [ 64.2249, 25.3129 ], [ 64.211, 25.3132 ], [ 64.186, 25.3193 ], [ 64.1496, 25.3246 ], [ 64.1032, 25.3271 ], [ 64.0912, 25.3246 ], [ 64.089, 25.3262 ], [ 64.0912, 25.3293 ], [ 64.0871, 25.3376 ], [ 64.0874, 25.3429 ], [ 64.0849, 25.3535 ], [ 64.0899, 25.364 ], [ 64.0943, 25.364 ], [ 64.1026, 25.3574 ], [ 64.1074, 25.359 ], [ 64.1143, 25.3576 ], [ 64.1137, 25.3529 ], [ 64.1174, 25.3551 ], [ 64.1182, 25.3601 ], [ 64.1118, 25.3662 ], [ 64.096, 25.374 ], [ 64.0899, 25.3754 ], [ 64.0874, 25.3788 ], [ 64.0718, 25.3879 ], [ 64.0701, 25.3918 ], [ 64.074, 25.3929 ], [ 64.0746, 25.3946 ], [ 64.071, 25.3957 ], [ 64.0793, 25.3968 ], [ 64.0854, 25.3946 ], [ 64.0965, 25.3954 ], [ 64.1076, 25.3924 ], [ 64.1029, 25.3951 ], [ 64.1046, 25.3971 ], [ 64.1149, 25.391 ], [ 64.1201, 25.3899 ], [ 64.1188, 25.3924 ], [ 64.1146, 25.3921 ], [ 64.1157, 25.3926 ], [ 64.1146, 25.3951 ], [ 64.1085, 25.3957 ], [ 64.1038, 25.3993 ], [ 64.1135, 25.4001 ], [ 64.1149, 25.4018 ], [ 64.1137, 25.4029 ], [ 64.1107, 25.4018 ], [ 64.1087, 25.4015 ], [ 64.1068, 25.4018 ], [ 64.1096, 25.4057 ], [ 64.1149, 25.4057 ], [ 64.1174, 25.4026 ], [ 64.1215, 25.4029 ], [ 64.1263, 25.399 ], [ 64.1235, 25.4043 ], [ 64.1232, 25.4071 ], [ 64.1246, 25.4076 ], [ 64.129, 25.4043 ], [ 64.1307, 25.3949 ], [ 64.1338, 25.3976 ], [ 64.1365, 25.3957 ], [ 64.1365, 25.3935 ], [ 64.1385, 25.3937 ], [ 64.1387, 25.3965 ], [ 64.146, 25.3976 ], [ 64.1501, 25.3965 ], [ 64.1485, 25.3985 ], [ 64.151, 25.3993 ], [ 64.1446, 25.4004 ], [ 64.1446, 25.4024 ], [ 64.1476, 25.4035 ], [ 64.1551, 25.3993 ], [ 64.1568, 25.401 ], [ 64.1446, 25.4054 ], [ 64.144, 25.4068 ], [ 64.1454, 25.4076 ], [ 64.1426, 25.4107 ], [ 64.1449, 25.4124 ], [ 64.1474, 25.4115 ], [ 64.1474, 25.4129 ], [ 64.1513, 25.411 ], [ 64.1515, 25.4124 ], [ 64.1543, 25.4129 ], [ 64.1543, 25.4176 ], [ 64.1599, 25.4188 ], [ 64.1571, 25.4232 ], [ 64.1513, 25.4232 ], [ 64.1515, 25.4262 ], [ 64.1549, 25.4265 ], [ 64.1526, 25.429 ], [ 64.1599, 25.4304 ], [ 64.1488, 25.4324 ], [ 64.1418, 25.431 ], [ 64.1379, 25.4335 ], [ 64.1432, 25.4365 ], [ 64.1529, 25.4371 ], [ 64.159, 25.4365 ], [ 64.1604, 25.4337 ], [ 64.1687, 25.4315 ], [ 64.1693, 25.434 ], [ 64.1643, 25.4354 ], [ 64.1643, 25.4393 ], [ 64.1699, 25.441 ], [ 64.1768, 25.4379 ], [ 64.1749, 25.441 ], [ 64.1787, 25.4418 ], [ 64.1782, 25.4432 ], [ 64.1718, 25.4424 ], [ 64.169, 25.4449 ], [ 64.1615, 25.4451 ], [ 64.1571, 25.4499 ], [ 64.1612, 25.4513 ], [ 64.166, 25.4493 ], [ 64.1646, 25.451 ], [ 64.1699, 25.4538 ], [ 64.1643, 25.4529 ], [ 64.1632, 25.4543 ], [ 64.1735, 25.4571 ], [ 64.1762, 25.4571 ], [ 64.1749, 25.4543 ], [ 64.1796, 25.4538 ], [ 64.1807, 25.4562 ], [ 64.1779, 25.4571 ], [ 64.1821, 25.4599 ], [ 64.1699, 25.4599 ], [ 64.1699, 25.4624 ], [ 64.1668, 25.4626 ], [ 64.1682, 25.4643 ], [ 64.1646, 25.4649 ], [ 64.1651, 25.4668 ], [ 64.1607, 25.4624 ], [ 64.156, 25.4604 ], [ 64.1529, 25.4624 ], [ 64.1393, 25.4613 ], [ 64.1282, 25.4654 ], [ 64.1254, 25.4649 ], [ 64.1199, 25.4765 ], [ 64.1199, 25.4726 ], [ 64.1168, 25.4715 ], [ 64.1171, 25.4685 ], [ 64.1143, 25.4676 ], [ 64.1124, 25.4693 ], [ 64.1126, 25.4735 ], [ 64.1101, 25.4721 ], [ 64.1093, 25.4649 ], [ 64.1104, 25.4651 ], [ 64.1104, 25.4635 ], [ 64.1068, 25.4643 ], [ 64.1085, 25.4651 ], [ 64.1065, 25.4679 ], [ 64.1049, 25.4676 ], [ 64.1054, 25.4649 ], [ 64.1038, 25.4643 ], [ 64.1021, 25.466 ], [ 64.0965, 25.4638 ], [ 64.094, 25.4643 ], [ 64.0885, 25.4582 ], [ 64.0832, 25.4576 ], [ 64.0801, 25.4515 ], [ 64.0788, 25.456 ], [ 64.0762, 25.4576 ], [ 64.0687, 25.4571 ], [ 64.0632, 25.4538 ], [ 64.0587, 25.4551 ], [ 64.0488, 25.4535 ], [ 64.0365, 25.4574 ], [ 64.0376, 25.4588 ], [ 64.0354, 25.4588 ], [ 64.0332, 25.4613 ], [ 64.0232, 25.4607 ], [ 64.0207, 25.4629 ], [ 64.0157, 25.4629 ], [ 64.0157, 25.4649 ], [ 64.0143, 25.4649 ], [ 64.0149, 25.4624 ], [ 64.0104, 25.461 ], [ 63.9971, 25.4599 ], [ 63.9954, 25.4585 ], [ 63.9957, 25.454 ], [ 64.0021, 25.4557 ], [ 64.0049, 25.4532 ], [ 64.0132, 25.4521 ], [ 64.0171, 25.4499 ], [ 64.0176, 25.4479 ], [ 64.0149, 25.4474 ], [ 64.0174, 25.4449 ], [ 64.0163, 25.436 ], [ 64.0135, 25.4354 ], [ 64.009, 25.4399 ], [ 64.006, 25.4399 ], [ 64.0082, 25.4387 ], [ 64.0093, 25.4335 ], [ 64.0029, 25.4346 ], [ 64.0004, 25.4321 ], [ 63.9926, 25.4312 ], [ 63.9949, 25.4299 ], [ 63.994, 25.4274 ], [ 63.9893, 25.4285 ], [ 63.9843, 25.4251 ], [ 63.9849, 25.4232 ], [ 63.981, 25.4199 ], [ 63.9893, 25.4224 ], [ 63.9943, 25.4221 ], [ 63.9946, 25.4196 ], [ 64.0001, 25.4199 ], [ 64.0029, 25.4165 ], [ 63.9946, 25.4093 ], [ 63.9885, 25.4079 ], [ 63.9854, 25.4124 ], [ 63.9779, 25.4165 ], [ 63.969, 25.4182 ], [ 63.9629, 25.4071 ], [ 63.9576, 25.4035 ], [ 63.9635, 25.4037 ], [ 63.9682, 25.4065 ], [ 63.9701, 25.4151 ], [ 63.976, 25.4157 ], [ 63.9813, 25.4138 ], [ 63.9863, 25.4088 ], [ 63.9829, 25.4062 ], [ 63.9818, 25.4015 ], [ 63.9815, 25.4018 ], [ 63.979, 25.4015 ], [ 63.9888, 25.396 ], [ 63.9901, 25.3882 ], [ 63.9946, 25.3874 ], [ 64.0004, 25.3901 ], [ 64.0018, 25.3932 ], [ 64.0101, 25.3935 ], [ 64.0121, 25.396 ], [ 64.0101, 25.399 ], [ 64.0104, 25.4049 ], [ 64.0118, 25.406 ], [ 64.0137, 25.4049 ], [ 64.0146, 25.4065 ], [ 64.0165, 25.4065 ], [ 64.024, 25.4037 ], [ 64.0338, 25.4049 ], [ 64.0393, 25.4093 ], [ 64.0415, 25.4088 ], [ 64.0426, 25.4021 ], [ 64.041, 25.3904 ], [ 64.0429, 25.3843 ], [ 64.0468, 25.3813 ], [ 64.0418, 25.3774 ], [ 64.0493, 25.3801 ], [ 64.0568, 25.3729 ], [ 64.0532, 25.3718 ], [ 64.0515, 25.3693 ], [ 64.0465, 25.3699 ], [ 64.0407, 25.3657 ], [ 64.0374, 25.3679 ], [ 64.0338, 25.3665 ], [ 64.0374, 25.3668 ], [ 64.0415, 25.3646 ], [ 64.0474, 25.3688 ], [ 64.0532, 25.364 ], [ 64.0535, 25.3676 ], [ 64.056, 25.3682 ], [ 64.0593, 25.366 ], [ 64.0601, 25.3599 ], [ 64.0571, 25.3543 ], [ 64.0546, 25.3529 ], [ 64.0565, 25.3521 ], [ 64.0551, 25.3501 ], [ 64.0585, 25.3515 ], [ 64.0582, 25.3549 ], [ 64.0618, 25.3585 ], [ 64.064, 25.3585 ], [ 64.0651, 25.3537 ], [ 64.0687, 25.3537 ], [ 64.0685, 25.3521 ], [ 64.0704, 25.3532 ], [ 64.0721, 25.351 ], [ 64.0671, 25.3429 ], [ 64.0674, 25.339 ], [ 64.0646, 25.3329 ], [ 64.0574, 25.3271 ], [ 64.0537, 25.3262 ], [ 64.0365, 25.3243 ], [ 64.004, 25.3318 ], [ 63.8901, 25.3415 ], [ 63.8546, 25.3496 ], [ 63.7779, 25.3715 ], [ 63.7335, 25.3804 ], [ 63.6929, 25.386 ], [ 63.6579, 25.3849 ], [ 63.6493, 25.3838 ], [ 63.6446, 25.3807 ], [ 63.6046, 25.3774 ], [ 63.5921, 25.3749 ], [ 63.5846, 25.371 ], [ 63.5735, 25.3682 ], [ 63.569, 25.3635 ], [ 63.5604, 25.3593 ], [ 63.5574, 25.3549 ], [ 63.526, 25.3451 ], [ 63.5062, 25.3338 ], [ 63.4963, 25.326 ], [ 63.4935, 25.3204 ], [ 63.4857, 25.3132 ], [ 63.4821, 25.3074 ], [ 63.4821, 25.2929 ], [ 63.4782, 25.2865 ], [ 63.4671, 25.2862 ], [ 63.4674, 25.2849 ], [ 63.4649, 25.2849 ], [ 63.4507, 25.2985 ], [ 63.4557, 25.2913 ], [ 63.4663, 25.2824 ], [ 63.4776, 25.2824 ], [ 63.4735, 25.2738 ], [ 63.4779, 25.2713 ], [ 63.4768, 25.266 ], [ 63.4782, 25.2654 ], [ 63.4782, 25.2626 ], [ 63.4815, 25.2632 ], [ 63.4793, 25.261 ], [ 63.4765, 25.2621 ], [ 63.4746, 25.2574 ], [ 63.4743, 25.2501 ], [ 63.4779, 25.2424 ], [ 63.4921, 25.2307 ], [ 63.4999, 25.2301 ], [ 63.506, 25.226 ], [ 63.506, 25.2232 ], [ 63.5032, 25.2204 ], [ 63.5007, 25.2207 ], [ 63.4926, 25.2165 ], [ 63.4912, 25.2121 ], [ 63.4926, 25.2101 ], [ 63.4963, 25.2099 ], [ 63.4968, 25.2062 ], [ 63.4951, 25.2054 ], [ 63.4535, 25.2104 ], [ 63.4335, 25.2151 ], [ 63.3701, 25.2257 ], [ 63.2893, 25.2329 ], [ 63.2507, 25.2396 ], [ 63.2074, 25.244 ], [ 63.1615, 25.2529 ], [ 63.1251, 25.2579 ], [ 63.1071, 25.2571 ], [ 63.0899, 25.254 ], [ 63.0829, 25.2504 ], [ 63.0774, 25.2432 ], [ 63.0793, 25.2332 ], [ 63.0579, 25.229 ], [ 63.0426, 25.2226 ], [ 63.0232, 25.2229 ], [ 63.0129, 25.2171 ], [ 63.0101, 25.211 ], [ 63.0046, 25.2104 ], [ 62.9837, 25.2124 ], [ 62.9663, 25.2176 ], [ 62.9374, 25.2237 ], [ 62.9324, 25.2235 ], [ 62.931, 25.2251 ], [ 62.8899, 25.2346 ], [ 62.7926, 25.2518 ], [ 62.7818, 25.2521 ], [ 62.7765, 25.2488 ], [ 62.7585, 25.2499 ], [ 62.7551, 25.2476 ], [ 62.7007, 25.2576 ], [ 62.614, 25.269 ], [ 62.5768, 25.2707 ], [ 62.531, 25.2679 ], [ 62.4863, 25.2615 ], [ 62.474, 25.2574 ], [ 62.4626, 25.2468 ], [ 62.4582, 25.236 ], [ 62.461, 25.2271 ], [ 62.4746, 25.2257 ], [ 62.4732, 25.2218 ], [ 62.426, 25.2168 ], [ 62.3899, 25.2051 ], [ 62.366, 25.1921 ], [ 62.3468, 25.1746 ], [ 62.3379, 25.164 ], [ 62.3301, 25.1507 ], [ 62.3271, 25.1321 ], [ 62.3285, 25.1185 ], [ 62.3312, 25.1143 ], [ 62.3363, 25.1149 ], [ 62.3324, 25.1126 ], [ 62.3324, 25.1107 ], [ 62.3351, 25.1063 ], [ 62.3404, 25.1038 ], [ 62.346, 25.104 ], [ 62.3554, 25.1093 ], [ 62.361, 25.1082 ], [ 62.3649, 25.1051 ], [ 62.3846, 25.1049 ], [ 62.3854, 25.1013 ], [ 62.3838, 25.0985 ], [ 62.3774, 25.0968 ], [ 62.3746, 25.094 ], [ 62.3696, 25.0965 ], [ 62.3587, 25.0921 ], [ 62.3488, 25.0935 ], [ 62.3074, 25.0938 ], [ 62.2985, 25.0968 ], [ 62.2693, 25.0985 ], [ 62.2654, 25.1032 ], [ 62.2574, 25.1049 ], [ 62.2565, 25.1065 ], [ 62.2596, 25.1074 ], [ 62.2679, 25.1071 ], [ 62.2743, 25.1093 ], [ 62.286, 25.1101 ], [ 62.291, 25.1168 ], [ 62.301, 25.1176 ], [ 62.3049, 25.1196 ], [ 62.3099, 25.1179 ], [ 62.3112, 25.1196 ], [ 62.3174, 25.1201 ], [ 62.3199, 25.1315 ], [ 62.3199, 25.1449 ], [ 62.3157, 25.1601 ], [ 62.3065, 25.1743 ], [ 62.2943, 25.1868 ], [ 62.2782, 25.1985 ], [ 62.2507, 25.2113 ], [ 62.2126, 25.219 ], [ 62.1676, 25.2207 ], [ 62.1304, 25.2149 ], [ 62.1004, 25.2062 ], [ 62.0749, 25.1929 ], [ 62.0604, 25.1785 ], [ 62.0529, 25.1621 ], [ 62.0526, 25.1529 ], [ 62.0549, 25.1507 ], [ 62.0657, 25.1485 ], [ 62.0738, 25.1421 ], [ 62.0757, 25.1365 ], [ 62.0713, 25.1257 ], [ 62.0718, 25.1193 ], [ 62.0754, 25.1162 ], [ 62.0832, 25.1168 ], [ 62.0838, 25.1051 ], [ 62.0865, 25.1029 ], [ 62.0932, 25.1021 ], [ 62.094, 25.1001 ], [ 62.066, 25.1038 ], [ 61.9715, 25.1113 ], [ 61.9437, 25.1118 ], [ 61.9101, 25.109 ], [ 61.8729, 25.0987 ], [ 61.864, 25.091 ], [ 61.8629, 25.0865 ], [ 61.8649, 25.0818 ], [ 61.8693, 25.081 ], [ 61.8715, 25.0768 ], [ 61.8593, 25.0704 ], [ 61.8565, 25.0632 ], [ 61.8574, 25.0526 ], [ 61.8554, 25.0471 ], [ 61.8565, 25.041 ], [ 61.854, 25.0368 ], [ 61.8451, 25.0332 ], [ 61.8401, 25.0338 ], [ 61.8357, 25.0312 ], [ 61.8299, 25.0312 ], [ 61.8274, 25.0296 ], [ 61.8185, 25.029 ], [ 61.8151, 25.0304 ], [ 61.7982, 25.026 ], [ 61.7943, 25.0263 ], [ 61.7935, 25.0235 ], [ 61.7912, 25.0215 ], [ 61.7896, 25.0221 ], [ 61.7874, 25.0185 ], [ 61.7815, 25.0168 ], [ 61.779, 25.0143 ], [ 61.7771, 25.0149 ], [ 61.7768, 25.0185 ], [ 61.754, 25.0168 ], [ 61.746, 25.0207 ], [ 61.7412, 25.0187 ], [ 61.7321, 25.0221 ], [ 61.7304, 25.0263 ], [ 61.7249, 25.0304 ], [ 61.7271, 25.0304 ], [ 61.7313, 25.0354 ], [ 61.7293, 25.0429 ], [ 61.734, 25.0471 ], [ 61.7407, 25.0474 ], [ 61.7426, 25.0504 ], [ 61.7404, 25.0654 ], [ 61.7368, 25.0688 ], [ 61.736, 25.0724 ], [ 61.7493, 25.0807 ], [ 61.7621, 25.0849 ], [ 61.769, 25.0912 ], [ 61.7676, 25.1024 ], [ 61.7649, 25.1099 ], [ 61.7582, 25.1199 ], [ 61.7593, 25.1232 ], [ 61.7579, 25.1257 ], [ 61.754, 25.1293 ], [ 61.7482, 25.1282 ], [ 61.746, 25.1257 ], [ 61.7443, 25.1276 ], [ 61.749, 25.1326 ], [ 61.7582, 25.1318 ], [ 61.761, 25.1293 ], [ 61.7632, 25.1312 ], [ 61.7676, 25.1315 ], [ 61.7718, 25.1396 ], [ 61.7796, 25.1424 ], [ 61.7774, 25.1449 ], [ 61.7782, 25.1537 ], [ 61.7724, 25.1588 ], [ 61.7724, 25.1604 ], [ 61.7732, 25.1618 ], [ 61.781, 25.1612 ], [ 61.7824, 25.1646 ], [ 61.7815, 25.1696 ], [ 61.7793, 25.1685 ], [ 61.7804, 25.1657 ], [ 61.7793, 25.1635 ], [ 61.7729, 25.1629 ], [ 61.7713, 25.1607 ], [ 61.771, 25.1582 ], [ 61.7765, 25.1537 ], [ 61.776, 25.1429 ], [ 61.7693, 25.1396 ], [ 61.7665, 25.1346 ], [ 61.761, 25.1371 ], [ 61.7613, 25.1385 ], [ 61.7538, 25.1349 ], [ 61.7446, 25.1351 ], [ 61.7463, 25.1454 ], [ 61.7418, 25.1504 ], [ 61.7332, 25.1526 ], [ 61.7304, 25.1568 ], [ 61.7215, 25.1588 ], [ 61.7218, 25.1571 ], [ 61.726, 25.156 ], [ 61.7301, 25.1521 ], [ 61.7326, 25.1526 ], [ 61.7354, 25.149 ], [ 61.7412, 25.1463 ], [ 61.744, 25.1437 ], [ 61.744, 25.1418 ], [ 61.7374, 25.141 ], [ 61.7315, 25.1424 ], [ 61.709, 25.1563 ], [ 61.6871, 25.1638 ], [ 61.6696, 25.1657 ], [ 61.6715, 25.1782 ], [ 61.6643, 25.1857 ], [ 61.6626, 25.1907 ], [ 61.6721, 25.1907 ], [ 61.6776, 25.189 ], [ 61.6782, 25.1796 ], [ 61.6829, 25.1787 ], [ 61.6929, 25.1899 ], [ 61.701, 25.1924 ], [ 61.7026, 25.196 ], [ 61.6954, 25.2082 ], [ 61.6963, 25.2104 ], [ 61.7285, 25.2354 ], [ 61.7332, 25.2421 ], [ 61.7349, 25.2546 ], [ 61.7287, 25.256 ], [ 61.7332, 25.2524 ], [ 61.7337, 25.2493 ], [ 61.7315, 25.241 ], [ 61.7274, 25.2357 ], [ 61.6943, 25.2096 ], [ 61.7001, 25.1963 ], [ 61.7001, 25.1932 ], [ 61.6946, 25.1924 ], [ 61.6888, 25.1885 ], [ 61.6821, 25.181 ], [ 61.679, 25.1818 ], [ 61.6796, 25.1876 ], [ 61.6782, 25.191 ], [ 61.6696, 25.1926 ], [ 61.6615, 25.1913 ], [ 61.661, 25.1877 ], [ 61.6679, 25.179 ], [ 61.6688, 25.1732 ], [ 61.6671, 25.1715 ], [ 61.6585, 25.1707 ], [ 61.6254, 25.176 ], [ 61.5821, 25.1776 ], [ 61.5779, 25.1787 ], [ 61.5768, 25.1843 ], [ 61.5899, 25.1837 ], [ 61.5987, 25.1868 ], [ 61.6105, 25.195 ], [ 61.6294, 25.2452 ], [ 61.6451, 25.2736 ], [ 61.6556, 25.2975 ], [ 61.6643, 25.3334 ], [ 61.6698, 25.4219 ], [ 61.6672, 25.5124 ], [ 61.6807, 25.6544 ], [ 61.689, 25.6626 ], [ 61.7045, 25.6725 ], [ 61.7067, 25.6863 ], [ 61.705, 25.7039 ], [ 61.6899, 25.7179 ], [ 61.6906, 25.7585 ], [ 61.6892, 25.7992 ], [ 61.7177, 25.796 ], [ 61.7486, 25.7984 ], [ 61.7688, 25.8018 ], [ 61.7804, 25.8182 ], [ 61.7819, 25.8515 ], [ 61.7802, 25.8709 ], [ 61.7825, 25.8856 ], [ 61.7914, 25.9261 ], [ 61.8018, 25.9943 ], [ 61.833, 26.1711 ], [ 61.8479, 26.2281 ], [ 61.8708, 26.2467 ], [ 61.9074, 26.2601 ], [ 61.9582, 26.2686 ], [ 61.9867, 26.2797 ], [ 62.0611, 26.3154 ], [ 62.1067, 26.3142 ], [ 62.1211, 26.3168 ], [ 62.1281, 26.3296 ], [ 62.1281, 26.3804 ], [ 62.1324, 26.39 ], [ 62.1447, 26.3893 ], [ 62.1997, 26.3695 ], [ 62.2329, 26.3661 ], [ 62.2635, 26.3582 ], [ 62.2825, 26.3584 ], [ 62.2915, 26.3711 ], [ 62.2913, 26.3868 ], [ 62.2647, 26.4127 ], [ 62.2646, 26.4321 ], [ 62.2564, 26.446 ], [ 62.2577, 26.4488 ], [ 62.2698, 26.4457 ], [ 62.2826, 26.4473 ], [ 62.3022, 26.4676 ], [ 62.3088, 26.4767 ], [ 62.297, 26.4941 ], [ 62.2959, 26.4987 ], [ 62.2994, 26.5136 ], [ 62.306, 26.5244 ], [ 62.3151, 26.5289 ], [ 62.3336, 26.5285 ], [ 62.3433, 26.5312 ], [ 62.3613, 26.5395 ], [ 62.3971, 26.5383 ], [ 62.4035, 26.5393 ], [ 62.4107, 26.5444 ], [ 62.4345, 26.5681 ], [ 62.4412, 26.57 ], [ 62.4634, 26.5676 ], [ 62.4784, 26.5696 ], [ 62.512, 26.5813 ], [ 62.5299, 26.5785 ], [ 62.6081, 26.585 ], [ 62.6378, 26.5994 ], [ 62.6483, 26.6091 ], [ 62.6609, 26.6165 ], [ 62.6852, 26.6126 ], [ 62.6972, 26.6134 ], [ 62.7214, 26.6199 ], [ 62.7264, 26.6241 ], [ 62.7316, 26.6343 ], [ 62.7368, 26.6385 ], [ 62.7607, 26.6484 ], [ 62.7787, 26.6523 ], [ 62.8216, 26.6522 ], [ 62.8401, 26.6475 ], [ 62.9195, 26.6461 ], [ 62.9465, 26.6529 ], [ 62.9859, 26.6533 ], [ 63.0019, 26.6519 ], [ 63.0514, 26.6376 ], [ 63.09, 26.6441 ], [ 63.1565, 26.645 ], [ 63.162, 26.6436 ], [ 63.1692, 26.6473 ], [ 63.1731, 26.6701 ], [ 63.1997, 26.738 ], [ 63.2032, 26.7683 ], [ 63.1921, 26.8435 ], [ 63.2048, 26.8495 ], [ 63.2755, 26.8648 ], [ 63.2814, 26.8746 ], [ 63.2764, 26.8893 ], [ 63.2567, 26.9287 ], [ 63.2559, 27.083 ], [ 63.2732, 27.1024 ], [ 63.2903, 27.1157 ], [ 63.3035, 27.1224 ], [ 63.3131, 27.1293 ], [ 63.3175, 27.1387 ], [ 63.2992, 27.1789 ], [ 63.2795, 27.1922 ], [ 63.1842, 27.2414 ], [ 63.1158, 27.2344 ], [ 63.0586, 27.2332 ], [ 62.9772, 27.1951 ], [ 62.9517, 27.1921 ], [ 62.9087, 27.1992 ], [ 62.8923, 27.2108 ], [ 62.8783, 27.2171 ], [ 62.8437, 27.2131 ], [ 62.8214, 27.2123 ], [ 62.7979, 27.2215 ], [ 62.783, 27.2343 ], [ 62.7815, 27.2514 ], [ 62.8232, 27.2862 ], [ 62.8325, 27.3049 ], [ 62.8281, 27.3193 ], [ 62.8074, 27.3401 ], [ 62.8554, 27.4651 ], [ 62.852, 27.5427 ], [ 62.8386, 27.6474 ], [ 62.83, 27.7353 ], [ 62.8198, 27.805 ], [ 62.8069, 27.8597 ], [ 62.7975, 27.9145 ], [ 62.7901, 27.9781 ], [ 62.7718, 28.0151 ], [ 62.7682, 28.0324 ], [ 62.7808, 28.1029 ], [ 62.7966, 28.2089 ], [ 62.7919, 28.2771 ], [ 62.7869, 28.2812 ], [ 62.5923, 28.2551 ], [ 62.5731, 28.2785 ], [ 62.5416, 28.31 ], [ 62.516, 28.3223 ], [ 62.5029, 28.3313 ], [ 62.4723, 28.3761 ], [ 62.4397, 28.4071 ], [ 62.3725, 28.438 ], [ 62.35, 28.4412 ], [ 62.2963, 28.4635 ], [ 62.2694, 28.4665 ], [ 62.2399, 28.4659 ], [ 62.2024, 28.4787 ], [ 62.1705, 28.4875 ], [ 62.1524, 28.4895 ], [ 62.1158, 28.4851 ], [ 62.0433, 28.5079 ], [ 62.0158, 28.5286 ], [ 61.9932, 28.5408 ], [ 61.9576, 28.5487 ], [ 61.9086, 28.5738 ], [ 61.8701, 28.5971 ], [ 61.8229, 28.6327 ], [ 61.8042, 28.6402 ], [ 61.7956, 28.6558 ], [ 61.7775, 28.6799 ], [ 61.7211, 28.7382 ], [ 61.681, 28.7706 ], [ 61.6657, 28.7952 ], [ 61.6403, 28.8216 ], [ 61.62, 28.8557 ], [ 61.5736, 28.914 ], [ 61.5633, 28.9425 ], [ 61.5472, 28.9626 ], [ 61.5043, 29.0075 ], [ 61.5032, 29.0192 ], [ 61.5056, 29.0481 ], [ 61.5032, 29.0564 ], [ 61.4789, 29.0806 ], [ 61.4779, 29.1028 ], [ 61.4705, 29.114 ], [ 61.4586, 29.1224 ], [ 61.4435, 29.1281 ], [ 61.4158, 29.1356 ], [ 61.4134, 29.1412 ], [ 61.4148, 29.1562 ], [ 61.4287, 29.1938 ], [ 61.4224, 29.2005 ], [ 61.3991, 29.2085 ], [ 61.391, 29.2136 ], [ 61.3835, 29.2215 ], [ 61.3577, 29.2828 ], [ 61.3734, 29.3165 ], [ 61.3775, 29.3353 ], [ 61.3726, 29.3487 ], [ 61.3111, 29.3965 ], [ 61.1926, 29.5025 ], [ 61.1259, 29.5729 ], [ 60.8994, 29.8375 ], [ 60.9175, 29.8305 ], [ 60.9486, 29.8226 ], [ 60.9736, 29.8184 ], [ 61.001, 29.8093 ], [ 61.0182, 29.8069 ], [ 61.0455, 29.8003 ], [ 61.1027, 29.7813 ], [ 61.1187, 29.7785 ], [ 61.1673, 29.7633 ], [ 61.2037, 29.7493 ], [ 61.2543, 29.7391 ], [ 61.2853, 29.7281 ], [ 61.311, 29.7234 ], [ 61.3374, 29.714 ], [ 61.3859, 29.7006 ], [ 61.4383, 29.6827 ], [ 61.474, 29.6749 ], [ 61.5344, 29.6524 ], [ 61.5694, 29.6416 ], [ 61.6218, 29.6304 ], [ 61.6788, 29.6154 ], [ 61.697, 29.609 ], [ 61.7233, 29.6031 ], [ 61.7579, 29.5906 ], [ 61.7865, 29.5826 ], [ 61.8191, 29.571 ], [ 61.8483, 29.5636 ], [ 61.8719, 29.5549 ], [ 61.9238, 29.5434 ], [ 61.9982, 29.5185 ], [ 62.0004, 29.5169 ], [ 62.0038, 29.5078 ], [ 62.0202, 29.5021 ], [ 62.0854, 29.4825 ], [ 62.1351, 29.4697 ], [ 62.1969, 29.45 ], [ 62.2968, 29.4248 ], [ 62.3155, 29.4147 ], [ 62.3314, 29.4118 ], [ 62.369, 29.3974 ], [ 62.4024, 29.3869 ], [ 62.44, 29.384 ], [ 62.4801, 29.3765 ], [ 62.5035, 29.3764 ], [ 62.5305, 29.3821 ], [ 62.5553, 29.3844 ], [ 62.5624, 29.3863 ], [ 62.5632, 29.3879 ], [ 62.5694, 29.3857 ], [ 62.5799, 29.3859 ], [ 62.7677, 29.4058 ], [ 62.8424, 29.4116 ], [ 63.0549, 29.4366 ], [ 63.1018, 29.4396 ], [ 63.1162, 29.4426 ], [ 63.1318, 29.4437 ], [ 63.1476, 29.4425 ], [ 63.1715, 29.4467 ], [ 63.1969, 29.4474 ], [ 63.2373, 29.4472 ], [ 63.2576, 29.4423 ], [ 63.2974, 29.4422 ], [ 63.3363, 29.447 ], [ 63.3433, 29.4492 ], [ 63.3589, 29.4586 ], [ 63.3748, 29.4623 ], [ 63.4247, 29.4659 ], [ 63.47, 29.4662 ], [ 63.4943, 29.4699 ], [ 63.5109, 29.4702 ], [ 63.5319, 29.4731 ], [ 63.5893, 29.4732 ], [ 63.6258, 29.4694 ], [ 63.66, 29.4723 ], [ 63.6649, 29.4764 ], [ 63.8204, 29.4527 ], [ 63.8329, 29.4523 ], [ 63.8931, 29.4377 ], [ 63.911, 29.4359 ], [ 63.9695, 29.4258 ], [ 63.9911, 29.4167 ], [ 64.0027, 29.4154 ], [ 64.0107, 29.4075 ], [ 64.0295, 29.4001 ], [ 64.0383, 29.3921 ], [ 64.0435, 29.3915 ], [ 64.0476, 29.3929 ], [ 64.0658, 29.3859 ], [ 64.0702, 29.3832 ], [ 64.0801, 29.3712 ], [ 64.0938, 29.3643 ], [ 64.1137, 29.3619 ], [ 64.1361, 29.3616 ], [ 64.1408, 29.3621 ], [ 64.1566, 29.3702 ], [ 64.174, 29.3983 ], [ 64.1753, 29.4042 ], [ 64.1733, 29.4205 ], [ 64.1645, 29.4342 ], [ 64.1672, 29.4413 ], [ 64.1743, 29.4506 ], [ 64.1887, 29.4619 ], [ 64.2427, 29.4789 ], [ 64.253, 29.4877 ], [ 64.2633, 29.5034 ], [ 64.2701, 29.506 ], [ 64.2896, 29.5064 ], [ 64.2995, 29.5092 ], [ 64.3261, 29.5051 ], [ 64.3422, 29.51 ], [ 64.3639, 29.5195 ], [ 64.4007, 29.5307 ], [ 64.4226, 29.5308 ], [ 64.4462, 29.5372 ], [ 64.4466, 29.5597 ], [ 64.4555, 29.564 ], [ 64.4876, 29.5718 ], [ 64.5323, 29.5759 ], [ 64.6319, 29.5811 ], [ 64.7621, 29.5711 ], [ 64.8217, 29.5641 ], [ 64.9179, 29.5568 ], [ 64.9276, 29.5621 ], [ 64.9491, 29.5671 ], [ 64.9614, 29.5671 ], [ 64.9833, 29.558 ], [ 65.0107, 29.5501 ], [ 65.0434, 29.5346 ], [ 65.067, 29.5362 ], [ 65.0971, 29.5428 ], [ 65.2759, 29.5916 ], [ 65.3697, 29.6156 ], [ 65.4413, 29.6362 ], [ 65.5225, 29.6561 ], [ 65.6109, 29.681 ], [ 65.7869, 29.7253 ], [ 65.7863, 29.7006 ], [ 65.8153, 29.7106 ], [ 65.8507, 29.7264 ], [ 65.8751, 29.7433 ], [ 65.8879, 29.7423 ], [ 65.9038, 29.747 ], [ 65.9106, 29.7462 ], [ 65.9635, 29.7595 ], [ 65.9948, 29.7645 ], [ 65.9988, 29.7662 ], [ 66.0023, 29.7789 ], [ 66.0406, 29.7821 ], [ 66.0563, 29.7869 ], [ 66.1049, 29.7959 ], [ 66.1349, 29.8061 ], [ 66.1907, 29.8205 ], [ 66.2035, 29.8275 ], [ 66.2402, 29.8329 ], [ 66.2665, 29.842 ], [ 66.2779, 29.8509 ], [ 66.2896, 29.8637 ], [ 66.2745, 29.8789 ], [ 66.3132, 29.9109 ], [ 66.3189, 29.9127 ], [ 66.3302, 29.925 ], [ 66.3456, 29.9501 ], [ 66.3569, 29.9583 ], [ 66.3619, 29.9681 ], [ 66.3601, 29.9732 ], [ 66.3004, 30.0163 ], [ 66.2885, 30.0223 ], [ 66.2417, 30.0551 ], [ 66.2382, 30.0664 ], [ 66.2384, 30.0841 ], [ 66.2573, 30.1107 ], [ 66.2581, 30.1161 ], [ 66.2693, 30.12 ], [ 66.2707, 30.1256 ], [ 66.2727, 30.1271 ], [ 66.2863, 30.1287 ], [ 66.2938, 30.1336 ], [ 66.2972, 30.1372 ], [ 66.3031, 30.1487 ], [ 66.3033, 30.1548 ], [ 66.2971, 30.1693 ], [ 66.2967, 30.1763 ], [ 66.3079, 30.1996 ], [ 66.3262, 30.223 ], [ 66.3329, 30.2409 ], [ 66.3302, 30.26 ], [ 66.3316, 30.2704 ], [ 66.3407, 30.2792 ], [ 66.3488, 30.2953 ], [ 66.3494, 30.3045 ], [ 66.3556, 30.331 ], [ 66.3543, 30.3392 ], [ 66.3495, 30.344 ], [ 66.3489, 30.3467 ], [ 66.3522, 30.3612 ], [ 66.3533, 30.3878 ], [ 66.3579, 30.4013 ], [ 66.3635, 30.4118 ], [ 66.3801, 30.4353 ], [ 66.375, 30.4401 ], [ 66.3587, 30.45 ], [ 66.3567, 30.4546 ], [ 66.365, 30.4669 ], [ 66.3723, 30.4709 ], [ 66.3752, 30.4744 ], [ 66.3707, 30.4796 ], [ 66.3629, 30.4965 ], [ 66.3476, 30.4997 ], [ 66.3401, 30.5119 ], [ 66.335, 30.5135 ], [ 66.3171, 30.514 ], [ 66.3113, 30.5169 ], [ 66.3065, 30.5215 ], [ 66.2981, 30.5245 ], [ 66.2955, 30.5298 ], [ 66.2949, 30.5377 ], [ 66.3059, 30.5553 ], [ 66.303, 30.5601 ], [ 66.3026, 30.5712 ], [ 66.3154, 30.6124 ], [ 66.3218, 30.6446 ], [ 66.3416, 30.682 ], [ 66.3573, 30.7028 ], [ 66.3704, 30.7236 ], [ 66.3841, 30.7555 ], [ 66.3819, 30.761 ], [ 66.3594, 30.7822 ], [ 66.3595, 30.7874 ], [ 66.389, 30.8379 ], [ 66.3996, 30.8478 ], [ 66.4051, 30.8504 ], [ 66.4244, 30.8523 ], [ 66.4292, 30.8549 ], [ 66.4409, 30.8716 ], [ 66.4507, 30.8819 ], [ 66.4578, 30.896 ], [ 66.4707, 30.9064 ], [ 66.4815, 30.9186 ], [ 66.4755, 30.9219 ], [ 66.458, 30.9221 ], [ 66.4538, 30.9275 ], [ 66.4556, 30.9343 ], [ 66.4622, 30.9397 ], [ 66.4697, 30.9429 ], [ 66.4821, 30.9445 ], [ 66.4993, 30.9451 ], [ 66.5267, 30.9428 ], [ 66.578, 30.9551 ], [ 66.5922, 30.9606 ], [ 66.6119, 30.9816 ], [ 66.6283, 30.9896 ], [ 66.6326, 30.9945 ], [ 66.6352, 31.0106 ], [ 66.643, 31.0195 ], [ 66.6521, 31.0344 ], [ 66.6968, 31.0621 ], [ 66.6982, 31.0663 ], [ 66.6965, 31.0716 ], [ 66.6969, 31.0758 ], [ 66.7095, 31.0978 ], [ 66.7102, 31.1036 ], [ 66.7084, 31.1165 ], [ 66.7229, 31.1268 ], [ 66.7264, 31.1489 ], [ 66.7407, 31.1918 ], [ 66.7306, 31.2122 ], [ 66.7579, 31.2097 ], [ 66.7762, 31.2098 ], [ 66.7929, 31.2131 ], [ 66.8021, 31.2192 ], [ 66.835, 31.2643 ], [ 66.8566, 31.2785 ], [ 66.9023, 31.2962 ], [ 66.9342, 31.3056 ], [ 66.9691, 31.3126 ], [ 67.0131, 31.3116 ], [ 67.0117, 31.3027 ], [ 67.0065, 31.2934 ], [ 67.0359, 31.2953 ], [ 67.0406, 31.293 ], [ 67.0423, 31.2871 ], [ 67.0385, 31.2797 ], [ 67.0286, 31.27 ], [ 67.0151, 31.2521 ], [ 67.0141, 31.2358 ], [ 67.0166, 31.2304 ], [ 67.0618, 31.2035 ], [ 67.0678, 31.2021 ], [ 67.0739, 31.2033 ], [ 67.0882, 31.2071 ], [ 67.1027, 31.2147 ], [ 67.1124, 31.2141 ], [ 67.1283, 31.2089 ], [ 67.1617, 31.2096 ], [ 67.1873, 31.2003 ], [ 67.2183, 31.1994 ], [ 67.2467, 31.1924 ], [ 67.2659, 31.1829 ], [ 67.3063, 31.1826 ], [ 67.3877, 31.1964 ], [ 67.4272, 31.2068 ], [ 67.4458, 31.2093 ], [ 67.4955, 31.2243 ], [ 67.5046, 31.2276 ], [ 67.4719, 31.2389 ], [ 67.4907, 31.2421 ], [ 67.5392, 31.2636 ], [ 67.571, 31.2708 ], [ 67.5747, 31.2729 ], [ 67.5906, 31.274 ], [ 67.6029, 31.2727 ], [ 67.6204, 31.2764 ], [ 67.6583, 31.2915 ], [ 67.6917, 31.3137 ], [ 67.7071, 31.3202 ], [ 67.7177, 31.3234 ], [ 67.7312, 31.3232 ], [ 67.7628, 31.3276 ], [ 67.7748, 31.3336 ], [ 67.7855, 31.3439 ], [ 67.7898, 31.3566 ], [ 67.7858, 31.3746 ], [ 67.7788, 31.3901 ], [ 67.7713, 31.3999 ], [ 67.764, 31.4034 ], [ 67.7604, 31.4075 ], [ 67.7505, 31.4135 ], [ 67.7409, 31.4148 ], [ 67.6601, 31.3972 ], [ 67.6441, 31.3968 ], [ 67.6338, 31.4007 ], [ 67.6277, 31.4134 ], [ 67.6054, 31.4185 ], [ 67.5976, 31.4268 ], [ 67.5947, 31.4343 ], [ 67.5991, 31.4537 ], [ 67.595, 31.4705 ], [ 67.5757, 31.5051 ], [ 67.555, 31.522 ], [ 67.554, 31.5288 ], [ 67.5595, 31.5324 ], [ 67.5696, 31.5347 ], [ 67.5951, 31.5344 ], [ 67.5947, 31.5262 ], [ 67.5986, 31.5101 ], [ 67.61, 31.5045 ], [ 67.6176, 31.51 ], [ 67.6213, 31.5108 ], [ 67.65, 31.5108 ], [ 67.6669, 31.5054 ], [ 67.7107, 31.5001 ], [ 67.7284, 31.5042 ], [ 67.7347, 31.5072 ], [ 67.7579, 31.5212 ], [ 67.7623, 31.5303 ], [ 67.762, 31.5354 ], [ 67.7645, 31.5405 ], [ 67.7709, 31.5469 ], [ 67.7949, 31.564 ], [ 67.8064, 31.569 ], [ 67.8168, 31.5776 ], [ 67.8297, 31.5838 ], [ 67.8408, 31.5953 ], [ 67.8611, 31.6085 ], [ 67.8794, 31.6122 ], [ 67.9127, 31.6225 ], [ 67.9679, 31.629 ], [ 68.0034, 31.6461 ], [ 68.0227, 31.6646 ], [ 68.0535, 31.6768 ], [ 68.0697, 31.6903 ], [ 68.0726, 31.6951 ], [ 68.0756, 31.7124 ], [ 68.0938, 31.7322 ], [ 68.1045, 31.7402 ], [ 68.1217, 31.7475 ], [ 68.1087, 31.753 ], [ 68.1167, 31.7587 ], [ 68.1404, 31.7981 ], [ 68.1444, 31.8012 ], [ 68.1541, 31.8174 ], [ 68.1689, 31.8342 ], [ 68.1718, 31.8226 ], [ 68.1775, 31.8145 ], [ 68.2413, 31.8064 ], [ 68.2594, 31.8015 ], [ 68.251, 31.7853 ], [ 68.2722, 31.7651 ], [ 68.2866, 31.757 ], [ 68.372, 31.7585 ], [ 68.4218, 31.7574 ], [ 68.4361, 31.7471 ], [ 68.4453, 31.7425 ], [ 68.4801, 31.7394 ], [ 68.4904, 31.7404 ], [ 68.5009, 31.7383 ], [ 68.5271, 31.7234 ], [ 68.5371, 31.714 ], [ 68.5563, 31.7148 ], [ 68.5635, 31.7198 ], [ 68.5746, 31.7349 ], [ 68.582, 31.7503 ], [ 68.5385, 31.7546 ], [ 68.4984, 31.7538 ], [ 68.4637, 31.7481 ], [ 68.4476, 31.7579 ], [ 68.4331, 31.7632 ], [ 68.4513, 31.7706 ], [ 68.4672, 31.7747 ], [ 68.5207, 31.8012 ], [ 68.5701, 31.828 ], [ 68.5821, 31.8209 ], [ 68.6322, 31.7783 ], [ 68.6395, 31.7756 ], [ 68.6822, 31.7737 ], [ 68.7018, 31.7699 ], [ 68.7093, 31.751 ], [ 68.7157, 31.7161 ], [ 68.7139, 31.7021 ], [ 68.717, 31.6966 ], [ 68.7428, 31.6795 ], [ 68.7519, 31.6695 ], [ 68.7735, 31.661 ], [ 68.7779, 31.6551 ], [ 68.7827, 31.6353 ], [ 68.8049, 31.61 ], [ 68.8122, 31.6096 ], [ 68.8219, 31.605 ], [ 68.8315, 31.6058 ], [ 68.8418, 31.5991 ], [ 68.8483, 31.5974 ], [ 68.8587, 31.5983 ], [ 68.872, 31.6017 ], [ 68.9006, 31.6012 ], [ 68.9169, 31.6047 ], [ 68.9285, 31.6134 ], [ 68.9337, 31.6205 ], [ 68.9444, 31.6422 ], [ 68.9492, 31.6458 ], [ 68.9616, 31.6405 ], [ 68.9689, 31.6355 ], [ 68.9783, 31.6361 ], [ 68.9859, 31.628 ], [ 68.9934, 31.627 ], [ 69.0009, 31.6282 ], [ 69.0109, 31.6247 ], [ 69.021, 31.6267 ], [ 69.0242, 31.6421 ], [ 69.0315, 31.6502 ], [ 69.0468, 31.6598 ], [ 69.0665, 31.6672 ], [ 69.0965, 31.6936 ], [ 69.1179, 31.7033 ], [ 69.121, 31.7099 ], [ 69.12, 31.7202 ], [ 69.1274, 31.7245 ], [ 69.1353, 31.7479 ], [ 69.149, 31.7589 ], [ 69.1563, 31.7839 ], [ 69.1747, 31.8 ], [ 69.1809, 31.8095 ], [ 69.1858, 31.8233 ], [ 69.1923, 31.83 ], [ 69.1976, 31.8484 ], [ 69.2034, 31.8526 ], [ 69.2106, 31.8541 ], [ 69.2311, 31.8626 ], [ 69.2626, 31.8866 ], [ 69.2719, 31.9062 ], [ 69.2777, 31.9115 ], [ 69.3129, 31.9248 ], [ 69.318, 31.929 ], [ 69.3233, 31.9405 ], [ 69.3235, 31.9442 ], [ 69.3127, 31.9761 ], [ 69.312, 31.9861 ], [ 69.3003, 31.9919 ], [ 69.2861, 32.0714 ], [ 69.2895, 32.0927 ], [ 69.2728, 32.151 ], [ 69.2758, 32.1938 ], [ 69.27, 32.2721 ], [ 69.2796, 32.2922 ], [ 69.2808, 32.3564 ], [ 69.2502, 32.414 ], [ 69.2388, 32.4443 ], [ 69.2407, 32.4614 ], [ 69.2702, 32.5056 ], [ 69.2852, 32.533 ], [ 69.3007, 32.5411 ], [ 69.3261, 32.5425 ], [ 69.3852, 32.5666 ], [ 69.4101, 32.6059 ], [ 69.4243, 32.602 ], [ 69.4339, 32.6164 ], [ 69.4383, 32.6323 ], [ 69.4492, 32.6415 ], [ 69.4562, 32.6522 ], [ 69.4616, 32.6561 ], [ 69.4653, 32.6628 ], [ 69.4659, 32.6676 ], [ 69.4506, 32.6914 ], [ 69.4506, 32.6969 ], [ 69.4558, 32.7092 ], [ 69.4545, 32.7227 ], [ 69.4519, 32.7291 ], [ 69.4476, 32.7349 ], [ 69.418, 32.7495 ], [ 69.4059, 32.7605 ], [ 69.4028, 32.7667 ], [ 69.4081, 32.7768 ], [ 69.4206, 32.787 ], [ 69.4417, 32.7895 ], [ 69.4474, 32.7938 ], [ 69.4678, 32.8205 ], [ 69.4708, 32.8392 ], [ 69.4755, 32.8434 ], [ 69.4845, 32.8477 ], [ 69.5109, 32.8534 ], [ 69.5305, 32.8612 ], [ 69.5346, 32.8664 ], [ 69.5311, 32.874 ], [ 69.5151, 32.8863 ], [ 69.492, 32.9427 ], [ 69.493, 32.9662 ], [ 69.4996, 33.0025 ], [ 69.504, 33.018 ], [ 69.5139, 33.0139 ], [ 69.5224, 33.0212 ], [ 69.5289, 33.0298 ], [ 69.5539, 33.0487 ], [ 69.5652, 33.0618 ], [ 69.5702, 33.0703 ], [ 69.5892, 33.0839 ], [ 69.5781, 33.0953 ], [ 69.5801, 33.0976 ], [ 69.617, 33.0975 ], [ 69.6551, 33.0953 ], [ 69.6667, 33.0981 ], [ 69.6794, 33.0977 ], [ 69.7046, 33.0905 ], [ 69.7225, 33.0931 ], [ 69.7305, 33.1004 ], [ 69.7373, 33.1098 ], [ 69.7464, 33.1138 ], [ 69.7682, 33.1155 ], [ 69.7735, 33.1205 ], [ 69.7865, 33.1275 ], [ 69.7991, 33.1239 ], [ 69.8288, 33.1047 ], [ 69.8565, 33.0963 ], [ 69.8755, 33.0957 ], [ 69.8924, 33.1016 ], [ 69.9013, 33.1013 ], [ 69.9167, 33.104 ], [ 69.9288, 33.1175 ], [ 69.9459, 33.1287 ], [ 69.9651, 33.1313 ], [ 69.9768, 33.1363 ], [ 70.0185, 33.1425 ], [ 70.0239, 33.1446 ], [ 70.0673, 33.2135 ], [ 70.0802, 33.1973 ], [ 70.093, 33.1933 ], [ 70.099, 33.1926 ], [ 70.1368, 33.1978 ], [ 70.1556, 33.1979 ], [ 70.1608, 33.2005 ], [ 70.1724, 33.2114 ], [ 70.183, 33.2183 ], [ 70.1693, 33.2396 ], [ 70.1892, 33.2413 ], [ 70.2083, 33.2504 ], [ 70.2335, 33.2688 ], [ 70.2711, 33.305 ], [ 70.2905, 33.3267 ], [ 70.3309, 33.3274 ], [ 70.3269, 33.3396 ], [ 70.3382, 33.3428 ], [ 70.342, 33.3491 ], [ 70.3366, 33.359 ], [ 70.33, 33.365 ], [ 70.3277, 33.3711 ], [ 70.3284, 33.3757 ], [ 70.3302, 33.3786 ], [ 70.3347, 33.381 ], [ 70.3361, 33.3879 ], [ 70.3402, 33.392 ], [ 70.3186, 33.4136 ], [ 70.3146, 33.4327 ], [ 70.3092, 33.4382 ], [ 70.3013, 33.4417 ], [ 70.2717, 33.4471 ], [ 70.2647, 33.4535 ], [ 70.2532, 33.4736 ], [ 70.2291, 33.4785 ], [ 70.225, 33.4824 ], [ 70.2236, 33.4959 ], [ 70.2208, 33.5023 ], [ 70.2152, 33.5101 ], [ 70.1978, 33.524 ], [ 70.1959, 33.5273 ], [ 70.1941, 33.5313 ], [ 70.1945, 33.5404 ], [ 70.1989, 33.55 ], [ 70.1997, 33.5592 ], [ 70.1982, 33.5672 ], [ 70.1995, 33.5718 ], [ 70.2047, 33.576 ], [ 70.2104, 33.5876 ], [ 70.2186, 33.5964 ], [ 70.2173, 33.6087 ], [ 70.2104, 33.6159 ], [ 70.2167, 33.6206 ], [ 70.2179, 33.6285 ], [ 70.2119, 33.6299 ], [ 70.2191, 33.6371 ], [ 70.2181, 33.6433 ], [ 70.21, 33.6548 ], [ 70.2033, 33.6571 ], [ 70.1778, 33.6555 ], [ 70.1652, 33.6588 ], [ 70.1639, 33.6646 ], [ 70.1639, 33.6989 ], [ 70.1604, 33.7044 ], [ 70.155, 33.7256 ], [ 70.1416, 33.7351 ], [ 70.1217, 33.7392 ], [ 70.1147, 33.7365 ], [ 70.1084, 33.7303 ], [ 70.0905, 33.7358 ], [ 70.074, 33.7347 ], [ 70.0598, 33.7307 ], [ 70.0544, 33.7311 ], [ 70.0422, 33.7391 ], [ 70.0196, 33.7438 ], [ 70.0042, 33.7402 ], [ 69.9905, 33.7474 ], [ 69.981, 33.7558 ], [ 69.9732, 33.7668 ], [ 69.9678, 33.7997 ], [ 69.9704, 33.8235 ], [ 69.9509, 33.8439 ], [ 69.9371, 33.8647 ], [ 69.9285, 33.8732 ], [ 69.9178, 33.8968 ], [ 69.9124, 33.9048 ], [ 69.8937, 33.9187 ], [ 69.8758, 33.929 ], [ 69.8716, 33.934 ], [ 69.8745, 33.9518 ], [ 69.8802, 33.959 ], [ 69.8852, 33.9699 ], [ 69.8893, 33.9732 ], [ 69.9052, 33.9779 ], [ 69.9106, 33.9841 ], [ 69.9067, 34.005 ], [ 69.9084, 34.0154 ], [ 69.912, 34.0225 ], [ 69.928, 34.0265 ], [ 69.9586, 34.0293 ], [ 69.9805, 34.0264 ], [ 70.0103, 34.0301 ], [ 70.0476, 34.0165 ], [ 70.0646, 34.0042 ], [ 70.0766, 33.9991 ], [ 70.1351, 33.9985 ], [ 70.1691, 33.9841 ], [ 70.169, 33.9994 ], [ 70.1982, 33.9853 ], [ 70.2238, 33.9812 ], [ 70.2388, 33.9731 ], [ 70.2791, 33.9803 ], [ 70.2907, 33.9757 ], [ 70.2979, 33.9746 ], [ 70.3263, 33.9632 ], [ 70.4037, 33.9629 ], [ 70.4263, 33.9604 ], [ 70.4303, 33.9584 ], [ 70.4357, 33.937 ], [ 70.4566, 33.9296 ], [ 70.4904, 33.9278 ], [ 70.5055, 33.9289 ], [ 70.513, 33.931 ], [ 70.5176, 33.9342 ], [ 70.5202, 33.951 ], [ 70.525, 33.9523 ], [ 70.5391, 33.9458 ], [ 70.5605, 33.9579 ], [ 70.5939, 33.9643 ], [ 70.6307, 33.9569 ], [ 70.6512, 33.9543 ], [ 70.6763, 33.9602 ], [ 70.7011, 33.961 ], [ 70.7507, 33.9607 ], [ 70.7679, 33.9549 ], [ 70.7802, 33.9587 ], [ 70.7883, 33.9678 ], [ 70.8094, 33.9747 ], [ 70.8243, 33.9818 ], [ 70.8511, 33.9807 ], [ 70.8849, 33.9768 ], [ 70.8987, 33.9822 ], [ 70.9157, 34.0005 ], [ 70.9179, 34.0098 ], [ 70.9253, 34.0121 ], [ 70.9356, 34.0117 ], [ 70.9832, 34.0286 ], [ 70.9987, 34.0288 ], [ 71.0178, 34.0366 ], [ 71.0342, 34.0505 ], [ 71.0424, 34.0493 ], [ 71.0653, 34.0518 ], [ 71.0763, 34.0625 ], [ 71.0773, 34.0797 ], [ 71.0728, 34.1057 ], [ 71.0792, 34.1142 ], [ 71.0903, 34.1112 ], [ 71.0947, 34.1117 ], [ 71.1007, 34.1164 ], [ 71.1069, 34.1262 ], [ 71.1171, 34.1372 ], [ 71.1401, 34.1553 ], [ 71.1431, 34.16 ], [ 71.1446, 34.1659 ], [ 71.1378, 34.1856 ], [ 71.1375, 34.1985 ], [ 71.1401, 34.2084 ], [ 71.1511, 34.224 ], [ 71.1476, 34.227 ], [ 71.1346, 34.2263 ], [ 71.1265, 34.2371 ], [ 71.1213, 34.2549 ], [ 71.1221, 34.2672 ], [ 71.1303, 34.2809 ], [ 71.1567, 34.3132 ], [ 71.1584, 34.3228 ], [ 71.1711, 34.3389 ], [ 71.1713, 34.3583 ], [ 71.1695, 34.3636 ], [ 71.1539, 34.3696 ], [ 71.0873, 34.3891 ], [ 71.076, 34.3958 ], [ 71.0536, 34.4275 ], [ 71.023, 34.4481 ], [ 71.0068, 34.4611 ], [ 70.9949, 34.4915 ], [ 70.9928, 34.5276 ], [ 70.9956, 34.5548 ], [ 70.9969, 34.5567 ], [ 71.0064, 34.552 ], [ 71.0268, 34.5378 ], [ 71.049, 34.5603 ], [ 71.0726, 34.5731 ], [ 71.0911, 34.575 ], [ 71.0989, 34.5818 ], [ 71.1016, 34.5895 ], [ 71.1077, 34.5993 ], [ 71.1248, 34.6185 ], [ 71.128, 34.6283 ], [ 71.1213, 34.6391 ], [ 71.1068, 34.6553 ], [ 71.1072, 34.6657 ], [ 71.1124, 34.6829 ], [ 71.1212, 34.6881 ], [ 71.1624, 34.7017 ], [ 71.1716, 34.7112 ], [ 71.1861, 34.7159 ], [ 71.2028, 34.7276 ], [ 71.2338, 34.7366 ], [ 71.2444, 34.7478 ], [ 71.2393, 34.7561 ], [ 71.2311, 34.7646 ], [ 71.2463, 34.7909 ], [ 71.2712, 34.798 ], [ 71.2795, 34.805 ], [ 71.2924, 34.8338 ], [ 71.2957, 34.8501 ], [ 71.3012, 34.8655 ], [ 71.3099, 34.8788 ], [ 71.316, 34.8825 ], [ 71.3301, 34.8729 ], [ 71.3463, 34.8824 ], [ 71.3607, 34.8974 ], [ 71.3712, 34.9007 ], [ 71.3933, 34.9042 ], [ 71.4134, 34.9142 ], [ 71.4193, 34.9146 ], [ 71.445, 34.9242 ], [ 71.4387, 34.9271 ], [ 71.4422, 34.9314 ], [ 71.4566, 34.9298 ], [ 71.4761, 34.9377 ], [ 71.4949, 34.9413 ], [ 71.5075, 34.947 ], [ 71.5255, 34.9602 ], [ 71.5323, 34.9776 ], [ 71.5327, 34.9897 ], [ 71.5404, 34.9984 ], [ 71.5583, 35.0131 ], [ 71.561, 35.0216 ], [ 71.586, 35.0268 ], [ 71.5871, 35.0331 ], [ 71.5764, 35.0365 ], [ 71.5609, 35.038 ], [ 71.5531, 35.0437 ], [ 71.5499, 35.063 ], [ 71.545, 35.0759 ], [ 71.5462, 35.0842 ], [ 71.5334, 35.0828 ], [ 71.5358, 35.0904 ], [ 71.5526, 35.108 ], [ 71.5853, 35.1294 ], [ 71.6173, 35.1398 ], [ 71.6288, 35.1489 ], [ 71.639, 35.165 ], [ 71.6729, 35.1948 ], [ 71.6869, 35.1969 ], [ 71.6902, 35.2144 ], [ 71.687, 35.2255 ], [ 71.6789, 35.2302 ], [ 71.6401, 35.2418 ], [ 71.6072, 35.2687 ], [ 71.5978, 35.2738 ], [ 71.5903, 35.2803 ], [ 71.5811, 35.2926 ], [ 71.5823, 35.3053 ], [ 71.5669, 35.3118 ], [ 71.5696, 35.3176 ], [ 71.5803, 35.3285 ], [ 71.5821, 35.3329 ], [ 71.5891, 35.3391 ], [ 71.6014, 35.3445 ], [ 71.6056, 35.3582 ], [ 71.6102, 35.3654 ], [ 71.6385, 35.3908 ], [ 71.6709, 35.4306 ], [ 71.6732, 35.4405 ], [ 71.6722, 35.445 ], [ 71.6641, 35.4602 ], [ 71.6462, 35.4764 ], [ 71.6343, 35.4991 ], [ 71.6202, 35.5113 ], [ 71.6201, 35.5207 ], [ 71.6229, 35.5331 ], [ 71.6422, 35.5537 ], [ 71.6449, 35.5588 ], [ 71.6452, 35.5646 ], [ 71.6394, 35.574 ], [ 71.6335, 35.5792 ], [ 71.6162, 35.5893 ], [ 71.5254, 35.6179 ], [ 71.5255, 35.6273 ], [ 71.5285, 35.6352 ], [ 71.5467, 35.6567 ], [ 71.5675, 35.6766 ], [ 71.5769, 35.7002 ], [ 71.5733, 35.7172 ], [ 71.5658, 35.7275 ], [ 71.5489, 35.7403 ], [ 71.529, 35.7473 ], [ 71.4951, 35.768 ], [ 71.4968, 35.782 ], [ 71.5178, 35.7944 ], [ 71.5178, 35.8009 ], [ 71.5135, 35.8053 ], [ 71.4966, 35.813 ], [ 71.4852, 35.8475 ], [ 71.4803, 35.8577 ], [ 71.4454, 35.8895 ], [ 71.4331, 35.8969 ], [ 71.4232, 35.9002 ], [ 71.4055, 35.9109 ], [ 71.4024, 35.9202 ], [ 71.4042, 35.9338 ], [ 71.4034, 35.9405 ], [ 71.3936, 35.9589 ], [ 71.376, 35.972 ], [ 71.3705, 35.974 ], [ 71.3579, 35.9731 ], [ 71.3428, 35.9671 ], [ 71.337, 35.9686 ], [ 71.3233, 35.987 ], [ 71.2647, 36.0129 ], [ 71.2474, 36.0246 ], [ 71.2335, 36.0388 ], [ 71.2272, 36.0604 ], [ 71.229, 36.0672 ], [ 71.234, 36.0721 ], [ 71.2513, 36.0819 ], [ 71.2654, 36.0938 ], [ 71.2674, 36.1004 ], [ 71.2672, 36.1112 ], [ 71.2711, 36.1185 ], [ 71.2884, 36.127 ], [ 71.3183, 36.1535 ], [ 71.3287, 36.1551 ], [ 71.3433, 36.1538 ], [ 71.3571, 36.1582 ], [ 71.3611, 36.1627 ], [ 71.3619, 36.1699 ], [ 71.3664, 36.1748 ], [ 71.3905, 36.1925 ], [ 71.397, 36.1952 ], [ 71.4101, 36.1943 ], [ 71.4143, 36.1958 ], [ 71.4471, 36.2139 ], [ 71.457, 36.2239 ], [ 71.4625, 36.232 ], [ 71.4644, 36.2445 ], [ 71.4632, 36.2538 ], [ 71.4648, 36.2607 ], [ 71.4868, 36.2672 ], [ 71.5008, 36.2753 ], [ 71.5109, 36.2849 ], [ 71.5386, 36.2941 ], [ 71.551, 36.304 ], [ 71.5644, 36.3077 ], [ 71.5952, 36.3127 ], [ 71.6143, 36.3213 ], [ 71.6166, 36.327 ], [ 71.6117, 36.3311 ], [ 71.6098, 36.3355 ], [ 71.6124, 36.3441 ], [ 71.611, 36.3482 ], [ 71.5804, 36.3632 ], [ 71.5755, 36.3692 ], [ 71.5754, 36.3748 ], [ 71.5792, 36.3788 ], [ 71.6014, 36.3899 ], [ 71.6156, 36.3998 ], [ 71.6225, 36.402 ], [ 71.6275, 36.4058 ], [ 71.6396, 36.4258 ], [ 71.6511, 36.4371 ], [ 71.6488, 36.4623 ], [ 71.652, 36.475 ], [ 71.6549, 36.477 ], [ 71.657, 36.4779 ], [ 71.6734, 36.4721 ], [ 71.688, 36.4608 ], [ 71.7074, 36.4563 ], [ 71.7245, 36.4484 ], [ 71.7579, 36.4237 ], [ 71.7958, 36.4006 ], [ 71.8174, 36.396 ], [ 71.8437, 36.3947 ], [ 71.8573, 36.3994 ], [ 71.8649, 36.4149 ], [ 71.8617, 36.4294 ], [ 71.8291, 36.4345 ], [ 71.8186, 36.4421 ], [ 71.8179, 36.4617 ], [ 71.8219, 36.4864 ], [ 71.8321, 36.5055 ], [ 71.9091, 36.5053 ], [ 71.9166, 36.5174 ], [ 71.9172, 36.5244 ], [ 71.9278, 36.5488 ], [ 71.9353, 36.5609 ], [ 71.9644, 36.5666 ], [ 72.0129, 36.5677 ], [ 72.0592, 36.5956 ], [ 72.0968, 36.5973 ], [ 72.1062, 36.6057 ], [ 72.0973, 36.6328 ], [ 72.1029, 36.6485 ], [ 72.1407, 36.652 ], [ 72.1656, 36.6596 ], [ 72.1904, 36.655 ], [ 72.2133, 36.6649 ], [ 72.2044, 36.6772 ], [ 72.1969, 36.6936 ], [ 72.2269, 36.7382 ], [ 72.2414, 36.7535 ], [ 72.3026, 36.745 ], [ 72.3137, 36.7462 ], [ 72.3368, 36.7592 ], [ 72.3676, 36.7576 ], [ 72.3901, 36.7618 ], [ 72.4112, 36.7767 ], [ 72.4952, 36.7776 ], [ 72.5045, 36.7824 ], [ 72.5075, 36.7929 ], [ 72.5454, 36.8229 ], [ 72.5661, 36.8324 ], [ 72.6266, 36.8416 ], [ 72.6316, 36.8484 ], [ 72.6562, 36.8498 ], [ 72.6852, 36.8438 ], [ 72.7185, 36.842 ], [ 72.75, 36.8505 ], [ 72.7816, 36.8447 ], [ 72.7985, 36.8479 ], [ 72.8251, 36.8433 ], [ 72.8826, 36.8411 ], [ 72.9075, 36.8469 ], [ 72.9175, 36.8463 ], [ 72.9752, 36.8579 ], [ 72.9953, 36.8567 ], [ 73.023, 36.8598 ], [ 73.0669, 36.8671 ], [ 73.0888, 36.8731 ], [ 73.1882, 36.8769 ], [ 73.2338, 36.8718 ], [ 73.2648, 36.861 ], [ 73.2971, 36.8526 ], [ 73.3214, 36.8516 ], [ 73.3525, 36.8532 ], [ 73.3969, 36.874 ], [ 73.4457, 36.8827 ], [ 73.4555, 36.8826 ], [ 73.5116, 36.8752 ], [ 73.5664, 36.8866 ], [ 73.6452, 36.8879 ], [ 73.661, 36.8898 ], [ 73.667261519832635, 36.882796984397714 ], [ 73.667007455405255, 36.880880696054625 ], [ 73.669618022862124, 36.879353031276196 ], [ 73.6766, 36.866 ], [ 73.685, 36.8557 ], [ 73.6964, 36.8469 ], [ 73.705678105985442, 36.842820265453206 ], [ 73.705509598825586, 36.837811560937247 ], [ 73.758835976423029, 36.8161548653583 ], [ 73.787853409784034, 36.817685280456672 ], [ 73.7905, 36.8091 ], [ 73.7975, 36.8033 ], [ 73.800052406472332, 36.803106635873306 ], [ 73.801513070669046, 36.794215120736212 ], [ 73.834133692157138, 36.795059943806628 ], [ 73.8403, 36.7913 ], [ 73.8536, 36.7738 ], [ 73.8611, 36.7577 ], [ 73.863, 36.7483 ], [ 73.8625, 36.7333 ], [ 73.8547, 36.7138 ], [ 73.849717003891058, 36.709394742570353 ], [ 73.795551170418932, 36.718841695884919 ], [ 73.794814028733626, 36.718247074290538 ], [ 73.7941, 36.7185 ], [ 73.7814, 36.721 ], [ 73.7678, 36.7213 ], [ 73.7567, 36.7196 ], [ 73.7366, 36.7132 ], [ 73.7069, 36.7207 ], [ 73.6911, 36.7171 ], [ 73.6794, 36.7079 ], [ 73.6708, 36.7043 ], [ 73.6602, 36.7027 ], [ 73.5861, 36.7074 ], [ 73.584525290580828, 36.708772246779567 ], [ 73.579301674230507, 36.722380699357593 ], [ 73.57293591126448, 36.721660079373699 ], [ 73.5686, 36.7274 ], [ 73.563, 36.729 ], [ 73.5508, 36.7288 ], [ 73.5239, 36.7232 ], [ 73.483, 36.7265 ], [ 73.4578, 36.731 ], [ 73.4253, 36.7474 ], [ 73.4072, 36.7515 ], [ 73.3778, 36.7485 ], [ 73.3714, 36.7493 ], [ 73.3555, 36.7463 ], [ 73.3455, 36.7429 ], [ 73.3336, 36.7349 ], [ 73.3241, 36.7313 ], [ 73.2741, 36.7171 ], [ 73.2477, 36.7113 ], [ 73.243139154809001, 36.710854400182491 ], [ 73.238014310901178, 36.711520655069414 ], [ 73.234572030091442, 36.710017382250314 ], [ 73.2303, 36.7096 ], [ 73.2036, 36.7116 ], [ 73.174846889919564, 36.720157473238224 ], [ 73.170671413026071, 36.72403081905923 ], [ 73.167704042748767, 36.721851120324352 ], [ 73.1572, 36.723 ], [ 73.1419, 36.7188 ], [ 73.1197, 36.7027 ], [ 73.1058, 36.6966 ], [ 73.086757415090034, 36.694188493614021 ], [ 73.067645653401456, 36.700622562964789 ], [ 73.068432909948569, 36.691867923093923 ], [ 73.06, 36.6908 ], [ 73.0527, 36.6858 ], [ 73.05, 36.6819 ], [ 73.0475, 36.6711 ], [ 73.048, 36.6666 ], [ 73.0514, 36.6528 ], [ 73.0589, 36.6369 ], [ 73.0703, 36.6183 ], [ 73.073, 36.6053 ], [ 73.0708, 36.5997 ], [ 73.0583, 36.5872 ], [ 73.0533, 36.5786 ], [ 73.0427, 36.55 ], [ 73.0355, 36.5375 ], [ 73.013387150945661, 36.521799055132426 ], [ 72.977913208267026, 36.51152501215342 ], [ 72.978063163932063, 36.505902860447002 ], [ 72.9716, 36.504 ], [ 72.9641, 36.4984 ], [ 72.9653, 36.4787 ], [ 72.963, 36.4737 ], [ 72.9597, 36.4712 ], [ 72.955, 36.4693 ], [ 72.9291, 36.4704 ], [ 72.9116, 36.4682 ], [ 72.8839, 36.4579 ], [ 72.8752, 36.4529 ], [ 72.8691, 36.4468 ], [ 72.8669, 36.4423 ], [ 72.8658721655531, 36.438805362880537 ], [ 72.859669429875652, 36.435560495329185 ], [ 72.863278763305217, 36.426238766836143 ], [ 72.8616, 36.4104 ], [ 72.8558, 36.3838 ], [ 72.8508, 36.3757 ], [ 72.8075, 36.3541 ], [ 72.7733, 36.3302 ], [ 72.76, 36.3227 ], [ 72.7547, 36.3221 ], [ 72.7266, 36.3119 ], [ 72.7091, 36.3033 ], [ 72.6864, 36.2733 ], [ 72.686024578532795, 36.272948289362297 ], [ 72.680560502428037, 36.271033863753672 ], [ 72.681000063896946, 36.26824111249293 ], [ 72.6769, 36.2644 ], [ 72.6633, 36.2594 ], [ 72.6503, 36.2591 ], [ 72.6394, 36.2633 ], [ 72.631038296703679, 36.264594073129196 ], [ 72.618868090335056, 36.269279637276455 ], [ 72.614051093966737, 36.26717657657904 ], [ 72.5964, 36.2644 ], [ 72.5833, 36.2589 ], [ 72.5672, 36.2483 ], [ 72.5528, 36.2314 ], [ 72.5472, 36.223 ], [ 72.5394, 36.1972 ], [ 72.539165540188876, 36.181334886113305 ], [ 72.535776431955313, 36.175520294081373 ], [ 72.541444479062136, 36.167731412239142 ], [ 72.5447, 36.155 ], [ 72.5439, 36.1447 ], [ 72.54, 36.1347 ], [ 72.5225, 36.1069 ], [ 72.5186, 36.0906 ], [ 72.520256799228761, 36.081362089148762 ], [ 72.516680471446946, 36.0673348561374 ], [ 72.535740044796412, 36.047291272867504 ], [ 72.543609792371186, 36.046655269069234 ], [ 72.5594, 36.0333 ], [ 72.5639, 36.0258 ], [ 72.5664, 36.0175 ], [ 72.5669, 36.0075 ], [ 72.558091537866332, 35.986795573541485 ], [ 72.538672681279706, 35.985120108240942 ], [ 72.534886349730783, 35.950638523814092 ], [ 72.513077327045707, 35.938673016325254 ], [ 72.516702393802476, 35.916376729006345 ], [ 72.5158, 35.915 ], [ 72.5128, 35.9003 ], [ 72.5167, 35.8969 ], [ 72.5283, 35.8939 ], [ 72.5375, 35.8894 ], [ 72.5491, 35.8811 ], [ 72.5597, 35.8667 ], [ 72.565, 35.8556 ], [ 72.5703, 35.8486 ], [ 72.575, 35.8458 ], [ 72.6189, 35.8378 ], [ 72.6708, 35.8183 ], [ 72.6769, 35.8175 ], [ 72.6886, 35.8186 ], [ 72.7183, 35.8283 ], [ 72.7547, 35.8358 ], [ 72.755208057482037, 35.836012304213511 ], [ 72.76143859696333, 35.832303948141984 ], [ 72.784288671841267, 35.841454371231301 ], [ 72.793394313443102, 35.851969362863905 ], [ 72.7961, 35.8531 ], [ 72.8111, 35.8572 ], [ 72.8253, 35.8561 ], [ 72.8478, 35.8497 ], [ 72.8917, 35.8414 ], [ 72.9191, 35.8386 ], [ 72.9386, 35.8386 ], [ 72.9564, 35.835 ], [ 72.9714, 35.8339 ], [ 72.9933, 35.8367 ], [ 73.0083, 35.8408 ], [ 73.027553607629173, 35.847446263131779 ], [ 73.028824380781501, 35.847058073866023 ], [ 73.032818307355939, 35.849263614994747 ], [ 73.0364, 35.8505 ], [ 73.0636, 35.8628 ], [ 73.0747, 35.8644 ], [ 73.0817, 35.8636 ], [ 73.1019, 35.8558 ], [ 73.1211, 35.8425 ], [ 73.1241, 35.8386 ], [ 73.1253, 35.8339 ], [ 73.115, 35.7922 ], [ 73.1116, 35.76 ], [ 73.1172, 35.7383 ], [ 73.132559353349691, 35.714407672567155 ], [ 73.132915165040671, 35.710777313906938 ], [ 73.136709042627189, 35.708363118821531 ], [ 73.1572, 35.6903 ], [ 73.19079817749973, 35.673944052679985 ], [ 73.21121731596449, 35.660950543373026 ], [ 73.2136, 35.6592 ], [ 73.2303, 35.6439 ], [ 73.2811, 35.6139 ], [ 73.2958, 35.6075 ], [ 73.3475, 35.5994 ], [ 73.3636, 35.5942 ], [ 73.368101158956449, 35.591871324703916 ], [ 73.398123550289426, 35.557082802955009 ], [ 73.46777264792172, 35.570108505785853 ], [ 73.481794066945312, 35.569270074877316 ], [ 73.501505252074011, 35.55756944868083 ], [ 73.512262741190796, 35.561532375534313 ], [ 73.5347, 35.5533 ], [ 73.549177630478724, 35.554102084791069 ], [ 73.561597222961822, 35.546388671141905 ], [ 73.581046711017251, 35.55298622654449 ], [ 73.608, 35.5469 ], [ 73.6383, 35.5428 ], [ 73.6603, 35.5344 ], [ 73.673, 35.5328 ], [ 73.7139, 35.5322 ], [ 73.7264, 35.5297 ], [ 73.7417, 35.5222 ], [ 73.7475, 35.5211 ], [ 73.7678, 35.52 ], [ 73.7733, 35.5225 ], [ 73.778582638837818, 35.5225 ], [ 73.786735197998127, 35.481130954642012 ], [ 73.7608, 35.4461 ], [ 73.7489, 35.4383 ], [ 73.7219, 35.4275 ], [ 73.715, 35.4205 ], [ 73.7094, 35.4136 ], [ 73.7019, 35.3947 ], [ 73.698938809671702, 35.37460170819736 ], [ 73.695438990417173, 35.369070275177286 ], [ 73.694842554882612, 35.318405774019233 ], [ 73.697916825239645, 35.313778190391261 ], [ 73.6978, 35.3119 ], [ 73.6989, 35.3019 ], [ 73.7025, 35.2886 ], [ 73.7125, 35.2636 ], [ 73.716559002786212, 35.248002483675485 ], [ 73.707984097208893, 35.222483590257312 ], [ 73.720233592695124, 35.214419895818708 ], [ 73.800879339007508, 35.237376145946016 ], [ 73.8139, 35.2311 ], [ 73.8397, 35.2111 ], [ 73.8497, 35.2078 ], [ 73.86053237794944, 35.207546116141813 ], [ 73.861189170089347, 35.207144145244314 ], [ 73.924549054775682, 35.203897025226773 ], [ 73.956844710948573, 35.168044983698103 ], [ 73.984713878135707, 35.177501410499737 ], [ 73.9947, 35.1764 ], [ 74.0083, 35.1694 ], [ 74.0183, 35.1603 ], [ 74.0197, 35.1558 ], [ 74.0278, 35.1455 ], [ 74.0317, 35.1433 ], [ 74.05, 35.1419 ], [ 74.065444561734779, 35.147533467190144 ], [ 74.088119818234446, 35.14801462954015 ], [ 74.095, 35.1453 ], [ 74.108984541594509, 35.136833168694473 ], [ 74.105860950438952, 35.125722498146928 ], [ 74.112120869454003, 35.121381182559766 ], [ 74.0933, 35.1131 ], [ 74.0747, 35.0994 ], [ 74.0658, 35.09 ], [ 74.0603, 35.0747 ], [ 74.0622, 35.0605 ], [ 74.070129364384485, 35.051883424035523 ], [ 74.066775625227748, 35.046819970932525 ], [ 74.083593887340911, 35.034786776970336 ], [ 74.0844, 35.0336 ], [ 74.0872, 35.025 ], [ 74.0853, 35.0183 ], [ 74.0758, 35.0089 ], [ 74.0633, 35.0022 ], [ 74.0558, 34.9961 ], [ 74.0542, 34.9864 ], [ 74.0553, 34.9717 ], [ 74.0517, 34.9556 ], [ 74.0339, 34.9344 ], [ 74.0103, 34.9133 ], [ 74.0044, 34.9053 ], [ 73.9941, 34.8825 ], [ 73.9864, 34.8705 ], [ 73.981493032949956, 34.866628448015561 ], [ 73.967435589433492, 34.863826206197238 ], [ 73.96616881078441, 34.858854572710321 ], [ 73.9372, 34.8494 ], [ 73.9239, 34.8369 ], [ 73.9078, 34.8267 ], [ 73.8861, 34.8244 ], [ 73.8455, 34.8286 ], [ 73.8339, 34.8269 ], [ 73.8219, 34.8197 ], [ 73.8125, 34.8103 ], [ 73.7994, 34.8036 ], [ 73.7705, 34.8017 ], [ 73.7603, 34.7994 ], [ 73.7397, 34.7872 ], [ 73.7322, 34.7811 ], [ 73.7205, 34.7672 ], [ 73.716217070677473, 34.753029882773347 ], [ 73.686144024337779, 34.710978109241971 ], [ 73.6728, 34.7033 ], [ 73.6636, 34.6944 ], [ 73.6611, 34.6842 ], [ 73.663957894864538, 34.679954777531329 ], [ 73.659053747625151, 34.673097205247309 ], [ 73.673053910057703, 34.664122037611065 ], [ 73.6741, 34.6611 ], [ 73.6744, 34.6458 ], [ 73.6725, 34.635 ], [ 73.664286832795383, 34.613173848478361 ], [ 73.653755165177472, 34.60052805134886 ], [ 73.652070752591356, 34.581923880536095 ], [ 73.65, 34.5775 ], [ 73.641336141111552, 34.567181246717134 ], [ 73.611149843627757, 34.584821364120813 ], [ 73.58320184472916, 34.58736891493885 ], [ 73.5817, 34.5878 ], [ 73.580502651220698, 34.587614955188656 ], [ 73.556131499972423, 34.589836464733018 ], [ 73.541991028486308, 34.578707830584882 ], [ 73.5261, 34.5736 ], [ 73.4647, 34.5719 ], [ 73.460813430703396, 34.570076302099288 ], [ 73.450462860849342, 34.569944637933226 ], [ 73.448158417621585, 34.561550101145897 ], [ 73.4427, 34.555 ], [ 73.4414, 34.55 ], [ 73.439157448554965, 34.528761718667603 ], [ 73.421942290216322, 34.466051004759535 ], [ 73.42308908806703, 34.458132911537142 ], [ 73.4069, 34.4244 ], [ 73.4008, 34.4047 ], [ 73.397921559120704, 34.376194150001737 ], [ 73.396060031148608, 34.373082227167828 ], [ 73.398150670779359, 34.369042621426992 ], [ 73.3992, 34.3575 ], [ 73.4019, 34.3442 ], [ 73.4097, 34.3231 ], [ 73.4239, 34.3055 ], [ 73.4471, 34.2876 ], [ 73.4679, 34.2495 ], [ 73.4782, 34.222 ], [ 73.488, 34.1697 ], [ 73.4866, 34.1372 ], [ 73.488, 34.1253 ], [ 73.493568414843381, 34.125125987036149 ], [ 73.497312405007222, 34.104463530234561 ], [ 73.4979, 34.1003 ], [ 73.49831179250792, 34.098948077426819 ], [ 73.509667026341134, 34.0362804372133 ], [ 73.502, 34.0244 ], [ 73.4916, 33.9833 ], [ 73.5332, 33.9279 ], [ 73.541, 33.9069 ], [ 73.5388, 33.8608 ], [ 73.5243, 33.8123 ], [ 73.5341, 33.788 ], [ 73.5555, 33.7647 ], [ 73.5626, 33.7511 ], [ 73.5639, 33.7286 ], [ 73.536, 33.6652 ], [ 73.5367, 33.6573 ], [ 73.5728, 33.6068 ], [ 73.581, 33.5796 ], [ 73.5923, 33.5604 ], [ 73.5966, 33.5441 ], [ 73.59, 33.5314 ], [ 73.5797, 33.5206 ], [ 73.5753, 33.5084 ], [ 73.5816, 33.5 ], [ 73.5894, 33.4829 ], [ 73.583, 33.464 ], [ 73.5588, 33.4395 ], [ 73.5446, 33.4168 ], [ 73.539, 33.3946 ], [ 73.5392, 33.3879 ], [ 73.5503, 33.3573 ], [ 73.57, 33.3305 ], [ 73.5792, 33.3148 ], [ 73.5822, 33.2992 ], [ 73.5844, 33.2618 ], [ 73.6007, 33.2342 ], [ 73.6058, 33.2181 ], [ 73.605, 33.1963 ], [ 73.5918, 33.1703 ], [ 73.584, 33.144 ], [ 73.5813, 33.1201 ], [ 73.5909, 33.1012 ], [ 73.5967, 33.0943 ], [ 73.6068, 33.0886 ], [ 73.6488, 33.0833 ], [ 73.678274069929969, 33.083108609935522 ], [ 73.680330944909144, 33.082568403702439 ], [ 73.695, 33.0719 ], [ 73.7092, 33.0522 ], [ 73.7324, 33.0437 ], [ 73.7438, 33.035 ], [ 73.7497, 33.0154 ], [ 73.7538, 32.9796 ], [ 73.7621, 32.9757 ], [ 73.7731, 32.9846 ], [ 73.7882, 33.0074 ], [ 73.788576056399847, 33.007516342448696 ], [ 73.794510948269405, 33.003591207297269 ], [ 73.790430846062989, 32.966809253238267 ], [ 73.825970436406124, 32.977239447015691 ], [ 73.825662925118095, 33.004011441761286 ], [ 73.890936712402464, 32.996079989914755 ], [ 73.8919, 32.9955 ], [ 73.893456292395811, 32.995773834439142 ], [ 73.935507574636205, 32.990664161260206 ], [ 73.9532, 32.9705 ], [ 73.9544, 32.9635 ], [ 73.9535, 32.9498 ], [ 73.9638, 32.9434 ], [ 74.003881492847654, 32.947999515572683 ], [ 73.999681008222453, 32.935400059257525 ], [ 74.022130758487023, 32.935068984517216 ], [ 74.0306, 32.9279 ], [ 74.06427851251587, 32.920377545360189 ], [ 74.068952398569692, 32.909555743827845 ], [ 74.152110921096849, 32.894370275461647 ], [ 74.1536, 32.8933 ], [ 74.1567, 32.8868 ], [ 74.167, 32.8748 ], [ 74.1835, 32.8657 ], [ 74.217387668409714, 32.855439767773603 ], [ 74.219641003776772, 32.848817997376223 ], [ 74.258731548327205, 32.839960914981035 ], [ 74.2661, 32.8312 ], [ 74.2752, 32.8128 ], [ 74.3115, 32.786 ], [ 74.327415477070062, 32.787323139423876 ], [ 74.355048147598467, 32.766998443661066 ], [ 74.391003298592054, 32.763163396043382 ], [ 74.415261134131498, 32.784558795340082 ], [ 74.445589247210762, 32.786654592254102 ], [ 74.4625, 32.7785 ], [ 74.469702856275831, 32.778424180460256 ], [ 74.486075766356493, 32.764446332238599 ], [ 74.493808165544507, 32.764582053091956 ], [ 74.510998682625043, 32.753689910336732 ], [ 74.511591086088558, 32.745501114651439 ], [ 74.520097221784397, 32.747924953592062 ], [ 74.5315, 32.7407 ], [ 74.5671, 32.7552 ], [ 74.568415553799085, 32.75528095715687 ], [ 74.576842322401617, 32.747901425168784 ], [ 74.608460282805879, 32.757442997737577 ], [ 74.6142, 32.7577 ], [ 74.616107081857706, 32.759750625653453 ], [ 74.619196728322805, 32.760683009829464 ], [ 74.634258355788489, 32.749540604368867 ], [ 74.63229336566468, 32.776397259350986 ], [ 74.658357449135792, 32.787654347354959 ], [ 74.638933413177782, 32.80318104440466 ], [ 74.6372, 32.8108 ], [ 74.637370919466193, 32.81235964012896 ], [ 74.640521703698482, 32.818944482688451 ], [ 74.697130766851345, 32.839211547349407 ], [ 74.700010654836348, 32.828454318699528 ], [ 74.690529917451315, 32.801595781717047 ], [ 74.6877, 32.7961 ], [ 74.6675, 32.7666 ], [ 74.6681, 32.7634 ], [ 74.6619, 32.7548 ], [ 74.6501, 32.7184 ], [ 74.653525179633945, 32.696762889629525 ], [ 74.65349777455279, 32.696685252167832 ], [ 74.65354361465964, 32.696646434223283 ], [ 74.6542, 32.6925 ], [ 74.6621, 32.6805 ], [ 74.6693, 32.6751 ], [ 74.6756, 32.6658 ], [ 74.6762, 32.658 ], [ 74.6692, 32.6459 ], [ 74.6584, 32.6374 ], [ 74.6492, 32.6259 ], [ 74.647021548551564, 32.621263010488335 ], [ 74.639045701618102, 32.614642230117127 ], [ 74.642462727337389, 32.611559233903861 ], [ 74.6422, 32.611 ], [ 74.6433, 32.596 ], [ 74.648, 32.5719 ], [ 74.6524, 32.5602 ], [ 74.665437357563562, 32.549992816142407 ], [ 74.662882443783289, 32.544521644674248 ], [ 74.680838716805368, 32.537034814189532 ], [ 74.683, 32.5296 ], [ 74.6792, 32.5154 ], [ 74.6814, 32.5038 ], [ 74.683962203780126, 32.498627248972184 ], [ 74.682725363331883, 32.49223856208404 ], [ 74.693654006432581, 32.488226251901949 ], [ 74.6984, 32.4849 ], [ 74.705402857134743, 32.483912813091138 ], [ 74.727458683296888, 32.475815301344319 ], [ 74.812818564412851, 32.479636865130175 ], [ 74.8180570584055, 32.495769274155634 ], [ 74.8186, 32.4961 ], [ 74.835285619665939, 32.496199913890216 ], [ 74.835325341806765, 32.496195796382764 ], [ 74.8564, 32.4927 ], [ 74.8615, 32.4895 ], [ 74.8767, 32.4856 ], [ 74.8829, 32.4818 ], [ 74.891, 32.4701 ], [ 74.8997, 32.4661 ], [ 74.9241, 32.4683 ], [ 74.9336, 32.4676 ], [ 74.9436, 32.4607 ], [ 74.947485428760771, 32.455861541543193 ], [ 74.952661501970894, 32.44749575174216 ], [ 74.966279487475376, 32.45131025626231 ], [ 74.9731, 32.4479 ], [ 74.9879, 32.4496 ], [ 75.0, 32.4591 ], [ 75.000657026619749, 32.46093967453529 ], [ 75.019301601985163, 32.466162166289621 ], [ 75.025387583101434, 32.48774196196662 ], [ 75.0302, 32.4918 ], [ 75.0366, 32.4921 ], [ 75.045537020584959, 32.488460326294032 ], [ 75.085538528218436, 32.468760272867861 ], [ 75.091382668959454, 32.472061818440494 ], [ 75.0982, 32.4659 ], [ 75.1068, 32.455 ], [ 75.1098, 32.454 ], [ 75.113547300366335, 32.449780067155032 ], [ 75.131420765584082, 32.40886425530055 ], [ 75.147230068551522, 32.413454804659033 ], [ 75.1476, 32.4134 ], [ 75.1604, 32.4165 ], [ 75.164836026275708, 32.418567048892868 ], [ 75.186096229966822, 32.424740377003317 ], [ 75.1885, 32.4245 ], [ 75.190362421564288, 32.422196478591545 ], [ 75.193954847894332, 32.400469011852913 ], [ 75.241130594088673, 32.391942646794966 ], [ 75.2533, 32.38 ], [ 75.257308944186065, 32.378114311438402 ], [ 75.25812933925333, 32.371412403701626 ], [ 75.273142015119802, 32.370666903999208 ], [ 75.2803, 32.3673 ], [ 75.288643330646863, 32.358103374173339 ], [ 75.288302360851446, 32.354481047653657 ], [ 75.302447305388483, 32.349972968349441 ], [ 75.3115, 32.3448 ], [ 75.325049018899705, 32.335408881080099 ], [ 75.327771438267192, 32.326116686268634 ], [ 75.331789228975282, 32.329693335924581 ], [ 75.333327508404992, 32.327471376748328 ], [ 75.320496487634287, 32.297389977848773 ], [ 75.349404870377228, 32.283992756874895 ], [ 75.3533, 32.2782 ], [ 75.3563, 32.2785 ], [ 75.367, 32.2687 ], [ 75.365, 32.2624 ], [ 75.3586, 32.2586 ], [ 75.357, 32.2519 ], [ 75.3583, 32.2458 ], [ 75.3635, 32.2392 ], [ 75.3632, 32.2347 ], [ 75.3605, 32.2318 ], [ 75.3593, 32.227 ], [ 75.3462, 32.218 ], [ 75.3232, 32.2189 ], [ 75.3177, 32.2181 ], [ 75.3142, 32.2149 ], [ 75.3136, 32.2124 ], [ 75.3187466549292, 32.208797341549548 ], [ 75.316380856160094, 32.208036950150181 ], [ 75.319020518209328, 32.195563286567719 ], [ 75.3172, 32.1928 ], [ 75.317660833477518, 32.1759027724909 ], [ 75.285354606620274, 32.151494734977398 ], [ 75.277836798298679, 32.135826264681796 ], [ 75.2773, 32.1352 ], [ 75.277189959831347, 32.134478136493641 ], [ 75.26366880198151, 32.106297601546544 ], [ 75.254529685965537, 32.099164632948714 ], [ 75.231417192271579, 32.091610552838105 ], [ 75.235440843447194, 32.103504368633935 ], [ 75.224247738079995, 32.098410186902733 ], [ 75.225, 32.1069 ], [ 75.2227, 32.1125 ], [ 75.217727863898133, 32.115566925072187 ], [ 75.215826679885737, 32.121103926321268 ], [ 75.202457731740225, 32.120237380886991 ], [ 75.202056758375377, 32.116433918460309 ], [ 75.199, 32.1173 ], [ 75.1953, 32.1166 ], [ 75.1932, 32.1146 ], [ 75.1937, 32.1007 ], [ 75.1877, 32.0993 ], [ 75.1852, 32.0953 ], [ 75.1851, 32.0838 ], [ 75.1748, 32.0813 ], [ 75.1716, 32.079 ], [ 75.1682, 32.0714 ], [ 75.166272572634711, 32.069628850529192 ], [ 75.157628551787994, 32.071971516954008 ], [ 75.1576, 32.0721 ], [ 75.1519, 32.0805 ], [ 75.1444, 32.0829 ], [ 75.1298, 32.0807 ], [ 75.1163, 32.0828 ], [ 75.1081, 32.0749 ], [ 75.0975, 32.0703 ], [ 75.096439856487876, 32.066766188292945 ], [ 75.091206614691913, 32.071839155835484 ], [ 75.064131303095351, 32.065593137178666 ], [ 75.012364530188506, 32.035745420620835 ], [ 74.961248722015668, 32.054345708954713 ], [ 74.9603, 32.055 ], [ 74.954450785065546, 32.056819377901121 ], [ 74.927957878369995, 32.066459755720714 ], [ 74.924886465325613, 32.065656313160588 ], [ 74.9143, 32.0652 ], [ 74.9069, 32.0625 ], [ 74.905720844957571, 32.060642830808177 ], [ 74.879549879361051, 32.053796839306521 ], [ 74.877593567625269, 32.051553767344259 ], [ 74.8724, 32.0505 ], [ 74.8623, 32.0451 ], [ 74.8648, 32.037 ], [ 74.8677, 32.0334 ], [ 74.8651, 32.0239 ], [ 74.8595, 32.0266 ], [ 74.8565, 32.0259 ], [ 74.8523, 32.0219 ], [ 74.8403, 32.0203 ], [ 74.8407, 32.0174 ], [ 74.8455, 32.0133 ], [ 74.84568006596426, 32.009608647732634 ], [ 74.844707700784099, 32.008972713587418 ], [ 74.8278, 32.0051 ], [ 74.8184, 31.9974 ], [ 74.8199, 31.9765 ], [ 74.8151, 31.9717 ], [ 74.810268535198333, 31.958332947382061 ], [ 74.80282077199594, 31.957981675260921 ], [ 74.8014, 31.9618 ], [ 74.786323806312907, 31.957203599485641 ], [ 74.755593370921517, 31.955754205227251 ], [ 74.756326216760598, 31.946728963873234 ], [ 74.7517, 31.9475 ], [ 74.7477, 31.9523 ], [ 74.746, 31.9518 ], [ 74.7452, 31.9492 ], [ 74.745687844375752, 31.943020637907249 ], [ 74.727323630206456, 31.94187462771837 ], [ 74.7267, 31.9422 ], [ 74.7178, 31.9577 ], [ 74.7092, 31.9579 ], [ 74.7033, 31.9249 ], [ 74.700914599193823, 31.923356505360704 ], [ 74.685018803384153, 31.923067469042437 ], [ 74.6847, 31.9231 ], [ 74.684484770069488, 31.923057758611769 ], [ 74.666705258610847, 31.922734470328869 ], [ 74.662808901388601, 31.917797705127107 ], [ 74.6599, 31.9182 ], [ 74.659, 31.9135 ], [ 74.6516, 31.9092 ], [ 74.651155503331395, 31.903032608723073 ], [ 74.64563249220862, 31.896034839379904 ], [ 74.6379, 31.8967 ], [ 74.629944085458973, 31.885601008109436 ], [ 74.607862148088842, 31.890385963318739 ], [ 74.604250652743104, 31.884196509548541 ], [ 74.6025, 31.8865 ], [ 74.5991, 31.8851 ], [ 74.5959, 31.8772 ], [ 74.595958187779289, 31.869984715368819 ], [ 74.591185469795704, 31.86180513475481 ], [ 74.5833, 31.8569 ], [ 74.5805, 31.8435 ], [ 74.5726, 31.8417 ], [ 74.5647, 31.8324 ], [ 74.5557, 31.8277 ], [ 74.5558, 31.8225 ], [ 74.5596, 31.8187 ], [ 74.5602, 31.8153 ], [ 74.5576, 31.8078 ], [ 74.5494, 31.7983 ], [ 74.5495, 31.7965 ], [ 74.5548, 31.7945 ], [ 74.5549, 31.7916 ], [ 74.5472, 31.7843 ], [ 74.544, 31.7764 ], [ 74.5449, 31.7654 ], [ 74.552, 31.7575 ], [ 74.551908713039722, 31.755537330353921 ], [ 74.537493236834365, 31.751033784211042 ], [ 74.5365, 31.7511 ], [ 74.5289, 31.7497 ], [ 74.518, 31.7452 ], [ 74.517991881127074, 31.744941355905144 ], [ 74.503703844656343, 31.740477623273605 ], [ 74.486596473014302, 31.714998933904813 ], [ 74.534410338870785, 31.678303027868321 ], [ 74.55531664273019, 31.60784039216859 ], [ 74.596441825900484, 31.5809596705347 ], [ 74.6009, 31.5678 ], [ 74.6017, 31.5631 ], [ 74.6001, 31.5629 ], [ 74.6003, 31.5598 ], [ 74.6023, 31.5589 ], [ 74.6052, 31.541 ], [ 74.6039, 31.5341 ], [ 74.599, 31.5275 ], [ 74.5935, 31.5255 ], [ 74.5824, 31.5248 ], [ 74.573, 31.5196 ], [ 74.5714, 31.5159 ], [ 74.5714, 31.5114 ], [ 74.5734, 31.5092 ], [ 74.5725, 31.5058 ], [ 74.5659, 31.5029 ], [ 74.5662, 31.5008 ], [ 74.5796, 31.4957 ], [ 74.582307341609251, 31.498220628394829 ], [ 74.587284224279841, 31.496291013317851 ], [ 74.598196795988756, 31.498028220994904 ], [ 74.6028, 31.4948 ], [ 74.6044, 31.4897 ], [ 74.6091, 31.4872 ], [ 74.6141, 31.4858 ], [ 74.6265, 31.4867 ], [ 74.6207, 31.48 ], [ 74.6207, 31.478 ], [ 74.6307, 31.4724 ], [ 74.6323, 31.4696 ], [ 74.6402, 31.4645 ], [ 74.6421, 31.46 ], [ 74.6408, 31.4559 ], [ 74.6363, 31.4522 ], [ 74.6253, 31.4236 ], [ 74.624399591256349, 31.422822774211507 ], [ 74.602460032109747, 31.420509456933313 ], [ 74.583482086873502, 31.379039044753519 ], [ 74.551801536820079, 31.364641641774384 ], [ 74.548685194861193, 31.334646695157687 ], [ 74.526386040577336, 31.311672683297601 ], [ 74.541762656907522, 31.303397244098651 ], [ 74.538830791397203, 31.298620453535509 ], [ 74.5302, 31.2987 ], [ 74.5247, 31.2947 ], [ 74.5184, 31.2839 ], [ 74.5169, 31.278 ], [ 74.5128, 31.2755 ], [ 74.5111, 31.2723 ], [ 74.5116, 31.2681 ], [ 74.5146, 31.2662 ], [ 74.5222, 31.2475 ], [ 74.5196, 31.2417 ], [ 74.5137, 31.2367 ], [ 74.5113, 31.2313 ], [ 74.5108, 31.2229 ], [ 74.5138, 31.2175 ], [ 74.5145, 31.2094 ], [ 74.5083, 31.1974 ], [ 74.5078, 31.1929 ], [ 74.5095, 31.187 ], [ 74.5075, 31.1852 ], [ 74.5024, 31.185 ], [ 74.5013, 31.1816 ], [ 74.5046, 31.1674 ], [ 74.5046, 31.1385 ], [ 74.5062, 31.1358 ], [ 74.510534660125217, 31.134219123954335 ], [ 74.510363337030185, 31.131900951908264 ], [ 74.523756936587304, 31.128384865627702 ], [ 74.5265, 31.1224 ], [ 74.536285246182331, 31.125095935172684 ], [ 74.53636930976235, 31.125073866810915 ], [ 74.5424, 31.1228 ], [ 74.5445, 31.117 ], [ 74.5435, 31.1052 ], [ 74.5459, 31.0985 ], [ 74.5464, 31.0886 ], [ 74.5519, 31.0856 ], [ 74.55328892871978, 31.085935258656495 ], [ 74.571268679407211, 31.081421831116465 ], [ 74.590286274132339, 31.09004960294159 ], [ 74.5928, 31.0874 ], [ 74.5965, 31.0909 ], [ 74.5964703763036, 31.092855163962746 ], [ 74.610667369328851, 31.099295958300576 ], [ 74.603462286065508, 31.13366644404126 ], [ 74.605657699113763, 31.133589878829667 ], [ 74.6078, 31.1327 ], [ 74.609388596366202, 31.13345976347949 ], [ 74.625998677841253, 31.13288048551459 ], [ 74.6249, 31.1226 ], [ 74.6312, 31.1213 ], [ 74.63435230865673, 31.123331487800996 ], [ 74.636231784686146, 31.118259048060708 ], [ 74.657123817678055, 31.132696444620361 ], [ 74.6574, 31.1326 ], [ 74.659, 31.1274 ], [ 74.6637, 31.1268 ], [ 74.6689, 31.1304 ], [ 74.674415941589899, 31.130829813630385 ], [ 74.677629635668012, 31.130176291465585 ], [ 74.6791, 31.129 ], [ 74.6821, 31.1202 ], [ 74.6899, 31.1171 ], [ 74.6908, 31.104 ], [ 74.692367060442535, 31.101475291509256 ], [ 74.693287646929193, 31.094418511996345 ], [ 74.6842, 31.0864 ], [ 74.685, 31.0765 ], [ 74.6832, 31.0722 ], [ 74.6722, 31.0616 ], [ 74.656, 31.0545 ], [ 74.6335, 31.0529 ], [ 74.6225, 31.047 ], [ 74.6002, 31.0435 ], [ 74.5925, 31.052 ], [ 74.5717, 31.0674 ], [ 74.5584, 31.0675 ], [ 74.5534, 31.0626 ], [ 74.5497, 31.0432 ], [ 74.538, 31.0317 ], [ 74.5357, 31.0168 ], [ 74.5318, 31.0127 ], [ 74.5336, 31.0051 ], [ 74.5385, 30.9974 ], [ 74.5381, 30.9935 ], [ 74.5144, 30.9849 ], [ 74.5044, 30.9778 ], [ 74.502941523677876, 30.975069235822399 ], [ 74.488865723405979, 30.96941940110959 ], [ 74.4851, 30.9705 ], [ 74.4706, 30.966 ], [ 74.4678, 30.9626 ], [ 74.460948701558834, 30.95821388838112 ], [ 74.41640488172763, 30.940334605167237 ], [ 74.413865357894153, 30.929648730359592 ], [ 74.425376115511469, 30.930868372730941 ], [ 74.423727175408985, 30.929116373872048 ], [ 74.410335445951532, 30.92348943422677 ], [ 74.419250512132862, 30.912178181524435 ], [ 74.4192, 30.9117 ], [ 74.416131258265935, 30.906057474876068 ], [ 74.415754803418963, 30.905959099931156 ], [ 74.395, 30.9035 ], [ 74.39075300292069, 30.899425645078388 ], [ 74.365905415192728, 30.892932489010207 ], [ 74.362561054113911, 30.880420119470781 ], [ 74.3619, 30.8793 ], [ 74.361950599732481, 30.878136206153012 ], [ 74.360765878567804, 30.873703769384292 ], [ 74.362181620625606, 30.872822725610959 ], [ 74.3622, 30.8724 ], [ 74.3711, 30.8603 ], [ 74.371375285771677, 30.858036539210623 ], [ 74.346820442098164, 30.852541909789636 ], [ 74.346, 30.8543 ], [ 74.3427, 30.8545 ], [ 74.3325, 30.8531 ], [ 74.33110892913858, 30.849026149620123 ], [ 74.331038142157865, 30.849010309640356 ], [ 74.3233, 30.8503 ], [ 74.3161, 30.8476 ], [ 74.3116, 30.8405 ], [ 74.3076, 30.8211 ], [ 74.2953, 30.8116 ], [ 74.2933, 30.8032 ], [ 74.2858, 30.7996 ], [ 74.2868, 30.7958 ], [ 74.295685003724614, 30.792779098733632 ], [ 74.298479205614271, 30.786814471404409 ], [ 74.2974, 30.7827 ], [ 74.2911, 30.7784 ], [ 74.288917776964553, 30.777981740584874 ], [ 74.261425876011245, 30.775059532278419 ], [ 74.263977577760869, 30.771047276161489 ], [ 74.2622, 30.768 ], [ 74.2663, 30.7624 ], [ 74.2737, 30.7433 ], [ 74.282269219998653, 30.73482815750133 ], [ 74.232657858145004, 30.724556430318358 ], [ 74.216686760398446, 30.700446404859683 ], [ 74.1968, 30.6718 ], [ 74.186980020628098, 30.660419836989583 ], [ 74.18564086238905, 30.659415832331415 ], [ 74.1832, 30.6595 ], [ 74.160162688853291, 30.640314127868539 ], [ 74.147820137161006, 30.631060569154329 ], [ 74.127361850981544, 30.634796400318656 ], [ 74.125257890490673, 30.628710527057184 ], [ 74.1236, 30.629 ], [ 74.1218, 30.6324 ], [ 74.1184, 30.6322 ], [ 74.1174, 30.6243 ], [ 74.1117, 30.6168 ], [ 74.110761247470478, 30.609133521008921 ], [ 74.101846429704025, 30.610631234227633 ], [ 74.0984, 30.6155 ], [ 74.091, 30.6128 ], [ 74.0902, 30.6085 ], [ 74.0945, 30.6058 ], [ 74.092, 30.5981 ], [ 74.0926, 30.5753 ], [ 74.0841, 30.5662 ], [ 74.0679, 30.5549 ], [ 74.0682, 30.5508 ], [ 74.0721, 30.5493 ], [ 74.0764, 30.5503 ], [ 74.0844, 30.545 ], [ 74.0848, 30.5407 ], [ 74.084735560246173, 30.540598865386357 ], [ 74.075798839433219, 30.527907146196902 ], [ 74.068475707446851, 30.521837523289278 ], [ 74.064090359505713, 30.520601606749047 ], [ 74.0557, 30.522 ], [ 74.053320534582369, 30.523963058969549 ], [ 74.039220419233359, 30.542617387180627 ], [ 74.036171279802616, 30.536790288987685 ], [ 74.034, 30.5363 ], [ 74.02767828733144, 30.528096825227703 ], [ 74.012026793225658, 30.533592491076309 ], [ 74.017386394305859, 30.520518883489643 ], [ 73.995852090926675, 30.507721648307264 ], [ 73.981991233628918, 30.504018453679542 ], [ 73.963657978729387, 30.484852219296599 ], [ 73.964075514897047, 30.459735667866461 ], [ 73.962884400644967, 30.457886306264559 ], [ 73.934399540905133, 30.490142347176956 ], [ 73.926258740102512, 30.438930278250311 ], [ 73.935009127977267, 30.439881890835434 ], [ 73.9316, 30.4332 ], [ 73.9303, 30.425 ], [ 73.9279, 30.4209 ], [ 73.9034, 30.4168 ], [ 73.8935, 30.4023 ], [ 73.8798, 30.3911 ], [ 73.8732, 30.3834 ], [ 73.8709, 30.375 ], [ 73.8713, 30.3686 ], [ 73.8756, 30.3608 ], [ 73.884909552534566, 30.355737662677054 ], [ 73.900599631233646, 30.343560067425592 ], [ 73.901, 30.3429 ], [ 73.9085, 30.3367 ], [ 73.9159, 30.3273 ], [ 73.9254, 30.3106 ], [ 73.9343, 30.303 ], [ 73.9473, 30.2747 ], [ 73.9578, 30.2617 ], [ 73.9639, 30.2308 ], [ 73.9663, 30.195 ], [ 73.961073666121223, 30.18914398734065 ], [ 73.954137830273069, 30.183707344314804 ], [ 73.9235, 30.1679 ], [ 73.8955, 30.1494 ], [ 73.8835, 30.1389 ], [ 73.8377, 30.1087 ], [ 73.8063, 30.0825 ], [ 73.7941, 30.0697 ], [ 73.7872, 30.0664 ], [ 73.754, 30.0565 ], [ 73.7092, 30.0471 ], [ 73.672633502169347, 30.036680514059007 ], [ 73.615089510563791, 30.023211082771599 ], [ 73.6112, 30.0224 ], [ 73.610262888288162, 30.022081306138489 ], [ 73.597001880061114, 30.018977276784035 ], [ 73.396925235429634, 29.945997697671874 ], [ 73.395278556153713, 29.940634879339157 ], [ 73.3914, 29.9379 ], [ 73.3854, 29.926 ], [ 73.3658, 29.8528 ], [ 73.3587, 29.8361 ], [ 73.3403, 29.7689 ], [ 73.3255, 29.7277 ], [ 73.3161, 29.6945 ], [ 73.312, 29.6862 ], [ 73.2976, 29.6336 ], [ 73.286, 29.6046 ], [ 73.2713, 29.557 ], [ 73.2381, 29.5061 ], [ 73.2324, 29.493 ], [ 73.2216, 29.4794 ], [ 73.2024, 29.4419 ], [ 73.1913, 29.4286 ], [ 73.171, 29.3894 ], [ 73.1469, 29.3499 ], [ 73.137, 29.3293 ], [ 73.1152, 29.2947 ], [ 73.1094, 29.2827 ], [ 73.1015, 29.2725 ], [ 73.0893, 29.2491 ], [ 73.0785, 29.2334 ], [ 73.0552, 29.2071 ], [ 73.0355, 29.188 ], [ 73.025418046841594, 29.174866929438384 ], [ 73.004357590818771, 29.152954134332667 ], [ 73.003377738216543, 29.150860933739111 ], [ 73.0, 29.1474 ], [ 72.9851, 29.1163 ], [ 72.9788, 29.1071 ], [ 72.9417, 29.0272 ], [ 72.93916500228984, 29.025441856426827 ], [ 72.73308527017835, 28.948087888955936 ], [ 72.410408549711789, 28.780586578828938 ], [ 72.4027, 28.7779 ], [ 72.39761675558006, 28.77394636545116 ], [ 72.390702636837148, 28.770357250171518 ], [ 72.385150444563806, 28.764250345771853 ], [ 72.3847, 28.7639 ], [ 72.380336105899417, 28.758955012951304 ], [ 72.299237599336166, 28.669754062740097 ], [ 72.20613068314259, 28.394268820679613 ], [ 72.132243521591747, 28.313098394334055 ], [ 72.004290317723331, 28.218656613282597 ], [ 71.92715887525253, 28.121261329063131 ], [ 71.889973978245706, 27.954807037323061 ], [ 71.666433383308814, 27.877756409771969 ], [ 71.38306322615837, 27.872630068302808 ], [ 71.205535365950112, 27.835417479038639 ], [ 70.963199269119627, 27.729377535714715 ], [ 70.871839430626594, 27.705597885254726 ], [ 70.759316072760527, 27.721265819952475 ], [ 70.739767924592655, 27.741921845626251 ], [ 70.705841703284179, 27.794752559901838 ], [ 70.7031, 27.8004 ], [ 70.695011387795574, 27.81161778334921 ], [ 70.68530916251197, 27.826726318046745 ], [ 70.684353114651515, 27.828438512851385 ], [ 70.677399182600354, 27.921846194017274 ], [ 70.58946000833501, 28.01043969568688 ], [ 70.564082385219592, 28.01851007915975 ], [ 70.5626, 28.0198 ], [ 70.5303, 28.0325 ], [ 70.511387449056997, 28.0352676903819 ], [ 70.505820639041701, 28.037038001625778 ], [ 70.492320894978263, 28.034491590094898 ], [ 70.4838, 28.034 ], [ 70.4597, 28.0295 ], [ 70.448575207149062, 28.026239987442949 ], [ 70.372192349027088, 28.011832144615017 ], [ 70.369144025291646, 28.008791473359196 ], [ 70.3662, 28.0082 ], [ 70.3365, 27.9831 ], [ 70.3219, 27.9649 ], [ 70.3029, 27.9462 ], [ 70.2813, 27.9304 ], [ 70.264538081430487, 27.92016544999148 ], [ 70.227011574440084, 27.901370580287281 ], [ 70.216660920494277, 27.890932448062994 ], [ 70.2076, 27.8854 ], [ 70.1813, 27.8556 ], [ 70.157, 27.834 ], [ 70.147903289033422, 27.821593713295581 ], [ 70.132396196441633, 27.805955562920264 ], [ 70.126395021750923, 27.792260283729409 ], [ 70.1078, 27.7669 ], [ 70.0246, 27.5697 ], [ 70.016436647215045, 27.556225550222415 ], [ 70.012565845582628, 27.553487254393307 ], [ 69.9362, 27.5021 ], [ 69.927959625128167, 27.48985468769045 ], [ 69.878586654628265, 27.423460569800117 ], [ 69.862, 27.4028 ], [ 69.8325, 27.3788 ], [ 69.82770731425974, 27.374199021689346 ], [ 69.767240536594173, 27.326196660265403 ], [ 69.7247, 27.2948 ], [ 69.6987, 27.2777 ], [ 69.6659, 27.2514 ], [ 69.629564140184343, 27.216900408750835 ], [ 69.586415889966233, 27.182646592328926 ], [ 69.58084632343477, 27.169491749178437 ], [ 69.5781, 27.1655 ], [ 69.5652, 27.1385 ], [ 69.5373, 27.0693 ], [ 69.5132, 27.0169 ], [ 69.5036, 26.9433 ], [ 69.503339981014193, 26.939158956892541 ], [ 69.490718347348334, 26.849523965996877 ], [ 69.4855, 26.8235 ], [ 69.4837, 26.8062 ], [ 69.4875, 26.7937 ], [ 69.5077, 26.7485 ], [ 69.508628729559206, 26.747486840480871 ], [ 69.510309727068545, 26.74350376567466 ], [ 69.513537634398105, 26.742131671565712 ], [ 69.5154, 26.7401 ], [ 69.5224, 26.736 ], [ 69.5921, 26.7072 ], [ 69.599468883829857, 26.705604674634774 ], [ 69.603351484088535, 26.703954288673085 ], [ 69.6083, 26.7003 ], [ 69.6767, 26.6726 ], [ 69.678681574432744, 26.67193355119975 ], [ 69.722492714357472, 26.653310647609334 ], [ 69.765775804444999, 26.619010491250492 ], [ 69.7719, 26.6137 ], [ 69.774254726093332, 26.612291277402679 ], [ 69.791895930676063, 26.598311312609912 ], [ 69.807946570418409, 26.595022172365844 ], [ 69.8154, 26.5922 ], [ 69.8556, 26.5829 ], [ 69.873874348917269, 26.581512074765776 ], [ 69.886766902729022, 26.578870097980317 ], [ 69.914866281376135, 26.582467933899082 ], [ 69.9183, 26.5826 ], [ 69.931595842800974, 26.584609981869441 ], [ 70.043789380566906, 26.598975208414014 ], [ 70.062144773018005, 26.599241228594465 ], [ 70.10814354762762, 26.588913200963219 ], [ 70.132119527681851, 26.577599535375128 ], [ 70.155268248178956, 26.563202790402869 ], [ 70.1677, 26.5507 ], [ 70.175999878882962, 26.522572632674422 ], [ 70.17994920256946, 26.460044599679282 ], [ 70.176, 26.4333 ], [ 70.1793, 26.3753 ], [ 70.1779, 26.3658 ], [ 70.1783, 26.3498 ], [ 70.1667, 26.307 ], [ 70.166581928071025, 26.306094781877793 ], [ 70.163509411884135, 26.294930852809998 ], [ 70.164603723987966, 26.290814348276562 ], [ 70.1652, 26.2771 ], [ 70.1708, 26.2591 ], [ 70.1727, 26.2451 ], [ 70.17137251028916, 26.240049550423418 ], [ 70.152191344425574, 26.180133454031239 ], [ 70.1452, 26.1662 ], [ 70.0943, 26.0974 ], [ 70.092555414175024, 26.093895917360079 ], [ 70.083387220016007, 26.083288984623934 ], [ 70.084105870857712, 26.076924612406522 ], [ 70.0826, 26.0739 ], [ 70.0805, 26.0582 ], [ 70.0866, 26.0312 ], [ 70.091, 25.9968 ], [ 70.0913, 25.9652 ], [ 70.0961, 25.9443 ], [ 70.1067, 25.9242 ], [ 70.1417, 25.8754 ], [ 70.145, 25.8685 ], [ 70.150825608589983, 25.863132585344058 ], [ 70.170536086772486, 25.834131639422182 ], [ 70.178, 25.8195 ], [ 70.194051888757087, 25.810391190110064 ], [ 70.247241350770821, 25.761605257403229 ], [ 70.268652013746518, 25.713600200819208 ], [ 70.27087896697418, 25.712851887797182 ], [ 70.2723, 25.7087 ], [ 70.2759, 25.7034 ], [ 70.2796, 25.7013 ], [ 70.3752, 25.6685 ], [ 70.3997, 25.6638 ], [ 70.4253, 25.6696 ], [ 70.4598, 25.6735 ], [ 70.4903, 25.676 ], [ 70.5362, 25.6767 ], [ 70.5658, 25.6864 ], [ 70.6017, 25.7033 ], [ 70.6171, 25.7066 ], [ 70.642647897298346, 25.706514268801012 ], [ 70.656682398312284, 25.703001525579147 ], [ 70.661064212411503, 25.700273226234341 ], [ 70.673933669982091, 25.675841859103212 ], [ 70.667136073311426, 25.531338643180508 ], [ 70.676242373969245, 25.526396212006937 ], [ 70.6762, 25.5239 ], [ 70.678195832673723, 25.522774145671228 ], [ 70.664813860928319, 25.396882652903042 ], [ 70.724782844885709, 25.343292106078408 ], [ 70.737961510559344, 25.328239696470128 ], [ 70.751580966411524, 25.277815450083413 ], [ 70.888670578403591, 25.148173493255054 ], [ 70.937627759766542, 24.938558418915218 ], [ 71.026480143383452, 24.80884939334533 ], [ 71.065299095654993, 24.71746093735236 ], [ 71.082689810680407, 24.701782997580807 ], [ 71.095774460977253, 24.688127380725554 ], [ 70.998822367749895, 24.621842560927053 ], [ 70.987354744327405, 24.5434205408155 ], [ 71.005209766712412, 24.523020741958913 ], [ 70.998565183677329, 24.444426756836091 ], [ 71.00759396529665, 24.44367246761696 ], [ 71.0076, 24.4422 ], [ 71.0135, 24.4386 ], [ 71.0286, 24.4334 ], [ 71.0756, 24.4336 ], [ 71.0931, 24.4359 ], [ 71.108105933393972, 24.432192651749723 ], [ 71.125526485775296, 24.420078917949528 ], [ 71.121843871912461, 24.405660752751746 ], [ 71.081889236221045, 24.392911603372426 ], [ 71.042133710315724, 24.351252424785113 ], [ 70.986542479562644, 24.364708941682679 ], [ 70.947679833235682, 24.348051733051587 ], [ 70.874505089604042, 24.294490342038145 ], [ 70.884516159939253, 24.283574979248229 ], [ 70.8843, 24.2809 ], [ 70.8891, 24.2689 ], [ 70.9011, 24.2627 ], [ 70.8941, 24.2571 ], [ 70.8537, 24.2474 ], [ 70.8462, 24.243 ], [ 70.8372, 24.2345 ], [ 70.8162, 24.225 ], [ 70.8058, 24.2227 ], [ 70.7258, 24.2209 ], [ 70.6553, 24.2251 ], [ 70.6138, 24.2394 ], [ 70.607285997609324, 24.239690227829289 ], [ 70.577459082984049, 24.249654011834732 ], [ 70.5742, 24.2523 ], [ 70.572931428548955, 24.256676571506095 ], [ 70.579761647620586, 24.276511437272767 ], [ 70.5878, 24.2854 ], [ 70.583304791722171, 24.286800680840194 ], [ 70.584531311697162, 24.290362478611097 ], [ 70.579933867428352, 24.303708131107733 ], [ 70.5874, 24.3101 ], [ 70.5812, 24.316 ], [ 70.5721, 24.3445 ], [ 70.5852, 24.3521 ], [ 70.592, 24.3586 ], [ 70.6039, 24.3806 ], [ 70.6119, 24.4005 ], [ 70.600951908451322, 24.406123609866533 ], [ 70.602468540710419, 24.408122716762932 ], [ 70.573121694289185, 24.422362307981743 ], [ 70.563474522416826, 24.418987614061393 ], [ 70.5601, 24.4186 ], [ 70.5316, 24.41 ], [ 70.484655708289708, 24.391415868023969 ], [ 70.482474218465711, 24.390652757286052 ], [ 70.4661, 24.3868 ], [ 70.4596, 24.387 ], [ 70.3703, 24.3535 ], [ 70.353179351234189, 24.351163625112495 ], [ 70.325585359873401, 24.351876357272189 ], [ 70.109868381392118, 24.294974709864338 ], [ 70.070100029988836, 24.206480037985866 ], [ 70.061545830733294, 24.195644718928854 ], [ 70.0250573152192, 24.171284910064514 ], [ 69.780707669582625, 24.171095059961157 ], [ 69.726836558135545, 24.174940355493412 ], [ 69.594446021020801, 24.292398464659744 ], [ 69.494006106857313, 24.267780141018509 ], [ 69.438384627074541, 24.27202132938362 ], [ 69.4316, 24.2737 ], [ 69.414070630749094, 24.273875293692509 ], [ 69.312739640794589, 24.281601873734946 ], [ 69.292090653747962, 24.273753239215516 ], [ 69.2749, 24.2688 ], [ 69.2714, 24.2667 ], [ 69.271145801114614, 24.265792146837899 ], [ 69.233773577200878, 24.251587046800072 ], [ 69.229, 24.2512 ], [ 69.220495969989855, 24.246540257528686 ], [ 69.193280938592139, 24.236195884006001 ], [ 69.094753490057826, 24.274494284319985 ], [ 69.030752551629604, 24.237725804326256 ], [ 69.0137, 24.2291 ], [ 69.0005, 24.2259 ], [ 68.991405809760494, 24.226156174372942 ], [ 68.984741270160583, 24.227609708332281 ], [ 68.945283783706969, 24.302492759907828 ], [ 68.906750317829307, 24.279786040746171 ], [ 68.880291831727632, 24.216567569829152 ], [ 68.864821479790805, 24.212780055047102 ], [ 68.826311682724267, 24.317362932867326 ], [ 68.764704347376878, 24.295843708367237 ], [ 68.764293199955375, 24.284418211691204 ], [ 68.7641, 24.2841 ], [ 68.763915591151203, 24.273924729521077 ], [ 68.754607360769356, 24.015255576499182 ], [ 68.7509, 24.0 ], [ 68.749614537875061, 23.971266140736677 ], [ 68.556933637054499, 23.968765054268403 ], [ 68.5574, 23.9693 ], [ 68.554, 23.9737 ], [ 68.5474, 23.9751 ], [ 68.5471, 23.9813 ], [ 68.5499, 23.9871 ], [ 68.5482, 23.9876 ], [ 68.5451, 23.9818 ], [ 68.5451, 23.9724 ], [ 68.5435, 23.9726 ], [ 68.5443, 23.9704 ], [ 68.543394656042523, 23.968589312085037 ], [ 68.509124506631224, 23.968144469827223 ], [ 68.5101, 23.9729 ] ] ], [ [ [ 67.3562, 24.3676 ], [ 67.359, 24.3593 ], [ 67.3632, 24.3538 ], [ 67.3624, 24.3518 ], [ 67.3607, 24.3513 ], [ 67.3546, 24.3543 ], [ 67.3449, 24.3546 ], [ 67.3371, 24.3576 ], [ 67.336, 24.3568 ], [ 67.3268, 24.3615 ], [ 67.3224, 24.3604 ], [ 67.309, 24.3615 ], [ 67.3176, 24.3676 ], [ 67.3104, 24.3699 ], [ 67.3085, 24.3774 ], [ 67.3087, 24.3799 ], [ 67.3157, 24.3835 ], [ 67.3243, 24.3857 ], [ 67.3321, 24.381 ], [ 67.3371, 24.3804 ], [ 67.3396, 24.3815 ], [ 67.3418, 24.386 ], [ 67.3485, 24.386 ], [ 67.3507, 24.3826 ], [ 67.3551, 24.3824 ], [ 67.3579, 24.386 ], [ 67.3604, 24.3865 ], [ 67.3599, 24.3821 ], [ 67.3562, 24.3676 ] ] ], [ [ [ 67.3363, 24.4154 ], [ 67.3424, 24.4104 ], [ 67.3551, 24.404 ], [ 67.3524, 24.3979 ], [ 67.3421, 24.3988 ], [ 67.3401, 24.3971 ], [ 67.3424, 24.3924 ], [ 67.3407, 24.3863 ], [ 67.3374, 24.3818 ], [ 67.3254, 24.3874 ], [ 67.3151, 24.386 ], [ 67.3068, 24.3824 ], [ 67.3074, 24.3849 ], [ 67.3099, 24.3857 ], [ 67.311, 24.3904 ], [ 67.3099, 24.3921 ], [ 67.311, 24.3993 ], [ 67.3096, 24.4024 ], [ 67.3146, 24.406 ], [ 67.3085, 24.4107 ], [ 67.3079, 24.4154 ], [ 67.3157, 24.4132 ], [ 67.3235, 24.4199 ], [ 67.3285, 24.4185 ], [ 67.3363, 24.4154 ] ] ], [ [ [ 67.3112, 24.4043 ], [ 67.3099, 24.4037 ], [ 67.306, 24.4046 ], [ 67.304, 24.4032 ], [ 67.3029, 24.4043 ], [ 67.304, 24.4076 ], [ 67.3065, 24.4085 ], [ 67.3096, 24.4085 ], [ 67.3107, 24.4063 ], [ 67.3112, 24.4043 ] ] ], [ [ [ 67.3604, 24.4351 ], [ 67.364, 24.4296 ], [ 67.3729, 24.4251 ], [ 67.3776, 24.4265 ], [ 67.3796, 24.4299 ], [ 67.3846, 24.4296 ], [ 67.3871, 24.4285 ], [ 67.3874, 24.4188 ], [ 67.369, 24.4101 ], [ 67.354, 24.4076 ], [ 67.3426, 24.4138 ], [ 67.3368, 24.4188 ], [ 67.3299, 24.4201 ], [ 67.3271, 24.4224 ], [ 67.3215, 24.4218 ], [ 67.314, 24.4168 ], [ 67.3132, 24.4204 ], [ 67.3115, 24.4201 ], [ 67.3104, 24.4226 ], [ 67.3085, 24.4218 ], [ 67.3068, 24.4238 ], [ 67.3112, 24.4282 ], [ 67.3285, 24.4315 ], [ 67.3321, 24.4307 ], [ 67.3315, 24.434 ], [ 67.3351, 24.4374 ], [ 67.3401, 24.4365 ], [ 67.3604, 24.4351 ] ] ], [ [ [ 67.3696, 24.4538 ], [ 67.3718, 24.4537 ], [ 67.3735, 24.4565 ], [ 67.3801, 24.4499 ], [ 67.3871, 24.449 ], [ 67.3876, 24.444 ], [ 67.3901, 24.4385 ], [ 67.3854, 24.4374 ], [ 67.3807, 24.4388 ], [ 67.3685, 24.4326 ], [ 67.3668, 24.434 ], [ 67.3668, 24.4368 ], [ 67.3637, 24.4357 ], [ 67.3499, 24.4399 ], [ 67.3371, 24.4399 ], [ 67.3315, 24.4374 ], [ 67.3282, 24.4329 ], [ 67.311, 24.431 ], [ 67.3032, 24.4326 ], [ 67.3024, 24.4354 ], [ 67.2979, 24.4374 ], [ 67.299, 24.441 ], [ 67.3015, 24.4421 ], [ 67.3004, 24.444 ], [ 67.3079, 24.4476 ], [ 67.3085, 24.451 ], [ 67.3163, 24.4468 ], [ 67.3215, 24.446 ], [ 67.3257, 24.4482 ], [ 67.329, 24.4529 ], [ 67.3382, 24.449 ], [ 67.3482, 24.4515 ], [ 67.3504, 24.4549 ], [ 67.3568, 24.4568 ], [ 67.3646, 24.456 ], [ 67.369, 24.461 ], [ 67.3685, 24.4574 ], [ 67.3696, 24.4538 ] ] ], [ [ [ 67.3204, 24.4576 ], [ 67.3271, 24.4568 ], [ 67.3204, 24.451 ], [ 67.3093, 24.4565 ], [ 67.3096, 24.459 ], [ 67.3135, 24.461 ], [ 67.3165, 24.4593 ], [ 67.3204, 24.4576 ] ] ], [ [ [ 67.2768, 24.494 ], [ 67.2835, 24.4949 ], [ 67.2835, 24.4901 ], [ 67.2865, 24.4868 ], [ 67.2904, 24.4899 ], [ 67.291, 24.4879 ], [ 67.2951, 24.486 ], [ 67.2974, 24.4826 ], [ 67.3051, 24.4824 ], [ 67.3026, 24.4782 ], [ 67.3068, 24.4737 ], [ 67.3065, 24.4704 ], [ 67.3001, 24.4665 ], [ 67.2999, 24.4632 ], [ 67.2871, 24.4457 ], [ 67.2829, 24.4374 ], [ 67.281, 24.4412 ], [ 67.2843, 24.4435 ], [ 67.2874, 24.449 ], [ 67.2871, 24.4513 ], [ 67.2943, 24.4621 ], [ 67.2904, 24.464 ], [ 67.2826, 24.464 ], [ 67.2743, 24.4618 ], [ 67.2721, 24.4668 ], [ 67.2682, 24.4679 ], [ 67.2682, 24.4737 ], [ 67.2654, 24.4746 ], [ 67.2615, 24.4735 ], [ 67.2615, 24.4788 ], [ 67.2579, 24.4824 ], [ 67.2535, 24.4837 ], [ 67.2632, 24.4854 ], [ 67.2712, 24.489 ], [ 67.2718, 24.4926 ], [ 67.2663, 24.494 ], [ 67.2649, 24.4965 ], [ 67.2651, 24.5007 ], [ 67.2674, 24.4993 ], [ 67.2768, 24.494 ] ] ], [ [ [ 67.2651, 24.4701 ], [ 67.2657, 24.4737 ], [ 67.2676, 24.4732 ], [ 67.2676, 24.4707 ], [ 67.2651, 24.4701 ] ] ], [ [ [ 67.3351, 24.5254 ], [ 67.3418, 24.5229 ], [ 67.3407, 24.5113 ], [ 67.3307, 24.5124 ], [ 67.3285, 24.5115 ], [ 67.3276, 24.5096 ], [ 67.3357, 24.5063 ], [ 67.3438, 24.4976 ], [ 67.351, 24.4929 ], [ 67.3499, 24.4912 ], [ 67.3479, 24.4915 ], [ 67.3474, 24.4874 ], [ 67.3421, 24.4807 ], [ 67.3407, 24.4743 ], [ 67.339, 24.4754 ], [ 67.3382, 24.4826 ], [ 67.3363, 24.486 ], [ 67.3307, 24.4879 ], [ 67.3224, 24.484 ], [ 67.3224, 24.4751 ], [ 67.3268, 24.4679 ], [ 67.3262, 24.4638 ], [ 67.3235, 24.4632 ], [ 67.3196, 24.4649 ], [ 67.3168, 24.469 ], [ 67.3124, 24.4699 ], [ 67.3104, 24.4737 ], [ 67.3051, 24.4774 ], [ 67.3046, 24.4799 ], [ 67.3057, 24.481 ], [ 67.3112, 24.4796 ], [ 67.3154, 24.4804 ], [ 67.3199, 24.4943 ], [ 67.319, 24.4976 ], [ 67.3085, 24.5057 ], [ 67.3082, 24.514 ], [ 67.3171, 24.5254 ], [ 67.3207, 24.524 ], [ 67.3199, 24.5274 ], [ 67.324, 24.5279 ], [ 67.3262, 24.5263 ], [ 67.3351, 24.5254 ] ] ], [ [ [ 67.2915, 24.5171 ], [ 67.2946, 24.5151 ], [ 67.3012, 24.5163 ], [ 67.3021, 24.5068 ], [ 67.3046, 24.5046 ], [ 67.3096, 24.5035 ], [ 67.3179, 24.4962 ], [ 67.3157, 24.4849 ], [ 67.3135, 24.481 ], [ 67.3046, 24.484 ], [ 67.2982, 24.4835 ], [ 67.2957, 24.4868 ], [ 67.2921, 24.4876 ], [ 67.2901, 24.491 ], [ 67.2868, 24.4879 ], [ 67.2843, 24.4904 ], [ 67.2843, 24.4951 ], [ 67.281, 24.4957 ], [ 67.2807, 24.499 ], [ 67.2799, 24.4954 ], [ 67.2771, 24.4951 ], [ 67.2701, 24.4982 ], [ 67.2674, 24.5012 ], [ 67.2635, 24.5085 ], [ 67.266, 24.5099 ], [ 67.2663, 24.5126 ], [ 67.2704, 24.5096 ], [ 67.2815, 24.5093 ], [ 67.2835, 24.5107 ], [ 67.2821, 24.5135 ], [ 67.2838, 24.519 ], [ 67.2879, 24.5257 ], [ 67.2893, 24.5254 ], [ 67.2901, 24.5207 ], [ 67.2915, 24.5171 ] ] ], [ [ [ 67.2715, 24.5107 ], [ 67.2676, 24.5138 ], [ 67.2643, 24.5124 ], [ 67.2671, 24.5182 ], [ 67.2704, 24.5165 ], [ 67.2715, 24.5107 ] ] ], [ [ [ 67.326, 24.5418 ], [ 67.3429, 24.5415 ], [ 67.3507, 24.5354 ], [ 67.3626, 24.5315 ], [ 67.3668, 24.5268 ], [ 67.3671, 24.5218 ], [ 67.3662, 24.5201 ], [ 67.3637, 24.5207 ], [ 67.3629, 24.5126 ], [ 67.3576, 24.5063 ], [ 67.3543, 24.5046 ], [ 67.3515, 24.4949 ], [ 67.344, 24.4988 ], [ 67.3363, 24.5076 ], [ 67.3288, 24.5093 ], [ 67.3288, 24.5107 ], [ 67.3451, 24.5099 ], [ 67.3463, 24.5115 ], [ 67.3457, 24.5226 ], [ 67.3546, 24.5232 ], [ 67.3587, 24.5218 ], [ 67.3607, 24.5232 ], [ 67.3565, 24.5226 ], [ 67.3546, 24.5243 ], [ 67.3582, 24.5282 ], [ 67.3549, 24.5274 ], [ 67.3535, 24.5235 ], [ 67.3446, 24.5229 ], [ 67.3449, 24.5129 ], [ 67.3432, 24.5115 ], [ 67.3415, 24.5187 ], [ 67.3435, 24.5224 ], [ 67.3424, 24.5246 ], [ 67.3279, 24.5271 ], [ 67.3249, 24.529 ], [ 67.3163, 24.5276 ], [ 67.3149, 24.5287 ], [ 67.314, 24.5246 ], [ 67.3051, 24.5129 ], [ 67.3051, 24.5068 ], [ 67.3037, 24.5065 ], [ 67.3032, 24.5082 ], [ 67.3035, 24.5157 ], [ 67.2993, 24.5187 ], [ 67.3007, 24.5251 ], [ 67.2988, 24.5226 ], [ 67.2988, 24.5174 ], [ 67.2951, 24.5165 ], [ 67.2929, 24.5176 ], [ 67.291, 24.5224 ], [ 67.2907, 24.531 ], [ 67.2924, 24.5329 ], [ 67.3001, 24.531 ], [ 67.3068, 24.5321 ], [ 67.3096, 24.5388 ], [ 67.3057, 24.5468 ], [ 67.3021, 24.5504 ], [ 67.304, 24.5518 ], [ 67.311, 24.5504 ], [ 67.326, 24.5418 ] ] ], [ [ [ 67.364, 24.4571 ], [ 67.3579, 24.4579 ], [ 67.3607, 24.4621 ], [ 67.3674, 24.4632 ], [ 67.3685, 24.4629 ], [ 67.3676, 24.4613 ], [ 67.364, 24.4571 ] ] ], [ [ [ 67.3696, 24.6338 ], [ 67.3729, 24.6301 ], [ 67.3729, 24.6188 ], [ 67.3676, 24.6126 ], [ 67.3632, 24.6107 ], [ 67.3674, 24.6182 ], [ 67.366, 24.6235 ], [ 67.361, 24.6246 ], [ 67.3601, 24.6268 ], [ 67.3551, 24.6285 ], [ 67.341, 24.6271 ], [ 67.3282, 24.621 ], [ 67.3288, 24.6249 ], [ 67.3304, 24.6259 ], [ 67.3285, 24.6276 ], [ 67.3293, 24.6301 ], [ 67.3354, 24.6307 ], [ 67.3376, 24.6329 ], [ 67.3388, 24.6365 ], [ 67.3363, 24.636 ], [ 67.3365, 24.6388 ], [ 67.3538, 24.6429 ], [ 67.3568, 24.6415 ], [ 67.3696, 24.6338 ] ] ], [ [ [ 67.3815, 24.6521 ], [ 67.3838, 24.6521 ], [ 67.3821, 24.6468 ], [ 67.3688, 24.651 ], [ 67.3699, 24.6626 ], [ 67.3718, 24.6607 ], [ 67.3815, 24.6521 ] ] ], [ [ [ 67.3676, 24.6599 ], [ 67.3654, 24.6571 ], [ 67.3668, 24.6493 ], [ 67.3618, 24.6465 ], [ 67.3549, 24.6457 ], [ 67.3504, 24.6476 ], [ 67.3487, 24.6454 ], [ 67.3426, 24.6437 ], [ 67.3429, 24.646 ], [ 67.3485, 24.6521 ], [ 67.3504, 24.6562 ], [ 67.3501, 24.661 ], [ 67.3526, 24.6649 ], [ 67.3593, 24.6676 ], [ 67.3668, 24.6665 ], [ 67.3676, 24.6599 ] ] ], [ [ [ 67.2999, 24.5543 ], [ 67.2996, 24.5476 ], [ 67.3063, 24.536 ], [ 67.3029, 24.5343 ], [ 67.2949, 24.5376 ], [ 67.291, 24.5368 ], [ 67.276, 24.5207 ], [ 67.2749, 24.5251 ], [ 67.2724, 24.5249 ], [ 67.2685, 24.5296 ], [ 67.2663, 24.5299 ], [ 67.2671, 24.5354 ], [ 67.2721, 24.5368 ], [ 67.2746, 24.5393 ], [ 67.2763, 24.5487 ], [ 67.2857, 24.5468 ], [ 67.2879, 24.5524 ], [ 67.2882, 24.5596 ], [ 67.2915, 24.5607 ], [ 67.2935, 24.5593 ], [ 67.2999, 24.5543 ] ] ], [ [ [ 67.299, 24.5854 ], [ 67.2951, 24.5832 ], [ 67.2929, 24.5885 ], [ 67.2949, 24.5932 ], [ 67.2968, 24.5938 ], [ 67.2979, 24.5921 ], [ 67.299, 24.5854 ] ] ], [ [ [ 67.3171, 24.5882 ], [ 67.3157, 24.5885 ], [ 67.3179, 24.5915 ], [ 67.3196, 24.5913 ], [ 67.3187, 24.5899 ], [ 67.3171, 24.5882 ] ] ], [ [ [ 67.3221, 24.619 ], [ 67.3351, 24.6096 ], [ 67.3354, 24.6049 ], [ 67.3382, 24.6032 ], [ 67.3396, 24.604 ], [ 67.3401, 24.6018 ], [ 67.3351, 24.5888 ], [ 67.3318, 24.5882 ], [ 67.3293, 24.5921 ], [ 67.3251, 24.5946 ], [ 67.321, 24.5943 ], [ 67.3168, 24.5918 ], [ 67.3146, 24.5879 ], [ 67.3163, 24.5765 ], [ 67.3138, 24.5738 ], [ 67.3093, 24.5835 ], [ 67.3043, 24.5865 ], [ 67.304, 24.591 ], [ 67.3063, 24.599 ], [ 67.3143, 24.5976 ], [ 67.3165, 24.6032 ], [ 67.3143, 24.5985 ], [ 67.3068, 24.6001 ], [ 67.3046, 24.5982 ], [ 67.3026, 24.5863 ], [ 67.2999, 24.5863 ], [ 67.2988, 24.5982 ], [ 67.3015, 24.6026 ], [ 67.3093, 24.6093 ], [ 67.3129, 24.6074 ], [ 67.314, 24.6046 ], [ 67.3154, 24.6101 ], [ 67.309, 24.6149 ], [ 67.3082, 24.6113 ], [ 67.3004, 24.6046 ], [ 67.2976, 24.6015 ], [ 67.2965, 24.5971 ], [ 67.2946, 24.5965 ], [ 67.2921, 24.5982 ], [ 67.2915, 24.6063 ], [ 67.2896, 24.6085 ], [ 67.294, 24.6215 ], [ 67.3004, 24.6251 ], [ 67.3024, 24.6296 ], [ 67.3049, 24.6312 ], [ 67.3121, 24.6312 ], [ 67.314, 24.6296 ], [ 67.3221, 24.619 ] ] ], [ [ [ 67.2915, 24.5743 ], [ 67.2957, 24.5751 ], [ 67.3046, 24.5629 ], [ 67.3046, 24.561 ], [ 67.2996, 24.5565 ], [ 67.2968, 24.5568 ], [ 67.2918, 24.5618 ], [ 67.2882, 24.561 ], [ 67.2862, 24.5485 ], [ 67.2838, 24.5476 ], [ 67.2785, 24.5504 ], [ 67.276, 24.5499 ], [ 67.2738, 24.5399 ], [ 67.2712, 24.5374 ], [ 67.2671, 24.5385 ], [ 67.264, 24.531 ], [ 67.2579, 24.5318 ], [ 67.2532, 24.5393 ], [ 67.2501, 24.5415 ], [ 67.2443, 24.5393 ], [ 67.2435, 24.5346 ], [ 67.2462, 24.5282 ], [ 67.2421, 24.5276 ], [ 67.2387, 24.5299 ], [ 67.2374, 24.5413 ], [ 67.2213, 24.5457 ], [ 67.2199, 24.5482 ], [ 67.2193, 24.5551 ], [ 67.2285, 24.5618 ], [ 67.2254, 24.5654 ], [ 67.2257, 24.5724 ], [ 67.2374, 24.5696 ], [ 67.2385, 24.5713 ], [ 67.2443, 24.5707 ], [ 67.2499, 24.5738 ], [ 67.2701, 24.5743 ], [ 67.2779, 24.5785 ], [ 67.2838, 24.5771 ], [ 67.2915, 24.5743 ] ] ], [ [ [ 67.2707, 24.6476 ], [ 67.2746, 24.6449 ], [ 67.2735, 24.6338 ], [ 67.2751, 24.631 ], [ 67.2835, 24.631 ], [ 67.286, 24.6296 ], [ 67.2846, 24.6249 ], [ 67.2779, 24.626 ], [ 67.2832, 24.6238 ], [ 67.2838, 24.6221 ], [ 67.2799, 24.6174 ], [ 67.2776, 24.6082 ], [ 67.2712, 24.5976 ], [ 67.2679, 24.5968 ], [ 67.2665, 24.5987 ], [ 67.2668, 24.5965 ], [ 67.2607, 24.596 ], [ 67.2593, 24.5976 ], [ 67.2593, 24.5957 ], [ 67.2554, 24.5954 ], [ 67.2551, 24.6001 ], [ 67.2532, 24.601 ], [ 67.2468, 24.5993 ], [ 67.2457, 24.5976 ], [ 67.2429, 24.5982 ], [ 67.2407, 24.6004 ], [ 67.2424, 24.6029 ], [ 67.2385, 24.606 ], [ 67.2407, 24.6074 ], [ 67.2418, 24.6043 ], [ 67.2435, 24.609 ], [ 67.2363, 24.6096 ], [ 67.2343, 24.611 ], [ 67.2346, 24.6129 ], [ 67.2471, 24.614 ], [ 67.2385, 24.6151 ], [ 67.2438, 24.6185 ], [ 67.2462, 24.6246 ], [ 67.2521, 24.6274 ], [ 67.2451, 24.6257 ], [ 67.2371, 24.6329 ], [ 67.2374, 24.6346 ], [ 67.249, 24.6393 ], [ 67.2557, 24.6354 ], [ 67.2596, 24.6354 ], [ 67.2613, 24.6449 ], [ 67.2643, 24.6488 ], [ 67.2679, 24.6474 ], [ 67.2707, 24.6476 ] ] ], [ [ [ 67.2279, 24.6304 ], [ 67.2282, 24.6271 ], [ 67.2263, 24.6188 ], [ 67.2235, 24.6168 ], [ 67.214, 24.6262 ], [ 67.2201, 24.6329 ], [ 67.2237, 24.6338 ], [ 67.2254, 24.6324 ], [ 67.2279, 24.6304 ] ] ], [ [ [ 67.2376, 24.6371 ], [ 67.2363, 24.6315 ], [ 67.2432, 24.6271 ], [ 67.2446, 24.624 ], [ 67.2418, 24.619 ], [ 67.2296, 24.6138 ], [ 67.2276, 24.6165 ], [ 67.2304, 24.6265 ], [ 67.2301, 24.631 ], [ 67.2226, 24.6371 ], [ 67.2324, 24.6415 ], [ 67.2354, 24.6401 ], [ 67.2376, 24.6371 ] ] ], [ [ [ 67.3365, 24.6046 ], [ 67.336, 24.6071 ], [ 67.3371, 24.6074 ], [ 67.3382, 24.6054 ], [ 67.3365, 24.6046 ] ] ], [ [ [ 67.2899, 24.6624 ], [ 67.3012, 24.6643 ], [ 67.3051, 24.6465 ], [ 67.3085, 24.6396 ], [ 67.2932, 24.631 ], [ 67.2763, 24.6326 ], [ 67.2757, 24.6415 ], [ 67.2804, 24.6499 ], [ 67.2754, 24.6632 ], [ 67.2774, 24.6663 ], [ 67.2807, 24.6649 ], [ 67.2899, 24.6624 ] ] ], [ [ [ 67.3438, 24.6657 ], [ 67.3463, 24.659 ], [ 67.3457, 24.656 ], [ 67.339, 24.6532 ], [ 67.334, 24.6418 ], [ 67.3313, 24.6399 ], [ 67.3199, 24.6379 ], [ 67.314, 24.6399 ], [ 67.3124, 24.6451 ], [ 67.3082, 24.6488 ], [ 67.3085, 24.6537 ], [ 67.3049, 24.659 ], [ 67.3051, 24.6629 ], [ 67.3085, 24.6649 ], [ 67.3118, 24.656 ], [ 67.3171, 24.6535 ], [ 67.3207, 24.6537 ], [ 67.3215, 24.6638 ], [ 67.3265, 24.6654 ], [ 67.3326, 24.6651 ], [ 67.3365, 24.669 ], [ 67.3351, 24.6729 ], [ 67.3374, 24.6713 ], [ 67.3438, 24.6657 ] ] ], [ [ [ 67.2785, 24.6499 ], [ 67.2763, 24.646 ], [ 67.2712, 24.649 ], [ 67.2657, 24.6499 ], [ 67.2651, 24.6518 ], [ 67.2649, 24.6557 ], [ 67.2682, 24.6649 ], [ 67.274, 24.6649 ], [ 67.2743, 24.6579 ], [ 67.2785, 24.6499 ] ] ], [ [ [ 67.2771, 24.6676 ], [ 67.2754, 24.6665 ], [ 67.2671, 24.6663 ], [ 67.266, 24.669 ], [ 67.2604, 24.6732 ], [ 67.2637, 24.6743 ], [ 67.2688, 24.6718 ], [ 67.2754, 24.6743 ], [ 67.2771, 24.6715 ], [ 67.2771, 24.6676 ] ] ], [ [ [ 67.3004, 24.6882 ], [ 67.3046, 24.6857 ], [ 67.3082, 24.6774 ], [ 67.3126, 24.6763 ], [ 67.3176, 24.6785 ], [ 67.3193, 24.6771 ], [ 67.3224, 24.6696 ], [ 67.3185, 24.6646 ], [ 67.3187, 24.6593 ], [ 67.3171, 24.656 ], [ 67.3149, 24.6579 ], [ 67.3151, 24.664 ], [ 67.3132, 24.6663 ], [ 67.3101, 24.6679 ], [ 67.304, 24.6671 ], [ 67.3035, 24.6721 ], [ 67.2915, 24.6765 ], [ 67.2846, 24.6837 ], [ 67.2871, 24.6893 ], [ 67.2951, 24.6896 ], [ 67.2971, 24.6882 ], [ 67.3004, 24.6882 ] ] ], [ [ [ 67.2926, 24.6949 ], [ 67.2926, 24.6921 ], [ 67.286, 24.6904 ], [ 67.2832, 24.6868 ], [ 67.2832, 24.6832 ], [ 67.2888, 24.6763 ], [ 67.3026, 24.6707 ], [ 67.3026, 24.6688 ], [ 67.3001, 24.6685 ], [ 67.2979, 24.6659 ], [ 67.291, 24.6643 ], [ 67.2779, 24.6682 ], [ 67.2771, 24.6738 ], [ 67.2782, 24.6751 ], [ 67.2826, 24.6754 ], [ 67.2813, 24.6774 ], [ 67.2787, 24.6763 ], [ 67.276, 24.6785 ], [ 67.2685, 24.6729 ], [ 67.2621, 24.6754 ], [ 67.2571, 24.6718 ], [ 67.2524, 24.6715 ], [ 67.2496, 24.6693 ], [ 67.2424, 24.6763 ], [ 67.2476, 24.6801 ], [ 67.2529, 24.6771 ], [ 67.2554, 24.6776 ], [ 67.2557, 24.6846 ], [ 67.2576, 24.6865 ], [ 67.2637, 24.6871 ], [ 67.2688, 24.6829 ], [ 67.2771, 24.6843 ], [ 67.2785, 24.6879 ], [ 67.2763, 24.6913 ], [ 67.2801, 24.6965 ], [ 67.2868, 24.6957 ], [ 67.2926, 24.6949 ] ] ], [ [ [ 67.3332, 24.6804 ], [ 67.3343, 24.6851 ], [ 67.3376, 24.6865 ], [ 67.336, 24.681 ], [ 67.3332, 24.6804 ] ] ], [ [ [ 67.2671, 24.4651 ], [ 67.2665, 24.4668 ], [ 67.261, 24.4649 ], [ 67.2654, 24.469 ], [ 67.2701, 24.4662 ], [ 67.2671, 24.4651 ] ] ], [ [ [ 67.2604, 24.4782 ], [ 67.2607, 24.4732 ], [ 67.2557, 24.4751 ], [ 67.2593, 24.4782 ], [ 67.2549, 24.4799 ], [ 67.2521, 24.4832 ], [ 67.2557, 24.4826 ], [ 67.2604, 24.4782 ] ] ], [ [ [ 67.2418, 24.5076 ], [ 67.2404, 24.5093 ], [ 67.2449, 24.5107 ], [ 67.244, 24.5085 ], [ 67.2418, 24.5076 ] ] ], [ [ [ 67.2557, 24.5321 ], [ 67.2626, 24.5296 ], [ 67.2551, 24.5246 ], [ 67.2529, 24.5207 ], [ 67.2487, 24.5232 ], [ 67.2446, 24.5365 ], [ 67.2482, 24.5404 ], [ 67.2513, 24.5404 ], [ 67.2521, 24.5388 ], [ 67.2557, 24.5321 ] ] ], [ [ [ 67.2113, 24.6704 ], [ 67.2182, 24.6668 ], [ 67.2268, 24.6668 ], [ 67.2299, 24.671 ], [ 67.2318, 24.6707 ], [ 67.2371, 24.6629 ], [ 67.2424, 24.6587 ], [ 67.2468, 24.6587 ], [ 67.2504, 24.6612 ], [ 67.2507, 24.6679 ], [ 67.2529, 24.6701 ], [ 67.2596, 24.6701 ], [ 67.264, 24.6682 ], [ 67.2665, 24.6657 ], [ 67.2665, 24.6632 ], [ 67.2629, 24.6565 ], [ 67.2629, 24.6474 ], [ 67.2588, 24.6426 ], [ 67.2585, 24.6371 ], [ 67.256, 24.6365 ], [ 67.2521, 24.6385 ], [ 67.2526, 24.6413 ], [ 67.2385, 24.6374 ], [ 67.2346, 24.6426 ], [ 67.2321, 24.6426 ], [ 67.2265, 24.6396 ], [ 67.2221, 24.6396 ], [ 67.2213, 24.641 ], [ 67.2199, 24.6393 ], [ 67.221, 24.6377 ], [ 67.2174, 24.6365 ], [ 67.214, 24.639 ], [ 67.2143, 24.6421 ], [ 67.2124, 24.6418 ], [ 67.2151, 24.6435 ], [ 67.2151, 24.6454 ], [ 67.2135, 24.646 ], [ 67.2046, 24.6449 ], [ 67.1974, 24.6463 ], [ 67.189, 24.6446 ], [ 67.1871, 24.6465 ], [ 67.1849, 24.646 ], [ 67.1857, 24.6507 ], [ 67.1832, 24.6515 ], [ 67.1815, 24.6562 ], [ 67.1826, 24.6579 ], [ 67.1846, 24.6571 ], [ 67.1851, 24.659 ], [ 67.1885, 24.6593 ], [ 67.1885, 24.6607 ], [ 67.1818, 24.6604 ], [ 67.1771, 24.6638 ], [ 67.1826, 24.6674 ], [ 67.1832, 24.6696 ], [ 67.1882, 24.6713 ], [ 67.1885, 24.6729 ], [ 67.1924, 24.6718 ], [ 67.1946, 24.6768 ], [ 67.1993, 24.6757 ], [ 67.2004, 24.679 ], [ 67.2046, 24.6776 ], [ 67.2113, 24.6704 ] ] ], [ [ [ 67.3124, 24.7349 ], [ 67.3085, 24.729 ], [ 67.3096, 24.721 ], [ 67.3032, 24.7165 ], [ 67.3032, 24.7146 ], [ 67.3079, 24.7096 ], [ 67.3076, 24.7029 ], [ 67.304, 24.6982 ], [ 67.2996, 24.6988 ], [ 67.2954, 24.6968 ], [ 67.2807, 24.6982 ], [ 67.2751, 24.6918 ], [ 67.2774, 24.6876 ], [ 67.2765, 24.6854 ], [ 67.269, 24.684 ], [ 67.2635, 24.6887 ], [ 67.2571, 24.6879 ], [ 67.2543, 24.6851 ], [ 67.2543, 24.6787 ], [ 67.2471, 24.6815 ], [ 67.2412, 24.6779 ], [ 67.2421, 24.6735 ], [ 67.2485, 24.6679 ], [ 67.2487, 24.6629 ], [ 67.2454, 24.6604 ], [ 67.2424, 24.6612 ], [ 67.2329, 24.6726 ], [ 67.2288, 24.6738 ], [ 67.2232, 24.6701 ], [ 67.2193, 24.6707 ], [ 67.2126, 24.676 ], [ 67.2093, 24.6837 ], [ 67.206, 24.6846 ], [ 67.2043, 24.6868 ], [ 67.2018, 24.686 ], [ 67.2012, 24.6879 ], [ 67.1968, 24.6876 ], [ 67.1904, 24.691 ], [ 67.1957, 24.6965 ], [ 67.1974, 24.7018 ], [ 67.1974, 24.711 ], [ 67.2001, 24.7171 ], [ 67.204, 24.7182 ], [ 67.2143, 24.7174 ], [ 67.221, 24.7221 ], [ 67.2251, 24.7229 ], [ 67.2299, 24.709 ], [ 67.2346, 24.7035 ], [ 67.2468, 24.7007 ], [ 67.2576, 24.7065 ], [ 67.279, 24.7315 ], [ 67.2854, 24.7343 ], [ 67.2974, 24.7349 ], [ 67.3099, 24.7393 ], [ 67.3118, 24.7376 ], [ 67.3124, 24.7349 ] ] ], [ [ [ 67.2429, 24.7557 ], [ 67.2438, 24.7488 ], [ 67.2521, 24.739 ], [ 67.251, 24.736 ], [ 67.2471, 24.7335 ], [ 67.239, 24.7349 ], [ 67.2321, 24.734 ], [ 67.2237, 24.7285 ], [ 67.2182, 24.7282 ], [ 67.2151, 24.7263 ], [ 67.2135, 24.7274 ], [ 67.2129, 24.7249 ], [ 67.2099, 24.7235 ], [ 67.204, 24.7263 ], [ 67.2001, 24.7257 ], [ 67.1943, 24.7213 ], [ 67.1913, 24.7013 ], [ 67.1835, 24.7057 ], [ 67.1726, 24.7185 ], [ 67.1732, 24.7215 ], [ 67.1774, 24.7249 ], [ 67.1851, 24.7263 ], [ 67.1993, 24.736 ], [ 67.2065, 24.7385 ], [ 67.2063, 24.7404 ], [ 67.2076, 24.7396 ], [ 67.2138, 24.7432 ], [ 67.2207, 24.751 ], [ 67.2326, 24.7551 ], [ 67.2354, 24.7582 ], [ 67.2399, 24.7568 ], [ 67.2429, 24.7557 ] ] ], [ [ [ 67.1237, 24.7499 ], [ 67.126, 24.7471 ], [ 67.1282, 24.7521 ], [ 67.1321, 24.7521 ], [ 67.1376, 24.7451 ], [ 67.1485, 24.7374 ], [ 67.151, 24.7374 ], [ 67.1518, 24.7354 ], [ 67.1513, 24.7343 ], [ 67.1424, 24.7354 ], [ 67.1199, 24.7446 ], [ 67.1179, 24.7488 ], [ 67.1215, 24.7529 ], [ 67.121, 24.7482 ], [ 67.1237, 24.7499 ] ] ], [ [ [ 67.1554, 24.7604 ], [ 67.1563, 24.7582 ], [ 67.1532, 24.7582 ], [ 67.1532, 24.759 ], [ 67.1554, 24.7604 ] ] ], [ [ [ 67.1696, 24.7679 ], [ 67.1649, 24.766 ], [ 67.1668, 24.7696 ], [ 67.1654, 24.7718 ], [ 67.164, 24.7657 ], [ 67.1646, 24.7621 ], [ 67.1743, 24.761 ], [ 67.1813, 24.7579 ], [ 67.186, 24.7588 ], [ 67.1862, 24.7565 ], [ 67.1832, 24.7532 ], [ 67.1768, 24.7534 ], [ 67.1724, 24.756 ], [ 67.1618, 24.7574 ], [ 67.1596, 24.759 ], [ 67.159, 24.7674 ], [ 67.161, 24.7713 ], [ 67.1663, 24.7732 ], [ 67.1693, 24.7726 ], [ 67.1693, 24.771 ], [ 67.1696, 24.7679 ] ] ], [ [ [ 67.1715, 24.7649 ], [ 67.1712, 24.7621 ], [ 67.1674, 24.7621 ], [ 67.1693, 24.7674 ], [ 67.1712, 24.7665 ], [ 67.1704, 24.7646 ], [ 67.1715, 24.7649 ] ] ], [ [ [ 67.2813, 24.7838 ], [ 67.2924, 24.7768 ], [ 67.2846, 24.7738 ], [ 67.2807, 24.7668 ], [ 67.269, 24.7557 ], [ 67.266, 24.7476 ], [ 67.2618, 24.7474 ], [ 67.2615, 24.751 ], [ 67.264, 24.7543 ], [ 67.2599, 24.7499 ], [ 67.2554, 24.7504 ], [ 67.2562, 24.7563 ], [ 67.2579, 24.7579 ], [ 67.2615, 24.7579 ], [ 67.2607, 24.7615 ], [ 67.2576, 24.7629 ], [ 67.2579, 24.7663 ], [ 67.2538, 24.7671 ], [ 67.2538, 24.7687 ], [ 67.2499, 24.7685 ], [ 67.2485, 24.7701 ], [ 67.2496, 24.7724 ], [ 67.2462, 24.7732 ], [ 67.2446, 24.7763 ], [ 67.2387, 24.7771 ], [ 67.2387, 24.7801 ], [ 67.2415, 24.779 ], [ 67.2482, 24.781 ], [ 67.2604, 24.7871 ], [ 67.2738, 24.786 ], [ 67.2813, 24.7838 ] ] ], [ [ [ 67.2282, 24.7826 ], [ 67.2237, 24.7813 ], [ 67.221, 24.7779 ], [ 67.2165, 24.779 ], [ 67.2157, 24.7829 ], [ 67.2118, 24.7821 ], [ 67.2118, 24.7785 ], [ 67.2087, 24.7765 ], [ 67.2049, 24.7799 ], [ 67.2071, 24.7724 ], [ 67.2049, 24.7707 ], [ 67.2021, 24.7713 ], [ 67.2021, 24.769 ], [ 67.2004, 24.7699 ], [ 67.2001, 24.7682 ], [ 67.1963, 24.7674 ], [ 67.1921, 24.7635 ], [ 67.1893, 24.7635 ], [ 67.1849, 24.7596 ], [ 67.1796, 24.7615 ], [ 67.1793, 24.7654 ], [ 67.1757, 24.7624 ], [ 67.1724, 24.7643 ], [ 67.1738, 24.7676 ], [ 67.179, 24.7679 ], [ 67.1813, 24.7699 ], [ 67.186, 24.7685 ], [ 67.194, 24.7693 ], [ 67.1943, 24.7726 ], [ 67.1907, 24.7718 ], [ 67.1899, 24.7735 ], [ 67.1918, 24.7785 ], [ 67.1954, 24.7774 ], [ 67.1979, 24.7796 ], [ 67.2007, 24.7768 ], [ 67.2004, 24.7807 ], [ 67.1985, 24.7807 ], [ 67.1999, 24.7862 ], [ 67.2043, 24.7851 ], [ 67.2104, 24.7874 ], [ 67.2146, 24.7932 ], [ 67.2165, 24.7921 ], [ 67.2282, 24.7826 ] ] ], [ [ [ 66.9788, 24.8037 ], [ 66.9776, 24.8035 ], [ 66.9765, 24.8082 ], [ 66.9782, 24.806 ], [ 66.9788, 24.8037 ] ] ], [ [ [ 66.9713, 24.8074 ], [ 66.9726, 24.8071 ], [ 66.9724, 24.8057 ], [ 66.9715, 24.8063 ], [ 66.9713, 24.8074 ] ] ], [ [ [ 66.9713, 24.809 ], [ 66.9699, 24.8099 ], [ 66.9699, 24.8143 ], [ 66.9713, 24.8104 ], [ 66.9713, 24.809 ] ] ], [ [ [ 66.9685, 24.8171 ], [ 66.9682, 24.8204 ], [ 66.9693, 24.8193 ], [ 66.9688, 24.8171 ], [ 66.9685, 24.8171 ] ] ], [ [ [ 66.9493, 24.8351 ], [ 66.9496, 24.8371 ], [ 66.9504, 24.836 ], [ 66.9504, 24.834 ], [ 66.9493, 24.8351 ] ] ], [ [ [ 66.9454, 24.839 ], [ 66.9474, 24.8388 ], [ 66.9463, 24.8374 ], [ 66.9454, 24.8376 ], [ 66.9454, 24.839 ] ] ], [ [ [ 66.9432, 24.8396 ], [ 66.9385, 24.8426 ], [ 66.9407, 24.8432 ], [ 66.9449, 24.8418 ], [ 66.9432, 24.8396 ] ] ], [ [ [ 66.9362, 24.8424 ], [ 66.9385, 24.8451 ], [ 66.9385, 24.844 ], [ 66.9371, 24.8421 ], [ 66.9362, 24.8424 ] ] ], [ [ [ 66.956, 24.8351 ], [ 66.9565, 24.8332 ], [ 66.9549, 24.8329 ], [ 66.956, 24.8357 ], [ 66.9579, 24.834 ], [ 66.956, 24.8351 ] ] ], [ [ [ 66.9538, 24.8329 ], [ 66.9521, 24.8326 ], [ 66.9512, 24.8379 ], [ 66.9532, 24.8357 ], [ 66.9538, 24.8329 ] ] ], [ [ [ 66.9293, 24.8507 ], [ 66.9257, 24.8485 ], [ 66.9251, 24.844 ], [ 66.9226, 24.8415 ], [ 66.9174, 24.8404 ], [ 66.9157, 24.8449 ], [ 66.919, 24.8474 ], [ 66.9212, 24.8521 ], [ 66.9224, 24.8532 ], [ 66.9279, 24.8521 ], [ 66.9293, 24.8507 ] ] ], [ [ [ 66.6101, 24.8957 ], [ 66.6085, 24.891 ], [ 66.606, 24.8915 ], [ 66.6026, 24.896 ], [ 66.5976, 24.8976 ], [ 66.6013, 24.8993 ], [ 66.6021, 24.9018 ], [ 66.6054, 24.9026 ], [ 66.6065, 24.901 ], [ 66.6101, 24.8957 ] ] ], [ [ [ 63.8665, 25.1249 ], [ 63.8524, 25.1179 ], [ 63.8368, 25.1182 ], [ 63.8332, 25.1162 ], [ 63.826, 25.1176 ], [ 63.8276, 25.1218 ], [ 63.8321, 25.1196 ], [ 63.8438, 25.1262 ], [ 63.8613, 25.1268 ], [ 63.8665, 25.1249 ] ] ], [ [ [ 67.4243, 24.6965 ], [ 67.4332, 24.6865 ], [ 67.4335, 24.6843 ], [ 67.4301, 24.6813 ], [ 67.4176, 24.6774 ], [ 67.4132, 24.6724 ], [ 67.4201, 24.6607 ], [ 67.4243, 24.6607 ], [ 67.4265, 24.6585 ], [ 67.4351, 24.6432 ], [ 67.434, 24.6413 ], [ 67.429, 24.6413 ], [ 67.4274, 24.6426 ], [ 67.4285, 24.646 ], [ 67.426, 24.6457 ], [ 67.4201, 24.6515 ], [ 67.4099, 24.6554 ], [ 67.3988, 24.6493 ], [ 67.3896, 24.6482 ], [ 67.3865, 24.6463 ], [ 67.3851, 24.6482 ], [ 67.3874, 24.6499 ], [ 67.3854, 24.6499 ], [ 67.3849, 24.6532 ], [ 67.3882, 24.6593 ], [ 67.3876, 24.6621 ], [ 67.3926, 24.6649 ], [ 67.3874, 24.6632 ], [ 67.3863, 24.6571 ], [ 67.3818, 24.6549 ], [ 67.3737, 24.6612 ], [ 67.3735, 24.6651 ], [ 67.371, 24.6651 ], [ 67.3674, 24.6693 ], [ 67.3601, 24.6701 ], [ 67.3482, 24.6671 ], [ 67.3421, 24.6724 ], [ 67.3443, 24.681 ], [ 67.3565, 24.686 ], [ 67.3754, 24.6857 ], [ 67.3776, 24.6824 ], [ 67.3804, 24.686 ], [ 67.3863, 24.6863 ], [ 67.389, 24.6879 ], [ 67.3935, 24.6851 ], [ 67.3924, 24.6876 ], [ 67.4001, 24.6901 ], [ 67.4049, 24.6954 ], [ 67.4115, 24.6982 ], [ 67.4201, 24.6976 ], [ 67.4243, 24.6965 ] ] ], [ [ [ 67.3851, 24.7043 ], [ 67.3854, 24.7007 ], [ 67.389, 24.6979 ], [ 67.3949, 24.6974 ], [ 67.3938, 24.6949 ], [ 67.3812, 24.6904 ], [ 67.3676, 24.6904 ], [ 67.3718, 24.6957 ], [ 67.3832, 24.6985 ], [ 67.3829, 24.701 ], [ 67.3793, 24.7046 ], [ 67.3801, 24.7082 ], [ 67.3879, 24.7093 ], [ 67.3876, 24.7071 ], [ 67.3851, 24.7043 ] ] ], [ [ [ 67.374, 24.7221 ], [ 67.3693, 24.721 ], [ 67.3635, 24.7243 ], [ 67.3685, 24.7276 ], [ 67.3704, 24.7254 ], [ 67.374, 24.7221 ] ] ], [ [ [ 67.4054, 24.7488 ], [ 67.4043, 24.7399 ], [ 67.4013, 24.739 ], [ 67.3946, 24.7404 ], [ 67.3871, 24.7374 ], [ 67.3832, 24.7374 ], [ 67.3796, 24.734 ], [ 67.3804, 24.7265 ], [ 67.3788, 24.7265 ], [ 67.3774, 24.7307 ], [ 67.379, 24.7365 ], [ 67.3765, 24.7407 ], [ 67.3793, 24.7412 ], [ 67.3801, 24.746 ], [ 67.3857, 24.7446 ], [ 67.3913, 24.7482 ], [ 67.3929, 24.7512 ], [ 67.3974, 24.7524 ], [ 67.4001, 24.7512 ], [ 67.4054, 24.7488 ] ] ], [ [ [ 67.3782, 24.774 ], [ 67.3838, 24.7685 ], [ 67.3929, 24.7671 ], [ 67.3929, 24.7596 ], [ 67.3896, 24.759 ], [ 67.386, 24.7554 ], [ 67.3871, 24.7518 ], [ 67.3901, 24.7493 ], [ 67.3851, 24.7457 ], [ 67.3799, 24.7476 ], [ 67.3788, 24.7435 ], [ 67.3751, 24.7418 ], [ 67.3776, 24.7368 ], [ 67.3763, 24.7324 ], [ 67.3771, 24.7246 ], [ 67.3721, 24.7251 ], [ 67.3707, 24.729 ], [ 67.3621, 24.7282 ], [ 67.3557, 24.7313 ], [ 67.3546, 24.7363 ], [ 67.3438, 24.7438 ], [ 67.3507, 24.751 ], [ 67.3496, 24.7554 ], [ 67.3535, 24.7501 ], [ 67.359, 24.7501 ], [ 67.3596, 24.7532 ], [ 67.3557, 24.756 ], [ 67.3654, 24.7629 ], [ 67.3649, 24.7674 ], [ 67.369, 24.7693 ], [ 67.3715, 24.7757 ], [ 67.3746, 24.7754 ], [ 67.3782, 24.774 ] ] ], [ [ [ 67.364, 24.7668 ], [ 67.3649, 24.7646 ], [ 67.3551, 24.7568 ], [ 67.3551, 24.7549 ], [ 67.3585, 24.7532 ], [ 67.3579, 24.7507 ], [ 67.3557, 24.7504 ], [ 67.3507, 24.756 ], [ 67.3479, 24.7643 ], [ 67.3518, 24.7674 ], [ 67.3585, 24.7663 ], [ 67.364, 24.7668 ] ] ], [ [ [ 67.4151, 24.764 ], [ 67.4185, 24.7626 ], [ 67.4274, 24.7629 ], [ 67.4293, 24.7615 ], [ 67.4274, 24.7554 ], [ 67.4249, 24.7538 ], [ 67.4218, 24.7474 ], [ 67.4187, 24.7471 ], [ 67.4101, 24.7518 ], [ 67.4101, 24.754 ], [ 67.4138, 24.7557 ], [ 67.4124, 24.7576 ], [ 67.4088, 24.7535 ], [ 67.4115, 24.7488 ], [ 67.4088, 24.7451 ], [ 67.406, 24.7501 ], [ 67.4001, 24.7535 ], [ 67.3879, 24.7529 ], [ 67.3882, 24.7551 ], [ 67.3904, 24.754 ], [ 67.3938, 24.7565 ], [ 67.3943, 24.7663 ], [ 67.4004, 24.7685 ], [ 67.4051, 24.774 ], [ 67.4076, 24.7726 ], [ 67.4151, 24.764 ] ] ], [ [ [ 67.3476, 24.7357 ], [ 67.3582, 24.7237 ], [ 67.366, 24.7176 ], [ 67.3768, 24.7162 ], [ 67.3785, 24.7096 ], [ 67.3774, 24.7043 ], [ 67.3812, 24.6996 ], [ 67.3704, 24.6968 ], [ 67.366, 24.6915 ], [ 67.3515, 24.6901 ], [ 67.3396, 24.6857 ], [ 67.3388, 24.6871 ], [ 67.3404, 24.6879 ], [ 67.339, 24.6885 ], [ 67.3376, 24.694 ], [ 67.3404, 24.6963 ], [ 67.3404, 24.6988 ], [ 67.3424, 24.6993 ], [ 67.3401, 24.7001 ], [ 67.3396, 24.6963 ], [ 67.3368, 24.6943 ], [ 67.3382, 24.6882 ], [ 67.3315, 24.6832 ], [ 67.3301, 24.6721 ], [ 67.3274, 24.6696 ], [ 67.3235, 24.6696 ], [ 67.319, 24.6787 ], [ 67.3171, 24.6796 ], [ 67.3104, 24.6774 ], [ 67.3037, 24.6887 ], [ 67.2993, 24.6907 ], [ 67.2929, 24.691 ], [ 67.2935, 24.6951 ], [ 67.2996, 24.6979 ], [ 67.3035, 24.6971 ], [ 67.3082, 24.7024 ], [ 67.3087, 24.7096 ], [ 67.3043, 24.716 ], [ 67.3107, 24.7207 ], [ 67.3096, 24.7288 ], [ 67.3135, 24.7349 ], [ 67.3193, 24.7276 ], [ 67.3246, 24.7254 ], [ 67.3313, 24.7257 ], [ 67.3313, 24.7185 ], [ 67.326, 24.7079 ], [ 67.3307, 24.7021 ], [ 67.3365, 24.7038 ], [ 67.336, 24.7054 ], [ 67.3299, 24.7038 ], [ 67.3279, 24.709 ], [ 67.3293, 24.7129 ], [ 67.3335, 24.7146 ], [ 67.3321, 24.7171 ], [ 67.3332, 24.7254 ], [ 67.3315, 24.7271 ], [ 67.3374, 24.7374 ], [ 67.3399, 24.7387 ], [ 67.341, 24.7371 ], [ 67.3476, 24.7357 ] ] ], [ [ [ 67.3135, 24.7629 ], [ 67.3204, 24.7601 ], [ 67.3285, 24.7579 ], [ 67.3393, 24.7585 ], [ 67.344, 24.7563 ], [ 67.344, 24.7538 ], [ 67.3393, 24.7485 ], [ 67.3337, 24.7365 ], [ 67.3276, 24.729 ], [ 67.3246, 24.7293 ], [ 67.3215, 24.7324 ], [ 67.3165, 24.7418 ], [ 67.3126, 24.7454 ], [ 67.3063, 24.7449 ], [ 67.2957, 24.7387 ], [ 67.284, 24.7376 ], [ 67.2738, 24.7335 ], [ 67.2657, 24.7224 ], [ 67.2496, 24.7051 ], [ 67.2415, 24.7049 ], [ 67.2365, 24.7085 ], [ 67.2343, 24.7112 ], [ 67.234, 24.721 ], [ 67.2315, 24.7254 ], [ 67.2343, 24.7296 ], [ 67.2382, 24.7318 ], [ 67.2418, 24.7318 ], [ 67.2432, 24.7279 ], [ 67.244, 24.7315 ], [ 67.251, 24.7315 ], [ 67.2574, 24.7376 ], [ 67.2674, 24.739 ], [ 67.2721, 24.7438 ], [ 67.276, 24.7543 ], [ 67.2807, 24.7607 ], [ 67.2854, 24.7626 ], [ 67.2865, 24.7651 ], [ 67.2921, 24.7687 ], [ 67.3015, 24.7713 ], [ 67.304, 24.7701 ], [ 67.3135, 24.7629 ] ] ], [ [ [ 61.7399, 25.1332 ], [ 61.7404, 25.1385 ], [ 61.7432, 25.1399 ], [ 61.7412, 25.1338 ], [ 61.7399, 25.1332 ] ] ], [ [ [ 64.0932, 25.3215 ], [ 64.0921, 25.3221 ], [ 64.0926, 25.3232 ], [ 64.096, 25.3224 ], [ 64.0932, 25.3215 ] ] ], [ [ [ 64.0999, 25.3235 ], [ 64.0968, 25.3229 ], [ 64.0999, 25.326 ], [ 64.1038, 25.3257 ], [ 64.1015, 25.3251 ], [ 64.0999, 25.3235 ] ] ], [ [ [ 64.0857, 25.3243 ], [ 64.0876, 25.3221 ], [ 64.0849, 25.3235 ], [ 64.0837, 25.3279 ], [ 64.0863, 25.3329 ], [ 64.0857, 25.3301 ], [ 64.0857, 25.3243 ] ] ], [ [ [ 64.1387, 25.3971 ], [ 64.1363, 25.4001 ], [ 64.139, 25.4001 ], [ 64.1404, 25.3988 ], [ 64.1387, 25.3971 ] ] ], [ [ [ 66.5696, 25.4199 ], [ 66.5671, 25.4201 ], [ 66.5687, 25.4212 ], [ 66.5687, 25.4262 ], [ 66.5704, 25.4257 ], [ 66.571, 25.4215 ], [ 66.5696, 25.4199 ] ] ], [ [ [ 66.5649, 25.4307 ], [ 66.5682, 25.426 ], [ 66.5668, 25.4254 ], [ 66.5565, 25.4321 ], [ 66.5576, 25.4349 ], [ 66.5599, 25.4329 ], [ 66.5649, 25.4307 ] ] ], [ [ [ 66.3637, 25.5443 ], [ 66.361, 25.544 ], [ 66.3637, 25.5468 ], [ 66.3654, 25.5462 ], [ 66.3646, 25.5449 ], [ 66.3637, 25.5443 ] ] ], [ [ [ 66.266, 25.5674 ], [ 66.2635, 25.5665 ], [ 66.2632, 25.571 ], [ 66.2651, 25.5693 ], [ 66.266, 25.5674 ] ] ], [ [ [ 66.3724, 25.5851 ], [ 66.3721, 25.5846 ], [ 66.3699, 25.5846 ], [ 66.3688, 25.5879 ], [ 66.371, 25.5868 ], [ 66.3724, 25.5851 ] ] ], [ [ [ 67.4746, 24.2951 ], [ 67.4751, 24.2932 ], [ 67.4704, 24.2935 ], [ 67.4676, 24.2971 ], [ 67.4682, 24.2985 ], [ 67.4718, 24.2974 ], [ 67.4746, 24.2951 ] ] ], [ [ [ 67.4671, 24.3207 ], [ 67.4679, 24.3188 ], [ 67.4662, 24.3118 ], [ 67.4671, 24.3079 ], [ 67.4699, 24.3049 ], [ 67.4696, 24.2996 ], [ 67.4624, 24.3024 ], [ 67.456, 24.2993 ], [ 67.4499, 24.2999 ], [ 67.444, 24.3057 ], [ 67.4371, 24.3051 ], [ 67.4293, 24.3087 ], [ 67.4238, 24.3093 ], [ 67.4151, 24.3154 ], [ 67.4232, 24.3204 ], [ 67.4315, 24.3146 ], [ 67.4393, 24.3154 ], [ 67.446, 24.3207 ], [ 67.4482, 24.3343 ], [ 67.4493, 24.3357 ], [ 67.4521, 24.3346 ], [ 67.4671, 24.3207 ] ] ] ] } },
{ "type": "Feature", "properties": { "GID_0": "Z06", "COUNTRY": "Pakistan", "NAME": null, "GMI_CNTRY": null, "REGION": null, "layer": "Difference", "path": "MultiPolygon?crs=EPSG:4326&field=GID_0:string(0,0)&field=COUNTRY:string(0,0)&uid={cf53b970-89ea-4fb4-9ed3-cb9b2670c246}" }, "geometry": { "type": "MultiPolygon", "coordinates": [ [ [ [ 73.7731, 32.9846 ], [ 73.7621, 32.9757 ], [ 73.7538, 32.9796 ], [ 73.7497, 33.0154 ], [ 73.7438, 33.035 ], [ 73.7324, 33.0437 ], [ 73.7092, 33.0522 ], [ 73.695, 33.0719 ], [ 73.680330944909144, 33.082568403702439 ], [ 73.742830892431869, 33.066153764231821 ], [ 73.749106705364753, 33.033620025642428 ], [ 73.788576056399847, 33.007516342448696 ], [ 73.7882, 33.0074 ], [ 73.7731, 32.9846 ] ] ], [ [ [ 73.6488, 33.0833 ], [ 73.6068, 33.0886 ], [ 73.5967, 33.0943 ], [ 73.5909, 33.1012 ], [ 73.5813, 33.1201 ], [ 73.5857, 33.1507 ], [ 73.5918, 33.1703 ], [ 73.605, 33.1963 ], [ 73.6058, 33.2181 ], [ 73.6007, 33.2342 ], [ 73.5844, 33.2618 ], [ 73.5822, 33.2992 ], [ 73.5792, 33.3148 ], [ 73.57, 33.3305 ], [ 73.5503, 33.3573 ], [ 73.5392, 33.3879 ], [ 73.539, 33.3946 ], [ 73.5446, 33.4168 ], [ 73.5588, 33.4395 ], [ 73.583, 33.464 ], [ 73.5894, 33.4829 ], [ 73.5816, 33.5 ], [ 73.5753, 33.5084 ], [ 73.5797, 33.5206 ], [ 73.59, 33.5314 ], [ 73.5966, 33.5441 ], [ 73.5923, 33.5604 ], [ 73.581, 33.5796 ], [ 73.5728, 33.6068 ], [ 73.5367, 33.6573 ], [ 73.536, 33.6652 ], [ 73.5639, 33.7286 ], [ 73.5626, 33.7511 ], [ 73.5555, 33.7647 ], [ 73.5341, 33.788 ], [ 73.5243, 33.8123 ], [ 73.5388, 33.8608 ], [ 73.541, 33.9069 ], [ 73.5332, 33.9279 ], [ 73.4916, 33.9833 ], [ 73.502, 34.0244 ], [ 73.509667026341134, 34.0362804372133 ], [ 73.516453627135206, 33.998826320188293 ], [ 73.54760974970894, 33.936933857084831 ], [ 73.592840795630167, 33.89379776877275 ], [ 73.559922503659109, 33.781329070910921 ], [ 73.594645994329596, 33.75123299835839 ], [ 73.603135988249463, 33.715087014303499 ], [ 73.567458699648014, 33.668486068177522 ], [ 73.577743248129494, 33.638057760321381 ], [ 73.567154998115058, 33.617735817717879 ], [ 73.611903245385179, 33.603779539349965 ], [ 73.604983486818981, 33.588694798672975 ], [ 73.628706340572478, 33.571058813736848 ], [ 73.624414488385625, 33.540868233169483 ], [ 73.641772703790949, 33.52850685922094 ], [ 73.611447061120955, 33.513059057249677 ], [ 73.618683298856666, 33.495350417206886 ], [ 73.602067744052931, 33.496683217245632 ], [ 73.631892077387036, 33.447594472156766 ], [ 73.596064366789548, 33.438983499234332 ], [ 73.586708104983316, 33.422805304938322 ], [ 73.603160125082852, 33.419082509220203 ], [ 73.565154536215587, 33.366251323174801 ], [ 73.583768531709396, 33.355675736814057 ], [ 73.570487914007487, 33.342977176264654 ], [ 73.578419816980713, 33.328623781063122 ], [ 73.598028020220269, 33.337518733782559 ], [ 73.589295894398703, 33.323537059894861 ], [ 73.614171854396943, 33.292891944876686 ], [ 73.606514355301982, 33.273713277739333 ], [ 73.637563343896616, 33.230409457773128 ], [ 73.633549832005613, 33.207636055705365 ], [ 73.647621713657571, 33.222823096249627 ], [ 73.668008932318273, 33.20185730337451 ], [ 73.664482020748693, 33.16134611603853 ], [ 73.648687657268667, 33.137472363300596 ], [ 73.631201123813213, 33.139516365122184 ], [ 73.631859560170383, 33.095298659273276 ], [ 73.678274069929969, 33.083108609935522 ], [ 73.6488, 33.0833 ] ] ], [ [ [ 73.4979, 34.1003 ], [ 73.497312405007222, 34.104463530234561 ], [ 73.49831179250792, 34.098948077426819 ], [ 73.4979, 34.1003 ] ] ], [ [ [ 73.488, 34.1253 ], [ 73.4866, 34.1372 ], [ 73.488, 34.1697 ], [ 73.4782, 34.222 ], [ 73.4679, 34.2495 ], [ 73.4471, 34.2876 ], [ 73.4239, 34.3055 ], [ 73.4097, 34.3231 ], [ 73.4019, 34.3442 ], [ 73.3992, 34.3575 ], [ 73.398150670779359, 34.369042621426992 ], [ 73.407860692386251, 34.350280583986489 ], [ 73.429943029293128, 34.346297677659457 ], [ 73.456709281804436, 34.276454056303521 ], [ 73.48083596870228, 34.289420715316645 ], [ 73.472833662065312, 34.252302193988861 ], [ 73.498538902716419, 34.211216054113798 ], [ 73.490933411584848, 34.139668130209273 ], [ 73.493568414843381, 34.125125987036149 ], [ 73.488, 34.1253 ] ] ], [ [ [ 73.3997, 34.3989 ], [ 73.4069, 34.4244 ], [ 73.42308908806703, 34.458132911537142 ], [ 73.427737532319981, 34.42603761687689 ], [ 73.397869207522177, 34.376106633651034 ], [ 73.3997, 34.3989 ] ] ], [ [ [ 73.4414, 34.55 ], [ 73.4427, 34.555 ], [ 73.4483, 34.563 ], [ 73.448620271934459, 34.563232526198988 ], [ 73.439157448554965, 34.528761718667603 ], [ 73.4414, 34.55 ] ] ], [ [ [ 73.4647, 34.5719 ], [ 73.5194, 34.5725 ], [ 73.5408324998469, 34.577796061738226 ], [ 73.532176932977919, 34.570984079752748 ], [ 73.460066065802891, 34.570066795262683 ], [ 73.4647, 34.5719 ] ] ], [ [ [ 73.5817, 34.5878 ], [ 73.58320184472916, 34.58736891493885 ], [ 73.580502651220698, 34.587614955188656 ], [ 73.5817, 34.5878 ] ] ], [ [ [ 73.65, 34.5775 ], [ 73.652070752591356, 34.581923880536095 ], [ 73.650263617585694, 34.561964252708286 ], [ 73.641336141111552, 34.567181246717134 ], [ 73.65, 34.5775 ] ] ], [ [ [ 73.6725, 34.635 ], [ 73.6744, 34.6458 ], [ 73.6741, 34.6611 ], [ 73.673053910057703, 34.664122037611065 ], [ 73.695000294554944, 34.650052737999644 ], [ 73.664286832795383, 34.613173848478361 ], [ 73.6725, 34.635 ] ] ], [ [ [ 73.6611, 34.6842 ], [ 73.6636, 34.6944 ], [ 73.6728, 34.7033 ], [ 73.686144024337779, 34.710978109241971 ], [ 73.663957894864538, 34.679954777531329 ], [ 73.6611, 34.6842 ] ] ], [ [ [ 73.7205, 34.7672 ], [ 73.7264, 34.7753 ], [ 73.7397, 34.7872 ], [ 73.7603, 34.7994 ], [ 73.7705, 34.8017 ], [ 73.7994, 34.8036 ], [ 73.8125, 34.8103 ], [ 73.8219, 34.8197 ], [ 73.8339, 34.8269 ], [ 73.8455, 34.8286 ], [ 73.8861, 34.8244 ], [ 73.9078, 34.8267 ], [ 73.9239, 34.8369 ], [ 73.9372, 34.8494 ], [ 73.965971503793696, 34.858080216398776 ], [ 73.960997544353603, 34.838559281677462 ], [ 73.930468142217606, 34.832389831685369 ], [ 73.919373641234927, 34.81164782487172 ], [ 73.837712339739383, 34.813155602023315 ], [ 73.821776014596679, 34.792098793275279 ], [ 73.772306834844258, 34.796108085690669 ], [ 73.729942180942317, 34.772221993277569 ], [ 73.716217070677473, 34.753029882773347 ], [ 73.7205, 34.7672 ] ] ], [ [ [ 73.983, 34.8675 ], [ 73.9941, 34.8825 ], [ 74.0044, 34.9053 ], [ 74.0103, 34.9133 ], [ 74.0339, 34.9344 ], [ 74.0517, 34.9556 ], [ 74.0553, 34.9717 ], [ 74.0542, 34.9864 ], [ 74.0558, 34.9961 ], [ 74.0633, 35.0022 ], [ 74.0758, 35.0089 ], [ 74.0853, 35.0183 ], [ 74.0872, 35.025 ], [ 74.0844, 35.0336 ], [ 74.083593887340911, 35.034786776970336 ], [ 74.109746957255183, 35.016074679319118 ], [ 74.059324834767892, 34.992675532271463 ], [ 74.071170448600654, 34.935481570239226 ], [ 74.03720021056732, 34.919227870718288 ], [ 74.029915700063171, 34.876281129356968 ], [ 73.981956469354472, 34.866720830451335 ], [ 73.983, 34.8675 ] ] ], [ [ [ 74.0622, 35.0605 ], [ 74.0603, 35.0747 ], [ 74.0658, 35.09 ], [ 74.0747, 35.0994 ], [ 74.0933, 35.1131 ], [ 74.112120869454003, 35.121381182559766 ], [ 74.14734863620771, 35.096950378815983 ], [ 74.10143039208404, 35.099141507751945 ], [ 74.070129364384485, 35.051883424035523 ], [ 74.0622, 35.0605 ] ] ], [ [ [ 74.095, 35.1453 ], [ 74.088119818234446, 35.14801462954015 ], [ 74.112272117027231, 35.148527134298163 ], [ 74.108984541594509, 35.136833168694473 ], [ 74.095, 35.1453 ] ] ], [ [ [ 74.05, 35.1419 ], [ 74.0317, 35.1433 ], [ 74.0278, 35.1455 ], [ 74.0197, 35.1558 ], [ 74.0183, 35.1603 ], [ 74.0083, 35.1694 ], [ 73.9947, 35.1764 ], [ 73.984713878135707, 35.177501410499737 ], [ 74.002828059089296, 35.183647824029393 ], [ 74.033813990442567, 35.146862275664027 ], [ 74.065444561734779, 35.147533467190144 ], [ 74.05, 35.1419 ] ] ], [ [ [ 73.8497, 35.2078 ], [ 73.8397, 35.2111 ], [ 73.8139, 35.2311 ], [ 73.800879339007508, 35.237376145946016 ], [ 73.808327853907755, 35.239496406207046 ], [ 73.86053237794944, 35.207546116141813 ], [ 73.8497, 35.2078 ] ] ], [ [ [ 73.7125, 35.2636 ], [ 73.7025, 35.2886 ], [ 73.6989, 35.3019 ], [ 73.6978, 35.3119 ], [ 73.697916825239645, 35.313778190391261 ], [ 73.724975015749038, 35.273048513146946 ], [ 73.716559002786212, 35.248002483675485 ], [ 73.7125, 35.2636 ] ] ], [ [ [ 73.7019, 35.3947 ], [ 73.7094, 35.4136 ], [ 73.715, 35.4205 ], [ 73.7219, 35.4275 ], [ 73.7489, 35.4383 ], [ 73.7608, 35.4461 ], [ 73.786735197998127, 35.481130954642012 ], [ 73.792038580689933, 35.454219665215668 ], [ 73.727023094646782, 35.418988669339754 ], [ 73.698938809671702, 35.37460170819736 ], [ 73.7019, 35.3947 ] ] ], [ [ [ 73.7733, 35.5225 ], [ 73.7678, 35.52 ], [ 73.7475, 35.5211 ], [ 73.7417, 35.5222 ], [ 73.7264, 35.5297 ], [ 73.7139, 35.5322 ], [ 73.673, 35.5328 ], [ 73.6603, 35.5344 ], [ 73.6383, 35.5428 ], [ 73.608, 35.5469 ], [ 73.581046711017251, 35.55298622654449 ], [ 73.628388405233864, 35.569045232805031 ], [ 73.658838454689189, 35.547628563824802 ], [ 73.721255911421025, 35.549219524090333 ], [ 73.729614153929788, 35.529492533736175 ], [ 73.778504942606745, 35.522894258887824 ], [ 73.778582638837818, 35.5225 ], [ 73.7733, 35.5225 ] ] ], [ [ [ 73.5347, 35.5533 ], [ 73.512262741190796, 35.561532375534313 ], [ 73.527924250032399, 35.567301883017024 ], [ 73.549177630478724, 35.554102084791069 ], [ 73.5347, 35.5533 ] ] ], [ [ [ 73.46777264792172, 35.570108505785853 ], [ 73.47736080638127, 35.571901673350617 ], [ 73.481794066945312, 35.569270074877316 ], [ 73.46777264792172, 35.570108505785853 ] ] ], [ [ [ 73.3636, 35.5942 ], [ 73.3475, 35.5994 ], [ 73.2958, 35.6075 ], [ 73.2811, 35.6139 ], [ 73.2303, 35.6439 ], [ 73.2136, 35.6592 ], [ 73.21121731596449, 35.660950543373026 ], [ 73.268677924035515, 35.624386074845468 ], [ 73.363482100058903, 35.59722367086232 ], [ 73.368101158956449, 35.591871324703916 ], [ 73.3636, 35.5942 ] ] ], [ [ [ 73.1572, 35.6903 ], [ 73.136709042627189, 35.708363118821531 ], [ 73.19079817749973, 35.673944052679985 ], [ 73.1572, 35.6903 ] ] ], [ [ [ 73.1172, 35.7383 ], [ 73.1116, 35.76 ], [ 73.115, 35.7922 ], [ 73.1253, 35.8339 ], [ 73.1241, 35.8386 ], [ 73.1211, 35.8425 ], [ 73.1019, 35.8558 ], [ 73.0817, 35.8636 ], [ 73.0747, 35.8644 ], [ 73.0636, 35.8628 ], [ 73.0364, 35.8505 ], [ 73.032818307355939, 35.849263614994747 ], [ 73.083882809959775, 35.877462646351944 ], [ 73.148664071970657, 35.831183367160449 ], [ 73.126500453700245, 35.776226829640763 ], [ 73.132559353349691, 35.714407672567155 ], [ 73.1172, 35.7383 ] ] ], [ [ [ 73.0083, 35.8408 ], [ 72.9933, 35.8367 ], [ 72.9714, 35.8339 ], [ 72.9564, 35.835 ], [ 72.9386, 35.8386 ], [ 72.9191, 35.8386 ], [ 72.8917, 35.8414 ], [ 72.8478, 35.8497 ], [ 72.8253, 35.8561 ], [ 72.8111, 35.8572 ], [ 72.7961, 35.8531 ], [ 72.793394313443102, 35.851969362863905 ], [ 72.819157673418076, 35.881720315779752 ], [ 72.839317032610339, 35.867128354230495 ], [ 72.891126882429987, 35.873737395223799 ], [ 72.892447502017362, 35.844540859665997 ], [ 72.918442279566023, 35.839057315349635 ], [ 72.987077774083232, 35.859810613193915 ], [ 73.027553607629173, 35.847446263131779 ], [ 73.0083, 35.8408 ] ] ], [ [ [ 72.7547, 35.8358 ], [ 72.7183, 35.8283 ], [ 72.6886, 35.8186 ], [ 72.6769, 35.8175 ], [ 72.6708, 35.8183 ], [ 72.6189, 35.8378 ], [ 72.575, 35.8458 ], [ 72.5703, 35.8486 ], [ 72.565, 35.8556 ], [ 72.5597, 35.8667 ], [ 72.5491, 35.8811 ], [ 72.5375, 35.8894 ], [ 72.5283, 35.8939 ], [ 72.5167, 35.8969 ], [ 72.5128, 35.9003 ], [ 72.5158, 35.915 ], [ 72.516702393802476, 35.916376729006345 ], [ 72.518473616551887, 35.90548266995134 ], [ 72.558235392934947, 35.897664743192088 ], [ 72.585100919166592, 35.85937260875928 ], [ 72.628139648196523, 35.857857932214358 ], [ 72.684383791566063, 35.822525159874644 ], [ 72.72657914357967, 35.853051953349798 ], [ 72.755208057482037, 35.836012304213511 ], [ 72.7547, 35.8358 ] ] ], [ [ [ 72.5669, 36.0075 ], [ 72.5664, 36.0175 ], [ 72.5639, 36.0258 ], [ 72.5594, 36.0333 ], [ 72.543609792371186, 36.046655269069234 ], [ 72.568759323575065, 36.044622777274739 ], [ 72.583525296616159, 36.017073965036374 ], [ 72.559963801847246, 35.986957113090405 ], [ 72.558091537866332, 35.986795573541485 ], [ 72.5669, 36.0075 ] ] ], [ [ [ 72.5186, 36.0906 ], [ 72.5225, 36.1069 ], [ 72.54, 36.1347 ], [ 72.5439, 36.1447 ], [ 72.5447, 36.155 ], [ 72.541444479062136, 36.167731412239142 ], [ 72.561704949768625, 36.139890004179819 ], [ 72.527615122614719, 36.110223234716194 ], [ 72.520256799228761, 36.081362089148762 ], [ 72.5186, 36.0906 ] ] ], [ [ [ 72.5394, 36.1972 ], [ 72.5472, 36.223 ], [ 72.5528, 36.2314 ], [ 72.5672, 36.2483 ], [ 72.5833, 36.2589 ], [ 72.5964, 36.2644 ], [ 72.614051093966737, 36.26717657657904 ], [ 72.580716765084304, 36.252623084820485 ], [ 72.539165540188876, 36.181334886113305 ], [ 72.5394, 36.1972 ] ] ], [ [ [ 72.6394, 36.2633 ], [ 72.6503, 36.2591 ], [ 72.6633, 36.2594 ], [ 72.6769, 36.2644 ], [ 72.681000063896946, 36.26824111249293 ], [ 72.684833940948195, 36.243882596732142 ], [ 72.631038296703679, 36.264594073129196 ], [ 72.6394, 36.2633 ] ] ], [ [ [ 72.6864, 36.2733 ], [ 72.7091, 36.3033 ], [ 72.7266, 36.3119 ], [ 72.7547, 36.3221 ], [ 72.76, 36.3227 ], [ 72.7733, 36.3302 ], [ 72.8075, 36.3541 ], [ 72.8508, 36.3757 ], [ 72.8558, 36.3838 ], [ 72.8616, 36.4104 ], [ 72.863278763305217, 36.426238766836143 ], [ 72.875544360558592, 36.394560738293649 ], [ 72.853666294259085, 36.366348794923283 ], [ 72.816081899377423, 36.356435615078723 ], [ 72.759177662259049, 36.298578630915088 ], [ 72.686024578532795, 36.272948289362297 ], [ 72.6864, 36.2733 ] ] ], [ [ [ 72.8669, 36.4423 ], [ 72.8691, 36.4468 ], [ 72.8752, 36.4529 ], [ 72.8839, 36.4579 ], [ 72.9116, 36.4682 ], [ 72.9291, 36.4704 ], [ 72.955, 36.4693 ], [ 72.9597, 36.4712 ], [ 72.963, 36.4737 ], [ 72.9653, 36.4787 ], [ 72.9641, 36.4984 ], [ 72.9716, 36.504 ], [ 72.978063163932063, 36.505902860447002 ], [ 72.979358980241486, 36.457319995151082 ], [ 72.90814949532998, 36.460922109858757 ], [ 72.8658721655531, 36.438805362880537 ], [ 72.8669, 36.4423 ] ] ], [ [ [ 73.0355, 36.5375 ], [ 73.0427, 36.55 ], [ 73.0533, 36.5786 ], [ 73.0583, 36.5872 ], [ 73.0708, 36.5997 ], [ 73.073, 36.6053 ], [ 73.0703, 36.6183 ], [ 73.0589, 36.6369 ], [ 73.0514, 36.6528 ], [ 73.048, 36.6666 ], [ 73.0475, 36.6711 ], [ 73.05, 36.6819 ], [ 73.0527, 36.6858 ], [ 73.06, 36.6908 ], [ 73.068432909948569, 36.691867923093923 ], [ 73.074105711697442, 36.628783866756159 ], [ 73.097166826886749, 36.605994290650671 ], [ 73.051945348023267, 36.532966366799947 ], [ 73.013387150945661, 36.521799055132426 ], [ 73.0355, 36.5375 ] ] ], [ [ [ 73.1058, 36.6966 ], [ 73.1197, 36.7027 ], [ 73.1419, 36.7188 ], [ 73.1572, 36.723 ], [ 73.167704042748767, 36.721851120324352 ], [ 73.1164408200097, 36.68419542814302 ], [ 73.086757415090034, 36.694188493614021 ], [ 73.1058, 36.6966 ] ] ], [ [ [ 73.2036, 36.7116 ], [ 73.2303, 36.7096 ], [ 73.234572030091442, 36.710017382250314 ], [ 73.201396207719483, 36.695529223154757 ], [ 73.174846889919564, 36.720157473238224 ], [ 73.2036, 36.7116 ] ] ], [ [ [ 73.2477, 36.7113 ], [ 73.2741, 36.7171 ], [ 73.3241, 36.7313 ], [ 73.3336, 36.7349 ], [ 73.3455, 36.7429 ], [ 73.3555, 36.7463 ], [ 73.3714, 36.7493 ], [ 73.3778, 36.7485 ], [ 73.4072, 36.7515 ], [ 73.4253, 36.7474 ], [ 73.4578, 36.731 ], [ 73.483, 36.7265 ], [ 73.5239, 36.7232 ], [ 73.5508, 36.7288 ], [ 73.563, 36.729 ], [ 73.5686, 36.7274 ], [ 73.57293591126448, 36.721660079373699 ], [ 73.497632919413036, 36.713135595966911 ], [ 73.421442211572398, 36.742983287339854 ], [ 73.351575847249507, 36.735004085288317 ], [ 73.347831756281892, 36.716399609187441 ], [ 73.294119819069536, 36.704226663355172 ], [ 73.243139154809001, 36.710854400182491 ], [ 73.2477, 36.7113 ] ] ], [ [ [ 73.5861, 36.7074 ], [ 73.6602, 36.7027 ], [ 73.6755, 36.7063 ], [ 73.6911, 36.7171 ], [ 73.7011, 36.7202 ], [ 73.7069, 36.7207 ], [ 73.7366, 36.7132 ], [ 73.7567, 36.7196 ], [ 73.7678, 36.7213 ], [ 73.7814, 36.721 ], [ 73.7941, 36.7185 ], [ 73.794814028733626, 36.718247074290538 ], [ 73.774783927562112, 36.70208962324449 ], [ 73.709853612587708, 36.712333346755713 ], [ 73.689269306248605, 36.687568781284298 ], [ 73.621581507406702, 36.690340119916158 ], [ 73.589994586060399, 36.69452375623635 ], [ 73.584525290580828, 36.708772246779567 ], [ 73.5861, 36.7074 ] ] ], [ [ [ 73.8547, 36.7138 ], [ 73.8625, 36.7333 ], [ 73.863, 36.7483 ], [ 73.8611, 36.7577 ], [ 73.8536, 36.7738 ], [ 73.8403, 36.7913 ], [ 73.834133692157138, 36.795059943806628 ], [ 73.836986872892339, 36.795133836724638 ], [ 73.867988891275701, 36.766316942022975 ], [ 73.883357721907331, 36.745285017803091 ], [ 73.876708690414944, 36.704687177189612 ], [ 73.849717003891058, 36.709394742570353 ], [ 73.8547, 36.7138 ] ] ], [ [ [ 73.7975, 36.8033 ], [ 73.7905, 36.8091 ], [ 73.787853409784034, 36.817685280456672 ], [ 73.797573268242033, 36.818197917737614 ], [ 73.800052406472332, 36.803106635873306 ], [ 73.7975, 36.8033 ] ] ], [ [ [ 73.6964, 36.8469 ], [ 73.685, 36.8557 ], [ 73.6766, 36.866 ], [ 73.669618022862124, 36.879353031276196 ], [ 73.706187224095515, 36.857953285196949 ], [ 73.705678105985442, 36.842820265453206 ], [ 73.6964, 36.8469 ] ] ], [ [ [ 73.663, 36.8882 ], [ 73.6419, 36.9041 ], [ 73.6626, 36.9112 ], [ 73.6935, 36.9135 ], [ 73.7051, 36.9127 ], [ 73.7139, 36.9054 ], [ 73.7251, 36.9013 ], [ 73.7352, 36.9015 ], [ 73.7402, 36.9046 ], [ 73.742270992780618, 36.905001519008486 ], [ 73.728725090394803, 36.897990253315207 ], [ 73.671093305032826, 36.911698335870248 ], [ 73.667278866849159, 36.882927824775138 ], [ 73.663, 36.8882 ] ] ], [ [ [ 73.7759, 36.9014 ], [ 73.8037, 36.9064 ], [ 73.8401, 36.9088 ], [ 73.8986, 36.8911 ], [ 73.9287, 36.8787 ], [ 73.9571, 36.87 ], [ 73.9884, 36.8626 ], [ 74.0292, 36.8462 ], [ 74.063, 36.8404 ], [ 74.0703, 36.8405 ], [ 74.085, 36.8463 ], [ 74.0941, 36.8463 ], [ 74.101809000254718, 36.843680916580126 ], [ 74.085516779944982, 36.841507319140447 ], [ 74.046521447958966, 36.810821760125499 ], [ 73.961499254338094, 36.839266719240918 ], [ 73.914902264331801, 36.88298262311887 ], [ 73.893020413430023, 36.875460526045487 ], [ 73.859261154622587, 36.897318610143635 ], [ 73.820442789849238, 36.90309102823813 ], [ 73.800719916663624, 36.88749587073481 ], [ 73.768759446845465, 36.901853368454255 ], [ 73.7759, 36.9014 ] ] ], [ [ [ 74.1274, 36.8481 ], [ 74.1412, 36.8957 ], [ 74.1475, 36.9057 ], [ 74.152, 36.9098 ], [ 74.155650678215494, 36.910228010549396 ], [ 74.133459049191515, 36.847903451263981 ], [ 74.125959802427104, 36.846902952666689 ], [ 74.1274, 36.8481 ] ] ], [ [ [ 74.1665, 36.9115 ], [ 74.1906, 36.91 ], [ 74.2103, 36.9076 ], [ 74.2364, 36.8996 ], [ 74.2536, 36.9008 ], [ 74.264, 36.9045 ], [ 74.306416662096268, 36.927521008915498 ], [ 74.248970822631819, 36.893605663959711 ], [ 74.156647901011041, 36.910344926325429 ], [ 74.1665, 36.9115 ] ] ], [ [ [ 74.3314, 36.9442 ], [ 74.3541, 36.9647 ], [ 74.3739, 36.974 ], [ 74.392547323084145, 36.978371533616794 ], [ 74.312812590132339, 36.931297089266629 ], [ 74.3314, 36.9442 ] ] ], [ [ [ 74.4205, 36.9961 ], [ 74.4279, 36.9976 ], [ 74.5174, 36.9989 ], [ 74.5283, 36.9905 ], [ 74.533008570007851, 36.976147370939941 ], [ 74.520310713649565, 36.995832011306483 ], [ 74.419869694558272, 36.994502338949161 ], [ 74.418222827342888, 36.993530048001254 ], [ 74.4205, 36.9961 ] ] ], [ [ [ 74.5584, 36.9603 ], [ 74.5619, 36.9633 ], [ 74.5689, 36.9874 ], [ 74.5734, 37.0217 ], [ 74.5716, 37.0344 ], [ 74.574690738490986, 37.035333961475466 ], [ 74.580418347562713, 37.021011852220468 ], [ 74.564101339758807, 36.957897250316272 ], [ 74.54669308550136, 36.960690230483287 ], [ 74.5584, 36.9603 ] ] ], [ [ [ 74.6112, 37.077 ], [ 74.6122, 37.0828 ], [ 74.6198, 37.089 ], [ 74.644, 37.0938 ], [ 74.6767, 37.097 ], [ 74.6832, 37.095 ], [ 74.69018565053095, 37.086911352016791 ], [ 74.681170492762789, 37.086713809242433 ], [ 74.614346619792116, 37.066052385306605 ], [ 74.6112, 37.077 ] ] ], [ [ [ 74.748625955625286, 37.021547837031228 ], [ 74.747136685634047, 37.020113590340848 ], [ 74.746166814113451, 37.021752765490547 ], [ 74.748625955625286, 37.021547837031228 ] ] ], [ [ [ 74.7961, 37.0453 ], [ 74.8216, 37.0603 ], [ 74.828, 37.0629 ], [ 74.8317, 37.0624 ], [ 74.8348, 37.0563 ], [ 74.834855191620335, 37.036155058579773 ], [ 74.790379819253218, 37.039579819253213 ], [ 74.7961, 37.0453 ] ] ], [ [ [ 74.8513, 36.988 ], [ 74.8881, 36.9509 ], [ 74.8998, 36.9425 ], [ 74.9224, 36.9346 ], [ 74.9315, 36.9394 ], [ 74.9588, 36.9611 ], [ 74.9945, 36.9863 ], [ 75.0075, 37.0009 ], [ 75.0172, 37.0081 ], [ 75.0253, 37.0114 ], [ 75.0398, 37.0155 ], [ 75.0474, 37.0145 ], [ 75.0664, 37.0055 ], [ 75.117, 37.0098 ], [ 75.1469, 37.0199 ], [ 75.1558, 37.0155 ], [ 75.163274771643927, 37.008745688273564 ], [ 75.10915168330267, 36.96189897918466 ], [ 75.01567141290397, 36.990722949330326 ], [ 74.915579066805378, 36.920259475262483 ], [ 74.834785851386329, 37.005264269256365 ], [ 74.836361043056812, 37.016967001877646 ], [ 74.8513, 36.988 ] ] ], [ [ [ 75.6525, 36.7688 ], [ 75.6742, 36.7626 ], [ 75.6826, 36.7567 ], [ 75.6975, 36.7514 ], [ 75.7157, 36.7519 ], [ 75.7297, 36.7465 ], [ 75.789, 36.7135 ], [ 75.8098, 36.701 ], [ 75.8316, 36.6841 ], [ 75.8524, 36.6753 ], [ 75.8782, 36.6488 ], [ 75.9189, 36.6205 ], [ 75.9283, 36.6048 ], [ 75.9337, 36.5871 ], [ 75.9342, 36.583 ], [ 75.9288, 36.5582 ], [ 75.9328, 36.5491 ], [ 75.9406, 36.5416 ], [ 75.9605, 36.5286 ], [ 75.977687388774797, 36.504521814803965 ], [ 75.945038013153024, 36.511605774639555 ], [ 75.852432432346475, 36.558341235240192 ], [ 75.807021540112103, 36.563423690134044 ], [ 75.744423686399841, 36.607697649935965 ], [ 75.616752036016223, 36.770145353483258 ], [ 75.6525, 36.7688 ] ] ], [ [ [ 77.4273, 35.469 ], [ 77.4738, 35.4771 ], [ 77.5361, 35.4959 ], [ 77.5474, 35.4939 ], [ 77.5807, 35.4806 ], [ 77.6055, 35.4768 ], [ 77.6232, 35.4766 ], [ 77.6491, 35.482 ], [ 77.6809, 35.4793 ], [ 77.6957, 35.4804 ], [ 77.7115, 35.4849 ], [ 77.73167399685623, 35.495238474843219 ], [ 77.728771767098635, 35.477334482313623 ], [ 77.685158613055222, 35.466823935174965 ], [ 77.653095231570418, 35.481180090092295 ], [ 77.628623701197924, 35.465038548306147 ], [ 77.49613500856286, 35.477776726975712 ], [ 77.443663675300598, 35.459455842306234 ], [ 77.406260404164726, 35.468677554086817 ], [ 77.4273, 35.469 ] ] ], [ [ [ 77.7742, 35.5118 ], [ 77.7975, 35.517 ], [ 77.8158, 35.5179 ], [ 77.8262, 35.5149 ], [ 77.8356, 35.5101 ], [ 77.8431, 35.501 ], [ 77.836763898931153, 35.501099001579199 ], [ 77.829240831593111, 35.505095511052957 ], [ 77.786318515240865, 35.487980226033109 ], [ 77.757881509296581, 35.506646792409448 ], [ 77.7742, 35.5118 ] ] ], [ [ [ 74.4661, 32.7814 ], [ 74.466389661562133, 32.781252714459931 ], [ 74.469702856275831, 32.778424180460256 ], [ 74.4625, 32.7785 ], [ 74.445589247210762, 32.786654592254102 ], [ 74.458978404712965, 32.787579837913178 ], [ 74.466033113190846, 32.781557106226138 ], [ 74.4661, 32.7814 ] ] ], [ [ [ 74.3115, 32.786 ], [ 74.2752, 32.8128 ], [ 74.2661, 32.8312 ], [ 74.258731548327205, 32.839960914981035 ], [ 74.303397745148473, 32.829840508880906 ], [ 74.314479697564977, 32.796837810929304 ], [ 74.327415477070062, 32.787323139423876 ], [ 74.3115, 32.786 ] ] ], [ [ [ 74.1835, 32.8657 ], [ 74.167, 32.8748 ], [ 74.1567, 32.8868 ], [ 74.1536, 32.8933 ], [ 74.152110921096849, 32.894370275461647 ], [ 74.17880371941979, 32.889495938686288 ], [ 74.211264467077271, 32.873433730817474 ], [ 74.217387668409714, 32.855439767773603 ], [ 74.1835, 32.8657 ] ] ], [ [ [ 74.0306, 32.9279 ], [ 74.022130758487023, 32.935068984517216 ], [ 74.058162847778192, 32.93453760601794 ], [ 74.06427851251587, 32.920377545360189 ], [ 74.0306, 32.9279 ] ] ], [ [ [ 73.9638, 32.9434 ], [ 73.9535, 32.9498 ], [ 73.9544, 32.9635 ], [ 73.9532, 32.9705 ], [ 73.935507574636205, 32.990664161260206 ], [ 73.964644689135781, 32.987123695321046 ], [ 73.972370632668856, 32.96720658997004 ], [ 74.006184290754916, 32.954906814187964 ], [ 74.003881492847654, 32.947999515572683 ], [ 73.9638, 32.9434 ] ] ], [ [ [ 73.8919, 32.9955 ], [ 73.890936712402464, 32.996079989914755 ], [ 73.893456292395811, 32.995773834439142 ], [ 73.8919, 32.9955 ] ] ] ] } },
{ "type": "Feature", "properties": { "GID_0": null, "COUNTRY": null, "NAME": "Afghanistan", "GMI_CNTRY": "AFG", "REGION": "Asia", "layer": "sasia_boundary", "path": "/home/chaoticneuron/MonitoringNeeds/data/sasia_boundary.geojson" }, "geometry": { "type": "MultiPolygon", "coordinates": [ [ [ [ 65.627296447753906, 37.333198547363281 ], [ 65.646926879882812, 37.458881378173828 ], [ 65.701370239257812, 37.536930084228516 ], [ 65.766082763671875, 37.534160614013672 ], [ 65.7855224609375, 37.568878173828125 ], [ 66.302749633789062, 37.323600769042969 ], [ 66.538764953613281, 37.360511779785156 ], [ 66.586906433105469, 37.368038177490234 ], [ 66.665252685546875, 37.338321685791016 ], [ 66.744422912597656, 37.361370086669922 ], [ 67.021636962890625, 37.377201080322266 ], [ 67.20025634765625, 37.246650695800781 ], [ 67.229423522949219, 37.191928863525391 ], [ 67.266372680664062, 37.185260772705078 ], [ 67.424407958984375, 37.234989166259766 ], [ 67.521636962890625, 37.272480010986328 ], [ 67.557456970214844, 37.215541839599609 ], [ 67.649406433105469, 37.246089935302734 ], [ 67.774139404296875, 37.206089019775391 ], [ 67.777153015136719, 37.185798645019531 ], [ 67.791641235351562, 37.088321685791016 ], [ 67.885528564453125, 37.061370849609375 ], [ 67.9105224609375, 37.014430999755859 ], [ 68.0355224609375, 36.924709320068359 ], [ 68.283309936523438, 37.019981384277344 ], [ 68.278312683105469, 37.086929321289062 ], [ 68.301643371582031, 37.111099243164062 ], [ 68.413017272949219, 37.10443115234375 ], [ 68.412193298339844, 37.148040771484375 ], [ 68.524978637695312, 37.161930084228516 ], [ 68.654693603515625, 37.246929168701172 ], [ 68.825813293457031, 37.247760772705078 ], [ 68.809402465820312, 37.322490692138672 ], [ 68.850250244140625, 37.324710845947266 ], [ 68.90496826171875, 37.272209167480469 ], [ 68.924407958984375, 37.284709930419922 ], [ 68.891647338867188, 37.317489624023438 ], [ 68.999687194824219, 37.307758331298828 ], [ 69.246627807617188, 37.094150543212891 ], [ 69.333038330078125, 37.124980926513672 ], [ 69.451370239257812, 37.22998046875 ], [ 69.38134765625, 37.344150543212891 ], [ 69.382736206054688, 37.455818176269531 ], [ 69.51580810546875, 37.580818176269531 ], [ 69.91802978515625, 37.611930847167969 ], [ 69.958587646484375, 37.564990997314453 ], [ 70.134979248046875, 37.529148101806641 ], [ 70.255538940429688, 37.621089935302734 ], [ 70.27691650390625, 37.741371154785156 ], [ 70.16552734375, 37.872211456298828 ], [ 70.170242309570312, 37.941650390625 ], [ 70.203857421875, 37.920539855957031 ], [ 70.378303527832031, 38.057758331298828 ], [ 70.491912841796875, 38.167209625244141 ], [ 70.58441162109375, 38.278591156005859 ], [ 70.596359252929688, 38.334148406982422 ], [ 70.685516357421875, 38.375259399414062 ], [ 70.672203063964844, 38.4144287109375 ], [ 70.880523681640625, 38.453041076660156 ], [ 71.101913452148438, 38.406089782714844 ], [ 71.363021850585938, 38.248870849609375 ], [ 71.363861083984375, 38.188030242919922 ], [ 71.284698486328125, 38.019981384277344 ], [ 71.264137268066406, 37.918048858642578 ], [ 71.374679565429688, 37.905818939208984 ], [ 71.546356201171875, 37.942478179931641 ], [ 71.5919189453125, 37.903041839599609 ], [ 71.588577270507812, 37.816089630126953 ], [ 71.528846740722656, 37.764430999755859 ], [ 71.490249633789062, 37.284160614013672 ], [ 71.446907043457031, 37.207759857177734 ], [ 71.43218994140625, 37.058589935302734 ], [ 71.568313598632812, 36.741371154785156 ], [ 71.695236206054688, 36.672210693359375 ], [ 71.842742919921875, 36.692478179931641 ], [ 72.011367797851562, 36.812198638916016 ], [ 72.346626281738281, 36.989978790283203 ], [ 72.663589477539062, 37.026088714599609 ], [ 72.798858642578125, 37.22998046875 ], [ 73.08135986328125, 37.320541381835938 ], [ 73.150527954101562, 37.400821685791016 ], [ 73.314407348632812, 37.463321685791016 ], [ 73.776641845703125, 37.434429168701172 ], [ 73.752761840820312, 37.331378936767578 ], [ 73.649406433105469, 37.304428100585938 ], [ 73.619956970214844, 37.262760162353516 ], [ 73.634407043457031, 37.239978790283203 ], [ 73.792472839355469, 37.229419708251953 ], [ 74.363861083984375, 37.428600311279297 ], [ 74.400802612304688, 37.399429321289062 ], [ 74.699691772460938, 37.391929626464844 ], [ 74.898826599121094, 37.240299224853516 ], [ 74.816932678222656, 37.219150543212891 ], [ 74.763313293457031, 37.301090240478516 ], [ 74.669418334960938, 37.266101837158203 ], [ 74.651077270507812, 37.234710693359375 ], [ 74.537193298339844, 37.243038177490234 ], [ 74.392196655273438, 37.175258636474609 ], [ 74.400527954101562, 37.139148712158203 ], [ 74.5677490234375, 37.026470184326172 ], [ 74.558006286621094, 36.965259552001953 ], [ 74.482192993164062, 37.011100769042969 ], [ 74.336906433105469, 36.958881378173828 ], [ 74.251922607421875, 36.899429321289062 ], [ 74.158859252929688, 36.906650543212891 ], [ 74.062179565429688, 36.821659088134766 ], [ 73.963027954101562, 36.837760925292969 ], [ 73.779693603515625, 36.901088714599609 ], [ 73.113021850585938, 36.873870849609375 ], [ 72.492462158203125, 36.771930694580078 ], [ 72.181640625, 36.714710235595703 ], [ 72.191642761230469, 36.657199859619141 ], [ 72.07330322265625, 36.628868103027344 ], [ 72.074691772460938, 36.589420318603516 ], [ 71.795806884765625, 36.491928100585938 ], [ 71.8177490234375, 36.416660308837891 ], [ 71.753036499023438, 36.407489776611328 ], [ 71.646636962890625, 36.468040466308594 ], [ 71.563018798828125, 36.372478485107422 ], [ 71.582748413085938, 36.335819244384766 ], [ 71.248580932617188, 36.133041381835938 ], [ 71.188018798828125, 36.047210693359375 ], [ 71.29107666015625, 35.968589782714844 ], [ 71.380523681640625, 35.946090698242188 ], [ 71.545242309570312, 35.711101531982422 ], [ 71.508590698242188, 35.626651763916016 ], [ 71.613861083984375, 35.561931610107422 ], [ 71.606918334960938, 35.481929779052734 ], [ 71.647201538085938, 35.436939239501953 ], [ 71.54913330078125, 35.328319549560547 ], [ 71.553573608398438, 35.289150238037109 ], [ 71.659126281738281, 35.207489013671875 ], [ 71.618026733398438, 35.131370544433594 ], [ 71.543296813964844, 35.094699859619141 ], [ 71.496078491210938, 34.959430694580078 ], [ 71.313858032226562, 34.886928558349609 ], [ 71.225517272949219, 34.744430541992188 ], [ 71.095809936523438, 34.676651000976562 ], [ 71.094970703125, 34.568050384521484 ], [ 70.995796203613281, 34.558589935302734 ], [ 70.97802734375, 34.510818481445312 ], [ 71.073028564453125, 34.394149780273438 ], [ 71.153312683105469, 34.361370086669922 ], [ 71.135528564453125, 34.166088104248047 ], [ 70.9810791015625, 34.008880615234375 ], [ 70.905532836914062, 34.013320922851562 ], [ 70.900527954101562, 33.973590850830078 ], [ 70.491348266601562, 33.943038940429688 ], [ 69.902763366699219, 34.031101226806641 ], [ 69.907470703125, 33.881931304931641 ], [ 69.985519409179688, 33.753040313720703 ], [ 70.132736206054688, 33.735538482666016 ], [ 70.196617126464844, 33.640819549560547 ], [ 70.197738647460938, 33.485820770263672 ], [ 70.306083679199219, 33.396099090576172 ], [ 70.326919555664062, 33.331939697265625 ], [ 70.144973754882812, 33.202491760253906 ], [ 70.0677490234375, 33.204990386962891 ], [ 70.033576965332031, 33.139430999755859 ], [ 69.881072998046875, 33.089981079101562 ], [ 69.791351318359375, 33.126941680908203 ], [ 69.561080932617188, 33.081928253173828 ], [ 69.492462158203125, 33.008598327636719 ], [ 69.5152587890625, 32.873878479003906 ], [ 69.394973754882812, 32.773868560791016 ], [ 69.456916809082031, 32.682209014892578 ], [ 69.397750854492188, 32.587760925292969 ], [ 69.287483215332031, 32.526378631591797 ], [ 69.248016357421875, 32.443870544433594 ], [ 69.283042907714844, 32.217769622802734 ], [ 69.287483215332031, 32.069149017333984 ], [ 69.3338623046875, 31.943889617919922 ], [ 69.029693603515625, 31.645549774169922 ], [ 68.833038330078125, 31.603879928588867 ], [ 68.731918334960938, 31.699440002441406 ], [ 68.712478637695312, 31.778879165649414 ], [ 68.547470092773438, 31.829160690307617 ], [ 68.444122314453125, 31.794719696044922 ], [ 68.447738647460938, 31.772769927978516 ], [ 68.571640014648438, 31.765270233154297 ], [ 68.537750244140625, 31.726659774780273 ], [ 68.221626281738281, 31.815589904785156 ], [ 68.16607666015625, 31.833049774169922 ], [ 67.98052978515625, 31.635829925537109 ], [ 67.887481689453125, 31.639989852905273 ], [ 67.738021850585938, 31.530830383300781 ], [ 67.581092834472656, 31.533599853515625 ], [ 67.6463623046875, 31.409990310668945 ], [ 67.766921997070312, 31.411100387573242 ], [ 67.799697875976562, 31.382490158081055 ], [ 67.791923522949219, 31.341100692749023 ], [ 67.288017272949219, 31.213600158691406 ], [ 67.256362915039062, 31.222490310668945 ], [ 67.0697021484375, 31.239160537719727 ], [ 67.034698486328125, 31.254440307617188 ], [ 67.051643371582031, 31.297779083251953 ], [ 67.036911010742188, 31.318609237670898 ], [ 66.891647338867188, 31.296100616455078 ], [ 66.7230224609375, 31.212209701538086 ], [ 66.684127807617188, 31.086109161376953 ], [ 66.566360473632812, 30.97776985168457 ], [ 66.40496826171875, 30.946109771728516 ], [ 66.28192138671875, 30.57526969909668 ], [ 66.350250244140625, 30.450550079345703 ], [ 66.259696960449219, 30.114160537719727 ], [ 66.238296508789062, 30.071380615234375 ], [ 66.361358642578125, 29.966100692749023 ], [ 66.256637573242188, 29.851940155029297 ], [ 65.417472839355469, 29.64055061340332 ], [ 65.034126281738281, 29.541099548339844 ], [ 64.695510864257812, 29.586380004882812 ], [ 64.273857116699219, 29.523889541625977 ], [ 64.193023681640625, 29.487489700317383 ], [ 64.13134765625, 29.394159317016602 ], [ 63.587200164794922, 29.503879547119141 ], [ 62.786930084228516, 29.433879852294922 ], [ 62.484428405761719, 29.406099319458008 ], [ 61.743598937988281, 29.615829467773438 ], [ 60.993869781494141, 29.826099395751953 ], [ 60.866870880126953, 29.862430572509766 ], [ 61.253040313720703, 30.259990692138672 ], [ 61.812759399414062, 30.843610763549805 ], [ 61.803871154785156, 30.945819854736328 ], [ 61.847209930419922, 31.048879623413086 ], [ 61.765819549560547, 31.245269775390625 ], [ 61.771099090576172, 31.318330764770508 ], [ 61.713600158691406, 31.383329391479492 ], [ 61.619430541992188, 31.395820617675781 ], [ 60.843868255615234, 31.498329162597656 ], [ 60.810260772705078, 31.873600006103516 ], [ 60.857769012451172, 32.234718322753906 ], [ 60.741649627685547, 32.578868865966797 ], [ 60.581928253173828, 33.071659088134766 ], [ 60.591091156005859, 33.163040161132812 ], [ 60.851650238037109, 33.418048858642578 ], [ 60.858318328857422, 33.493869781494141 ], [ 60.928600311279297, 33.504428863525391 ], [ 60.901649475097656, 33.554428100585938 ], [ 60.649150848388672, 33.574989318847656 ], [ 60.522758483886719, 33.653041839599609 ], [ 60.505260467529297, 33.739151000976562 ], [ 60.554149627685547, 33.813320159912109 ], [ 60.521369934082031, 33.999149322509766 ], [ 60.513599395751953, 34.150821685791016 ], [ 60.671649932861328, 34.3135986328125 ], [ 60.911090850830078, 34.316379547119141 ], [ 60.897769927978516, 34.345821380615234 ], [ 60.756649017333984, 34.483318328857422 ], [ 60.733600616455078, 34.541660308837891 ], [ 60.863601684570312, 34.576389312744141 ], [ 61.065261840820312, 34.812759399414062 ], [ 61.113880157470703, 35.201648712158203 ], [ 61.10443115234375, 35.279148101806641 ], [ 61.186100006103516, 35.296939849853516 ], [ 61.239151000976562, 35.481090545654297 ], [ 61.277759552001953, 35.520259857177734 ], [ 61.278720855712891, 35.60675048828125 ], [ 61.365821838378906, 35.63970947265625 ], [ 61.464988708496094, 35.527210235595703 ], [ 61.576648712158203, 35.450820922851562 ], [ 61.802478790283203, 35.411090850830078 ], [ 61.972209930419922, 35.459980010986328 ], [ 62.100818634033203, 35.394710540771484 ], [ 62.259159088134766, 35.297771453857422 ], [ 62.305538177490234, 35.145538330078125 ], [ 62.459430694580078, 35.286380767822266 ], [ 62.623310089111328, 35.224979400634766 ], [ 63.110538482666016, 35.481369018554688 ], [ 63.095260620117188, 35.626091003417969 ], [ 63.238880157470703, 35.695529937744141 ], [ 63.104160308837891, 35.825820922851562 ], [ 63.119430541992188, 35.861930847167969 ], [ 63.317211151123047, 35.852210998535156 ], [ 63.53887939453125, 35.909709930419922 ], [ 63.595539093017578, 35.962200164794922 ], [ 63.933868408203125, 36.039150238037109 ], [ 64.063858032226562, 36.000270843505859 ], [ 64.0596923828125, 36.088039398193359 ], [ 64.169418334960938, 36.167488098144531 ], [ 64.282470703125, 36.151920318603516 ], [ 64.321640014648438, 36.216381072998047 ], [ 64.4588623046875, 36.247211456298828 ], [ 64.570533752441406, 36.356380462646484 ], [ 64.62774658203125, 36.459980010986328 ], [ 64.615249633789062, 36.629428863525391 ], [ 64.795242309570312, 36.923038482666016 ], [ 64.779136657714844, 37.095821380615234 ], [ 64.798019409179688, 37.124980926513672 ], [ 65.072746276855469, 37.244430541992188 ], [ 65.530807495117188, 37.248600006103516 ], [ 65.627296447753906, 37.333198547363281 ] ] ] ] } },
{ "type": "Feature", "properties": { "GID_0": null, "COUNTRY": null, "NAME": "Bangladesh", "GMI_CNTRY": "BGD", "REGION": "Asia", "layer": "sasia_boundary", "path": "/home/chaoticneuron/MonitoringNeeds/data/sasia_boundary.geojson" }, "geometry": { "type": "MultiPolygon", "coordinates": [ [ [ [ 90.6463623046875, 22.028879165649414 ], [ 90.60302734375, 22.027219772338867 ], [ 90.68359375, 22.375 ], [ 90.64276123046875, 22.553049087524414 ], [ 90.556922912597656, 22.605270385742188 ], [ 90.573593139648438, 22.747489929199219 ], [ 90.5938720703125, 22.775550842285156 ], [ 90.679977416992188, 22.775270462036133 ], [ 90.710823059082031, 22.655269622802734 ], [ 90.864700317382812, 22.494440078735352 ], [ 90.875259399414062, 22.41193962097168 ], [ 90.773033142089844, 22.073600769042969 ], [ 90.648857116699219, 21.991100311279297 ], [ 90.6463623046875, 22.028879165649414 ] ] ], [ [ [ 89.05523681640625, 26.242490768432617 ], [ 88.99468994140625, 26.335550308227539 ], [ 88.91802978515625, 26.367769241333008 ], [ 88.953857421875, 26.446109771728516 ], [ 89.074691772460938, 26.384990692138672 ], [ 89.149406433105469, 26.141939163208008 ], [ 89.4327392578125, 25.998329162597656 ], [ 89.51275634765625, 26.003599166870117 ], [ 89.553016662597656, 25.962209701538086 ], [ 89.636367797851562, 26.070829391479492 ], [ 89.589141845703125, 26.153600692749023 ], [ 89.629959106445312, 26.223329544067383 ], [ 89.673576354980469, 26.228330612182617 ], [ 89.8536376953125, 25.955959320068359 ], [ 89.861648559570312, 25.943859100341797 ], [ 89.863296508789062, 25.941379547119141 ], [ 89.853439331054688, 25.894750595092773 ], [ 89.826553344726562, 25.767400741577148 ], [ 89.82025146484375, 25.737489700317383 ], [ 89.863296508789062, 25.647489547729492 ], [ 89.814407348632812, 25.373880386352539 ], [ 89.837753295898438, 25.296100616455078 ], [ 90.3277587890625, 25.184989929199219 ], [ 90.412483215332031, 25.148880004882812 ], [ 90.776077270507812, 25.17609977722168 ], [ 90.821640014648438, 25.14971923828125 ], [ 91.25775146484375, 25.207769393920898 ], [ 91.475799560546875, 25.139429092407227 ], [ 92.003036499023438, 25.181930541992188 ], [ 92.093582153320312, 25.177490234375 ], [ 92.402191162109375, 25.033330917358398 ], [ 92.496612548828125, 24.889930725097656 ], [ 92.389419555664062, 24.857770919799805 ], [ 92.281646728515625, 24.907220840454102 ], [ 92.248016357421875, 24.896379470825195 ], [ 92.248580932617188, 24.742490768432617 ], [ 92.135246276855469, 24.414159774780273 ], [ 92.0980224609375, 24.378879547119141 ], [ 91.974693298339844, 24.378879547119141 ], [ 91.99774169921875, 24.32611083984375 ], [ 91.946617126464844, 24.34943962097168 ], [ 91.917739868164062, 24.32666015625 ], [ 91.932456970214844, 24.275550842285156 ], [ 91.899978637695312, 24.156940460205078 ], [ 91.846359252929688, 24.181379318237305 ], [ 91.789138793945312, 24.228050231933594 ], [ 91.75775146484375, 24.239160537719727 ], [ 91.7552490234375, 24.158330917358398 ], [ 91.714691162109375, 24.148880004882812 ], [ 91.657203674316406, 24.224159240722656 ], [ 91.631637573242188, 24.11305046081543 ], [ 91.482192993164062, 24.090549468994141 ], [ 91.404693603515625, 24.110549926757812 ], [ 91.370796203613281, 24.097770690917969 ], [ 91.376068115234375, 24.033880233764648 ], [ 91.361076354980469, 23.995269775390625 ], [ 91.273857116699219, 23.97443962097168 ], [ 91.159126281738281, 23.653049468994141 ], [ 91.282203674316406, 23.373329162597656 ], [ 91.339973449707031, 23.104990005493164 ], [ 91.403579711914062, 23.074440002441406 ], [ 91.377456665039062, 23.206939697265625 ], [ 91.392753601074219, 23.263330459594727 ], [ 91.426071166992188, 23.261940002441406 ], [ 91.500259399414062, 23.147489547729492 ], [ 91.546630859375, 23.003049850463867 ], [ 91.61358642578125, 22.943050384521484 ], [ 91.809967041015625, 23.074440002441406 ], [ 91.795242309570312, 23.194990158081055 ], [ 91.767196655273438, 23.256660461425781 ], [ 91.844970703125, 23.410270690917969 ], [ 91.952468872070312, 23.479990005493164 ], [ 91.96746826171875, 23.51276969909668 ], [ 91.94580078125, 23.722770690917969 ], [ 92.004966735839844, 23.678329467773438 ], [ 92.030532836914062, 23.645269393920898 ], [ 92.174407958984375, 23.73628044128418 ], [ 92.206916809082031, 23.654439926147461 ], [ 92.227188110351562, 23.659709930419922 ], [ 92.252197265625, 23.722490310668945 ], [ 92.288856506347656, 23.696109771728516 ], [ 92.311897277832031, 23.52638053894043 ], [ 92.383590698242188, 23.284719467163086 ], [ 92.348587036132812, 23.223609924316406 ], [ 92.394416809082031, 22.917770385742188 ], [ 92.459701538085938, 22.85331916809082 ], [ 92.468582153320312, 22.761669158935547 ], [ 92.514686584472656, 22.721939086914062 ], [ 92.604423522949219, 22.151660919189453 ], [ 92.562469482421875, 22.138050079345703 ], [ 92.601303100585938, 21.982170104980469 ], [ 92.636917114257812, 21.39109992980957 ], [ 92.669418334960938, 21.296939849853516 ], [ 92.607467651367188, 21.25054931640625 ], [ 92.585250854492188, 21.263330459594727 ], [ 92.553573608398438, 21.373600006103516 ], [ 92.46746826171875, 21.359989166259766 ], [ 92.420516967773438, 21.382219314575195 ], [ 92.41607666015625, 21.434719085693359 ], [ 92.376907348632812, 21.474159240722656 ], [ 92.201637268066406, 21.342489242553711 ], [ 92.19329833984375, 21.179159164428711 ], [ 92.263198852539062, 21.054470062255859 ], [ 92.263313293457031, 20.919160842895508 ], [ 92.331916809082031, 20.767490386962891 ], [ 92.310256958007812, 20.748600006103516 ], [ 92.237197875976562, 20.878599166870117 ], [ 92.053863525390625, 21.152490615844727 ], [ 91.962196350097656, 21.448329925537109 ], [ 91.991928100585938, 21.550830841064453 ], [ 92.0213623046875, 21.602489471435547 ], [ 92.014976501464844, 21.661659240722656 ], [ 91.979141235351562, 21.651939392089844 ], [ 91.961090087890625, 21.682220458984375 ], [ 91.947479248046875, 21.740270614624023 ], [ 91.984703063964844, 21.761940002441406 ], [ 91.895248413085938, 21.778329849243164 ], [ 91.909698486328125, 21.867219924926758 ], [ 91.861923217773438, 22.080270767211914 ], [ 91.801933288574219, 22.301389694213867 ], [ 91.692466735839844, 22.498889923095703 ], [ 91.479141235351562, 22.748329162597656 ], [ 91.478866577148438, 22.842779159545898 ], [ 91.3721923828125, 22.740829467773438 ], [ 91.324417114257812, 22.717769622802734 ], [ 91.211639404296875, 22.724990844726562 ], [ 91.184417724609375, 22.715829849243164 ], [ 91.262191772460938, 22.63776969909668 ], [ 91.242752075195312, 22.59943962097168 ], [ 91.099983215332031, 22.580829620361328 ], [ 91.008033752441406, 22.680269241333008 ], [ 91.034416198730469, 22.58860969543457 ], [ 90.946090698242188, 22.579999923706055 ], [ 90.780258178710938, 22.759159088134766 ], [ 90.623870849609375, 23.058610916137695 ], [ 90.662200927734375, 23.274169921875 ], [ 90.624153137207031, 23.320829391479492 ], [ 90.593032836914062, 23.378599166870117 ], [ 90.609703063964844, 23.476100921630859 ], [ 90.701370239257812, 23.482770919799805 ], [ 90.691093444824219, 23.507219314575195 ], [ 90.598587036132812, 23.490270614624023 ], [ 90.586639404296875, 23.546670913696289 ], [ 90.628860473632812, 23.59889030456543 ], [ 90.55914306640625, 23.579719543457031 ], [ 90.573593139648438, 23.546659469604492 ], [ 90.579147338867188, 23.515829086303711 ], [ 90.550262451171875, 23.383880615234375 ], [ 90.25164794921875, 23.459999084472656 ], [ 90.339706420898438, 23.391670227050781 ], [ 90.58026123046875, 23.283889770507812 ], [ 90.612472534179688, 23.222219467163086 ], [ 90.598587036132812, 23.117490768432617 ], [ 90.558029174804688, 23.072219848632812 ], [ 90.45025634765625, 23.070550918579102 ], [ 90.447196960449219, 23.048330307006836 ], [ 90.504432678222656, 22.93998908996582 ], [ 90.510887145996094, 22.890750885009766 ], [ 90.456192016601562, 22.890750885009766 ], [ 90.448028564453125, 22.829999923706055 ], [ 90.396087646484375, 22.765270233154297 ], [ 90.456092834472656, 22.749439239501953 ], [ 90.495246887207031, 22.694440841674805 ], [ 90.509979248046875, 22.596380233764648 ], [ 90.4669189453125, 22.575830459594727 ], [ 90.523590087890625, 22.581939697265625 ], [ 90.603591918945312, 22.464439392089844 ], [ 90.610809326171875, 22.294990539550781 ], [ 90.559982299804688, 22.203880310058594 ], [ 90.431640625, 22.070550918579102 ], [ 90.389137268066406, 22.095550537109375 ], [ 90.404983520507812, 22.22389030456543 ], [ 90.394416809082031, 22.281660079956055 ], [ 90.272476196289062, 21.849159240722656 ], [ 90.189697265625, 21.798879623413086 ], [ 90.109420776367188, 21.815549850463867 ], [ 90.086357116699219, 21.848880767822266 ], [ 90.125808715820312, 21.928600311279297 ], [ 90.057212829589844, 21.844999313354492 ], [ 90.021926879882812, 21.866939544677734 ], [ 90.116928100585938, 22.049009323120117 ], [ 90.227752685546875, 22.130270004272461 ], [ 90.232192993164062, 22.188610076904297 ], [ 90.045257568359375, 21.979999542236328 ], [ 89.99664306640625, 22.0 ], [ 90.03497314453125, 22.068330764770508 ], [ 90.027763366699219, 22.122499465942383 ], [ 89.97802734375, 21.971660614013672 ], [ 89.948593139648438, 21.976659774780273 ], [ 89.911087036132812, 22.051109313964844 ], [ 89.875808715820312, 22.283880233764648 ], [ 89.984703063964844, 22.45026969909668 ], [ 90.043197631835938, 22.614749908447266 ], [ 89.977142333984375, 22.476839065551758 ], [ 89.939971923828125, 22.429719924926758 ], [ 89.841087341308594, 22.267219543457031 ], [ 89.870796203613281, 22.095550537109375 ], [ 89.851638793945312, 22.066940307617188 ], [ 89.795257568359375, 22.074440002441406 ], [ 89.8519287109375, 22.026939392089844 ], [ 89.881637573242188, 21.884439468383789 ], [ 89.783576965332031, 21.825830459594727 ], [ 89.668869018554688, 21.842769622802734 ], [ 89.641921997070312, 21.917770385742188 ], [ 89.626373291015625, 21.847219467163086 ], [ 89.701637268066406, 21.779439926147461 ], [ 89.683029174804688, 21.756380081176758 ], [ 89.59136962890625, 21.758329391479492 ], [ 89.594970703125, 21.702770233154297 ], [ 89.556640625, 21.711380004882812 ], [ 89.5394287109375, 21.753330230712891 ], [ 89.601356506347656, 22.12748908996582 ], [ 89.586723327636719, 22.199069976806641 ], [ 89.6221923828125, 22.329439163208008 ], [ 89.577186584472656, 22.269990921020508 ], [ 89.58026123046875, 22.113609313964844 ], [ 89.538856506347656, 21.985830307006836 ], [ 89.522628784179688, 22.000949859619141 ], [ 89.53497314453125, 22.079719543457031 ], [ 89.475807189941406, 22.291389465332031 ], [ 89.46331787109375, 22.210830688476562 ], [ 89.518043518066406, 22.083049774169922 ], [ 89.516372680664062, 21.907499313354492 ], [ 89.484153747558594, 21.89055061340332 ], [ 89.466087341308594, 21.775550842285156 ], [ 89.412750244140625, 21.71027946472168 ], [ 89.3802490234375, 21.718050003051758 ], [ 89.363037109375, 21.769439697265625 ], [ 89.381927490234375, 21.905269622802734 ], [ 89.349700927734375, 21.967220306396484 ], [ 89.355796813964844, 21.88861083984375 ], [ 89.280532836914062, 21.805549621582031 ], [ 89.292762756347656, 21.666660308837891 ], [ 89.228591918945312, 21.640829086303711 ], [ 89.201637268066406, 21.655830383300781 ], [ 89.218032836914062, 21.710550308227539 ], [ 89.180252075195312, 21.81443977355957 ], [ 89.149406433105469, 21.783880233764648 ], [ 89.10888671875, 21.824180603027344 ], [ 89.059837341308594, 22.098760604858398 ], [ 89.064437866210938, 22.117109298706055 ], [ 89.096359252929688, 22.148609161376953 ], [ 89.0072021484375, 22.27638053894043 ], [ 88.99774169921875, 22.465549468994141 ], [ 88.951080322265625, 22.555830001831055 ], [ 88.942497253417969, 22.634090423583984 ], [ 88.973297119140625, 22.833330154418945 ], [ 88.864692687988281, 22.960830688476562 ], [ 88.868850708007812, 23.082769393920898 ], [ 88.98663330078125, 23.195829391479492 ], [ 88.847198486328125, 23.242769241333008 ], [ 88.733856201171875, 23.243330001831055 ], [ 88.711357116699219, 23.308610916137695 ], [ 88.789962768554688, 23.460269927978516 ], [ 88.568038940429688, 23.641109466552734 ], [ 88.5980224609375, 23.847209930419922 ], [ 88.614143371582031, 23.872489929199219 ], [ 88.7330322265625, 23.915830612182617 ], [ 88.727188110351562, 24.053600311279297 ], [ 88.707748413085938, 24.108049392700195 ], [ 88.70831298828125, 24.171379089355469 ], [ 88.743850708007812, 24.187490463256836 ], [ 88.737472534179688, 24.250829696655273 ], [ 88.691070556640625, 24.316659927368164 ], [ 88.5546875, 24.309440612792969 ], [ 88.125518798828125, 24.508609771728516 ], [ 88.074783325195312, 24.640520095825195 ], [ 88.043296813964844, 24.684160232543945 ], [ 88.163299560546875, 24.881940841674805 ], [ 88.135246276855469, 24.918319702148438 ], [ 88.215263366699219, 24.948879241943359 ], [ 88.332199096679688, 24.867490768432617 ], [ 88.438018798828125, 25.023050308227539 ], [ 88.450813293457031, 25.187770843505859 ], [ 88.558853149414062, 25.183050155639648 ], [ 88.944686889648438, 25.196939468383789 ], [ 89.006362915039062, 25.278049468994141 ], [ 89.005813598632812, 25.305269241333008 ], [ 88.882461547851562, 25.326379776000977 ], [ 88.821640014648438, 25.401660919189453 ], [ 88.841079711914062, 25.454160690307617 ], [ 88.772476196289062, 25.516389846801758 ], [ 88.701080322265625, 25.468050003051758 ], [ 88.521087646484375, 25.531940460205078 ], [ 88.287483215332031, 25.794160842895508 ], [ 88.257476806640625, 25.815000534057617 ], [ 88.158309936523438, 25.778329849243164 ], [ 88.105239868164062, 25.869159698486328 ], [ 88.131072998046875, 25.989160537719727 ], [ 88.183296203613281, 26.033889770507812 ], [ 88.1796875, 26.143329620361328 ], [ 88.373863220214844, 26.303049087524414 ], [ 88.457473754882812, 26.369159698486328 ], [ 88.522476196289062, 26.355829238891602 ], [ 88.49468994140625, 26.450000762939453 ], [ 88.378021240234375, 26.489429473876953 ], [ 88.35357666015625, 26.45166015625 ], [ 88.334701538085938, 26.486660003662109 ], [ 88.401077270507812, 26.625270843505859 ], [ 88.419418334960938, 26.596380233764648 ], [ 88.42913818359375, 26.555000305175781 ], [ 88.694122314453125, 26.391939163208008 ], [ 88.741348266601562, 26.323600769042969 ], [ 88.671630859375, 26.289440155029297 ], [ 88.69940185546875, 26.269439697265625 ], [ 88.763603210449219, 26.299999237060547 ], [ 88.849411010742188, 26.231660842895508 ], [ 88.883590698242188, 26.278329849243164 ], [ 88.927749633789062, 26.279439926147461 ], [ 89.007980346679688, 26.230169296264648 ], [ 89.05523681640625, 26.242490768432617 ] ] ] ] } },
{ "type": "Feature", "properties": { "GID_0": null, "COUNTRY": null, "NAME": "Bhutan", "GMI_CNTRY": "BTN", "REGION": "Asia", "layer": "sasia_boundary", "path": "/home/chaoticneuron/MonitoringNeeds/data/sasia_boundary.geojson" }, "geometry": { "type": "MultiPolygon", "coordinates": [ [ [ [ 88.75054931640625, 27.147270202636719 ], [ 88.806350708007812, 27.253049850463867 ], [ 88.9013671875, 27.282220840454102 ], [ 88.917877197265625, 27.321039199829102 ], [ 88.971076965332031, 27.473609924316406 ], [ 89.12579345703125, 27.567489624023438 ], [ 89.225517272949219, 27.795000076293945 ], [ 89.359970092773438, 27.871660232543945 ], [ 89.586090087890625, 28.139999389648438 ], [ 89.831649780273438, 28.248880386352539 ], [ 89.996353149414062, 28.323329925537109 ], [ 90.366073608398438, 28.257770538330078 ], [ 90.396087646484375, 28.235549926757812 ], [ 90.382461547851562, 28.079719543457031 ], [ 90.896926879882812, 28.05055046081543 ], [ 91.01580810546875, 27.97776985168457 ], [ 91.108856201171875, 27.971109390258789 ], [ 91.314971923828125, 28.096660614013672 ], [ 91.338027954101562, 28.052490234375 ], [ 91.658309936523438, 27.948049545288086 ], [ 91.666923522949219, 27.888879776000977 ], [ 91.659553527832031, 27.765110015869141 ], [ 91.600799560546875, 27.666660308837891 ], [ 91.5980224609375, 27.624990463256836 ], [ 91.63134765625, 27.536380767822266 ], [ 91.765533447265625, 27.456939697265625 ], [ 91.775253295898438, 27.416099548339844 ], [ 92.00775146484375, 27.471939086914062 ], [ 92.114410400390625, 27.285829544067383 ], [ 92.0152587890625, 27.168050765991211 ], [ 92.015533447265625, 27.080829620361328 ], [ 92.08331298828125, 27.022769927978516 ], [ 92.1121826171875, 26.920270919799805 ], [ 92.069976806640625, 26.861940383911133 ], [ 91.9971923828125, 26.851940155029297 ], [ 91.915252685546875, 26.893880844116211 ], [ 91.916923522949219, 26.854160308837891 ], [ 91.835800170898438, 26.863330841064453 ], [ 91.712478637695312, 26.799999237060547 ], [ 91.542190551757812, 26.804439544677734 ], [ 91.4921875, 26.874719619750977 ], [ 91.418853759765625, 26.873329162597656 ], [ 91.371353149414062, 26.800830841064453 ], [ 91.307456970214844, 26.778049468994141 ], [ 90.682456970214844, 26.774169921875 ], [ 90.392196655273438, 26.903600692749023 ], [ 90.344131469726562, 26.894159317016602 ], [ 90.143043518066406, 26.753330230712891 ], [ 89.989959716796875, 26.735830307006836 ], [ 89.8419189453125, 26.701379776000977 ], [ 89.618301391601562, 26.726940155029297 ], [ 89.636093139648438, 26.771110534667969 ], [ 89.360786437988281, 26.859989166259766 ], [ 89.220809936523438, 26.814720153808594 ], [ 89.110237121582031, 26.829160690307617 ], [ 88.921630859375, 26.987770080566406 ], [ 88.873016357421875, 26.954990386962891 ], [ 88.86773681640625, 27.080549240112305 ], [ 88.843307495117188, 27.108600616455078 ], [ 88.75054931640625, 27.147270202636719 ] ] ] ] } },
{ "type": "Feature", "properties": { "GID_0": null, "COUNTRY": null, "NAME": "Nepal", "GMI_CNTRY": "NPL", "REGION": "Asia", "layer": "sasia_boundary", "path": "/home/chaoticneuron/MonitoringNeeds/data/sasia_boundary.geojson" }, "geometry": { "type": "MultiPolygon", "coordinates": [ [ [ [ 80.85858154296875, 30.174709320068359 ], [ 80.904136657714844, 30.216930389404297 ], [ 80.936363220214844, 30.181379318237305 ], [ 81.027397155761719, 30.204700469970703 ], [ 81.109703063964844, 30.02471923828125 ], [ 81.223587036132812, 30.010269165039062 ], [ 81.301910400390625, 30.083599090576172 ], [ 81.290802001953125, 30.130550384521484 ], [ 81.35662841796875, 30.145280838012695 ], [ 81.3963623046875, 30.283050537109375 ], [ 81.411361694335938, 30.380830764770508 ], [ 81.541923522949219, 30.330549240112305 ], [ 81.615516662597656, 30.419710159301758 ], [ 82.100517272949219, 30.342220306396484 ], [ 82.165802001953125, 30.079719543457031 ], [ 82.5577392578125, 29.942770004272461 ], [ 82.855239868164062, 29.668880462646484 ], [ 82.9921875, 29.672500610351562 ], [ 83.085250854492188, 29.585269927978516 ], [ 83.16497802734375, 29.633050918579102 ], [ 83.257476806640625, 29.579999923706055 ], [ 83.284408569335938, 29.474430084228516 ], [ 83.346076965332031, 29.496660232543945 ], [ 83.602462768554688, 29.165830612182617 ], [ 83.677192687988281, 29.16193962097168 ], [ 83.72052001953125, 29.228879928588867 ], [ 84.023590087890625, 29.279159545898438 ], [ 84.176361083984375, 29.21388053894043 ], [ 84.199691772460938, 29.062770843505859 ], [ 84.256088256835938, 29.042219161987305 ], [ 84.231353759765625, 28.929439544677734 ], [ 84.82330322265625, 28.55194091796875 ], [ 84.939682006835938, 28.540000915527344 ], [ 85.059967041015625, 28.64109992980957 ], [ 85.189956665039062, 28.60331916809082 ], [ 85.181922912597656, 28.530000686645508 ], [ 85.101913452148438, 28.446659088134766 ], [ 85.103302001953125, 28.316379547119141 ], [ 85.283859252929688, 28.272220611572266 ], [ 85.538299560546875, 28.289440155029297 ], [ 85.619956970214844, 28.251110076904297 ], [ 85.705810546875, 28.340549468994141 ], [ 85.780807495117188, 28.206100463867188 ], [ 85.916366577148438, 28.096939086914062 ], [ 85.918853759765625, 28.033330917358398 ], [ 85.97802734375, 27.989709854125977 ], [ 85.9730224609375, 27.91581916809082 ], [ 86.014419555664062, 27.882770538330078 ], [ 86.131637573242188, 27.926109313964844 ], [ 86.09246826171875, 28.07805061340332 ], [ 86.183578491210938, 28.16387939453125 ], [ 86.215263366699219, 28.118330001831055 ], [ 86.219703674316406, 28.016109466552734 ], [ 86.444961547851562, 27.908050537109375 ], [ 86.53497314453125, 27.954990386962891 ], [ 86.571907043457031, 28.105829238891602 ], [ 86.704147338867188, 28.111099243164062 ], [ 86.758033752441406, 28.080270767211914 ], [ 86.764137268066406, 28.026660919189453 ], [ 86.874130249023438, 28.017780303955078 ], [ 86.933029174804688, 27.950550079345703 ], [ 87.030258178710938, 27.965269088745117 ], [ 87.192733764648438, 27.823049545288086 ], [ 87.404136657714844, 27.860549926757812 ], [ 87.393592834472656, 27.809160232543945 ], [ 87.54608154296875, 27.845830917358398 ], [ 87.72052001953125, 27.804990768432617 ], [ 87.797203063964844, 27.83721923828125 ], [ 87.853851318359375, 27.91472053527832 ], [ 88.142356872558594, 27.86808967590332 ], [ 88.19580078125, 27.841379165649414 ], [ 88.045806884765625, 27.485269546508789 ], [ 88.066650390625, 27.436939239501953 ], [ 88.013031005859375, 27.212209701538086 ], [ 87.996917724609375, 27.102489471435547 ], [ 88.149139404296875, 26.920270919799805 ], [ 88.192733764648438, 26.731380462646484 ], [ 88.08941650390625, 26.431110382080078 ], [ 88.003311157226562, 26.367210388183594 ], [ 87.921913146972656, 26.448600769042969 ], [ 87.593032836914062, 26.379440307617188 ], [ 87.476913452148438, 26.435550689697266 ], [ 87.390533447265625, 26.414709091186523 ], [ 87.328033447265625, 26.347770690917969 ], [ 87.133590698242188, 26.413330078125 ], [ 87.053848266601562, 26.58721923828125 ], [ 86.994422912597656, 26.528879165649414 ], [ 86.948516845703125, 26.532649993896484 ], [ 86.725799560546875, 26.421379089355469 ], [ 86.325813293457031, 26.614160537719727 ], [ 86.206626892089844, 26.585550308227539 ], [ 86.0294189453125, 26.663049697875977 ], [ 85.85552978515625, 26.570270538330078 ], [ 85.80718994140625, 26.602489471435547 ], [ 85.72857666015625, 26.673049926757812 ], [ 85.726066589355469, 26.801660537719727 ], [ 85.623291015625, 26.866939544677734 ], [ 85.33441162109375, 26.735820770263672 ], [ 85.211639404296875, 26.766939163208008 ], [ 85.186630249023438, 26.794990539550781 ], [ 85.194412231445312, 26.854440689086914 ], [ 85.167190551757812, 26.870830535888672 ], [ 85.036361694335938, 26.850549697875977 ], [ 84.933296203613281, 26.967489242553711 ], [ 84.750259399414062, 27.007499694824219 ], [ 84.644126892089844, 27.056659698486328 ], [ 84.681083679199219, 27.140829086303711 ], [ 84.67913818359375, 27.235269546508789 ], [ 84.594970703125, 27.341939926147461 ], [ 84.297737121582031, 27.388330459594727 ], [ 84.192459106445312, 27.47637939453125 ], [ 84.098861694335938, 27.516109466552734 ], [ 84.040252685546875, 27.444709777832031 ], [ 83.923683166503906, 27.452970504760742 ], [ 83.832748413085938, 27.427490234375 ], [ 83.878303527832031, 27.368610382080078 ], [ 83.858306884765625, 27.35222053527832 ], [ 83.607742309570312, 27.469160079956055 ], [ 83.386367797851562, 27.472770690917969 ], [ 83.389968872070312, 27.396659851074219 ], [ 83.330543518066406, 27.337490081787109 ], [ 83.275802612304688, 27.343330383300781 ], [ 83.176361083984375, 27.448879241943359 ], [ 82.764419555664062, 27.505270004272461 ], [ 82.701080322265625, 27.711109161376953 ], [ 82.42413330078125, 27.679439544677734 ], [ 82.170806884765625, 27.857219696044922 ], [ 81.999687194824219, 27.922210693359375 ], [ 81.8802490234375, 27.857219696044922 ], [ 81.476066589355469, 28.083330154418945 ], [ 81.470252990722656, 28.123600006103516 ], [ 81.388313293457031, 28.174440383911133 ], [ 81.319976806640625, 28.129999160766602 ], [ 81.188858032226562, 28.369159698486328 ], [ 80.9105224609375, 28.457220077514648 ], [ 80.831092834472656, 28.505270004272461 ], [ 80.569976806640625, 28.684719085693359 ], [ 80.505538940429688, 28.658330917358398 ], [ 80.508590698242188, 28.566940307617188 ], [ 80.44024658203125, 28.628879547119141 ], [ 80.357742309570312, 28.629440307617188 ], [ 80.313018798828125, 28.697210311889648 ], [ 80.055801391601562, 28.836109161376953 ], [ 80.062179565429688, 28.936380386352539 ], [ 80.124679565429688, 28.984159469604492 ], [ 80.149696350097656, 29.112489700317383 ], [ 80.259140014648438, 29.149440765380859 ], [ 80.239959716796875, 29.214710235595703 ], [ 80.287750244140625, 29.205549240112305 ], [ 80.306922912597656, 29.310550689697266 ], [ 80.275802612304688, 29.322490692138672 ], [ 80.241348266601562, 29.43998908996582 ], [ 80.40997314453125, 29.606380462646484 ], [ 80.374130249023438, 29.744159698486328 ], [ 80.420242309570312, 29.789159774780273 ], [ 80.479972839355469, 29.796659469604492 ], [ 80.875518798828125, 30.143049240112305 ], [ 80.85858154296875, 30.174709320068359 ] ] ] ] } },
{ "type": "Feature", "properties": { "GID_0": null, "COUNTRY": null, "NAME": "Sri Lanka", "GMI_CNTRY": "LKA", "REGION": "Asia", "layer": "sasia_boundary", "path": "/home/chaoticneuron/MonitoringNeeds/data/sasia_boundary.geojson" }, "geometry": { "type": "MultiPolygon", "coordinates": [ [ [ [ 79.793441772460938, 7.599532127380371 ], [ 79.755538940429688, 7.865831851959229 ], [ 79.69830322265625, 8.19749641418457 ], [ 79.779136657714844, 8.343051910400391 ], [ 79.730117797851562, 8.020807266235352 ], [ 79.75164794921875, 7.988053798675537 ], [ 79.816932678222656, 7.985554218292236 ], [ 79.83026123046875, 8.012775421142578 ], [ 79.799423217773438, 8.05194091796875 ], [ 79.831649780273438, 8.311107635498047 ], [ 79.9427490234375, 8.642498016357422 ], [ 79.917213439941406, 8.937774658203125 ], [ 80.050262451171875, 9.026386260986328 ], [ 80.122756958007812, 9.25416374206543 ], [ 80.062759399414062, 9.331386566162109 ], [ 80.0535888671875, 9.396942138671875 ], [ 80.194976806640625, 9.470273971557617 ], [ 80.176651000976562, 9.500274658203125 ], [ 80.073028564453125, 9.571386337280273 ], [ 80.08941650390625, 9.589719772338867 ], [ 80.276641845703125, 9.499719619750977 ], [ 80.261917114257812, 9.459997177124023 ], [ 80.309982299804688, 9.452774047851562 ], [ 80.403312683105469, 9.497774124145508 ], [ 80.18109130859375, 9.649164199829102 ], [ 80.18109130859375, 9.616941452026367 ], [ 80.1846923828125, 9.582220077514648 ], [ 79.950813293457031, 9.686107635498047 ], [ 79.91998291015625, 9.769720077514648 ], [ 80.11859130859375, 9.818330764770508 ], [ 80.356086730957031, 9.616941452026367 ], [ 80.443588256835938, 9.576384544372559 ], [ 80.336639404296875, 9.65860652923584 ], [ 80.1402587890625, 9.816385269165039 ], [ 80.206916809082031, 9.826108932495117 ], [ 80.368026733398438, 9.653886795043945 ], [ 80.51275634765625, 9.541940689086914 ], [ 80.801933288574219, 9.288608551025391 ], [ 80.734970092773438, 9.302497863769531 ], [ 80.780258178710938, 9.26361083984375 ], [ 80.804702758789062, 9.25416374206543 ], [ 80.892471313476562, 9.111385345458984 ], [ 80.955810546875, 9.000829696655273 ], [ 80.873870849609375, 9.03166389465332 ], [ 80.935256958007812, 8.930274963378906 ], [ 80.979713439941406, 8.973608016967773 ], [ 81.08331298828125, 8.859996795654297 ], [ 81.251922607421875, 8.559443473815918 ], [ 81.24359130859375, 8.536941528320312 ], [ 81.20831298828125, 8.570831298828125 ], [ 81.217193603515625, 8.511941909790039 ], [ 81.17913818359375, 8.52583122253418 ], [ 81.130538940429688, 8.499998092651367 ], [ 81.219703674316406, 8.462774276733398 ], [ 81.283309936523438, 8.46333122253418 ], [ 81.289703369140625, 8.501941680908203 ], [ 81.334701538085938, 8.516107559204102 ], [ 81.414642333984375, 8.251102447509766 ], [ 81.443313598632812, 8.166940689086914 ], [ 81.422203063964844, 8.13499641418457 ], [ 81.39385986328125, 8.178607940673828 ], [ 81.428863525390625, 8.088052749633789 ], [ 81.47247314453125, 8.100830078125 ], [ 81.596649169921875, 7.835554122924805 ], [ 81.638031005859375, 7.826109886169434 ], [ 81.713027954101562, 7.717498779296875 ], [ 81.681922912597656, 7.703053951263428 ], [ 81.619140625, 7.76388692855835 ], [ 81.593307495117188, 7.727221012115479 ], [ 81.66552734375, 7.714443206787109 ], [ 81.714141845703125, 7.623610019683838 ], [ 81.771926879882812, 7.450275897979736 ], [ 81.827476501464844, 7.473053932189941 ], [ 81.858306884765625, 7.3941650390625 ], [ 81.890533447265625, 7.000554084777832 ], [ 81.777763366699219, 6.61527681350708 ], [ 81.661087036132812, 6.439999103546143 ], [ 81.504432678222656, 6.336665153503418 ], [ 81.118873596191406, 6.112497806549072 ], [ 80.634140014648438, 5.943609237670898 ], [ 80.333587646484375, 5.973330974578857 ], [ 80.155258178710938, 6.067777156829834 ], [ 79.994140625, 6.386387825012207 ], [ 79.847198486328125, 6.879998207092285 ], [ 79.861358642578125, 6.993053913116455 ], [ 79.807479858398438, 7.192221164703369 ], [ 79.848587036132812, 7.123054981231689 ], [ 79.859703063964844, 7.167221069335938 ], [ 79.826370239257812, 7.198887825012207 ], [ 79.793441772460938, 7.599532127380371 ] ] ] ] } },
{ "type": "Feature", "properties": { "GID_0": null, "COUNTRY": null, "NAME": "India", "GMI_CNTRY": "IND", "REGION": "Asia", "layer": "sasia_boundary", "path": "/home/chaoticneuron/MonitoringNeeds/data/sasia_boundary.geojson" }, "geometry": { "type": "MultiPolygon", "coordinates": [ [ [ [ 73.017345164600272, 8.277248318330448 ], [ 73.046987994229539, 8.276668364655505 ], [ 73.074010032136513, 8.319945367803392 ], [ 73.045620020850265, 8.26586349835209 ], [ 73.023846145649017, 8.26839415438689 ], [ 73.018218242614793, 8.271412298028856 ], [ 73.017345164600272, 8.277248318330448 ] ] ], [ [ [ 78.213271712397159, 8.832270649207956 ], [ 78.205221091669259, 8.841298123129757 ], [ 78.215787277263686, 8.842005242421164 ], [ 78.213271712397159, 8.832270649207956 ] ] ], [ [ [ 78.2270902287148, 8.871189398420912 ], [ 78.226783660657787, 8.866320278556655 ], [ 78.225513865054239, 8.866812054012915 ], [ 78.2270902287148, 8.871189398420912 ] ] ], [ [ [ 78.273581807710727, 8.943292814969752 ], [ 78.269551102065179, 8.939142238415519 ], [ 78.269054454087296, 8.939887407900962 ], [ 78.273581807710727, 8.943292814969752 ] ] ], [ [ [ 78.250674398758107, 8.952670693609029 ], [ 78.252067422557374, 8.956424624919007 ], [ 78.253094031637133, 8.95205786914002 ], [ 78.250674398758107, 8.952670693609029 ] ] ], [ [ [ 72.289736224577226, 10.053710667276833 ], [ 72.283227086825732, 10.04221375300685 ], [ 72.283964803998302, 10.045888866328923 ], [ 72.289736224577226, 10.053710667276833 ] ] ], [ [ [ 73.627098596962398, 10.073626427814485 ], [ 73.625817001987571, 10.073224150892965 ], [ 73.625347224416487, 10.073938307417883 ], [ 73.627098596962398, 10.073626427814485 ] ] ], [ [ [ 73.646528518754025, 10.077631174294542 ], [ 73.646030605049944, 10.059233827189379 ], [ 73.634195437725595, 10.072374368168957 ], [ 73.649421010425598, 10.094839546981827 ], [ 73.646528518754025, 10.077631174294542 ] ] ], [ [ [ 72.335582123293023, 10.102168364328612 ], [ 72.336475593962788, 10.106010628210852 ], [ 72.337305824134887, 10.105305573217011 ], [ 72.335582123293023, 10.102168364328612 ] ] ], [ [ [ 72.32753052340145, 10.133406297409152 ], [ 72.327150784869588, 10.139648639413828 ], [ 72.332576445692297, 10.129271110695871 ], [ 72.32753052340145, 10.133406297409152 ] ] ], [ [ [ 73.66119238389004, 10.133323922875093 ], [ 73.658256425436846, 10.156521989962759 ], [ 73.659319312979321, 10.156426933434652 ], [ 73.66119238389004, 10.133323922875093 ] ] ], [ [ [ 72.615770068618076, 10.544087336671581 ], [ 72.640560034690807, 10.580460960108294 ], [ 72.645885921431528, 10.562434591124571 ], [ 72.615770068618076, 10.544087336671581 ] ] ], [ [ [ 73.700918940025772, 10.815399962816064 ], [ 73.659438694589028, 10.810687379419088 ], [ 73.699470199119304, 10.817384587590583 ], [ 73.700918940025772, 10.815399962816064 ] ] ], [ [ [ 72.165920660907489, 10.815800876193869 ], [ 72.168000848288386, 10.816049246406402 ], [ 72.168137747944456, 10.813933883732506 ], [ 72.165920660907489, 10.815800876193869 ] ] ], [ [ [ 72.2003286425889, 10.879929706247648 ], [ 72.178984403740245, 10.829919777374023 ], [ 72.169308844749423, 10.819610902127732 ], [ 72.2003286425889, 10.879929706247648 ] ] ], [ [ [ 72.283959056577103, 10.938638560671642 ], [ 72.286668305405428, 10.94799580586124 ], [ 72.290121811141589, 10.947183286591702 ], [ 72.283959056577103, 10.938638560671642 ] ] ], [ [ [ 72.324273319317797, 10.951702570750339 ], [ 72.314656098718132, 10.944690137714266 ], [ 72.315725188229365, 10.950317851613693 ], [ 72.324273319317797, 10.951702570750339 ] ] ], [ [ [ 72.720235460232146, 11.131511519051628 ], [ 72.732919335175694, 11.137464807984324 ], [ 72.719507396355624, 11.115041107406599 ], [ 72.720235460232146, 11.131511519051628 ] ] ], [ [ [ 72.768868252759503, 11.20676649892607 ], [ 72.762659905101131, 11.186573655708385 ], [ 72.761090982186047, 11.183865578035045 ], [ 72.778711167887792, 11.243688542954732 ], [ 72.7898173074433, 11.261148106987761 ], [ 72.775909585722985, 11.217422479936438 ], [ 72.768868252759503, 11.20676649892607 ] ] ], [ [ [ 73.007636882678611, 11.470846477593589 ], [ 72.997410483043737, 11.498295256119087 ], [ 72.998784536220867, 11.499516258616083 ], [ 73.009177769173661, 11.488677806956538 ], [ 73.007636882678611, 11.470846477593589 ] ] ], [ [ [ 72.184572258980765, 11.602546524438832 ], [ 72.188473235322888, 11.601723160182654 ], [ 72.186382504415448, 11.599716747247049 ], [ 72.184572258980765, 11.602546524438832 ] ] ], [ [ [ 72.709482911945514, 11.684417174109448 ], [ 72.708002562019146, 11.687102317914444 ], [ 72.71574826130194, 11.704975707788018 ], [ 72.715288473895129, 11.692800782262692 ], [ 72.709482911945514, 11.684417174109448 ] ] ], [ [ [ 74.240131330167472, 14.708726832760282 ], [ 74.237715789114588, 14.709274225248542 ], [ 74.23862828789872, 14.711368309610615 ], [ 74.240131330167472, 14.708726832760282 ] ] ], [ [ [ 74.15677044579877, 14.736785576571089 ], [ 74.152398469278467, 14.740335299199435 ], [ 74.154239007701179, 14.742069588032297 ], [ 74.15677044579877, 14.736785576571089 ] ] ], [ [ [ 74.110820586851801, 14.755244836572681 ], [ 74.10930167674185, 14.761503481647527 ], [ 74.119694898914872, 14.753943673980826 ], [ 74.110820586851801, 14.755244836572681 ] ] ], [ [ [ 74.087288486755654, 14.794471128262092 ], [ 74.085964451773549, 14.795930532071058 ], [ 74.088983569967567, 14.795501697425916 ], [ 74.087288486755654, 14.794471128262092 ] ] ], [ [ [ 74.05904571114111, 14.821456388792786 ], [ 74.061447153135632, 14.821664890015033 ], [ 74.057114049412633, 14.818929785191889 ], [ 74.05904571114111, 14.821456388792786 ] ] ], [ [ [ 74.062292796601383, 14.821077712071236 ], [ 74.065651416887334, 14.820346566749565 ], [ 74.064787634639373, 14.819614210968069 ], [ 74.062292796601383, 14.821077712071236 ] ] ], [ [ [ 74.093696370899906, 14.838829866998921 ], [ 74.093641084085746, 14.835820304739901 ], [ 74.09289776412075, 14.836050648071092 ], [ 74.093696370899906, 14.838829866998921 ] ] ], [ [ [ 74.097565224385775, 14.846282026275514 ], [ 74.101904616315764, 14.843693173214575 ], [ 74.100223102156249, 14.841239271104749 ], [ 74.097565224385775, 14.846282026275514 ] ] ], [ [ [ 71.152085927243576, 20.762767182139115 ], [ 71.155261962253078, 20.761052092336165 ], [ 71.151520329974375, 20.75912173099892 ], [ 71.152085927243576, 20.762767182139115 ] ] ], [ [ [ 71.254665022051014, 20.811718482790138 ], [ 71.254080854808265, 20.813317896785154 ], [ 71.256084724915922, 20.813994834753604 ], [ 71.254665022051014, 20.811718482790138 ] ] ], [ [ [ 71.261995502043192, 20.815042046613488 ], [ 71.260787216782091, 20.815960321854217 ], [ 71.263153246289775, 20.81633537926125 ], [ 71.261995502043192, 20.815042046613488 ] ] ], [ [ [ 71.269462654417651, 20.821307136004975 ], [ 71.270934172108156, 20.820458188347391 ], [ 71.268894850886099, 20.820014442184714 ], [ 71.269462654417651, 20.821307136004975 ] ] ], [ [ [ 71.459106147660023, 20.878110994808225 ], [ 71.456991323038366, 20.87710047785551 ], [ 71.457386246691797, 20.878644811863431 ], [ 71.459106147660023, 20.878110994808225 ] ] ], [ [ [ 71.517004227808201, 20.913474613951902 ], [ 71.531832278028645, 20.903130355339883 ], [ 71.507686675305848, 20.903065297754935 ], [ 71.517004227808201, 20.913474613951902 ] ] ], [ [ [ 71.547057040448266, 20.91337234017135 ], [ 71.548388582651185, 20.912643779280238 ], [ 71.54769884809123, 20.911820511601626 ], [ 71.547057040448266, 20.91337234017135 ] ] ], [ [ [ 72.810788797551339, 21.616981921622497 ], [ 72.728010836258704, 21.585941252597742 ], [ 72.695494564631815, 21.588621417342484 ], [ 72.642206572046433, 21.532245340643289 ], [ 72.575628234801215, 21.531768216731038 ], [ 72.58016544114669, 21.585712739867446 ], [ 72.600986191255075, 21.576594737205884 ], [ 72.598802279001546, 21.548668209621869 ], [ 72.616213177903319, 21.547324860118991 ], [ 72.606955045363776, 21.587579026733707 ], [ 72.626603873115442, 21.628827040783868 ], [ 72.674187481899978, 21.645626810696299 ], [ 72.796428083280972, 21.650676622987309 ], [ 72.825906720639239, 21.638838546663091 ], [ 72.810788797551339, 21.616981921622497 ] ] ], [ [ [ 72.350311786430296, 21.608432136860667 ], [ 72.360840590430826, 21.592158970104787 ], [ 72.355096229803209, 21.592485857324782 ], [ 72.350311786430296, 21.608432136860667 ] ] ], [ [ [ 69.332695861256695, 22.372817133925018 ], [ 69.32335964176275, 22.381291291627971 ], [ 69.339408963290083, 22.38597409265946 ], [ 69.332695861256695, 22.372817133925018 ] ] ], [ [ [ 69.656827511903629, 22.425379139076423 ], [ 69.636497882439173, 22.405715812308024 ], [ 69.590346868242165, 22.430723935189636 ], [ 69.625161255842983, 22.458700179367128 ], [ 69.656827511903629, 22.425379139076423 ] ] ], [ [ [ 69.143717692653055, 22.450703712964064 ], [ 69.142059316400307, 22.463071698859828 ], [ 69.111650525667642, 22.46423696969579 ], [ 69.107807564323224, 22.437581077144205 ], [ 69.084447115209855, 22.422156999010372 ], [ 69.093972920551252, 22.460910696646419 ], [ 69.133203898602645, 22.476510776028299 ], [ 69.150164096556708, 22.468312677410125 ], [ 69.143717692653055, 22.450703712964064 ] ] ], [ [ [ 70.040161522829393, 22.552843960595478 ], [ 70.059373024649602, 22.537434404311643 ], [ 70.046108083447692, 22.523616568599703 ], [ 70.040161522829393, 22.552843960595478 ] ] ], [ [ [ 70.257648030605125, 23.17380426014422 ], [ 70.257808875753341, 23.170642319301827 ], [ 70.256619942000114, 23.170621013078833 ], [ 70.257648030605125, 23.17380426014422 ] ] ], [ [ [ 70.255851941720991, 23.175929313364652 ], [ 70.253835170907522, 23.171087393046353 ], [ 70.252608896882876, 23.170874971408296 ], [ 70.255851941720991, 23.175929313364652 ] ] ], [ [ [ 68.546840789726971, 23.674430860999195 ], [ 68.529001506724057, 23.674235392054005 ], [ 68.521581339832224, 23.6539377485968 ], [ 68.532308657137477, 23.683374879352211 ], [ 68.546840789726971, 23.674430860999195 ] ] ], [ [ [ 78.487499633154471, 9.088239211108812 ], [ 78.490471311318316, 9.09330142968073 ], [ 78.493980689570179, 9.087287711617563 ], [ 78.487499633154471, 9.088239211108812 ] ] ], [ [ [ 78.535482298741002, 9.103300969909631 ], [ 78.539578777235036, 9.105130444144702 ], [ 78.538398289442085, 9.102600199620207 ], [ 78.535482298741002, 9.103300969909631 ] ] ], [ [ [ 78.580543758906288, 9.10135864059966 ], [ 78.570954953815715, 9.1011315174357 ], [ 78.579342696998367, 9.11282441640345 ], [ 78.580543758906288, 9.10135864059966 ] ] ], [ [ [ 79.493569519945282, 9.122737955211942 ], [ 79.489292480977454, 9.119036838613974 ], [ 79.49210527591363, 9.124203116957084 ], [ 79.493569519945282, 9.122737955211942 ] ] ], [ [ [ 79.483601846790336, 9.133518465295822 ], [ 79.482282190196955, 9.131837213055858 ], [ 79.481559274565285, 9.133112238040162 ], [ 79.483601846790336, 9.133518465295822 ] ] ], [ [ [ 79.471161966854396, 9.138603312108303 ], [ 79.470693760436731, 9.139986731378904 ], [ 79.473613824997599, 9.138399189025476 ], [ 79.471161966854396, 9.138603312108303 ] ] ], [ [ [ 79.465094731950728, 9.142935680983467 ], [ 79.465276854594791, 9.143460041123156 ], [ 79.467414882700254, 9.143378192578059 ], [ 79.465094731950728, 9.142935680983467 ] ] ], [ [ [ 79.452662982666382, 9.146424087924919 ], [ 79.45124890056023, 9.149380967944829 ], [ 79.452691005611683, 9.149715189054163 ], [ 79.452662982666382, 9.146424087924919 ] ] ], [ [ [ 78.728737259275732, 9.152203591601312 ], [ 78.728371783295657, 9.153924997591037 ], [ 78.731193123905115, 9.15227504300861 ], [ 78.728737259275732, 9.152203591601312 ] ] ], [ [ [ 78.696751705132215, 9.155666740055919 ], [ 78.69700368436601, 9.152589692432999 ], [ 78.694856800668504, 9.155023188132626 ], [ 78.696751705132215, 9.155666740055919 ] ] ], [ [ [ 79.445818990706215, 9.157930773003294 ], [ 79.446996181682096, 9.152822066844641 ], [ 79.445591257900233, 9.156665028423175 ], [ 79.445818990706215, 9.157930773003294 ] ] ], [ [ [ 78.752503449555149, 9.155560055731732 ], [ 78.750953899707497, 9.156590841909839 ], [ 78.752243495078218, 9.156829073240409 ], [ 78.752503449555149, 9.155560055731732 ] ] ], [ [ [ 78.823558099047659, 9.166035885279545 ], [ 78.819428781740129, 9.16208453881549 ], [ 78.819696703375286, 9.165320736640123 ], [ 78.823558099047659, 9.166035885279545 ] ] ], [ [ [ 78.824163719856003, 9.166230481984304 ], [ 78.828671756107582, 9.173493267918385 ], [ 78.826505511919038, 9.16647447576778 ], [ 78.824163719856003, 9.166230481984304 ] ] ], [ [ [ 78.943453730126194, 9.187273042667899 ], [ 78.937193527218014, 9.182399771639723 ], [ 78.897392009366797, 9.179984970413798 ], [ 78.943453730126194, 9.187273042667899 ] ] ], [ [ [ 78.968255177566576, 9.188018620684051 ], [ 78.971090829236843, 9.184938918231172 ], [ 78.966907217753516, 9.183645391623543 ], [ 78.968255177566576, 9.188018620684051 ] ] ], [ [ [ 79.08635219729166, 9.191691565369085 ], [ 79.056768359128824, 9.198019958684641 ], [ 79.070398631682039, 9.210612052824715 ], [ 79.08635219729166, 9.191691565369085 ] ] ], [ [ [ 79.125552135855003, 9.217420986283773 ], [ 79.133107459671223, 9.214650916672133 ], [ 79.128095596106064, 9.213908441576553 ], [ 79.125552135855003, 9.217420986283773 ] ] ], [ [ [ 79.214687166291213, 9.249901440617048 ], [ 79.199803299250561, 9.230356459352773 ], [ 79.17807343700666, 9.2423264036061 ], [ 79.190888897172982, 9.252121211807868 ], [ 79.214687166291213, 9.249901440617048 ] ] ], [ [ [ 79.233064112551219, 9.24261831988208 ], [ 79.235730863880079, 9.243476528427484 ], [ 79.2384602969545, 9.241034503114518 ], [ 79.233064112551219, 9.24261831988208 ] ] ], [ [ [ 86.780474844605777, 20.358141755801885 ], [ 86.779703375033037, 20.358521210861955 ], [ 86.784238305945848, 20.364128636230099 ], [ 86.780474844605777, 20.358141755801885 ] ] ], [ [ [ 86.790294471808593, 20.382280281591591 ], [ 86.790477876348604, 20.385625812355364 ], [ 86.791796719966655, 20.386128360714633 ], [ 86.790294471808593, 20.382280281591591 ] ] ], [ [ [ 86.796046769950067, 20.368518010841719 ], [ 86.802200505429113, 20.390882781683008 ], [ 86.797861019175997, 20.400540436696165 ], [ 86.80553904926677, 20.395767734129379 ], [ 86.796046769950067, 20.368518010841719 ] ] ], [ [ [ 86.799971383662253, 20.443692956385473 ], [ 86.793698144402683, 20.493201359990223 ], [ 86.808243981690126, 20.453118518032831 ], [ 86.787865744385627, 20.38347220903546 ], [ 86.799971383662253, 20.443692956385473 ] ] ], [ [ [ 87.013074299701046, 20.716018641826572 ], [ 87.008281036668691, 20.709949129103979 ], [ 87.007538168556266, 20.711205522796121 ], [ 87.013074299701046, 20.716018641826572 ] ] ], [ [ [ 87.0077823593966, 20.718131928677156 ], [ 87.002753272432486, 20.711768423888731 ], [ 87.007337172308112, 20.71933445210443 ], [ 87.0077823593966, 20.718131928677156 ] ] ], [ [ [ 87.053484518683746, 20.730488931628972 ], [ 87.057139052109108, 20.730207644252836 ], [ 87.056163991055342, 20.72974261459272 ], [ 87.053484518683746, 20.730488931628972 ] ] ], [ [ [ 87.071993062743019, 20.730563506251809 ], [ 87.075903089611586, 20.741919979264416 ], [ 87.07788766480526, 20.743929582343348 ], [ 87.076336302157372, 20.734261845767872 ], [ 87.071993062743019, 20.730563506251809 ] ] ], [ [ [ 87.071814441731917, 20.748947155631324 ], [ 87.070349138586536, 20.73771611999258 ], [ 87.071088260724224, 20.736676685639353 ], [ 87.068778634636544, 20.737626396581096 ], [ 87.071814441731917, 20.748947155631324 ] ] ], [ [ [ 87.055122763690989, 20.745465455786057 ], [ 87.058239740758779, 20.745211423010506 ], [ 87.049992570443351, 20.743307439682848 ], [ 87.055122763690989, 20.745465455786057 ] ] ], [ [ [ 87.099379127647524, 20.749394264299987 ], [ 87.101681180937319, 20.75150731874276 ], [ 87.102016845426391, 20.750684853060122 ], [ 87.099379127647524, 20.749394264299987 ] ] ], [ [ [ 87.074160108228767, 20.75264636465409 ], [ 87.072504048731147, 20.7547750257411 ], [ 87.085900824887503, 20.764527619023337 ], [ 87.094223104242175, 20.753282604892096 ], [ 87.074160108228767, 20.75264636465409 ] ] ], [ [ [ 86.982941173182965, 20.779010184981679 ], [ 86.979237548623956, 20.777396872344752 ], [ 86.978824001098076, 20.78035155599585 ], [ 86.982941173182965, 20.779010184981679 ] ] ], [ [ [ 87.074777360423411, 20.767401715173008 ], [ 87.068775092579401, 20.793495313304298 ], [ 87.07475437343362, 20.789020061127559 ], [ 87.074777360423411, 20.767401715173008 ] ] ], [ [ [ 86.987137726694613, 20.803786903770806 ], [ 86.990126359661119, 20.80243172303706 ], [ 86.986575731669717, 20.801993242827777 ], [ 86.987137726694613, 20.803786903770806 ] ] ], [ [ [ 88.016328995748808, 21.562915025670634 ], [ 88.018793061098449, 21.553492242086161 ], [ 88.009638813331605, 21.556118749730452 ], [ 88.016328995748808, 21.562915025670634 ] ] ], [ [ [ 87.416560855199322, 21.569999707819623 ], [ 87.413425827384245, 21.562427531912554 ], [ 87.421836685117469, 21.582823057883765 ], [ 87.430098729737381, 21.586207425849651 ], [ 87.416560855199322, 21.569999707819623 ] ] ], [ [ [ 88.042925967931353, 21.692346178283206 ], [ 88.045429625628785, 21.699396383006214 ], [ 88.046024716385389, 21.698127717230701 ], [ 88.042925967931353, 21.692346178283206 ] ] ], [ [ [ 88.050169343680324, 21.700252101368886 ], [ 88.051965648160106, 21.702655171975557 ], [ 88.050292969829741, 21.694946226827263 ], [ 88.050169343680324, 21.700252101368886 ] ] ], [ [ [ 88.043346871761074, 21.708142113406065 ], [ 88.04309009103207, 21.70088082788741 ], [ 88.042477021393381, 21.708155265139133 ], [ 88.043346871761074, 21.708142113406065 ] ] ], [ [ [ 88.053308678018908, 21.703057681718615 ], [ 88.053710717227688, 21.710879005051677 ], [ 88.055277350337093, 21.708883775630252 ], [ 88.053308678018908, 21.703057681718615 ] ] ], [ [ [ 88.13411511035072, 21.67782802080696 ], [ 88.145076285175605, 21.63897728068277 ], [ 88.118681389914556, 21.625403890413196 ], [ 88.05729184212467, 21.639388293221963 ], [ 88.04144335964034, 21.649979222126856 ], [ 88.041611636550925, 21.675962571293205 ], [ 88.076490691174087, 21.751757330711335 ], [ 88.101795725179613, 21.832547441986097 ], [ 88.13612737701132, 21.875180695817669 ], [ 88.170963749980388, 21.809098408797571 ], [ 88.17125190257407, 21.740096351020714 ], [ 88.153241980989719, 21.681956512736544 ], [ 88.13411511035072, 21.67782802080696 ] ] ], [ [ [ 88.166815895936963, 21.865007008976203 ], [ 88.166671966065508, 21.869576825992254 ], [ 88.190721961092621, 21.830559094149546 ], [ 88.166815895936963, 21.865007008976203 ] ] ], [ [ [ 88.170635167809039, 21.873314714387032 ], [ 88.174274402925093, 21.863689343743175 ], [ 88.169245401300941, 21.868785961999226 ], [ 88.170635167809039, 21.873314714387032 ] ] ], [ [ [ 88.126625850437108, 21.899971420747779 ], [ 88.116424187710237, 21.923388801791624 ], [ 88.145015006598484, 21.916885672594884 ], [ 88.126625850437108, 21.899971420747779 ] ] ], [ [ [ 73.954923567593738, 15.136861575757678 ], [ 73.902126001254558, 15.309627709728922 ], [ 73.873689630611423, 15.367889074923726 ], [ 73.842426432449116, 15.358414892174912 ], [ 73.789787066618004, 15.395340912388983 ], [ 73.789711716830297, 15.463804110988402 ], [ 73.766588728379133, 15.492812435104589 ], [ 73.732216560731473, 15.588591185012865 ], [ 73.731654815438219, 15.606179858017843 ], [ 73.744669653986946, 15.605690492157889 ], [ 73.68955765108177, 15.719372201040342 ], [ 73.764264768810222, 15.731260897248013 ], [ 73.742836159254381, 15.736574932001682 ], [ 73.689794134248913, 15.728007791484728 ], [ 73.683547150178214, 15.720396193754992 ], [ 73.676993809924809, 15.725940333141351 ], [ 73.649862046399164, 15.744899963078275 ], [ 73.664203263634548, 15.753310866760916 ], [ 73.656258017984442, 15.795760403141246 ], [ 73.586966726360345, 15.910614364344395 ], [ 73.510108819096956, 15.940459787794893 ], [ 73.484360944402454, 16.033712545974975 ], [ 73.456742770998204, 16.052633882706818 ], [ 73.46492055005119, 16.086936989627759 ], [ 73.439643529109532, 16.191333496266516 ], [ 73.386680382602222, 16.358423621569081 ], [ 73.368920092055546, 16.362925641692314 ], [ 73.358669670571658, 16.44166044874051 ], [ 73.312465305429981, 16.536073785805403 ], [ 73.344674007378288, 16.569651341233246 ], [ 73.317420662268816, 16.601666994300533 ], [ 73.355194575624296, 16.6189506307527 ], [ 73.330450550293506, 16.619858851649653 ], [ 73.340681212434376, 16.633551276851946 ], [ 73.323018322620655, 16.638616682994279 ], [ 73.329715910749101, 16.687394891402004 ], [ 73.305389601127089, 16.730277129361482 ], [ 73.318108071988874, 16.798820793737701 ], [ 73.289464325262401, 16.844942324796357 ], [ 73.287430080420037, 16.880895918123933 ], [ 73.303002550143418, 16.891410533357934 ], [ 73.27868690711712, 16.892541690375591 ], [ 73.299717935765514, 16.981884014165956 ], [ 73.272187192692954, 16.984232247875628 ], [ 73.284428113759773, 17.009945400161865 ], [ 73.255531773351862, 17.026699408651961 ], [ 73.258212548280611, 17.04877497819918 ], [ 73.277031020994315, 17.036300758656342 ], [ 73.28670819964762, 17.054251233382892 ], [ 73.282462030386213, 17.107202753108947 ], [ 73.268216421744853, 17.11345972942442 ], [ 73.252726552111838, 17.18965556608358 ], [ 73.231626204964527, 17.199143802373115 ], [ 73.246545205115936, 17.204138542061958 ], [ 73.244799572804709, 17.222102473658826 ], [ 73.190812458264617, 17.299518084793494 ], [ 73.222851357963009, 17.30624907369393 ], [ 73.229247479566922, 17.282477704299325 ], [ 73.258770706600899, 17.286030134314334 ], [ 73.235556378349997, 17.288107998379132 ], [ 73.238762810552103, 17.317041471788503 ], [ 73.218614765640865, 17.329544219163481 ], [ 73.207794296633878, 17.384128426274348 ], [ 73.183713560359394, 17.383985768317682 ], [ 73.167696432655219, 17.403052708937796 ], [ 73.198026875922068, 17.439892809201496 ], [ 73.184527567855795, 17.4431381816262 ], [ 73.192427995658079, 17.468100341239957 ], [ 73.173750458730993, 17.517151902972259 ], [ 73.137602303800293, 17.554174679960092 ], [ 73.152647245059583, 17.599374461152941 ], [ 73.113627846308759, 17.689813450653702 ], [ 73.133095841397122, 17.724417218989359 ], [ 73.089907977656978, 17.81210538239603 ], [ 73.07493905992186, 17.882424578858942 ], [ 73.030216086752304, 17.944514983788707 ], [ 73.040043139429258, 17.978780867386305 ], [ 73.005137270993202, 18.019662529694767 ], [ 73.021294994920808, 18.027453317368725 ], [ 72.99037561705201, 18.055766228635214 ], [ 72.996833198692713, 18.08421386238879 ], [ 72.971028443572735, 18.132889621772236 ], [ 72.988658870068704, 18.157899983612516 ], [ 72.980932607633704, 18.196286015216355 ], [ 72.956395435566762, 18.219636398715782 ], [ 72.931778405965986, 18.220420315582949 ], [ 72.938048080710544, 18.283722080251266 ], [ 72.973020785600369, 18.266164202634698 ], [ 72.986481366396418, 18.282278812205927 ], [ 72.953215168593943, 18.335328169070682 ], [ 72.915223638360914, 18.355137670739374 ], [ 72.925945929592146, 18.383438515674317 ], [ 72.907035518800683, 18.402989269936231 ], [ 72.893732453098096, 18.471791210804472 ], [ 72.911092245046717, 18.502559148013127 ], [ 72.905316209822203, 18.538555979119945 ], [ 72.921157965721662, 18.550552896966558 ], [ 72.878139151443278, 18.630814334311474 ], [ 72.860055576988728, 18.633512825695103 ], [ 72.851052348597577, 18.698832382144811 ], [ 72.865807220258404, 18.807621140965374 ], [ 72.914489335684721, 18.800324645627775 ], [ 72.945151628295633, 18.826382469831834 ], [ 72.957132534698417, 18.799230218406905 ], [ 72.995943175756992, 18.7730178100629 ], [ 72.978272238834961, 18.807595909349061 ], [ 72.999291894811861, 18.809200509993104 ], [ 72.97508759706669, 18.839501450169195 ], [ 72.995386585895162, 18.871510671290519 ], [ 72.960994085779319, 18.841038617585266 ], [ 72.917614780272388, 18.856485297578146 ], [ 72.904073013334198, 18.904435195368343 ], [ 72.937060778314347, 18.909331964147476 ], [ 72.940810601431821, 18.944489682105885 ], [ 72.959171304354882, 18.957162262815622 ], [ 72.947148770021784, 18.986773215362955 ], [ 72.885300431056748, 18.981478205222739 ], [ 72.87824291943501, 19.021936443011391 ], [ 72.854320577704698, 18.997203427014387 ], [ 72.843639025969907, 18.930888100032789 ], [ 72.81195123100369, 18.895127663883603 ], [ 72.803560216156768, 18.898814623078437 ], [ 72.825594945946833, 18.919446161146077 ], [ 72.823605808209848, 18.941249443904287 ], [ 72.81217937793302, 18.955271002055639 ], [ 72.79249653726977, 18.949906451594583 ], [ 72.838235217564815, 19.051146167955551 ], [ 72.817013398428159, 19.04147410128806 ], [ 72.828696737893068, 19.116619929376878 ], [ 72.806845682137535, 19.151450690727561 ], [ 72.786073022439581, 19.133520796402426 ], [ 72.795440228420929, 19.195331525932872 ], [ 72.781725972371774, 19.194333718055674 ], [ 72.775575904714074, 19.22719089236536 ], [ 72.785859109315894, 19.306379969389013 ], [ 72.829951450783, 19.33462136416852 ], [ 72.798828034970455, 19.324584571602319 ], [ 72.745975181817144, 19.374767367217935 ], [ 72.759898264728804, 19.392120829337902 ], [ 72.749547678395814, 19.489269329243545 ], [ 72.719470019253293, 19.501610567712714 ], [ 72.711390709928466, 19.53977754388783 ], [ 72.709295190102267, 19.598834475623121 ], [ 72.725324513334726, 19.608334735936772 ], [ 72.699087735936772, 19.661739855653472 ], [ 72.708143657705847, 19.703810730343974 ], [ 72.697536814361655, 19.719073107649773 ], [ 72.675676786233069, 19.715513812630132 ], [ 72.682847838618557, 19.793488520084523 ], [ 72.671316747424612, 19.813643074108672 ], [ 72.667492105423776, 19.801320285408771 ], [ 72.654291080252605, 19.810619409764886 ], [ 72.641990570339729, 19.843982364587511 ], [ 72.648861166805389, 19.870354069766062 ], [ 72.680283345213411, 19.865156297266019 ], [ 72.678802572180544, 19.920742148410675 ], [ 72.664216024142746, 19.933488839029494 ], [ 72.721975826619214, 19.970623772631779 ], [ 72.707883797552043, 20.070025489612675 ], [ 72.746585193590604, 20.11614161227239 ], [ 72.737671141855998, 20.134335790044158 ], [ 72.794113633240258, 20.12334056473739 ], [ 72.740002355358257, 20.134813221008542 ], [ 72.742417797596488, 20.241200407586085 ], [ 72.779416507980883, 20.335888018947742 ], [ 72.83594402490678, 20.373315367051323 ], [ 72.857343430097913, 20.375671726954689 ], [ 72.804602925741335, 20.372271950985038 ], [ 72.846268553808329, 20.478029978120411 ], [ 72.863166427193832, 20.471445042884511 ], [ 72.8859374201365, 20.497677181925678 ], [ 72.897909436811247, 20.586399711652241 ], [ 72.852879305391497, 20.756905091592095 ], [ 72.82021273483781, 20.793798369855619 ], [ 72.839236221065676, 20.80524842278502 ], [ 72.780174277347228, 20.92115092298538 ], [ 72.819976412341063, 20.92750369499997 ], [ 72.819191307240644, 20.952253607172263 ], [ 72.754652065740302, 20.938658860274757 ], [ 72.722156954828264, 21.037733279593891 ], [ 72.726697890080445, 21.06133523123831 ], [ 72.748933599050744, 21.057224080741882 ], [ 72.741188412705981, 21.074457118410248 ], [ 72.708446168971037, 21.080715849327653 ], [ 72.702471491982678, 21.096159101281646 ], [ 72.684787880730312, 21.082973677794485 ], [ 72.669823477029468, 21.115038353364252 ], [ 72.644824838604464, 21.086126362990431 ], [ 72.620610627051818, 21.097889753407411 ], [ 72.638058319151, 21.21110790914857 ], [ 72.657354418914792, 21.224651915260303 ], [ 72.622256929048845, 21.242593405646112 ], [ 72.600341011336553, 21.289869978155384 ], [ 72.601167602433421, 21.388624228777143 ], [ 72.679333899619976, 21.439955435154666 ], [ 72.68730213675147, 21.452444538815094 ], [ 72.613121300662883, 21.40010972211007 ], [ 72.579577062601899, 21.413856435826876 ], [ 72.655824464018437, 21.469170923038 ], [ 72.702960363245126, 21.525728195646288 ], [ 72.749999981039679, 21.527518969742896 ], [ 72.770223240991356, 21.562515465410442 ], [ 72.760425302712761, 21.560323469824755 ], [ 72.754535853386969, 21.566365950913838 ], [ 72.802240342171046, 21.587213312596315 ], [ 72.830145701581728, 21.628448991741042 ], [ 72.8284574931767, 21.650914840246674 ], [ 72.867906488754244, 21.642217223687446 ], [ 72.877237768412442, 21.672558608981099 ], [ 72.962978284578909, 21.674034656785683 ], [ 72.861906568208099, 21.687591181373499 ], [ 72.801294647043889, 21.657685176385122 ], [ 72.736967633427781, 21.691132753813669 ], [ 72.712369146851103, 21.679593959727701 ], [ 72.608811880124023, 21.688023397625408 ], [ 72.543949599955951, 21.660329222395074 ], [ 72.532173890323648, 21.717182992775019 ], [ 72.60401283463618, 21.753488222714726 ], [ 72.609909650147316, 21.790405878773893 ], [ 72.593024520808271, 21.804915109258477 ], [ 72.620025309067202, 21.829374447222829 ], [ 72.610332341624485, 21.839683135800076 ], [ 72.623352637438529, 21.883751333667423 ], [ 72.648169872770055, 21.89730976337108 ], [ 72.691265201951069, 21.882581341376049 ], [ 72.69190307766803, 21.941874948643818 ], [ 72.719412536058258, 21.93922411524915 ], [ 72.748288544896369, 21.967462913169676 ], [ 72.725223397169728, 21.996465984657274 ], [ 72.707806150772171, 21.953397868305885 ], [ 72.641161204346929, 21.957042412114742 ], [ 72.545361250322657, 21.910988737897782 ], [ 72.528353302419688, 21.938077564152326 ], [ 72.547859295346228, 21.964388748265034 ], [ 72.53054446317924, 21.955075323374562 ], [ 72.525894245177781, 21.95987257899387 ], [ 72.539761752916064, 21.96175418825451 ], [ 72.528135031568581, 21.982261910635021 ], [ 72.54854345316491, 21.991051215281978 ], [ 72.543163916340461, 22.126342594625942 ], [ 72.580958376861432, 22.199154521615274 ], [ 72.649961082005547, 22.215462978974948 ], [ 72.659282526908015, 22.199797323337688 ], [ 72.782684566408108, 22.157569291947109 ], [ 72.782756138780044, 22.192860369219556 ], [ 72.853799738096214, 22.238852218717756 ], [ 72.84205830997179, 22.27510924317928 ], [ 72.69974687657313, 22.200076935662395 ], [ 72.624176676421712, 22.233910530881985 ], [ 72.547065402925668, 22.224703755113602 ], [ 72.298313967730707, 22.031778864676447 ], [ 72.268868938143868, 21.970603033663142 ], [ 72.21166860103645, 21.962067029091912 ], [ 72.204195362575945, 21.891069329911829 ], [ 72.242459505446575, 21.829811416970813 ], [ 72.235480036761771, 21.812038888002583 ], [ 72.202823723172003, 21.819055415073347 ], [ 72.282045671073078, 21.697996309207127 ], [ 72.306126652587608, 21.626009207712801 ], [ 72.270548115785346, 21.573906068770317 ], [ 72.235354525048606, 21.456008321054444 ], [ 72.107841899012982, 21.302474603024756 ], [ 72.082666499089456, 21.245135051291648 ], [ 72.112053423847115, 21.198630700660708 ], [ 72.017792188683131, 21.153911488271174 ], [ 72.010229546292294, 21.134670085310567 ], [ 71.996597916384658, 21.141907053595034 ], [ 71.974405129816944, 21.122582801416769 ], [ 71.898334223099212, 21.109941461027589 ], [ 71.880018287718372, 21.089286150805911 ], [ 71.813078224061059, 21.067467656583986 ], [ 71.797630595009338, 21.055218565397062 ], [ 71.805586023063213, 21.037979779977462 ], [ 71.717237916815904, 21.020682219800833 ], [ 71.681912297986955, 20.996548286091002 ], [ 71.647082604890329, 20.994203341718688 ], [ 71.63677115725595, 20.98071043927834 ], [ 71.647711593574158, 20.974650855066919 ], [ 71.616912748056933, 20.967067785036463 ], [ 71.607492564829997, 20.977959877694243 ], [ 71.610513335025814, 20.966078379029685 ], [ 71.565583296589978, 20.948951877352645 ], [ 71.516654365446072, 20.94811654974534 ], [ 71.506115537145277, 20.918371285631512 ], [ 71.439982490294824, 20.869520802785015 ], [ 71.384490705738685, 20.875797244414731 ], [ 71.383172870030364, 20.856436689264804 ], [ 71.322278785340472, 20.846791877822785 ], [ 71.156151992375328, 20.777709750163037 ], [ 71.148943258890029, 20.765324439940997 ], [ 71.148147285439919, 20.758291449375651 ], [ 71.146073812067428, 20.758975591858658 ], [ 71.146870825206918, 20.761763795878878 ], [ 71.144808412818847, 20.758220369383199 ], [ 71.086306033284146, 20.755449474393497 ], [ 71.079147720806034, 20.736894111960947 ], [ 71.050609156917901, 20.730423527260907 ], [ 70.999999635980856, 20.742280244354003 ], [ 70.980551191826379, 20.722718238267202 ], [ 71.004007481299084, 20.736845313639254 ], [ 70.976812985722162, 20.702834349742655 ], [ 70.873446860561927, 20.707503879954672 ], [ 70.872755880201353, 20.704356939787964 ], [ 70.844139577905139, 20.706468070077634 ], [ 70.828131028213605, 20.690112866163823 ], [ 70.537136499140928, 20.803829223660095 ], [ 70.322800949903581, 20.926036336212576 ], [ 70.059293510272227, 21.145188162217728 ], [ 69.615963686821559, 21.624551772274767 ], [ 69.566185229693232, 21.651500898067887 ], [ 69.216552175116306, 21.957508264414752 ], [ 68.95804495239247, 22.238730213646043 ], [ 68.935757802295754, 22.311825993357978 ], [ 68.976650900777969, 22.402702912846955 ], [ 68.977802596667772, 22.403903258193022 ], [ 68.98177477886918, 22.401597432939493 ], [ 68.996374154849249, 22.401599866375609 ], [ 69.000000000576023, 22.404098472873446 ], [ 68.980646995233954, 22.402311990945876 ], [ 68.984477400825639, 22.413435115656213 ], [ 69.068004378300486, 22.481249328051053 ], [ 69.083413281878606, 22.474088224610067 ], [ 69.04995313241642, 22.438031139661163 ], [ 69.039466763033261, 22.445710930254943 ], [ 69.035110542064757, 22.390653868031201 ], [ 69.082428010573324, 22.388360978130102 ], [ 69.109922112263774, 22.409926135237278 ], [ 69.12797693793425, 22.395107484927845 ], [ 69.121169614305671, 22.375637592067399 ], [ 69.137072043317758, 22.400493755627753 ], [ 69.194605255645243, 22.421948942616435 ], [ 69.187680524903982, 22.402522579933898 ], [ 69.199804152944154, 22.390718836739353 ], [ 69.16786892691438, 22.373251985234177 ], [ 69.180932427202052, 22.370868346996218 ], [ 69.163414726697809, 22.348400819623119 ], [ 69.153872953802249, 22.249383708843816 ], [ 69.13378965766006, 22.222644624936464 ], [ 69.136338269749274, 22.195903910216114 ], [ 69.148159275133153, 22.195015718693657 ], [ 69.178532197034841, 22.212839493756928 ], [ 69.190297356852469, 22.243641730604629 ], [ 69.212815126940527, 22.210349085407319 ], [ 69.236801543703379, 22.222224033786325 ], [ 69.240518969978453, 22.258372815636204 ], [ 69.321984048873233, 22.292003050948193 ], [ 69.340072422127975, 22.31303119502557 ], [ 69.332546292660197, 22.327758567803844 ], [ 69.423187558875995, 22.316011811885794 ], [ 69.487204363563265, 22.336533379684518 ], [ 69.499481645737859, 22.366325327260647 ], [ 69.540442024441589, 22.377206499705295 ], [ 69.561323252728172, 22.355840456076425 ], [ 69.579581456080675, 22.367355982155711 ], [ 69.597659435827609, 22.346160499895316 ], [ 69.617351984584161, 22.345417425114977 ], [ 69.621234593073623, 22.371141299028402 ], [ 69.655744950358098, 22.359800158940299 ], [ 69.660992680974147, 22.396314252104084 ], [ 69.700551962719146, 22.396246088368603 ], [ 69.695384044721152, 22.450079610634333 ], [ 69.730690966914125, 22.484552116801325 ], [ 69.739616627577121, 22.432173444135248 ], [ 69.758435013154283, 22.443270836392063 ], [ 69.789719389099417, 22.413773765892568 ], [ 69.795144615137531, 22.377839333369099 ], [ 69.8328227069983, 22.447073229875894 ], [ 69.870996559301389, 22.42296701085403 ], [ 69.887799764083155, 22.454635386779184 ], [ 69.937406352836376, 22.463268987901948 ], [ 69.939848911619734, 22.48278802598071 ], [ 69.979255483359708, 22.468166275640115 ], [ 69.991101784403682, 22.510564032405988 ], [ 70.010296111333972, 22.49992348433058 ], [ 70.073123512449129, 22.51782590623224 ], [ 70.091216629706906, 22.508161474017662 ], [ 70.086491791349729, 22.49369035436894 ], [ 70.116291004195205, 22.501035662399513 ], [ 70.118233511284132, 22.486596366288097 ], [ 70.120211436249761, 22.486350942106526 ], [ 70.124145900887342, 22.512616332228056 ], [ 70.184724985034634, 22.522164999342003 ], [ 70.179182179407292, 22.567521988688924 ], [ 70.263508926979597, 22.653458811198181 ], [ 70.27868816817049, 22.725271909836724 ], [ 70.41330861238211, 22.818390490835846 ], [ 70.462322737950942, 22.831307174695294 ], [ 70.491092904587333, 22.889886678183945 ], [ 70.535149139169889, 22.912056694243205 ], [ 70.539653691754765, 22.925498276656995 ], [ 70.478811553942805, 22.937771738670975 ], [ 70.432660076215143, 22.967061652043814 ], [ 70.479205912555926, 22.974861962242755 ], [ 70.540834291837129, 22.960403344799072 ], [ 70.561704633440797, 23.029000394629861 ], [ 70.602508828354289, 23.034541917255581 ], [ 70.597117979045464, 23.060939883293837 ], [ 70.629325697338544, 23.062468016613327 ], [ 70.693669191446901, 23.120144013008744 ], [ 70.766058671874575, 23.146113416348559 ], [ 70.771461348402411, 23.168068287640157 ], [ 70.791825574683415, 23.165100363861484 ], [ 70.786136291562499, 23.15101998013952 ], [ 70.816074662428633, 23.164569280844439 ], [ 70.81557405377869, 23.136513772771522 ], [ 70.834459860612881, 23.127914202385828 ], [ 70.828559420399557, 23.079914764873241 ], [ 70.835592216672893, 23.111493813588993 ], [ 70.858218543671441, 23.129710706002705 ], [ 70.827561852056348, 23.157421558094057 ], [ 70.959247301707066, 23.194395158033576 ], [ 70.918901551218994, 23.198375960596984 ], [ 70.888285874883138, 23.182769476029588 ], [ 70.862919590148294, 23.192359333194116 ], [ 70.873117237405864, 23.204337552943418 ], [ 70.860197541225503, 23.208468127696513 ], [ 70.893175459771825, 23.224255807934004 ], [ 70.833100293668011, 23.249891452156678 ], [ 70.814273212398902, 23.230273109125292 ], [ 70.767678912846876, 23.246104588106842 ], [ 70.723453848889847, 23.217116110670812 ], [ 70.726273428801335, 23.20563756671396 ], [ 70.650802664067044, 23.223895099109559 ], [ 70.649023319779815, 23.19203869562774 ], [ 70.578962880728028, 23.177708815643875 ], [ 70.502312361226018, 23.177898609986258 ], [ 70.428031212964626, 23.217546273611589 ], [ 70.436308643928726, 23.233376746068711 ], [ 70.424760945580132, 23.237254585270506 ], [ 70.36635947020801, 23.219858095408249 ], [ 70.301929602186803, 23.223688578019743 ], [ 70.267574176441073, 23.178462065412592 ], [ 70.249681168794297, 23.177893687334148 ], [ 70.208766409235622, 23.16035382621066 ], [ 70.207299502597493, 23.125617233762863 ], [ 70.149294812188046, 23.036996129637242 ], [ 70.188616683576484, 23.072814229330991 ], [ 70.211224871792822, 23.073829226903801 ], [ 70.230254084780611, 22.972659562135814 ], [ 70.216047124357701, 22.946571944247882 ], [ 70.164392934610461, 22.938281572347808 ], [ 70.120538647591985, 22.963290742368322 ], [ 70.158001388126294, 23.03195584169984 ], [ 70.148206535560675, 23.034815636293065 ], [ 70.11809968835793, 22.991269875145854 ], [ 70.03654577775967, 22.952690050052741 ], [ 70.016751661883845, 22.920242543639581 ], [ 69.96182233857823, 22.894378183248012 ], [ 69.928485151410442, 22.896104395258817 ], [ 69.898743814323751, 22.871261185930063 ], [ 69.800887312085266, 22.851109539972487 ], [ 69.706043667681527, 22.80464673199095 ], [ 69.647421545414375, 22.796186937879675 ], [ 69.645938517610162, 22.810003189930644 ], [ 69.605258509394801, 22.8031498243482 ], [ 69.57576559870499, 22.817718357075304 ], [ 69.476994131806919, 22.795538387151897 ], [ 69.457336802399396, 22.814278435971836 ], [ 69.416833511665033, 22.810655421276401 ], [ 69.469978058570888, 22.776448534757595 ], [ 69.493054863734969, 22.779218760841104 ], [ 69.472644305046543, 22.773719865396263 ], [ 69.321582706757113, 22.832135403653837 ], [ 69.196699274386589, 22.837696027148137 ], [ 69.194183218141617, 22.851856280624641 ], [ 69.131241820816953, 22.872293251214568 ], [ 68.814385762200004, 23.057336653667601 ], [ 68.870281313425224, 23.027219636132628 ], [ 68.836915588577483, 23.046214240618728 ], [ 68.840859263641661, 23.059028469995631 ], [ 68.821006647677905, 23.05752865988735 ], [ 68.815153091437608, 23.077031041915568 ], [ 68.811550376431072, 23.058830033759854 ], [ 68.758588530684321, 23.080345475046023 ], [ 68.749857522366952, 23.088010188063343 ], [ 68.772186073120196, 23.077627855126522 ], [ 68.760109397324953, 23.099769725236609 ], [ 68.783488641888994, 23.120115294658145 ], [ 68.754212748002189, 23.122818327018255 ], [ 68.745863508409229, 23.110018528681614 ], [ 68.7122460738222, 23.151428885316449 ], [ 68.682624690572041, 23.152910095378157 ], [ 68.659566721282857, 23.197848883763374 ], [ 68.673385412772006, 23.201569828316654 ], [ 68.669171012430638, 23.218199274872095 ], [ 68.620986551095285, 23.205726776924042 ], [ 68.653517764400277, 23.231146995703309 ], [ 68.701682966754262, 23.240060825223217 ], [ 68.714998251341342, 23.264174869754655 ], [ 68.724520272978722, 23.255134940708764 ], [ 68.723625234748781, 23.267095236867476 ], [ 68.705873810573934, 23.27016656133533 ], [ 68.711866126881219, 23.286718994373782 ], [ 68.699441537169704, 23.285226642009192 ], [ 68.710971342874487, 23.316074580780757 ], [ 68.680646594028204, 23.312323222888818 ], [ 68.684530643415414, 23.32920705159588 ], [ 68.660506456986411, 23.34745415903414 ], [ 68.652038081023861, 23.30345047764003 ], [ 68.640040451583744, 23.32330820218959 ], [ 68.652230632210035, 23.335071887605398 ], [ 68.619564850377174, 23.374212848273267 ], [ 68.543013247964367, 23.421059413986512 ], [ 68.530696543223556, 23.445860853742992 ], [ 68.546265422380742, 23.465061337350829 ], [ 68.528780443010731, 23.44991393421672 ], [ 68.483966121956541, 23.54949773469983 ], [ 68.510640217201114, 23.63947900217698 ], [ 68.529019310434691, 23.635798343140291 ], [ 68.532969324909828, 23.649497958256113 ], [ 68.520732042019887, 23.649589598970525 ], [ 68.542910749292162, 23.653236962814717 ], [ 68.567955625801503, 23.684944843622191 ], [ 68.548289350970379, 23.691812115081568 ], [ 68.55802730155095, 23.717581077660217 ], [ 68.573304564210716, 23.721442253240383 ], [ 68.587235654704813, 23.702625050779641 ], [ 68.596963210879267, 23.724120781977796 ], [ 68.613199417019985, 23.718001003976248 ], [ 68.631999503914813, 23.728560679199276 ], [ 68.615680056286593, 23.725869955989996 ], [ 68.618479469019988, 23.73801868929182 ], [ 68.646874197359793, 23.738509140243245 ], [ 68.635601982664411, 23.763012787333931 ], [ 68.651790356211222, 23.794381922117395 ], [ 68.681487838444028, 23.794956041108222 ], [ 68.708308721100977, 23.834273021759529 ], [ 68.68823481504846, 23.846445512621862 ], [ 68.602649075012209, 23.829523848994775 ], [ 68.576717313382446, 23.817283855669803 ], [ 68.52745867896968, 23.74607888770711 ], [ 68.420976797714829, 23.733208776152438 ], [ 68.393838455826355, 23.600031669863608 ], [ 68.278081224921195, 23.55972858516914 ], [ 68.188230010828107, 23.581805099066884 ], [ 68.185542396126792, 23.595404194050921 ], [ 68.192210003880916, 23.586697246663672 ], [ 68.20766913675817, 23.586156892361178 ], [ 68.177863854894596, 23.614092999961649 ], [ 68.18632053119893, 23.645281144632705 ], [ 68.207847213390181, 23.650331820809097 ], [ 68.183041355221775, 23.654880439398426 ], [ 68.206659388158002, 23.668888782223984 ], [ 68.181654493865324, 23.72163315782128 ], [ 68.20263908230848, 23.766671861651055 ], [ 68.210349726633979, 23.877182094993021 ], [ 68.279853031444858, 23.93081634930034 ], [ 68.332916881790453, 23.925097221862114 ], [ 68.340016948403814, 23.968473358819672 ], [ 68.368932874779887, 23.984773902219665 ], [ 68.389660232438104, 23.96659376875434 ], [ 68.753025990866846, 23.971310422961217 ], [ 68.764704347376878, 24.295843708367237 ], [ 68.826311682724267, 24.317362932867326 ], [ 68.864821479790805, 24.212780055047102 ], [ 68.880291831727632, 24.216567569829152 ], [ 68.906750317829307, 24.279786040746171 ], [ 68.945283783706969, 24.302492759907828 ], [ 68.984741270160583, 24.227609708332281 ], [ 69.005328411582681, 24.223119659359785 ], [ 69.094753490057826, 24.274494284319985 ], [ 69.193280938592139, 24.236195884006001 ], [ 69.312739640794589, 24.281601873734946 ], [ 69.494006106857313, 24.267780141018509 ], [ 69.594446021020801, 24.292398464659744 ], [ 69.731214048717533, 24.171056605356437 ], [ 70.0250573152192, 24.171284910064514 ], [ 70.066810130174431, 24.199159176187084 ], [ 70.109868381392118, 24.294974709864338 ], [ 70.325585359873401, 24.351876357272189 ], [ 70.368459178878382, 24.350768958592013 ], [ 70.573121694289185, 24.422362307981743 ], [ 70.602468540710419, 24.408122716762932 ], [ 70.562233851635895, 24.355088473345685 ], [ 70.584531311697162, 24.290362478611097 ], [ 70.571229756960875, 24.251734939740761 ], [ 70.667789824954369, 24.219478715014688 ], [ 70.805459668669883, 24.220854108090311 ], [ 70.907257755592923, 24.258779152361608 ], [ 70.874505089604042, 24.294490342038145 ], [ 70.947679833235682, 24.348051733051587 ], [ 70.986542479562644, 24.364708941682679 ], [ 71.042133710315724, 24.351252424785113 ], [ 71.081889236221045, 24.392911603372426 ], [ 71.121843871912461, 24.405660752751746 ], [ 71.125526485775296, 24.420078917949528 ], [ 71.103067307403364, 24.435696362345862 ], [ 70.998565183677329, 24.444426756836091 ], [ 71.005209766712412, 24.523020741958913 ], [ 70.987354744327405, 24.5434205408155 ], [ 70.998822367749895, 24.621842560927053 ], [ 71.096379368977694, 24.68854094805009 ], [ 71.098099029121329, 24.687891400927633 ], [ 71.065299095654993, 24.71746093735236 ], [ 71.026480143383452, 24.80884939334533 ], [ 70.937627759766542, 24.938558418915218 ], [ 70.888670578403591, 25.148173493255054 ], [ 70.751580966411524, 25.277815450083413 ], [ 70.736795340927017, 25.332557286358274 ], [ 70.664813860928319, 25.396882652903042 ], [ 70.678453295399137, 25.525196237680589 ], [ 70.667136073311426, 25.531338643180508 ], [ 70.673933669982091, 25.675841859103212 ], [ 70.660074251572937, 25.702152567034837 ], [ 70.608851755320316, 25.714973220675432 ], [ 70.530154862821348, 25.683480351377668 ], [ 70.387002158057413, 25.673831537047423 ], [ 70.268652013746518, 25.713600200819208 ], [ 70.247241350770821, 25.761605257403229 ], [ 70.174454814987541, 25.828365831814939 ], [ 70.099763228269452, 25.938263047253987 ], [ 70.083387220016007, 26.083288984623934 ], [ 70.143424108905577, 26.152747291362889 ], [ 70.175047297934881, 26.251528463246931 ], [ 70.163509411884135, 26.294930852809998 ], [ 70.185362727800907, 26.374334460130999 ], [ 70.174176378572, 26.551443370213544 ], [ 70.117196418865021, 26.586880574984036 ], [ 70.056233293255644, 26.600568523220144 ], [ 69.886766902729022, 26.578870097980317 ], [ 69.791895930676063, 26.598311312609912 ], [ 69.722492714357472, 26.653310647609334 ], [ 69.510309727068545, 26.74350376567466 ], [ 69.484425669573596, 26.804835288605307 ], [ 69.51331289028478, 27.009983515371935 ], [ 69.586415889966233, 27.182646592328926 ], [ 69.862484679726236, 27.401807499120192 ], [ 69.933890909159686, 27.49783075976476 ], [ 70.025899699597119, 27.562919935347068 ], [ 70.132396196441633, 27.805955562920264 ], [ 70.227011574440084, 27.901370580287281 ], [ 70.296184936131965, 27.936015539924281 ], [ 70.372192349027088, 28.011832144615017 ], [ 70.505820639041701, 28.037038001625778 ], [ 70.58946000833501, 28.01043969568688 ], [ 70.677399182600354, 27.921846194017274 ], [ 70.684371928293572, 27.828185801339959 ], [ 70.739767924592655, 27.741921845626251 ], [ 70.759316072760527, 27.721265819952475 ], [ 70.871839430626594, 27.705597885254726 ], [ 70.963199269119627, 27.729377535714715 ], [ 71.205535365950112, 27.835417479038639 ], [ 71.38306322615837, 27.872630068302808 ], [ 71.666433383308814, 27.877756409771969 ], [ 71.889973978245706, 27.954807037323061 ], [ 71.92715887525253, 28.121261329063131 ], [ 72.004290317723331, 28.218656613282597 ], [ 72.132243521591747, 28.313098394334055 ], [ 72.20613068314259, 28.394268820679613 ], [ 72.299237599336166, 28.669754062740097 ], [ 72.390702636837148, 28.770357250171518 ], [ 72.73308527017835, 28.948087888955936 ], [ 72.945840499574615, 29.027947567175417 ], [ 73.004357590818771, 29.152954134332667 ], [ 73.084428525715083, 29.236265625233187 ], [ 73.282097229040914, 29.572031894630651 ], [ 73.396925235429634, 29.945997697671874 ], [ 73.597001880061114, 30.018977276784035 ], [ 73.806560414992987, 30.068029040629391 ], [ 73.972493276896827, 30.198095229648033 ], [ 73.956533881283818, 30.276071124375282 ], [ 73.930867109188142, 30.320068464682141 ], [ 73.879775959206498, 30.359722016288906 ], [ 73.973903181899757, 30.444111654330371 ], [ 73.926258740102512, 30.438930278250311 ], [ 73.934399540905133, 30.490142347176956 ], [ 73.964129701153055, 30.456476137336082 ], [ 73.963657978729387, 30.484852219296599 ], [ 73.981991233628918, 30.504018453679542 ], [ 74.019989034102622, 30.514170296928238 ], [ 74.012026793225658, 30.533592491076309 ], [ 74.031010094217606, 30.526926937088291 ], [ 74.039220419233359, 30.542617387180627 ], [ 74.057306463156593, 30.518689710630966 ], [ 74.072279919180545, 30.522909659016552 ], [ 74.090947924982515, 30.549421518615251 ], [ 74.073420362773064, 30.554676851288487 ], [ 74.102128380364832, 30.579231926118805 ], [ 74.096036993356449, 30.611607235065673 ], [ 74.118065637958779, 30.607906363878453 ], [ 74.127361850981544, 30.634796400318656 ], [ 74.147820137161006, 30.631060569154329 ], [ 74.193321628085059, 30.665174318753841 ], [ 74.232657858145004, 30.724556430318358 ], [ 74.286460243130051, 30.735695883050774 ], [ 74.261425876011245, 30.775059532278419 ], [ 74.301967215787755, 30.779368810129046 ], [ 74.294875551117215, 30.794506992183891 ], [ 74.320385234819184, 30.84662651201328 ], [ 74.38208903934661, 30.860433952380291 ], [ 74.360765878567804, 30.873703769384292 ], [ 74.365905415192728, 30.892932489010207 ], [ 74.422717990914478, 30.907778715727883 ], [ 74.410335445951532, 30.92348943422677 ], [ 74.428746795890305, 30.93122551904111 ], [ 74.413865357894153, 30.929648730359592 ], [ 74.41640488172763, 30.940334605167237 ], [ 74.54615956167693, 30.99241636824754 ], [ 74.542477799417014, 31.017368540688029 ], [ 74.568233809254721, 31.054688965096283 ], [ 74.596799771759009, 31.037662574063372 ], [ 74.671161342594559, 31.053627394940637 ], [ 74.695930500092061, 31.074159652752218 ], [ 74.688922477557654, 31.127879830664074 ], [ 74.658968417615029, 31.133971151624433 ], [ 74.636231784686146, 31.118259048060708 ], [ 74.630877187788926, 31.13271034707677 ], [ 74.603462286065508, 31.13366644404126 ], [ 74.610667369328851, 31.099295958300576 ], [ 74.571268679407211, 31.081421831116465 ], [ 74.551496597408672, 31.086385184667208 ], [ 74.548355100825191, 31.121927358261214 ], [ 74.510363337030185, 31.131900951908264 ], [ 74.517546495112398, 31.229096232357321 ], [ 74.53276941059579, 31.250487068708551 ], [ 74.520602813440632, 31.268922217793914 ], [ 74.541762656907522, 31.303397244098651 ], [ 74.526386040577336, 31.311672683297601 ], [ 74.548685194861193, 31.334646695157687 ], [ 74.551801536820079, 31.364641641774384 ], [ 74.583482086873502, 31.379039044753519 ], [ 74.602460032109747, 31.420509456933313 ], [ 74.654610265268659, 31.426008201672083 ], [ 74.635414581882273, 31.48540529093826 ], [ 74.609767634706571, 31.499870220331697 ], [ 74.587284224279841, 31.496291013317851 ], [ 74.575323995298277, 31.50092818073659 ], [ 74.584092610686696, 31.520568652315344 ], [ 74.61269075174279, 31.527229426888205 ], [ 74.615693543056508, 31.568376138743428 ], [ 74.55531664273019, 31.60784039216859 ], [ 74.534410338870785, 31.678303027868321 ], [ 74.486596473014302, 31.714998933904813 ], [ 74.503703844656343, 31.740477623273605 ], [ 74.559406882424582, 31.757879837207721 ], [ 74.557905791296591, 31.804769748622927 ], [ 74.607862148088842, 31.890385963318739 ], [ 74.636309004766275, 31.884221787922105 ], [ 74.666705258610847, 31.922734470328869 ], [ 74.719238989751048, 31.923689701285252 ], [ 74.720165036926332, 31.941427899055689 ], [ 74.756572177950048, 31.943699869648956 ], [ 74.755593370921517, 31.955754205227251 ], [ 74.819100057393243, 31.958749484193177 ], [ 74.828872941658574, 31.998616661957197 ], [ 74.879978017323751, 32.032039766025896 ], [ 74.868920896138363, 32.041609837706453 ], [ 74.879549879361051, 32.053796839306521 ], [ 74.927957878369995, 32.066459755720714 ], [ 75.012364530188506, 32.035745420620835 ], [ 75.064131303095351, 32.065593137178666 ], [ 75.091206614691913, 32.071839155835484 ], [ 75.104895293908285, 32.058569708698847 ], [ 75.122905313409021, 32.081382063984599 ], [ 75.174243456974693, 32.067468614748819 ], [ 75.198497360588149, 32.08267098822013 ], [ 75.202457731740225, 32.120237380886991 ], [ 75.215826679885737, 32.121103926321268 ], [ 75.223703799999683, 32.098162630988561 ], [ 75.235440843447194, 32.103504368633935 ], [ 75.231417192271579, 32.091610552838105 ], [ 75.26130958825982, 32.101380574064862 ], [ 75.285354606620274, 32.151494734977398 ], [ 75.322420125610648, 32.179498518333837 ], [ 75.316380856160094, 32.208036950150181 ], [ 75.372434334805533, 32.226053099124158 ], [ 75.381855084869372, 32.268954119187455 ], [ 75.320496487634287, 32.297389977848773 ], [ 75.335797099771199, 32.333261154844173 ], [ 75.327771438267192, 32.326116686268634 ], [ 75.322670356722966, 32.343527759677855 ], [ 75.288302360851446, 32.354481047653657 ], [ 75.289748313387292, 32.36984226816967 ], [ 75.25812933925333, 32.371412403701626 ], [ 75.255943922321691, 32.38926534215377 ], [ 75.193954847894332, 32.400469011852913 ], [ 75.189765644398378, 32.425805865348977 ], [ 75.131420765584082, 32.40886425530055 ], [ 75.101353277167206, 32.477694539971957 ], [ 75.085538528218436, 32.468760272867861 ], [ 75.028022753088905, 32.497085801327472 ], [ 75.019301601985163, 32.466162166289621 ], [ 74.952661501970894, 32.44749575174216 ], [ 74.937935054802324, 32.471297262371337 ], [ 74.897456124581836, 32.468437999642568 ], [ 74.875861272836943, 32.491993933277229 ], [ 74.818753364287403, 32.497913610163152 ], [ 74.812818564412851, 32.479636865130175 ], [ 74.727458683296888, 32.475815301344319 ], [ 74.682725363331883, 32.49223856208404 ], [ 74.69060917589465, 32.53296104170515 ], [ 74.662882443783289, 32.544521644674248 ], [ 74.673835266970954, 32.567976359343199 ], [ 74.652539851558004, 32.562964289278383 ], [ 74.658770753218235, 32.596845390296323 ], [ 74.639045701618102, 32.614642230117127 ], [ 74.695268692357615, 32.661313145018589 ], [ 74.65349777455279, 32.696685252167832 ], [ 74.704773710683341, 32.841947858961291 ], [ 74.640521703698482, 32.818944482688451 ], [ 74.63462640813681, 32.806623869706627 ], [ 74.658357449135792, 32.787654347354959 ], [ 74.63229336566468, 32.776397259350986 ], [ 74.634258355788489, 32.749540604368867 ], [ 74.619196728322805, 32.760683009829464 ], [ 74.576842322401617, 32.747901425168784 ], [ 74.562890851828655, 32.760119076825085 ], [ 74.511591086088558, 32.745501114651439 ], [ 74.510189909179743, 32.764869589233285 ], [ 74.486075766356493, 32.764446332238599 ], [ 74.458978404712965, 32.787579837913178 ], [ 74.415261134131498, 32.784558795340082 ], [ 74.391003298592054, 32.763163396043382 ], [ 74.355048147598467, 32.766998443661066 ], [ 74.314479697564977, 32.796837810929304 ], [ 74.303397745148473, 32.829840508880906 ], [ 74.219641003776772, 32.848817997376223 ], [ 74.211264467077271, 32.873433730817474 ], [ 74.17880371941979, 32.889495938686288 ], [ 74.068952398569692, 32.909555743827845 ], [ 74.058162847778192, 32.93453760601794 ], [ 73.999681008222453, 32.935400059257525 ], [ 74.006184290754916, 32.954906814187964 ], [ 73.972370632668856, 32.96720658997004 ], [ 73.964644689135781, 32.987123695321046 ], [ 73.825662925118095, 33.004011441761286 ], [ 73.825970436406124, 32.977239447015691 ], [ 73.790430846062989, 32.966809253238267 ], [ 73.794510948269405, 33.003591207297269 ], [ 73.749106705364753, 33.033620025642428 ], [ 73.742830892431869, 33.066153764231821 ], [ 73.631859560170383, 33.095298659273276 ], [ 73.631201123813213, 33.139516365122184 ], [ 73.648687657268667, 33.137472363300596 ], [ 73.664482020748693, 33.16134611603853 ], [ 73.668008932318273, 33.20185730337451 ], [ 73.647621713657571, 33.222823096249627 ], [ 73.633549832005613, 33.207636055705365 ], [ 73.637563343896616, 33.230409457773128 ], [ 73.606514355301982, 33.273713277739333 ], [ 73.614171854396943, 33.292891944876686 ], [ 73.589295894398703, 33.323537059894861 ], [ 73.598028020220269, 33.337518733782559 ], [ 73.578419816980713, 33.328623781063122 ], [ 73.570487914007487, 33.342977176264654 ], [ 73.583768531709396, 33.355675736814057 ], [ 73.565154536215587, 33.366251323174801 ], [ 73.603160125082852, 33.419082509220203 ], [ 73.586708104983316, 33.422805304938322 ], [ 73.596064366789548, 33.438983499234332 ], [ 73.631892077387036, 33.447594472156766 ], [ 73.602067744052931, 33.496683217245632 ], [ 73.618683298856666, 33.495350417206886 ], [ 73.611447061120955, 33.513059057249677 ], [ 73.641772703790949, 33.52850685922094 ], [ 73.624414488385625, 33.540868233169483 ], [ 73.628706340572478, 33.571058813736848 ], [ 73.604983486818981, 33.588694798672975 ], [ 73.611903245385179, 33.603779539349965 ], [ 73.567154998115058, 33.617735817717879 ], [ 73.577743248129494, 33.638057760321381 ], [ 73.567458699648014, 33.668486068177522 ], [ 73.603135988249463, 33.715087014303499 ], [ 73.594645994329596, 33.75123299835839 ], [ 73.559922503659109, 33.781329070910921 ], [ 73.592840795630167, 33.89379776877275 ], [ 73.54760974970894, 33.936933857084831 ], [ 73.516453627135206, 33.998826320188293 ], [ 73.490933411584848, 34.139668130209273 ], [ 73.498538902716419, 34.211216054113798 ], [ 73.472833662065312, 34.252302193988861 ], [ 73.48083596870228, 34.289420715316645 ], [ 73.456709281804436, 34.276454056303521 ], [ 73.429943029293128, 34.346297677659457 ], [ 73.407860692386251, 34.350280583986489 ], [ 73.396060031148608, 34.373082227167828 ], [ 73.427737532319981, 34.42603761687689 ], [ 73.421942290216322, 34.466051004759535 ], [ 73.450462860849342, 34.569944637933226 ], [ 73.532176932977919, 34.570984079752748 ], [ 73.556131499972423, 34.589836464733018 ], [ 73.611149843627757, 34.584821364120813 ], [ 73.650263617585694, 34.561964252708286 ], [ 73.653755165177472, 34.60052805134886 ], [ 73.695000294554944, 34.650052737999644 ], [ 73.659053747625151, 34.673097205247309 ], [ 73.729942180942317, 34.772221993277569 ], [ 73.772306834844258, 34.796108085690669 ], [ 73.821776014596679, 34.792098793275279 ], [ 73.837712339739383, 34.813155602023315 ], [ 73.919373641234927, 34.81164782487172 ], [ 73.930468142217606, 34.832389831685369 ], [ 73.960997544353603, 34.838559281677462 ], [ 73.967435589433492, 34.863826206197238 ], [ 74.029915700063171, 34.876281129356968 ], [ 74.03720021056732, 34.919227870718288 ], [ 74.071170448600654, 34.935481570239226 ], [ 74.059324834767892, 34.992675532271463 ], [ 74.109746957255183, 35.016074679319118 ], [ 74.066775625227748, 35.046819970932525 ], [ 74.10143039208404, 35.099141507751945 ], [ 74.14734863620771, 35.096950378815983 ], [ 74.105860950438952, 35.125722498146928 ], [ 74.112272117027231, 35.148527134298163 ], [ 74.033813990442567, 35.146862275664027 ], [ 74.002828059089296, 35.183647824029393 ], [ 73.956844710948573, 35.168044983698103 ], [ 73.924549054775682, 35.203897025226773 ], [ 73.861189170089347, 35.207144145244314 ], [ 73.808327853907755, 35.239496406207046 ], [ 73.720233592695124, 35.214419895818708 ], [ 73.707984097208893, 35.222483590257312 ], [ 73.724975015749038, 35.273048513146946 ], [ 73.694842554882612, 35.318405774019233 ], [ 73.695438990417173, 35.369070275177286 ], [ 73.727023094646782, 35.418988669339754 ], [ 73.792038580689933, 35.454219665215668 ], [ 73.778504942606745, 35.522894258887824 ], [ 73.729614153929788, 35.529492533736175 ], [ 73.721255911421025, 35.549219524090333 ], [ 73.658838454689189, 35.547628563824802 ], [ 73.628388405233864, 35.569045232805031 ], [ 73.561597222961822, 35.546388671141905 ], [ 73.527924250032399, 35.567301883017024 ], [ 73.501505252074011, 35.55756944868083 ], [ 73.47736080638127, 35.571901673350617 ], [ 73.398123550289426, 35.557082802955009 ], [ 73.363482100058903, 35.59722367086232 ], [ 73.268677924035515, 35.624386074845468 ], [ 73.132915165040671, 35.710777313906938 ], [ 73.126500453700245, 35.776226829640763 ], [ 73.148664071970657, 35.831183367160449 ], [ 73.083882809959775, 35.877462646351944 ], [ 73.028824380781501, 35.847058073866023 ], [ 72.987077774083232, 35.859810613193915 ], [ 72.918442279566023, 35.839057315349635 ], [ 72.892447502017362, 35.844540859665997 ], [ 72.891126882429987, 35.873737395223799 ], [ 72.839317032610339, 35.867128354230495 ], [ 72.819157673418076, 35.881720315779752 ], [ 72.784288671841267, 35.841454371231301 ], [ 72.76143859696333, 35.832303948141984 ], [ 72.72657914357967, 35.853051953349798 ], [ 72.684383791566063, 35.822525159874644 ], [ 72.628139648196523, 35.857857932214358 ], [ 72.585100919166592, 35.85937260875928 ], [ 72.558235392934947, 35.897664743192088 ], [ 72.518473616551887, 35.90548266995134 ], [ 72.513077327045707, 35.938673016325254 ], [ 72.534886349730783, 35.950638523814092 ], [ 72.538672681279706, 35.985120108240942 ], [ 72.559963801847246, 35.986957113090405 ], [ 72.583525296616159, 36.017073965036374 ], [ 72.568759323575065, 36.044622777274739 ], [ 72.535740044796412, 36.047291272867504 ], [ 72.516680471446946, 36.0673348561374 ], [ 72.527615122614719, 36.110223234716194 ], [ 72.561704949768625, 36.139890004179819 ], [ 72.535776431955313, 36.175520294081373 ], [ 72.580716765084304, 36.252623084820485 ], [ 72.618868090335056, 36.269279637276455 ], [ 72.684833940948195, 36.243882596732142 ], [ 72.680560502428037, 36.271033863753672 ], [ 72.759177662259049, 36.298578630915088 ], [ 72.816081899377423, 36.356435615078723 ], [ 72.853666294259085, 36.366348794923283 ], [ 72.875544360558592, 36.394560738293649 ], [ 72.859669429875652, 36.435560495329185 ], [ 72.90814949532998, 36.460922109858757 ], [ 72.979358980241486, 36.457319995151082 ], [ 72.977913208267026, 36.51152501215342 ], [ 73.051945348023267, 36.532966366799947 ], [ 73.097166826886749, 36.605994290650671 ], [ 73.074105711697442, 36.628783866756159 ], [ 73.067645653401456, 36.700622562964789 ], [ 73.1164408200097, 36.68419542814302 ], [ 73.170671413026071, 36.72403081905923 ], [ 73.201396207719483, 36.695529223154757 ], [ 73.238014310901178, 36.711520655069414 ], [ 73.294119819069536, 36.704226663355172 ], [ 73.347831756281892, 36.716399609187441 ], [ 73.351575847249507, 36.735004085288317 ], [ 73.421442211572398, 36.742983287339854 ], [ 73.497632919413036, 36.713135595966911 ], [ 73.579301674230507, 36.722380699357593 ], [ 73.589994586060399, 36.69452375623635 ], [ 73.621581507406702, 36.690340119916158 ], [ 73.689269306248605, 36.687568781284298 ], [ 73.709853612587708, 36.712333346755713 ], [ 73.774783927562112, 36.70208962324449 ], [ 73.795551170418932, 36.718841695884919 ], [ 73.876708690414944, 36.704687177189612 ], [ 73.883357721907331, 36.745285017803091 ], [ 73.867988891275701, 36.766316942022975 ], [ 73.836986872892339, 36.795133836724638 ], [ 73.801513070669046, 36.794215120736212 ], [ 73.797573268242033, 36.818197917737614 ], [ 73.758835976423029, 36.8161548653583 ], [ 73.705509598825586, 36.837811560937247 ], [ 73.706187224095515, 36.857953285196949 ], [ 73.667007455405255, 36.880880696054625 ], [ 73.671093305032826, 36.911698335870248 ], [ 73.728725090394803, 36.897990253315207 ], [ 73.751322494336108, 36.909686513815124 ], [ 73.800719916663624, 36.88749587073481 ], [ 73.820442789849238, 36.90309102823813 ], [ 73.859261154622587, 36.897318610143635 ], [ 73.893020413430023, 36.875460526045487 ], [ 73.914902264331801, 36.88298262311887 ], [ 73.961499254338094, 36.839266719240918 ], [ 74.046521447958966, 36.810821760125499 ], [ 74.085516779944982, 36.841507319140447 ], [ 74.133459049191515, 36.847903451263981 ], [ 74.155750258775015, 36.910507679720098 ], [ 74.248970822631819, 36.893605663959711 ], [ 74.419869694558272, 36.994502338949161 ], [ 74.520310713649565, 36.995832011306483 ], [ 74.54255070578715, 36.961354833849882 ], [ 74.564101339758807, 36.957897250316272 ], [ 74.580418347562713, 37.021011852220468 ], [ 74.568121735439846, 37.051760009101379 ], [ 74.681170492762789, 37.086713809242433 ], [ 74.707390544428492, 37.087288350685078 ], [ 74.747136685634047, 37.020113590340848 ], [ 74.769054813201933, 37.041221919997923 ], [ 74.838901819728747, 37.035843453930546 ], [ 74.834785851386329, 37.005264269256365 ], [ 74.915579066805378, 36.920259475262483 ], [ 75.01567141290397, 36.990722949330326 ], [ 75.10915168330267, 36.96189897918466 ], [ 75.21095624977383, 37.050016805708616 ], [ 75.320783916185874, 37.064281104184005 ], [ 75.346573161892451, 37.052721038788164 ], [ 75.354427389339691, 36.988482856977278 ], [ 75.418447872628036, 36.972395899118595 ], [ 75.406920841819186, 36.908033447888513 ], [ 75.449818467975845, 36.888929102343319 ], [ 75.463266563087799, 36.8303132952678 ], [ 75.612724256268365, 36.775270246664071 ], [ 75.744423686399841, 36.607697649935965 ], [ 75.807021540112103, 36.563423690134044 ], [ 75.852432432346475, 36.558341235240192 ], [ 75.945038013153024, 36.511605774639555 ], [ 76.07115386312644, 36.484242322848253 ], [ 76.163953103640253, 36.4064516450902 ], [ 76.266501957561985, 36.358842962737768 ], [ 76.353927234399379, 36.369447234997764 ], [ 76.437499909172715, 36.310353424107632 ], [ 76.44850030713782, 36.272011678713405 ], [ 76.436783030219786, 36.257829467961258 ], [ 76.480981033327225, 36.219734621861434 ], [ 76.594093818072011, 36.17832092626292 ], [ 76.655923799065931, 36.192184191077899 ], [ 76.711116927926071, 36.140126699255248 ], [ 76.720091582704697, 36.09769526805637 ], [ 76.783750226393224, 36.071927935990736 ], [ 76.813687622587295, 36.040628778042027 ], [ 76.732136448257378, 35.954636101117217 ], [ 76.782994684848802, 35.905200338867758 ], [ 76.807480142701493, 35.849745566345838 ], [ 76.86114806066827, 35.835952568689351 ], [ 76.935612444586425, 35.789022384119868 ], [ 77.001003951034434, 35.775560105090612 ], [ 77.115659882435537, 35.798105130104027 ], [ 77.152190219315642, 35.768635208105124 ], [ 77.176355717925389, 35.768134603980172 ], [ 77.179679684800917, 35.730218487929633 ], [ 77.213013403573413, 35.73325194870484 ], [ 77.258344855990586, 35.704320183812492 ], [ 77.287437204301952, 35.722590536050689 ], [ 77.321067909700631, 35.70104810033542 ], [ 77.335549012592054, 35.719753890979753 ], [ 77.365866774342052, 35.715187188698145 ], [ 77.411556541369876, 35.656256623345776 ], [ 77.43793594698046, 35.656143670150911 ], [ 77.440126271408502, 35.602134106819918 ], [ 77.471880830963258, 35.584270189797827 ], [ 77.465222170429328, 35.550047420650017 ], [ 77.482763954766313, 35.529620724208804 ], [ 77.43052180239431, 35.513670478690187 ], [ 77.388658393149498, 35.539437397724541 ], [ 77.332044284020128, 35.53034607323098 ], [ 77.385239072801497, 35.473860326961727 ], [ 77.443663675300598, 35.459455842306234 ], [ 77.49613500856286, 35.477776726975712 ], [ 77.628623701197924, 35.465038548306147 ], [ 77.653095231570418, 35.481180090092295 ], [ 77.685158613055222, 35.466823935174965 ], [ 77.728771767098635, 35.477334482313623 ], [ 77.735865858118757, 35.521098265072723 ], [ 77.786318515240865, 35.487980226033109 ], [ 77.829240831593111, 35.505095511052957 ], [ 77.912077156429731, 35.4610900353467 ], [ 77.929315926445, 35.49030749980588 ], [ 77.985251899163032, 35.448302963675253 ], [ 77.939265835415171, 35.506909043335966 ], [ 77.967935586572452, 35.571765879800182 ], [ 77.95780845616639, 35.604867531724523 ], [ 78.001397102372223, 35.582369077266804 ], [ 78.055561400618956, 35.581787410097007 ], [ 78.084351699399164, 35.552018627274236 ], [ 78.136765750689023, 35.536568397300016 ], [ 78.164912067004977, 35.551736130231639 ], [ 78.169825086244515, 35.624998212263172 ], [ 78.197437519414052, 35.622838509188135 ], [ 78.212048859157093, 35.665999576329426 ], [ 78.265611506250679, 35.647419330187532 ], [ 78.284507064297259, 35.664490218181719 ], [ 78.276950293295116, 35.718374140323917 ], [ 78.403863661289577, 35.735849329997059 ], [ 78.442671578656189, 35.783642771194984 ], [ 78.534164020163274, 35.762512781701673 ], [ 78.646430642216075, 35.821067133635921 ], [ 78.673311063413465, 35.854203537093838 ], [ 78.786220270151901, 35.868878342091584 ], [ 78.839070855957473, 35.856116086265736 ], [ 78.925121106742282, 35.867510213257141 ], [ 78.96920489714617, 35.890168999248665 ], [ 79.032247716063083, 35.847717221947462 ], [ 79.164672528599937, 35.838186198671309 ], [ 79.212759834442394, 35.877865569083639 ], [ 79.204494950247849, 35.92770244576851 ], [ 79.230898839441522, 35.972164187241439 ], [ 79.358031111599331, 35.991732786975739 ], [ 79.410353455678461, 35.985977349735023 ], [ 79.440199813008377, 35.894083357837879 ], [ 79.536227970555856, 35.879638630974881 ], [ 79.751090590116505, 35.796918989757593 ], [ 79.898959481563082, 35.775108640750339 ], [ 79.967695546967946, 35.825181180746014 ], [ 80.015692352935361, 35.826163578636418 ], [ 80.128896516107517, 35.656732827879303 ], [ 80.213082085348049, 35.638657266796052 ], [ 80.311711972367462, 35.587956127344711 ], [ 80.314628360123891, 35.536076175932976 ], [ 80.345083611723069, 35.461172181748502 ], [ 80.298484673270892, 35.416988317241085 ], [ 80.29747554899987, 35.352868378279773 ], [ 80.242657023901387, 35.208015509769368 ], [ 80.185032569690463, 35.130628278047631 ], [ 80.186895094379764, 35.00799859420318 ], [ 80.127235161939581, 34.872549273251821 ], [ 80.074995163727607, 34.805417883210971 ], [ 80.06531123603159, 34.692857746061257 ], [ 79.944662496046419, 34.660900859169466 ], [ 79.878259653675087, 34.674859005293264 ], [ 79.776604263236621, 34.610383780786862 ], [ 79.794375653366998, 34.580540603832752 ], [ 79.769775875012925, 34.537777808090219 ], [ 79.821044804284256, 34.514455480262967 ], [ 79.816103835761325, 34.483093383690864 ], [ 79.791438731021501, 34.466753603059757 ], [ 79.598392754554482, 34.486758983702067 ], [ 79.52215475580401, 34.463621850759999 ], [ 79.531628789438955, 34.408754159020525 ], [ 79.568936974828617, 34.400589780062028 ], [ 79.568511095230548, 34.320196714991553 ], [ 79.596961809273779, 34.278003937849242 ], [ 79.592138725767256, 34.235820117137038 ], [ 79.540058343808198, 34.191307321756128 ], [ 79.513141847167347, 34.200937835735502 ], [ 79.49368608443821, 34.184680746163949 ], [ 79.495954241597403, 34.124448995971484 ], [ 79.421113121317134, 34.075939795772115 ], [ 79.4145291808519, 34.041713280122416 ], [ 79.437449969312411, 34.01264765836661 ], [ 79.415505660345531, 33.999005971692903 ], [ 79.373667696779478, 34.026754124665779 ], [ 79.282943755913124, 34.027606743233761 ], [ 79.17292876740818, 34.058291511296687 ], [ 79.148007508963403, 34.055069435138819 ], [ 79.138230495142722, 34.017515961694194 ], [ 79.112650905443644, 34.008944572283632 ], [ 79.001148941038778, 34.033608225299623 ], [ 78.953209326313882, 34.013131250019008 ], [ 78.918317097897074, 33.963921796198512 ], [ 79.013185926569804, 33.78293562615999 ], [ 79.060454501574085, 33.775834726871587 ], [ 79.016106142047633, 33.702263923952493 ], [ 79.04631867873853, 33.67383453875162 ], [ 79.077995772074743, 33.686081918316127 ], [ 79.100150613804857, 33.616324028289114 ], [ 78.902860435386884, 33.622011201756749 ], [ 78.914524617380067, 33.606006327751125 ], [ 78.906259814033916, 33.573709545862727 ], [ 78.94377379087878, 33.526069091303007 ], [ 78.927077973401026, 33.454288014747632 ], [ 78.978421967694089, 33.336409652110547 ], [ 79.107691331014536, 33.289112026915504 ], [ 79.223682868596924, 33.296284632752581 ], [ 79.446112571819157, 33.257734695223782 ], [ 79.443044611324879, 33.200360785211203 ], [ 79.373216987746929, 33.10637983923688 ], [ 79.380322632898242, 33.027669841188086 ], [ 79.324903122298267, 33.012241536752668 ], [ 79.44606442032331, 32.911810750646779 ], [ 79.557076719355024, 32.767718214721249 ], [ 79.588146231758941, 32.766059452940397 ], [ 79.611860847062957, 32.735036056685779 ], [ 79.429290131412216, 32.523530820719621 ], [ 79.38453336990986, 32.522797682289607 ], [ 79.372990372445145, 32.560482436943957 ], [ 79.305255536018322, 32.585823290131565 ], [ 79.259751377097871, 32.522654213321744 ], [ 79.182086273364547, 32.473757322062724 ], [ 79.125044968605152, 32.4650226538323 ], [ 79.13516531673082, 32.432298560955303 ], [ 79.093679832319324, 32.377134380253644 ], [ 79.045408418556065, 32.387406392699972 ], [ 79.00354542163798, 32.374881020850083 ], [ 78.97118501669604, 32.335693588308082 ], [ 78.806701784967998, 32.444248134037323 ], [ 78.759157784700946, 32.567789261285093 ], [ 78.78236340019194, 32.595810528267414 ], [ 78.743339820681783, 32.654977708300436 ], [ 78.750696552141548, 32.692763032996538 ], [ 78.70871136098863, 32.656133740701456 ], [ 78.648369580298365, 32.643857707259627 ], [ 78.605259207031253, 32.591090244909445 ], [ 78.565513803342554, 32.614845958682288 ], [ 78.451282823579859, 32.577598553253289 ], [ 78.399522698789781, 32.524603688746254 ], [ 78.461248086554889, 32.50379702211189 ], [ 78.465549198575687, 32.454661813691722 ], [ 78.495764955726841, 32.422020408378266 ], [ 78.533505461635201, 32.415460183375991 ], [ 78.484787791788236, 32.34913626519991 ], [ 78.483411394008215, 32.281386157311204 ], [ 78.460839850767272, 32.24170848633802 ], [ 78.559478393054476, 32.248689177692548 ], [ 78.587952438142267, 32.236100879085647 ], [ 78.614691301020542, 32.208805274125304 ], [ 78.61375778615033, 32.175371606028449 ], [ 78.596232370016111, 32.157769581298432 ], [ 78.617665811572465, 32.115224996632705 ], [ 78.656603214799091, 32.111483869371035 ], [ 78.718905225440523, 32.035724002179066 ], [ 78.788552435868368, 31.993231552342401 ], [ 78.778155577315104, 31.935155301694124 ], [ 78.750137917714127, 31.904482218952754 ], [ 78.740207501287287, 31.837456024652756 ], [ 78.70985362995782, 31.786615139107635 ], [ 78.741190366904249, 31.757609191162615 ], [ 78.728391710623612, 31.74174343706304 ], [ 78.754019181425633, 31.685647660282605 ], [ 78.798219454575786, 31.68181488998281 ], [ 78.806992329775284, 31.64710918275313 ], [ 78.853341506934029, 31.607426411624022 ], [ 78.735953175323118, 31.52853744305548 ], [ 78.734284189966843, 31.484983984992972 ], [ 78.766633973228878, 31.486422091145446 ], [ 78.812778266230879, 31.449737425796968 ], [ 78.816585750409786, 31.419281380683859 ], [ 78.792005953282612, 31.395544158347803 ], [ 78.858767622304271, 31.366373921127469 ], [ 78.854647423795186, 31.323457717710156 ], [ 78.892412619000794, 31.28789338830256 ], [ 78.926047633617912, 31.220069909250963 ], [ 78.912099331402956, 31.255154425373057 ], [ 78.932692698150007, 31.252941604696257 ], [ 78.94759144488502, 31.319515145714899 ], [ 79.010832362084983, 31.357082979912125 ], [ 79.067933869239766, 31.461526229989236 ], [ 79.143566602914717, 31.425466493349504 ], [ 79.192211862261587, 31.362814224911705 ], [ 79.246475354278616, 31.330039472113445 ], [ 79.239212848905666, 31.314206729891804 ], [ 79.271855603324568, 31.283185726305678 ], [ 79.251865847854589, 31.24301748128811 ], [ 79.292622849774631, 31.221218236969605 ], [ 79.31748135820186, 31.136720734243482 ], [ 79.398803097418337, 31.107786474026113 ], [ 79.407727343234768, 31.076991473821746 ], [ 79.424567854151945, 31.071074485295025 ], [ 79.424760369405533, 31.030491986283899 ], [ 79.519034869093005, 31.026705985818804 ], [ 79.552547201690089, 30.960067665100134 ], [ 79.603455243575809, 30.932654534309442 ], [ 79.663595063227262, 30.96653085437892 ], [ 79.664988221773825, 30.982921535251151 ], [ 79.717111095842426, 30.975996617990656 ], [ 79.753007532050745, 31.007865027876797 ], [ 79.816367025969896, 30.973934580953404 ], [ 79.862714548431882, 30.975357082382505 ], [ 79.890255788318569, 30.918636613998537 ], [ 79.910387129057099, 30.91506784032758 ], [ 79.929096483413275, 30.882433360231598 ], [ 79.962152897647456, 30.890020032632059 ], [ 80.042033922404499, 30.835816164301548 ], [ 80.056017551766345, 30.841506237070075 ], [ 80.110908484669991, 30.779295111057518 ], [ 80.177770807224249, 30.804054576165601 ], [ 80.214909140058325, 30.749061571920432 ], [ 80.239663519371106, 30.762058859300179 ], [ 80.250510712359457, 30.737136921798264 ], [ 80.236422141806159, 30.690383766254513 ], [ 80.199711889442611, 30.683047100989658 ], [ 80.197158338415989, 30.662092239886217 ], [ 80.221168545262529, 30.641815642324051 ], [ 80.211670762866419, 30.622419945783101 ], [ 80.226830222256481, 30.578944968737165 ], [ 80.257760069989885, 30.558835944014348 ], [ 80.283067158442464, 30.572193389702871 ], [ 80.385591982430341, 30.515049868787163 ], [ 80.415579347412077, 30.525334522747833 ], [ 80.539078441793777, 30.449196885157569 ], [ 80.598008841611914, 30.478766267701811 ], [ 80.751968890098183, 30.393503887844741 ], [ 80.821570823639092, 30.315557565342029 ], [ 81.033208017917573, 30.246389545683794 ], [ 81.027100216892336, 30.228455014277127 ], [ 81.043276188298307, 30.204558683715415 ], [ 80.960047335615116, 30.178992384079191 ], [ 80.918281139355429, 30.189834428861371 ], [ 80.919718668388867, 30.214195648324864 ], [ 80.902732667226545, 30.215380752614902 ], [ 80.867764003857175, 30.1738658119524 ], [ 80.874771664370556, 30.126485644657599 ], [ 80.761031754047792, 30.049516988930574 ], [ 80.744555455181114, 30.003852903972614 ], [ 80.719313384093851, 30.000804538140606 ], [ 80.67415798440436, 29.957091621963084 ], [ 80.601848251916024, 29.958126873108075 ], [ 80.574444604286469, 29.92463139315381 ], [ 80.553291240367727, 29.851694070016649 ], [ 80.506089370663176, 29.822455262706363 ], [ 80.493856504789491, 29.795804935162096 ], [ 80.434527417376927, 29.805766853755191 ], [ 80.406983325339226, 29.794257374109481 ], [ 80.397017050861194, 29.758616911725419 ], [ 80.366415990115001, 29.749187855656114 ], [ 80.384017702861229, 29.675418650245458 ], [ 80.42025791175233, 29.638333303695262 ], [ 80.407379380869898, 29.594930578085005 ], [ 80.378485564727896, 29.561053286312255 ], [ 80.343152193438016, 29.553505244742702 ], [ 80.357747270979445, 29.533244561106255 ], [ 80.349745108072909, 29.519325466807057 ], [ 80.287200130994918, 29.477437327371266 ], [ 80.300688449072013, 29.451972930362484 ], [ 80.242425411271682, 29.443786673286514 ], [ 80.241991109069488, 29.411677143282862 ], [ 80.274738849595607, 29.393380497061827 ], [ 80.280828658264056, 29.3456421488379 ], [ 80.316881033920836, 29.315249091034815 ], [ 80.29057222960337, 29.231561975391557 ], [ 80.297375526084565, 29.204926396839834 ], [ 80.285950036343834, 29.195846114817478 ], [ 80.248797295430919, 29.221228482613814 ], [ 80.240537763398862, 29.202542968920465 ], [ 80.27205233083896, 29.141296262103854 ], [ 80.232790625014985, 29.11848395603441 ], [ 80.182903523839556, 29.137054581378283 ], [ 80.14479018744386, 29.102198555316704 ], [ 80.126368673965985, 29.031939034245447 ], [ 80.135418552768158, 29.007396071676393 ], [ 80.117924283021509, 28.981547499923554 ], [ 80.100547049383295, 28.986903836288327 ], [ 80.061187792807686, 28.920964975858361 ], [ 80.061541735234911, 28.832012287984181 ], [ 80.065361118580967, 28.836899509673039 ], [ 80.074819093033611, 28.824486821014204 ], [ 80.118051621907952, 28.828979808847912 ], [ 80.21598577721457, 28.755568213155151 ], [ 80.256580723955679, 28.754251766779706 ], [ 80.25651912288339, 28.729248448148738 ], [ 80.317121688093891, 28.700142962065907 ], [ 80.325726982577109, 28.666477584689392 ], [ 80.360995358959585, 28.635262687154086 ], [ 80.450844853677211, 28.629539629383004 ], [ 80.468677202584431, 28.583530216243982 ], [ 80.517623785623684, 28.551960231812178 ], [ 80.530595342443689, 28.57262083736844 ], [ 80.506127722437625, 28.671179971755841 ], [ 80.539529679934034, 28.690756412028172 ], [ 80.590519990431773, 28.680036686085273 ], [ 80.589448366773169, 28.648037166622156 ], [ 80.66762539882734, 28.64218933366103 ], [ 80.677466810175815, 28.604445990876119 ], [ 80.695750680192589, 28.603485742648566 ], [ 80.69044598920101, 28.587595895362334 ], [ 80.714532675017608, 28.568404828710765 ], [ 80.768600671170901, 28.565907170317651 ], [ 80.789194533787992, 28.524518718974917 ], [ 80.865948965910448, 28.489583858383099 ], [ 80.861521618134361, 28.504393574320861 ], [ 80.896093967258253, 28.507019422002639 ], [ 80.91541461079224, 28.457637150927908 ], [ 80.914148181176046, 28.468427711621043 ], [ 80.930517531116607, 28.457774754315359 ], [ 80.94256800844488, 28.468889700332269 ], [ 80.932021265088125, 28.458890654687004 ], [ 80.951726752279725, 28.447640152000545 ], [ 80.980167386327167, 28.455241628204508 ], [ 80.964643461561721, 28.444837682798134 ], [ 80.978834145410048, 28.434151882608187 ], [ 81.016757137780161, 28.451288842939192 ], [ 81.012609330449123, 28.437819748868357 ], [ 81.034203438388985, 28.428179165367688 ], [ 81.017531770321014, 28.415472593038018 ], [ 81.033833593003351, 28.398898356647944 ], [ 81.035673368756377, 28.413577411758638 ], [ 81.07973896558083, 28.38505965182236 ], [ 81.210596878208634, 28.360833495940852 ], [ 81.234482280316172, 28.324738624106047 ], [ 81.232638616654597, 28.289148134122868 ], [ 81.320943817567297, 28.197554310862031 ], [ 81.321347199757426, 28.168885655937647 ], [ 81.302004189969509, 28.164762662091302 ], [ 81.328059463662669, 28.148081655261219 ], [ 81.318030713153235, 28.133671645665544 ], [ 81.371076324105303, 28.143491578009559 ], [ 81.373514876402524, 28.17730070202666 ], [ 81.446683629169513, 28.161015665867311 ], [ 81.449933677273577, 28.140850619926677 ], [ 81.484005232694585, 28.118565967120556 ], [ 81.478276329378048, 28.08271317020246 ], [ 81.623985137282347, 28.001601000620688 ], [ 81.698440705134246, 27.9881910849669 ], [ 81.884958492379255, 27.856950583384297 ], [ 81.925849845434882, 27.859831337290462 ], [ 81.968324251006663, 27.929120763010257 ], [ 82.069960837909591, 27.923645819031535 ], [ 82.121382363998222, 27.865846271395583 ], [ 82.208306751013012, 27.843578802684927 ], [ 82.448670311871268, 27.679315057053422 ], [ 82.707343547751165, 27.720606730033605 ], [ 82.712215319047772, 27.664069172089985 ], [ 82.736601627147593, 27.643452776104457 ], [ 82.735469082441369, 27.609194807941005 ], [ 82.755837242444983, 27.587026163346707 ], [ 82.735546940325335, 27.502352073774322 ], [ 82.929287993633352, 27.50118985037852 ], [ 82.954092377666399, 27.467732553367952 ], [ 83.034574118430371, 27.448722991283077 ], [ 83.187947996430822, 27.454315518698596 ], [ 83.272151582282689, 27.383348649282244 ], [ 83.272427147682606, 27.352628146892876 ], [ 83.304864554414081, 27.331302503039684 ], [ 83.359338208190124, 27.343926606716639 ], [ 83.405391783026559, 27.405425028867441 ], [ 83.383910454079057, 27.436276616842505 ], [ 83.401739278895391, 27.457539065711135 ], [ 83.388933611263965, 27.479675487323679 ], [ 83.614253450775067, 27.469443319395939 ], [ 83.830842570328045, 27.369788698701889 ], [ 83.863943715273479, 27.347233480946446 ], [ 83.836571944361808, 27.322215097857143 ], [ 83.862340988754283, 27.335684677830944 ], [ 83.883250218426568, 27.374238146008569 ], [ 83.833112481897004, 27.425082514292452 ], [ 83.848293493667313, 27.446356047243786 ], [ 83.875493053945803, 27.43538951112965 ], [ 83.994830745892941, 27.446119025663826 ], [ 84.026713810347374, 27.433586704037651 ], [ 84.094837856244098, 27.489019142933234 ], [ 84.097696727567836, 27.517092747607261 ], [ 84.1458567520325, 27.518657656291328 ], [ 84.148783791113246, 27.48674908799487 ], [ 84.205424970075427, 27.470427082003482 ], [ 84.208294870015891, 27.443029556699742 ], [ 84.254054251986659, 27.454102336975261 ], [ 84.292382474381441, 27.384811551202191 ], [ 84.621893218983374, 27.336927335040624 ], [ 84.69114438106709, 27.214821972348251 ], [ 84.674490352318031, 27.095905735781795 ], [ 84.646245307559084, 27.075275422211192 ], [ 84.643394211154131, 27.046144470176021 ], [ 84.756740218309645, 27.002845995235369 ], [ 84.773140665230386, 27.017826851330575 ], [ 84.793822612152667, 26.99597697112285 ], [ 84.825401563645784, 27.02091324692643 ], [ 84.891214565015019, 26.969870139983318 ], [ 84.962579760304607, 26.960526503093213 ], [ 84.978004481418267, 26.939852007878862 ], [ 84.968240600068683, 26.916015319812086 ], [ 85.060383936576102, 26.88455253860829 ], [ 85.03064019469943, 26.873913449818147 ], [ 85.02397020461315, 26.854377254055979 ], [ 85.189836779895003, 26.870041490791866 ], [ 85.176735928556141, 26.809622471011096 ], [ 85.212620610308946, 26.757997843301652 ], [ 85.334510943289345, 26.741667878366041 ], [ 85.407737965277221, 26.791345863248736 ], [ 85.454562311695412, 26.78178415031952 ], [ 85.565983336994876, 26.841102225160579 ], [ 85.575557458223813, 26.860992544624391 ], [ 85.585664849948145, 26.847358772612971 ], [ 85.634554178862771, 26.87221166264915 ], [ 85.642422950034444, 26.853269073661146 ], [ 85.721130584587584, 26.820357630918259 ], [ 85.734479049347982, 26.79587249680549 ], [ 85.732247066446973, 26.653862494610461 ], [ 85.801768177663462, 26.62427041596575 ], [ 85.817739422117867, 26.602799666012768 ], [ 85.851259898841292, 26.608677336845481 ], [ 85.85141928332888, 26.568490011680623 ], [ 85.92910352027944, 26.616814993698938 ], [ 85.947923574926392, 26.613891521351906 ], [ 85.960122088325306, 26.651010831802406 ], [ 86.027221357705486, 26.666638629830874 ], [ 86.138764083166365, 26.628848760390571 ], [ 86.136330112277065, 26.606335771609675 ], [ 86.19312391231108, 26.614472722881526 ], [ 86.196299741606381, 26.593943284889793 ], [ 86.217676850709566, 26.588479756351351 ], [ 86.25301614010057, 26.61712970405955 ], [ 86.332890285559159, 26.619137374391546 ], [ 86.499036486626011, 26.541989010764198 ], [ 86.541549443398225, 26.538722630369207 ], [ 86.57025070116751, 26.49656318005189 ], [ 86.73139798968063, 26.422616314332664 ], [ 86.766496488354647, 26.459440822700373 ], [ 86.833769353570219, 26.439098170257093 ], [ 86.89423019337498, 26.461926957965236 ], [ 86.893087389009864, 26.487775170846128 ], [ 86.929994531422437, 26.489684065889964 ], [ 86.932159130795668, 26.516954038271471 ], [ 87.015359727869892, 26.532043805108007 ], [ 87.04467404000647, 26.587234077383357 ], [ 87.071822494230119, 26.585813894057249 ], [ 87.09165094371609, 26.450292248367969 ], [ 87.162561522301644, 26.403895256018092 ], [ 87.261051847058539, 26.40926991564865 ], [ 87.266015234836033, 26.373875005029923 ], [ 87.312533704001652, 26.371568726662108 ], [ 87.341092513221355, 26.347519155929657 ], [ 87.358405488570654, 26.361053986642556 ], [ 87.368892865863529, 26.407937655344689 ], [ 87.466546240151672, 26.440209597340747 ], [ 87.547704191338994, 26.418374857986677 ], [ 87.612341298899651, 26.381001628615806 ], [ 87.651877375364208, 26.393424878331054 ], [ 87.650202613840662, 26.405957280185127 ], [ 87.678127853866897, 26.415834722268144 ], [ 87.677557945582663, 26.435456095838248 ], [ 87.733939973161782, 26.407610621198259 ], [ 87.764759880579192, 26.409882141989378 ], [ 87.788708205180754, 26.469234418261724 ], [ 87.848828407423056, 26.436463485362012 ], [ 87.88829370562641, 26.486759760670417 ], [ 87.909808316256857, 26.457563216202367 ], [ 87.898739384920404, 26.448709595736052 ], [ 87.925142725243418, 26.444838657277661 ], [ 87.926652480622295, 26.418561949934009 ], [ 87.991919614420951, 26.392562878937117 ], [ 87.995352494838173, 26.366007743022241 ], [ 88.030504310320921, 26.364922206292302 ], [ 88.03507386499976, 26.391457661109737 ], [ 88.096058329190384, 26.440236157009558 ], [ 88.092017382750583, 26.462578067311107 ], [ 88.106978086290752, 26.475742492090294 ], [ 88.090241293059648, 26.50725254798412 ], [ 88.098022853986905, 26.537868541681814 ], [ 88.129646784126308, 26.516010953323139 ], [ 88.103748450604897, 26.537914487379116 ], [ 88.112168975108887, 26.571203592329571 ], [ 88.130400320631011, 26.573900781694189 ], [ 88.142098475111595, 26.62575465435615 ], [ 88.160299400084966, 26.636439054222183 ], [ 88.187851615587789, 26.771805897799393 ], [ 88.167867562623215, 26.837238158343485 ], [ 88.173975979892774, 26.86508687613421 ], [ 88.136357615218657, 26.898520142796059 ], [ 88.144703907439194, 26.922477957015801 ], [ 88.120350607036144, 26.95026929739948 ], [ 88.134404090292804, 26.986239906374639 ], [ 88.091670245877012, 27.005133108357775 ], [ 88.077686013745648, 27.035422150682098 ], [ 88.037771868717343, 27.036398469306025 ], [ 88.020270735841891, 27.086574374278193 ], [ 87.991201850627448, 27.105073159004288 ], [ 88.019222240208592, 27.171051013855333 ], [ 88.014256640778882, 27.212914406871842 ], [ 88.0532901574758, 27.214275681424873 ], [ 88.043094710169257, 27.219472062837248 ], [ 88.012358759298309, 27.216105071723053 ], [ 88.032046635917084, 27.286390215144454 ], [ 88.066927814157538, 27.335774757021959 ], [ 88.041573280284922, 27.372931077205816 ], [ 88.050713572723851, 27.412984657891851 ], [ 88.074995501079243, 27.433290596804159 ], [ 88.04406843542823, 27.495559534249146 ], [ 88.08422400268914, 27.588107131262316 ], [ 88.144690988767053, 27.665354646813714 ], [ 88.156283840933426, 27.736326699022403 ], [ 88.178369713609271, 27.746184625079135 ], [ 88.197183772001694, 27.791378933660216 ], [ 88.173591187439143, 27.82059547005424 ], [ 88.202005930243473, 27.842224364628635 ], [ 88.135013984386944, 27.881619917798719 ], [ 88.119580893669806, 27.916004556267964 ], [ 88.137862568204042, 27.937154476674753 ], [ 88.12939302802485, 27.949256483638951 ], [ 88.145397079851747, 27.963994896026357 ], [ 88.206401270147694, 27.941668373261205 ], [ 88.20796035022218, 27.961659797012704 ], [ 88.237453170182135, 27.970552955773002 ], [ 88.251353648786335, 27.942485480220611 ], [ 88.352265907906002, 27.989948470966294 ], [ 88.399065635095496, 27.978036794378514 ], [ 88.414702299327402, 27.998882454801567 ], [ 88.467816493956448, 28.017135056804957 ], [ 88.494488489838204, 28.053117050392615 ], [ 88.550804334038787, 28.037571690712916 ], [ 88.552546174561229, 28.081416115691109 ], [ 88.619344477778469, 28.098076249222562 ], [ 88.609961046426449, 28.128691315247529 ], [ 88.672063853856997, 28.072340964091389 ], [ 88.756286440873765, 28.0759731722857 ], [ 88.836278326720034, 28.014814526268026 ], [ 88.836936755890676, 27.928780435290335 ], [ 88.870018633769888, 27.915602460118233 ], [ 88.887550629165247, 27.855749179225192 ], [ 88.880451364747429, 27.829184477337574 ], [ 88.855781639073768, 27.815082992639365 ], [ 88.865141157272916, 27.742248033921161 ], [ 88.837983516877188, 27.706287314958377 ], [ 88.848386246819146, 27.668007917361816 ], [ 88.815260168234715, 27.646092927008453 ], [ 88.791084135081633, 27.574975556386406 ], [ 88.763747102021981, 27.565070122881721 ], [ 88.777331352086563, 27.532562788168214 ], [ 88.792432759647994, 27.530044186761014 ], [ 88.777042335313581, 27.468140439181241 ], [ 88.837451403411904, 27.379374014374612 ], [ 88.861463093377012, 27.385934063934066 ], [ 88.884015154854367, 27.342515219672119 ], [ 88.919202377434075, 27.327966081804671 ], [ 88.913564800442586, 27.290090803131921 ], [ 88.879108811894056, 27.261138605940175 ], [ 88.803096082769059, 27.247836215646711 ], [ 88.786760369346013, 27.181986008226485 ], [ 88.764608139018463, 27.177017500647167 ], [ 88.739456799956997, 27.136732185234887 ], [ 88.802033265295179, 27.139495204336825 ], [ 88.843292446120302, 27.11118767796054 ], [ 88.867707709616653, 27.112442620139202 ], [ 88.881171880080601, 27.061996614334596 ], [ 88.877132172417603, 26.944359152654982 ], [ 88.921683757810783, 26.993927236180745 ], [ 88.95247525780394, 26.968406945374646 ], [ 88.944388173560327, 26.933886546731738 ], [ 88.980346215332503, 26.917185947308919 ], [ 89.021572487275492, 26.940685890820379 ], [ 89.050895955041454, 26.915969950264849 ], [ 89.049026159388248, 26.899058485265122 ], [ 89.095698829762298, 26.891673151668801 ], [ 89.100747642831735, 26.842510547063966 ], [ 89.134483490644541, 26.80763888261658 ], [ 89.262395262415424, 26.813777934238711 ], [ 89.318495326793169, 26.851319990107086 ], [ 89.37898177038015, 26.86217826739691 ], [ 89.389770782182495, 26.841854052341052 ], [ 89.439479194074849, 26.84033518861165 ], [ 89.469526332057285, 26.802692964335105 ], [ 89.560096155258577, 26.812865412375789 ], [ 89.565900988674471, 26.799353426916756 ], [ 89.650578958658215, 26.77629616966647 ], [ 89.643522401945631, 26.748541214900342 ], [ 89.617448496295168, 26.729306894347289 ], [ 89.623779050764824, 26.718448907906051 ], [ 89.659702909843816, 26.71947341377016 ], [ 89.671755497314678, 26.739809586707519 ], [ 89.723534385799752, 26.722577245744439 ], [ 89.752804682284051, 26.735313000685366 ], [ 89.771371669837379, 26.701004269110122 ], [ 89.863334029951019, 26.700847334200787 ], [ 89.876934268231054, 26.648506215628252 ], [ 89.858947805251987, 26.734917836058777 ], [ 89.967064200810697, 26.723470929230661 ], [ 90.139879736193706, 26.753618523608836 ], [ 90.194522936199846, 26.773271337793069 ], [ 90.187669044805233, 26.806811864007496 ], [ 90.230500012374563, 26.858906721950603 ], [ 90.300298402078198, 26.848220358169787 ], [ 90.347786299860786, 26.875294819016275 ], [ 90.356620726725225, 26.900574595325523 ], [ 90.417484090829007, 26.904529501883182 ], [ 90.546612919011437, 26.816639784360053 ], [ 90.634443209379512, 26.793810326318042 ], [ 90.646574208994934, 26.77658042378544 ], [ 90.675978767681571, 26.78409468665787 ], [ 90.717277573193883, 26.768268448636103 ], [ 90.991874474259205, 26.790642258606645 ], [ 91.05406044592209, 26.780985435184128 ], [ 91.097562745164495, 26.821992879397531 ], [ 91.23688719220857, 26.812002622240399 ], [ 91.337247927066272, 26.780860907100088 ], [ 91.376005843305862, 26.795227688364861 ], [ 91.407647188185365, 26.839602561134971 ], [ 91.495106969312829, 26.791205865328685 ], [ 91.625524308599452, 26.820865833668162 ], [ 91.689796701951366, 26.80645149268727 ], [ 91.824146740686032, 26.864043453604744 ], [ 91.85911185391339, 26.913338829757429 ], [ 91.891736352769087, 26.91906268328388 ], [ 91.98350144913455, 26.858191602906548 ], [ 92.056724719757824, 26.847385037385624 ], [ 92.102651836056751, 26.86716838899445 ], [ 92.114377687394182, 26.893577930173027 ], [ 92.119909648155968, 26.893865915176267 ], [ 92.118113916306456, 26.974372924878239 ], [ 92.078415454981211, 27.017361379158537 ], [ 92.081237122577448, 27.041285702270535 ], [ 92.044124070132085, 27.051362379364235 ], [ 92.023133619283399, 27.109551920039955 ], [ 92.035804481231722, 27.134911417037824 ], [ 92.026721871413855, 27.168278959670708 ], [ 92.058378358295755, 27.190309454264657 ], [ 92.072571269965962, 27.233105978030334 ], [ 92.038002452119429, 27.258421995382399 ], [ 92.066639713907847, 27.277003954905044 ], [ 92.103473045346789, 27.268664930038124 ], [ 92.124975366125852, 27.282018260625311 ], [ 92.064583820565446, 27.32697937061101 ], [ 92.04824120179282, 27.36313242216395 ], [ 92.058469863385568, 27.399707469604778 ], [ 92.022166457115887, 27.448020493338984 ], [ 92.019805583937909, 27.477381309710552 ], [ 91.943644382161082, 27.459736308190909 ], [ 91.848604746023611, 27.486456289644174 ], [ 91.825253922358556, 27.46785277616782 ], [ 91.766971760324154, 27.464755437616915 ], [ 91.714623179150522, 27.474539347685852 ], [ 91.695059156853247, 27.505327665068997 ], [ 91.652452144674157, 27.483041272244929 ], [ 91.612292782031176, 27.543692505983067 ], [ 91.582150605884905, 27.556764848353517 ], [ 91.566032367405626, 27.583897674389451 ], [ 91.584374252420091, 27.608222539028962 ], [ 91.562177771081608, 27.631853372004592 ], [ 91.572829558936121, 27.660301147245896 ], [ 91.628850620976195, 27.700061589910092 ], [ 91.645067632814261, 27.769448994882296 ], [ 91.626726848236018, 27.812311778736834 ], [ 91.607553060386365, 27.823890521266385 ], [ 91.576297887772768, 27.811863636736806 ], [ 91.553544849810166, 27.850559427999809 ], [ 91.569888030928169, 27.848014171725787 ], [ 91.576421671127335, 27.864365642138093 ], [ 91.663177841418658, 27.852953236764911 ], [ 91.70983112255557, 27.807973329196024 ], [ 91.761306819750814, 27.79995771680743 ], [ 91.820675664801229, 27.815961003756751 ], [ 91.862185455827685, 27.739689768135605 ], [ 91.927704638030434, 27.722594229987394 ], [ 91.993525544574155, 27.771182324914697 ], [ 92.051427922262604, 27.763932939090058 ], [ 92.218660642852157, 27.869514902347227 ], [ 92.277540151312834, 27.869092549209398 ], [ 92.312773320024348, 27.788488548252417 ], [ 92.385100071095735, 27.800629718307544 ], [ 92.389764509428161, 27.821429640333122 ], [ 92.416295579404775, 27.830554671634172 ], [ 92.456269672605245, 27.814119835871171 ], [ 92.503357176892678, 27.85395061732833 ], [ 92.556210808885339, 27.824364230818848 ], [ 92.615314464077372, 27.894538159748677 ], [ 92.657710886899366, 27.901902982331496 ], [ 92.742432319173219, 27.992586965940067 ], [ 92.720709169141102, 28.030505160181356 ], [ 92.666539783734947, 28.063753084205327 ], [ 92.687948544977175, 28.12739796480389 ], [ 92.814765383604438, 28.211043155293549 ], [ 92.836098852551117, 28.179097132926138 ], [ 92.896880020806407, 28.205152751612491 ], [ 92.922842131119751, 28.240000360187995 ], [ 92.962705614759315, 28.258557300627889 ], [ 92.997298423013802, 28.229427664048252 ], [ 93.028269551927792, 28.268694272719024 ], [ 93.022342647346264, 28.310385817669609 ], [ 93.217957529743074, 28.32608133160554 ], [ 93.224222351788441, 28.405498876112766 ], [ 93.180451038559454, 28.434875105001229 ], [ 93.277735511591331, 28.50130910601909 ], [ 93.301620750205444, 28.598951558711772 ], [ 93.324920116574447, 28.609178566294194 ], [ 93.333363335217499, 28.639083854673896 ], [ 93.40601092318586, 28.651284175029218 ], [ 93.445973331999454, 28.674722212663887 ], [ 93.470495535438815, 28.652653497390666 ], [ 93.496146738832337, 28.685966641131618 ], [ 93.522410074023384, 28.659071285991242 ], [ 93.619447409740815, 28.653387967203734 ], [ 93.73987674789592, 28.684553167389168 ], [ 93.784144778273031, 28.663364770035106 ], [ 93.850601065013848, 28.707036012617774 ], [ 93.935628646729768, 28.666105798262628 ], [ 93.961761480066244, 28.693595803049142 ], [ 93.972954413047887, 28.743218110354924 ], [ 94.010300813668067, 28.772785817018899 ], [ 93.986704292687932, 28.803755463740281 ], [ 94.007243313156934, 28.840699639838853 ], [ 94.164458145665435, 28.957456727201738 ], [ 94.186062379415176, 29.028730160321945 ], [ 94.224101903040619, 29.0878295883645 ], [ 94.293654961043515, 29.14535274429959 ], [ 94.36249076908932, 29.152604680808526 ], [ 94.374877287300762, 29.184952785881631 ], [ 94.438122290038635, 29.223193496117048 ], [ 94.550710982375335, 29.220750760880716 ], [ 94.630976456429565, 29.34123641496377 ], [ 94.741302131767128, 29.274736897134908 ], [ 94.793008586395899, 29.215298292338925 ], [ 94.804128745958053, 29.162405321858291 ], [ 94.878668557817306, 29.175025220936316 ], [ 94.915778907231967, 29.152072693048659 ], [ 94.958405743432763, 29.15639000025142 ], [ 95.022446481035828, 29.133942679343271 ], [ 94.975280412788635, 29.156543243703513 ], [ 94.979819129202099, 29.173347103297679 ], [ 94.992767753829511, 29.170764015105533 ], [ 95.095054597030625, 29.139594063237915 ], [ 95.106375014425822, 29.118905373666848 ], [ 95.241720556276917, 29.110615034832708 ], [ 95.242017681243638, 29.063550796384089 ], [ 95.260070410246243, 29.054075352672008 ], [ 95.287921693771779, 29.062641775721648 ], [ 95.410653623307553, 29.030516136157644 ], [ 95.440296873348359, 29.036600408768376 ], [ 95.466454431016388, 29.066455899929412 ], [ 95.480989832575176, 29.143074131243843 ], [ 95.530717136936289, 29.130485189214724 ], [ 95.526932600221301, 29.215656529218386 ], [ 95.572202270106501, 29.222806300898654 ], [ 95.583029651649582, 29.26061448728699 ], [ 95.619263478010609, 29.249698546764488 ], [ 95.76570872298818, 29.356353180938179 ], [ 95.776880631798917, 29.361652364859058 ], [ 95.782126863126749, 29.341388008291922 ], [ 95.830989076394516, 29.358829566858017 ], [ 95.861746176302191, 29.395118328911767 ], [ 95.941808749679851, 29.387651265195302 ], [ 96.067316136575343, 29.465947313883259 ], [ 96.14056856381778, 29.40205006726908 ], [ 96.176499643555005, 29.345153557208882 ], [ 96.179919032174993, 29.307510527669464 ], [ 96.23548460165361, 29.241891999370161 ], [ 96.289567222379745, 29.244634179663851 ], [ 96.354304519044021, 29.292053315011 ], [ 96.37907568876777, 29.267105418320778 ], [ 96.342012374243069, 29.178382369199415 ], [ 96.24495311603944, 29.165763494746891 ], [ 96.210515080321869, 29.148092035208581 ], [ 96.173591821234808, 29.09921750598815 ], [ 96.102059416233189, 29.078994947120446 ], [ 96.140932205438048, 29.05828007177627 ], [ 96.171474619670946, 28.999191280100099 ], [ 96.171796591140122, 28.969786741206843 ], [ 96.142291977198795, 28.956672648828906 ], [ 96.134897865043442, 28.935233042807518 ], [ 96.160871885220843, 28.897834157117156 ], [ 96.220171676775379, 28.929772880380256 ], [ 96.326906157101618, 29.028018357790341 ], [ 96.423141992566343, 29.037510215795471 ], [ 96.513584796681371, 29.073958311321011 ], [ 96.464673603671059, 28.983135330946517 ], [ 96.481222228596224, 28.958515722146529 ], [ 96.509384212429083, 28.966365327617471 ], [ 96.526085116167948, 28.88246050807312 ], [ 96.608985425307338, 28.779832304741159 ], [ 96.579307013409661, 28.711589836867489 ], [ 96.466901260285638, 28.675184357247648 ], [ 96.487356361039119, 28.638908707222701 ], [ 96.474470685855195, 28.621782087721439 ], [ 96.424844409624228, 28.582108082646158 ], [ 96.402029195667524, 28.580945508621415 ], [ 96.400013650156112, 28.559277184326803 ], [ 96.344754664005862, 28.554007608820744 ], [ 96.318577993781844, 28.525961517638166 ], [ 96.362081008083194, 28.480343879111818 ], [ 96.253389405976705, 28.407040372118196 ], [ 96.316677375134645, 28.37756769593399 ], [ 96.362581065167561, 28.386356723205154 ], [ 96.395477850572405, 28.335916706149156 ], [ 96.417378178022943, 28.340944190870871 ], [ 96.457127757979421, 28.413815671823269 ], [ 96.505379210278747, 28.410981003858367 ], [ 96.570747622837445, 28.452324111258374 ], [ 96.64113604668097, 28.457785323813752 ], [ 96.740846181185759, 28.413813016301503 ], [ 96.770289987267148, 28.367028647778387 ], [ 96.834536981652732, 28.360719961230846 ], [ 96.889670627668053, 28.378485620959324 ], [ 96.925843259893554, 28.336852247819827 ], [ 96.987611892241787, 28.303325288111385 ], [ 97.075305838112683, 28.349614236310487 ], [ 97.105694140968652, 28.346958369731123 ], [ 97.171103453822241, 28.285668986666497 ], [ 97.295261296276522, 28.261877632017093 ], [ 97.401042411659688, 28.192250110800593 ], [ 97.401163253930022, 28.181477835989437 ], [ 97.363846406086054, 28.189089455331782 ], [ 97.327900543672527, 28.150209829682463 ], [ 97.347242930029623, 28.110487091627185 ], [ 97.310432079829013, 28.074516574011181 ], [ 97.325776522098977, 28.052698394347818 ], [ 97.380945946215419, 28.059273308883306 ], [ 97.375682601083113, 28.040156117313657 ], [ 97.412896513673616, 28.014836540714118 ], [ 97.37297955242687, 27.968028879916652 ], [ 97.37359001605293, 27.880177071994751 ], [ 97.308995938692732, 27.914991129114068 ], [ 97.249021188067999, 27.899297118701188 ], [ 97.103998428037769, 27.769748690115392 ], [ 97.093847090729739, 27.740088464800188 ], [ 97.036162355071653, 27.742387049112537 ], [ 96.983056873202585, 27.664282154152204 ], [ 96.941724807566871, 27.660740696222117 ], [ 96.896746093019033, 27.609260982143976 ], [ 96.896712055852916, 27.581503701769851 ], [ 96.912231148580432, 27.580533170635203 ], [ 96.913007667583386, 27.543882528140646 ], [ 96.929822823551689, 27.524182275326513 ], [ 96.903244081779548, 27.452726053381525 ], [ 96.96230620516107, 27.401649120094532 ], [ 96.962125533296174, 27.373115275278614 ], [ 96.998106438988941, 27.318978624997886 ], [ 97.028266714391535, 27.307943838684931 ], [ 97.088507643021501, 27.238212265190057 ], [ 97.090475816774685, 27.213618019115469 ], [ 97.163854224650891, 27.142239812827277 ], [ 97.138518010121857, 27.091046670272505 ], [ 97.099270420424276, 27.108309663600711 ], [ 97.06343882191824, 27.091454844847245 ], [ 96.985363250083836, 27.153873885355651 ], [ 96.874412862043187, 27.1806824631532 ], [ 96.854807902620109, 27.210032860640919 ], [ 96.885233673308292, 27.226467600662378 ], [ 96.884910039955813, 27.259444551982273 ], [ 96.847047117030442, 27.271098077125828 ], [ 96.848068866224466, 27.290144358267682 ], [ 96.79646809030406, 27.345742934395464 ], [ 96.704885339364822, 27.372040410717648 ], [ 96.697688711044918, 27.357672733854759 ], [ 96.606119973824164, 27.365806876099622 ], [ 96.595150742907819, 27.333838539036719 ], [ 96.551219615796583, 27.318456442124742 ], [ 96.523851433654428, 27.286545891317878 ], [ 96.440645014598843, 27.306331231237625 ], [ 96.387274817181805, 27.284866738917479 ], [ 96.307274641682099, 27.294275649925233 ], [ 96.270699659430704, 27.271481128635255 ], [ 96.228275593650764, 27.278647033345546 ], [ 96.022961440332864, 27.180081742229728 ], [ 95.9456037059538, 27.051504218164819 ], [ 95.869481341939988, 27.012549288716215 ], [ 95.802030489025597, 27.014500649687943 ], [ 95.760295627799664, 26.963724763319455 ], [ 95.751265847005342, 26.90902239506562 ], [ 95.724141015778713, 26.882204793867867 ], [ 95.666997818709916, 26.902862264766188 ], [ 95.631831586165148, 26.873452949603063 ], [ 95.608137085937003, 26.812814814223657 ], [ 95.543127329348735, 26.835375974702348 ], [ 95.506542649783825, 26.807605968371277 ], [ 95.482832144272251, 26.747394426750216 ], [ 95.459091411349675, 26.743884731663659 ], [ 95.43138003324313, 26.70069809769069 ], [ 95.335518856337316, 26.674376274360849 ], [ 95.30395971718778, 26.651008932202551 ], [ 95.258663932378951, 26.655752836284098 ], [ 95.212524211801735, 26.729432931136284 ], [ 95.233209306420747, 26.68109382714308 ], [ 95.208118393049745, 26.647819855253328 ], [ 95.148927561749247, 26.61586720402213 ], [ 95.154194270174031, 26.583142396039598 ], [ 95.107545361137539, 26.541538110393748 ], [ 95.114538274008893, 26.518510712708125 ], [ 95.062061240037821, 26.449380919177631 ], [ 95.084289106715673, 26.447153607314458 ], [ 95.103862903581572, 26.420658683033331 ], [ 95.100105667566368, 26.393608667306633 ], [ 95.132188113098167, 26.377513844839569 ], [ 95.127257457234677, 26.253814367837677 ], [ 95.114598522218358, 26.232889378131969 ], [ 95.142238353105796, 26.210429729254436 ], [ 95.122513977937032, 26.187178001609574 ], [ 95.117716821606265, 26.101573806246467 ], [ 95.185842735998776, 26.073519652069994 ], [ 95.125830382794533, 25.985670971089768 ], [ 95.089496182276918, 25.950485070696374 ], [ 95.032251948993178, 25.929179067653592 ], [ 95.011774074150651, 25.897777458965265 ], [ 95.009661340806971, 25.865736565333648 ], [ 95.049965996964005, 25.7999911620342 ], [ 95.048965719301862, 25.759355045640838 ], [ 94.935979883574703, 25.667611345768851 ], [ 94.915089001992087, 25.607680898824267 ], [ 94.881540311880514, 25.590529772082743 ], [ 94.898503932415821, 25.565327647226066 ], [ 94.84592230759624, 25.561938346238801 ], [ 94.807993177037787, 25.49329397303125 ], [ 94.783450430924489, 25.480400542850834 ], [ 94.751420558396404, 25.49388967895274 ], [ 94.67503937586082, 25.454589814827127 ], [ 94.680278298010847, 25.454012325598033 ], [ 94.667098208077405, 25.414644398992202 ], [ 94.634602457564895, 25.395006475102665 ], [ 94.634626235072162, 25.358411475084708 ], [ 94.58479409013087, 25.266544446275578 ], [ 94.576005907638944, 25.213663710912993 ], [ 94.605570290089375, 25.181459653934834 ], [ 94.736236810357696, 25.134930940593545 ], [ 94.744890062300698, 25.080641798721217 ], [ 94.73858358088404, 25.023560977154578 ], [ 94.696668264287183, 24.96861416834923 ], [ 94.712315961627411, 24.931719796887648 ], [ 94.6879869660427, 24.888258747608955 ], [ 94.631855381578262, 24.839455217036182 ], [ 94.618607325110432, 24.779795054005096 ], [ 94.628407407667652, 24.75482327322111 ], [ 94.601626247614249, 24.70948369593631 ], [ 94.585124486000808, 24.705419956607638 ], [ 94.578143986050037, 24.723443830351279 ], [ 94.549663576398444, 24.712769788998962 ], [ 94.550065827609629, 24.658928210908474 ], [ 94.529207220698552, 24.618023636741338 ], [ 94.461539781274226, 24.557953392944551 ], [ 94.425203684413049, 24.486121751190908 ], [ 94.40307612811138, 24.47529377516291 ], [ 94.397634105374109, 24.407286159668285 ], [ 94.367130862179224, 24.394618350301293 ], [ 94.380112002226682, 24.374635317113519 ], [ 94.354004275005764, 24.334471421994436 ], [ 94.327162441839732, 24.327664178024285 ], [ 94.315322356239221, 24.252676996914268 ], [ 94.292713398166669, 24.236018824606916 ], [ 94.28318777069174, 24.179349822018814 ], [ 94.259865063396717, 24.162260498115717 ], [ 94.251540410693082, 24.081907822923842 ], [ 94.186857961566773, 23.941281585686486 ], [ 94.165351880439928, 23.929640028032416 ], [ 94.153969031929122, 23.853152369153243 ], [ 94.120672320153091, 23.832848422702671 ], [ 94.084304548695016, 23.881426888110081 ], [ 93.930460252624655, 23.95025042735525 ], [ 93.807383005303777, 23.927075243597066 ], [ 93.759515721128935, 24.002961360620805 ], [ 93.623354289810948, 24.010919161617281 ], [ 93.591657720101068, 23.960590504746577 ], [ 93.559773067425155, 23.982071255199749 ], [ 93.550107732160598, 23.959160927957001 ], [ 93.504760275358294, 23.942186686353438 ], [ 93.463408622856136, 23.973530479330808 ], [ 93.416946405295278, 24.071407442131495 ], [ 93.347549414301625, 24.10443138210459 ], [ 93.353806798296446, 24.090533517371654 ], [ 93.328367942263057, 24.08038220227586 ], [ 93.331615927835244, 24.05302346440406 ], [ 93.283530450064404, 24.048397032698762 ], [ 93.337507539405919, 24.041168654032031 ], [ 93.328888974110981, 23.984799553082993 ], [ 93.351696501183824, 23.941144571996162 ], [ 93.394237011980763, 23.923860314312321 ], [ 93.384963835355109, 23.848127476358279 ], [ 93.403262332639699, 23.807045625381196 ], [ 93.391553958924433, 23.756691970912513 ], [ 93.410952640903773, 23.729403778011694 ], [ 93.407255149143168, 23.707625869020141 ], [ 93.436809824398651, 23.686486235230898 ], [ 93.417007612905479, 23.648071048253453 ], [ 93.428561144913544, 23.58828122170717 ], [ 93.409774815717313, 23.563009424683308 ], [ 93.418307208321949, 23.539041483084091 ], [ 93.394842680399805, 23.504045955728124 ], [ 93.388012843193579, 23.446377599608134 ], [ 93.401647264166783, 23.383748554633097 ], [ 93.387630686396946, 23.359396960759426 ], [ 93.355772619361915, 23.351891917170757 ], [ 93.372882703017765, 23.329417940156667 ], [ 93.362614712283587, 23.279137561391259 ], [ 93.388549432963927, 23.215908813363029 ], [ 93.368234326562643, 23.144098716101471 ], [ 93.385612985827223, 23.133835432030846 ], [ 93.355664594254051, 23.116052167314301 ], [ 93.339260615157585, 23.07383377899367 ], [ 93.351742586554522, 23.070113037106747 ], [ 93.294378841405347, 23.006933450697897 ], [ 93.23047211357806, 23.011428592119454 ], [ 93.210332208301594, 23.04785304321258 ], [ 93.185469550556036, 23.059205296867354 ], [ 93.1560919161751, 23.043180603739728 ], [ 93.137120665184369, 23.060767016130853 ], [ 93.125812601420961, 23.040722719593166 ], [ 93.120180755680977, 23.002973875630985 ], [ 93.141051473678729, 22.988957373322599 ], [ 93.138039114408926, 22.950564520922786 ], [ 93.164527546748928, 22.910987375151993 ], [ 93.131173888072098, 22.906093462174347 ], [ 93.110546891095723, 22.818053121904175 ], [ 93.094854993050305, 22.806682717981637 ], [ 93.107355932374404, 22.752615439190219 ], [ 93.095459403827959, 22.672487894309054 ], [ 93.140313752014578, 22.59226517431841 ], [ 93.106550387007999, 22.527025056195136 ], [ 93.128207117404628, 22.523653353333433 ], [ 93.138114200990287, 22.455439605165164 ], [ 93.185290100399968, 22.428153075909819 ], [ 93.201789449138545, 22.262566382042561 ], [ 93.1420954292266, 22.245464090310318 ], [ 93.161255108136416, 22.197810765138758 ], [ 93.150827493064412, 22.176260318828763 ], [ 93.123562397991023, 22.173546027686179 ], [ 93.110826479151527, 22.204039100317999 ], [ 93.038045093409778, 22.194797714341657 ], [ 93.049100152063303, 22.168902210359764 ], [ 93.037149408392793, 22.14475110679766 ], [ 93.059566568965664, 22.101727464598568 ], [ 93.004960102868083, 22.104376266729052 ], [ 92.994860857066769, 22.03265859377866 ], [ 93.007186905184867, 21.982202835391959 ], [ 92.980561337830224, 21.980058241145528 ], [ 92.952249205987542, 22.029710340597397 ], [ 92.927490842646492, 22.015906059391984 ], [ 92.935897024648682, 22.0065276650135 ], [ 92.90301141967592, 21.94074625965245 ], [ 92.891330449966702, 22.011252737208295 ], [ 92.865064797122201, 22.023692212293369 ], [ 92.863529807168675, 22.062364372043664 ], [ 92.699105551635668, 22.155049684368869 ], [ 92.689629389891806, 22.071881628093529 ], [ 92.687860586436116, 22.104093611109345 ], [ 92.681753162703259, 22.103085795878695 ], [ 92.679902908102449, 22.011864394103647 ], [ 92.651612651135252, 22.015908899273981 ], [ 92.63471534962413, 21.98305384872134 ], [ 92.603219901028226, 21.977625102359859 ], [ 92.612760690268587, 21.990114923029537 ], [ 92.592616329348303, 22.037438212031194 ], [ 92.602659052253614, 22.061100549950829 ], [ 92.562674128964105, 22.127803977876791 ], [ 92.578642552708516, 22.14283968304315 ], [ 92.605746380425458, 22.123392339967609 ], [ 92.609226464615915, 22.16401863961072 ], [ 92.594505892429297, 22.181555187339743 ], [ 92.580225869329396, 22.324979511343951 ], [ 92.550693220764686, 22.42257401101541 ], [ 92.551281489714995, 22.513296356340991 ], [ 92.521747690408418, 22.559522586376758 ], [ 92.539226471402969, 22.588849817937405 ], [ 92.528667071682193, 22.664669848626801 ], [ 92.513195899583508, 22.732785208951839 ], [ 92.473844173584894, 22.746208516985234 ], [ 92.449236043593686, 22.895008986970016 ], [ 92.433730775938358, 22.885791059707024 ], [ 92.420511493407403, 22.91805339977838 ], [ 92.400185086199855, 22.912414227043683 ], [ 92.397586220557031, 22.929698804800267 ], [ 92.372364631956586, 22.935110485328092 ], [ 92.392384503446465, 23.056450740838269 ], [ 92.358333800618141, 23.106321258363472 ], [ 92.368199653328887, 23.127264335162891 ], [ 92.3468357521553, 23.235725051172729 ], [ 92.403992501208478, 23.241103206680002 ], [ 92.385183017037491, 23.306974429156561 ], [ 92.364572487078661, 23.322426760041235 ], [ 92.37905781025529, 23.36182777028618 ], [ 92.357292973004107, 23.370902637166129 ], [ 92.357401039434464, 23.410698267167007 ], [ 92.31711988140863, 23.471774036289144 ], [ 92.313484978867137, 23.55594923817927 ], [ 92.302101223057903, 23.591898151201491 ], [ 92.287259168102139, 23.596038789789667 ], [ 92.295765480817479, 23.621627864670877 ], [ 92.273030322922267, 23.641664696698996 ], [ 92.290916721663521, 23.690551190807586 ], [ 92.265490546248685, 23.72500719715055 ], [ 92.239169375723009, 23.718427862088685 ], [ 92.222623959580048, 23.652825855724334 ], [ 92.206603582669473, 23.661004236659075 ], [ 92.207030151275418, 23.700615207705884 ], [ 92.177670893730195, 23.707618023961125 ], [ 92.169733931445307, 23.739681588221398 ], [ 92.144281932160979, 23.73309145717467 ], [ 92.09969410513601, 23.676708599350619 ], [ 92.083029436740745, 23.680053329820502 ], [ 92.079056757770957, 23.649558442599552 ], [ 92.063119475024195, 23.645033873375656 ], [ 92.000639304207411, 23.670578513127893 ], [ 91.978268352972776, 23.733083529768404 ], [ 91.950567741174922, 23.725942924219201 ], [ 91.957907979566031, 23.694552492212576 ], [ 91.934018384122794, 23.684555153599494 ], [ 91.969125494945445, 23.476382123256567 ], [ 91.936662223920308, 23.466602378173931 ], [ 91.943085686648217, 23.435298512410743 ], [ 91.899711329061859, 23.440600248052831 ], [ 91.844989450111541, 23.404685385227342 ], [ 91.825171275555789, 23.352394103123327 ], [ 91.7626551236186, 23.30280601968439 ], [ 91.809941618216172, 23.165377061901303 ], [ 91.813516012036757, 23.099081328767429 ], [ 91.83581967765997, 23.093057460052773 ], [ 91.806027571386693, 23.063028389667085 ], [ 91.774517408386444, 23.069615985970216 ], [ 91.780082264060724, 23.028531393086556 ], [ 91.769212076896054, 23.041266179782923 ], [ 91.720624702291161, 22.987423858972079 ], [ 91.64592181476678, 22.985156116884202 ], [ 91.618193012038674, 22.938453588816891 ], [ 91.60044536797453, 22.954084715284459 ], [ 91.613796386645305, 22.95837145625125 ], [ 91.605650759194617, 22.972026910081237 ], [ 91.57676254315011, 22.965218997095413 ], [ 91.542486514102492, 22.999457074803004 ], [ 91.550356508779572, 23.038408582153661 ], [ 91.530489669789901, 23.038308418876309 ], [ 91.52983207425585, 23.091661978992864 ], [ 91.503145755635174, 23.130490965773955 ], [ 91.515318050804197, 23.144988361184616 ], [ 91.490881791883012, 23.157603633927025 ], [ 91.491741229878244, 23.177559641072335 ], [ 91.507540481091738, 23.183684344332317 ], [ 91.470756683655893, 23.196419760402872 ], [ 91.484430814656264, 23.209180861297561 ], [ 91.45059509843837, 23.21951117216889 ], [ 91.470272857332077, 23.227630568650849 ], [ 91.44706125007815, 23.243769274278986 ], [ 91.454210400638658, 23.260370828364554 ], [ 91.419053397385156, 23.256900183805612 ], [ 91.408893073331001, 23.285125773646925 ], [ 91.411324415749775, 23.255664476228581 ], [ 91.397561153008624, 23.265124652258837 ], [ 91.408744825257983, 23.247616221249388 ], [ 91.39250775044637, 23.245391379730812 ], [ 91.400911222231372, 23.229114399621011 ], [ 91.386470969329153, 23.227555607218022 ], [ 91.379898807573966, 23.184454446620052 ], [ 91.417386265253313, 23.064813641234952 ], [ 91.395785711901283, 23.056133816058328 ], [ 91.369791072693189, 23.070371372620777 ], [ 91.323334565722604, 23.158013804161282 ], [ 91.326606822875476, 23.252286584168377 ], [ 91.300223727884003, 23.2924520886435 ], [ 91.313135753350124, 23.306385380606592 ], [ 91.289852827049174, 23.318524493828647 ], [ 91.32008596839772, 23.360088305286421 ], [ 91.29107762065027, 23.350698399672314 ], [ 91.249342416267879, 23.490170954984023 ], [ 91.200763622370559, 23.520023544196889 ], [ 91.212945673243553, 23.550414122376388 ], [ 91.194450765610341, 23.547177648172788 ], [ 91.178092349963435, 23.591745425658402 ], [ 91.16281570534457, 23.59507280820042 ], [ 91.156303814256702, 23.670717389753072 ], [ 91.199421695642954, 23.646578891392583 ], [ 91.208528570753302, 23.68640121383352 ], [ 91.154242715177276, 23.688392931977894 ], [ 91.149198517651769, 23.711525058294225 ], [ 91.16588061875342, 23.748794480964104 ], [ 91.210374894326407, 23.749155688977304 ], [ 91.21902825406724, 23.736426458593392 ], [ 91.226364696177953, 23.751138359797508 ], [ 91.226416368171428, 23.790926414097029 ], [ 91.254114950675046, 23.837994372891565 ], [ 91.229615583308544, 23.880594420604918 ], [ 91.246184463446724, 23.913080148993597 ], [ 91.233018993594541, 23.926957193305402 ], [ 91.276213687225763, 23.922524989739031 ], [ 91.264230523356673, 23.944219373271732 ], [ 91.284688203173317, 23.982099853151162 ], [ 91.287489769168417, 23.968184438021289 ], [ 91.299794085243164, 23.972119652620957 ], [ 91.303624730685058, 23.996605276626575 ], [ 91.379526578957879, 23.97532618579995 ], [ 91.374244495867046, 24.004246522864594 ], [ 91.396598466247866, 24.049620145047967 ], [ 91.375479827604735, 24.107077289841133 ], [ 91.586072955842567, 24.072600980645621 ], [ 91.594540010383369, 24.096533710249457 ], [ 91.63793269899142, 24.102922463939155 ], [ 91.634445946606633, 24.138054956867869 ], [ 91.660128131097636, 24.189535141011778 ], [ 91.647749897149765, 24.218488992938177 ], [ 91.665395116203513, 24.233512188763758 ], [ 91.684756671710446, 24.165825520109355 ], [ 91.759474086789581, 24.141646009835057 ], [ 91.745028478131673, 24.246974818607168 ], [ 91.820597116112793, 24.209230131639345 ], [ 91.844149061790219, 24.226135335097457 ], [ 91.846986961943614, 24.190297001201447 ], [ 91.874041161334389, 24.173857181604578 ], [ 91.884626570875909, 24.138601729380792 ], [ 91.905752578399316, 24.138600244785334 ], [ 91.940818656874725, 24.268091503911879 ], [ 91.919988763713377, 24.337460944901355 ], [ 91.957580625391685, 24.356280362262591 ], [ 91.995950607769075, 24.322054484997459 ], [ 91.967205183430565, 24.380989380909604 ], [ 91.984752061215232, 24.376602635061349 ], [ 91.997361437973936, 24.392444090403529 ], [ 92.090405447843096, 24.371888670345609 ], [ 92.122948844099966, 24.384009769122329 ], [ 92.136799627902633, 24.424959849336794 ], [ 92.167875380902842, 24.425337599080034 ], [ 92.151450560891803, 24.496047928177578 ], [ 92.169208313697837, 24.531727457605278 ], [ 92.216097551840278, 24.508740926431212 ], [ 92.231145390043281, 24.531253311344223 ], [ 92.25493324409409, 24.677118696182614 ], [ 92.295578722866566, 24.73553195665767 ], [ 92.279508883818124, 24.745001857742793 ], [ 92.288918651977653, 24.784485563036622 ], [ 92.272111818900456, 24.827909807178301 ], [ 92.241461145997761, 24.842022753622267 ], [ 92.247226841613383, 24.887517545175374 ], [ 92.232873168338244, 24.900146089717513 ], [ 92.29942532418454, 24.915720938672102 ], [ 92.400095908644971, 24.848650669954619 ], [ 92.437112602403062, 24.855499275696733 ], [ 92.445027686219206, 24.872034731241627 ], [ 92.487922619226651, 24.871309683399858 ], [ 92.487712728758837, 24.946567113052854 ], [ 92.449022010095746, 24.938952583126969 ], [ 92.468505826312864, 24.962175725644414 ], [ 92.420333511098477, 24.965946164245651 ], [ 92.416346751934967, 24.989922998355066 ], [ 92.437162428243639, 25.040791329626654 ], [ 92.421485224954566, 25.027795360883385 ], [ 92.339497446040369, 25.049955404112556 ], [ 92.348553542082641, 25.073491425820986 ], [ 92.335005397105931, 25.078374758335976 ], [ 92.310398478941991, 25.069267815603041 ], [ 92.226935842401076, 25.094113943900446 ], [ 92.196168226814706, 25.108031383763862 ], [ 92.21938319736104, 25.117005367213363 ], [ 92.18929568459815, 25.136256562338982 ], [ 92.183928116028241, 25.117921073110711 ], [ 92.159592226772077, 25.126603278310345 ], [ 92.165681153294926, 25.13596415812491 ], [ 92.135836866581712, 25.138737992387863 ], [ 92.132882054287336, 25.1601471223217 ], [ 92.07385106112369, 25.184948241309126 ], [ 92.003761649607341, 25.186163825230743 ], [ 91.971669018976854, 25.167580948332869 ], [ 91.916255103982792, 25.181348283849324 ], [ 91.775784724639806, 25.16315752564941 ], [ 91.756030671829038, 25.177497514944232 ], [ 91.747641140998965, 25.140151415943805 ], [ 91.70355569140672, 25.159880027404075 ], [ 91.691667746262809, 25.137083760628194 ], [ 91.637914235917407, 25.122544537370462 ], [ 91.621389549297902, 25.143470648808123 ], [ 91.602090369211027, 25.142721174929942 ], [ 91.611208599924865, 25.176629315039783 ], [ 91.471016423435486, 25.133586962944261 ], [ 91.468631040623293, 25.151794039918258 ], [ 91.292480830446564, 25.183803067612484 ], [ 91.268013417951295, 25.207244053331912 ], [ 91.251630949912666, 25.195168594391664 ], [ 91.069642998336235, 25.19840997993586 ], [ 90.849823731057654, 25.157641459626216 ], [ 90.780357471870772, 25.186115000081681 ], [ 90.733276457911273, 25.154911424368567 ], [ 90.709980198814861, 25.168121316236316 ], [ 90.698068166244909, 25.156833171250359 ], [ 90.685535304388836, 25.174511623644612 ], [ 90.66600653467826, 25.165803916997547 ], [ 90.663420062193126, 25.197851593305757 ], [ 90.641897275995248, 25.174810876781358 ], [ 90.50863949342461, 25.175354620671733 ], [ 90.441076454406002, 25.144508447961307 ], [ 90.370459083234252, 25.162840263729453 ], [ 90.330238900154939, 25.193815951201433 ], [ 90.118113617046589, 25.223456688274688 ], [ 90.054517804223963, 25.26136375410967 ], [ 89.980761896417604, 25.280852185781431 ], [ 89.966488406764739, 25.303618332802412 ], [ 89.949241192585788, 25.292714006124449 ], [ 89.906997914553443, 25.307733923208712 ], [ 89.876603900208906, 25.285328328171367 ], [ 89.831183024098451, 25.296028891694291 ], [ 89.84137922506838, 25.315034417077328 ], [ 89.821435271999803, 25.355517277997254 ], [ 89.825434522237359, 25.413346599647703 ], [ 89.885527789394189, 25.507514432139047 ], [ 89.852248852582647, 25.465881508386328 ], [ 89.849414544792054, 25.493024890066245 ], [ 89.869603040840545, 25.511625843598672 ], [ 89.851273393575184, 25.538627924597975 ], [ 89.8660375933419, 25.54619050359614 ], [ 89.881859792917609, 25.624925304282794 ], [ 89.850533303951963, 25.712957589265528 ], [ 89.828803384215846, 25.727296906159516 ], [ 89.840263071022818, 25.767198782901666 ], [ 89.816584060445081, 25.8142337241962 ], [ 89.835281599260355, 25.840734398302768 ], [ 89.832572645977748, 25.8706055191772 ], [ 89.887076995187087, 25.945201554210527 ], [ 89.825387320260759, 25.945504482196654 ], [ 89.84843028498976, 25.949743087678378 ], [ 89.838558750434842, 25.967851180785072 ], [ 89.871313505006739, 25.980063275176331 ], [ 89.835841235309303, 26.012596727737481 ], [ 89.835941462142159, 25.982424195288122 ], [ 89.820272083962578, 25.987641279317124 ], [ 89.806919997194953, 26.044199410911009 ], [ 89.797721088785451, 26.024515885280525 ], [ 89.791449260779189, 26.01807796037658 ], [ 89.787550878771611, 26.019909767045156 ], [ 89.801828909408258, 26.040255806182408 ], [ 89.773927516957869, 26.03749439980189 ], [ 89.798809804689, 26.059579363166822 ], [ 89.794919345822223, 26.087327706780108 ], [ 89.781323917122222, 26.083442406736015 ], [ 89.783161094947445, 26.105983939929885 ], [ 89.756169904288996, 26.109362722950486 ], [ 89.766570675903665, 26.13047719560258 ], [ 89.747659044301727, 26.157371049177431 ], [ 89.720487556375858, 26.156296251914394 ], [ 89.727038068168937, 26.167474221606106 ], [ 89.701378069934279, 26.151754835169072 ], [ 89.681302641237338, 26.163620965859359 ], [ 89.702059972981615, 26.173976648204192 ], [ 89.673471778970637, 26.201428099656749 ], [ 89.691504208742785, 26.211671109293796 ], [ 89.679453729617862, 26.21464222838279 ], [ 89.68587774930127, 26.230728389344918 ], [ 89.661996529749729, 26.219220161768561 ], [ 89.634439966400919, 26.229410090322311 ], [ 89.649996139786737, 26.190205659302546 ], [ 89.630181780375992, 26.195762137156517 ], [ 89.627813063108945, 26.183909091671534 ], [ 89.658584694164645, 26.17616692165754 ], [ 89.646096245016224, 26.164436323074163 ], [ 89.637095202226163, 26.178798275197575 ], [ 89.607455793381519, 26.179141274021489 ], [ 89.61888455298984, 26.166842127020011 ], [ 89.591628505748005, 26.157871112244706 ], [ 89.596549090598828, 26.135193927971574 ], [ 89.604239691713687, 26.117454213214756 ], [ 89.625186562593001, 26.128574296925912 ], [ 89.630326823260077, 26.118110379983804 ], [ 89.593882693206197, 26.102161313038412 ], [ 89.608151269074455, 26.088373830329864 ], [ 89.630321383961018, 26.106756756867618 ], [ 89.649900955197552, 26.0624841419231 ], [ 89.605102068996558, 26.063333313089039 ], [ 89.612580892283162, 26.052326594830284 ], [ 89.578722232194636, 26.026261729135946 ], [ 89.585179678189704, 25.975898449993654 ], [ 89.568906780361218, 25.967756466963486 ], [ 89.565968737816561, 25.980342215223725 ], [ 89.554896990261682, 25.965289450130708 ], [ 89.538252881608344, 25.973185278749728 ], [ 89.540895992872152, 26.005901428352345 ], [ 89.461648100727373, 25.998371774752048 ], [ 89.427476992209932, 26.013147404091225 ], [ 89.432802101009642, 26.037501186256321 ], [ 89.423843386835756, 26.0469201182723 ], [ 89.390857060058366, 26.022921229081405 ], [ 89.392537197998863, 26.007826367598778 ], [ 89.348960446385732, 26.010410437747961 ], [ 89.299404651971926, 26.050364274075136 ], [ 89.275756015230584, 26.049080174781082 ], [ 89.281054584203517, 26.065615449008849 ], [ 89.254407362958972, 26.064120772365023 ], [ 89.266508021077314, 26.091263237364743 ], [ 89.229437343960583, 26.123853613728567 ], [ 89.154950380887797, 26.13951658626593 ], [ 89.157280184035031, 26.163196336801381 ], [ 89.134780787189513, 26.180505919174244 ], [ 89.148846239598981, 26.206779120126416 ], [ 89.140877517377206, 26.235910179090538 ], [ 89.100104700616569, 26.279467656024629 ], [ 89.102740194166827, 26.312152421837503 ], [ 89.120501291400643, 26.28699057320679 ], [ 89.136307745306098, 26.320106874038284 ], [ 89.083601284306411, 26.32202313977777 ], [ 89.100240793585513, 26.336492087955591 ], [ 89.098315939290245, 26.358929703666927 ], [ 89.079707872677318, 26.362822328649401 ], [ 89.087612665393564, 26.397485580816145 ], [ 89.035982583733642, 26.394895692102772 ], [ 89.005936305438922, 26.421411053374445 ], [ 88.994039629568746, 26.412818628797528 ], [ 88.98326600321225, 26.446509255396286 ], [ 88.958807240594865, 26.458998074790276 ], [ 88.944766657145735, 26.425591665874496 ], [ 88.926192772327667, 26.432050523975644 ], [ 88.926559740409417, 26.406788241684733 ], [ 88.905241028986225, 26.405331509396795 ], [ 88.91807491270076, 26.400788946367896 ], [ 88.911931250929342, 26.366105000058223 ], [ 88.958429520577482, 26.361681017164571 ], [ 88.95229803996132, 26.332337475946389 ], [ 88.961410613085476, 26.352295648384118 ], [ 88.985126065619326, 26.349914829008515 ], [ 88.98554621935584, 26.332763798776078 ], [ 89.000968027233029, 26.329747490378235 ], [ 88.982657671288365, 26.309497083212332 ], [ 88.996806474779817, 26.29026612496332 ], [ 89.004376974734441, 26.30365544682715 ], [ 89.018406266360472, 26.289813095795246 ], [ 89.023333252606022, 26.307701670392071 ], [ 89.020083766847307, 26.289094241833702 ], [ 89.039880016221929, 26.276523533844866 ], [ 89.04641933736697, 26.295636705944354 ], [ 89.060552788650185, 26.291625924280901 ], [ 89.050685655840184, 26.241653383846508 ], [ 88.95680434875257, 26.240509284993625 ], [ 88.926280830581703, 26.283778077084072 ], [ 88.898269027098067, 26.288643876399409 ], [ 88.861331186557322, 26.272134466942383 ], [ 88.877864550004119, 26.233377952029304 ], [ 88.842305485982266, 26.230578980343047 ], [ 88.812802996556584, 26.256543007691576 ], [ 88.819110062776474, 26.294494218977096 ], [ 88.793564443768219, 26.309970004260595 ], [ 88.699738224967078, 26.284165659860111 ], [ 88.679479706140526, 26.258904844940457 ], [ 88.666499104183899, 26.264790442794535 ], [ 88.675130571981256, 26.320072043221941 ], [ 88.746508339193269, 26.322385462866436 ], [ 88.733877106423691, 26.328488097617281 ], [ 88.745870317050915, 26.347066519674179 ], [ 88.733262286866818, 26.353831741027381 ], [ 88.704693515330604, 26.332483036006803 ], [ 88.68102725005015, 26.380123424189474 ], [ 88.70227015444317, 26.388443579616627 ], [ 88.623760210337963, 26.43501227598064 ], [ 88.622890462378166, 26.471078515832517 ], [ 88.59558681161279, 26.470850827069807 ], [ 88.592952156190719, 26.449814083223103 ], [ 88.559533601421137, 26.45748674437117 ], [ 88.556763966042766, 26.484799191318558 ], [ 88.526481652712221, 26.481378852787962 ], [ 88.521393359584366, 26.510507221036029 ], [ 88.490245627275399, 26.511347059225631 ], [ 88.485081351945851, 26.540445738971709 ], [ 88.437156513609096, 26.5440721461474 ], [ 88.415188233997185, 26.63317340271827 ], [ 88.376039243385193, 26.594695564653644 ], [ 88.359393948057317, 26.53006957039603 ], [ 88.332129143139781, 26.493150491625148 ], [ 88.352201059423962, 26.448045816702958 ], [ 88.360593775680059, 26.484695510374689 ], [ 88.374493573361235, 26.488446414366322 ], [ 88.40429982899856, 26.486056679751449 ], [ 88.420532221790893, 26.465659242297843 ], [ 88.485245562183167, 26.460256696903247 ], [ 88.523351979754537, 26.360823899290892 ], [ 88.485372684575665, 26.349309379116271 ], [ 88.457723389038378, 26.376659938002643 ], [ 88.434569160774927, 26.335149699314009 ], [ 88.40435057123571, 26.329834807296159 ], [ 88.414938672129779, 26.314822870846648 ], [ 88.384661217786615, 26.313258651371719 ], [ 88.349623900671645, 26.282155744225459 ], [ 88.350269481238783, 26.220246310317716 ], [ 88.241611147340535, 26.188811934093113 ], [ 88.17722139987653, 26.147978425252802 ], [ 88.158507003276654, 26.079316001982694 ], [ 88.183550207122948, 26.072187464962887 ], [ 88.169536729439173, 26.045199473344518 ], [ 88.183207675911831, 26.026777041010096 ], [ 88.139712662006403, 26.012916974973493 ], [ 88.114028041284342, 25.958302057750238 ], [ 88.12221300506296, 25.948165028268384 ], [ 88.085915874423875, 25.915243536049857 ], [ 88.103016794365516, 25.889249680087829 ], [ 88.09439318413196, 25.873059049401459 ], [ 88.110679676165674, 25.867887909895916 ], [ 88.101166066352576, 25.828975559957723 ], [ 88.120113642243979, 25.812435023751586 ], [ 88.114476788396317, 25.797940844783511 ], [ 88.144258940437908, 25.793637747003917 ], [ 88.150538270275106, 25.775585169273327 ], [ 88.183314936553387, 25.801165817247863 ], [ 88.209155229924335, 25.787233117602572 ], [ 88.236267019409652, 25.809440181846849 ], [ 88.269785129970629, 25.807886179795506 ], [ 88.266506630424857, 25.782448742316742 ], [ 88.320949961568516, 25.737472172790408 ], [ 88.37425189421046, 25.717066195262269 ], [ 88.37149168395608, 25.69653901436488 ], [ 88.405183398437288, 25.68422000114883 ], [ 88.401685566231734, 25.672561589796963 ], [ 88.453843594970692, 25.664896030170794 ], [ 88.444351876202759, 25.596922397205951 ], [ 88.499915421777047, 25.583949291975877 ], [ 88.49387108942156, 25.559935384387881 ], [ 88.523501207889524, 25.535160719383747 ], [ 88.533092251581806, 25.54209917376274 ], [ 88.5399528129674, 25.508296083768006 ], [ 88.551910509598187, 25.520683350267305 ], [ 88.595294386631593, 25.506216643236932 ], [ 88.609086896721777, 25.516302177257959 ], [ 88.622476561814395, 25.496955333026211 ], [ 88.647920025306874, 25.496786236619329 ], [ 88.646375440447784, 25.478413232672018 ], [ 88.699599890701549, 25.471210933739947 ], [ 88.707516590586891, 25.49986744833231 ], [ 88.742149754757222, 25.504994633773588 ], [ 88.744938991375051, 25.487865309654779 ], [ 88.768716426765195, 25.498539532826346 ], [ 88.758690055892984, 25.525244492400564 ], [ 88.809892979652176, 25.523232593691112 ], [ 88.813312165252867, 25.488968781312437 ], [ 88.829656983999641, 25.490254741055544 ], [ 88.839170618965611, 25.459120172650533 ], [ 88.830001283993539, 25.41694458081437 ], [ 88.812391823277991, 25.410412689253182 ], [ 88.840855945575186, 25.397634093059626 ], [ 88.840184875311834, 25.36376036476425 ], [ 88.885122536851199, 25.325615720351735 ], [ 88.906294704305452, 25.337689830810014 ], [ 88.929461441609263, 25.304083301376185 ], [ 89.008950750596796, 25.30300719194295 ], [ 89.007629418645394, 25.263616557137805 ], [ 88.986666987148681, 25.274060190312387 ], [ 88.956295713655564, 25.255069590177008 ], [ 88.961675041172512, 25.209096707405077 ], [ 88.938005332649553, 25.211727341665089 ], [ 88.949114468086549, 25.178857739701456 ], [ 88.923075629969873, 25.164908859136322 ], [ 88.910982895890612, 25.180305544009169 ], [ 88.875264461754199, 25.179344147961984 ], [ 88.843762886648065, 25.213807085117228 ], [ 88.805860404612488, 25.170450625224912 ], [ 88.769401153217487, 25.189845138126156 ], [ 88.749359553277515, 25.177159392070219 ], [ 88.733187796766842, 25.198369505030136 ], [ 88.687310645662308, 25.209190173055621 ], [ 88.612988900736582, 25.204098985658646 ], [ 88.563863764958214, 25.175177527334249 ], [ 88.557614438851516, 25.19261097273214 ], [ 88.533977460445939, 25.187520212273235 ], [ 88.53777768893228, 25.197817623329435 ], [ 88.497148149866206, 25.210524891743585 ], [ 88.44368775261151, 25.197296900902511 ], [ 88.461321743622534, 25.149259083220965 ], [ 88.441419534366887, 25.12750809209685 ], [ 88.452869755625699, 25.079304933301533 ], [ 88.435696573405949, 25.049380983400763 ], [ 88.452543765992232, 25.036636846684967 ], [ 88.43636031880645, 25.006371478358691 ], [ 88.412002269908868, 24.99815469570709 ], [ 88.417205344373812, 24.974162287783436 ], [ 88.395247472642794, 24.969078786387215 ], [ 88.398838036138486, 24.945320221921683 ], [ 88.364040256590656, 24.953286185642455 ], [ 88.340904397976445, 24.940631463966813 ], [ 88.32427466685921, 24.916683034640556 ], [ 88.347007621187046, 24.892433360682311 ], [ 88.330619022146564, 24.870139789868052 ], [ 88.321058885889954, 24.883468500908588 ], [ 88.301709449554494, 24.87204376873207 ], [ 88.27608381580724, 24.897795375601433 ], [ 88.25826625316958, 24.877550193085913 ], [ 88.260518688912995, 24.919181998138242 ], [ 88.224837921136412, 24.960014314389589 ], [ 88.138044352183243, 24.936160964371386 ], [ 88.175019135940062, 24.860151240320299 ], [ 88.131912376595352, 24.836012375334523 ], [ 88.136284077332874, 24.805275112187719 ], [ 88.123544984745436, 24.823109429743941 ], [ 88.106097990637224, 24.779567254188635 ], [ 88.068306920358154, 24.769150160125861 ], [ 88.062845570367514, 24.721596494294673 ], [ 88.008800077012083, 24.667893990843854 ], [ 88.140755349133102, 24.51124047886011 ], [ 88.198401390758605, 24.462495466667889 ], [ 88.271923153584495, 24.440580501275605 ], [ 88.335654636269524, 24.380517076599073 ], [ 88.44643242470643, 24.37858059607753 ], [ 88.527119169103059, 24.344378716783005 ], [ 88.555134887444694, 24.293341348654231 ], [ 88.567688189566738, 24.326653649172556 ], [ 88.628488385936393, 24.305093365953681 ], [ 88.696587579042472, 24.315353360136111 ], [ 88.73543909434477, 24.27649549723629 ], [ 88.731577204598992, 24.171585789166166 ], [ 88.746490695382775, 24.147064667265326 ], [ 88.693190252147545, 24.11115289923875 ], [ 88.741631310955597, 24.057122441666948 ], [ 88.725530199755511, 24.041020120858601 ], [ 88.757555692996576, 24.031405999791641 ], [ 88.729045508684891, 23.996113571625298 ], [ 88.759463725439844, 24.006299337085608 ], [ 88.768711333317512, 23.981462458684561 ], [ 88.738759262244983, 23.98343484340182 ], [ 88.733403510114314, 23.910975074160358 ], [ 88.700916200172188, 23.912286920646519 ], [ 88.704338634979294, 23.899174941056266 ], [ 88.664282818444164, 23.882422347319508 ], [ 88.667585910269153, 23.869445008940296 ], [ 88.626736939728616, 23.864903790103053 ], [ 88.616439048570214, 23.876512051859493 ], [ 88.608480910299122, 23.862524816752813 ], [ 88.575640577721714, 23.861551709598864 ], [ 88.602134170883005, 23.81780230020896 ], [ 88.578126792831256, 23.786576074808231 ], [ 88.556518287592354, 23.78442636033633 ], [ 88.58071883217626, 23.76465730372767 ], [ 88.564728723100885, 23.713067460236392 ], [ 88.573820595447657, 23.666940880780057 ], [ 88.558538730718695, 23.649317573969821 ], [ 88.562170252001422, 23.637088266325748 ], [ 88.59376491413056, 23.640810242792426 ], [ 88.580465560266731, 23.603091601706065 ], [ 88.645178798251081, 23.609376931274941 ], [ 88.63876319398527, 23.590735066127131 ], [ 88.660137353919382, 23.549116128676999 ], [ 88.725134782927014, 23.511832882840359 ], [ 88.743987902762939, 23.480942234249351 ], [ 88.800786957043044, 23.497124098717169 ], [ 88.793325231391208, 23.444143092385787 ], [ 88.764974920250651, 23.448538076150403 ], [ 88.74926152731706, 23.400553925664301 ], [ 88.765434506434843, 23.36788389432915 ], [ 88.732032050373419, 23.351986590628638 ], [ 88.745298472897233, 23.307820191611466 ], [ 88.730416993578615, 23.319582537218789 ], [ 88.724644251577899, 23.29830358529788 ], [ 88.70985223098684, 23.312890265343945 ], [ 88.696278570262805, 23.301747645610224 ], [ 88.724421908663615, 23.27152936861501 ], [ 88.719044288844003, 23.254733065122547 ], [ 88.769537610004065, 23.244844200195789 ], [ 88.78980100308938, 23.218340436625954 ], [ 88.811438973069613, 23.221547792836752 ], [ 88.811003489582802, 23.25604936295867 ], [ 88.828798926714981, 23.244868607156011 ], [ 88.823274320057024, 23.233686180282298 ], [ 88.906851038147451, 23.235964972030676 ], [ 88.913966701310798, 23.214171242362589 ], [ 88.940483619228445, 23.20674412825969 ], [ 88.97593103164364, 23.224432668783081 ], [ 88.995606444137835, 23.214920526220261 ], [ 88.980394667763989, 23.213568494041276 ], [ 88.979111229446204, 23.182526168900555 ], [ 88.962307525201126, 23.193144687700649 ], [ 88.939094051248063, 23.176803859225679 ], [ 88.930843600285201, 23.143192577679933 ], [ 88.869424037086731, 23.100678793610602 ], [ 88.861007119318572, 23.07730534893782 ], [ 88.884117214250438, 23.04043268610733 ], [ 88.879326246413626, 23.005081580857993 ], [ 88.845086289216212, 23.009858277239285 ], [ 88.870967466712358, 22.978633050312872 ], [ 88.85704887807205, 22.968883476328131 ], [ 88.859636065616186, 22.943007590949545 ], [ 88.894264375290703, 22.951998936705564 ], [ 88.886848504142549, 22.934038118366477 ], [ 88.908393702408446, 22.918884847155752 ], [ 88.895713158418005, 22.913564773847103 ], [ 88.909429701577864, 22.879856068193426 ], [ 88.945374819288006, 22.880674606933553 ], [ 88.968462570423824, 22.845043219012101 ], [ 88.958254321249314, 22.796582893396401 ], [ 88.91100487227574, 22.7577305309647 ], [ 88.927970309204539, 22.718084765283724 ], [ 88.962366413361252, 22.694972385241101 ], [ 88.927169596774348, 22.649230781386905 ], [ 88.93494582709873, 22.621196985048613 ], [ 88.960081401112404, 22.616633177985786 ], [ 88.938938910401845, 22.592205311283671 ], [ 88.940697394011536, 22.561348341693854 ], [ 88.961864626121638, 22.548733385118798 ], [ 88.996161906613978, 22.468108420828223 ], [ 89.0000701593099, 22.42983951480316 ], [ 88.971906809139512, 22.409885843099357 ], [ 88.994167108592379, 22.387856152276488 ], [ 88.984479689144862, 22.326697168286817 ], [ 89.024545642269672, 22.297164357407091 ], [ 88.995097313170788, 22.286264582744433 ], [ 89.020466090730551, 22.268503365393443 ], [ 89.013880900708756, 22.253963189951389 ], [ 89.034199713558905, 22.25825832077896 ], [ 89.03788788889166, 22.232427313604237 ], [ 89.071613853439715, 22.196887912847259 ], [ 89.071069158170545, 22.147275575622253 ], [ 89.098165609820711, 22.154712081668375 ], [ 89.038275843415107, 22.096862197214207 ], [ 89.077226506673625, 22.006388189193689 ], [ 89.072743323212748, 21.94444026332453 ], [ 89.066284175808462, 21.930800836390762 ], [ 89.027822293082551, 21.928889464635013 ], [ 88.996398946864645, 21.953397548365952 ], [ 89.014098059445558, 21.976722651257155 ], [ 89.011816644051081, 21.984261984367855 ], [ 89.001540694243474, 21.986670263168975 ], [ 89.027174472117082, 21.997511438918693 ], [ 89.030382632677799, 22.001048267176404 ], [ 89.013742534103869, 21.996527647686946 ], [ 89.000322645193549, 21.987667921837609 ], [ 88.989379000093138, 21.974264994328653 ], [ 88.989023062424735, 21.983406156040495 ], [ 88.964399324205417, 22.006087391857953 ], [ 88.935650956087727, 22.011805584370656 ], [ 88.917806019986742, 21.980930739971868 ], [ 88.915106482844976, 22.008462811328119 ], [ 88.902468345624115, 22.003853085961474 ], [ 88.904361509152807, 21.927890704918024 ], [ 88.85824089843662, 21.920363808729785 ], [ 88.805749024297043, 21.938068563205885 ], [ 88.799044579328083, 21.922103126195918 ], [ 88.839800968597075, 21.886360104120516 ], [ 88.820066556551694, 21.837758407615922 ], [ 88.83083257238107, 21.808069531311727 ], [ 88.821476236014647, 21.781442506075162 ], [ 88.86469530004122, 21.761442543654283 ], [ 88.841164527655053, 21.716880046726597 ], [ 88.861548698332001, 21.640940769398178 ], [ 88.845587954284952, 21.61910268889849 ], [ 88.804494775836119, 21.637163418068116 ], [ 88.822442689411403, 21.667024860678186 ], [ 88.814594495049604, 21.71072785221288 ], [ 88.762708871437411, 21.701971876773921 ], [ 88.793834489919035, 21.737005474264656 ], [ 88.790491581167416, 21.750034473625281 ], [ 88.777041738832239, 21.732441263356129 ], [ 88.755869360273891, 21.735315814051312 ], [ 88.767208532695591, 21.763307961108072 ], [ 88.750132785344817, 21.770489608063386 ], [ 88.765679710574773, 21.786360687093882 ], [ 88.781147075613291, 21.825167384630447 ], [ 88.745526238042601, 21.773242414047079 ], [ 88.759766315756764, 21.761796474667811 ], [ 88.75235209301718, 21.733299078278222 ], [ 88.777573273782494, 21.721283497887701 ], [ 88.756548550409065, 21.70297269902921 ], [ 88.768703287107527, 21.69368786282708 ], [ 88.809932606135973, 21.704483912784593 ], [ 88.807942328436894, 21.662676942358097 ], [ 88.744790426196744, 21.660831901694813 ], [ 88.711408032210556, 21.689581087411206 ], [ 88.693759745410119, 21.745307856954824 ], [ 88.711276595209782, 21.78698238620326 ], [ 88.696043211658377, 21.84258665336748 ], [ 88.725494294991918, 21.979543106997159 ], [ 88.751464655432841, 22.006230924035201 ], [ 88.71019916214621, 21.995954095184626 ], [ 88.678620163042368, 21.94309488901585 ], [ 88.630717532856053, 21.954360311797025 ], [ 88.634875865747304, 22.01077253488803 ], [ 88.6128382146359, 22.006402625257614 ], [ 88.60208822205621, 21.996723142269175 ], [ 88.599101680367681, 21.991611082205011 ], [ 88.596593855385663, 21.990730142042089 ], [ 88.594822233914911, 21.988684278664724 ], [ 88.579746639443172, 21.998957926990883 ], [ 88.571437315591538, 21.999980359755074 ], [ 88.584105120572957, 21.989979005308982 ], [ 88.574098952811482, 21.977895889219749 ], [ 88.574937336991411, 21.962078282124835 ], [ 88.55398400722521, 21.976362006925225 ], [ 88.544041975581735, 21.973015837784065 ], [ 88.54092312822155, 21.966719605246031 ], [ 88.548834361858397, 21.920272218798797 ], [ 88.568556882904375, 21.903247710067827 ], [ 88.54103126112723, 21.907421586659929 ], [ 88.53876465086698, 21.863235624236367 ], [ 88.52850736355937, 21.873064733908635 ], [ 88.52001074456426, 21.875163721349949 ], [ 88.53750611474716, 21.856714450318488 ], [ 88.449589613061278, 21.905664859851587 ], [ 88.438755531882805, 21.906012504908634 ], [ 88.431098612201211, 21.901201572822874 ], [ 88.42285912337978, 21.903895379347372 ], [ 88.418048910036319, 21.902605217053768 ], [ 88.434310637314283, 21.898969830213261 ], [ 88.450663536407021, 21.904919330356986 ], [ 88.483035288867626, 21.872032755332075 ], [ 88.487863014867557, 21.840375352025315 ], [ 88.473290033187155, 21.837534280267167 ], [ 88.447366526176523, 21.812988022684188 ], [ 88.459168165679529, 21.791890093289037 ], [ 88.445161498123923, 21.803027489228267 ], [ 88.430465668235158, 21.800377775032356 ], [ 88.425881773749452, 21.814522124261025 ], [ 88.417423563122654, 21.813156135604327 ], [ 88.379365507252899, 21.787616378749643 ], [ 88.374632477158656, 21.76813144497439 ], [ 88.342694130381645, 21.761133205062851 ], [ 88.338563675806924, 21.75135599438449 ], [ 88.344298316663185, 21.721035903309328 ], [ 88.32725499130764, 21.726485156241608 ], [ 88.32080181770003, 21.708737972172369 ], [ 88.306145953858277, 21.717677991139638 ], [ 88.309482581589464, 21.733854403365065 ], [ 88.299964764965893, 21.781409728596724 ], [ 88.282973864392034, 21.789456429288769 ], [ 88.261631813839443, 21.731561196322293 ], [ 88.301172336964669, 21.682421916588055 ], [ 88.284415810441686, 21.600706414060532 ], [ 88.310161643265545, 21.581003015251895 ], [ 88.284422881979609, 21.55901713425914 ], [ 88.253209911319757, 21.55862667741145 ], [ 88.218462465275636, 21.615931918389599 ], [ 88.237051814591297, 21.64380056786635 ], [ 88.233003412134664, 21.669109128021525 ], [ 88.199754000251602, 21.682696685397282 ], [ 88.220430342584791, 21.701882409741021 ], [ 88.215292199246875, 21.778031249066927 ], [ 88.19978804729918, 21.835969499941687 ], [ 88.194598184357076, 21.845562874184104 ], [ 88.177486171119995, 21.861563215266415 ], [ 88.174344055597317, 21.86898754872464 ], [ 88.163758363984783, 21.883033904050311 ], [ 88.170875014396643, 21.929280478880891 ], [ 88.149696336851477, 21.957660393862454 ], [ 88.214731895749665, 22.038594126700186 ], [ 88.224410302399932, 22.089915969033633 ], [ 88.205119711105468, 22.164760590404814 ], [ 88.168582505706738, 22.197167599168527 ], [ 88.069335939617773, 22.211910243395202 ], [ 88.086131429667901, 22.237856147679945 ], [ 88.084605978924344, 22.256342071659656 ], [ 88.060571293884635, 22.205770532196194 ], [ 87.986490301048278, 22.238258943633728 ], [ 87.955931895006728, 22.269732296345037 ], [ 87.951497861968306, 22.251627785057799 ], [ 88.00674892228281, 22.20262867264681 ], [ 88.034776804711726, 22.208932336408381 ], [ 88.066688302641552, 22.188840152117443 ], [ 88.135886141628305, 22.184778034629911 ], [ 88.190108839351637, 22.116266960777637 ], [ 88.183412592407933, 22.094450828694757 ], [ 88.086265338832362, 22.023377556985501 ], [ 88.055692878648188, 22.020181445587358 ], [ 87.968083931369492, 21.854770635100291 ], [ 87.883266549141808, 21.79334983461073 ], [ 87.805074048996758, 21.703417983726858 ], [ 87.746989039319487, 21.699775576585456 ], [ 87.733137203589621, 21.675463580269263 ], [ 87.673962567117073, 21.652528725085183 ], [ 87.646636468351033, 21.649057153339822 ], [ 87.64393317625138, 21.663105771952875 ], [ 87.631952374053157, 21.647802931784803 ], [ 87.484786955102209, 21.611261208128287 ], [ 87.485425832440697, 21.63263356024558 ], [ 87.478609059710578, 21.637738561415272 ], [ 87.484807911899466, 21.612460112710128 ], [ 87.362477817654892, 21.558091375948766 ], [ 87.248828579683646, 21.556214501344421 ], [ 87.118501885799091, 21.517097099960719 ], [ 86.979279739797903, 21.409763264609335 ], [ 86.892562568966383, 21.318374719613224 ], [ 86.829353122445767, 21.208646982263925 ], [ 86.856286552329749, 21.205603747133793 ], [ 86.841535703324794, 21.175081372001664 ], [ 86.84789739340215, 21.095502877116193 ], [ 86.980415878663621, 20.858244293082329 ], [ 86.967411382418746, 20.791393866190994 ], [ 86.944163497600414, 20.766477947593042 ], [ 86.992108551624341, 20.770497577905729 ], [ 87.000038410930273, 20.697836803839042 ], [ 87.058248066344817, 20.716757009016259 ], [ 86.775250491746647, 20.520752711061906 ], [ 86.733357135365239, 20.461589461815443 ], [ 86.724622852688668, 20.394886395604679 ], [ 86.739487930566852, 20.400568795987162 ], [ 86.747004857692858, 20.378790194093938 ], [ 86.776817950407832, 20.404501097667623 ], [ 86.781216136174848, 20.378494603170815 ], [ 86.797230417117902, 20.375005439701354 ], [ 86.789318666949754, 20.374984320391757 ], [ 86.781854186164978, 20.365863348037724 ], [ 86.778792102449245, 20.356615574866868 ], [ 86.798055650860377, 20.363973115031264 ], [ 86.779510711557407, 20.33635515208524 ], [ 86.523825564264939, 20.173447218801066 ], [ 86.433964534280733, 20.052140721932393 ], [ 86.413871993575967, 19.997102939844577 ], [ 86.377997443921245, 19.966833493361143 ], [ 86.41166452120747, 19.975056005398212 ], [ 86.392159390663608, 19.956935564280244 ], [ 86.309619544006722, 19.941272261878854 ], [ 86.143736985899309, 19.873507607615796 ], [ 85.78108540608774, 19.780649432663562 ], [ 85.346745810609463, 19.584550259188926 ], [ 84.930209807169533, 19.27620655659069 ], [ 84.817804640645377, 19.165598592137073 ], [ 84.766265504424808, 19.078143625312297 ], [ 84.701881696621456, 19.119354594993982 ], [ 84.761463755906277, 19.079122968397655 ], [ 84.719818863650985, 19.015721669662661 ], [ 84.603622881188045, 18.889717085413256 ], [ 84.551118315650157, 18.790039618214937 ], [ 84.368391839315692, 18.593131620254081 ], [ 84.355715917157383, 18.556211588272934 ], [ 84.150652383922264, 18.377267930010522 ], [ 84.126895146252991, 18.343853074791642 ], [ 84.126859351982176, 18.313365503278483 ], [ 83.860722805822263, 18.174445824913683 ], [ 83.810371837990346, 18.156106822328709 ], [ 83.794901563308628, 18.168151320996394 ], [ 83.805263810672329, 18.154038770254292 ], [ 83.612428746057574, 18.04249322199027 ], [ 83.569374207576985, 18.011799412256245 ], [ 83.531803535359614, 17.951216250802716 ], [ 83.458652866577594, 17.901088997023496 ], [ 83.407096374007409, 17.841032983647214 ], [ 83.410869590153169, 17.809358187628661 ], [ 83.351569079946401, 17.752031884615018 ], [ 83.346698357882062, 17.726575406387408 ], [ 83.296237481175083, 17.692397768604632 ], [ 83.294874341630376, 17.674520785791838 ], [ 83.216469989096936, 17.59549707726293 ], [ 83.032549773920763, 17.514395671853837 ], [ 82.974781970150062, 17.46610782314789 ], [ 82.726352103979011, 17.354882899004956 ], [ 82.561936541443004, 17.261570264388538 ], [ 82.443092580643977, 17.1748086688124 ], [ 82.319055329830093, 17.057398878219733 ], [ 82.286760384224607, 17.012533573887328 ], [ 82.271145260694922, 16.941296092652433 ], [ 82.241444283117332, 16.908036596828083 ], [ 82.248266814325348, 16.87646511835257 ], [ 82.260078053225484, 16.884218259897047 ], [ 82.31422884081033, 16.845879807109171 ], [ 82.361571128871901, 16.854447140384757 ], [ 82.357714838325265, 16.950026763197531 ], [ 82.325812632568741, 16.987646949341215 ], [ 82.355645717290344, 16.96779431960546 ], [ 82.36636497940242, 16.911358526785939 ], [ 82.365315990594041, 16.876976004577298 ], [ 82.357363567404789, 16.806646730577029 ], [ 82.33342308329901, 16.716808998691196 ], [ 82.344890053646267, 16.704471909058249 ], [ 82.331372479237004, 16.687014569426655 ], [ 82.354095809014879, 16.70582535283889 ], [ 82.346449335841697, 16.715637895887081 ], [ 82.365234103765985, 16.707070983037529 ], [ 82.316851805557292, 16.660741491327059 ], [ 82.329029852639067, 16.615036182168865 ], [ 82.318874297740805, 16.576826301608101 ], [ 82.312260596988523, 16.667080587396999 ], [ 82.312228293570911, 16.627305260282576 ], [ 82.306801160409449, 16.637572461064849 ], [ 82.284259143893621, 16.626027164599172 ], [ 82.298404894909694, 16.585684116181227 ], [ 82.263138477752875, 16.562756606046026 ], [ 82.296903822646343, 16.567624540181864 ], [ 82.281240646435478, 16.558743131709178 ], [ 82.292031350663791, 16.555735213334593 ], [ 82.299991084342864, 16.571397415829143 ], [ 82.300607870311865, 16.562934951964834 ], [ 82.310326543046457, 16.567786414587374 ], [ 82.31343646384768, 16.564820107344165 ], [ 82.312588691374685, 16.559820893875163 ], [ 82.289643514552566, 16.55406836782478 ], [ 82.244573546443235, 16.550032059617475 ], [ 82.232322923571331, 16.544897448994085 ], [ 81.957731890301474, 16.392374455669273 ], [ 81.878150961239811, 16.382631288958489 ], [ 81.719530828555335, 16.306591446983614 ], [ 81.690639904090247, 16.327471792365344 ], [ 81.486022758092858, 16.354777652708542 ], [ 81.39379109473515, 16.34247315181165 ], [ 81.303012028751382, 16.302095276307206 ], [ 81.265055658578575, 16.278138211234907 ], [ 81.213763665960641, 16.207218328814051 ], [ 81.191365327787921, 16.102823685066372 ], [ 81.145541136860984, 16.012945119425453 ], [ 81.147490853828387, 15.972857332317238 ], [ 81.004771416407479, 15.837804229893317 ], [ 81.020504522869956, 15.79405260992178 ], [ 81.008237333267573, 15.797406769923635 ], [ 81.012215987830601, 15.76624828984925 ], [ 80.998451330005807, 15.769691432588882 ], [ 81.008998261110435, 15.753619197014928 ], [ 80.937219266766704, 15.714404116628421 ], [ 80.932000614616385, 15.723682207140055 ], [ 80.850668534892705, 15.705963236932119 ], [ 80.831837375272201, 15.705496204061962 ], [ 80.816263768281658, 15.712865160605691 ], [ 80.788429645273013, 15.757228854260493 ], [ 80.787715977797248, 15.7642628619625 ], [ 80.79092467465216, 15.770662785673284 ], [ 80.799336431599031, 15.776869971984402 ], [ 80.791217248753696, 15.753633850659554 ], [ 80.821872415029432, 15.710572671187327 ], [ 80.779629014826213, 15.835295984842602 ], [ 80.80091240359414, 15.805791357687221 ], [ 80.814963618604651, 15.811338418922874 ], [ 80.806498058860498, 15.841052493020879 ], [ 80.779221394384564, 15.864297118363821 ], [ 80.680607013185266, 15.885399672773755 ], [ 80.464029599578765, 15.821199768596678 ], [ 80.306349552042448, 15.713556777313562 ], [ 80.243384873978897, 15.630256540226057 ], [ 80.237211842687572, 15.600669928884946 ], [ 80.226922202555045, 15.603908772708538 ], [ 80.220933982565427, 15.601209902111938 ], [ 80.235064647274655, 15.590590498122001 ], [ 80.224854113684344, 15.53369468886433 ], [ 80.201961099335819, 15.506857382836946 ], [ 80.204962614143525, 15.47389098920373 ], [ 80.11024914101435, 15.345474660175602 ], [ 80.083319961059971, 15.26995938860771 ], [ 80.087646396588667, 15.205589840193895 ], [ 80.047039494169425, 15.082709262166459 ], [ 80.097542094028071, 14.780194183191604 ], [ 80.141689196794871, 14.704284131612249 ], [ 80.171178922058687, 14.611659799143601 ], [ 80.195513240161432, 14.58582695374337 ], [ 80.171649791082842, 14.373419380858412 ], [ 80.130195912097989, 14.230808434914703 ], [ 80.126413156742231, 14.164324223053809 ], [ 80.149778179178682, 14.03176943763247 ], [ 80.253089049701387, 13.785916683600437 ], [ 80.233649623734038, 13.658447694435765 ], [ 80.268539317105123, 13.564537465327678 ], [ 80.241814011601122, 13.470646954258143 ], [ 80.268748861721519, 13.564628197689208 ], [ 80.326018497564903, 13.441682190755802 ], [ 80.34536080936185, 13.281302858166319 ], [ 80.298520590610906, 13.137736498805463 ], [ 80.294888419846217, 13.09307751600892 ], [ 80.310629893217268, 13.107775436039345 ], [ 80.28567494615271, 13.06043841318599 ], [ 80.259229723676185, 12.933527834562497 ], [ 80.255021619626632, 12.782136507091664 ], [ 80.157353069200127, 12.469033587145132 ], [ 79.873649410703777, 12.042032014252126 ], [ 79.856797393266106, 12.006055012208179 ], [ 79.840635940431767, 11.955785648928845 ], [ 79.807821455080003, 11.836580461751671 ], [ 79.806111537627871, 11.841051026096855 ], [ 79.799747167725528, 11.828270004509125 ], [ 79.801602185704382, 11.815020551602739 ], [ 79.795864390863173, 11.785720614041095 ], [ 79.757035376562101, 11.556148514015247 ], [ 79.842562525780565, 11.350471236240951 ], [ 79.853816447183476, 10.983221369593906 ], [ 79.851240033437307, 10.986680515381853 ], [ 79.850736141142235, 10.827828352925467 ], [ 79.831069819598724, 10.827382741267636 ], [ 79.852496606435452, 10.827209230614534 ], [ 79.853297344018458, 10.679417215286664 ], [ 79.841472388742275, 10.676088843420583 ], [ 79.853336230290466, 10.676480180230861 ], [ 79.880443527301068, 10.304685315298915 ], [ 79.861510257978864, 10.282841806575178 ], [ 79.817222548208818, 10.275955659363687 ], [ 79.814449499232424, 10.287532051082362 ], [ 79.813927187285202, 10.275615935100198 ], [ 79.780092514909654, 10.272469795681721 ], [ 79.782669077180628, 10.294272800073344 ], [ 79.748722501670173, 10.31437650559654 ], [ 79.777710658883279, 10.284082067346851 ], [ 79.76575160579641, 10.271868224832703 ], [ 79.530742518766147, 10.309166178754468 ], [ 79.544130415075969, 10.324885319017062 ], [ 79.512924338985911, 10.313138092693944 ], [ 79.39590003976241, 10.318635155088277 ], [ 79.298461411336191, 10.263298499867586 ], [ 79.225672576764126, 10.1458274250661 ], [ 79.229450421030222, 10.083641694267484 ], [ 79.266111757431588, 10.039233636168422 ], [ 79.138870800802493, 9.920861248842096 ], [ 79.14701344404979, 9.911435637205715 ], [ 79.114648606820239, 9.889867770298848 ], [ 79.119313968620759, 9.852776661947276 ], [ 79.084955134666842, 9.834650471590093 ], [ 79.093903476892478, 9.829362546429289 ], [ 79.059069257185143, 9.772957778962384 ], [ 78.998793536804243, 9.717947768934925 ], [ 78.959814829939162, 9.630934333693112 ], [ 78.934774814213839, 9.608331234596712 ], [ 78.915226351635596, 9.499031153167859 ], [ 78.898441158973611, 9.490338981379951 ], [ 78.93767979606109, 9.406797427570496 ], [ 79.070818884233191, 9.295144007367174 ], [ 79.210003496825195, 9.283180163248939 ], [ 79.265928446316408, 9.292744173886438 ], [ 79.309915389349527, 9.327646842672413 ], [ 79.329774478573214, 9.31976177482545 ], [ 79.314717150444466, 9.281188349797173 ], [ 79.324003782036414, 9.263577299270189 ], [ 79.423247457346747, 9.178508712948894 ], [ 79.435842971303998, 9.164171889171916 ], [ 79.435496290774594, 9.157793143974173 ], [ 79.310866193195693, 9.241477450713068 ], [ 79.220436323922428, 9.257422733717407 ], [ 79.209198060154947, 9.28240316589798 ], [ 79.081021464139994, 9.261248289059935 ], [ 78.978470512652066, 9.274824788638366 ], [ 78.861099010079684, 9.255401916404663 ], [ 78.73260279528327, 9.211889351241084 ], [ 78.717255199028315, 9.189542662894931 ], [ 78.66137212719903, 9.192661520907913 ], [ 78.642208434616578, 9.1746788644289 ], [ 78.657648198917968, 9.158123156987127 ], [ 78.57757198013114, 9.130845846745613 ], [ 78.530902734134969, 9.138077814000983 ], [ 78.40870470571187, 9.111348230684492 ], [ 78.21504443340578, 8.96603792641878 ], [ 78.186641952605086, 8.923590913969869 ], [ 78.158080825731972, 8.796964934011845 ], [ 78.187055545046732, 8.764139952437334 ], [ 78.199134489088053, 8.787475299216347 ], [ 78.196197075364097, 8.753196528966122 ], [ 78.160785011655349, 8.737602392174503 ], [ 78.125638634573292, 8.66508837611746 ], [ 78.137972621103572, 8.58596380075692 ], [ 78.121900069142981, 8.515695111394582 ], [ 78.130471374969119, 8.496615165010235 ], [ 78.06318171844427, 8.416506793598149 ], [ 78.056896389657609, 8.379411279050073 ], [ 78.067565854560257, 8.373739440982318 ], [ 77.802924536224481, 8.240165763079467 ], [ 77.78131024673344, 8.201040721126491 ], [ 77.745606119166254, 8.177367792567697 ], [ 77.569682521596377, 8.12919731899659 ], [ 77.551418321989345, 8.078165349232043 ], [ 77.316059944823792, 8.121900485354384 ], [ 77.096070822294678, 8.293168044026586 ], [ 76.975343367432728, 8.386238662117629 ], [ 76.631433187578466, 8.836529686376142 ], [ 76.546730547162042, 8.903905088362885 ], [ 76.499131697560429, 9.058222517975379 ], [ 76.330247607577363, 9.441248479939388 ], [ 76.240024068748468, 9.967967476239725 ], [ 76.101790991231269, 10.373572520256923 ], [ 76.030534775958699, 10.526158575076874 ], [ 76.038284367641623, 10.549017464431769 ], [ 76.026805644635502, 10.574784609349484 ], [ 76.009499994149039, 10.566846468810262 ], [ 75.910101001922683, 10.786134818190245 ], [ 75.846701991114173, 11.062867829580986 ], [ 75.731848135703146, 11.355813175133136 ], [ 75.681605194775713, 11.449621276277549 ], [ 75.61678020906497, 11.476408938419725 ], [ 75.536226103614993, 11.693542204571225 ], [ 75.535869503072675, 11.703969383518585 ], [ 75.530036710409092, 11.703569904113863 ], [ 75.453696769941857, 11.770275044211541 ], [ 75.385758515408838, 11.856338021921463 ], [ 75.355682351062953, 11.859804394421872 ], [ 75.250332867190636, 12.008188888757459 ], [ 75.229109691597884, 12.022605802157809 ], [ 75.201056338337438, 12.006088967343906 ], [ 75.057115307114472, 12.353589683129801 ], [ 74.973813708859552, 12.500389615090457 ], [ 74.864585107350976, 12.760191657919453 ], [ 74.866208033905906, 12.760560279722501 ], [ 74.864189059905129, 12.761376633617003 ], [ 74.824427378743465, 12.849057475989754 ], [ 74.716365529787112, 13.312579386959557 ], [ 74.693590333081374, 13.344037271203893 ], [ 74.695429877069046, 13.455179415123361 ], [ 74.668511334065968, 13.640168011837293 ], [ 74.644822406087513, 13.684787096293327 ], [ 74.610073352059004, 13.86500479806859 ], [ 74.56920873286623, 13.946779048818547 ], [ 74.513982081574653, 13.986858475297092 ], [ 74.468927088381108, 14.188676636368397 ], [ 74.441655441894341, 14.224565860587314 ], [ 74.397669410651233, 14.408179078083057 ], [ 74.355734620375671, 14.520860608846181 ], [ 74.310988731183173, 14.522162758160714 ], [ 74.314493803809896, 14.546268973596616 ], [ 74.270994143817774, 14.626755931664361 ], [ 74.28643915607708, 14.634214521184736 ], [ 74.28400599995976, 14.663648147064396 ], [ 74.262798110099894, 14.719808399988304 ], [ 74.234239229014975, 14.74842655574801 ], [ 74.203807957942317, 14.736389374252685 ], [ 74.204032639171274, 14.719276904932384 ], [ 74.092773269300466, 14.804001945743419 ], [ 74.113336414026406, 14.796787522236913 ], [ 74.126182832832399, 14.816926814296604 ], [ 74.085356758551825, 14.899844203629003 ], [ 74.08780162477575, 14.902815428472589 ], [ 74.084097279201004, 14.900526282593946 ], [ 74.044544789617873, 14.916066904188407 ], [ 74.050056910591721, 14.95725824623303 ], [ 74.021039913864726, 15.017168400331258 ], [ 73.992261354268649, 15.016898265091911 ], [ 73.980977374337996, 15.053394636775852 ], [ 73.913219725194551, 15.083357250307881 ], [ 73.941092136197213, 15.117386877027643 ], [ 73.936341264663128, 15.131262502600769 ], [ 73.954923567593738, 15.136861575757678 ] ] ], [ [ [ 92.571238473745112, 10.81056274166759 ], [ 92.586704414953886, 10.789880149929566 ], [ 92.583362432365305, 10.744184977184458 ], [ 92.599379657087553, 10.705774901568086 ], [ 92.597416607324718, 10.677787503069135 ], [ 92.578412691793616, 10.675023127169288 ], [ 92.581385776719188, 10.658505135749538 ], [ 92.538843512410821, 10.617521267287247 ], [ 92.542093926129198, 10.595090655572918 ], [ 92.569891930575253, 10.578790666325292 ], [ 92.532270020250664, 10.51788393760207 ], [ 92.513264337733403, 10.510839199995802 ], [ 92.430752890415945, 10.549609069050172 ], [ 92.387101764585466, 10.53176268356601 ], [ 92.419158600046799, 10.615034086777346 ], [ 92.401122665048419, 10.659493622185364 ], [ 92.381362289894682, 10.670280165414896 ], [ 92.373073267968479, 10.78274327242616 ], [ 92.386390759716193, 10.79393604134896 ], [ 92.395278585136069, 10.785103322797983 ], [ 92.396083216017516, 10.7808904559475 ], [ 92.392873724153574, 10.777979358075461 ], [ 92.392878246272701, 10.771248621375454 ], [ 92.395497679742277, 10.761335544627959 ], [ 92.398130861927271, 10.761968384578488 ], [ 92.395630704964489, 10.786310254254742 ], [ 92.416890709687252, 10.795715943698809 ], [ 92.424771733879396, 10.825865542263376 ], [ 92.458328443251517, 10.843412228632538 ], [ 92.454506047038862, 10.866864320990384 ], [ 92.496534360020362, 10.897052516157849 ], [ 92.511476481908886, 10.878151791971323 ], [ 92.510043296229853, 10.870841961184453 ], [ 92.505592653341822, 10.873245088216365 ], [ 92.500520937724218, 10.873347039107923 ], [ 92.497229140417318, 10.871293441702212 ], [ 92.497463117412849, 10.86953065328869 ], [ 92.500079654713957, 10.867904419599745 ], [ 92.499616009042967, 10.872157759844161 ], [ 92.510450677719632, 10.869861271194404 ], [ 92.513485163393213, 10.875594054692556 ], [ 92.503743997742234, 10.898440275669575 ], [ 92.527974849687169, 10.88419659337592 ], [ 92.528913196595312, 10.867688771042703 ], [ 92.538673426293258, 10.863275449397081 ], [ 92.533772190255306, 10.889966167765662 ], [ 92.562476319040215, 10.862173783025161 ], [ 92.567429843315864, 10.810268209959743 ], [ 92.561473155989404, 10.805552387899784 ], [ 92.558500387270811, 10.809787288679686 ], [ 92.552849283447756, 10.808787050668247 ], [ 92.550435717790165, 10.806594121108176 ], [ 92.558761088247721, 10.80916806558316 ], [ 92.564122402746619, 10.796101031661498 ], [ 92.575827898259718, 10.789200619875128 ], [ 92.561446182276356, 10.80352733566829 ], [ 92.571238473745112, 10.81056274166759 ] ] ], [ [ [ 92.215016013352781, 10.972262435687563 ], [ 92.208192223605025, 10.979831760952322 ], [ 92.225483308807497, 10.984826244408772 ], [ 92.215016013352781, 10.972262435687563 ] ] ], [ [ [ 92.554682316446261, 11.397052851403727 ], [ 92.562659005826305, 11.39680600542798 ], [ 92.559036287135001, 11.390987416100964 ], [ 92.554682316446261, 11.397052851403727 ] ] ], [ [ [ 92.549958193148072, 11.398642918643898 ], [ 92.54744038159501, 11.390686283359235 ], [ 92.540640869716114, 11.391950149307963 ], [ 92.549958193148072, 11.398642918643898 ] ] ], [ [ [ 92.255213642430235, 11.514922624069387 ], [ 92.257491589429392, 11.515099809970112 ], [ 92.257281109666764, 11.514417160302163 ], [ 92.255213642430235, 11.514922624069387 ] ] ], [ [ [ 92.266488478409599, 11.51692498795898 ], [ 92.270695406564428, 11.519286113259804 ], [ 92.26968836458822, 11.515606156263871 ], [ 92.266488478409599, 11.51692498795898 ] ] ], [ [ [ 92.55224521672487, 11.540357519943067 ], [ 92.558488424406178, 11.541480054145985 ], [ 92.560135027338788, 11.516726775418011 ], [ 92.55224521672487, 11.540357519943067 ] ] ], [ [ [ 92.585226965687554, 11.540883630323727 ], [ 92.581941099058156, 11.535363766657699 ], [ 92.583278654583594, 11.541932052918757 ], [ 92.585226965687554, 11.540883630323727 ] ] ], [ [ [ 92.269309614203181, 11.585210730845915 ], [ 92.272995308389142, 11.535302612395556 ], [ 92.2601217209357, 11.517247979661654 ], [ 92.210960263575416, 11.530256421854832 ], [ 92.202830767172301, 11.587441424587192 ], [ 92.269309614203181, 11.585210730845915 ] ] ], [ [ [ 92.543412467015045, 11.5544225454264 ], [ 92.543293452816314, 11.553726377776712 ], [ 92.540501596711124, 11.553888367810893 ], [ 92.543412467015045, 11.5544225454264 ] ] ], [ [ [ 92.539382958823779, 11.554303856295302 ], [ 92.538401701191162, 11.555112766212813 ], [ 92.541412737242524, 11.557785162932591 ], [ 92.539382958823779, 11.554303856295302 ] ] ], [ [ [ 92.57442793587316, 11.56230855487089 ], [ 92.571704752378153, 11.562674240068809 ], [ 92.573019658680352, 11.567154125069218 ], [ 92.57442793587316, 11.56230855487089 ] ] ], [ [ [ 92.566921712173723, 11.570104805696518 ], [ 92.565299462568447, 11.567229553289206 ], [ 92.565019058842395, 11.570633347280836 ], [ 92.566921712173723, 11.570104805696518 ] ] ], [ [ [ 92.565747411976446, 11.573707302128835 ], [ 92.52682697612893, 11.553698721103981 ], [ 92.527967693707623, 11.596303544012331 ], [ 92.536184608764273, 11.60834388569633 ], [ 92.569594591809448, 11.593502749300793 ], [ 92.565747411976446, 11.573707302128835 ] ] ], [ [ [ 92.577169734257481, 11.587591390938115 ], [ 92.578302329269391, 11.586303271389127 ], [ 92.576496598767307, 11.582890177938493 ], [ 92.577169734257481, 11.587591390938115 ] ] ], [ [ [ 92.197480450747463, 11.587903912757994 ], [ 92.198965975868177, 11.58822895933274 ], [ 92.19811292758952, 11.587035836991307 ], [ 92.197480450747463, 11.587903912757994 ] ] ], [ [ [ 92.198819496577926, 11.58913310882321 ], [ 92.199998220079678, 11.590656199227938 ], [ 92.202216875575147, 11.589263311198755 ], [ 92.198819496577926, 11.58913310882321 ] ] ], [ [ [ 92.221763654710543, 11.594437723435716 ], [ 92.222528792058839, 11.592873374208317 ], [ 92.220397099771077, 11.593787205243411 ], [ 92.221763654710543, 11.594437723435716 ] ] ], [ [ [ 92.582534265623394, 11.982973711597362 ], [ 92.583811593600629, 11.976790258288746 ], [ 92.58026697444015, 11.977662072563092 ], [ 92.582534265623394, 11.982973711597362 ] ] ], [ [ [ 88.520929468673344, 21.52778767863219 ], [ 88.486404035861767, 21.549171283718962 ], [ 88.498662429160888, 21.600959986660012 ], [ 88.536498998210803, 21.579246115753847 ], [ 88.54516191333127, 21.533217017249708 ], [ 88.520929468673344, 21.52778767863219 ] ] ], [ [ [ 88.905987945805634, 21.547560219585016 ], [ 88.881418454151358, 21.534155467606421 ], [ 88.831082611253862, 21.55125948913188 ], [ 88.829786827389157, 21.603181117707074 ], [ 88.891889236866007, 21.581198157700523 ], [ 88.905987945805634, 21.547560219585016 ] ] ], [ [ [ 88.204054416078051, 21.547286590054039 ], [ 88.196970220899104, 21.5409721518152 ], [ 88.175615126808566, 21.55004290627965 ], [ 88.163943001911676, 21.586104106905587 ], [ 88.166632088951715, 21.602762010022381 ], [ 88.204054416078051, 21.547286590054039 ] ] ], [ [ [ 89.137010738999649, 21.601414584906575 ], [ 89.144527915857338, 21.592653477032187 ], [ 89.135189979682877, 21.596415798287904 ], [ 89.137010738999649, 21.601414584906575 ] ] ], [ [ [ 88.944936681279543, 21.599913366744524 ], [ 88.946868507399742, 21.600702763277408 ], [ 88.948180117783139, 21.596922583886123 ], [ 88.944936681279543, 21.599913366744524 ] ] ], [ [ [ 88.70777969815046, 21.681373384294702 ], [ 88.752418896233294, 21.648011941218073 ], [ 88.768977734104922, 21.655950465278096 ], [ 88.794814285992686, 21.582119736264453 ], [ 88.742026347796724, 21.562188192255658 ], [ 88.715443812439148, 21.572463862321833 ], [ 88.717502154588999, 21.64400576390365 ], [ 88.684426093301255, 21.684306528378734 ], [ 88.692510886840878, 21.720156182063402 ], [ 88.70777969815046, 21.681373384294702 ] ] ], [ [ [ 88.350458938627156, 21.646803727015865 ], [ 88.317847714176409, 21.605219243664791 ], [ 88.306447017937543, 21.614946217139121 ], [ 88.306610851780746, 21.705634832644051 ], [ 88.33961819284761, 21.69529051073393 ], [ 88.350458938627156, 21.646803727015865 ] ] ], [ [ [ 88.627608022584923, 21.660602971338246 ], [ 88.641208225830624, 21.67963145936109 ], [ 88.635052155630206, 21.662937454178397 ], [ 88.627608022584923, 21.660602971338246 ] ] ], [ [ [ 88.368761104631346, 21.726976925630506 ], [ 88.389117911726416, 21.735750568886054 ], [ 88.395828859599746, 21.754637628978465 ], [ 88.402051662049374, 21.736729015082609 ], [ 88.421683178367203, 21.718138409110157 ], [ 88.411051227110804, 21.655829092820962 ], [ 88.431949049077318, 21.620447465608564 ], [ 88.396724576956061, 21.590091709084295 ], [ 88.380976674342548, 21.662466201769167 ], [ 88.404010040572715, 21.715762538387942 ], [ 88.368761104631346, 21.726976925630506 ] ] ], [ [ [ 88.192348218082387, 21.716336954147565 ], [ 88.203535723443096, 21.725842148907532 ], [ 88.207185300863046, 21.709882098615797 ], [ 88.18241627901115, 21.68822609086217 ], [ 88.192348218082387, 21.716336954147565 ] ] ], [ [ [ 88.452795570952901, 21.718538006376065 ], [ 88.471506294341566, 21.673876962143016 ], [ 88.450160902056112, 21.611770274343979 ], [ 88.43239176040889, 21.603752712028669 ], [ 88.441130655934444, 21.622828423847004 ], [ 88.419140625414585, 21.682925880353402 ], [ 88.432488418235152, 21.704380393002683 ], [ 88.383498938844468, 21.777325073775689 ], [ 88.418834896384055, 21.810929632333661 ], [ 88.429991384714626, 21.799271579345362 ], [ 88.45632843475957, 21.78894737368622 ], [ 88.471425000401609, 21.791833869404485 ], [ 88.452795570952901, 21.718538006376065 ] ] ], [ [ [ 88.560069973799159, 21.767917549294722 ], [ 88.573551958753512, 21.722659987687329 ], [ 88.608619770977413, 21.681482723039828 ], [ 88.591007289227576, 21.658341639328963 ], [ 88.607798288599582, 21.625358212052003 ], [ 88.59668859890202, 21.612597634347274 ], [ 88.526219252122786, 21.662866207303335 ], [ 88.506285524577066, 21.758358757407066 ], [ 88.543169524591292, 21.811714315392212 ], [ 88.573271221752506, 21.788492490342055 ], [ 88.560069973799159, 21.767917549294722 ] ] ], [ [ [ 88.387306520041406, 21.750241454058614 ], [ 88.363275887301938, 21.725906413219068 ], [ 88.394136777659241, 21.712404184312163 ], [ 88.35706616342452, 21.686461452225821 ], [ 88.338438847711686, 21.711583352986544 ], [ 88.348531505268724, 21.722540364669872 ], [ 88.344701125728122, 21.757241106021745 ], [ 88.378117978190289, 21.76642448032705 ], [ 88.387306520041406, 21.750241454058614 ] ] ], [ [ [ 88.629875202377079, 21.736141151102853 ], [ 88.610918068411024, 21.704774660160354 ], [ 88.597057238748548, 21.715678033894388 ], [ 88.620276850889937, 21.728039986409012 ], [ 88.621726359856012, 21.740047132669361 ], [ 88.587385843449042, 21.757209834805177 ], [ 88.588826157259845, 21.776593478322823 ], [ 88.618611310572803, 21.783486181613945 ], [ 88.629875202377079, 21.736141151102853 ] ] ], [ [ [ 88.291893159592931, 21.712062783926729 ], [ 88.279758202898734, 21.734923467230171 ], [ 88.289035511774642, 21.778620616603838 ], [ 88.304959468014161, 21.732457183293615 ], [ 88.291893159592931, 21.712062783926729 ] ] ], [ [ [ 88.587822054571234, 21.752906452968681 ], [ 88.619512991844317, 21.734253410388899 ], [ 88.578796167075353, 21.727527391679509 ], [ 88.584584734696406, 21.748431899147171 ], [ 88.568900948437957, 21.769477885887238 ], [ 88.582226938248283, 21.776408928599949 ], [ 88.587822054571234, 21.752906452968681 ] ] ], [ [ [ 88.940132492936726, 21.689041634706861 ], [ 88.92296700568572, 21.632307655587855 ], [ 88.88413263383228, 21.661173727393678 ], [ 88.869648145190553, 21.704167539184258 ], [ 88.877220316011616, 21.766613411118332 ], [ 88.835056511034111, 21.782792208778712 ], [ 88.853154975962809, 21.88888971922842 ], [ 88.819005162907487, 21.929260400911968 ], [ 88.859691406329233, 21.912713243405765 ], [ 88.902586550440773, 21.92102554658489 ], [ 88.911820282042299, 21.930882338178314 ], [ 89.024823902615452, 21.87130980633809 ], [ 89.019459502403535, 21.766152011359079 ], [ 89.055923803228765, 21.732524123281916 ], [ 89.094198934291967, 21.641339263135563 ], [ 89.050494997404286, 21.615566640861058 ], [ 89.024070128057176, 21.658217230696685 ], [ 89.035535759914666, 21.615411807019338 ], [ 88.997975493781524, 21.603225688063663 ], [ 88.997268038155923, 21.621971086982175 ], [ 88.968287975661823, 21.619833498249392 ], [ 88.938723065900334, 21.646142393837835 ], [ 88.951309534720977, 21.693853910231919 ], [ 88.921262422789681, 21.721520800626454 ], [ 88.931708715633036, 21.7444257259891 ], [ 88.92084010231676, 21.762386558815241 ], [ 88.914673076263085, 21.716179027910464 ], [ 88.940132492936726, 21.689041634706861 ] ] ], [ [ [ 88.190162731980479, 21.768677341777398 ], [ 88.193189143596271, 21.779576897311109 ], [ 88.19813461537376, 21.769053470274464 ], [ 88.190162731980479, 21.768677341777398 ] ] ], [ [ [ 88.181524837635578, 21.783825893251635 ], [ 88.176340403212791, 21.793459335087842 ], [ 88.18569014774161, 21.790214015661739 ], [ 88.181524837635578, 21.783825893251635 ] ] ], [ [ [ 88.495447268927506, 21.823246961849353 ], [ 88.485456794734034, 21.798860573845332 ], [ 88.451897641046031, 21.813022123164405 ], [ 88.478345447975599, 21.834949272755964 ], [ 88.495447268927506, 21.823246961849353 ] ] ], [ [ [ 88.192061967222159, 21.831226918203061 ], [ 88.197289859443487, 21.840522373382012 ], [ 88.201792659415247, 21.8179026647706 ], [ 88.192061967222159, 21.831226918203061 ] ] ], [ [ [ 88.573824484254516, 21.855587667225993 ], [ 88.555921095676297, 21.828112611372944 ], [ 88.560051239433932, 21.849084744261418 ], [ 88.554953522978735, 21.877232649170022 ], [ 88.574420399664561, 21.879655854346183 ], [ 88.573824484254516, 21.855587667225993 ] ] ], [ [ [ 88.617027636422449, 21.896046283050385 ], [ 88.636640483952064, 21.921775316929175 ], [ 88.670091750872729, 21.914218069801912 ], [ 88.644564893179165, 21.787937833718065 ], [ 88.586309979742296, 21.801521336596476 ], [ 88.580206681971532, 21.834727531711128 ], [ 88.617027636422449, 21.896046283050385 ] ] ], [ [ [ 88.572067895191736, 21.895662735873685 ], [ 88.57434248428838, 21.881100761320226 ], [ 88.560771367593219, 21.881804848121771 ], [ 88.552975025786296, 21.876676411763057 ], [ 88.551482515365905, 21.816704188309661 ], [ 88.531080126855002, 21.84551666540127 ], [ 88.550337242430402, 21.87878844465039 ], [ 88.541431140786074, 21.902188321791307 ], [ 88.572067895191736, 21.895662735873685 ] ] ], [ [ [ 88.610032804749665, 21.922470818394739 ], [ 88.582573644828841, 21.89143931775553 ], [ 88.549873372180613, 21.922995589637456 ], [ 88.544377216964307, 21.970857595627614 ], [ 88.591752107582465, 21.95086167198243 ], [ 88.610032804749665, 21.922470818394739 ] ] ], [ [ [ 89.0169699204083, 21.92640665722984 ], [ 89.011569071952039, 21.90302041414806 ], [ 88.92882269632311, 21.945107785124261 ], [ 88.943636310616967, 22.000870502633358 ], [ 88.987587795349199, 21.971466605924103 ], [ 89.006536715120291, 21.982628816674552 ], [ 88.98857239471468, 21.951037881091594 ], [ 89.0169699204083, 21.92640665722984 ] ] ], [ [ [ 88.576572102823562, 21.979982861100385 ], [ 88.595258102778971, 21.988300513932259 ], [ 88.599164769948402, 21.991001527783364 ], [ 88.606078967044667, 22.000046538090626 ], [ 88.598607740810394, 21.967579467192937 ], [ 88.615030757902673, 21.937508018604593 ], [ 88.61251937289714, 21.931628525059832 ], [ 88.604223617199565, 21.934693713118225 ], [ 88.591969753206129, 21.951548080330632 ], [ 88.576486905703703, 21.960642837983531 ], [ 88.576572102823562, 21.979982861100385 ] ] ], [ [ [ 92.813842282903309, 9.217550786391158 ], [ 92.826334575044513, 9.137399119926719 ], [ 92.784840688690181, 9.118719305311537 ], [ 92.727315568386743, 9.124898852236493 ], [ 92.714442093222701, 9.154402251209131 ], [ 92.719691586333354, 9.218526242208103 ], [ 92.765909012080968, 9.219008797358807 ], [ 92.771426008211861, 9.258822580195496 ], [ 92.813842282903309, 9.217550786391158 ] ] ], [ [ [ 92.622684216617159, 10.925793974892706 ], [ 92.624536678378632, 10.92328531457577 ], [ 92.622313720851281, 10.923443468610442 ], [ 92.622684216617159, 10.925793974892706 ] ] ], [ [ [ 92.602008940584199, 10.936284678426786 ], [ 92.608805947960079, 10.93944930322658 ], [ 92.60976712734778, 10.927221981197491 ], [ 92.602008940584199, 10.936284678426786 ] ] ], [ [ [ 92.605096236416699, 10.9396886244279 ], [ 92.602781562695441, 10.940655846421247 ], [ 92.603554574675528, 10.941306741210374 ], [ 92.605096236416699, 10.9396886244279 ] ] ], [ [ [ 92.595983913922467, 10.944212643592536 ], [ 92.599300476883442, 10.942029670595478 ], [ 92.598550365654901, 10.941369662072583 ], [ 92.595983913922467, 10.944212643592536 ] ] ], [ [ [ 92.666539737920857, 10.992686490571286 ], [ 92.668139867410588, 10.984730630031272 ], [ 92.660133238978759, 10.980518837300272 ], [ 92.666539737920857, 10.992686490571286 ] ] ], [ [ [ 92.721323861137208, 11.141706859368659 ], [ 92.727780936128084, 11.149050489612071 ], [ 92.733603044146932, 11.14669328668802 ], [ 92.721323861137208, 11.141706859368659 ] ] ], [ [ [ 92.671878782285532, 11.185463654030807 ], [ 92.674319842679054, 11.190327341069629 ], [ 92.679986259184403, 11.181732839635567 ], [ 92.671878782285532, 11.185463654030807 ] ] ], [ [ [ 92.68623475524781, 11.241799745578264 ], [ 92.704706734281714, 11.290236435637269 ], [ 92.705162614017055, 11.26612414057155 ], [ 92.68623475524781, 11.241799745578264 ] ] ], [ [ [ 92.707705006171238, 11.299480016760571 ], [ 92.695506145124327, 11.309844115174453 ], [ 92.721026311267323, 11.333474261230384 ], [ 92.707705006171238, 11.299480016760571 ] ] ], [ [ [ 92.684497965053879, 11.433331004403177 ], [ 92.660997315874155, 11.411930741129684 ], [ 92.636136027161115, 11.416819417721909 ], [ 92.633789649198562, 11.404126176359169 ], [ 92.674795877016066, 11.399768749715681 ], [ 92.690661190335547, 11.37452805399378 ], [ 92.663742865623107, 11.352785119423189 ], [ 92.597653868560911, 11.345024997895825 ], [ 92.579601842040844, 11.367439635220896 ], [ 92.585731702994565, 11.399992093624828 ], [ 92.621789894344474, 11.404451730043093 ], [ 92.610881986921029, 11.473356091966259 ], [ 92.63072152970247, 11.514010468856393 ], [ 92.673950489570203, 11.490651750937129 ], [ 92.684497965053879, 11.433331004403177 ] ] ], [ [ [ 92.603643574364, 11.504821852075525 ], [ 92.615028570746674, 11.511074158974804 ], [ 92.609643317043719, 11.502367588611621 ], [ 92.603643574364, 11.504821852075525 ] ] ], [ [ [ 92.596587326671852, 11.528865211247771 ], [ 92.599808978131492, 11.538182005182529 ], [ 92.603926744002806, 11.518970695568143 ], [ 92.596587326671852, 11.528865211247771 ] ] ], [ [ [ 92.589853545420638, 11.530500887426726 ], [ 92.593442550339304, 11.531916168176053 ], [ 92.593392201564242, 11.531088890584021 ], [ 92.589853545420638, 11.530500887426726 ] ] ], [ [ [ 92.61638463156693, 11.535999565115002 ], [ 92.609499815668698, 11.531474437330973 ], [ 92.601301956574133, 11.554676999433086 ], [ 92.61638463156693, 11.535999565115002 ] ] ], [ [ [ 92.62692318408493, 11.548805862117451 ], [ 92.62844967328094, 11.548480444991114 ], [ 92.626350078696603, 11.542436694407369 ], [ 92.62692318408493, 11.548805862117451 ] ] ], [ [ [ 92.587863698014573, 11.534121425946758 ], [ 92.591484497904403, 11.577996612879065 ], [ 92.595014597594925, 11.533353832614468 ], [ 92.587863698014573, 11.534121425946758 ] ] ], [ [ [ 92.60484516627794, 11.560562814252291 ], [ 92.606234108132554, 11.563039990795541 ], [ 92.607109748142278, 11.56268296699063 ], [ 92.60484516627794, 11.560562814252291 ] ] ], [ [ [ 92.610977752720189, 11.588349824405984 ], [ 92.617983586060276, 11.572456404755005 ], [ 92.599971442043895, 11.567636797736595 ], [ 92.600918983208956, 11.585673098626641 ], [ 92.610977752720189, 11.588349824405984 ] ] ], [ [ [ 92.686036002092862, 11.633990007650649 ], [ 92.685881489169049, 11.640390912777214 ], [ 92.688695944191849, 11.635413354584653 ], [ 92.686036002092862, 11.633990007650649 ] ] ], [ [ [ 92.699910567894349, 11.66340962341941 ], [ 92.700171049682339, 11.659897223050759 ], [ 92.69353507071105, 11.659469527393318 ], [ 92.699910567894349, 11.66340962341941 ] ] ], [ [ [ 92.75811926480651, 11.678188511723535 ], [ 92.764565924730022, 11.682159904892817 ], [ 92.760393251133578, 11.668719408833139 ], [ 92.75811926480651, 11.678188511723535 ] ] ], [ [ [ 92.722119603188915, 11.686705200118933 ], [ 92.721143093152591, 11.687754291049643 ], [ 92.725018639985649, 11.688010615804652 ], [ 92.722119603188915, 11.686705200118933 ] ] ], [ [ [ 92.709831554705673, 12.049771900820511 ], [ 92.70931158197142, 12.046390902023477 ], [ 92.707139575988705, 12.047110282008193 ], [ 92.701291765372929, 12.04141198992586 ], [ 92.725445552646306, 12.048849022032762 ], [ 92.727344362984866, 12.054331371195961 ], [ 92.731036389395257, 12.018543408135448 ], [ 92.748860466615326, 12.019152235320611 ], [ 92.751205591428061, 12.003386164165942 ], [ 92.766220249580812, 12.012135341893952 ], [ 92.770436936134573, 11.997695178381294 ], [ 92.764375895114782, 11.986794568212161 ], [ 92.759597433623384, 11.99487035363263 ], [ 92.73330131531435, 11.998622574282468 ], [ 92.727377046389819, 11.995700224562336 ], [ 92.712755870094441, 11.934189327383139 ], [ 92.723290602975865, 11.882175671436528 ], [ 92.709311057355322, 11.869057896098443 ], [ 92.723540996683198, 11.876624734736689 ], [ 92.724222082263637, 11.856554441430227 ], [ 92.705830358717208, 11.816379606381615 ], [ 92.692019251703982, 11.817969893871878 ], [ 92.697026093686745, 11.820721484995689 ], [ 92.700896739311588, 11.829372240950006 ], [ 92.699960705565303, 11.829630165074951 ], [ 92.691560388663618, 11.817685162860286 ], [ 92.69519781008114, 11.812906315427648 ], [ 92.683117602110215, 11.818640886290142 ], [ 92.673931859409507, 11.821431669965701 ], [ 92.669389084407598, 11.82137812461686 ], [ 92.691917293817554, 11.813671101574158 ], [ 92.680044588592423, 11.80251761860657 ], [ 92.676259381734241, 11.779080560741479 ], [ 92.683256746656141, 11.803877542609285 ], [ 92.697872833995433, 11.812539477976053 ], [ 92.699706397898268, 11.806052424263491 ], [ 92.705825639867015, 11.800318975783643 ], [ 92.717736395930942, 11.826270787835682 ], [ 92.744259608343796, 11.932098336250871 ], [ 92.782684717635235, 11.936947400889704 ], [ 92.788177426015807, 11.885467860020116 ], [ 92.754454378297467, 11.700648571716755 ], [ 92.743406495386452, 11.711536301353958 ], [ 92.744722932417886, 11.690439457043663 ], [ 92.715544291042008, 11.705362776822177 ], [ 92.710949200852909, 11.693249783189055 ], [ 92.696453527287559, 11.718876481667785 ], [ 92.6899670657088, 11.697743994105842 ], [ 92.689029017041335, 11.707264015979378 ], [ 92.685204157648201, 11.709213133940386 ], [ 92.685292049713922, 11.712716390018722 ], [ 92.682223794572195, 11.714095744051781 ], [ 92.687733174786104, 11.696763610901055 ], [ 92.705676729735629, 11.700058947805699 ], [ 92.707722678727791, 11.670508942410118 ], [ 92.662702762949479, 11.652170408925498 ], [ 92.67416683892489, 11.623907454424478 ], [ 92.680451467025662, 11.637236813278875 ], [ 92.694258952929914, 11.620413515238949 ], [ 92.686395877077146, 11.602993881354557 ], [ 92.696983844122286, 11.607489136876122 ], [ 92.694684553152001, 11.65318597726527 ], [ 92.710144935585774, 11.643313799349187 ], [ 92.72820884861369, 11.658224997377509 ], [ 92.714375128309825, 11.678435558131197 ], [ 92.755992156621659, 11.665047111262107 ], [ 92.741899436750046, 11.640219738999324 ], [ 92.754055052899162, 11.615760979571217 ], [ 92.710923853988845, 11.478415409124764 ], [ 92.697194775737515, 11.505376442162552 ], [ 92.667498258295311, 11.501829364844051 ], [ 92.64546293921039, 11.52218262839496 ], [ 92.646562377405161, 11.571893088566194 ], [ 92.63239656790708, 11.580785459985499 ], [ 92.616479120860078, 11.563440773610623 ], [ 92.619280035576651, 11.571496144340955 ], [ 92.619192702263035, 11.580799047616653 ], [ 92.60183758963872, 11.608648215801029 ], [ 92.627014662225264, 11.626441179819377 ], [ 92.635180791027338, 11.615655455421422 ], [ 92.644398578430838, 11.636209005111862 ], [ 92.630390065735654, 11.651881653169404 ], [ 92.630407900887292, 11.628299002862429 ], [ 92.608090375157573, 11.632385016767584 ], [ 92.59728070390031, 11.650031712355545 ], [ 92.591130074795572, 11.736934431052532 ], [ 92.558053054107091, 11.692299553411315 ], [ 92.549287298954525, 11.802219505807274 ], [ 92.540721399189778, 11.785537189067428 ], [ 92.529532884122702, 11.79417646681112 ], [ 92.546905616302979, 11.836179786020791 ], [ 92.53102892492214, 11.833865136278529 ], [ 92.523269803910665, 11.807183764255239 ], [ 92.506004989040392, 11.825773585393588 ], [ 92.520239126195605, 11.898618778237831 ], [ 92.565319104232145, 11.951080324319916 ], [ 92.585623873719442, 11.887619359079075 ], [ 92.600507396705339, 11.898239137082065 ], [ 92.598862452062718, 11.867238956244993 ], [ 92.602709111771162, 11.858058589594426 ], [ 92.605802192754084, 11.858745862042007 ], [ 92.610122520637105, 11.911976900232618 ], [ 92.594893270234337, 11.904756826207027 ], [ 92.592633399135323, 11.918493678824531 ], [ 92.607624475613576, 11.929804627976996 ], [ 92.628159149134873, 12.043004699200695 ], [ 92.622046386714288, 12.101387802693225 ], [ 92.664121020425114, 12.221847750187463 ], [ 92.655646727259736, 12.18010966839628 ], [ 92.673954445750695, 12.2177871042979 ], [ 92.67546491439191, 12.186837175399479 ], [ 92.681287626078642, 12.191961925381785 ], [ 92.687841145096741, 12.23518226525883 ], [ 92.705260940014782, 12.227900256569056 ], [ 92.706268851560196, 12.158257666912048 ], [ 92.730816409050163, 12.181582420266958 ], [ 92.754292375220814, 12.178747464427076 ], [ 92.756563063832502, 12.163164595579842 ], [ 92.72375044877316, 12.072422561265967 ], [ 92.736929687103711, 12.078067737301533 ], [ 92.733599299070491, 12.065344693262144 ], [ 92.738156396811291, 12.0572335926697 ], [ 92.733170545761809, 12.061376101873162 ], [ 92.726450579701336, 12.059118537773973 ], [ 92.724795386179622, 12.054119876596522 ], [ 92.725069322035651, 12.049653772041879 ], [ 92.720340005576773, 12.05231782459337 ], [ 92.71911737871217, 12.049312336593195 ], [ 92.713814210364973, 12.052776568414609 ], [ 92.709831554705673, 12.049771900820511 ] ] ], [ [ [ 92.603713403105971, 11.929519622676237 ], [ 92.603057012212716, 11.92929352107045 ], [ 92.601711561394225, 11.934930165183848 ], [ 92.603713403105971, 11.929519622676237 ] ] ], [ [ [ 92.60189277943482, 11.964144628280568 ], [ 92.607812028573534, 11.940264473831309 ], [ 92.602051118283413, 11.936797077269809 ], [ 92.597470856584707, 11.924967176335198 ], [ 92.5868370817483, 11.977346637912536 ], [ 92.60189277943482, 11.964144628280568 ] ] ], [ [ [ 92.72567727756541, 11.95656012713072 ], [ 92.732156374755505, 11.959934385117121 ], [ 92.730823615335339, 11.944651971062402 ], [ 92.72567727756541, 11.95656012713072 ] ] ], [ [ [ 92.722250592828715, 11.951331440718283 ], [ 92.722412102730246, 11.95362769904027 ], [ 92.724703051046532, 11.953757916111542 ], [ 92.722250592828715, 11.951331440718283 ] ] ], [ [ [ 92.758195433857779, 11.944704156300441 ], [ 92.735187499831596, 11.951362831240393 ], [ 92.748410729559907, 11.968955579820941 ], [ 92.766665599264385, 11.967114393832953 ], [ 92.758195433857779, 11.944704156300441 ] ] ], [ [ [ 92.607796786858117, 11.965776828684332 ], [ 92.606451949588944, 11.959547789583446 ], [ 92.60432610982528, 11.963001117734379 ], [ 92.607796786858117, 11.965776828684332 ] ] ], [ [ [ 92.743536089044284, 11.967537333240289 ], [ 92.74413714371606, 11.966768566113441 ], [ 92.740698089177855, 11.965820835286371 ], [ 92.743536089044284, 11.967537333240289 ] ] ], [ [ [ 92.734059373938223, 11.977020105036562 ], [ 92.737584399045701, 11.996632031349412 ], [ 92.760626386407679, 11.982950961886123 ], [ 92.734059373938223, 11.977020105036562 ] ] ], [ [ [ 92.771977701357088, 12.01893349602013 ], [ 92.776368067289567, 12.01583327035552 ], [ 92.769806414026561, 12.014614177079599 ], [ 92.771977701357088, 12.01893349602013 ] ] ], [ [ [ 92.746651583891847, 12.054870480799675 ], [ 92.782265061565411, 12.048262044319019 ], [ 92.777326646054505, 12.024363050412736 ], [ 92.730221827638317, 12.037411148388772 ], [ 92.729807494984854, 12.046677744791856 ], [ 92.728289961093935, 12.053259674318252 ], [ 92.727486964248001, 12.054873745326752 ], [ 92.725792420025286, 12.055154594654809 ], [ 92.726119171430085, 12.057030396899128 ], [ 92.736616431987741, 12.053798866898147 ], [ 92.738964931770965, 12.057721511735481 ], [ 92.736281726899364, 12.066012648670686 ], [ 92.741180825845248, 12.062982055209273 ], [ 92.743456436326355, 12.05761110492872 ], [ 92.744415618759177, 12.056209465935215 ], [ 92.746651583891847, 12.054870480799675 ] ] ], [ [ [ 92.968135570427393, 12.062532793591814 ], [ 92.96720352969254, 12.065132017018309 ], [ 92.968886851262425, 12.065897994363739 ], [ 92.968135570427393, 12.062532793591814 ] ] ], [ [ [ 92.755827412785067, 12.066054054433407 ], [ 92.747239671382474, 12.055299665617692 ], [ 92.736962820564656, 12.069348264083342 ], [ 92.741543580828349, 12.073333215299492 ], [ 92.755827412785067, 12.066054054433407 ] ] ], [ [ [ 92.961811783865087, 12.065889725329786 ], [ 92.963867119353679, 12.066619518206059 ], [ 92.96471881117624, 12.064689322079408 ], [ 92.961811783865087, 12.065889725329786 ] ] ], [ [ [ 93.00486122620309, 12.102810214400876 ], [ 92.995046837076671, 12.043823774660025 ], [ 92.969874423153172, 12.067095798092199 ], [ 92.957113728778126, 12.070010291355056 ], [ 92.969497965268758, 12.086713553736672 ], [ 92.957459576569235, 12.087275238932733 ], [ 92.95954119586473, 12.098430931955827 ], [ 92.957768907844084, 12.108038746340871 ], [ 93.00486122620309, 12.102810214400876 ] ] ], [ [ [ 92.955877554420709, 12.091386454833208 ], [ 92.956803058115213, 12.091908487862673 ], [ 92.957574694774564, 12.091564866374023 ], [ 92.955877554420709, 12.091386454833208 ] ] ], [ [ [ 92.950799738344017, 12.090857853958706 ], [ 92.950084902160015, 12.079433113907644 ], [ 92.945474899038899, 12.119721871377584 ], [ 92.950799738344017, 12.090857853958706 ] ] ], [ [ [ 92.976152165667258, 12.109799604868339 ], [ 92.977130855016483, 12.111874219864534 ], [ 92.977550755428084, 12.109148507598881 ], [ 92.976152165667258, 12.109799604868339 ] ] ], [ [ [ 92.739388747938875, 12.110507814392836 ], [ 92.738727459430663, 12.110923938071203 ], [ 92.740000774633515, 12.112907737975023 ], [ 92.739388747938875, 12.110507814392836 ] ] ], [ [ [ 92.962834101692707, 12.116798438596232 ], [ 92.962654636265228, 12.114016332799959 ], [ 92.95981158337537, 12.117085314835217 ], [ 92.962834101692707, 12.116798438596232 ] ] ], [ [ [ 92.956036110661586, 12.124485637822172 ], [ 92.956654212662514, 12.127483225419045 ], [ 92.957853027883914, 12.125836981365154 ], [ 92.956036110661586, 12.124485637822172 ] ] ], [ [ [ 92.994818667689444, 12.156140268359987 ], [ 92.993185757776672, 12.13623821910217 ], [ 93.002573492957225, 12.11215099898603 ], [ 92.965764849917264, 12.117690927580565 ], [ 92.95478367230595, 12.148170008121353 ], [ 92.994818667689444, 12.156140268359987 ] ] ], [ [ [ 92.985841521882548, 12.156361277991223 ], [ 92.984398555346701, 12.154255115571333 ], [ 92.983858963406689, 12.155751388615959 ], [ 92.985841521882548, 12.156361277991223 ] ] ], [ [ [ 93.847144431343864, 6.813739853340439 ], [ 93.850695462678871, 6.815232198934519 ], [ 93.855105816126411, 6.820540728289537 ], [ 93.855101028105949, 6.827838550939087 ], [ 93.850540703616645, 6.833322945014219 ], [ 93.847921492030949, 6.832309993136255 ], [ 93.841628134102294, 6.777607770386476 ], [ 93.822479036448215, 6.752782632099463 ], [ 93.800825548071444, 6.762012857378045 ], [ 93.81003715686245, 6.81152981635905 ], [ 93.779979015416089, 6.827142276407368 ], [ 93.785394985213514, 6.846052414952803 ], [ 93.762345664903862, 6.864029737827602 ], [ 93.776638586014627, 6.879921566741993 ], [ 93.733044405288339, 6.919225310959794 ], [ 93.741010966163557, 6.956258874796909 ], [ 93.726009544686491, 6.959329017651283 ], [ 93.717499546183561, 6.994991979011485 ], [ 93.698463606610886, 6.990308891172969 ], [ 93.67904041320071, 7.017052621274876 ], [ 93.655026835875205, 7.005493186605293 ], [ 93.666907761583502, 7.022931768723853 ], [ 93.644391388375738, 7.100685147810912 ], [ 93.664458043227299, 7.114271059701729 ], [ 93.646990019558274, 7.111545732075451 ], [ 93.64331066927484, 7.129704173161943 ], [ 93.665257185402382, 7.142521249978031 ], [ 93.660837205608217, 7.177418550024623 ], [ 93.676991955213921, 7.193359747247619 ], [ 93.722155596047827, 7.189011774207446 ], [ 93.749787183994215, 7.215958984927056 ], [ 93.79003830774684, 7.209344331336037 ], [ 93.796227424271621, 7.235429850762818 ], [ 93.838013244228691, 7.244175146041404 ], [ 93.835361993330082, 7.220034744180182 ], [ 93.869744665876667, 7.205251184362669 ], [ 93.880695212733414, 7.090536372736759 ], [ 93.901882320967502, 7.081176110319726 ], [ 93.912310777760879, 7.025411530445396 ], [ 93.944629641909145, 7.001403157242881 ], [ 93.933436617299321, 6.988870060931548 ], [ 93.92342874004386, 7.009508344441894 ], [ 93.910014329958472, 6.999746631232129 ], [ 93.941351091159405, 6.954342592876454 ], [ 93.915377017083117, 6.947282902578358 ], [ 93.909442247751258, 6.910319771273587 ], [ 93.891877469237926, 6.901910616033925 ], [ 93.897723529935476, 6.813464361018023 ], [ 93.875987286059811, 6.793226355059471 ], [ 93.846977195580692, 6.811519762912423 ], [ 93.847144431343864, 6.813739853340439 ] ] ], [ [ [ 93.703105999387915, 7.222691417388619 ], [ 93.7012066320939, 7.208503294227636 ], [ 93.698507420142263, 7.231477408754197 ], [ 93.703105999387915, 7.222691417388619 ] ] ], [ [ [ 93.79684095564437, 7.248311596320399 ], [ 93.799177834821108, 7.245413725010683 ], [ 93.791173403668509, 7.24120287360372 ], [ 93.79684095564437, 7.248311596320399 ] ] ], [ [ [ 93.833870821399472, 7.287412624029841 ], [ 93.833476563397696, 7.290238531190892 ], [ 93.838145199557431, 7.290939745092861 ], [ 93.833870821399472, 7.287412624029841 ] ] ], [ [ [ 93.621431556438068, 7.33060659165923 ], [ 93.622282994935716, 7.326754281093445 ], [ 93.616979819402005, 7.330457321609015 ], [ 93.621431556438068, 7.33060659165923 ] ] ], [ [ [ 93.713600314369728, 7.311368145801377 ], [ 93.674874906363613, 7.291859399784669 ], [ 93.635808057701212, 7.242813979228664 ], [ 93.607094502894029, 7.310508334242432 ], [ 93.623116266803365, 7.32235493336836 ], [ 93.619438372689046, 7.374256676111509 ], [ 93.65492490314162, 7.385184044412846 ], [ 93.656535919314265, 7.366121552166307 ], [ 93.669890092868286, 7.390812022908151 ], [ 93.70089382433892, 7.394628393704227 ], [ 93.69320193324333, 7.446580948338021 ], [ 93.710307646595311, 7.40389117783391 ], [ 93.743936640703382, 7.36216409605987 ], [ 93.713600314369728, 7.311368145801377 ] ] ], [ [ [ 93.750248162567118, 7.398516335160385 ], [ 93.754318073386585, 7.405828624616985 ], [ 93.759736454262224, 7.401353880360441 ], [ 93.750248162567118, 7.398516335160385 ] ] ], [ [ [ 93.680414310070987, 7.411595862935863 ], [ 93.683832528186144, 7.400255657650328 ], [ 93.675199167638468, 7.397078130967349 ], [ 93.680414310070987, 7.411595862935863 ] ] ], [ [ [ 93.632397947779793, 7.476603925728437 ], [ 93.638781017760948, 7.478344530390695 ], [ 93.64119080061289, 7.471254912725548 ], [ 93.632397947779793, 7.476603925728437 ] ] ], [ [ [ 93.618965832798438, 7.483417775625604 ], [ 93.623278613934772, 7.481509753688479 ], [ 93.619622791426977, 7.480004077063831 ], [ 93.618965832798438, 7.483417775625604 ] ] ], [ [ [ 93.525866533420185, 7.514627075428105 ], [ 93.519928174420414, 7.5281854158582 ], [ 93.53238360599056, 7.526302772241741 ], [ 93.525866533420185, 7.514627075428105 ] ] ], [ [ [ 93.387084045376909, 7.895727833200831 ], [ 93.389464860255899, 7.900239999717706 ], [ 93.390974822247287, 7.896482762001858 ], [ 93.387084045376909, 7.895727833200831 ] ] ], [ [ [ 93.399736069653741, 7.901921520950817 ], [ 93.39976764992754, 7.900045116245639 ], [ 93.397627208947242, 7.898268382144549 ], [ 93.399736069653741, 7.901921520950817 ] ] ], [ [ [ 93.391569036248157, 7.902066560434974 ], [ 93.394389605204807, 7.902116190878483 ], [ 93.392317190047692, 7.899254280197179 ], [ 93.391569036248157, 7.902066560434974 ] ] ], [ [ [ 93.323427155199795, 7.930186454668905 ], [ 93.322538208445778, 7.931126783967394 ], [ 93.323055073009101, 7.931922564421075 ], [ 93.323427155199795, 7.930186454668905 ] ] ], [ [ [ 93.338668248092958, 7.942684984406944 ], [ 93.338283213094172, 7.937282010436016 ], [ 93.334927155701735, 7.938321602363309 ], [ 93.338668248092958, 7.942684984406944 ] ] ], [ [ [ 93.338554550124059, 7.94610316062287 ], [ 93.332899876396112, 7.939542192266958 ], [ 93.337857107120641, 7.935233837671421 ], [ 93.323281337967927, 7.935508001965419 ], [ 93.321078101156004, 7.929349758567914 ], [ 93.324475319354775, 7.92518595039224 ], [ 93.321954173255378, 7.92293405144111 ], [ 93.307866934903629, 7.933855595000973 ], [ 93.300610482379071, 7.961479659585678 ], [ 93.319977031620695, 8.007378551011659 ], [ 93.3818239216032, 8.019161180783861 ], [ 93.401365928887813, 8.008781475794581 ], [ 93.403617379179309, 7.961557600630602 ], [ 93.420911410855908, 7.968613868259228 ], [ 93.451955474886162, 7.939012638996578 ], [ 93.466207785857861, 7.891097250582041 ], [ 93.453883761644093, 7.872214106209542 ], [ 93.412315766973776, 7.906907591569405 ], [ 93.388753043309578, 7.901962725142551 ], [ 93.367648889102099, 7.877809831328834 ], [ 93.334994294887764, 7.900143462019279 ], [ 93.326783879142184, 7.923271036881787 ], [ 93.336415868943419, 7.925173679161004 ], [ 93.341267892575146, 7.930405319748555 ], [ 93.340840258567269, 7.946767941015056 ], [ 93.332386332006052, 7.950018025956745 ], [ 93.338554550124059, 7.94610316062287 ] ] ], [ [ [ 93.49471607741927, 7.993240758721623 ], [ 93.515928222598632, 8.000682661149545 ], [ 93.522076861036723, 8.026178556205133 ], [ 93.543575645148522, 7.991528586174254 ], [ 93.534092886177206, 8.026289955581362 ], [ 93.573311316560705, 7.99422809488517 ], [ 93.568838657761646, 7.930142229125014 ], [ 93.49471607741927, 7.993240758721623 ] ] ], [ [ [ 93.478974726219107, 8.009327938983208 ], [ 93.477427602721008, 8.009766979199444 ], [ 93.47911099256288, 8.010232485742122 ], [ 93.478974726219107, 8.009327938983208 ] ] ], [ [ [ 93.493934965330254, 8.048662052682921 ], [ 93.495078491042548, 8.048625489384383 ], [ 93.49417045419041, 8.047002154589167 ], [ 93.493934965330254, 8.048662052682921 ] ] ], [ [ [ 93.57198003576751, 8.082247367765564 ], [ 93.553386381724977, 8.121064409782766 ], [ 93.572273649219824, 8.126510917147046 ], [ 93.591504077644728, 8.049262018698675 ], [ 93.583453188320561, 8.038726613930598 ], [ 93.563149673779733, 8.064825648749459 ], [ 93.57198003576751, 8.082247367765564 ] ] ], [ [ [ 93.504581968757549, 8.085655762685869 ], [ 93.475654138805652, 8.053238762157591 ], [ 93.46971713985522, 8.088611361568239 ], [ 93.482210721977211, 8.089757299266124 ], [ 93.454096350651042, 8.110594240397072 ], [ 93.437616983139321, 8.171312889896488 ], [ 93.478438145431909, 8.197251106357374 ], [ 93.484977278829049, 8.223923566901329 ], [ 93.52419380837739, 8.231942742910901 ], [ 93.535479180696726, 8.198601089173659 ], [ 93.493159333862806, 8.149809941394897 ], [ 93.537599160749778, 8.090244506257632 ], [ 93.540795130273779, 8.036138791759043 ], [ 93.521680644707601, 8.050462456837231 ], [ 93.515601759553022, 8.034283605653739 ], [ 93.498451160081217, 8.035920638871843 ], [ 93.488470580830594, 7.999178452650631 ], [ 93.475752182732393, 8.045116129402327 ], [ 93.498569702664426, 8.037996480413382 ], [ 93.493778722251193, 8.057521824239489 ], [ 93.501846764905736, 8.069007579215825 ], [ 93.503689636253242, 8.050339662964626 ], [ 93.516032114557873, 8.053679821104184 ], [ 93.520874777744311, 8.080044786419373 ], [ 93.504581968757549, 8.085655762685869 ] ] ], [ [ [ 93.229391882262362, 8.221852286435899 ], [ 93.211886971971168, 8.258823063391468 ], [ 93.228518382039667, 8.26508100030108 ], [ 93.229391882262362, 8.221852286435899 ] ] ], [ [ [ 93.192826504797992, 8.218600299421929 ], [ 93.190903119248205, 8.196116489126789 ], [ 93.11162386512018, 8.223642561398023 ], [ 93.075842679169611, 8.27346031859256 ], [ 93.084931694873774, 8.340800827670883 ], [ 93.13351942341491, 8.345803198409881 ], [ 93.117763398234572, 8.27728370417365 ], [ 93.192826504797992, 8.218600299421929 ] ] ], [ [ [ 93.643519909362411, 8.389228007832816 ], [ 93.635424928927463, 8.394775854696288 ], [ 93.642589460442281, 8.395354322409863 ], [ 93.643519909362411, 8.389228007832816 ] ] ], [ [ [ 93.046472863724873, 8.449973649884777 ], [ 93.026552633366308, 8.447392065254132 ], [ 93.032667650558281, 8.472734943267984 ], [ 93.046529222229168, 8.463125847960608 ], [ 93.046472863724873, 8.449973649884777 ] ] ], [ [ [ 93.63233441982122, 8.467572080417755 ], [ 93.617507724260193, 8.468725036893421 ], [ 93.612591093793228, 8.423214267708085 ], [ 93.619210367693512, 8.486606414289239 ], [ 93.602597645277854, 8.576903578774434 ], [ 93.63233441982122, 8.467572080417755 ] ] ], [ [ [ 93.598245765867091, 8.580036419721138 ], [ 93.596623990572283, 8.581573565063819 ], [ 93.598509096212851, 8.58286676631699 ], [ 93.598245765867091, 8.580036419721138 ] ] ], [ [ [ 93.086012120225561, 11.788216917393161 ], [ 93.080498842221616, 11.77795956274138 ], [ 93.081556853708733, 11.789707965768118 ], [ 93.086012120225561, 11.788216917393161 ] ] ], [ [ [ 93.010668540765806, 11.851381389809383 ], [ 93.062412147019771, 11.845313051841723 ], [ 93.071528060080198, 11.834113618597739 ], [ 93.044263760015838, 11.809503414219078 ], [ 93.013766219326357, 11.828265917344575 ], [ 93.010668540765806, 11.851381389809383 ] ] ], [ [ [ 93.044535894749686, 11.88402935492666 ], [ 93.023812257913406, 11.887575631633087 ], [ 92.992008447324878, 11.935328256659906 ], [ 92.99999274543535, 11.95037056714807 ], [ 92.970992994565194, 11.948020041847057 ], [ 92.95844295422593, 11.98094958173119 ], [ 92.923969795279092, 11.996430599900828 ], [ 92.964179995380618, 12.049994179185902 ], [ 92.966823819008496, 12.037079590004309 ], [ 93.01498152312476, 12.026325627282162 ], [ 93.007104254788842, 12.002990605095256 ], [ 93.054086781952137, 11.902786428758983 ], [ 93.044535894749686, 11.88402935492666 ] ] ], [ [ [ 93.00922297181063, 12.066503014984523 ], [ 93.010958771162748, 12.068506806063731 ], [ 93.012668569677317, 12.06667619865962 ], [ 93.00922297181063, 12.066503014984523 ] ] ], [ [ [ 93.006451756295704, 12.068622553816548 ], [ 93.004149455070859, 12.069955492381505 ], [ 93.007428751422296, 12.072384984764916 ], [ 93.006451756295704, 12.068622553816548 ] ] ], [ [ [ 93.033538146814635, 12.101233571755696 ], [ 93.053995767342471, 12.07657807460148 ], [ 93.043438405000785, 12.042644708319106 ], [ 93.006260760093227, 12.074817164225461 ], [ 93.007471085428335, 12.10283841816616 ], [ 93.005947960423114, 12.108078397721549 ], [ 92.999485509913541, 12.110163542265928 ], [ 93.001609092210899, 12.110907132263121 ], [ 93.002807895754216, 12.112019969766953 ], [ 93.003793450028823, 12.117482548321522 ], [ 92.995403628144587, 12.131548130334561 ], [ 93.000887428830765, 12.132135989751955 ], [ 93.008602052692964, 12.156533490093096 ], [ 93.014646422777702, 12.154139387371471 ], [ 93.021415594057871, 12.167507854156034 ], [ 93.033538146814635, 12.101233571755696 ] ] ], [ [ [ 93.005006324782741, 12.107318368862352 ], [ 93.00480926405379, 12.106106481860657 ], [ 92.998122305690131, 12.107893791790589 ], [ 93.005006324782741, 12.107318368862352 ] ] ], [ [ [ 92.992098392041029, 12.109509802121465 ], [ 92.991002907331819, 12.110009506991556 ], [ 92.991836991276472, 12.111557563869798 ], [ 92.992098392041029, 12.109509802121465 ] ] ], [ [ [ 93.117664256566556, 12.12994154458174 ], [ 93.111524944437747, 12.129783162801134 ], [ 93.109401275902101, 12.145789696160824 ], [ 93.124176142264531, 12.153056139578291 ], [ 93.117664256566556, 12.12994154458174 ] ] ], [ [ [ 93.035274403409289, 12.132089883281152 ], [ 93.066594185553058, 12.211719180850951 ], [ 93.091754994141382, 12.182712121890704 ], [ 93.0884018904096, 12.125730076243514 ], [ 93.096575642315187, 12.138902444578333 ], [ 93.101589985230532, 12.128769824920406 ], [ 93.096419004875685, 12.091759710617307 ], [ 93.077192347578318, 12.076921357811155 ], [ 93.047980779354035, 12.114083746714989 ], [ 93.053355075407111, 12.121672432136346 ], [ 93.062403495345293, 12.119151387124633 ], [ 93.063266503245487, 12.123266269398805 ], [ 93.035274403409289, 12.132089883281152 ] ] ], [ [ [ 93.005737203081026, 12.149722726174732 ], [ 93.005250758168145, 12.148103775222431 ], [ 93.004399672708431, 12.150178856172737 ], [ 93.005737203081026, 12.149722726174732 ] ] ], [ [ [ 93.012407892954911, 12.155169460720916 ], [ 93.013615860212425, 12.156960497959203 ], [ 93.014048839196192, 12.15449184703618 ], [ 93.012407892954911, 12.155169460720916 ] ] ], [ [ [ 93.018761475736866, 12.223402181078997 ], [ 93.019008993038668, 12.224943674218339 ], [ 93.020369848167633, 12.223443484234746 ], [ 93.018761475736866, 12.223402181078997 ] ] ], [ [ [ 93.089962397008776, 12.224876058404623 ], [ 93.062194803230057, 12.234683600860462 ], [ 93.072525773052192, 12.262264160702406 ], [ 93.085483269441383, 12.238386123730555 ], [ 93.10105822480314, 12.263832507583233 ], [ 93.101651862085603, 12.232975264410131 ], [ 93.10011879542509, 12.200419524335514 ], [ 93.089962397008776, 12.224876058404623 ] ] ], [ [ [ 93.028010076252926, 12.280175833328791 ], [ 93.029141684016366, 12.278706706376346 ], [ 93.024440094957058, 12.273288158771697 ], [ 93.028010076252926, 12.280175833328791 ] ] ], [ [ [ 93.070601658070416, 12.319651880421876 ], [ 93.073273988835467, 12.31672691879383 ], [ 93.061368828377439, 12.314888706105695 ], [ 93.070601658070416, 12.319651880421876 ] ] ] ] } }
]
}
