{
"type": "FeatureCollection",
"name": "seasia_boundary",
"crs": { "type": "name", "properties": { "name": "urn:ogc:def:crs:OGC:1.3:CRS84" } },
"features": [
{ "type": "Feature", "properties": { }, "geometry": { "type": "MultiPolygon", "coordinates": [ [ [ [ 104.017997741699219, 10.009719848632812 ], [ 103.907501220703125, 10.285280227661133 ], [ 103.844703674316406, 10.352780342102051 ], [ 104.012496948242188, 10.439200401306152 ], [ 104.084999084472656, 10.316390037536621 ], [ 104.040000915527344, 10.038610458374023 ], [ 104.017997741699219, 10.009719848632812 ] ] ], [ [ [ 106.3323974609375, 14.445320129394531 ], [ 106.438301086425781, 14.487500190734863 ], [ 106.433296203613281, 14.523329734802246 ], [ 106.541702270507812, 14.598979949951172 ], [ 106.627700805664062, 14.466939926147461 ], [ 106.733596801757812, 14.442500114440918 ], [ 106.838302612304688, 14.3125 ], [ 106.99749755859375, 14.363880157470703 ], [ 107.050201416015625, 14.443050384521484 ], [ 107.108901977539062, 14.40110969543457 ], [ 107.277999877929688, 14.559720039367676 ], [ 107.296096801757812, 14.598609924316406 ], [ 107.32659912109375, 14.606940269470215 ], [ 107.422500610351562, 14.545550346374512 ], [ 107.4541015625, 14.557769775390625 ], [ 107.5458984375, 14.704959869384766 ], [ 107.535499572753906, 14.556940078735352 ], [ 107.478302001953125, 14.430830001831055 ], [ 107.416099548339844, 14.429439544677734 ], [ 107.383903503417969, 14.260829925537109 ], [ 107.367996215820312, 14.033889770507812 ], [ 107.385200500488281, 14.002779960632324 ], [ 107.445503234863281, 14.005000114440918 ], [ 107.474296569824219, 13.930009841918945 ], [ 107.46240234375, 13.796210289001465 ], [ 107.628898620605469, 13.542779922485352 ], [ 107.636398315429688, 13.381660461425781 ], [ 107.495796203613281, 13.005550384521484 ], [ 107.509696960449219, 12.882499694824219 ], [ 107.567703247070312, 12.802220344543457 ], [ 107.583000183105469, 12.5 ], [ 107.548896789550781, 12.356389999389648 ], [ 107.440803527832031, 12.253609657287598 ], [ 107.318901062011719, 12.329440116882324 ], [ 107.166900634765625, 12.277779579162598 ], [ 106.978897094726562, 12.084440231323242 ], [ 106.781898498535156, 12.065830230712891 ], [ 106.730300903320312, 11.975830078125 ], [ 106.420196533203125, 11.973609924316406 ], [ 106.471298217773438, 11.869460105895996 ], [ 106.423599243164062, 11.767499923706055 ], [ 106.458503723144531, 11.664560317993164 ], [ 106.19000244140625, 11.749159812927246 ], [ 106.039100646972656, 11.776390075683594 ], [ 105.966598510742188, 11.646389961242676 ], [ 105.821403503417969, 11.620829582214355 ], [ 105.818199157714844, 11.596440315246582 ], [ 105.899101257324219, 11.448049545288086 ], [ 105.869697570800781, 11.296939849853516 ], [ 106.074699401855469, 11.106659889221191 ], [ 106.159103393554688, 11.093890190124512 ], [ 106.214401245117188, 10.975549697875977 ], [ 106.155197143554688, 10.975830078125 ], [ 106.145797729492188, 10.915550231933594 ], [ 106.203300476074219, 10.770549774169922 ], [ 105.957496643066406, 10.899999618530273 ], [ 105.932998657226562, 10.833609580993652 ], [ 105.870201110839844, 10.851659774780273 ], [ 105.791603088378906, 11.007220268249512 ], [ 105.75830078125, 11.021389961242676 ], [ 105.467201232910156, 10.954999923706055 ], [ 105.429702758789062, 10.966110229492188 ], [ 105.355499267578125, 10.846659660339355 ], [ 105.109100341796875, 10.955550193786621 ], [ 105.043601989746094, 10.901390075683594 ], [ 105.066398620605469, 10.781390190124512 ], [ 105.099700927734375, 10.72638988494873 ], [ 104.8905029296875, 10.539999961853027 ], [ 104.821403503417969, 10.520000457763672 ], [ 104.598602294921875, 10.534159660339355 ], [ 104.448402404785156, 10.422499656677246 ], [ 104.250801086425781, 10.566659927368164 ], [ 104.208602905273438, 10.552220344543457 ], [ 103.992500305175781, 10.570830345153809 ], [ 103.861099243164062, 10.693050384521484 ], [ 103.823600769042969, 10.540829658508301 ], [ 103.744400024414062, 10.519439697265625 ], [ 103.737998962402344, 10.496390342712402 ], [ 103.630500793457031, 10.490830421447754 ], [ 103.500297546386719, 10.621390342712402 ], [ 103.588302612304688, 10.731109619140625 ], [ 103.684402465820312, 10.74055004119873 ], [ 103.721900939941406, 10.866109848022461 ], [ 103.699996948242188, 10.929160118103027 ], [ 103.5552978515625, 11.156940460205078 ], [ 103.5, 11.164159774780273 ], [ 103.449996948242188, 11.05165958404541 ], [ 103.416900634765625, 10.88971996307373 ], [ 103.275497436523438, 10.928890228271484 ], [ 103.216598510742188, 10.873330116271973 ], [ 103.135200500488281, 10.893610000610352 ], [ 103.078300476074219, 11.282779693603516 ], [ 103.146102905273438, 11.306110382080078 ], [ 103.0635986328125, 11.443610191345215 ], [ 103.1260986328125, 11.460000038146973 ], [ 103.170303344726562, 11.424169540405273 ], [ 103.1416015625, 11.491390228271484 ], [ 103.106399536132812, 11.46360969543457 ], [ 103.033599853515625, 11.545280456542969 ], [ 102.956398010253906, 11.551389694213867 ], [ 102.988601684570312, 11.635000228881836 ], [ 103.043601989746094, 11.629719734191895 ], [ 102.966499328613281, 11.669859886169434 ], [ 102.997802734375, 11.708609580993652 ], [ 103.065299987792969, 11.702500343322754 ], [ 103.08270263671875, 11.72638988494873 ], [ 102.966903686523438, 11.713890075683594 ], [ 102.954399108886719, 11.569720268249512 ], [ 102.914199829101562, 11.633419990539551 ], [ 102.916397094726562, 11.742770195007324 ], [ 102.781898498535156, 11.999719619750977 ], [ 102.736900329589844, 12.303609848022461 ], [ 102.788597106933594, 12.42471981048584 ], [ 102.592498779296875, 12.626660346984863 ], [ 102.512199401855469, 12.664999961853027 ], [ 102.525001525878906, 12.766940116882324 ], [ 102.495796203613281, 13.011940002441406 ], [ 102.351402282714844, 13.267219543457031 ], [ 102.360198974609375, 13.571660041809082 ], [ 102.527198791503906, 13.567779541015625 ], [ 102.622703552246094, 13.606940269470215 ], [ 102.560501098632812, 13.652500152587891 ], [ 102.563301086425781, 13.681389808654785 ], [ 102.722198486328125, 13.763609886169434 ], [ 102.790000915527344, 13.934439659118652 ], [ 102.919700622558594, 14.104720115661621 ], [ 102.958000183105469, 14.203049659729004 ], [ 103.228599548339844, 14.332779884338379 ], [ 103.507797241210938, 14.396659851074219 ], [ 103.659103393554688, 14.447779655456543 ], [ 103.69580078125, 14.439999580383301 ], [ 103.700798034667969, 14.390549659729004 ], [ 103.973602294921875, 14.364439964294434 ], [ 104.1875, 14.386670112609863 ], [ 104.571601867675781, 14.364720344543457 ], [ 104.714996337890625, 14.437769889831543 ], [ 104.880500793457031, 14.422499656677246 ], [ 105.001899719238281, 14.383330345153809 ], [ 105.032997131347656, 14.247770309448242 ], [ 105.06939697265625, 14.218330383300781 ], [ 105.137199401855469, 14.239720344543457 ], [ 105.210403442382812, 14.352560043334961 ], [ 105.209999084472656, 14.284440040588379 ], [ 105.364097595214844, 14.109439849853516 ], [ 105.598297119140625, 14.151659965515137 ], [ 105.732398986816406, 14.111490249633789 ], [ 105.939102172851562, 13.926939964294434 ], [ 106.091903686523438, 13.920000076293945 ], [ 106.174400329589844, 14.05027961730957 ], [ 106.101898193359375, 14.186659812927246 ], [ 106.041603088378906, 14.224720001220703 ], [ 105.993896484375, 14.343330383300781 ], [ 106.028297424316406, 14.360269546508789 ], [ 106.209701538085938, 14.375550270080566 ], [ 106.246902465820312, 14.446390151977539 ], [ 106.2510986328125, 14.493330001831055 ], [ 106.3323974609375, 14.445320129394531 ] ] ] ] } },
{ "type": "Feature", "properties": { }, "geometry": { "type": "MultiPolygon", "coordinates": [ [ [ [ 137.646896362304688, -8.43889045715332 ], [ 137.6304931640625, -8.401111602783203 ], [ 137.756103515625, -8.084169387817383 ], [ 137.993804931640625, -7.666112899780273 ], [ 138.150802612304688, -7.51666784286499 ], [ 138.417205810546875, -7.405279159545898 ], [ 138.55279541015625, -7.379514217376709 ], [ 138.74609375, -7.368610858917236 ], [ 138.807205200195312, -7.382779121398926 ], [ 138.925796508789062, -7.543889045715332 ], [ 139.06689453125, -7.572501182556152 ], [ 138.975799560546875, -7.845279216766357 ], [ 138.886093139648438, -7.899168014526367 ], [ 138.899093627929688, -8.078891754150391 ], [ 138.832504272460938, -8.082225799560547 ], [ 138.781906127929688, -8.140556335449219 ], [ 138.672195434570312, -8.160835266113281 ], [ 138.461105346679688, -8.372503280639648 ], [ 138.332199096679688, -8.421390533447266 ], [ 137.755203247070312, -8.396114349365234 ], [ 137.646896362304688, -8.43889045715332 ] ] ], [ [ [ 130.964401245117188, -1.357223033905029 ], [ 130.771102905273438, -1.255277991294861 ], [ 130.689697265625, -1.114722013473511 ], [ 130.714096069335938, -1.087223052978516 ], [ 130.639694213867188, -0.990000128746033 ], [ 130.664093017578125, -0.961111307144165 ], [ 130.899307250976562, -0.891411304473877 ], [ 131.034393310546875, -0.910555601119995 ], [ 131.0718994140625, -1.070000052452087 ], [ 131.001296997070312, -1.325556039810181 ], [ 130.964401245117188, -1.357223033905029 ] ] ], [ [ [ 99.11553955078125, -1.805277943611145 ], [ 98.881088256835938, -1.680556058883667 ], [ 98.633033752441406, -1.274999976158142 ], [ 98.592758178710938, -1.19194495677948 ], [ 98.653030395507812, -0.976944625377655 ], [ 98.697479248046875, -0.94611120223999 ], [ 98.859970092773438, -0.927500128746033 ], [ 98.922203063964844, -0.943333506584167 ], [ 98.94219970703125, -0.998889088630676 ], [ 98.931922912597656, -1.056388974189758 ], [ 99.06414794921875, -1.233888983726501 ], [ 99.1080322265625, -1.369444966316223 ], [ 99.162200927734375, -1.404443979263306 ], [ 99.163589477539062, -1.4563889503479 ], [ 99.125259399414062, -1.446944952011108 ], [ 99.291641235351562, -1.684723019599915 ], [ 99.286087036132812, -1.736667037010193 ], [ 99.228591918945312, -1.62166702747345 ], [ 99.220542907714844, -1.653056025505066 ], [ 99.2552490234375, -1.766111016273499 ], [ 99.195480346679688, -1.772279977798462 ], [ 99.11553955078125, -1.805277943611145 ] ] ], [ [ [ 109.50469970703125, -1.296111941337585 ], [ 109.433601379394531, -1.275555968284607 ], [ 109.413597106933594, -1.25444495677948 ], [ 109.44110107421875, -1.016111016273499 ], [ 109.477500915527344, -0.976944625377655 ], [ 109.756401062011719, -1.032577037811279 ], [ 109.778900146484375, -1.13861095905304 ], [ 109.50469970703125, -1.296111941337585 ] ] ], [ [ [ 100.031097412109375, -2.841944932937622 ], [ 100.007797241210938, -2.826667070388794 ], [ 99.964706420898438, -2.528889894485474 ], [ 99.9769287109375, -2.492778062820435 ], [ 100.19000244140625, -2.66722297668457 ], [ 100.203102111816406, -2.758800983428955 ], [ 100.031097412109375, -2.841944932937622 ] ] ], [ [ [ 115.1260986328125, -8.854169845581055 ], [ 115.093902587890625, -8.838058471679688 ], [ 115.124702453613281, -8.796669006347656 ], [ 115.173301696777344, -8.776390075683594 ], [ 115.177497863769531, -8.716669082641602 ], [ 115.076103210449219, -8.592226028442383 ], [ 114.8916015625, -8.449724197387695 ], [ 114.718299865722656, -8.396114349365234 ], [ 114.602500915527344, -8.390279769897461 ], [ 114.468002319335938, -8.209723472595215 ], [ 114.445503234863281, -8.104724884033203 ], [ 114.478103637695312, -8.090599060058594 ], [ 114.847198486328125, -8.191389083862305 ], [ 115.000503540039062, -8.186113357543945 ], [ 115.153297424316406, -8.063335418701172 ], [ 115.356101989746094, -8.112224578857422 ], [ 115.590499877929688, -8.253890991210938 ], [ 115.709098815917969, -8.360280990600586 ], [ 115.711898803710938, -8.399724960327148 ], [ 115.615196228027344, -8.493892669677734 ], [ 115.335800170898438, -8.616392135620117 ], [ 115.208900451660156, -8.735003471374512 ], [ 115.242500305175781, -8.802225112915039 ], [ 115.209701538085938, -8.844724655151367 ], [ 115.1260986328125, -8.854169845581055 ] ] ], [ [ [ 99.859176635742188, -2.376483917236328 ], [ 99.569976806640625, -2.222222089767456 ], [ 99.526641845703125, -2.148890018463135 ], [ 99.544692993164062, -2.053056001663208 ], [ 99.610260009765625, -2.016112089157104 ], [ 99.681640625, -2.065279006958008 ], [ 99.859176635742188, -2.376483917236328 ] ] ], [ [ [ 107.987800598144531, -3.249722957611084 ], [ 107.875801086425781, -3.056112051010132 ], [ 107.81829833984375, -3.07805609703064 ], [ 107.843002319335938, -3.113611936569214 ], [ 107.835502624511719, -3.160556077957153 ], [ 107.653900146484375, -3.225833892822266 ], [ 107.612197875976562, -3.215555906295776 ], [ 107.615501403808594, -2.915000915527344 ], [ 107.553901672363281, -2.930000066757202 ], [ 107.546897888183594, -2.906666994094849 ], [ 107.601898193359375, -2.86583399772644 ], [ 107.649696350097656, -2.58583402633667 ], [ 107.708396911621094, -2.557250022888184 ], [ 107.995201110839844, -2.578334093093872 ], [ 108.032203674316406, -2.6438889503479 ], [ 108.056900024414062, -2.601388931274414 ], [ 108.139701843261719, -2.646111965179443 ], [ 108.260200500488281, -2.747222900390625 ], [ 108.293296813964844, -2.844444990158081 ], [ 108.208297729492188, -3.136111974716187 ], [ 108.081596374511719, -3.166944980621338 ], [ 108.077499389648438, -3.232500076293945 ], [ 107.987800598144531, -3.249722957611084 ] ] ], [ [ [ 123.157798767089844, -4.239168167114258 ], [ 123.067497253417969, -4.237779140472412 ], [ 122.963897705078125, -4.114721775054932 ], [ 122.952201843261719, -4.051112174987793 ], [ 123.045700073242188, -3.978852987289429 ], [ 123.099700927734375, -4.011391162872314 ], [ 123.194999694824219, -3.991667032241821 ], [ 123.249702453613281, -4.053057193756104 ], [ 123.254402160644531, -4.110002040863037 ], [ 123.157798767089844, -4.239168167114258 ] ] ], [ [ [ 126.070297241210938, -2.475555896759033 ], [ 126.009101867675781, -2.462501049041748 ], [ 125.966102600097656, -2.403055906295776 ], [ 125.861396789550781, -2.083889007568359 ], [ 125.892799377441406, -1.995000004768372 ], [ 125.958999633789062, -1.978801965713501 ], [ 126.000297546386719, -2.016112089157104 ], [ 125.968902587890625, -2.158611059188843 ], [ 126.086097717285156, -2.418612003326416 ], [ 126.070297241210938, -2.475555896759033 ] ] ], [ [ [ 129.774093627929688, -8.057224273681641 ], [ 129.698593139648438, -8.045558929443359 ], [ 129.5841064453125, -7.907779216766357 ], [ 129.590499877929688, -7.821668148040771 ], [ 129.632003784179688, -7.798573017120361 ], [ 129.809097290039062, -7.820279121398926 ], [ 129.858306884765625, -7.899168014526367 ], [ 129.857696533203125, -7.936389923095703 ], [ 129.774093627929688, -8.057224273681641 ] ] ], [ [ [ 125.797996520996094, -8.018335342407227 ], [ 125.776397705078125, -8.018335342407227 ], [ 125.80999755859375, -7.856389999389648 ], [ 125.973297119140625, -7.657826900482178 ], [ 126.182701110839844, -7.721667766571045 ], [ 126.629997253417969, -7.600277900695801 ], [ 126.721397399902344, -7.673057079315186 ], [ 126.807502746582031, -7.668889999389648 ], [ 126.840499877929688, -7.738057136535645 ], [ 126.824699401855469, -7.763335227966309 ], [ 126.708900451660156, -7.75305700302124 ], [ 126.562202453613281, -7.816946029663086 ], [ 126.473899841308594, -7.96277904510498 ], [ 126.074996948242188, -7.886946201324463 ], [ 125.897499084472656, -7.94055700302124 ], [ 125.797996520996094, -8.018335342407227 ] ] ], [ [ [ 136.234695434570312, -1.907222032546997 ], [ 136.202499389648438, -1.863333940505981 ], [ 135.661895751953125, -1.692221999168396 ], [ 135.486297607421875, -1.683889031410217 ], [ 135.417999267578125, -1.610000014305115 ], [ 135.505203247070312, -1.599918961524963 ], [ 136.282699584960938, -1.686110973358154 ], [ 136.404693603515625, -1.729166984558105 ], [ 136.803604125976562, -1.747499942779541 ], [ 136.899398803710938, -1.789443969726562 ], [ 136.874099731445312, -1.824445009231567 ], [ 136.538299560546875, -1.868332982063293 ], [ 136.545806884765625, -1.903056025505066 ], [ 136.291595458984375, -1.879166960716248 ], [ 136.234695434570312, -1.907222032546997 ] ] ], [ [ [ 122.844100952148438, -10.930000305175781 ], [ 122.822196960449219, -10.911109924316406 ], [ 122.808296203613281, -10.788610458374023 ], [ 123.165496826171875, -10.635000228881836 ], [ 123.230003356933594, -10.539449691772461 ], [ 123.37860107421875, -10.436389923095703 ], [ 123.388900756835938, -10.481389999389648 ], [ 123.351898193359375, -10.593890190124512 ], [ 123.407997131347656, -10.59945011138916 ], [ 123.422996520996094, -10.625 ], [ 123.406097412109375, -10.682220458984375 ], [ 123.343597412109375, -10.67611026763916 ], [ 123.082496643066406, -10.845279693603516 ], [ 122.964698791503906, -10.876110076904297 ], [ 122.966598510742188, -10.91195011138916 ], [ 122.844100952148438, -10.930000305175781 ] ] ], [ [ [ 121.871101379394531, -10.607500076293945 ], [ 121.745498657226562, -10.606949806213379 ], [ 121.69219970703125, -10.571669578552246 ], [ 121.894996643066406, -10.421669960021973 ], [ 121.992996215820312, -10.438340187072754 ], [ 121.995002746582031, -10.513339996337891 ], [ 121.871101379394531, -10.607500076293945 ] ] ], [ [ [ 124.415298461914062, -2.016944885253906 ], [ 124.3291015625, -1.885277986526489 ], [ 124.367500305175781, -1.695000052452087 ], [ 124.425003051757812, -1.657523989677429 ], [ 124.608001708984375, -1.635277986526489 ], [ 125.006599426269531, -1.718888998031616 ], [ 125.06829833984375, -1.764166951179504 ], [ 125.105499267578125, -1.738055944442749 ], [ 125.1177978515625, -1.68861198425293 ], [ 125.192497253417969, -1.71416699886322 ], [ 125.189102172851562, -1.783889055252075 ], [ 125.230003356933594, -1.766111016273499 ], [ 125.251899719238281, -1.732499957084656 ], [ 125.288299560546875, -1.730556011199951 ], [ 125.323898315429688, -1.881111025810242 ], [ 125.0552978515625, -1.890833020210266 ], [ 125.011398315429688, -1.945556044578552 ], [ 124.853897094726562, -1.894999980926514 ], [ 124.415298461914062, -2.016944885253906 ] ] ], [ [ [ 120.464103698730469, -10.315839767456055 ], [ 120.278297424316406, -10.246390342712402 ], [ 120.164703369140625, -10.231389999389648 ], [ 119.837799072265625, -9.921113967895508 ], [ 119.706398010253906, -9.861115455627441 ], [ 119.6322021484375, -9.773336410522461 ], [ 119.1365966796875, -9.730836868286133 ], [ 119.053001403808594, -9.698335647583008 ], [ 118.933296203613281, -9.565835952758789 ], [ 119.005203247070312, -9.450281143188477 ], [ 119.037803649902344, -9.429109573364258 ], [ 119.346397399902344, -9.373891830444336 ], [ 119.840499877929688, -9.364446640014648 ], [ 119.943901062011719, -9.283891677856445 ], [ 120.083900451660156, -9.457780838012695 ], [ 120.226402282714844, -9.4969482421875 ], [ 120.320297241210938, -9.665281295776367 ], [ 120.45159912109375, -9.62861442565918 ], [ 120.594398498535156, -9.74555778503418 ], [ 120.669700622558594, -9.894725799560547 ], [ 120.777198791503906, -9.944169998168945 ], [ 120.82659912109375, -10.010279655456543 ], [ 120.836097717285156, -10.066949844360352 ], [ 120.716903686523438, -10.205840110778809 ], [ 120.464103698730469, -10.315839767456055 ] ] ], [ [ [ 124.461601257324219, -9.182195663452148 ], [ 124.773002624511719, -9.03778076171875 ], [ 125.093002319335938, -8.798615455627441 ], [ 125.106101989746094, -8.69111442565918 ], [ 125.13690185546875, -8.640279769897461 ], [ 125.229400634765625, -8.609725952148438 ], [ 125.926399230957031, -8.485836029052734 ], [ 126.044097900390625, -8.525003433227539 ], [ 126.231903076171875, -8.499170303344727 ], [ 126.358901977539062, -8.42750358581543 ], [ 126.563003540039062, -8.486391067504883 ], [ 126.976097106933594, -8.31500244140625 ], [ 127.106399536132812, -8.366392135620117 ], [ 127.20159912109375, -8.333059310913086 ], [ 127.303001403808594, -8.395559310913086 ], [ 127.304397583007812, -8.433614730834961 ], [ 127.015296936035156, -8.682781219482422 ], [ 126.64520263671875, -8.781948089599609 ], [ 126.461601257324219, -8.955001831054688 ], [ 126.153297424316406, -8.990280151367188 ], [ 125.998298645019531, -9.088336944580078 ], [ 125.529403686523438, -9.229724884033203 ], [ 125.096000671386719, -9.460933685302734 ], [ 124.992202758789062, -9.548336029052734 ], [ 124.975799560546875, -9.657779693603516 ], [ 124.809402465820312, -9.794170379638672 ], [ 124.4927978515625, -10.117500305175781 ], [ 124.405799865722656, -10.174169540405273 ], [ 124.106399536132812, -10.182780265808105 ], [ 124.07330322265625, -10.238340377807617 ], [ 123.804702758789062, -10.375840187072754 ], [ 123.658897399902344, -10.353610038757324 ], [ 123.466903686523438, -10.363059997558594 ], [ 123.495796203613281, -10.232230186462402 ], [ 123.75830078125, -10.08860969543457 ], [ 123.757499694824219, -10.054169654846191 ], [ 123.646400451660156, -10.026949882507324 ], [ 123.598602294921875, -10.059450149536133 ], [ 123.57659912109375, -10.033889770507812 ], [ 123.578598022460938, -9.937225341796875 ], [ 123.657997131347656, -9.880558013916016 ], [ 123.674697875976562, -9.629447937011719 ], [ 123.92669677734375, -9.405002593994141 ], [ 124.150802612304688, -9.301670074462891 ], [ 124.19000244140625, -9.258337020874023 ], [ 124.461601257324219, -9.182195663452148 ] ] ], [ [ [ 123.022796630859375, -8.413335800170898 ], [ 123.016098022460938, -8.378055572509766 ], [ 123.0906982421875, -8.285898208618164 ], [ 123.251602172851562, -8.238336563110352 ], [ 123.342201232910156, -8.265558242797852 ], [ 123.326400756835938, -8.375834465026855 ], [ 123.299102783203125, -8.403059005737305 ], [ 123.022796630859375, -8.413335800170898 ] ] ], [ [ [ 122.792800903320312, -5.693057060241699 ], [ 122.771400451660156, -5.641945838928223 ], [ 122.73919677734375, -5.683611869812012 ], [ 122.735000610351562, -5.630279064178467 ], [ 122.662498474121094, -5.689167976379395 ], [ 122.565299987792969, -5.506391048431396 ], [ 122.731597900390625, -5.256668090820312 ], [ 122.806396484375, -5.231389999389648 ], [ 122.810501098632812, -5.193057060241699 ], [ 122.75689697265625, -5.216391086578369 ], [ 122.802200317382812, -5.036112785339355 ], [ 122.750801086425781, -5.034167766571045 ], [ 122.818000793457031, -4.971389770507812 ], [ 122.924102783203125, -4.464446067810059 ], [ 123.027801513671875, -4.390000820159912 ], [ 123.073097229003906, -4.405835151672363 ], [ 123.07550048828125, -4.460556983947754 ], [ 123.144096374511719, -4.501389980316162 ], [ 123.198898315429688, -4.590835094451904 ], [ 123.216102600097656, -4.81555700302124 ], [ 123.1885986328125, -4.830556869506836 ], [ 123.144096374511719, -4.712502002716064 ], [ 123.116600036621094, -4.713889122009277 ], [ 123.109199523925781, -4.774724006652832 ], [ 123.044700622558594, -4.744722843170166 ], [ 122.979103088378906, -5.192500114440918 ], [ 123.027801513671875, -5.138611793518066 ], [ 123.214103698730469, -5.2744460105896 ], [ 123.159103393554688, -5.371112823486328 ], [ 123.050300598144531, -5.426391124725342 ], [ 122.993301391601562, -5.390278816223145 ], [ 122.878303527832031, -5.460556983947754 ], [ 122.858299255371094, -5.509168148040771 ], [ 122.909698486328125, -5.508335113525391 ], [ 122.907798767089844, -5.548612117767334 ], [ 122.830299377441406, -5.676111221313477 ], [ 122.792800903320312, -5.693057060241699 ] ] ], [ [ [ 106.523902893066406, -3.107223033905029 ], [ 106.43499755859375, -2.975833892822266 ], [ 105.961402893066406, -2.785001039505005 ], [ 105.904403686523438, -2.663888931274414 ], [ 105.941398620605469, -2.503612041473389 ], [ 105.923599243164062, -2.459167003631592 ], [ 105.8291015625, -2.403055906295776 ], [ 105.799697875976562, -2.170834064483643 ], [ 105.668601989746094, -2.119445085525513 ], [ 105.600303649902344, -2.119445085525513 ], [ 105.56719970703125, -2.073055982589722 ], [ 105.31109619140625, -2.136667013168335 ], [ 105.245796203613281, -2.071666955947876 ], [ 105.1405029296875, -2.079722881317139 ], [ 105.136398315429688, -1.957221984863281 ], [ 105.380203247070312, -1.820834040641785 ], [ 105.402198791503906, -1.774445056915283 ], [ 105.343902587890625, -1.665555953979492 ], [ 105.450798034667969, -1.569445013999939 ], [ 105.579696655273438, -1.528334021568298 ], [ 105.606399536132812, -1.534721970558167 ], [ 105.625503540039062, -1.61138904094696 ], [ 105.69940185546875, -1.661388993263245 ], [ 105.648902893066406, -1.713333964347839 ], [ 105.681098937988281, -1.761945009231567 ], [ 105.805801391601562, -1.797778010368347 ], [ 105.697502136230469, -1.531944990158081 ], [ 105.893600463867188, -1.492100954055786 ], [ 106.030502319335938, -1.577777981758118 ], [ 106.088897705078125, -1.766945004463196 ], [ 106.177696228027344, -1.877778053283691 ], [ 106.165496826171875, -2.032500028610229 ], [ 106.241600036621094, -2.313889980316162 ], [ 106.334701538085938, -2.453610897064209 ], [ 106.3916015625, -2.485833883285522 ], [ 106.830299377441406, -2.566668033599854 ], [ 106.806396484375, -2.591944932937622 ], [ 106.738296508789062, -2.61722207069397 ], [ 106.676101684570312, -2.692501068115234 ], [ 106.602798461914062, -2.906666994094849 ], [ 106.606101989746094, -2.947221994400024 ], [ 106.742500305175781, -3.002501010894775 ], [ 106.720497131347656, -3.094444990158081 ], [ 106.523902893066406, -3.107223033905029 ] ] ], [ [ [ 100.4375, -3.32138991355896 ], [ 100.335296630859375, -3.175833940505981 ], [ 100.337501525878906, -3.12166690826416 ], [ 100.202499389648438, -2.99222207069397 ], [ 100.173599243164062, -2.811111927032471 ], [ 100.211898803710938, -2.780833959579468 ], [ 100.255203247070312, -2.792500019073486 ], [ 100.467498779296875, -3.06694507598877 ], [ 100.475799560546875, -3.118890047073364 ], [ 100.397796630859375, -3.179167032241821 ], [ 100.477996826171875, -3.3125 ], [ 100.4375, -3.32138991355896 ] ] ], [ [ [ 116.360298156738281, -8.926670074462891 ], [ 116.081398010253906, -8.859725952148438 ], [ 116.01409912109375, -8.911113739013672 ], [ 115.854400634765625, -8.822502136230469 ], [ 115.844100952148438, -8.755281448364258 ], [ 115.883903503417969, -8.728336334228516 ], [ 115.936698913574219, -8.776390075683594 ], [ 116.066902160644531, -8.769725799560547 ], [ 116.090301513671875, -8.623336791992188 ], [ 116.048301696777344, -8.454446792602539 ], [ 116.278602600097656, -8.240837097167969 ], [ 116.344902038574219, -8.218088150024414 ], [ 116.435501098632812, -8.21861457824707 ], [ 116.661102294921875, -8.28778076171875 ], [ 116.733596801757812, -8.358334541320801 ], [ 116.676101684570312, -8.561113357543945 ], [ 116.512199401855469, -8.813058853149414 ], [ 116.508903503417969, -8.861115455627441 ], [ 116.601402282714844, -8.869169235229492 ], [ 116.577499389648438, -8.900836944580078 ], [ 116.470497131347656, -8.920001983642578 ], [ 116.487800598144531, -8.832502365112305 ], [ 116.445297241210938, -8.835281372070312 ], [ 116.360298156738281, -8.926670074462891 ] ] ], [ [ [ 130.81829833984375, -3.870556116104126 ], [ 130.403793334960938, -3.634722948074341 ], [ 129.991302490234375, -3.470556020736694 ], [ 129.9591064453125, -3.375555992126465 ], [ 129.828903198242188, -3.331666946411133 ], [ 129.514404296875, -3.296945095062256 ], [ 129.497695922851562, -3.328334093093872 ], [ 129.558807373046875, -3.417778015136719 ], [ 129.548599243164062, -3.459722995758057 ], [ 129.504104614257812, -3.4686119556427 ], [ 128.94219970703125, -3.34694504737854 ], [ 128.9324951171875, -3.32361102104187 ], [ 128.976303100585938, -3.257778882980347 ], [ 128.9501953125, -3.223611116409302 ], [ 128.8782958984375, -3.207777976989746 ], [ 128.69329833984375, -3.352221965789795 ], [ 128.670806884765625, -3.384444952011108 ], [ 128.691299438476562, -3.418612003326416 ], [ 128.656295776367188, -3.438333988189697 ], [ 128.478302001953125, -3.463056087493896 ], [ 128.414398193359375, -3.430834054946899 ], [ 128.276596069335938, -3.219444990158081 ], [ 128.173294067382812, -3.19638991355896 ], [ 128.197998046875, -3.114166975021362 ], [ 128.184097290039062, -3.072500944137573 ], [ 128.144393920898438, -3.072500944137573 ], [ 128.080001831054688, -3.151668071746826 ], [ 128.044403076171875, -3.335278987884521 ], [ 127.940299987792969, -3.471389055252075 ], [ 127.924400329589844, -3.554723024368286 ], [ 127.906097412109375, -3.537501096725464 ], [ 127.869102478027344, -3.207777976989746 ], [ 127.834098815917969, -3.167500019073486 ], [ 128.096603393554688, -3.071111917495728 ], [ 128.117202758789062, -2.979444980621338 ], [ 128.067703247070312, -2.968333959579468 ], [ 128.182403564453125, -2.859333992004395 ], [ 128.751602172851562, -2.851388931274414 ], [ 128.866104125976562, -2.86583399772644 ], [ 129.046401977539062, -2.799444913864136 ], [ 129.0697021484375, -2.817223072052002 ], [ 129.081298828125, -2.923333883285522 ], [ 129.179397583007812, -2.959444999694824 ], [ 129.38470458984375, -2.79805588722229 ], [ 129.614395141601562, -2.809722900390625 ], [ 130.02630615234375, -2.997777938842773 ], [ 130.3291015625, -2.977222919464111 ], [ 130.399093627929688, -3.003334045410156 ], [ 130.587493896484375, -3.136667013168335 ], [ 130.645797729492188, -3.377501010894775 ], [ 130.674392700195312, -3.410278081893921 ], [ 130.766403198242188, -3.408334016799927 ], [ 130.8251953125, -3.452223062515259 ], [ 130.81219482421875, -3.507500886917114 ], [ 130.865493774414062, -3.56361198425293 ], [ 130.87249755859375, -3.621112108230591 ], [ 130.8218994140625, -3.819444894790649 ], [ 130.846298217773438, -3.861666917800903 ], [ 130.81829833984375, -3.870556116104126 ] ] ], [ [ [ 124.115196228027344, -8.555559158325195 ], [ 124.050796508789062, -8.5513916015625 ], [ 124.032997131347656, -8.455280303955078 ], [ 124.008903503417969, -8.431392669677734 ], [ 123.931602478027344, -8.468891143798828 ], [ 123.918601989746094, -8.432781219482422 ], [ 123.981597900390625, -8.341875076293945 ], [ 124.048599243164062, -8.30805778503418 ], [ 124.07550048828125, -8.315556526184082 ], [ 124.095298767089844, -8.381391525268555 ], [ 124.25360107421875, -8.185279846191406 ], [ 124.30169677734375, -8.216669082641602 ], [ 124.294700622558594, -8.319725036621094 ], [ 124.162498474121094, -8.527780532836914 ], [ 124.115196228027344, -8.555559158325195 ] ] ], [ [ [ 123.412200927734375, -8.596111297607422 ], [ 123.225799560546875, -8.548615455627441 ], [ 123.26080322265625, -8.492502212524414 ], [ 123.477203369140625, -8.359725952148438 ], [ 123.460800170898438, -8.318891525268555 ], [ 123.363601684570312, -8.317502975463867 ], [ 123.409896850585938, -8.271369934082031 ], [ 123.562202453613281, -8.249170303344727 ], [ 123.512802124023438, -8.351669311523438 ], [ 123.556098937988281, -8.376668930053711 ], [ 123.597702026367188, -8.373336791992188 ], [ 123.6177978515625, -8.240837097167969 ], [ 123.665000915527344, -8.223892211914062 ], [ 123.67669677734375, -8.260002136230469 ], [ 123.794403076171875, -8.181392669677734 ], [ 123.932998657226562, -8.235003471374512 ], [ 123.939102172851562, -8.264169692993164 ], [ 123.730796813964844, -8.381946563720703 ], [ 123.691703796386719, -8.438335418701172 ], [ 123.650001525878906, -8.409168243408203 ], [ 123.571098327636719, -8.473611831665039 ], [ 123.604698181152344, -8.539169311523438 ], [ 123.582199096679688, -8.57194709777832 ], [ 123.544403076171875, -8.572502136230469 ], [ 123.500503540039062, -8.527780532836914 ], [ 123.412200927734375, -8.596111297607422 ] ] ], [ [ [ 138.866897583007812, -8.414724349975586 ], [ 138.5802001953125, -8.376668930053711 ], [ 138.545501708984375, -8.350002288818359 ], [ 138.550796508789062, -8.318891525268555 ], [ 138.676300048828125, -8.185279846191406 ], [ 138.824203491210938, -8.176525115966797 ], [ 138.909896850585938, -8.370555877685547 ], [ 138.866897583007812, -8.414724349975586 ] ] ], [ [ [ 124.365196228027344, -8.46055793762207 ], [ 124.335800170898438, -8.428058624267578 ], [ 124.445503234863281, -8.28111457824707 ], [ 124.543601989746094, -8.235557556152344 ], [ 124.487998962402344, -8.238336563110352 ], [ 124.413299560546875, -8.279726028442383 ], [ 124.393302917480469, -8.253056526184082 ], [ 124.47509765625, -8.135917663574219 ], [ 124.577796936035156, -8.135835647583008 ], [ 124.587196350097656, -8.199722290039062 ], [ 125.084701538085938, -8.154726028442383 ], [ 125.135498046875, -8.227502822875977 ], [ 125.139701843261719, -8.329170227050781 ], [ 125.078598022460938, -8.363611221313477 ], [ 124.528297424316406, -8.443058013916016 ], [ 124.494102478027344, -8.430835723876953 ], [ 124.365196228027344, -8.46055793762207 ] ] ], [ [ [ 128.040206909179688, -8.261945724487305 ], [ 127.830001831054688, -8.203058242797852 ], [ 127.760002136230469, -8.116113662719727 ], [ 127.797599792480469, -8.103755950927734 ], [ 128.100494384765625, -8.138614654541016 ], [ 128.1260986328125, -8.154169082641602 ], [ 128.040206909179688, -8.261945724487305 ] ] ], [ [ [ 117.063301086425781, -9.108058929443359 ], [ 116.75360107421875, -9.013891220092773 ], [ 116.754203796386719, -8.883337020874023 ], [ 116.8218994140625, -8.804725646972656 ], [ 116.771400451660156, -8.668058395385742 ], [ 116.833602905273438, -8.516944885253906 ], [ 116.941902160644531, -8.519725799560547 ], [ 117.214996337890625, -8.386316299438477 ], [ 117.427696228027344, -8.480279922485352 ], [ 117.442703247070312, -8.409725189208984 ], [ 117.565498352050781, -8.411947250366211 ], [ 117.577201843261719, -8.501392364501953 ], [ 117.598297119140625, -8.489725112915039 ], [ 117.598297119140625, -8.439725875854492 ], [ 117.63189697265625, -8.461945533752441 ], [ 117.63330078125, -8.53666877746582 ], [ 117.69110107421875, -8.574447631835938 ], [ 117.7655029296875, -8.596113204956055 ], [ 117.782798767089844, -8.706666946411133 ], [ 117.860298156738281, -8.711391448974609 ], [ 117.966400146484375, -8.748613357543945 ], [ 118.07330322265625, -8.657777786254883 ], [ 118.25360107421875, -8.662502288818359 ], [ 118.286399841308594, -8.63416862487793 ], [ 118.284400939941406, -8.594169616699219 ], [ 118.084098815917969, -8.465280532836914 ], [ 117.987800598144531, -8.476947784423828 ], [ 117.707496643066406, -8.245002746582031 ], [ 117.727203369140625, -8.164447784423828 ], [ 117.921897888183594, -8.08555793762207 ], [ 118.098602294921875, -8.108613967895508 ], [ 118.159698486328125, -8.150003433227539 ], [ 118.243301391601562, -8.330558776855469 ], [ 118.311897277832031, -8.374725341796875 ], [ 118.470001220703125, -8.248336791992188 ], [ 118.643600463867188, -8.292503356933594 ], [ 118.687202453613281, -8.357501983642578 ], [ 118.651603698730469, -8.539169311523438 ], [ 118.687202453613281, -8.525836944580078 ], [ 118.724998474121094, -8.454446792602539 ], [ 118.713302612304688, -8.386114120483398 ], [ 118.779098510742188, -8.308891296386719 ], [ 118.885200500488281, -8.288614273071289 ], [ 118.996902465820312, -8.313613891601562 ], [ 119.051101684570312, -8.478891372680664 ], [ 119.036102294921875, -8.620000839233398 ], [ 119.057502746582031, -8.65389347076416 ], [ 119.134696960449219, -8.636947631835938 ], [ 119.168296813964844, -8.560279846191406 ], [ 119.194999694824219, -8.629447937011719 ], [ 119.112800598144531, -8.754725456237793 ], [ 118.984199523925781, -8.764169692993164 ], [ 118.908599853515625, -8.69111442565918 ], [ 118.704399108886719, -8.744447708129883 ], [ 118.725799560546875, -8.776391983032227 ], [ 118.923599243164062, -8.802780151367188 ], [ 118.9468994140625, -8.839447021484375 ], [ 118.831901550292969, -8.854169845581055 ], [ 118.758598327636719, -8.806114196777344 ], [ 118.610496520996094, -8.82861328125 ], [ 118.470001220703125, -8.872503280639648 ], [ 118.417999267578125, -8.856391906738281 ], [ 118.382499694824219, -8.790002822875977 ], [ 118.441398620605469, -8.663888931274414 ], [ 118.411102294921875, -8.586669921875 ], [ 118.262496948242188, -8.787778854370117 ], [ 118.164398193359375, -8.867780685424805 ], [ 118.028900146484375, -8.854169845581055 ], [ 117.863601684570312, -8.93333625793457 ], [ 117.83270263671875, -8.90583610534668 ], [ 117.368896484375, -9.047225952148438 ], [ 117.243301391601562, -9.016670227050781 ], [ 117.063301086425781, -9.108058929443359 ] ] ], [ [ [ 122.55889892578125, -5.433889865875244 ], [ 122.534400939941406, -5.424446105957031 ], [ 122.547203063964844, -5.335000991821289 ], [ 122.517196655273438, -5.29000186920166 ], [ 122.471397399902344, -5.399724006652832 ], [ 122.428001403808594, -5.396389961242676 ], [ 122.402801513671875, -5.353612899780273 ], [ 122.452201843261719, -5.322224140167236 ], [ 122.412200927734375, -5.313889980316162 ], [ 122.3739013671875, -5.387502193450928 ], [ 122.289703369140625, -5.386946201324463 ], [ 122.273300170898438, -5.322780132293701 ], [ 122.397201538085938, -5.073612213134766 ], [ 122.32659912109375, -4.838056087493896 ], [ 122.38079833984375, -4.748611927032471 ], [ 122.51300048828125, -4.726111888885498 ], [ 122.711997985839844, -4.62004280090332 ], [ 122.749397277832031, -4.747222900390625 ], [ 122.776100158691406, -4.952778816223145 ], [ 122.641899108886719, -5.071668148040771 ], [ 122.597999572753906, -5.185000896453857 ], [ 122.63580322265625, -5.200557231903076 ], [ 122.599403381347656, -5.23944616317749 ], [ 122.654098510742188, -5.265556812286377 ], [ 122.644699096679688, -5.350000858306885 ], [ 122.55889892578125, -5.433889865875244 ] ] ], [ [ [ 121.023300170898438, -8.949724197387695 ], [ 120.869697570800781, -8.880558013916016 ], [ 120.834999084472656, -8.820280075073242 ], [ 120.780799865722656, -8.823892593383789 ], [ 120.762199401855469, -8.873336791992188 ], [ 120.653297424316406, -8.847503662109375 ], [ 120.58270263671875, -8.795280456542969 ], [ 120.25579833984375, -8.831947326660156 ], [ 120.161903381347656, -8.769725799560547 ], [ 119.9364013671875, -8.833890914916992 ], [ 119.932998657226562, -8.869724273681641 ], [ 119.902999877929688, -8.868335723876953 ], [ 119.803596496582031, -8.750558853149414 ], [ 119.797500610351562, -8.581947326660156 ], [ 119.87969970703125, -8.493892669677734 ], [ 119.864402770996094, -8.42194652557373 ], [ 119.991897583007812, -8.446390151977539 ], [ 120.030296325683594, -8.385557174682617 ], [ 120.108596801757812, -8.400279998779297 ], [ 120.199699401855469, -8.301946640014648 ], [ 120.276603698730469, -8.269566535949707 ], [ 120.37640380859375, -8.277502059936523 ], [ 120.425003051757812, -8.230836868286133 ], [ 120.465499877929688, -8.27972412109375 ], [ 120.63189697265625, -8.247779846191406 ], [ 120.727203369140625, -8.32972526550293 ], [ 120.973899841308594, -8.336669921875 ], [ 121.097999572753906, -8.423336029052734 ], [ 121.272796630859375, -8.468891143798828 ], [ 121.400802612304688, -8.586669921875 ], [ 121.478897094726562, -8.57194709777832 ], [ 121.511100769042969, -8.607780456542969 ], [ 121.620201110839844, -8.470003128051758 ], [ 121.683296203613281, -8.515003204345703 ], [ 122.012199401855469, -8.431392669677734 ], [ 122.031898498535156, -8.463336944580078 ], [ 122.019699096679688, -8.504169464111328 ], [ 122.253303527832031, -8.639448165893555 ], [ 122.468597412109375, -8.605558395385742 ], [ 122.508903503417969, -8.557502746582031 ], [ 122.478897094726562, -8.498058319091797 ], [ 122.606101989746094, -8.391668319702148 ], [ 122.768600463867188, -8.35694694519043 ], [ 122.950798034667969, -8.211945533752441 ], [ 122.891899108886719, -8.183334350585938 ], [ 122.752799987792969, -8.234169006347656 ], [ 122.755500793457031, -8.201669692993164 ], [ 122.845298767089844, -8.080835342407227 ], [ 122.978302001953125, -8.145280838012695 ], [ 123.031600952148438, -8.306114196777344 ], [ 122.989997863769531, -8.352781295776367 ], [ 122.936698913574219, -8.336669921875 ], [ 122.894699096679688, -8.390279769897461 ], [ 122.901603698730469, -8.449169158935547 ], [ 122.883903503417969, -8.465280532836914 ], [ 122.810501098632812, -8.429447174072266 ], [ 122.794700622558594, -8.461391448974609 ], [ 122.852996826171875, -8.566947937011719 ], [ 122.844703674316406, -8.59361457824707 ], [ 122.3739013671875, -8.754169464111328 ], [ 122.125801086425781, -8.732500076293945 ], [ 121.782501220703125, -8.888891220092773 ], [ 121.396102905273438, -8.798612594604492 ], [ 121.372200012207031, -8.807502746582031 ], [ 121.374198913574219, -8.88416862487793 ], [ 121.318603515625, -8.924724578857422 ], [ 121.198600769042969, -8.892780303955078 ], [ 121.023300170898438, -8.949724197387695 ] ] ], [ [ [ 104.359199523925781, -0.669444680213928 ], [ 104.327796936035156, -0.532222390174866 ], [ 104.250801086425781, -0.477500110864639 ], [ 104.331596374511719, -0.348611205816269 ], [ 104.340499877929688, -0.430277794599533 ], [ 104.450302124023438, -0.343888998031616 ], [ 104.485298156738281, -0.348212003707886 ], [ 104.584701538085938, -0.443888902664185 ], [ 104.593597412109375, -0.484444588422775 ], [ 104.535202026367188, -0.521944582462311 ], [ 104.507797241210938, -0.6177778840065 ], [ 104.468902587890625, -0.614444613456726 ], [ 104.432502746582031, -0.575555682182312 ], [ 104.400299072265625, -0.598055720329285 ], [ 104.382499694824219, -0.662500083446503 ], [ 104.359199523925781, -0.669444680213928 ] ] ], [ [ [ 96.336090087890625, 2.351387977600098 ], [ 96.071640014648438, 2.570554971694946 ], [ 95.972198486328125, 2.608055114746094 ], [ 95.883872985839844, 2.616944074630737 ], [ 95.818862915039062, 2.654721975326538 ], [ 95.73248291015625, 2.757221937179565 ], [ 95.695533752441406, 2.780555009841919 ], [ 95.696907043457031, 2.818887948989868 ], [ 95.792213439941406, 2.938611030578613 ], [ 95.900253295898438, 2.878611087799072 ], [ 95.923027038574219, 2.842221975326538 ], [ 96.11358642578125, 2.744443893432617 ], [ 96.095542907714844, 2.656666040420532 ], [ 96.1544189453125, 2.688333034515381 ], [ 96.37664794921875, 2.471944093704224 ], [ 96.425811767578125, 2.504722118377686 ], [ 96.48358154296875, 2.377500057220459 ], [ 96.457366943359375, 2.354819059371948 ], [ 96.336090087890625, 2.351387977600098 ] ] ], [ [ [ 104.934097290039062, -0.333611190319061 ], [ 104.773002624511719, -0.261666804552078 ], [ 104.735298156738281, -0.216944500803947 ], [ 104.677696228027344, -0.211666703224182 ], [ 104.536598205566406, -0.2733334004879 ], [ 104.440803527832031, -0.221111103892326 ], [ 104.432502746582031, -0.184166699647903 ], [ 104.506599426269531, -0.12111110240221 ], [ 104.562797546386719, 0.021388880908489 ], [ 104.676399230957031, -0.060000009834766 ], [ 104.758598327636719, -0.186944499611855 ], [ 104.815498352050781, -0.195833399891853 ], [ 104.838302612304688, -0.136111095547676 ], [ 105.008003234863281, -0.28000009059906 ], [ 104.921699523925781, -0.28000009059906 ], [ 104.934097290039062, -0.333611190319061 ] ] ], [ [ [ 127.159103393554688, -0.532222390174866 ], [ 127.112503051757812, -0.507500112056732 ], [ 127.105003356933594, -0.297222286462784 ], [ 127.185302734375, -0.260833412408829 ], [ 127.292198181152344, -0.281388908624649 ], [ 127.220001220703125, -0.511111080646515 ], [ 127.159103393554688, -0.532222390174866 ] ] ], [ [ [ 98.420806884765625, -0.587777972221375 ], [ 98.276092529296875, -0.528055787086487 ], [ 98.350807189941406, -0.472500085830688 ], [ 98.421371459960938, -0.251388996839523 ], [ 98.445533752441406, -0.25194451212883 ], [ 98.511093139648438, -0.409722298383713 ], [ 98.50164794921875, -0.557778000831604 ], [ 98.462478637695312, -0.563889026641846 ], [ 98.464706420898438, -0.528889119625092 ], [ 98.41802978515625, -0.543888986110687 ], [ 98.420806884765625, -0.587777972221375 ] ] ], [ [ [ 102.389701843261719, 0.922499775886536 ], [ 102.264396667480469, 1.029443979263306 ], [ 102.231399536132812, 1.099166035652161 ], [ 102.246597290039062, 1.192499995231628 ], [ 102.201896667480469, 1.278887987136841 ], [ 102.208900451660156, 1.402222037315369 ], [ 102.277496337890625, 1.411666035652161 ], [ 102.477500915527344, 1.206220030784607 ], [ 102.446601867675781, 1.063055038452148 ], [ 102.468597412109375, 0.969721972942352 ], [ 102.389701843261719, 0.922499775886536 ] ] ], [ [ [ 126.688003540039062, 3.987221956253052 ], [ 126.665802001953125, 4.026943206787109 ], [ 126.789703369140625, 4.22999906539917 ], [ 126.685501098632812, 4.326664924621582 ], [ 126.740501403808594, 4.541943073272705 ], [ 126.859703063964844, 4.486942768096924 ], [ 126.916099548339844, 4.27361011505127 ], [ 126.795799255371094, 4.1441650390625 ], [ 126.80999755859375, 4.024721145629883 ], [ 126.688003540039062, 3.987221956253052 ] ] ], [ [ [ 127.753898620605469, -0.888611316680908 ], [ 127.655799865722656, -0.830277800559998 ], [ 127.645500183105469, -0.766666889190674 ], [ 127.572998046875, -0.778333425521851 ], [ 127.480499267578125, -0.822777986526489 ], [ 127.453903198242188, -0.809722423553467 ], [ 127.43389892578125, -0.747500121593475 ], [ 127.470802307128906, -0.653611183166504 ], [ 127.303596496582031, -0.519166827201843 ], [ 127.288597106933594, -0.458889007568359 ], [ 127.3240966796875, -0.412222295999527 ], [ 127.318000793457031, -0.344444513320923 ], [ 127.367996215820312, -0.328888893127441 ], [ 127.433296203613281, -0.414444506168365 ], [ 127.455299377441406, -0.415833413600922 ], [ 127.531402587890625, -0.310308188199997 ], [ 127.598297119140625, -0.358888894319534 ], [ 127.681900024414062, -0.463055700063705 ], [ 127.603897094726562, -0.609722375869751 ], [ 127.651901245117188, -0.708333492279053 ], [ 127.831901550292969, -0.710555672645569 ], [ 127.896400451660156, -0.776111125946045 ], [ 127.841598510742188, -0.853055596351624 ], [ 127.753898620605469, -0.888611316680908 ] ] ], [ [ [ 121.969703674316406, -5.47777795791626 ], [ 121.814697265625, -5.286667823791504 ], [ 121.834701538085938, -5.168612003326416 ], [ 121.881401062011719, -5.146667957305908 ], [ 121.855796813964844, -5.103612899780273 ], [ 121.907997131347656, -5.060000896453857 ], [ 121.922500610351562, -5.098889827728271 ], [ 121.981201171875, -5.080972194671631 ], [ 122.066398620605469, -5.201388835906982 ], [ 122.048599243164062, -5.450277805328369 ], [ 121.969703674316406, -5.47777795791626 ] ] ], [ [ [ 107.002899169921875, -6.018220901489258 ], [ 107.032997131347656, -5.914721965789795 ], [ 107.181602478027344, -5.985557079315186 ], [ 107.279098510742188, -5.952777862548828 ], [ 107.650497436523438, -6.250000953674316 ], [ 107.723899841308594, -6.249444961547852 ], [ 107.829399108886719, -6.188056945800781 ], [ 108.105499267578125, -6.343335151672363 ], [ 108.190498352050781, -6.333889961242676 ], [ 108.217201232910156, -6.265000820159912 ], [ 108.315299987792969, -6.263057231903076 ], [ 108.546096801757812, -6.508057117462158 ], [ 108.590797424316406, -6.736112117767334 ], [ 108.630500793457031, -6.778335094451904 ], [ 108.786102294921875, -6.818335056304932 ], [ 108.830001831054688, -6.793889999389648 ], [ 108.922500610351562, -6.847778797149658 ], [ 108.989402770996094, -6.843057155609131 ], [ 108.996902465820312, -6.79861307144165 ], [ 109.040802001953125, -6.794723987579346 ], [ 109.136100769042969, -6.856667995452881 ], [ 109.307998657226562, -6.883057117462158 ], [ 109.451400756835938, -6.856667995452881 ], [ 109.491096496582031, -6.80694580078125 ], [ 109.866600036621094, -6.917778968811035 ], [ 110.032501220703125, -6.923335075378418 ], [ 110.182502746582031, -6.862780094146729 ], [ 110.266098022460938, -6.929446220397949 ], [ 110.396400451660156, -6.978332996368408 ], [ 110.494400024414062, -6.931944847106934 ], [ 110.627998352050781, -6.731389999389648 ], [ 110.672500610351562, -6.506111145019531 ], [ 110.781402587890625, -6.437222957611084 ], [ 111.023300170898438, -6.429722785949707 ], [ 111.152801513671875, -6.700002193450928 ], [ 111.410499572753906, -6.706944942474365 ], [ 111.500297546386719, -6.632779121398926 ], [ 111.716903686523438, -6.774168014526367 ], [ 111.877197265625, -6.819724082946777 ], [ 111.956596374511719, -6.78305721282959 ], [ 111.992202758789062, -6.795279979705811 ], [ 112.078598022460938, -6.906946182250977 ], [ 112.126602172851562, -6.913610935211182 ], [ 112.257499694824219, -6.887222766876221 ], [ 112.550796508789062, -6.91722297668457 ], [ 112.580802917480469, -6.872223854064941 ], [ 112.606399536132812, -6.921112060546875 ], [ 112.579696655273438, -6.976944923400879 ], [ 112.612503051757812, -7.046391010284424 ], [ 112.609703063964844, -7.096110820770264 ], [ 112.676902770996094, -7.165278911590576 ], [ 112.675498962402344, -7.196668148040771 ], [ 112.609199523925781, -7.210834980010986 ], [ 112.700798034667969, -7.25444507598877 ], [ 112.759101867675781, -7.203334808349609 ], [ 112.791397094726562, -7.219168186187744 ], [ 112.828903198242188, -7.297223091125488 ], [ 112.75689697265625, -7.540556907653809 ], [ 112.845497131347656, -7.599723815917969 ], [ 113.303901672363281, -7.792500972747803 ], [ 113.429397583007812, -7.733335018157959 ], [ 113.792999267578125, -7.728611946105957 ], [ 114.041900634765625, -7.613057136535645 ], [ 114.146102905273438, -7.706944942474365 ], [ 114.385200500488281, -7.760557174682617 ], [ 114.466102600097656, -7.830556869506836 ], [ 114.357200622558594, -8.440280914306641 ], [ 114.387199401855469, -8.532501220703125 ], [ 114.415496826171875, -8.453058242797852 ], [ 114.461402893066406, -8.629446029663086 ], [ 114.498298645019531, -8.622503280639648 ], [ 114.622200012207031, -8.710002899169922 ], [ 114.610000610351562, -8.769725799560547 ], [ 114.5552978515625, -8.781948089599609 ], [ 114.363296508789062, -8.735836029052734 ], [ 114.395500183105469, -8.6875 ], [ 114.375503540039062, -8.653059005737305 ], [ 114.27020263671875, -8.608334541320801 ], [ 114.097999572753906, -8.640836715698242 ], [ 113.841903686523438, -8.550834655761719 ], [ 113.803298950195312, -8.501392364501953 ], [ 113.721397399902344, -8.531112670898438 ], [ 113.6322021484375, -8.456668853759766 ], [ 113.529403686523438, -8.436391830444336 ], [ 113.325302124023438, -8.312225341796875 ], [ 113.20159912109375, -8.277502059936523 ], [ 113.079696655273438, -8.292503356933594 ], [ 112.918899536132812, -8.397502899169922 ], [ 112.866096496582031, -8.396945953369141 ], [ 112.662498474121094, -8.445837020874023 ], [ 112.336402893066406, -8.335836410522461 ], [ 112.242500305175781, -8.348892211914062 ], [ 111.780502319335938, -8.262781143188477 ], [ 111.760002136230469, -8.330558776855469 ], [ 111.713302612304688, -8.296667098999023 ], [ 111.694999694824219, -8.373336791992188 ], [ 111.359703063964844, -8.261947631835938 ], [ 111.161102294921875, -8.284444808959961 ], [ 111.139701843261719, -8.25111198425293 ], [ 111.017799377441406, -8.256669998168945 ], [ 110.938301086425781, -8.226667404174805 ], [ 110.714996337890625, -8.196945190429688 ], [ 110.358001708984375, -8.055002212524414 ], [ 109.905799865722656, -7.840001106262207 ], [ 109.720497131347656, -7.800557136535645 ], [ 109.414398193359375, -7.774724006652832 ], [ 109.388900756835938, -7.719724178314209 ], [ 108.896896362304688, -7.695279121398926 ], [ 108.868896484375, -7.61111307144165 ], [ 108.779701232910156, -7.681667804718018 ], [ 108.6885986328125, -7.676391124725342 ], [ 108.678298950195312, -7.723333835601807 ], [ 108.627799987792969, -7.686389923095703 ], [ 108.5166015625, -7.70416784286499 ], [ 108.476898193359375, -7.803335189819336 ], [ 107.854698181152344, -7.725834846496582 ], [ 107.553298950195312, -7.542500019073486 ], [ 106.941902160644531, -7.437778949737549 ], [ 106.407997131347656, -7.368611812591553 ], [ 106.38330078125, -7.236667156219482 ], [ 106.470497131347656, -7.183056831359863 ], [ 106.458900451660156, -7.143056869506836 ], [ 106.535499572753906, -7.08250093460083 ], [ 106.545799255371094, -7.045001029968262 ], [ 106.527496337890625, -6.988612174987793 ], [ 106.447196960449219, -6.96611213684082 ], [ 106.322502136230469, -7.001389980316162 ], [ 106.102500915527344, -6.86944580078125 ], [ 105.979698181152344, -6.828611850738525 ], [ 105.545501708984375, -6.873611927032471 ], [ 105.302200317382812, -6.815834999084473 ], [ 105.285003662109375, -6.846391201019287 ], [ 105.25140380859375, -6.843057155609131 ], [ 105.220497131347656, -6.76666784286499 ], [ 105.276100158691406, -6.761944770812988 ], [ 105.341102600097656, -6.67694616317749 ], [ 105.378898620605469, -6.67500114440918 ], [ 105.428298950195312, -6.775556087493896 ], [ 105.484397888183594, -6.816390037536621 ], [ 105.630203247070312, -6.620556831359863 ], [ 105.631599426269531, -6.476111888885498 ], [ 105.663299560546875, -6.452778816223145 ], [ 105.720802307128906, -6.516945838928223 ], [ 105.814102172851562, -6.439167976379395 ], [ 105.876899719238281, -6.081667900085449 ], [ 106.017501831054688, -5.899724006652832 ], [ 106.075798034667969, -5.881946086883545 ], [ 106.104400634765625, -5.901113033294678 ], [ 106.113601684570312, -5.989168167114258 ], [ 106.142997741699219, -6.00750207901001 ], [ 106.203300476074219, -6.012779235839844 ], [ 106.242996215820312, -5.950279235839844 ], [ 106.285499572753906, -5.943335056304932 ], [ 106.486099243164062, -6.043612003326416 ], [ 106.705001831054688, -6.015000820159912 ], [ 106.761100769042969, -6.100834846496582 ], [ 107.002998352050781, -6.075555801391602 ], [ 107.002899169921875, -6.018220901489258 ] ] ], [ [ [ 120.481903076171875, -6.483613014221191 ], [ 120.459999084472656, -6.381391048431396 ], [ 120.467498779296875, -6.2744460105896 ], [ 120.428596496582031, -6.190834999084473 ], [ 120.455299377441406, -5.817224025726318 ], [ 120.474998474121094, -5.7688889503479 ], [ 120.495697021484375, -5.787068843841553 ], [ 120.559402465820312, -6.006112098693848 ], [ 120.504402160644531, -6.424445152282715 ], [ 120.481903076171875, -6.483613014221191 ] ] ], [ [ [ 128.117706298828125, -3.776945114135742 ], [ 128.117202758789062, -3.755834102630615 ], [ 128.215805053710938, -3.655833959579468 ], [ 128.174697875976562, -3.658612012863159 ], [ 127.988296508789062, -3.773612022399902 ], [ 127.942497253417969, -3.771389007568359 ], [ 127.915496826171875, -3.72972297668457 ], [ 127.916397094726562, -3.692223072052002 ], [ 128.037796020507812, -3.593378067016602 ], [ 128.155502319335938, -3.594444990158081 ], [ 128.234405517578125, -3.528889894485474 ], [ 128.32049560546875, -3.514445066452026 ], [ 128.346099853515625, -3.530000925064087 ], [ 128.33770751953125, -3.62166690826416 ], [ 128.307693481445312, -3.639445066452026 ], [ 128.257400512695312, -3.614166975021362 ], [ 128.282196044921875, -3.688055992126465 ], [ 128.117706298828125, -3.776945114135742 ] ] ], [ [ [ 130.120803833007812, -2.066112041473389 ], [ 129.866592407226562, -1.980556011199951 ], [ 129.724105834960938, -1.89833402633667 ], [ 129.717697143554688, -1.881111025810242 ], [ 130.116104125976562, -1.729166984558105 ], [ 130.353897094726562, -1.685444951057434 ], [ 130.348297119140625, -1.74083399772644 ], [ 130.423599243164062, -1.809999942779541 ], [ 130.411300659179688, -1.882500052452087 ], [ 130.343597412109375, -1.911388993263245 ], [ 130.358001708984375, -1.939445018768311 ], [ 130.433303833007812, -1.967499971389771 ], [ 130.383895874023438, -2.010000944137573 ], [ 130.344894409179688, -1.999722003936768 ], [ 130.338592529296875, -1.9563889503479 ], [ 130.255203247070312, -2.048333883285522 ], [ 130.120803833007812, -2.066112041473389 ] ] ], [ [ [ 125.432197570800781, -1.953889012336731 ], [ 125.438301086425781, -1.896389007568359 ], [ 125.379402160644531, -1.859444975852966 ], [ 125.354103088378906, -1.8872230052948 ], [ 125.334999084472656, -1.845000028610229 ], [ 125.374198913574219, -1.781111001968384 ], [ 125.415397644042969, -1.783682942390442 ], [ 125.438301086425781, -1.806666970252991 ], [ 125.722702026367188, -1.816666960716248 ], [ 125.988601684570312, -1.788889050483704 ], [ 126.348602294921875, -1.816666960716248 ], [ 126.288002014160156, -1.864722013473511 ], [ 125.432197570800781, -1.953889012336731 ] ] ], [ [ [ 131.300201416015625, -8.028614044189453 ], [ 131.301605224609375, -7.950002193450928 ], [ 131.263900756835938, -7.960278987884521 ], [ 131.24749755859375, -8.005002975463867 ], [ 131.13299560546875, -8.011669158935547 ], [ 131.108901977539062, -7.981112003326416 ], [ 131.082992553710938, -7.86111307144165 ], [ 131.153594970703125, -7.743611812591553 ], [ 131.120498657226562, -7.735279083251953 ], [ 131.116302490234375, -7.697501182556152 ], [ 131.139694213867188, -7.682500839233398 ], [ 131.181594848632812, -7.716391086578369 ], [ 131.245193481445312, -7.711668014526367 ], [ 131.179397583007812, -7.662777900695801 ], [ 131.237701416015625, -7.488335132598877 ], [ 131.32220458984375, -7.42166805267334 ], [ 131.389999389648438, -7.394444942474365 ], [ 131.393295288085938, -7.348888874053955 ], [ 131.617996215820312, -7.121112823486328 ], [ 131.649002075195312, -7.116940021514893 ], [ 131.6488037109375, -7.168889999389648 ], [ 131.707199096679688, -7.13666820526123 ], [ 131.742706298828125, -7.20750093460083 ], [ 131.646896362304688, -7.242778778076172 ], [ 131.678298950195312, -7.461668014526367 ], [ 131.57220458984375, -7.70416784286499 ], [ 131.468795776367188, -7.764723777770996 ], [ 131.430206298828125, -7.821668148040771 ], [ 131.376907348632812, -7.863891124725342 ], [ 131.334396362304688, -8.008890151977539 ], [ 131.300201416015625, -8.028614044189453 ] ] ], [ [ [ 126.688301086425781, -3.83583402633667 ], [ 126.178596496582031, -3.597222089767456 ], [ 126.017501831054688, -3.354444980621338 ], [ 126.009101867675781, -3.177778959274292 ], [ 126.07080078125, -3.116111993789673 ], [ 126.12969970703125, -3.123337984085083 ], [ 126.177200317382812, -3.172223091125488 ], [ 126.212196350097656, -3.175833940505981 ], [ 126.281402587890625, -3.10805606842041 ], [ 126.729400634765625, -3.058612108230591 ], [ 126.834999084472656, -3.076389074325562 ], [ 127.096603393554688, -3.206666946411133 ], [ 127.116600036621094, -3.269443988800049 ], [ 127.050796508789062, -3.266666889190674 ], [ 127.052200317382812, -3.328332901000977 ], [ 127.091903686523438, -3.370001077651978 ], [ 127.256401062011719, -3.370001077651978 ], [ 127.23919677734375, -3.606667995452881 ], [ 127.214698791503906, -3.657222986221313 ], [ 127.025497436523438, -3.696944952011108 ], [ 126.921897888183594, -3.775000095367432 ], [ 126.688301086425781, -3.83583402633667 ] ] ], [ [ [ 102.279998779296875, -5.499445915222168 ], [ 102.099098205566406, -5.33777904510498 ], [ 102.163002014160156, -5.277780055999756 ], [ 102.38079833984375, -5.372500896453857 ], [ 102.404701232910156, -5.410278797149658 ], [ 102.377601623535156, -5.487434864044189 ], [ 102.279998779296875, -5.499445915222168 ] ] ], [ [ [ 134.197998046875, -6.921946048736572 ], [ 134.069900512695312, -6.830833911895752 ], [ 134.050796508789062, -6.768056869506836 ], [ 134.104095458984375, -6.463057041168213 ], [ 134.208297729492188, -6.506668090820312 ], [ 134.186294555664062, -6.450835227966309 ], [ 134.147506713867188, -6.465279102325439 ], [ 134.115203857421875, -6.422224044799805 ], [ 134.123397827148438, -6.172340869903564 ], [ 134.462493896484375, -6.464019775390625 ], [ 134.4949951171875, -6.63666820526123 ], [ 134.389999389648438, -6.723056793212891 ], [ 134.326400756835938, -6.851666927337646 ], [ 134.197998046875, -6.921946048736572 ] ] ], [ [ [ 132.741302490234375, -5.950279235839844 ], [ 132.656906127929688, -5.847778797149658 ], [ 132.6824951171875, -5.735557079315186 ], [ 132.619400024414062, -5.616668224334717 ], [ 132.69940185546875, -5.595833778381348 ], [ 132.808303833007812, -5.80694580078125 ], [ 132.783004760742188, -5.92361307144165 ], [ 132.741302490234375, -5.950279235839844 ] ] ], [ [ [ 123.2572021484375, -1.626389026641846 ], [ 123.122200012207031, -1.592777967453003 ], [ 123.110000610351562, -1.565556049346924 ], [ 123.179702758789062, -1.511945009231567 ], [ 123.165496826171875, -1.307222008705139 ], [ 123.093597412109375, -1.35027801990509 ], [ 122.919998168945312, -1.581110954284668 ], [ 122.881103515625, -1.595556020736694 ], [ 122.806396484375, -1.457221984863281 ], [ 122.822196960449219, -1.314723014831543 ], [ 122.897499084472656, -1.186666965484619 ], [ 123.181098937988281, -1.146111011505127 ], [ 123.237503051757812, -1.21416699886322 ], [ 123.194999694824219, -1.297500014305115 ], [ 123.230499267578125, -1.398888945579529 ], [ 123.37249755859375, -1.225000023841858 ], [ 123.554496765136719, -1.310585975646973 ], [ 123.531402587890625, -1.434721946716309 ], [ 123.418296813964844, -1.520277976989746 ], [ 123.361396789550781, -1.514166951179504 ], [ 123.323600769042969, -1.424445033073425 ], [ 123.292800903320312, -1.420832991600037 ], [ 123.255203247070312, -1.486111044883728 ], [ 123.2572021484375, -1.626389026641846 ] ] ], [ [ [ 127.557197570800781, -1.741389036178589 ], [ 127.398300170898438, -1.661944985389709 ], [ 127.37969970703125, -1.618056058883667 ], [ 127.422203063964844, -1.417500019073486 ], [ 127.492202758789062, -1.451112031936646 ], [ 127.612197875976562, -1.338055968284607 ], [ 127.708000183105469, -1.345000028610229 ], [ 128.119094848632812, -1.564167022705078 ], [ 128.156906127929688, -1.615556001663208 ], [ 128.147994995117188, -1.67638897895813 ], [ 128.089706420898438, -1.71416699886322 ], [ 127.713600158691406, -1.688055992126465 ], [ 127.557197570800781, -1.741389036178589 ] ] ], [ [ [ 132.852203369140625, -5.999166965484619 ], [ 132.882400512695312, -5.842501163482666 ], [ 133.114105224609375, -5.302223205566406 ], [ 133.177902221679688, -5.304206848144531 ], [ 133.111892700195312, -5.591667175292969 ], [ 132.969406127929688, -5.743055820465088 ], [ 132.852203369140625, -5.999166965484619 ] ] ], [ [ [ 116.096397399902344, -4.069724082946777 ], [ 116.053298950195312, -4.041666984558105 ], [ 116.05999755859375, -3.963612079620361 ], [ 116.093002319335938, -3.941668033599854 ], [ 116.008003234863281, -3.693612098693848 ], [ 116.042198181152344, -3.489722013473511 ], [ 116.180000305175781, -3.28444504737854 ], [ 116.262199401855469, -3.223056077957153 ], [ 116.27130126953125, -3.285403966903687 ], [ 116.256599426269531, -3.407778024673462 ], [ 116.319099426269531, -3.475277900695801 ], [ 116.293601989746094, -3.615556001663208 ], [ 116.30889892578125, -3.895277976989746 ], [ 116.096397399902344, -4.069724082946777 ] ] ], [ [ [ 134.559097290039062, -6.358334064483643 ], [ 134.347305297851562, -6.210001945495605 ], [ 134.26800537109375, -6.117224216461182 ], [ 134.31939697265625, -5.967779159545898 ], [ 134.285202026367188, -5.926945209503174 ], [ 134.380203247070312, -5.810556888580322 ], [ 134.360504150390625, -5.786667823791504 ], [ 134.257705688476562, -5.768889904022217 ], [ 134.205001831054688, -5.732779979705811 ], [ 134.224700927734375, -5.685555934906006 ], [ 134.341293334960938, -5.724445819854736 ], [ 134.51519775390625, -5.436563968658447 ], [ 134.62860107421875, -5.446946144104004 ], [ 134.680496215820312, -5.564167976379395 ], [ 134.651092529296875, -5.592223167419434 ], [ 134.742996215820312, -5.640000820159912 ], [ 134.726303100585938, -5.728612899780273 ], [ 134.736099243164062, -5.794167995452881 ], [ 134.701095581054688, -5.834167003631592 ], [ 134.7572021484375, -5.88472318649292 ], [ 134.727203369140625, -5.916112899780273 ], [ 134.729095458984375, -5.979444980621338 ], [ 134.63519287109375, -5.948057174682617 ], [ 134.748306274414062, -6.060555934906006 ], [ 134.77020263671875, -6.106945991516113 ], [ 134.681304931640625, -6.193334102630615 ], [ 134.753799438476562, -6.163611888885498 ], [ 134.727203369140625, -6.275835037231445 ], [ 134.681900024414062, -6.333055973052979 ], [ 134.559097290039062, -6.358334064483643 ] ] ], [ [ [ 128.27679443359375, 2.017081022262573 ], [ 128.236892700195312, 2.228888034820557 ], [ 128.19189453125, 2.271388053894043 ], [ 128.43359375, 2.571110010147095 ], [ 128.564697265625, 2.632776975631714 ], [ 128.685195922851562, 2.479444026947021 ], [ 128.69189453125, 2.414999008178711 ], [ 128.531600952148438, 2.078054904937744 ], [ 128.469894409179688, 2.043888092041016 ], [ 128.27679443359375, 2.017081022262573 ] ] ], [ [ [ 115.487297058105469, 3.027842998504639 ], [ 115.57080078125, 3.417777061462402 ], [ 115.626602172851562, 3.426666021347046 ], [ 115.571403503417969, 3.6127769947052 ], [ 115.616401672363281, 3.854166030883789 ], [ 115.564399719238281, 3.9063880443573 ], [ 115.758003234863281, 4.236385822296143 ], [ 115.851898193359375, 4.279444217681885 ], [ 115.856597900390625, 4.343053817749023 ], [ 115.886398315429688, 4.368052959442139 ], [ 116.054100036621094, 4.277221202850342 ], [ 116.166900634765625, 4.375831127166748 ], [ 116.349700927734375, 4.37083101272583 ], [ 116.451400756835938, 4.295276165008545 ], [ 116.525802612304688, 4.317498207092285 ], [ 116.521598815917969, 4.366108894348145 ], [ 116.570297241210938, 4.386108875274658 ], [ 116.641899108886719, 4.334721088409424 ], [ 116.69439697265625, 4.331943035125732 ], [ 116.742698669433594, 4.373054027557373 ], [ 116.830497741699219, 4.330832004547119 ], [ 117.233299255371094, 4.359164237976074 ], [ 117.44329833984375, 4.192776203155518 ], [ 117.588096618652344, 4.171236038208008 ], [ 117.51409912109375, 4.111664772033691 ], [ 117.384696960449219, 4.145832061767578 ], [ 117.468299865722656, 4.080276012420654 ], [ 117.467498779296875, 4.033053874969482 ], [ 117.518302917480469, 4.047499179840088 ], [ 117.69219970703125, 3.905833005905151 ], [ 117.63690185546875, 3.894165992736816 ], [ 117.5614013671875, 3.935276985168457 ], [ 117.521102905273438, 3.927777051925659 ], [ 117.705299377441406, 3.86972188949585 ], [ 117.782203674316406, 3.788887977600098 ], [ 117.777999877929688, 3.767220973968506 ], [ 117.727203369140625, 3.77805495262146 ], [ 117.720497131347656, 3.756109952926636 ], [ 117.825798034667969, 3.72472095489502 ], [ 117.830802917480469, 3.706387996673584 ], [ 117.750503540039062, 3.635277032852173 ], [ 117.620201110839844, 3.629722118377686 ], [ 117.548301696777344, 3.662498950958252 ], [ 117.469703674316406, 3.788887977600098 ], [ 117.522499084472656, 3.634443998336792 ], [ 117.502998352050781, 3.605833053588867 ], [ 117.176902770996094, 3.648055076599121 ], [ 117.050796508789062, 3.634443998336792 ], [ 117.030296325683594, 3.594166040420532 ], [ 117.124198913574219, 3.620831966400146 ], [ 117.20770263671875, 3.612499952316284 ], [ 117.212799072265625, 3.52027702331543 ], [ 117.260498046875, 3.478610992431641 ], [ 117.444099426269531, 3.430555105209351 ], [ 117.440803527832031, 3.372498989105225 ], [ 117.341400146484375, 3.228055000305176 ], [ 117.260002136230469, 3.256109952926636 ], [ 117.279701232910156, 3.215832948684692 ], [ 117.457199096679688, 3.166666030883789 ], [ 117.455299377441406, 3.122776985168457 ], [ 117.619697570800781, 3.088609933853149 ], [ 117.63189697265625, 3.047498941421509 ], [ 117.5697021484375, 2.975554943084717 ], [ 117.662200927734375, 2.992777109146118 ], [ 117.682701110839844, 2.959999084472656 ], [ 117.540298461914062, 2.920277118682861 ], [ 117.731903076171875, 2.895555019378662 ], [ 117.668296813964844, 2.871665954589844 ], [ 117.6177978515625, 2.808609962463379 ], [ 117.745002746582031, 2.784720897674561 ], [ 117.788299560546875, 2.745831966400146 ], [ 117.795799255371094, 2.678055047988892 ], [ 118.08270263671875, 2.326109886169434 ], [ 117.875297546386719, 2.070554971694946 ], [ 117.88690185546875, 2.039721012115479 ], [ 117.740798950195312, 2.037776947021484 ], [ 117.840301513671875, 1.994722008705139 ], [ 117.862197875976562, 1.876665949821472 ], [ 118.000503540039062, 1.78916597366333 ], [ 118.135002136230469, 1.646111011505127 ], [ 118.3905029296875, 1.504721999168396 ], [ 118.404403686523438, 1.438333034515381 ], [ 118.612503051757812, 1.341110944747925 ], [ 118.864700317382812, 1.048055052757263 ], [ 118.922500610351562, 1.072499990463257 ], [ 119.005203247070312, 1.03916597366333 ], [ 118.999198913574219, 0.963055372238159 ], [ 118.824996948242188, 0.81499981880188 ], [ 118.779998779296875, 0.800555288791656 ], [ 118.673599243164062, 0.84499979019165 ], [ 118.364700317382812, 0.808888673782349 ], [ 118.063003540039062, 0.925277709960938 ], [ 117.985000610351562, 1.073333024978638 ], [ 117.894401550292969, 1.119722008705139 ], [ 117.890296936035156, 1.094444036483765 ], [ 117.94110107421875, 1.021944046020508 ], [ 118.035003662109375, 0.810277581214905 ], [ 118.01300048828125, 0.784166514873505 ], [ 117.893898010253906, 0.833610892295837 ], [ 117.75250244140625, 0.74999988079071 ], [ 117.534103393554688, 0.320277690887451 ], [ 117.524398803710938, 0.251666605472565 ], [ 117.467498779296875, 0.103611096739769 ], [ 117.527801513671875, -0.040277779102325 ], [ 117.477203369140625, -0.106111101806164 ], [ 117.43609619140625, -0.267777889966965 ], [ 117.500503540039062, -0.36222231388092 ], [ 117.441596984863281, -0.524042010307312 ], [ 117.629997253417969, -0.421944588422775 ], [ 117.630500793457031, -0.451389014720917 ], [ 117.546401977539062, -0.502777874469757 ], [ 117.597198486328125, -0.527500212192535 ], [ 117.562797546386719, -0.664444625377655 ], [ 117.490798950195312, -0.711111187934875 ], [ 117.604698181152344, -0.734444499015808 ], [ 117.625297546386719, -0.761944472789764 ], [ 117.613601684570312, -0.791389107704163 ], [ 117.449699401855469, -0.824722290039062 ], [ 117.451103210449219, -0.872777879238129 ], [ 117.424400329589844, -0.883055686950684 ], [ 117.38330078125, -0.841944575309753 ], [ 117.336601257324219, -0.902222394943237 ], [ 117.290000915527344, -0.806388974189758 ], [ 116.990501403808594, -1.225556015968323 ], [ 116.815299987792969, -1.272222995758057 ], [ 116.737197875976562, -1.031666994094849 ], [ 116.711601257324219, -1.132500052452087 ], [ 116.787803649902344, -1.248334050178528 ], [ 116.755500793457031, -1.367499947547913 ], [ 116.593902587890625, -1.432500004768372 ], [ 116.530799865722656, -1.499722003936768 ], [ 116.564399719238281, -1.586666941642761 ], [ 116.535499572753906, -1.627223014831543 ], [ 116.325302124023438, -1.70305597782135 ], [ 116.227203369140625, -1.793612003326416 ], [ 116.269699096679688, -1.812777996063232 ], [ 116.396400451660156, -1.76555597782135 ], [ 116.446403503417969, -1.783889055252075 ], [ 116.459396362304688, -1.92305600643158 ], [ 116.4375, -2.072222948074341 ], [ 116.350502014160156, -2.101666927337646 ], [ 116.280502319335938, -2.170278072357178 ], [ 116.379997253417969, -2.145555973052979 ], [ 116.414398193359375, -2.214168071746826 ], [ 116.604698181152344, -2.190834045410156 ], [ 116.597198486328125, -2.270833969116211 ], [ 116.51300048828125, -2.556945085525513 ], [ 116.474700927734375, -2.561110973358154 ], [ 116.464401245117188, -2.516666889190674 ], [ 116.417800903320312, -2.494723081588745 ], [ 116.301902770996094, -2.536390066146851 ], [ 116.339698791503906, -2.572778940200806 ], [ 116.392501831054688, -2.572222948074341 ], [ 116.3739013671875, -2.845834016799927 ], [ 116.341598510742188, -2.916388988494873 ], [ 116.242202758789062, -3.01555609703064 ], [ 116.221099853515625, -3.002501010894775 ], [ 116.151100158691406, -2.826111078262329 ], [ 116.13189697265625, -2.823333978652954 ], [ 116.109397888183594, -3.010277986526489 ], [ 116.264999389648438, -3.120277881622314 ], [ 116.26409912109375, -3.144444942474365 ], [ 116.160797119140625, -3.165555953979492 ], [ 116.188003540039062, -3.218889951705933 ], [ 116.179100036621094, -3.261945009231567 ], [ 116.12359619140625, -3.276388883590698 ], [ 116.171699523925781, -3.228333950042725 ], [ 116.129997253417969, -3.234723091125488 ], [ 116.089401245117188, -3.283056020736694 ], [ 115.989402770996094, -3.573889970779419 ], [ 115.964103698730469, -3.610001087188721 ], [ 115.148002624511719, -3.954721927642822 ], [ 114.706596374511719, -4.176945209503174 ], [ 114.635200500488281, -4.185000896453857 ], [ 114.611396789550781, -4.146945953369141 ], [ 114.601898193359375, -3.655833959579468 ], [ 114.521598815917969, -3.530833959579468 ], [ 114.545501708984375, -3.349445104598999 ], [ 114.481101989746094, -3.498610973358154 ], [ 114.43609619140625, -3.502779006958008 ], [ 114.2666015625, -3.411667108535767 ], [ 114.262496948242188, -3.385833978652954 ], [ 114.303001403808594, -3.343889951705933 ], [ 114.356399536132812, -3.21666693687439 ], [ 114.209701538085938, -3.385833978652954 ], [ 114.12139892578125, -3.371388912200928 ], [ 114.099403381347656, -3.345278024673462 ], [ 114.117202758789062, -3.193612098693848 ], [ 114.032203674316406, -3.361944913864136 ], [ 113.8240966796875, -3.461668014526367 ], [ 113.671096801757812, -3.476111888885498 ], [ 113.608901977539062, -3.435832977294922 ], [ 113.636398315429688, -3.22777795791626 ], [ 113.602798461914062, -3.172223091125488 ], [ 113.465499877929688, -3.184721946716309 ], [ 113.347198486328125, -3.273612022399902 ], [ 113.104400634765625, -3.043056011199951 ], [ 113.035202026367188, -2.927222013473511 ], [ 113.0166015625, -3.04027795791626 ], [ 112.949699401855469, -3.082777976989746 ], [ 112.9468994140625, -3.127223014831543 ], [ 112.982498168945312, -3.153055906295776 ], [ 112.651603698730469, -3.41527795791626 ], [ 112.531600952148438, -3.444722890853882 ], [ 112.412498474121094, -3.351666927337646 ], [ 112.245796203613281, -3.313889026641846 ], [ 112.161598205566406, -3.346111059188843 ], [ 111.962799072265625, -3.537501096725464 ], [ 111.889396667480469, -3.573889017105103 ], [ 111.803901672363281, -3.537501096725464 ], [ 111.8291015625, -3.036112070083618 ], [ 111.749198913574219, -2.889723062515259 ], [ 111.74639892578125, -2.762500047683716 ], [ 111.671699523925781, -2.900556087493896 ], [ 111.692703247070312, -2.949167013168335 ], [ 111.539398193359375, -3.021667003631592 ], [ 111.467498779296875, -2.936111927032471 ], [ 111.3240966796875, -2.923333883285522 ], [ 111.033599853515625, -3.078612089157104 ], [ 110.906898498535156, -3.094444990158081 ], [ 110.751899719238281, -3.021667003631592 ], [ 110.789703369140625, -2.970556020736694 ], [ 110.932701110839844, -2.908334016799927 ], [ 110.789703369140625, -2.948611974716187 ], [ 110.708000183105469, -3.059444904327393 ], [ 110.663002014160156, -3.0813889503479 ], [ 110.619697570800781, -3.049166917800903 ], [ 110.642997741699219, -3.013612031936646 ], [ 110.598602294921875, -2.883611917495728 ], [ 110.5697021484375, -2.871110916137695 ], [ 110.487503051757812, -2.880834102630615 ], [ 110.277198791503906, -3.015001058578491 ], [ 110.237503051757812, -2.979444980621338 ], [ 110.205802917480469, -2.901390075683594 ], [ 110.248298645019531, -2.806945085525513 ], [ 110.220802307128906, -2.700001001358032 ], [ 110.155296325683594, -2.623333930969238 ], [ 110.197700500488281, -2.549444913864136 ], [ 110.2655029296875, -2.558334112167358 ], [ 110.278602600097656, -2.521449089050293 ], [ 110.236602783203125, -2.550277948379517 ], [ 110.19000244140625, -2.49416708946228 ], [ 110.142799377441406, -2.310000896453857 ], [ 110.094703674316406, -2.239444971084595 ], [ 110.126899719238281, -2.05250096321106 ], [ 110.085296630859375, -1.942222952842712 ], [ 109.903602600097656, -1.828333973884583 ], [ 110.000297546386719, -1.716943979263306 ], [ 110.06939697265625, -1.465556025505066 ], [ 110.045501708984375, -1.311944961547852 ], [ 109.945503234863281, -1.248334050178528 ], [ 109.942703247070312, -1.116667032241821 ], [ 109.82330322265625, -1.086666941642761 ], [ 109.729698181152344, -0.953611314296722 ], [ 109.757797241210938, -0.869444489479065 ], [ 109.674102783203125, -0.984444618225098 ], [ 109.539100646972656, -0.871388912200928 ], [ 109.412200927734375, -0.857777774333954 ], [ 109.414398193359375, -0.909166812896729 ], [ 109.376602172851562, -0.916111171245575 ], [ 109.270500183105469, -0.850277781486511 ], [ 109.247802734375, -0.689166903495789 ], [ 109.264999389648438, -0.667778015136719 ], [ 109.464996337890625, -0.744722425937653 ], [ 109.514396667480469, -0.726944625377655 ], [ 109.354698181152344, -0.649444580078125 ], [ 109.373298645019531, -0.614444613456726 ], [ 109.170303344726562, -0.56166672706604 ], [ 109.120201110839844, -0.502222418785095 ], [ 109.096397399902344, -0.36305558681488 ], [ 109.135498046875, -0.35833328962326 ], [ 109.044998168945312, -0.234999999403954 ], [ 109.081398010253906, -0.209444493055344 ], [ 109.222999572753906, -0.238888904452324 ], [ 109.153900146484375, 0.015277779661119 ], [ 109.171897888183594, 0.031666658818722 ], [ 109.300498962402344, 0.00444444315508 ], [ 109.210800170898438, 0.072222203016281 ], [ 109.111396789550781, 0.224166601896286 ], [ 109.036102294921875, 0.293610990047455 ], [ 108.930000305175781, 0.302499890327454 ], [ 108.915496826171875, 0.32916659116745 ], [ 108.931900024414062, 0.608610987663269 ], [ 108.848297119140625, 0.827221989631653 ], [ 108.970298767089844, 0.92333322763443 ], [ 108.983901977539062, 0.983610987663269 ], [ 108.922500610351562, 1.148610949516296 ], [ 108.930000305175781, 1.179443955421448 ], [ 109.095802307128906, 1.211665987968445 ], [ 109.231399536132812, 1.365278005599976 ], [ 109.133903503417969, 1.260534048080444 ], [ 108.981903076171875, 1.211665987968445 ], [ 109.0614013671875, 1.369166016578674 ], [ 109.057998657226562, 1.493332982063293 ], [ 109.078598022460938, 1.548055052757263 ], [ 109.236900329589844, 1.650833010673523 ], [ 109.347999572753906, 1.814443945884705 ], [ 109.282203674316406, 1.783054947853088 ], [ 109.346603393554688, 1.946110963821411 ], [ 109.5718994140625, 1.985833048820496 ], [ 109.650100708007812, 2.064255952835083 ], [ 109.554702758789062, 1.853610992431641 ], [ 109.585502624511719, 1.800832986831665 ], [ 109.669998168945312, 1.784443974494934 ], [ 109.667701721191406, 1.617776989936829 ], [ 109.850303649902344, 1.414443969726562 ], [ 109.937202453613281, 1.405555009841919 ], [ 110.068000793457031, 1.22333300113678 ], [ 110.233299255371094, 1.114444017410278 ], [ 110.349098205566406, 0.990277528762817 ], [ 110.519699096679688, 0.866388618946075 ], [ 110.587501525878906, 0.853333115577698 ], [ 110.844398498535156, 0.964444220066071 ], [ 110.904098510742188, 1.01444399356842 ], [ 111.236396789550781, 1.086387991905212 ], [ 111.394699096679688, 1.011666059494019 ], [ 111.50250244140625, 1.025277018547058 ], [ 111.533897399902344, 0.960833072662354 ], [ 111.650299072265625, 1.034999966621399 ], [ 111.797698974609375, 0.99388861656189 ], [ 111.856597900390625, 1.016944050788879 ], [ 111.941596984863281, 1.124722003936768 ], [ 112.127197265625, 1.144443988800049 ], [ 112.184700012207031, 1.4252769947052 ], [ 112.309700012207031, 1.499444007873535 ], [ 112.484397888183594, 1.570000052452087 ], [ 113.042701721191406, 1.554165959358215 ], [ 113.044097900390625, 1.496665954589844 ], [ 112.980499267578125, 1.422777056694031 ], [ 113.098899841308594, 1.438333034515381 ], [ 113.433296203613281, 1.286388039588928 ], [ 113.551399230957031, 1.316388010978699 ], [ 113.642501831054688, 1.229444026947021 ], [ 113.782203674316406, 1.299443960189819 ], [ 113.925498962402344, 1.443887948989868 ], [ 114.1343994140625, 1.467777013778687 ], [ 114.194099426269531, 1.424165964126587 ], [ 114.389396667480469, 1.508332967758179 ], [ 114.543601989746094, 1.432222008705139 ], [ 114.587501525878906, 1.450000047683716 ], [ 114.710800170898438, 1.770555019378662 ], [ 114.693901062011719, 1.829246997833252 ], [ 114.852996826171875, 1.89722204208374 ], [ 114.868301391601562, 2.043888092041016 ], [ 114.810203552246094, 2.034166097640991 ], [ 114.776397705078125, 2.146666049957275 ], [ 114.804702758789062, 2.24888801574707 ], [ 114.947700500488281, 2.291110992431641 ], [ 114.949699401855469, 2.360554933547974 ], [ 115.087196350097656, 2.418888092041016 ], [ 115.148002624511719, 2.480832099914551 ], [ 115.213600158691406, 2.491388082504272 ], [ 115.237197875976562, 2.522499084472656 ], [ 115.147201538085938, 2.608609914779663 ], [ 115.098297119140625, 2.597498893737793 ], [ 115.081596374511719, 2.616388082504272 ], [ 115.129402160644531, 2.771944046020508 ], [ 115.135002136230469, 2.882498979568481 ], [ 115.155502319335938, 2.925554990768433 ], [ 115.270797729492188, 3.045000076293945 ], [ 115.32080078125, 2.986387968063354 ], [ 115.487297058105469, 3.027842998504639 ] ] ], [ [ [ 102.491897583007812, 1.259721994400024 ], [ 102.30889892578125, 1.420554995536804 ], [ 102.137496948242188, 1.448055028915405 ], [ 102.078598022460938, 1.485000014305115 ], [ 101.994400024414062, 1.600000023841858 ], [ 102.006599426269531, 1.619166970252991 ], [ 102.43499755859375, 1.527500033378601 ], [ 102.477996826171875, 1.502221941947937 ], [ 102.504997253417969, 1.273888945579529 ], [ 102.491897583007812, 1.259721994400024 ] ] ], [ [ [ 122.8468017578125, 0.815114617347717 ], [ 122.958297729492188, 0.92333322763443 ], [ 122.95770263671875, 0.955555319786072 ], [ 123.362197875976562, 0.923888683319092 ], [ 123.875297546386719, 0.834166526794434 ], [ 123.99749755859375, 0.884721994400024 ], [ 124.288597106933594, 1.011666059494019 ], [ 124.360000610351562, 1.166388988494873 ], [ 124.535797119140625, 1.214444041252136 ], [ 124.573600769042969, 1.183611035346985 ], [ 124.61419677734375, 1.225276947021484 ], [ 124.614700317382812, 1.260277986526489 ], [ 124.545501708984375, 1.277500033378601 ], [ 124.528297424316406, 1.321943998336792 ], [ 124.610000610351562, 1.411666035652161 ], [ 124.750503540039062, 1.434443950653076 ], [ 124.837501525878906, 1.467777013778687 ], [ 124.81829833984375, 1.573333024978638 ], [ 124.991600036621094, 1.735833048820496 ], [ 125.032798767089844, 1.713889002799988 ], [ 125.036903381347656, 1.676944017410278 ], [ 125.167800903320312, 1.681666016578674 ], [ 125.165802001953125, 1.579444050788879 ], [ 125.246597290039062, 1.516666054725647 ], [ 125.220901489257812, 1.467623949050903 ], [ 125.110801696777344, 1.376665949821472 ], [ 124.907997131347656, 0.983610987663269 ], [ 124.669403076171875, 0.810277581214905 ], [ 124.4530029296875, 0.453055411577225 ], [ 123.63079833984375, 0.26194441318512 ], [ 123.5697021484375, 0.309166610240936 ], [ 123.334701538085938, 0.296110987663269 ], [ 123.248298645019531, 0.319444388151169 ], [ 123.071098327636719, 0.511250078678131 ], [ 122.976898193359375, 0.481388807296753 ], [ 122.504203796386719, 0.496388792991638 ], [ 122.049102783203125, 0.482499897480011 ], [ 121.80169677734375, 0.423055499792099 ], [ 121.608596801757812, 0.54444432258606 ], [ 121.337196350097656, 0.458055406808853 ], [ 121.259101867675781, 0.482499897480011 ], [ 121.114402770996094, 0.408055514097214 ], [ 120.747802734375, 0.481944411993027 ], [ 120.656600952148438, 0.534166514873505 ], [ 120.521102905273438, 0.529999911785126 ], [ 120.37640380859375, 0.475833207368851 ], [ 120.143302917480469, 0.203611105680466 ], [ 120.002197265625, -0.181944504380226 ], [ 120.018600463867188, -0.36305558681488 ], [ 120.071403503417969, -0.628055572509766 ], [ 120.2666015625, -0.913889110088348 ], [ 120.322196960449219, -0.940555691719055 ], [ 120.389396667480469, -0.90500020980835 ], [ 120.495002746582031, -0.977778017520905 ], [ 120.585502624511719, -1.120278000831604 ], [ 120.557197570800781, -1.223610997200012 ], [ 120.666397094726562, -1.395555973052979 ], [ 120.8280029296875, -1.342777967453003 ], [ 120.828598022460938, -1.384444952011108 ], [ 121.052696228027344, -1.427778005599976 ], [ 121.103599548339844, -1.409167051315308 ], [ 121.459098815917969, -0.894166827201843 ], [ 121.611396789550781, -0.807777881622314 ], [ 121.654403686523438, -0.809722423553467 ], [ 121.7030029296875, -0.932500004768372 ], [ 121.922500610351562, -0.963333487510681 ], [ 122.108001708984375, -0.930277824401855 ], [ 122.159400939941406, -0.799444675445557 ], [ 122.212997436523438, -0.763889074325562 ], [ 122.629402160644531, -0.75083339214325 ], [ 122.718002319335938, -0.799444675445557 ], [ 122.948898315429688, -0.751388907432556 ], [ 122.938003540039062, -0.724166810512543 ], [ 122.734397888183594, -0.674166679382324 ], [ 122.731101989746094, -0.651389122009277 ], [ 123.230003356933594, -0.568055629730225 ], [ 123.411399841308594, -0.653611183166504 ], [ 123.44830322265625, -0.828889012336731 ], [ 123.359397888183594, -1.037222981452942 ], [ 123.331398010253906, -1.057222962379456 ], [ 123.248298645019531, -1.037222981452942 ], [ 123.128303527832031, -0.853055715560913 ], [ 123.06939697265625, -0.863889098167419 ], [ 123.02020263671875, -0.894166827201843 ], [ 122.840499877929688, -0.906389117240906 ], [ 122.796699523925781, -0.944722414016724 ], [ 122.715797424316406, -1.117499947547913 ], [ 122.650802612304688, -1.154999971389771 ], [ 122.480300903320312, -1.383888959884644 ], [ 122.1875, -1.614166975021362 ], [ 122.029098510742188, -1.614722013473511 ], [ 121.901100158691406, -1.684723019599915 ], [ 121.8052978515625, -1.713333964347839 ], [ 121.70770263671875, -1.896944999694824 ], [ 121.661903381347656, -1.92638897895813 ], [ 121.544700622558594, -1.935278058052063 ], [ 121.344100952148438, -1.777778029441833 ], [ 121.310501098632812, -1.781111001968384 ], [ 121.293899536132812, -1.846389055252075 ], [ 121.340499877929688, -1.847777962684631 ], [ 121.340499877929688, -1.994166970252991 ], [ 121.391899108886719, -1.915555953979492 ], [ 121.526397705078125, -2.04555606842041 ], [ 121.550796508789062, -2.137222051620483 ], [ 121.596900939941406, -2.173612117767334 ], [ 121.706398010253906, -2.179167032241821 ], [ 121.918296813964844, -2.45500111579895 ], [ 122.012802124023438, -2.606945037841797 ], [ 122.01409912109375, -2.694722890853882 ], [ 122.208900451660156, -2.882778882980347 ], [ 122.288299560546875, -2.891112089157104 ], [ 122.312202453613281, -2.914999961853027 ], [ 122.2615966796875, -3.021667003631592 ], [ 122.387802124023438, -3.136111974716187 ], [ 122.470001220703125, -3.15166711807251 ], [ 122.4302978515625, -3.253056049346924 ], [ 122.3677978515625, -3.218055963516235 ], [ 122.300498962402344, -3.2811119556427 ], [ 122.300003051757812, -3.336390018463135 ], [ 122.374702453613281, -3.378334045410156 ], [ 122.38079833984375, -3.435000896453857 ], [ 122.284103393554688, -3.361944913864136 ], [ 122.247200012207031, -3.381112098693848 ], [ 122.292999267578125, -3.451390027999878 ], [ 122.267196655273438, -3.533611059188843 ], [ 122.197700500488281, -3.560277938842773 ], [ 122.230796813964844, -3.638890027999878 ], [ 122.341102600097656, -3.72777795791626 ], [ 122.432701110839844, -3.73305606842041 ], [ 122.536399841308594, -3.876945018768311 ], [ 122.659698486328125, -3.891944885253906 ], [ 122.6260986328125, -3.947222948074341 ], [ 122.546699523925781, -3.970556020736694 ], [ 122.658302307128906, -4.006668090820312 ], [ 122.675498962402344, -4.126389980316162 ], [ 122.831100463867188, -4.140000820159912 ], [ 122.767997741699219, -4.058056831359863 ], [ 122.800796508789062, -4.044445991516113 ], [ 122.837196350097656, -4.055834770202637 ], [ 122.905799865722656, -4.22055721282959 ], [ 122.852996826171875, -4.426391124725342 ], [ 122.837799072265625, -4.435834884643555 ], [ 122.705497741699219, -4.359446048736572 ], [ 122.776100158691406, -4.450835227966309 ], [ 122.75830078125, -4.486390113830566 ], [ 122.684402465820312, -4.486390113830566 ], [ 122.637199401855469, -4.407777786254883 ], [ 122.591102600097656, -4.393611907958984 ], [ 122.509696960449219, -4.44194507598877 ], [ 122.42669677734375, -4.422779083251953 ], [ 122.104698181152344, -4.526113033294678 ], [ 122.042999267578125, -4.655835151672363 ], [ 122.045799255371094, -4.722778797149658 ], [ 122.127197265625, -4.805278778076172 ], [ 122.038002014160156, -4.849167823791504 ], [ 121.879997253417969, -4.853889942169189 ], [ 121.755203247070312, -4.815556049346924 ], [ 121.70770263671875, -4.836945056915283 ], [ 121.481101989746094, -4.662778854370117 ], [ 121.496902465820312, -4.498056888580322 ], [ 121.529098510742188, -4.407224178314209 ], [ 121.555000305175781, -4.254168033599854 ], [ 121.584396362304688, -4.243890762329102 ], [ 121.620201110839844, -4.156390190124512 ], [ 121.596298217773438, -4.044755935668945 ], [ 121.361900329589844, -3.978055953979492 ], [ 121.302696228027344, -3.885833978652954 ], [ 121.252197265625, -3.868056058883667 ], [ 121.259696960449219, -3.826112031936646 ], [ 121.024696350097656, -3.661389112472534 ], [ 120.884101867675781, -3.541111946105957 ], [ 120.865798950195312, -3.448611974716187 ], [ 120.976097106933594, -3.270833969116211 ], [ 121.066398620605469, -3.210556030273438 ], [ 121.081596374511719, -2.87944507598877 ], [ 121.032798767089844, -2.819999933242798 ], [ 121.004203796386719, -2.849999904632568 ], [ 120.978897094726562, -2.820555925369263 ], [ 121.078903198242188, -2.763056039810181 ], [ 121.026100158691406, -2.672223091125488 ], [ 120.771896362304688, -2.612500905990601 ], [ 120.581901550292969, -2.68166708946228 ], [ 120.466903686523438, -2.806112051010132 ], [ 120.203598022460938, -2.961668014526367 ], [ 120.27020263671875, -3.158611059188843 ], [ 120.424400329589844, -3.259166955947876 ], [ 120.394996643066406, -3.510833978652954 ], [ 120.446403503417969, -3.710000991821289 ], [ 120.352500915527344, -3.913611888885498 ], [ 120.361900329589844, -4.411389827728271 ], [ 120.4468994140625, -4.642778873443604 ], [ 120.391403198242188, -4.826667785644531 ], [ 120.315498352050781, -4.846944808959961 ], [ 120.266098022460938, -5.152780055999756 ], [ 120.425796508789062, -5.479723930358887 ], [ 120.464103698730469, -5.618890762329102 ], [ 120.407997131347656, -5.614721775054932 ], [ 120.349700927734375, -5.521945953369141 ], [ 120.220802307128906, -5.542500972747803 ], [ 120.074302673339844, -5.590734004974365 ], [ 119.928901672363281, -5.561667919158936 ], [ 119.784400939941406, -5.70416784286499 ], [ 119.675300598144531, -5.701945781707764 ], [ 119.622802734375, -5.618056774139404 ], [ 119.589698791503906, -5.61944580078125 ], [ 119.568603515625, -5.659722805023193 ], [ 119.515800476074219, -5.556667804718018 ], [ 119.460800170898438, -5.566390037536621 ], [ 119.466400146484375, -5.60055685043335 ], [ 119.429397583007812, -5.589446067810059 ], [ 119.369697570800781, -5.246389865875244 ], [ 119.402801513671875, -5.130280017852783 ], [ 119.476600646972656, -5.01166820526123 ], [ 119.523902893066406, -4.879724025726318 ], [ 119.491600036621094, -4.743890762329102 ], [ 119.595298767089844, -4.566390037536621 ], [ 119.611602783203125, -4.05583381652832 ], [ 119.647201538085938, -3.978055953979492 ], [ 119.597999572753906, -3.975277900695801 ], [ 119.448600769042969, -3.710000991821289 ], [ 119.515800476074219, -3.573333978652954 ], [ 119.493896484375, -3.493334054946899 ], [ 119.295799255371094, -3.426944971084595 ], [ 119.227203369140625, -3.488333940505981 ], [ 119.01080322265625, -3.518611907958984 ], [ 118.939399719238281, -3.578612089157104 ], [ 118.845001220703125, -3.387222051620483 ], [ 118.8291015625, -3.214723110198975 ], [ 118.760002136230469, -3.099167108535767 ], [ 118.788597106933594, -3.066389083862305 ], [ 118.834396362304688, -3.076390027999878 ], [ 118.888603210449219, -2.896667003631592 ], [ 118.873001098632812, -2.857501029968262 ], [ 118.770797729492188, -2.86500096321106 ], [ 118.778297424316406, -2.689167022705078 ], [ 118.816703796386719, -2.624722957611084 ], [ 118.879203796386719, -2.662501096725464 ], [ 119.00579833984375, -2.590001106262207 ], [ 119.042999267578125, -2.511945009231567 ], [ 119.1416015625, -2.459722995758057 ], [ 119.135498046875, -2.203888893127441 ], [ 119.222999572753906, -1.996111035346985 ], [ 119.294403076171875, -1.957777976989746 ], [ 119.335502624511719, -1.974444985389709 ], [ 119.369697570800781, -1.844166994094849 ], [ 119.298599243164062, -1.695556044578552 ], [ 119.31500244140625, -1.244166970252991 ], [ 119.493896484375, -0.948888897895813 ], [ 119.525299072265625, -0.863889098167419 ], [ 119.67669677734375, -0.743333518505096 ], [ 119.654098510742188, -0.70555567741394 ], [ 119.726898193359375, -0.63444447517395 ], [ 119.843101501464844, -0.877439320087433 ], [ 119.867202758789062, -0.813888907432556 ], [ 119.755500793457031, -0.36222231388092 ], [ 119.801399230957031, -0.127222299575806 ], [ 119.788597106933594, -0.112777799367905 ], [ 119.720001220703125, -0.127222299575806 ], [ 119.659698486328125, -0.084722250699997 ], [ 119.622802734375, -0.005277778953314 ], [ 119.67669677734375, 0.024166660383344 ], [ 119.782203674316406, -0.089722231030464 ], [ 119.843902587890625, -0.066388912498951 ], [ 119.881599426269531, 0.053611099720001 ], [ 119.872200012207031, 0.1016665995121 ], [ 119.780799865722656, 0.202500000596046 ], [ 119.790000915527344, 0.245555505156517 ], [ 119.853599548339844, 0.264166593551636 ], [ 119.894699096679688, 0.447777688503265 ], [ 120.033897399902344, 0.521110892295837 ], [ 120.021400451660156, 0.689444303512573 ], [ 120.064697265625, 0.74222207069397 ], [ 120.205802917480469, 0.792499780654907 ], [ 120.235801696777344, 0.831388711929321 ], [ 120.251602172851562, 0.963610887527466 ], [ 120.287200927734375, 0.989722013473511 ], [ 120.333900451660156, 0.985555410385132 ], [ 120.373001098632812, 0.847777605056763 ], [ 120.419700622558594, 0.805277585983276 ], [ 120.567497253417969, 0.77388870716095 ], [ 120.680000305175781, 0.991110920906067 ], [ 120.730003356933594, 0.97388881444931 ], [ 120.801902770996094, 1.14722204208374 ], [ 120.82659912109375, 1.324166059494019 ], [ 121.082199096679688, 1.32611095905304 ], [ 121.242500305175781, 1.232776999473572 ], [ 121.383903503417969, 1.247221946716309 ], [ 121.446098327636719, 1.294721961021423 ], [ 121.467498779296875, 1.281666040420532 ], [ 121.435798645019531, 1.185554981231689 ], [ 121.52020263671875, 1.080832958221436 ], [ 121.6365966796875, 1.061666011810303 ], [ 121.927200317382812, 1.098610997200012 ], [ 121.972999572753906, 1.021111011505127 ], [ 122.010002136230469, 1.020555019378662 ], [ 122.062797546386719, 1.063611030578613 ], [ 122.392997741699219, 1.007500052452087 ], [ 122.656898498535156, 0.950555324554443 ], [ 122.8468017578125, 0.815114617347717 ] ] ], [ [ [ 130.797698974609375, -0.448611110448837 ], [ 130.737503051757812, -0.447222292423248 ], [ 130.679397583007812, -0.348055690526962 ], [ 130.688796997070312, -0.305555611848831 ], [ 130.590805053710938, -0.322500109672546 ], [ 130.553298950195312, -0.436944514513016 ], [ 130.5177001953125, -0.254722207784653 ], [ 130.31939697265625, -0.270555585622787 ], [ 130.215194702148438, -0.211666703224182 ], [ 130.391403198242188, -0.220555603504181 ], [ 130.431106567382812, -0.191666707396507 ], [ 130.340805053710938, -0.14361110329628 ], [ 130.348800659179688, -0.188888907432556 ], [ 130.277694702148438, -0.146388903260231 ], [ 130.27630615234375, -0.110833302140236 ], [ 130.337997436523438, -0.083333343267441 ], [ 130.457199096679688, -0.088888913393021 ], [ 130.824600219726562, -0.008530735969543 ], [ 131.155502319335938, -0.086111128330231 ], [ 131.31109619140625, -0.197777792811394 ], [ 131.300201416015625, -0.247222304344177 ], [ 131.342697143554688, -0.293888986110687 ], [ 131.251296997070312, -0.390277802944183 ], [ 131.098007202148438, -0.32111120223999 ], [ 130.990493774414062, -0.365833401679993 ], [ 130.907394409179688, -0.306944489479065 ], [ 130.8760986328125, -0.250555604696274 ], [ 130.799102783203125, -0.242222294211388 ], [ 130.710205078125, -0.097222238779068 ], [ 130.619094848632812, -0.084166690707207 ], [ 130.738296508789062, -0.288888990879059 ], [ 130.916397094726562, -0.31916680932045 ], [ 130.932693481445312, -0.38638898730278 ], [ 130.797698974609375, -0.448611110448837 ] ] ], [ [ [ 101.555801391601562, 1.711110949516296 ], [ 101.473602294921875, 1.738332986831665 ], [ 101.394096374511719, 1.912500023841858 ], [ 101.407798767089844, 2.027498960494995 ], [ 101.441398620605469, 2.062499046325684 ], [ 101.638603210449219, 2.119998931884766 ], [ 101.692703247070312, 2.098611116409302 ], [ 101.774200439453125, 1.939833998680115 ], [ 101.727203369140625, 1.790555000305176 ], [ 101.635200500488281, 1.716665983200073 ], [ 101.555801391601562, 1.711110949516296 ] ] ], [ [ [ 97.815536499023438, 0.551944315433502 ], [ 97.702476501464844, 0.57444429397583 ], [ 97.612197875976562, 0.816944181919098 ], [ 97.477752685546875, 0.940277576446533 ], [ 97.383872985839844, 0.941111028194427 ], [ 97.3963623046875, 1.00333297252655 ], [ 97.229141235351562, 1.27472198009491 ], [ 97.05914306640625, 1.395277976989746 ], [ 97.070823669433594, 1.42194402217865 ], [ 97.235260009765625, 1.410277962684631 ], [ 97.329147338867188, 1.480833053588867 ], [ 97.334701538085938, 1.53583300113678 ], [ 97.48248291015625, 1.470000028610229 ], [ 97.677200317382812, 1.189721941947937 ], [ 97.900527954101562, 1.049443960189819 ], [ 97.936370849609375, 0.978055417537689 ], [ 97.913276672363281, 0.926388502120972 ], [ 97.886917114257812, 0.638888716697693 ], [ 97.815536499023438, 0.551944315433502 ] ] ], [ [ [ 141.007400512695312, -2.607778072357178 ], [ 141.006195068359375, -6.333088874816895 ], [ 140.9512939453125, -6.372499942779541 ], [ 140.948501586914062, -6.435832977294922 ], [ 140.897994995117188, -6.596666812896729 ], [ 140.849899291992188, -6.616944789886475 ], [ 140.900497436523438, -6.851110935211182 ], [ 141.006195068359375, -6.893421173095703 ], [ 141.00830078125, -9.128335952758789 ], [ 140.841598510742188, -9.046392440795898 ], [ 140.360000610351562, -8.492502212524414 ], [ 140.051605224609375, -8.268892288208008 ], [ 139.965194702148438, -8.152224540710449 ], [ 140.001602172851562, -8.100002288818359 ], [ 140.050796508789062, -8.087779998779297 ], [ 140.0679931640625, -8.043613433837891 ], [ 140.048294067382812, -7.988612174987793 ], [ 140.065200805664062, -7.944446086883545 ], [ 140.126907348632812, -7.945834159851074 ], [ 140.149703979492188, -7.886946201324463 ], [ 140.054397583007812, -7.924168109893799 ], [ 140.039901733398438, -8.054447174072266 ], [ 139.9501953125, -8.108058929443359 ], [ 139.620498657226562, -8.125 ], [ 139.423797607421875, -8.202224731445312 ], [ 139.336898803710938, -8.204446792602539 ], [ 139.250503540039062, -8.140558242797852 ], [ 139.220504760742188, -7.986667156219482 ], [ 139.227996826171875, -8.078334808349609 ], [ 138.973602294921875, -8.220558166503906 ], [ 138.946395874023438, -8.288612365722656 ], [ 138.911895751953125, -8.300003051757812 ], [ 138.839996337890625, -8.160833358764648 ], [ 138.843597412109375, -8.111391067504883 ], [ 138.918304443359375, -8.083614349365234 ], [ 138.907196044921875, -7.926112174987793 ], [ 138.9949951171875, -7.863891124725342 ], [ 139.051101684570312, -7.641111850738525 ], [ 139.095504760742188, -7.583334922790527 ], [ 139.072998046875, -7.539167881011963 ], [ 138.9552001953125, -7.517501831054688 ], [ 138.890792846679688, -7.370001792907715 ], [ 138.738601684570312, -7.248889923095703 ], [ 138.672698974609375, -7.225834846496582 ], [ 138.663299560546875, -7.198612213134766 ], [ 138.928604125976562, -7.201945781707764 ], [ 139.024398803710938, -7.250278949737549 ], [ 139.175796508789062, -7.238891124725342 ], [ 139.238800048828125, -7.15861177444458 ], [ 139.210800170898438, -7.149723052978516 ], [ 139.153305053710938, -7.208056926727295 ], [ 139.042205810546875, -7.213612079620361 ], [ 138.760498046875, -7.117778778076172 ], [ 138.571395874023438, -6.951113224029541 ], [ 138.561904907226562, -6.908891201019287 ], [ 138.598007202148438, -6.878334999084473 ], [ 138.912704467773438, -6.843613147735596 ], [ 139.186904907226562, -6.973612785339355 ], [ 138.6885986328125, -6.727221965789795 ], [ 138.666595458984375, -6.655001163482666 ], [ 138.705001831054688, -6.646944999694824 ], [ 138.828292846679688, -6.708333969116211 ], [ 138.466598510742188, -6.402500152587891 ], [ 138.397994995117188, -6.273056030273438 ], [ 138.279403686523438, -5.878612995147705 ], [ 138.393798828125, -5.851945877075195 ], [ 138.367202758789062, -5.83777904510498 ], [ 138.303604125976562, -5.856112003326416 ], [ 138.206893920898438, -5.829444885253906 ], [ 138.158798217773438, -5.775002002716064 ], [ 138.358306884765625, -5.680277824401855 ], [ 138.230194091796875, -5.683611869812012 ], [ 138.089096069335938, -5.73944616317749 ], [ 138.068603515625, -5.727222919464111 ], [ 138.052703857421875, -5.599723815917969 ], [ 138.07330322265625, -5.438056945800781 ], [ 138.022506713867188, -5.433889865875244 ], [ 138.036895751953125, -5.478333950042725 ], [ 138.014999389648438, -5.490557193756104 ], [ 137.906097412109375, -5.387502193450928 ], [ 137.917694091796875, -5.328334808349609 ], [ 137.849105834960938, -5.371945858001709 ], [ 137.779998779296875, -5.319446086883545 ], [ 137.807998657226562, -5.255835056304932 ], [ 137.75, -5.280557155609131 ], [ 137.58050537109375, -5.149445056915283 ], [ 137.570205688476562, -5.116113185882568 ], [ 137.527206420898438, -5.155002117156982 ], [ 137.273605346679688, -5.020556926727295 ], [ 137.282394409179688, -4.939167976379395 ], [ 137.225494384765625, -4.973889827728271 ], [ 137.218795776367188, -5.010834217071533 ], [ 137.087203979492188, -4.968612194061279 ], [ 137.098800659179688, -4.894722938537598 ], [ 137.01519775390625, -4.952223777770996 ], [ 136.947402954101562, -4.921391010284424 ], [ 136.978302001953125, -4.874444961547852 ], [ 136.832199096679688, -4.931111812591553 ], [ 136.437393188476562, -4.714446067810059 ], [ 136.037399291992188, -4.59499979019165 ], [ 135.938003540039062, -4.502779006958008 ], [ 135.389694213867188, -4.440556049346924 ], [ 135.244400024414062, -4.468056201934814 ], [ 134.96270751953125, -4.324446201324463 ], [ 134.89019775390625, -4.260279178619385 ], [ 134.814895629882812, -4.259446144104004 ], [ 134.6488037109375, -4.129724025726318 ], [ 134.643600463867188, -4.105000972747803 ], [ 134.6907958984375, -4.063333988189697 ], [ 134.683303833007812, -3.955277919769287 ], [ 134.74969482421875, -3.94389009475708 ], [ 134.924392700195312, -3.953334093093872 ], [ 134.713302612304688, -3.916388988494873 ], [ 134.627700805664062, -3.947221994400024 ], [ 134.599700927734375, -4.008889198303223 ], [ 134.5216064453125, -4.026390075683594 ], [ 134.353607177734375, -3.898612022399902 ], [ 134.361099243164062, -3.940279006958008 ], [ 134.306304931640625, -3.945833921432495 ], [ 134.340499877929688, -3.997777938842773 ], [ 134.317398071289062, -4.022500038146973 ], [ 134.13299560546875, -3.900834083557129 ], [ 134.193801879882812, -3.83583402633667 ], [ 134.141403198242188, -3.758610963821411 ], [ 134.1260986328125, -3.807777881622314 ], [ 134.090499877929688, -3.826945066452026 ], [ 134.045196533203125, -3.796945095062256 ], [ 133.985000610351562, -3.859723091125488 ], [ 133.947998046875, -3.822777986526489 ], [ 133.83770751953125, -3.590833902359009 ], [ 133.798599243164062, -3.606667995452881 ], [ 133.827499389648438, -3.726944923400879 ], [ 133.69769287109375, -3.67305588722229 ], [ 133.70660400390625, -3.609445095062256 ], [ 133.637496948242188, -3.491667032241821 ], [ 133.6383056640625, -3.462501049041748 ], [ 133.69580078125, -3.423333883285522 ], [ 133.712997436523438, -3.192779064178467 ], [ 133.768600463867188, -3.193612098693848 ], [ 133.848602294921875, -3.088056087493896 ], [ 133.915802001953125, -3.130556106567383 ], [ 133.910202026367188, -3.085556030273438 ], [ 133.861602783203125, -3.051944971084595 ], [ 133.875198364257812, -2.950556039810181 ], [ 133.82470703125, -2.923333883285522 ], [ 133.803298950195312, -3.023890018463135 ], [ 133.731399536132812, -3.050555944442749 ], [ 133.658798217773438, -3.136667013168335 ], [ 133.661605834960938, -3.368056058883667 ], [ 133.641098022460938, -3.413055896759033 ], [ 133.5574951171875, -3.439167022705078 ], [ 133.513595581054688, -3.380279064178467 ], [ 133.485504150390625, -3.442500114440918 ], [ 133.5574951171875, -3.470556020736694 ], [ 133.589706420898438, -3.534167051315308 ], [ 133.577194213867188, -3.58055591583252 ], [ 133.409896850585938, -3.716110944747925 ], [ 133.403793334960938, -3.787223100662231 ], [ 133.452499389648438, -3.855000019073486 ], [ 133.2510986328125, -4.069723129272461 ], [ 132.990798950195312, -4.117500782012939 ], [ 132.909698486328125, -4.096945762634277 ], [ 132.784393310546875, -3.843333959579468 ], [ 132.724700927734375, -3.662223100662231 ], [ 132.736297607421875, -3.632778882980347 ], [ 132.868606567382812, -3.650556087493896 ], [ 132.926300048828125, -3.563055992126465 ], [ 132.811904907226562, -3.402223110198975 ], [ 132.819900512695312, -3.307777881622314 ], [ 132.787704467773438, -3.271389007568359 ], [ 132.733596801757812, -3.2811119556427 ], [ 132.729705810546875, -3.337223052978516 ], [ 132.706298828125, -3.34694504737854 ], [ 132.598007202148438, -3.241389989852905 ], [ 132.63299560546875, -3.213334083557129 ], [ 132.458297729492188, -3.038888931274414 ], [ 132.194900512695312, -2.921945095062256 ], [ 132.089706420898438, -2.968333959579468 ], [ 131.990203857421875, -2.919167995452881 ], [ 132.044403076171875, -2.799444913864136 ], [ 131.959396362304688, -2.792500019073486 ], [ 131.996307373046875, -2.762500047683716 ], [ 132.131301879882812, -2.72194504737854 ], [ 132.106094360351562, -2.715833902359009 ], [ 132.194900512695312, -2.680278062820435 ], [ 132.421401977539062, -2.698889970779419 ], [ 132.421401977539062, -2.74666690826416 ], [ 132.563796997070312, -2.715279102325439 ], [ 132.705001831054688, -2.814445018768311 ], [ 132.789901733398438, -2.77333402633667 ], [ 133.1282958984375, -2.441390037536621 ], [ 133.238800048828125, -2.416111946105957 ], [ 133.309402465820312, -2.448055982589722 ], [ 133.389404296875, -2.528333902359009 ], [ 133.402496337890625, -2.649445056915283 ], [ 133.4346923828125, -2.503612041473389 ], [ 133.45660400390625, -2.505000114440918 ], [ 133.451095581054688, -2.646111965179443 ], [ 133.474395751953125, -2.574167013168335 ], [ 133.473007202148438, -2.522222995758057 ], [ 133.5177001953125, -2.588612079620361 ], [ 133.63360595703125, -2.54555606842041 ], [ 133.676605224609375, -2.577501058578491 ], [ 133.678604125976562, -2.718055963516235 ], [ 133.704696655273438, -2.518611907958984 ], [ 133.730804443359375, -2.515834093093872 ], [ 133.806106567382812, -2.655555963516235 ], [ 133.819107055664062, -2.615278959274292 ], [ 133.814895629882812, -2.478888988494873 ], [ 133.7471923828125, -2.470000028610229 ], [ 133.758895874023438, -2.429723024368286 ], [ 133.907394409179688, -2.478333950042725 ], [ 133.860198974609375, -2.417500019073486 ], [ 133.998001098632812, -2.405833959579468 ], [ 133.895797729492188, -2.380556106567383 ], [ 133.95880126953125, -2.33250093460083 ], [ 133.869094848632812, -2.341388940811157 ], [ 133.939102172851562, -2.311110973358154 ], [ 133.957504272460938, -2.228332996368408 ], [ 133.936294555664062, -2.271667003631592 ], [ 133.82659912109375, -2.301666975021362 ], [ 133.788299560546875, -2.264167070388794 ], [ 133.878005981445312, -2.197500944137573 ], [ 133.932205200195312, -2.134722948074341 ], [ 133.866302490234375, -2.110001087188721 ], [ 133.600494384765625, -2.239444971084595 ], [ 133.247695922851562, -2.223612070083618 ], [ 133.023605346679688, -2.251667022705078 ], [ 132.936599731445312, -2.285278081893921 ], [ 132.82080078125, -2.247500896453857 ], [ 132.689895629882812, -2.308612108230591 ], [ 132.591903686523438, -2.194168090820312 ], [ 132.456100463867188, -2.220278024673462 ], [ 132.343002319335938, -2.271667003631592 ], [ 132.296600341796875, -2.26750111579895 ], [ 132.13409423828125, -2.139445066452026 ], [ 132.042999267578125, -2.087501049041748 ], [ 132.095794677734375, -2.013334035873413 ], [ 132.026596069335938, -2.022222995758057 ], [ 131.93609619140625, -1.888056039810181 ], [ 131.967498779296875, -1.7688889503479 ], [ 132.02520751953125, -1.683333039283752 ], [ 131.911895751953125, -1.711388945579529 ], [ 131.882400512695312, -1.642223000526428 ], [ 131.89630126953125, -1.60027801990509 ], [ 131.973007202148438, -1.560556054115295 ], [ 131.952499389648438, -1.551110982894897 ], [ 131.805206298828125, -1.607777953147888 ], [ 131.789398193359375, -1.512778043746948 ], [ 131.781906127929688, -1.553056001663208 ], [ 131.729095458984375, -1.582499980926514 ], [ 131.7052001953125, -1.565556049346924 ], [ 131.716598510742188, -1.514166951179504 ], [ 131.638595581054688, -1.530555963516235 ], [ 131.510498046875, -1.470834016799927 ], [ 131.439102172851562, -1.50777804851532 ], [ 131.287704467773438, -1.383888959884644 ], [ 131.3363037109375, -1.450278043746948 ], [ 131.287704467773438, -1.498332977294922 ], [ 131.19610595703125, -1.517500042915344 ], [ 131.179397583007812, -1.479166984558105 ], [ 131.093795776367188, -1.448333978652954 ], [ 130.977996826171875, -1.457221984863281 ], [ 130.94659423828125, -1.440834045410156 ], [ 130.947998046875, -1.414723038673401 ], [ 131.026596069335938, -1.314723014831543 ], [ 131.056106567382812, -1.246945023536682 ], [ 131.170501708984375, -1.224166989326477 ], [ 131.252700805664062, -1.087223052978516 ], [ 131.241897583007812, -0.851666808128357 ], [ 131.328292846679688, -0.799444615840912 ], [ 131.516098022460938, -0.733611226081848 ], [ 131.525497436523438, -0.763889074325562 ], [ 131.512496948242188, -0.789166688919067 ], [ 131.863296508789062, -0.698055684566498 ], [ 132.151901245117188, -0.437777787446976 ], [ 132.422698974609375, -0.346666812896729 ], [ 132.762496948242188, -0.389722287654877 ], [ 132.925506591796875, -0.459722310304642 ], [ 132.975494384765625, -0.446666687726974 ], [ 133.033798217773438, -0.502222418785095 ], [ 133.233901977539062, -0.591111302375793 ], [ 133.402496337890625, -0.729722321033478 ], [ 133.74859619140625, -0.75777792930603 ], [ 133.801300048828125, -0.725555717945099 ], [ 133.874099731445312, -0.739166676998138 ], [ 133.984405517578125, -0.730278015136719 ], [ 134.172698974609375, -0.869444489479065 ], [ 134.0718994140625, -0.891944527626038 ], [ 134.028793334960938, -0.965277791023254 ], [ 134.268600463867188, -1.373056054115295 ], [ 134.189102172851562, -1.592223048210144 ], [ 134.089996337890625, -1.670832991600037 ], [ 134.152206420898438, -2.046112060546875 ], [ 134.1282958984375, -2.060555934906006 ], [ 134.159698486328125, -2.319444894790649 ], [ 134.392196655273438, -2.69389009475708 ], [ 134.462005615234375, -2.862000942230225 ], [ 134.527694702148438, -2.833611011505127 ], [ 134.470199584960938, -2.578334093093872 ], [ 134.488601684570312, -2.521389007568359 ], [ 134.537994384765625, -2.469444990158081 ], [ 134.636093139648438, -2.513889074325562 ], [ 134.6968994140625, -2.967777967453003 ], [ 134.727706909179688, -2.991667032241821 ], [ 134.800506591796875, -2.960278034210205 ], [ 134.822998046875, -2.907500982284546 ], [ 134.853302001953125, -2.904722929000854 ], [ 134.853897094726562, -3.010833978652954 ], [ 134.812698364257812, -3.116111993789673 ], [ 134.876602172851562, -3.248888969421387 ], [ 134.937393188476562, -3.25639009475708 ], [ 134.990798950195312, -3.333889007568359 ], [ 135.3363037109375, -3.3938889503479 ], [ 135.491897583007812, -3.358334064483643 ], [ 135.555496215820312, -3.305000066757202 ], [ 135.602203369140625, -3.205277919769287 ], [ 135.763900756835938, -3.120277881622314 ], [ 135.740493774414062, -3.073889017105103 ], [ 135.903793334960938, -2.993889093399048 ], [ 135.938003540039062, -2.938889026641846 ], [ 135.95440673828125, -2.786945104598999 ], [ 136.231903076171875, -2.601388931274414 ], [ 136.282699584960938, -2.522222995758057 ], [ 136.286102294921875, -2.447500944137573 ], [ 136.342193603515625, -2.366667032241821 ], [ 136.334701538085938, -2.279722929000854 ], [ 136.409393310546875, -2.217500925064087 ], [ 136.533599853515625, -2.194168090820312 ], [ 136.538803100585938, -2.235279083251953 ], [ 136.74859619140625, -2.253056049346924 ], [ 137.063796997070312, -2.11055588722229 ], [ 137.227706909179688, -2.078610897064209 ], [ 137.199203491210938, -1.954591989517212 ], [ 137.104904174804688, -1.89833402633667 ], [ 137.120803833007812, -1.803056001663208 ], [ 137.559402465820312, -1.583333969116211 ], [ 137.845794677734375, -1.474444985389709 ], [ 137.929397583007812, -1.488055944442749 ], [ 138.055496215820312, -1.603888988494873 ], [ 138.557693481445312, -1.77222204208374 ], [ 138.641403198242188, -1.784721970558167 ], [ 138.843597412109375, -1.953889012336731 ], [ 139.153793334960938, -2.050278902053833 ], [ 139.810195922851562, -2.368056058883667 ], [ 140.063796997070312, -2.36055588722229 ], [ 140.152999877929688, -2.323611974716187 ], [ 140.30999755859375, -2.450278043746948 ], [ 140.370193481445312, -2.451667070388794 ], [ 140.364105224609375, -2.403611898422241 ], [ 140.707504272460938, -2.483890056610107 ], [ 140.741592407226562, -2.505001068115234 ], [ 140.743606567382812, -2.54805588722229 ], [ 140.699996948242188, -2.607779026031494 ], [ 140.724395751953125, -2.636389970779419 ], [ 140.823898315429688, -2.609723091125488 ], [ 141.007400512695312, -2.607778072357178 ] ] ], [ [ [ 108.181602478027344, 3.647499084472656 ], [ 108.094398498535156, 3.694721937179565 ], [ 108.206398010253906, 3.79444408416748 ], [ 108.277496337890625, 3.728888034820557 ], [ 108.243896484375, 3.810276985168457 ], [ 108.061698913574219, 3.852200984954834 ], [ 107.973899841308594, 4.01055383682251 ], [ 108.210296630859375, 4.236110210418701 ], [ 108.239700317382812, 4.22999906539917 ], [ 108.316703796386719, 4.060554981231689 ], [ 108.393302917480469, 3.986665964126587 ], [ 108.398902893066406, 3.930555105209351 ], [ 108.360496520996094, 3.893610000610352 ], [ 108.405502319335938, 3.881387948989868 ], [ 108.3240966796875, 3.68638801574707 ], [ 108.181602478027344, 3.647499084472656 ] ] ], [ [ [ 125.8916015625, 3.371387958526611 ], [ 125.828903198242188, 3.371387958526611 ], [ 125.804702758789062, 3.430555105209351 ], [ 125.755500793457031, 3.425832986831665 ], [ 125.740501403808594, 3.450277090072632 ], [ 125.747200012207031, 3.598054885864258 ], [ 125.695297241210938, 3.608333110809326 ], [ 125.643302917480469, 3.661943912506104 ], [ 125.655296325683594, 3.710833072662354 ], [ 125.729698181152344, 3.722498893737793 ], [ 125.82440185546875, 3.638055086135864 ], [ 125.827796936035156, 3.584166049957275 ], [ 125.917198181152344, 3.438611030578613 ], [ 125.8916015625, 3.371387958526611 ] ] ], [ [ [ 103.008598327636719, 0.692221999168396 ], [ 102.909103393554688, 0.779444217681885 ], [ 102.692703247070312, 0.798610925674438 ], [ 102.555000305175781, 0.771944284439087 ], [ 102.414398193359375, 0.86555540561676 ], [ 102.432197570800781, 0.920555412769318 ], [ 102.496101379394531, 0.938888728618622 ], [ 102.466598510742188, 1.083611011505127 ], [ 102.486396789550781, 1.132222056388855 ], [ 102.538299560546875, 1.133610963821411 ], [ 102.612503051757812, 1.056944012641907 ], [ 102.612503051757812, 1.00333297252655 ], [ 102.647499084472656, 0.990277588367462 ], [ 102.744697570800781, 1.014999985694885 ], [ 103.026901245117188, 0.838333070278168 ], [ 103.051597595214844, 0.78616189956665 ], [ 103.041397094726562, 0.714166522026062 ], [ 103.008598327636719, 0.692221999168396 ] ] ], [ [ [ 103.12640380859375, 0.830833196640015 ], [ 102.975502014160156, 0.898610889911652 ], [ 102.782501220703125, 1.034999966621399 ], [ 102.6343994140625, 1.006111025810242 ], [ 102.643302917480469, 1.041110992431641 ], [ 102.716102600097656, 1.153332948684692 ], [ 102.811897277832031, 1.156111001968384 ], [ 103.008598327636719, 1.057500004768372 ], [ 103.165496826171875, 0.89166647195816 ], [ 103.165802001953125, 0.854123175144196 ], [ 103.12640380859375, 0.830833196640015 ] ] ], [ [ [ 104.597702026367188, 0.825277626514435 ], [ 104.487197875976562, 0.853888809680939 ], [ 104.456398010253906, 0.998610973358154 ], [ 104.481101989746094, 1.027500033378601 ], [ 104.418899536132812, 1.056110978126526 ], [ 104.331100463867188, 1.005555033683777 ], [ 104.254402160644531, 1.004166007041931 ], [ 104.230300903320312, 1.077499985694885 ], [ 104.396102905273438, 1.194443941116333 ], [ 104.51190185546875, 1.17194402217865 ], [ 104.574996948242188, 1.225276947021484 ], [ 104.666900634765625, 1.023931980133057 ], [ 104.597702026367188, 0.825277626514435 ] ] ], [ [ [ 136.127197265625, -1.225556015968323 ], [ 136.02630615234375, -1.174999952316284 ], [ 135.902999877929688, -1.194167017936707 ], [ 135.834396362304688, -1.13861095905304 ], [ 135.766098022460938, -0.843888998031616 ], [ 135.740493774414062, -0.821389079093933 ], [ 135.659103393554688, -0.896111190319061 ], [ 135.428298950195312, -0.770000100135803 ], [ 135.369094848632812, -0.671389102935791 ], [ 135.377395629882812, -0.635833501815796 ], [ 135.761093139648438, -0.751388907432556 ], [ 135.83380126953125, -0.702222228050232 ], [ 135.902496337890625, -0.73500007390976 ], [ 136.225799560546875, -1.057778000831604 ], [ 136.267501831054688, -1.047500014305115 ], [ 136.385498046875, -1.111945033073425 ], [ 136.269699096679688, -1.196944952011108 ], [ 136.127197265625, -1.225556015968323 ] ] ], [ [ [ 128.038299560546875, 1.526111006736755 ], [ 127.971099853515625, 1.276666045188904 ], [ 127.768302917480469, 1.085000038146973 ], [ 127.653900146484375, 1.019999980926514 ], [ 127.62860107421875, 0.92333322763443 ], [ 127.779998779296875, 0.801944315433502 ], [ 127.840797424316406, 0.801388680934906 ], [ 127.916900634765625, 0.855277717113495 ], [ 127.970497131347656, 1.060832977294922 ], [ 128.068603515625, 1.121943950653076 ], [ 128.1466064453125, 1.117776989936829 ], [ 128.189697265625, 1.170554995536804 ], [ 128.190505981445312, 1.213611006736755 ], [ 128.095794677734375, 1.238332986831665 ], [ 128.18829345703125, 1.378054976463318 ], [ 128.407699584960938, 1.522776961326599 ], [ 128.627700805664062, 1.577499985694885 ], [ 128.707199096679688, 1.571943998336792 ], [ 128.678298950195312, 1.465000033378601 ], [ 128.74749755859375, 1.360277056694031 ], [ 128.703598022460938, 1.069722056388855 ], [ 128.302200317382812, 0.894444227218628 ], [ 128.211105346679688, 0.803333222866058 ], [ 128.234405517578125, 0.733333110809326 ], [ 128.348800659179688, 0.647221982479095 ], [ 128.673599243164062, 0.558055400848389 ], [ 128.682998657226562, 0.345555514097214 ], [ 128.862701416015625, 0.271666586399078 ], [ 128.901504516601562, 0.20109249651432 ], [ 128.718795776367188, 0.283333212137222 ], [ 128.546096801757812, 0.318888813257217 ], [ 128.458297729492188, 0.395555406808853 ], [ 128.21380615234375, 0.403055489063263 ], [ 127.99859619140625, 0.473610997200012 ], [ 127.923301696777344, 0.455833286046982 ], [ 127.876602172851562, 0.31055548787117 ], [ 127.923896789550781, 0.142777696251869 ], [ 127.88330078125, 0.073611102998257 ], [ 127.892997741699219, -0.031944449990988 ], [ 128.091598510742188, -0.506111085414886 ], [ 128.394699096679688, -0.874722182750702 ], [ 128.441299438476562, -0.909166812896729 ], [ 128.271896362304688, -0.880277991294861 ], [ 128.230194091796875, -0.85361111164093 ], [ 128.270492553710938, -0.828333377838135 ], [ 128.037704467773438, -0.711111187934875 ], [ 127.86419677734375, -0.384166687726974 ], [ 127.662803649902344, -0.213611200451851 ], [ 127.701103210449219, 0.062499988824129 ], [ 127.675796508789062, 0.112499997019768 ], [ 127.719703674316406, 0.288055509328842 ], [ 127.710800170898438, 0.325833290815353 ], [ 127.573600769042969, 0.407222211360931 ], [ 127.522201538085938, 0.598333120346069 ], [ 127.619697570800781, 0.821944177150726 ], [ 127.5791015625, 0.86083322763443 ], [ 127.4989013671875, 0.890277624130249 ], [ 127.490798950195312, 1.049443960189819 ], [ 127.403900146484375, 1.036388993263245 ], [ 127.397499084472656, 1.079444050788879 ], [ 127.429702758789062, 1.122499942779541 ], [ 127.399696350097656, 1.206943988800049 ], [ 127.528602600097656, 1.448055028915405 ], [ 127.567497253417969, 1.73638904094696 ], [ 127.860000610351562, 2.105555057525635 ], [ 127.948600769042969, 2.193887948989868 ], [ 128.054702758789062, 2.195276975631714 ], [ 128.048599243164062, 2.146666049957275 ], [ 127.850502014160156, 1.911110997200012 ], [ 127.849098205566406, 1.82611095905304 ], [ 127.988296508789062, 1.755555033683777 ], [ 128.01690673828125, 1.695276975631714 ], [ 127.99639892578125, 1.621387958526611 ], [ 128.038299560546875, 1.526111006736755 ] ] ], [ [ [ 95.237342834472656, 5.569005012512207 ], [ 95.36859130859375, 5.615831851959229 ], [ 95.419418334960938, 5.65388822555542 ], [ 95.885246276855469, 5.506109237670898 ], [ 95.964141845703125, 5.383886814117432 ], [ 96.104423522949219, 5.284998893737793 ], [ 96.51580810546875, 5.20999813079834 ], [ 96.653312683105469, 5.218053817749023 ], [ 96.820533752441406, 5.27888822555542 ], [ 97.048858642578125, 5.263053894042969 ], [ 97.139976501464844, 5.224164962768555 ], [ 97.171371459960938, 5.159998893737793 ], [ 97.234420776367188, 5.154720783233643 ], [ 97.498306274414062, 5.253610134124756 ], [ 97.836090087890625, 4.92583179473877 ], [ 97.899978637695312, 4.900832176208496 ], [ 97.96441650390625, 4.783888816833496 ], [ 97.995796203613281, 4.540832042694092 ], [ 98.120529174804688, 4.536110877990723 ], [ 98.273323059082031, 4.430275917053223 ], [ 98.266647338867188, 4.206110954284668 ], [ 98.196090698242188, 4.127499103546143 ], [ 98.261642456054688, 4.171943187713623 ], [ 98.304977416992188, 4.075553894042969 ], [ 98.378311157226562, 4.085832118988037 ], [ 98.551651000976562, 3.99888801574707 ], [ 98.5919189453125, 3.936666011810303 ], [ 98.666091918945312, 3.921665906906128 ], [ 98.709976196289062, 3.79444408416748 ], [ 99.202476501464844, 3.553889036178589 ], [ 99.560256958007812, 3.239166021347046 ], [ 99.737197875976562, 3.185832977294922 ], [ 99.924972534179688, 2.976943016052246 ], [ 99.981086730957031, 2.944165945053101 ], [ 99.994712829589844, 2.803055047988892 ], [ 99.954421997070312, 2.693054914474487 ], [ 100.001602172851562, 2.601943969726562 ], [ 100.0166015625, 2.633332967758179 ], [ 99.973587036132812, 2.705276966094971 ], [ 100.027801513671875, 2.734167098999023 ], [ 100.064697265625, 2.717499017715454 ], [ 100.119400024414062, 2.527221918106079 ], [ 100.12969970703125, 2.555277109146118 ], [ 100.112800598144531, 2.627222061157227 ], [ 100.13189697265625, 2.683331966400146 ], [ 100.169403076171875, 2.707221984863281 ], [ 100.245002746582031, 2.656666040420532 ], [ 100.476402282714844, 2.22666597366333 ], [ 100.613601684570312, 2.124166011810303 ], [ 100.674400329589844, 2.127499103546143 ], [ 100.822502136230469, 2.028887987136841 ], [ 100.94329833984375, 1.82079005241394 ], [ 100.894401550292969, 2.021388053894043 ], [ 100.8135986328125, 2.11860990524292 ], [ 100.795303344726562, 2.195832967758179 ], [ 100.8218994140625, 2.264998912811279 ], [ 100.913597106933594, 2.296665906906128 ], [ 101.055496215820312, 2.286387920379639 ], [ 101.06390380859375, 2.219166040420532 ], [ 101.274101257324219, 2.071943998336792 ], [ 101.323600769042969, 2.004998922348022 ], [ 101.367500305175781, 1.790555000305176 ], [ 101.400299072265625, 1.727499961853027 ], [ 101.545501708984375, 1.653610944747925 ], [ 101.70159912109375, 1.674721956253052 ], [ 102.1322021484375, 1.376667022705078 ], [ 102.206901550292969, 1.02472198009491 ], [ 102.461097717285156, 0.771111011505127 ], [ 102.556396484375, 0.729444324970245 ], [ 102.865196228027344, 0.731388688087463 ], [ 102.932502746582031, 0.694999814033508 ], [ 103.080497741699219, 0.515555381774902 ], [ 103.089401245117188, 0.458611011505127 ], [ 102.57550048828125, 0.176944404840469 ], [ 102.467201232910156, 0.232500001788139 ], [ 102.568603515625, 0.154444396495819 ], [ 103.036598205566406, 0.350277692079544 ], [ 103.330497741699219, 0.529166519641876 ], [ 103.381401062011719, 0.5333331823349 ], [ 103.739700317382812, 0.281111091375351 ], [ 103.813003540039062, 0.004999998956919 ], [ 103.774696350097656, -0.016944449394941 ], [ 103.580802917480469, -0.009444447234273 ], [ 103.582199096679688, -0.101111099123955 ], [ 103.271400451660156, -0.257838010787964 ], [ 103.351097106933594, -0.263611197471619 ], [ 103.480003356933594, -0.214444503188133 ], [ 103.499198913574219, -0.22944450378418 ], [ 103.43890380859375, -0.333611190319061 ], [ 103.341598510742188, -0.364444494247437 ], [ 103.564102172851562, -0.408333390951157 ], [ 103.598602294921875, -0.43555560708046 ], [ 103.536903381347656, -0.494444489479065 ], [ 103.423896789550781, -0.518611311912537 ], [ 103.370201110839844, -0.450000107288361 ], [ 103.416900634765625, -0.558333516120911 ], [ 103.384696960449219, -0.68500018119812 ], [ 103.341598510742188, -0.703611075878143 ], [ 103.466400146484375, -0.764444589614868 ], [ 103.438301086425781, -0.815833628177643 ], [ 103.510200500488281, -0.808333396911621 ], [ 103.727500915527344, -0.988611221313477 ], [ 103.794403076171875, -1.010555982589722 ], [ 103.82330322265625, -1.077777981758118 ], [ 103.861099243164062, -1.012500047683716 ], [ 103.955001831054688, -0.983055710792542 ], [ 104.200798034667969, -1.078333020210266 ], [ 104.346099853515625, -1.026111006736755 ], [ 104.37640380859375, -1.037222981452942 ], [ 104.413299560546875, -1.138056039810181 ], [ 104.394699096679688, -1.215278029441833 ], [ 104.455299377441406, -1.353888988494873 ], [ 104.460502624511719, -1.571666955947876 ], [ 104.536102294921875, -1.742777943611145 ], [ 104.480499267578125, -1.892778038978577 ], [ 104.51409912109375, -1.923611044883728 ], [ 104.534698486328125, -1.861945033073425 ], [ 104.564102172851562, -1.865556001663208 ], [ 104.634696960449219, -1.924999952316284 ], [ 104.582496643066406, -2.018333911895752 ], [ 104.6365966796875, -1.987221956253052 ], [ 104.673599243164062, -2.04222297668457 ], [ 104.773902893066406, -1.998888969421387 ], [ 104.825798034667969, -2.01555609703064 ], [ 104.871101379394531, -2.079722881317139 ], [ 104.87860107421875, -2.160000085830688 ], [ 104.749198913574219, -2.339445114135742 ], [ 104.612197875976562, -2.395555973052979 ], [ 104.708000183105469, -2.373611927032471 ], [ 104.727203369140625, -2.395555973052979 ], [ 104.689399719238281, -2.585000991821289 ], [ 104.580497741699219, -2.647500991821289 ], [ 104.539398193359375, -2.709722995758057 ], [ 104.532501220703125, -2.772778987884521 ], [ 104.595001220703125, -2.67055606842041 ], [ 104.726402282714844, -2.603611946105957 ], [ 104.766899108886719, -2.47972297668457 ], [ 104.7655029296875, -2.412501096725464 ], [ 104.853897094726562, -2.294723033905029 ], [ 104.8916015625, -2.290000915527344 ], [ 104.915496826171875, -2.374166965484619 ], [ 104.95050048828125, -2.331111907958984 ], [ 105.118301391601562, -2.382499933242798 ], [ 105.238296508789062, -2.344166994094849 ], [ 105.541397094726562, -2.424166917800903 ], [ 105.606399536132812, -2.393333911895752 ], [ 105.62969970703125, -2.418056011199951 ], [ 105.605796813964844, -2.553056001663208 ], [ 105.639999389648438, -2.635000944137573 ], [ 105.779701232910156, -2.69389009475708 ], [ 105.791397094726562, -2.858889102935791 ], [ 105.852500915527344, -2.941668033599854 ], [ 105.988899230957031, -2.960278987884521 ], [ 106.049102783203125, -3.016944885253906 ], [ 106.077796936035156, -3.238611936569214 ], [ 105.911903381347656, -3.387778043746948 ], [ 105.822998046875, -3.647778987884521 ], [ 105.815299987792969, -3.71277904510498 ], [ 105.945503234863281, -3.808334112167358 ], [ 105.955802917480469, -3.858334064483643 ], [ 105.818901062011719, -4.190001010894775 ], [ 105.81109619140625, -4.295835018157959 ], [ 105.902496337890625, -4.457778930664062 ], [ 105.897796630859375, -4.966668128967285 ], [ 105.860496520996094, -5.066112995147705 ], [ 105.831100463867188, -5.63583517074585 ], [ 105.735298156738281, -5.893611907958984 ], [ 105.713897705078125, -5.836945056915283 ], [ 105.597999572753906, -5.810556888580322 ], [ 105.543800354003906, -5.659914016723633 ], [ 105.519996643066406, -5.683611869812012 ], [ 105.367202758789062, -5.556111812591553 ], [ 105.286903381347656, -5.446389198303223 ], [ 105.255500793457031, -5.451667785644531 ], [ 105.243301391601562, -5.566390037536621 ], [ 105.171897888183594, -5.585556983947754 ], [ 105.216400146484375, -5.706112861633301 ], [ 105.157501220703125, -5.725278854370117 ], [ 105.158897399902344, -5.748334884643555 ], [ 105.215797424316406, -5.758613109588623 ], [ 105.145797729492188, -5.795557022094727 ], [ 104.613296508789062, -5.487223148345947 ], [ 104.544998168945312, -5.506391048431396 ], [ 104.525802612304688, -5.541667938232422 ], [ 104.713600158691406, -5.9100022315979 ], [ 104.703300476074219, -5.931110858917236 ], [ 104.560501098632812, -5.929724216461182 ], [ 104.537498474121094, -5.839724063873291 ], [ 104.290000915527344, -5.643333911895752 ], [ 104.30999755859375, -5.601667881011963 ], [ 103.967201232910156, -5.23611307144165 ], [ 103.900001525878906, -5.22111177444458 ], [ 103.913902282714844, -5.143333911895752 ], [ 103.786399841308594, -5.032779216766357 ], [ 103.727996826171875, -5.023890018463135 ], [ 103.731399536132812, -4.9725022315979 ], [ 103.696601867675781, -4.952778816223145 ], [ 103.649101257324219, -4.978056907653809 ], [ 103.619697570800781, -4.92500114440918 ], [ 103.333297729492188, -4.803335189819336 ], [ 103.291603088378906, -4.728333950042725 ], [ 103.05169677734375, -4.543056964874268 ], [ 102.916099548339844, -4.493889808654785 ], [ 102.671401977539062, -4.250833988189697 ], [ 102.288902282714844, -3.96083402633667 ], [ 102.241096496582031, -3.683888912200928 ], [ 102.210296630859375, -3.639445066452026 ], [ 101.626899719238281, -3.246112108230591 ], [ 101.31390380859375, -2.720000982284546 ], [ 101.109703063964844, -2.595278024673462 ], [ 100.905502319335938, -2.319444894790649 ], [ 100.833602905273438, -2.17166805267334 ], [ 100.883598327636719, -2.039444923400879 ], [ 100.866401672363281, -1.92638897895813 ], [ 100.62860107421875, -1.500277996063232 ], [ 100.575302124023438, -1.457777976989746 ], [ 100.566902160644531, -1.33583402633667 ], [ 100.460800170898438, -1.270277976989746 ], [ 100.412200927734375, -1.277778029441833 ], [ 100.373001098632812, -1.083889007568359 ], [ 100.4114990234375, -1.043485999107361 ], [ 100.360801696777344, -0.999722421169281 ], [ 100.321601867675781, -0.846666693687439 ], [ 100.019996643066406, -0.478055596351624 ], [ 99.816650390625, -0.310833394527435 ], [ 99.761642456054688, -0.064166687428951 ], [ 99.616363525390625, 0.091944426298141 ], [ 99.341087341308594, 0.234722197055817 ], [ 99.168296813964844, 0.238611102104187 ], [ 99.134140014648438, 0.266110986471176 ], [ 99.158042907714844, 0.317499905824661 ], [ 99.110809326171875, 0.345555514097214 ], [ 99.136917114257812, 0.407222211360931 ], [ 99.095809936523438, 0.604722023010254 ], [ 99.040817260742188, 0.623888671398163 ], [ 99.042213439941406, 0.755277574062347 ], [ 98.771636962890625, 1.479444026947021 ], [ 98.702476501464844, 1.561110973358154 ], [ 98.729713439941406, 1.566666007041931 ], [ 98.759140014648438, 1.534443974494934 ], [ 98.822196960449219, 1.621943950653076 ], [ 98.821640014648438, 1.677500009536743 ], [ 98.718032836914062, 1.76111102104187 ], [ 98.717483520507812, 1.726111054420471 ], [ 98.681640625, 1.737221956253052 ], [ 98.511093139648438, 1.943333029747009 ], [ 98.104713439941406, 2.183609962463379 ], [ 97.948593139648438, 2.267220973968506 ], [ 97.762191772460938, 2.26583194732666 ], [ 97.654693603515625, 2.404721975326538 ], [ 97.61358642578125, 2.82166600227356 ], [ 97.587478637695312, 2.877777099609375 ], [ 97.42913818359375, 2.923609972000122 ], [ 97.337196350097656, 3.024166107177734 ], [ 97.26275634765625, 3.216387987136841 ], [ 97.171371459960938, 3.250833034515381 ], [ 96.896087646484375, 3.64527702331543 ], [ 96.79608154296875, 3.736943960189819 ], [ 96.706092834472656, 3.755554914474487 ], [ 96.558296203613281, 3.738332986831665 ], [ 96.501373291015625, 3.755554914474487 ], [ 96.348587036132812, 3.91944408416748 ], [ 96.194427490234375, 4.116386890411377 ], [ 95.943588256835938, 4.281942844390869 ], [ 95.613311767578125, 4.625554084777832 ], [ 95.534416198730469, 4.679442882537842 ], [ 95.3035888671875, 5.097219944000244 ], [ 95.232192993164062, 5.283053874969482 ], [ 95.198593139648438, 5.283608913421631 ], [ 95.245796203613281, 5.460277080535889 ], [ 95.200813293457031, 5.529998779296875 ], [ 95.237342834472656, 5.569005012512207 ] ] ] ] } },
{ "type": "Feature", "properties": { }, "geometry": { "type": "Polygon", "coordinates": [ [ [ 101.152397155761719, 21.564670562744141 ], [ 101.208900451660156, 21.558610916137695 ], [ 101.193603515625, 21.412769317626953 ], [ 101.265296936035156, 21.376110076904297 ], [ 101.234397888183594, 21.256389617919922 ], [ 101.281898498535156, 21.180269241333008 ], [ 101.605003356933594, 21.234989166259766 ], [ 101.605499267578125, 21.182210922241211 ], [ 101.784698486328125, 21.142770767211914 ], [ 101.851097106933594, 21.245540618896484 ], [ 101.740501403808594, 21.313610076904297 ], [ 101.799697875976562, 21.584159851074219 ], [ 101.828903198242188, 21.630550384521484 ], [ 101.75250244140625, 21.72443962097168 ], [ 101.784698486328125, 21.824989318847656 ], [ 101.613899230957031, 22.028879165649414 ], [ 101.569999694824219, 22.279159545898438 ], [ 101.635200500488281, 22.305269241333008 ], [ 101.689399719238281, 22.470270156860352 ], [ 101.768898010253906, 22.500829696655273 ], [ 101.82330322265625, 22.466930389404297 ], [ 101.866096496582031, 22.390270233154297 ], [ 101.894699096679688, 22.384159088134766 ], [ 101.994697570800781, 22.448600769042969 ], [ 102.105796813964844, 22.437490463256836 ], [ 102.267501831054688, 22.217769622802734 ], [ 102.419403076171875, 22.120550155639648 ], [ 102.505500793457031, 21.962209701538086 ], [ 102.6405029296875, 21.86305046081543 ], [ 102.671096801757812, 21.662490844726562 ], [ 102.746902465820312, 21.666379928588867 ], [ 102.817497253417969, 21.733600616455078 ], [ 102.807197570800781, 21.82805061340332 ], [ 102.828903198242188, 21.847770690917969 ], [ 102.858299255371094, 21.826940536499023 ], [ 102.861396789550781, 21.718320846557617 ], [ 102.939399719238281, 21.724710464477539 ], [ 102.964996337890625, 21.748880386352539 ], [ 102.988899230957031, 21.682769775390625 ], [ 102.961898803710938, 21.544160842895508 ], [ 102.875, 21.432769775390625 ], [ 102.943801879882812, 21.454710006713867 ], [ 102.900497436523438, 21.302770614624023 ], [ 102.822998046875, 21.260829925537109 ], [ 102.916603088378906, 21.234439849853516 ], [ 102.966903686523438, 21.078609466552734 ], [ 103.030799865722656, 21.059999465942383 ], [ 103.166397094726562, 20.850830078125 ], [ 103.416900634765625, 20.794160842895508 ], [ 103.448600769042969, 20.827770233154297 ], [ 103.687202453613281, 20.658330917358398 ], [ 103.738296508789062, 20.669990539550781 ], [ 103.729400634765625, 20.724159240722656 ], [ 103.789398193359375, 20.748600006103516 ], [ 103.803596496582031, 20.845830917358398 ], [ 104.109100341796875, 20.977209091186523 ], [ 104.585296630859375, 20.673879623413086 ], [ 104.643600463867188, 20.660270690917969 ], [ 104.551101684570312, 20.516380310058594 ], [ 104.470802307128906, 20.537220001220703 ], [ 104.381301879882812, 20.460550308227539 ], [ 104.388603210449219, 20.438610076904297 ], [ 104.510498046875, 20.408050537109375 ], [ 104.602500915527344, 20.419710159301758 ], [ 104.706901550292969, 20.345550537109375 ], [ 104.713897705078125, 20.29026985168457 ], [ 104.678802490234375, 20.280550003051758 ], [ 104.680496215820312, 20.218879699707031 ], [ 104.93499755859375, 20.185550689697266 ], [ 104.980796813964844, 20.018600463867188 ], [ 104.959999084472656, 19.986930847167969 ], [ 104.852500915527344, 19.945270538330078 ], [ 104.778800964355469, 19.874160766601562 ], [ 104.846099853515625, 19.85331916809082 ], [ 104.836402893066406, 19.791379928588867 ], [ 104.661598205566406, 19.668880462646484 ], [ 104.644996643066406, 19.615549087524414 ], [ 104.523002624511719, 19.604709625244141 ], [ 104.413597106933594, 19.693330764770508 ], [ 104.320602416992188, 19.661500930786133 ], [ 104.308601379394531, 19.686939239501953 ], [ 104.164100646972656, 19.688320159912109 ], [ 104.13909912109375, 19.659990310668945 ], [ 104.040397644042969, 19.694440841674805 ], [ 104.036598205566406, 19.611099243164062 ], [ 104.12249755859375, 19.497219085693359 ], [ 104.069801330566406, 19.409830093383789 ], [ 103.987701416015625, 19.399160385131836 ], [ 103.879096984863281, 19.293430328369141 ], [ 104.223899841308594, 19.132490158081055 ], [ 104.453598022460938, 18.981100082397461 ], [ 104.520797729492188, 18.979429244995117 ], [ 104.672203063964844, 18.836940765380859 ], [ 104.957496643066406, 18.738880157470703 ], [ 105.1343994140625, 18.706380844116211 ], [ 105.193801879882812, 18.642490386962891 ], [ 105.189697265625, 18.602489471435547 ], [ 105.149398803710938, 18.599720001220703 ], [ 105.103302001953125, 18.466930389404297 ], [ 105.13189697265625, 18.409990310668945 ], [ 105.191596984863281, 18.378330230712891 ], [ 105.18499755859375, 18.318330764770508 ], [ 105.383003234863281, 18.160270690917969 ], [ 105.433601379394531, 18.207769393920898 ], [ 105.499702453613281, 18.179990768432617 ], [ 105.624702453613281, 17.947769165039062 ], [ 105.614997863769531, 17.871379852294922 ], [ 105.785003662109375, 17.659439086914062 ], [ 105.858596801757812, 17.620550155639648 ], [ 106.043601989746094, 17.402769088745117 ], [ 106.211601257324219, 17.261659622192383 ], [ 106.25360107421875, 17.245819091796875 ], [ 106.287498474121094, 17.293889999389648 ], [ 106.335502624511719, 17.234159469604492 ], [ 106.361396789550781, 17.135549545288086 ], [ 106.471099853515625, 16.982490539550781 ], [ 106.56109619140625, 16.996940612792969 ], [ 106.556297302246094, 16.899980545043945 ], [ 106.586799621582031, 16.627090454101562 ], [ 106.633003234863281, 16.604990005493164 ], [ 106.674400329589844, 16.478599548339844 ], [ 106.734703063964844, 16.430549621582031 ], [ 106.784202575683594, 16.453559875488281 ], [ 106.847999572753906, 16.537220001220703 ], [ 106.885200500488281, 16.532489776611328 ], [ 106.907203674316406, 16.392490386962891 ], [ 106.989097595214844, 16.297769546508789 ], [ 107.091102600097656, 16.30194091796875 ], [ 107.148902893066406, 16.260829925537109 ], [ 107.154403686523438, 16.197769165039062 ], [ 107.334098815917969, 16.056940078735352 ], [ 107.460502624511719, 16.082490921020508 ], [ 107.466598510742188, 16.008890151977539 ], [ 107.398300170898438, 15.91388988494873 ], [ 107.206596374511719, 15.861390113830566 ], [ 107.175003051757812, 15.795000076293945 ], [ 107.187698364257812, 15.759440422058105 ], [ 107.25360107421875, 15.72638988494873 ], [ 107.2615966796875, 15.650270462036133 ], [ 107.459098815917969, 15.511110305786133 ], [ 107.695198059082031, 15.270830154418945 ], [ 107.580001831054688, 15.044159889221191 ], [ 107.479698181152344, 15.037779808044434 ], [ 107.477996826171875, 14.973609924316406 ], [ 107.584701538085938, 14.899439811706543 ], [ 107.513603210449219, 14.803609848022461 ], [ 107.5458984375, 14.704959869384766 ], [ 107.4541015625, 14.557769775390625 ], [ 107.422500610351562, 14.545550346374512 ], [ 107.32659912109375, 14.606940269470215 ], [ 107.296096801757812, 14.598609924316406 ], [ 107.277999877929688, 14.559720039367676 ], [ 107.108901977539062, 14.40110969543457 ], [ 107.050201416015625, 14.443050384521484 ], [ 106.99749755859375, 14.363880157470703 ], [ 106.838302612304688, 14.3125 ], [ 106.733596801757812, 14.442500114440918 ], [ 106.627700805664062, 14.466939926147461 ], [ 106.541702270507812, 14.598979949951172 ], [ 106.433296203613281, 14.523329734802246 ], [ 106.438301086425781, 14.487500190734863 ], [ 106.3323974609375, 14.445320129394531 ], [ 106.2510986328125, 14.493330001831055 ], [ 106.246902465820312, 14.446390151977539 ], [ 106.209701538085938, 14.375550270080566 ], [ 106.028297424316406, 14.360269546508789 ], [ 105.993896484375, 14.343330383300781 ], [ 106.041603088378906, 14.224720001220703 ], [ 106.101898193359375, 14.186659812927246 ], [ 106.174400329589844, 14.05027961730957 ], [ 106.091903686523438, 13.920000076293945 ], [ 105.939102172851562, 13.926939964294434 ], [ 105.732398986816406, 14.111490249633789 ], [ 105.598297119140625, 14.151659965515137 ], [ 105.364097595214844, 14.109439849853516 ], [ 105.209999084472656, 14.284440040588379 ], [ 105.210403442382812, 14.352560043334961 ], [ 105.441902160644531, 14.432220458984375 ], [ 105.537803649902344, 14.577770233154297 ], [ 105.521400451660156, 14.789999961853027 ], [ 105.619102478027344, 14.991660118103027 ], [ 105.468902587890625, 15.125 ], [ 105.493598937988281, 15.205269813537598 ], [ 105.596397399902344, 15.274720191955566 ], [ 105.587997436523438, 15.335519790649414 ], [ 105.483001708984375, 15.341659545898438 ], [ 105.483001708984375, 15.37693977355957 ], [ 105.599998474121094, 15.433050155639648 ], [ 105.6343994140625, 15.594719886779785 ], [ 105.632499694824219, 15.678609848022461 ], [ 105.596397399902344, 15.728050231933594 ], [ 105.426902770996094, 15.775830268859863 ], [ 105.349700927734375, 15.938050270080566 ], [ 105.406898498535156, 15.992219924926758 ], [ 105.411903381347656, 16.018600463867188 ], [ 105.182998657226562, 16.058879852294922 ], [ 105.046600341796875, 16.128599166870117 ], [ 105.021598815917969, 16.236379623413086 ], [ 104.746101379394531, 16.531110763549805 ], [ 104.768898010253906, 16.697490692138672 ], [ 104.752998352050781, 16.887779235839844 ], [ 104.809402465820312, 17.193880081176758 ], [ 104.789398193359375, 17.41472053527832 ], [ 104.666397094726562, 17.542490005493164 ], [ 104.44439697265625, 17.673320770263672 ], [ 104.26080322265625, 17.881940841674805 ], [ 103.995796203613281, 18.307500839233398 ], [ 103.949996948242188, 18.330549240112305 ], [ 103.868598937988281, 18.279989242553711 ], [ 103.397201538085938, 18.434989929199219 ], [ 103.281600952148438, 18.407220840454102 ], [ 103.236602783203125, 18.346660614013672 ], [ 103.282501220703125, 18.298879623413086 ], [ 103.170501708984375, 18.247770309448242 ], [ 103.140800476074219, 18.16526985168457 ], [ 103.090103149414062, 18.137409210205078 ], [ 103.06719970703125, 18.024990081787109 ], [ 103.018600463867188, 17.978609085083008 ], [ 102.9385986328125, 18.003599166870117 ], [ 102.671600341796875, 17.861940383911133 ], [ 102.666603088378906, 17.802499771118164 ], [ 102.589103698730469, 17.844999313354492 ], [ 102.612701416015625, 17.918600082397461 ], [ 102.590301513671875, 17.957769393920898 ], [ 102.293296813964844, 18.052219390869141 ], [ 102.176399230957031, 18.195550918579102 ], [ 102.105499267578125, 18.210269927978516 ], [ 101.890296936035156, 18.030000686645508 ], [ 101.831596374511719, 18.053890228271484 ], [ 101.772499084472656, 18.054439544677734 ], [ 101.726898193359375, 17.909160614013672 ], [ 101.620796203613281, 17.881940841674805 ], [ 101.559097290039062, 17.814790725708008 ], [ 101.557998657226562, 17.784719467163086 ], [ 101.3905029296875, 17.692489624023438 ], [ 101.152198791503906, 17.461099624633789 ], [ 101.099098205566406, 17.498050689697266 ], [ 100.918899536132812, 17.568889617919922 ], [ 100.910202026367188, 17.596380233764648 ], [ 100.962501525878906, 17.667209625244141 ], [ 100.980499267578125, 17.764999389648438 ], [ 101.190803527832031, 18.057769775390625 ], [ 101.151603698730469, 18.257770538330078 ], [ 101.180496215820312, 18.333599090576172 ], [ 101.091598510742188, 18.37693977355957 ], [ 101.062202453613281, 18.454439163208008 ], [ 101.268898010253906, 18.686939239501953 ], [ 101.228599548339844, 18.729160308837891 ], [ 101.351898193359375, 19.051660537719727 ], [ 101.287200927734375, 19.107500076293945 ], [ 101.202796936035156, 19.390829086303711 ], [ 101.285202026367188, 19.521379470825195 ], [ 101.269401550292969, 19.579160690307617 ], [ 101.219100952148438, 19.595550537109375 ], [ 101.19000244140625, 19.568609237670898 ], [ 101.032203674316406, 19.619440078735352 ], [ 100.894699096679688, 19.619710922241211 ], [ 100.775299072265625, 19.484439849853516 ], [ 100.6365966796875, 19.55055046081543 ], [ 100.574996948242188, 19.493610382080078 ], [ 100.484397888183594, 19.544719696044922 ], [ 100.406097412109375, 19.764440536499023 ], [ 100.483299255371094, 19.858049392700195 ], [ 100.581100463867188, 20.157619476318359 ], [ 100.520500183105469, 20.144990921020508 ], [ 100.452796936035156, 20.193330764770508 ], [ 100.3760986328125, 20.344160079956055 ], [ 100.308601379394531, 20.393600463867188 ], [ 100.25, 20.379159927368164 ], [ 100.159698486328125, 20.234989166259766 ], [ 100.097198486328125, 20.256099700927734 ], [ 100.092300415039062, 20.34929084777832 ], [ 100.18609619140625, 20.6533203125 ], [ 100.3760986328125, 20.82805061340332 ], [ 100.515800476074219, 20.80388069152832 ], [ 100.570503234863281, 20.817770004272461 ], [ 100.648002624511719, 20.873600006103516 ], [ 100.633598327636719, 20.891380310058594 ], [ 100.538002014160156, 20.866939544677734 ], [ 100.513298034667969, 20.88776969909668 ], [ 100.545501708984375, 21.025270462036133 ], [ 100.609100341796875, 21.042770385742188 ], [ 100.732200622558594, 21.314159393310547 ], [ 100.834701538085938, 21.302490234375 ], [ 101.005203247070312, 21.400829315185547 ], [ 101.161598205566406, 21.530550003051758 ], [ 101.152397155761719, 21.564670562744141 ] ] ] } },
{ "type": "Feature", "properties": { }, "geometry": { "type": "MultiPolygon", "coordinates": [ [ [ [ 117.087501525878906, 7.130277156829834 ], [ 117.050003051757812, 7.174164772033691 ], [ 117.088897705078125, 7.300553798675537 ], [ 117.223297119140625, 7.356666088104248 ], [ 117.288902282714844, 7.330276012420654 ], [ 117.279403686523438, 7.241942882537842 ], [ 117.219100952148438, 7.175555229187012 ], [ 117.087501525878906, 7.130277156829834 ] ] ], [ [ [ 99.742752075195312, 6.249166011810303 ], [ 99.646926879882812, 6.384997844696045 ], [ 99.669692993164062, 6.411664962768555 ], [ 99.853286743164062, 6.463962078094482 ], [ 99.921653747558594, 6.341944217681885 ], [ 99.874153137207031, 6.289165019989014 ], [ 99.824417114257812, 6.310832023620605 ], [ 99.742752075195312, 6.249166011810303 ] ] ], [ [ [ 100.12860107421875, 6.41779088973999 ], [ 100.171401977539062, 6.476665019989014 ], [ 100.19000244140625, 6.687498092651367 ], [ 100.208602905273438, 6.710555076599121 ], [ 100.298896789550781, 6.701665878295898 ], [ 100.371101379394531, 6.547498226165771 ], [ 100.654998779296875, 6.448330879211426 ], [ 100.74859619140625, 6.503610134124756 ], [ 100.854103088378906, 6.325554847717285 ], [ 100.852203369140625, 6.242776870727539 ], [ 100.94580078125, 6.238608837127686 ], [ 100.989700317382812, 6.2774977684021 ], [ 101.115501403808594, 6.24888801574707 ], [ 101.121597290039062, 6.187220096588135 ], [ 101.0791015625, 6.160831928253174 ], [ 101.120201110839844, 5.990553855895996 ], [ 100.993598937988281, 5.806107997894287 ], [ 101.024398803710938, 5.732776165008545 ], [ 101.084098815917969, 5.714166164398193 ], [ 101.139701843261719, 5.631941795349121 ], [ 101.2489013671875, 5.699163913726807 ], [ 101.281898498535156, 5.804441928863525 ], [ 101.569999694824219, 5.916665077209473 ], [ 101.658897399902344, 5.860555171966553 ], [ 101.68499755859375, 5.770832061767578 ], [ 101.8240966796875, 5.739441871643066 ], [ 101.943801879882812, 5.861942768096924 ], [ 101.946098327636719, 5.964721202850342 ], [ 102.091598510742188, 6.110554218292236 ], [ 102.094398498535156, 6.236175060272217 ], [ 102.313003540039062, 6.189444065093994 ], [ 102.373298645019531, 6.131943225860596 ], [ 102.657997131347656, 5.740831851959229 ], [ 103.057998657226562, 5.455554008483887 ], [ 103.184402465820312, 5.278608798980713 ], [ 103.420501708984375, 4.841108798980713 ], [ 103.4927978515625, 4.299164772033691 ], [ 103.394096374511719, 4.08499813079834 ], [ 103.439102172851562, 3.950555086135864 ], [ 103.402198791503906, 3.957221984863281 ], [ 103.379203796386719, 3.902776956558228 ], [ 103.381599426269531, 3.804999113082886 ], [ 103.347999572753906, 3.792222023010254 ], [ 103.352798461914062, 3.692222118377686 ], [ 103.464401245117188, 3.529721975326538 ], [ 103.426399230957031, 3.392498970031738 ], [ 103.437202453613281, 2.928333044052124 ], [ 103.482498168945312, 2.836666107177734 ], [ 103.641098022460938, 2.661387920379639 ], [ 103.767196655273438, 2.646388053894043 ], [ 103.841598510742188, 2.44666600227356 ], [ 103.953300476074219, 2.324444055557251 ], [ 103.971397399902344, 2.199999094009399 ], [ 104.019699096679688, 2.136666059494019 ], [ 104.13909912109375, 1.836110949516296 ], [ 104.167503356933594, 1.838611006736755 ], [ 104.281898498535156, 1.512222051620483 ], [ 104.275802612304688, 1.365555047988892 ], [ 104.187202453613281, 1.338333010673523 ], [ 104.102996826171875, 1.369166016578674 ], [ 104.047798156738281, 1.468888998031616 ], [ 104.124702453613281, 1.514721989631653 ], [ 104.125, 1.545554995536804 ], [ 104.044700622558594, 1.500555038452148 ], [ 103.973602294921875, 1.640277028083801 ], [ 103.951103210449219, 1.641666054725647 ], [ 104.01080322265625, 1.538054943084717 ], [ 104.00360107421875, 1.44083297252655 ], [ 103.965301513671875, 1.418055057525635 ], [ 103.800300598144531, 1.471943974494934 ], [ 103.586097717285156, 1.344722032546997 ], [ 103.542800903320312, 1.379721999168396 ], [ 103.512496948242188, 1.2688889503479 ], [ 103.370796203613281, 1.536666035652161 ], [ 103.235496520996094, 1.596389055252075 ], [ 102.811698913574219, 1.853055000305176 ], [ 102.726097106933594, 1.845832943916321 ], [ 102.686897277832031, 1.868888974189758 ], [ 102.559196472167969, 2.038986921310425 ], [ 102.331398010253906, 2.152221918106079 ], [ 101.931396484375, 2.415277004241943 ], [ 101.858001708984375, 2.396666049957275 ], [ 101.774696350097656, 2.583055019378662 ], [ 101.50469970703125, 2.680831909179688 ], [ 101.401397705078125, 2.810832977294922 ], [ 101.285003662109375, 2.841109991073608 ], [ 101.281898498535156, 2.91222095489502 ], [ 101.371597290039062, 2.994443893432617 ], [ 101.370002746582031, 3.045555114746094 ], [ 101.294403076171875, 3.268887996673584 ], [ 101.024696350097656, 3.631387948989868 ], [ 100.806900024414062, 3.787498950958252 ], [ 100.840797424316406, 3.849443912506104 ], [ 100.760002136230469, 3.841665983200073 ], [ 100.719100952148438, 3.870276927947998 ], [ 100.6968994140625, 3.916944026947021 ], [ 100.714698791503906, 3.997220993041992 ], [ 100.784103393554688, 3.984999895095825 ], [ 100.864700317382812, 4.031386852264404 ], [ 100.777198791503906, 4.018332004547119 ], [ 100.757797241210938, 4.102221012115479 ], [ 100.620498657226562, 4.162497997283936 ], [ 100.561897277832031, 4.322498798370361 ], [ 100.642799377441406, 4.555553913116455 ], [ 100.596603393554688, 4.566943168640137 ], [ 100.592201232910156, 4.611110210418701 ], [ 100.660797119140625, 4.673610210418701 ], [ 100.598899841308594, 4.658608913421631 ], [ 100.590797424316406, 4.750554084777832 ], [ 100.629203796386719, 4.764165878295898 ], [ 100.573898315429688, 4.793610095977783 ], [ 100.553901672363281, 4.856943130493164 ], [ 100.513298034667969, 4.907497882843018 ], [ 100.435501098632812, 4.921110153198242 ], [ 100.361099243164062, 5.08611011505127 ], [ 100.416397094726562, 5.148333072662354 ], [ 100.341102600097656, 5.661109924316406 ], [ 100.385002136230469, 5.673332214355469 ], [ 100.347999572753906, 5.997220993041992 ], [ 100.250801086425781, 6.208333015441895 ], [ 100.17669677734375, 6.277778148651123 ], [ 100.12860107421875, 6.41779088973999 ] ] ], [ [ [ 115.02960205078125, 4.818319797515869 ], [ 115.026603698730469, 4.656664848327637 ], [ 115.098602294921875, 4.386386871337891 ], [ 115.336402893066406, 4.311387062072754 ], [ 115.360198974609375, 4.329164981842041 ], [ 115.266403198242188, 4.52944278717041 ], [ 115.244102478027344, 4.724997997283936 ], [ 115.145896911621094, 4.903355121612549 ], [ 115.223297119140625, 4.957499027252197 ], [ 115.32330322265625, 4.894443035125732 ], [ 115.366600036621094, 4.903332233428955 ], [ 115.557701110839844, 5.068609237670898 ], [ 115.602996826171875, 5.217498779296875 ], [ 115.358299255371094, 5.311666011810303 ], [ 115.381599426269531, 5.403054237365723 ], [ 115.447998046875, 5.446664810180664 ], [ 115.595298767089844, 5.628054141998291 ], [ 115.616600036621094, 5.619164943695068 ], [ 115.583000183105469, 5.549720764160156 ], [ 115.596099853515625, 5.521666049957275 ], [ 115.817497253417969, 5.53388786315918 ], [ 115.857200622558594, 5.57638692855835 ], [ 115.918899536132812, 5.747498989105225 ], [ 116.051101684570312, 5.840832233428955 ], [ 116.1416015625, 6.069721221923828 ], [ 116.092201232910156, 6.111388206481934 ], [ 116.220298767089844, 6.236664772033691 ], [ 116.291603088378906, 6.233888149261475 ], [ 116.275802612304688, 6.296111106872559 ], [ 116.643898010253906, 6.701109886169434 ], [ 116.715797424316406, 6.967776775360107 ], [ 116.772796630859375, 7.021666049957275 ], [ 116.834999084472656, 6.961111068725586 ], [ 116.850303649902344, 6.889720916748047 ], [ 116.816703796386719, 6.9024977684021 ], [ 116.809700012207031, 6.856943130493164 ], [ 116.846099853515625, 6.844164848327637 ], [ 116.855499267578125, 6.766386985778809 ], [ 116.809700012207031, 6.703053951263428 ], [ 116.779403686523438, 6.590277194976807 ], [ 116.800003051757812, 6.576664924621582 ], [ 116.862503051757812, 6.59638786315918 ], [ 117.054397583007812, 6.8399977684021 ], [ 117.031097412109375, 6.936666011810303 ], [ 117.089401245117188, 6.993053913116455 ], [ 117.178298950195312, 6.990275859832764 ], [ 117.252998352050781, 6.928332805633545 ], [ 117.224098205566406, 6.820833206176758 ], [ 117.297500610351562, 6.628887176513672 ], [ 117.474403381347656, 6.541110038757324 ], [ 117.529098510742188, 6.62833309173584 ], [ 117.562202453613281, 6.534442901611328 ], [ 117.650497436523438, 6.513331890106201 ], [ 117.739700317382812, 6.383886814117432 ], [ 117.717796325683594, 6.251665115356445 ], [ 117.671699523925781, 6.255277156829834 ], [ 117.599700927734375, 6.189722061157227 ], [ 117.636100769042969, 6.123610019683838 ], [ 117.634101867675781, 6.034442901611328 ], [ 117.670501708984375, 6.013331890106201 ], [ 117.667800903320312, 5.971665859222412 ], [ 117.464103698730469, 5.866664886474609 ], [ 117.882797241210938, 5.94999885559082 ], [ 118.01300048828125, 6.058887004852295 ], [ 118.124702453613281, 5.861386775970459 ], [ 118.080299377441406, 5.810276031494141 ], [ 117.931396484375, 5.813610076904297 ], [ 117.906898498535156, 5.790277004241943 ], [ 117.960296630859375, 5.681387901306152 ], [ 118.148597717285156, 5.696387767791748 ], [ 118.17669677734375, 5.803886890411377 ], [ 118.37359619140625, 5.807498931884766 ], [ 118.491897583007812, 5.748054981231689 ], [ 118.597503662109375, 5.65888786315918 ], [ 118.574996948242188, 5.640275955200195 ], [ 118.564697265625, 5.521110057830811 ], [ 118.602996826171875, 5.617775917053223 ], [ 118.639396667480469, 5.641664981842041 ], [ 118.934700012207031, 5.429720878601074 ], [ 118.927696228027344, 5.389997959136963 ], [ 118.969703674316406, 5.39083194732666 ], [ 118.973602294921875, 5.437221050262451 ], [ 119.023002624511719, 5.418055057525635 ], [ 119.202499389648438, 5.435832023620605 ], [ 119.275802612304688, 5.344997882843018 ], [ 119.268302917480469, 5.214166164398193 ], [ 119.193603515625, 5.123887062072754 ], [ 118.971603393554688, 5.044721126556396 ], [ 118.491401672363281, 4.930831909179688 ], [ 118.445297241210938, 5.001110076904297 ], [ 118.391403198242188, 5.035830974578857 ], [ 118.205497741699219, 4.95999813079834 ], [ 118.133003234863281, 4.850831985473633 ], [ 118.417198181152344, 4.593331813812256 ], [ 118.437797546386719, 4.613887786865234 ], [ 118.490501403808594, 4.584443092346191 ], [ 118.467498779296875, 4.535275936126709 ], [ 118.5072021484375, 4.499721050262451 ], [ 118.592796325683594, 4.52361011505127 ], [ 118.642196655273438, 4.430275917053223 ], [ 118.573600769042969, 4.376943111419678 ], [ 117.973899841308594, 4.22999906539917 ], [ 117.654701232910156, 4.422499179840088 ], [ 117.601097106933594, 4.380277156829834 ], [ 117.651901245117188, 4.266942977905273 ], [ 117.588096618652344, 4.171236038208008 ], [ 117.44329833984375, 4.192776203155518 ], [ 117.233299255371094, 4.359164237976074 ], [ 116.830497741699219, 4.330832004547119 ], [ 116.742698669433594, 4.373054027557373 ], [ 116.69439697265625, 4.331943035125732 ], [ 116.641899108886719, 4.334721088409424 ], [ 116.570297241210938, 4.386108875274658 ], [ 116.521598815917969, 4.366108894348145 ], [ 116.525802612304688, 4.317498207092285 ], [ 116.451400756835938, 4.295276165008545 ], [ 116.349700927734375, 4.37083101272583 ], [ 116.166900634765625, 4.375831127166748 ], [ 116.054100036621094, 4.277221202850342 ], [ 115.886398315429688, 4.368052959442139 ], [ 115.856597900390625, 4.343053817749023 ], [ 115.851898193359375, 4.279444217681885 ], [ 115.758003234863281, 4.236385822296143 ], [ 115.564399719238281, 3.9063880443573 ], [ 115.616401672363281, 3.854166030883789 ], [ 115.571403503417969, 3.6127769947052 ], [ 115.626602172851562, 3.426666021347046 ], [ 115.57080078125, 3.417777061462402 ], [ 115.487297058105469, 3.027842998504639 ], [ 115.32080078125, 2.986387968063354 ], [ 115.270797729492188, 3.045000076293945 ], [ 115.155502319335938, 2.925554990768433 ], [ 115.135002136230469, 2.882498979568481 ], [ 115.129402160644531, 2.771944046020508 ], [ 115.081596374511719, 2.616388082504272 ], [ 115.098297119140625, 2.597498893737793 ], [ 115.147201538085938, 2.608609914779663 ], [ 115.237197875976562, 2.522499084472656 ], [ 115.213600158691406, 2.491388082504272 ], [ 115.148002624511719, 2.480832099914551 ], [ 115.087196350097656, 2.418888092041016 ], [ 114.949699401855469, 2.360554933547974 ], [ 114.947700500488281, 2.291110992431641 ], [ 114.804702758789062, 2.24888801574707 ], [ 114.776397705078125, 2.146666049957275 ], [ 114.810203552246094, 2.034166097640991 ], [ 114.868301391601562, 2.043888092041016 ], [ 114.852996826171875, 1.89722204208374 ], [ 114.693901062011719, 1.829246997833252 ], [ 114.710800170898438, 1.770555019378662 ], [ 114.666099548339844, 1.630277037620544 ], [ 114.587501525878906, 1.450000047683716 ], [ 114.543601989746094, 1.432222008705139 ], [ 114.389396667480469, 1.508332967758179 ], [ 114.194099426269531, 1.424165964126587 ], [ 114.1343994140625, 1.467777013778687 ], [ 113.925498962402344, 1.443887948989868 ], [ 113.782203674316406, 1.299443960189819 ], [ 113.642501831054688, 1.229444026947021 ], [ 113.551399230957031, 1.316388010978699 ], [ 113.433296203613281, 1.286388039588928 ], [ 113.098899841308594, 1.438333034515381 ], [ 112.980499267578125, 1.422777056694031 ], [ 113.044097900390625, 1.496665954589844 ], [ 113.042701721191406, 1.554165959358215 ], [ 112.484397888183594, 1.570000052452087 ], [ 112.309700012207031, 1.499444007873535 ], [ 112.184700012207031, 1.4252769947052 ], [ 112.127197265625, 1.144443988800049 ], [ 111.941596984863281, 1.124722003936768 ], [ 111.856597900390625, 1.016944050788879 ], [ 111.797698974609375, 0.99388861656189 ], [ 111.650299072265625, 1.034999966621399 ], [ 111.533897399902344, 0.960833072662354 ], [ 111.50250244140625, 1.025277018547058 ], [ 111.394699096679688, 1.011666059494019 ], [ 111.236396789550781, 1.086387991905212 ], [ 110.904098510742188, 1.01444399356842 ], [ 110.844398498535156, 0.964444220066071 ], [ 110.587501525878906, 0.853333115577698 ], [ 110.519699096679688, 0.866388618946075 ], [ 110.349098205566406, 0.990277528762817 ], [ 110.233299255371094, 1.114444017410278 ], [ 110.068000793457031, 1.22333300113678 ], [ 109.937202453613281, 1.405555009841919 ], [ 109.850303649902344, 1.414443969726562 ], [ 109.667701721191406, 1.617776989936829 ], [ 109.669998168945312, 1.784443974494934 ], [ 109.585502624511719, 1.800832986831665 ], [ 109.554702758789062, 1.853610992431641 ], [ 109.650100708007812, 2.064255952835083 ], [ 109.652198791503906, 1.933611035346985 ], [ 109.700798034667969, 1.858888983726501 ], [ 109.842796325683594, 1.788333058357239 ], [ 109.93389892578125, 1.687777996063232 ], [ 110.175003051757812, 1.701388955116272 ], [ 110.289398193359375, 1.670554995536804 ], [ 110.318901062011719, 1.796110987663269 ], [ 110.345497131347656, 1.793889045715332 ], [ 110.362800598144531, 1.713889002799988 ], [ 110.407203674316406, 1.689721941947937 ], [ 110.500503540039062, 1.739166021347046 ], [ 110.5155029296875, 1.720000028610229 ], [ 110.466400146484375, 1.61722195148468 ], [ 110.722503662109375, 1.549443960189819 ], [ 110.741096496582031, 1.519999980926514 ], [ 110.6875, 1.444722056388855 ], [ 110.75, 1.464444041252136 ], [ 110.785499572753906, 1.568611025810242 ], [ 110.836898803710938, 1.5625 ], [ 111.131599426269531, 1.377500057220459 ], [ 111.252998352050781, 1.389721989631653 ], [ 111.31939697265625, 1.333055019378662 ], [ 111.37969970703125, 1.348055005073547 ], [ 111.262496948242188, 1.415832996368408 ], [ 111.169403076171875, 1.395277976989746 ], [ 111.054100036621094, 1.465000033378601 ], [ 111.0, 1.575554966926575 ], [ 111.030799865722656, 1.667778015136719 ], [ 111.082199096679688, 1.684999942779541 ], [ 111.176101684570312, 1.650833010673523 ], [ 111.101402282714844, 1.748054981231689 ], [ 111.2427978515625, 2.11860990524292 ], [ 111.348899841308594, 2.119165897369385 ], [ 111.367996215820312, 2.163887977600098 ], [ 111.178298950195312, 2.141109943389893 ], [ 111.169403076171875, 2.15833306312561 ], [ 111.206901550292969, 2.216387987136841 ], [ 111.237800598144531, 2.217221975326538 ], [ 111.182197570800781, 2.256109952926636 ], [ 111.216598510742188, 2.413609981536865 ], [ 111.24749755859375, 2.42861008644104 ], [ 111.363899230957031, 2.339721918106079 ], [ 111.494697570800781, 2.352777004241943 ], [ 111.407302856445312, 2.481544017791748 ], [ 111.516098022460938, 2.486943960189819 ], [ 111.4530029296875, 2.50333309173584 ], [ 111.414703369140625, 2.554166078567505 ], [ 111.4447021484375, 2.691665887832642 ], [ 111.671699523925781, 2.848331928253174 ], [ 111.953300476074219, 2.880554914474487 ], [ 112.864700317382812, 3.100831985473633 ], [ 113.035797119140625, 3.18305492401123 ], [ 113.451103210449219, 3.764998912811279 ], [ 113.727996826171875, 3.983887910842896 ], [ 113.958297729492188, 4.307775974273682 ], [ 113.994697570800781, 4.45333194732666 ], [ 113.962997436523438, 4.57305383682251 ], [ 113.991897583007812, 4.598886966705322 ], [ 114.09100341796875, 4.589902877807617 ], [ 114.235801696777344, 4.531941890716553 ], [ 114.327796936035156, 4.344720840454102 ], [ 114.323600769042969, 4.280275821685791 ], [ 114.375198364257812, 4.256943225860596 ], [ 114.4447021484375, 4.26583194732666 ], [ 114.610000610351562, 4.027775764465332 ], [ 114.669998168945312, 4.029719829559326 ], [ 114.796401977539062, 4.130552768707275 ], [ 114.847999572753906, 4.272221088409424 ], [ 114.803596496582031, 4.273054122924805 ], [ 114.868896484375, 4.358609199523926 ], [ 114.876602172851562, 4.432775020599365 ], [ 114.840797424316406, 4.437499046325684 ], [ 114.777801513671875, 4.720831871032715 ], [ 114.848899841308594, 4.800830841064453 ], [ 114.979400634765625, 4.8316650390625 ], [ 115.013496398925781, 4.890994071960449 ], [ 115.02960205078125, 4.818319797515869 ] ] ] ] } },
{ "type": "Feature", "properties": { }, "geometry": { "type": "MultiPolygon", "coordinates": [ [ [ [ 98.535247802734375, 11.524160385131836 ], [ 98.413360595703125, 11.610770225524902 ], [ 98.369140625, 11.781390190124512 ], [ 98.528030395507812, 11.802499771118164 ], [ 98.552749633789062, 11.778610229492188 ], [ 98.535247802734375, 11.524160385131836 ] ] ], [ [ [ 93.683029174804688, 18.667499542236328 ], [ 93.543869018554688, 18.771110534667969 ], [ 93.484420776367188, 18.869720458984375 ], [ 93.641281127929688, 18.884689331054688 ], [ 93.67108154296875, 18.867500305175781 ], [ 93.748031616210938, 18.872770309448242 ], [ 93.755813598632812, 18.731670379638672 ], [ 93.725807189941406, 18.681110382080078 ], [ 93.683029174804688, 18.667499542236328 ] ] ], [ [ [ 98.325531005859375, 12.322779655456543 ], [ 98.3121337890625, 12.368320465087891 ], [ 98.331916809082031, 12.513330459594727 ], [ 98.30303955078125, 12.587499618530273 ], [ 98.309417724609375, 12.676939964294434 ], [ 98.394973754882812, 12.646389961242676 ], [ 98.422470092773438, 12.528889656066895 ], [ 98.44219970703125, 12.607219696044922 ], [ 98.467758178710938, 12.5 ], [ 98.367477416992188, 12.333609580993652 ], [ 98.325531005859375, 12.322779655456543 ] ] ], [ [ [ 93.801651000976562, 19.268600463867188 ], [ 93.730262756347656, 19.364719390869141 ], [ 93.730796813964844, 19.415830612182617 ], [ 93.666366577148438, 19.439159393310547 ], [ 93.65081787109375, 19.511110305786133 ], [ 93.696578979492188, 19.559860229492188 ], [ 93.961639404296875, 19.428600311279297 ], [ 93.962112426757812, 19.395130157470703 ], [ 93.916366577148438, 19.309719085693359 ], [ 93.801651000976562, 19.268600463867188 ] ] ], [ [ [ 94.409149169921875, 15.83804988861084 ], [ 94.381088256835938, 15.981659889221191 ], [ 94.658050537109375, 16.228019714355469 ], [ 94.671653747558594, 16.190000534057617 ], [ 94.598312377929688, 16.034439086914062 ], [ 94.409149169921875, 15.83804988861084 ] ] ], [ [ [ 93.935066223144531, 19.170860290527344 ], [ 93.985260009765625, 18.95305061340332 ], [ 93.932212829589844, 18.84943962097168 ], [ 93.773590087890625, 18.960550308227539 ], [ 93.47998046875, 19.341390609741211 ], [ 93.483306884765625, 19.386390686035156 ], [ 93.520538330078125, 19.427219390869141 ], [ 93.557212829589844, 19.423879623413086 ], [ 93.737197875976562, 19.246940612792969 ], [ 93.842193603515625, 19.240549087524414 ], [ 93.948867797851562, 19.324989318847656 ], [ 93.98858642578125, 19.460830688476562 ], [ 93.870796203613281, 19.507770538330078 ], [ 93.730262756347656, 19.642219543457031 ], [ 93.808868408203125, 19.688329696655273 ], [ 93.806922912597656, 19.739160537719727 ], [ 93.759407043457031, 19.670270919799805 ], [ 93.721649169921875, 19.678049087524414 ], [ 93.709426879882812, 19.721939086914062 ], [ 93.748870849609375, 19.765270233154297 ], [ 93.599136352539062, 19.719720840454102 ], [ 93.601089477539062, 19.790830612182617 ], [ 93.672203063964844, 19.884439468383789 ], [ 93.734420776367188, 19.881660461425781 ], [ 93.7169189453125, 19.933330535888672 ], [ 93.577186584472656, 19.878879547119141 ], [ 93.516082763671875, 19.932779312133789 ], [ 93.523590087890625, 19.993610382080078 ], [ 93.447479248046875, 19.948879241943359 ], [ 93.4144287109375, 19.971380233764648 ], [ 93.376922607421875, 20.086940765380859 ], [ 93.363037109375, 20.02471923828125 ], [ 93.336090087890625, 20.100269317626953 ], [ 93.256362915039062, 20.042219161987305 ], [ 93.128311157226562, 20.085550308227539 ], [ 93.24664306640625, 19.829990386962891 ], [ 93.217483520507812, 19.830829620361328 ], [ 93.150253295898438, 19.982219696044922 ], [ 93.101356506347656, 19.978330612182617 ], [ 93.118026733398438, 19.851940155029297 ], [ 92.972747802734375, 20.128330230712891 ], [ 93.0938720703125, 20.148880004882812 ], [ 93.114151000976562, 20.218610763549805 ], [ 93.016647338867188, 20.144170761108398 ], [ 92.992202758789062, 20.148880004882812 ], [ 92.995796203613281, 20.225830078125 ], [ 93.099700927734375, 20.381660461425781 ], [ 93.084426879882812, 20.422489166259766 ], [ 93.058029174804688, 20.362220764160156 ], [ 93.035247802734375, 20.372219085693359 ], [ 93.035751342773438, 20.415899276733398 ], [ 93.084701538085938, 20.530550003051758 ], [ 93.048858642578125, 20.499439239501953 ], [ 93.009979248046875, 20.302499771118164 ], [ 92.888870239257812, 20.117500305175781 ], [ 92.856918334960938, 20.124160766601562 ], [ 92.767471313476562, 20.219160079956055 ], [ 92.941650390625, 20.319719314575195 ], [ 92.861923217773438, 20.352209091186523 ], [ 92.829421997070312, 20.490829467773438 ], [ 92.806922912597656, 20.502780914306641 ], [ 92.763031005859375, 20.44972038269043 ], [ 92.733306884765625, 20.554439544677734 ], [ 92.711639404296875, 20.581380844116211 ], [ 92.739151000976562, 20.282779693603516 ], [ 92.709976196289062, 20.277490615844727 ], [ 92.495246887207031, 20.621379852294922 ], [ 92.373870849609375, 20.700830459594727 ], [ 92.263198852539062, 21.054470062255859 ], [ 92.19329833984375, 21.179159164428711 ], [ 92.201637268066406, 21.342489242553711 ], [ 92.376907348632812, 21.474159240722656 ], [ 92.41607666015625, 21.434719085693359 ], [ 92.420516967773438, 21.382219314575195 ], [ 92.46746826171875, 21.359989166259766 ], [ 92.553573608398438, 21.373600006103516 ], [ 92.585250854492188, 21.263330459594727 ], [ 92.607467651367188, 21.25054931640625 ], [ 92.669418334960938, 21.296939849853516 ], [ 92.636917114257812, 21.39109992980957 ], [ 92.601303100585938, 21.982170104980469 ], [ 92.68218994140625, 22.031379699707031 ], [ 92.697456359863281, 22.152219772338867 ], [ 92.718582153320312, 22.159709930419922 ], [ 92.812736511230469, 22.096380233764648 ], [ 92.901077270507812, 21.95359992980957 ], [ 92.95025634765625, 22.029159545898438 ], [ 92.984703063964844, 21.99138069152832 ], [ 93.006088256835938, 22.003879547119141 ], [ 93.058006286621094, 22.210269927978516 ], [ 93.1634521484375, 22.191539764404297 ], [ 93.142471313476562, 22.236930847167969 ], [ 93.191070556640625, 22.248329162597656 ], [ 93.1827392578125, 22.427770614624023 ], [ 93.119956970214844, 22.527219772338867 ], [ 93.098587036132812, 22.789440155029297 ], [ 93.144126892089844, 22.901100158691406 ], [ 93.124969482421875, 23.014440536499023 ], [ 93.147201538085938, 23.05388069152832 ], [ 93.206626892089844, 23.057220458984375 ], [ 93.238861083984375, 23.008890151977539 ], [ 93.2935791015625, 23.008880615234375 ], [ 93.350250244140625, 23.073329925537109 ], [ 93.4044189453125, 23.475549697875977 ], [ 93.384407043457031, 23.921379089355469 ], [ 93.328033447265625, 23.981660842895508 ], [ 93.336639404296875, 24.073600769042969 ], [ 93.364143371582031, 24.091110229492188 ], [ 93.405807495117188, 24.076389312744141 ], [ 93.477188110351562, 23.967489242553711 ], [ 93.529136657714844, 23.964160919189453 ], [ 93.63580322265625, 24.016939163208008 ], [ 94.036636352539062, 23.917770385742188 ], [ 94.128303527832031, 23.843610763549805 ], [ 94.153579711914062, 23.859720230102539 ], [ 94.27996826171875, 24.228609085083008 ], [ 94.359130859375, 24.371660232543945 ], [ 94.389137268066406, 24.479999542236328 ], [ 94.508590698242188, 24.611379623413086 ], [ 94.538566589355469, 24.708890914916992 ], [ 94.597747802734375, 24.725269317626953 ], [ 94.735519409179688, 25.030279159545898 ], [ 94.72857666015625, 25.136379241943359 ], [ 94.5888671875, 25.18998908996582 ], [ 94.577468872070312, 25.245269775390625 ], [ 94.634979248046875, 25.409719467163086 ], [ 94.878570556640625, 25.591100692749023 ], [ 95.039138793945312, 25.751110076904297 ], [ 95.020713806152344, 25.928279876708984 ], [ 95.134979248046875, 26.00193977355957 ], [ 95.177459716796875, 26.070829391479492 ], [ 95.081649780273438, 26.228050231933594 ], [ 95.068313598632812, 26.348600387573242 ], [ 95.148323059082031, 26.620000839233398 ], [ 95.253593444824219, 26.679439544677734 ], [ 95.271087646484375, 26.644720077514648 ], [ 95.449691772460938, 26.715549468994141 ], [ 95.519416809082031, 26.823049545288086 ], [ 95.610786437988281, 26.821380615234375 ], [ 95.65802001953125, 26.895280838012695 ], [ 95.717742919921875, 26.891380310058594 ], [ 95.773857116699219, 26.972209930419922 ], [ 95.91912841796875, 27.035549163818359 ], [ 96.035797119140625, 27.192489624023438 ], [ 96.194122314453125, 27.270830154418945 ], [ 96.524139404296875, 27.294160842895508 ], [ 96.609970092773438, 27.366939544677734 ], [ 96.763603210449219, 27.355829238891602 ], [ 96.884140014648438, 27.254720687866211 ], [ 96.861358642578125, 27.210269927978516 ], [ 96.888313293457031, 27.178049087524414 ], [ 97.144416809082031, 27.092489242553711 ], [ 97.158859252929688, 27.13861083984375 ], [ 96.957199096679688, 27.384159088134766 ], [ 96.895523071289062, 27.56498908996582 ], [ 97.249397277832031, 27.907489776611328 ], [ 97.29913330078125, 27.916660308837891 ], [ 97.31719970703125, 27.878330230712891 ], [ 97.36773681640625, 27.896659851074219 ], [ 97.394126892089844, 28.018610000610352 ], [ 97.316070556640625, 28.089160919189453 ], [ 97.34954833984375, 28.22266960144043 ], [ 97.4105224609375, 28.292490005493164 ], [ 97.464981079101562, 28.292499542236328 ], [ 97.548576354980469, 28.539989471435547 ], [ 97.574981689453125, 28.546939849853516 ], [ 97.63134765625, 28.484159469604492 ], [ 97.700813293457031, 28.521110534667969 ], [ 97.796920776367188, 28.349159240722656 ], [ 97.898857116699219, 28.381380081176758 ], [ 98.01885986328125, 28.278329849243164 ], [ 98.009696960449219, 28.218599319458008 ], [ 98.13079833984375, 28.160549163818359 ], [ 98.157203674316406, 28.120269775390625 ], [ 98.13079833984375, 27.969160079956055 ], [ 98.19580078125, 27.930549621582031 ], [ 98.207199096679688, 27.904439926147461 ], [ 98.166923522949219, 27.883600234985352 ], [ 98.309402465820312, 27.549999237060547 ], [ 98.346916198730469, 27.528329849243164 ], [ 98.397476196289062, 27.546379089355469 ], [ 98.428016662597656, 27.686380386352539 ], [ 98.551071166992188, 27.666940689086914 ], [ 98.589691162109375, 27.60222053527832 ], [ 98.66802978515625, 27.619440078735352 ], [ 98.704696655273438, 27.582490921020508 ], [ 98.699981689453125, 27.388330459594727 ], [ 98.733856201171875, 27.36305046081543 ], [ 98.705810546875, 27.103879928588867 ], [ 98.760246276855469, 27.069990158081055 ], [ 98.739692687988281, 26.864160537719727 ], [ 98.778579711914062, 26.642770767211914 ], [ 98.665802001953125, 26.260549545288086 ], [ 98.728302001953125, 26.200000762939453 ], [ 98.709976196289062, 26.134719848632812 ], [ 98.664413452148438, 26.098329544067383 ], [ 98.602752685546875, 26.137489318847656 ], [ 98.568038940429688, 26.123050689697266 ], [ 98.655242919921875, 25.953880310058594 ], [ 98.715263366699219, 25.896659851074219 ], [ 98.631912231445312, 25.801109313964844 ], [ 98.535247802734375, 25.848609924316406 ], [ 98.391647338867188, 25.656660079956055 ], [ 98.38580322265625, 25.596380233764648 ], [ 98.326637268066406, 25.551660537719727 ], [ 98.171356201171875, 25.624439239501953 ], [ 98.069427490234375, 25.31443977355957 ], [ 97.941070556640625, 25.214160919189453 ], [ 97.906356811523438, 25.210830688476562 ], [ 97.873016357421875, 25.258609771728516 ], [ 97.846359252929688, 25.268329620361328 ], [ 97.7230224609375, 25.082490921020508 ], [ 97.73663330078125, 24.918880462646484 ], [ 97.797203063964844, 24.86305046081543 ], [ 97.79052734375, 24.839719772338867 ], [ 97.624969482421875, 24.789709091186523 ], [ 97.552459716796875, 24.743049621582031 ], [ 97.568588256835938, 24.669439315795898 ], [ 97.530532836914062, 24.441379547119141 ], [ 97.701370239257812, 24.385549545288086 ], [ 97.716636657714844, 24.35276985168457 ], [ 97.66552734375, 24.337779998779297 ], [ 97.664688110351562, 24.306110382080078 ], [ 97.74163818359375, 24.29026985168457 ], [ 97.759979248046875, 24.257499694824219 ], [ 97.727462768554688, 24.224990844726562 ], [ 97.749397277832031, 24.163610458374023 ], [ 97.536361694335938, 23.950550079345703 ], [ 97.649978637695312, 23.851659774780273 ], [ 98.04052734375, 24.081670761108398 ], [ 98.220252990722656, 24.125820159912109 ], [ 98.595809936523438, 24.07805061340332 ], [ 98.889396667480469, 24.160669326782227 ], [ 98.907203674316406, 24.120269775390625 ], [ 98.75164794921875, 23.998600006103516 ], [ 98.693023681640625, 23.934440612792969 ], [ 98.6846923828125, 23.812219619750977 ], [ 98.83441162109375, 23.691940307617188 ], [ 98.88580322265625, 23.613330841064453 ], [ 98.806632995605469, 23.554159164428711 ], [ 98.821372985839844, 23.484720230102539 ], [ 98.879959106445312, 23.483600616455078 ], [ 98.914688110351562, 23.417219161987305 ], [ 98.9185791015625, 23.364719390869141 ], [ 98.876907348632812, 23.333599090576172 ], [ 98.937736511230469, 23.318050384521484 ], [ 98.88134765625, 23.18804931640625 ], [ 99.058853149414062, 23.167499542236328 ], [ 99.054962158203125, 23.131660461425781 ], [ 99.189407348632812, 23.102489471435547 ], [ 99.356353759765625, 23.134990692138672 ], [ 99.508323669433594, 23.086940765380859 ], [ 99.566360473632812, 22.93804931640625 ], [ 99.546630859375, 22.91526985168457 ], [ 99.445510864257812, 22.949710845947266 ], [ 99.387191772460938, 22.780269622802734 ], [ 99.328033447265625, 22.744720458984375 ], [ 99.384696960449219, 22.509990692138672 ], [ 99.296920776367188, 22.406660079956055 ], [ 99.163299560546875, 22.16526985168457 ], [ 99.232467651367188, 22.11444091796875 ], [ 99.359413146972656, 22.093050003051758 ], [ 99.465530395507812, 22.135829925537109 ], [ 99.684402465820312, 22.076379776000977 ], [ 99.694122314453125, 22.041940689086914 ], [ 99.749130249023438, 22.07526969909668 ], [ 99.84747314453125, 22.022769927978516 ], [ 99.968231201171875, 22.050470352172852 ], [ 99.968307495117188, 21.768880844116211 ], [ 99.986358642578125, 21.709430694580078 ], [ 100.136100769042969, 21.685270309448242 ], [ 100.148902893066406, 21.63916015625 ], [ 100.106101989746094, 21.583330154418945 ], [ 100.162200927734375, 21.468320846557617 ], [ 100.213203430175781, 21.432559967041016 ], [ 100.388900756835938, 21.536380767822266 ], [ 100.45880126953125, 21.486919403076172 ], [ 100.560203552246094, 21.451379776000977 ], [ 100.720001220703125, 21.509990692138672 ], [ 100.890296936035156, 21.685089111328125 ], [ 101.122200012207031, 21.769720077514648 ], [ 101.161598205566406, 21.530550003051758 ], [ 101.005203247070312, 21.400829315185547 ], [ 100.834701538085938, 21.302490234375 ], [ 100.732200622558594, 21.314159393310547 ], [ 100.609100341796875, 21.042770385742188 ], [ 100.545501708984375, 21.025270462036133 ], [ 100.513298034667969, 20.88776969909668 ], [ 100.538002014160156, 20.866939544677734 ], [ 100.633598327636719, 20.891380310058594 ], [ 100.648002624511719, 20.873600006103516 ], [ 100.570503234863281, 20.817770004272461 ], [ 100.515800476074219, 20.80388069152832 ], [ 100.3760986328125, 20.82805061340332 ], [ 100.18609619140625, 20.6533203125 ], [ 100.092300415039062, 20.34929084777832 ], [ 99.959136962890625, 20.455270767211914 ], [ 99.797470092773438, 20.331380844116211 ], [ 99.666366577148438, 20.311939239501953 ], [ 99.456092834472656, 20.38861083984375 ], [ 99.555801391601562, 20.199710845947266 ], [ 99.533859252929688, 20.147220611572266 ], [ 99.319137573242188, 20.066659927368164 ], [ 99.170242309570312, 20.128049850463867 ], [ 99.066932678222656, 20.086109161376953 ], [ 99.0263671875, 19.825550079345703 ], [ 98.908859252929688, 19.748050689697266 ], [ 98.836906433105469, 19.816379547119141 ], [ 98.671630859375, 19.748600006103516 ], [ 98.555801391601562, 19.674989700317383 ], [ 98.509696960449219, 19.712490081787109 ], [ 98.253593444824219, 19.673049926757812 ], [ 98.080810546875, 19.808610916137695 ], [ 98.045516967773438, 19.798330307006836 ], [ 98.03497314453125, 19.643880844116211 ], [ 97.98358154296875, 19.623880386352539 ], [ 97.792190551757812, 19.395820617675781 ], [ 97.837478637695312, 19.293609619140625 ], [ 97.788299560546875, 19.276939392089844 ], [ 97.842193603515625, 19.204439163208008 ], [ 97.8338623046875, 19.096939086914062 ], [ 97.678298950195312, 18.928049087524414 ], [ 97.748863220214844, 18.859439849853516 ], [ 97.774688720703125, 18.569990158081055 ], [ 97.663299560546875, 18.566110610961914 ], [ 97.534126281738281, 18.489709854125977 ], [ 97.442459106445312, 18.497219085693359 ], [ 97.361907958984375, 18.583879470825195 ], [ 97.345809936523438, 18.544160842895508 ], [ 97.444122314453125, 18.396099090576172 ], [ 97.484970092773438, 18.294160842895508 ], [ 97.524688720703125, 18.264999389648438 ], [ 97.563583374023438, 18.327770233154297 ], [ 97.623016357421875, 18.3125 ], [ 97.647750854492188, 18.273609161376953 ], [ 97.61663818359375, 18.242769241333008 ], [ 97.750259399414062, 17.977489471435547 ], [ 97.6988525390625, 17.828880310058594 ], [ 97.793853759765625, 17.684160232543945 ], [ 98.108016967773438, 17.382209777832031 ], [ 98.346076965332031, 17.045549392700195 ], [ 98.423576354980469, 17.053329467773438 ], [ 98.511093139648438, 16.941099166870117 ], [ 98.517196655273438, 16.863609313964844 ], [ 98.546630859375, 16.807769775390625 ], [ 98.491348266601562, 16.773889541625977 ], [ 98.479423522949219, 16.729719161987305 ], [ 98.6171875, 16.518610000610352 ], [ 98.689682006835938, 16.284990310668945 ], [ 98.715812683105469, 16.27638053894043 ], [ 98.864967346191406, 16.476659774780273 ], [ 98.928298950195312, 16.379159927368164 ], [ 98.860237121582031, 16.170829772949219 ], [ 98.814971923828125, 16.103609085083008 ], [ 98.774406433105469, 16.123329162597656 ], [ 98.571372985839844, 16.046100616455078 ], [ 98.617462158203125, 15.970000267028809 ], [ 98.56524658203125, 15.722780227661133 ], [ 98.593582153320312, 15.416939735412598 ], [ 98.558853149414062, 15.329999923706055 ], [ 98.503593444824219, 15.38722038269043 ], [ 98.422470092773438, 15.359990119934082 ], [ 98.413589477539062, 15.260000228881836 ], [ 98.31024169921875, 15.30305004119873 ], [ 98.20025634765625, 15.215550422668457 ], [ 98.264137268066406, 14.806940078735352 ], [ 98.447738647460938, 14.605830192565918 ], [ 98.571372985839844, 14.381939888000488 ], [ 98.759696960449219, 14.217499732971191 ], [ 98.937179565429688, 14.102219581604004 ], [ 99.180526733398438, 13.712499618530273 ], [ 99.213653564453125, 13.335339546203613 ], [ 99.208587646484375, 13.206669807434082 ], [ 99.120796203613281, 13.175829887390137 ], [ 99.114143371582031, 13.050829887390137 ], [ 99.193572998046875, 12.969440460205078 ], [ 99.203582763671875, 12.833049774169922 ], [ 99.438858032226562, 12.571109771728516 ], [ 99.414413452148438, 12.454440116882324 ], [ 99.485786437988281, 12.259719848632812 ], [ 99.476638793945312, 12.130279541015625 ], [ 99.57330322265625, 12.136670112609863 ], [ 99.58941650390625, 11.872500419616699 ], [ 99.660797119140625, 11.820549964904785 ], [ 99.557456970214844, 11.627779960632324 ], [ 99.489959716796875, 11.629159927368164 ], [ 99.465530395507812, 11.604720115661621 ], [ 99.402763366699219, 11.388890266418457 ], [ 99.358306884765625, 11.350000381469727 ], [ 99.077468872070312, 10.948610305786133 ], [ 99.020248413085938, 10.963330268859863 ], [ 99.003311157226562, 10.828610420227051 ], [ 98.85552978515625, 10.767219543457031 ], [ 98.78192138671875, 10.666660308837891 ], [ 98.823867797851562, 10.516670227050781 ], [ 98.554977416992188, 9.985551834106445 ], [ 98.538856506347656, 9.988052368164062 ], [ 98.485260009765625, 10.197219848632812 ], [ 98.51580810546875, 10.249159812927246 ], [ 98.51885986328125, 10.379440307617188 ], [ 98.460250854492188, 10.734439849853516 ], [ 98.56414794921875, 10.727219581604004 ], [ 98.605796813964844, 10.856659889221191 ], [ 98.588027954101562, 10.879159927368164 ], [ 98.710823059082031, 10.918330192565918 ], [ 98.713592529296875, 10.98861026763916 ], [ 98.688583374023438, 10.99860954284668 ], [ 98.726638793945312, 11.042779922485352 ], [ 98.659416198730469, 11.125269889831543 ], [ 98.736358642578125, 11.177769660949707 ], [ 98.75775146484375, 11.271109580993652 ], [ 98.701919555664062, 11.37555980682373 ], [ 98.72442626953125, 11.443329811096191 ], [ 98.771636962890625, 11.448610305786133 ], [ 98.727752685546875, 11.61277961730957 ], [ 98.774696350097656, 11.680279731750488 ], [ 98.826637268066406, 11.708889961242676 ], [ 98.884140014648438, 11.695280075073242 ], [ 98.783859252929688, 11.748330116271973 ], [ 98.811080932617188, 11.845549583435059 ], [ 98.687469482421875, 11.67555046081543 ], [ 98.60748291015625, 11.728890419006348 ], [ 98.612762451171875, 11.814720153808594 ], [ 98.694137573242188, 11.873889923095703 ], [ 98.576370239257812, 11.87555980682373 ], [ 98.556373596191406, 11.89861011505127 ], [ 98.721076965332031, 11.96304988861084 ], [ 98.717758178710938, 12.018329620361328 ], [ 98.652481079101562, 12.064720153808594 ], [ 98.634140014648438, 12.09889030456543 ], [ 98.709136962890625, 12.222220420837402 ], [ 98.673576354980469, 12.241390228271484 ], [ 98.6080322265625, 12.195830345153809 ], [ 98.549697875976562, 12.210000038146973 ], [ 98.532203674316406, 12.254440307617188 ], [ 98.558868408203125, 12.290280342102051 ], [ 98.684982299804688, 12.316940307617188 ], [ 98.699142456054688, 12.356109619140625 ], [ 98.603591918945312, 12.421669960021973 ], [ 98.609703063964844, 12.484169960021973 ], [ 98.709701538085938, 12.502499580383301 ], [ 98.619712829589844, 12.55305004119873 ], [ 98.6927490234375, 12.725000381469727 ], [ 98.60748291015625, 12.771940231323242 ], [ 98.574417114257812, 13.114439964294434 ], [ 98.358871459960938, 13.578610420227051 ], [ 98.236358642578125, 13.716670036315918 ], [ 98.23248291015625, 13.961669921875 ], [ 98.185531616210938, 14.059169769287109 ], [ 98.194427490234375, 13.995550155639648 ], [ 98.174423217773438, 13.530830383300781 ], [ 98.138870239257812, 13.539719581604004 ], [ 98.1463623046875, 13.609999656677246 ], [ 98.082473754882812, 13.76138973236084 ], [ 98.102203369140625, 13.82528018951416 ], [ 98.079421997070312, 13.921389579772949 ], [ 98.10748291015625, 14.128330230712891 ], [ 98.018043518066406, 14.280550003051758 ], [ 97.877197265625, 14.673330307006836 ], [ 97.911361694335938, 14.712499618530273 ], [ 97.951637268066406, 14.715559959411621 ], [ 97.997482299804688, 14.653050422668457 ], [ 98.026641845703125, 14.646659851074219 ], [ 97.943862915039062, 14.791939735412598 ], [ 97.875808715820312, 14.712779998779297 ], [ 97.84442138671875, 14.728050231933594 ], [ 97.796653747558594, 14.880000114440918 ], [ 97.810531616210938, 15.158889770507812 ], [ 97.761917114257812, 15.223609924316406 ], [ 97.72998046875, 15.340559959411621 ], [ 97.79052734375, 15.410280227661133 ], [ 97.752197265625, 15.496109962463379 ], [ 97.725540161132812, 15.842780113220215 ], [ 97.574691772460938, 16.016389846801758 ], [ 97.62109375, 16.137500762939453 ], [ 97.624420166015625, 16.434989929199219 ], [ 97.694427490234375, 16.569719314575195 ], [ 97.656646728515625, 16.532499313354492 ], [ 97.508323669433594, 16.536380767822266 ], [ 97.367752075195312, 16.486110687255859 ], [ 97.35302734375, 16.570829391479492 ], [ 97.176651000976562, 16.911109924316406 ], [ 97.198593139648438, 16.993049621582031 ], [ 97.156082153320312, 17.081380844116211 ], [ 97.18505859375, 17.104150772094727 ], [ 97.234703063964844, 17.090000152587891 ], [ 97.248031616210938, 17.110269546508789 ], [ 97.110260009765625, 17.104160308837891 ], [ 97.106643676757812, 17.187219619750977 ], [ 96.897201538085938, 17.378049850463867 ], [ 96.880813598632812, 17.451389312744141 ], [ 96.847747802734375, 17.38916015625 ], [ 96.90191650390625, 17.325830459594727 ], [ 96.843582153320312, 17.192209243774414 ], [ 96.912200927734375, 17.030550003051758 ], [ 96.870529174804688, 16.921110153198242 ], [ 96.832748413085938, 16.935829162597656 ], [ 96.846649169921875, 16.841390609741211 ], [ 96.771926879882812, 16.696109771728516 ], [ 96.57830810546875, 16.531940460205078 ], [ 96.37969970703125, 16.501380920410156 ], [ 96.292213439941406, 16.555549621582031 ], [ 96.221359252929688, 16.755550384521484 ], [ 96.274406433105469, 16.814159393310547 ], [ 96.170806884765625, 16.765829086303711 ], [ 96.269699096679688, 16.507499694824219 ], [ 96.336906433105469, 16.439159393310547 ], [ 96.314422607421875, 16.408050537109375 ], [ 96.12109375, 16.317220687866211 ], [ 96.006637573242188, 16.383050918579102 ], [ 96.074142456054688, 16.312219619750977 ], [ 96.014137268066406, 16.25 ], [ 95.935256958007812, 16.211389541625977 ], [ 95.946907043457031, 16.255270004272461 ], [ 95.795257568359375, 16.142499923706055 ], [ 95.753311157226562, 16.144439697265625 ], [ 95.723312377929688, 16.214160919189453 ], [ 95.681922912597656, 15.973609924316406 ], [ 95.589141845703125, 15.870269775390625 ], [ 95.384696960449219, 15.710000038146973 ], [ 95.286636352539062, 15.727499961853027 ], [ 95.278587341308594, 15.798890113830566 ], [ 95.319976806640625, 15.875829696655273 ], [ 95.366928100585938, 16.043050765991211 ], [ 95.341087341308594, 16.108879089355469 ], [ 95.346359252929688, 16.000270843505859 ], [ 95.27581787109375, 15.871939659118652 ], [ 95.2410888671875, 15.864439964294434 ], [ 95.239433288574219, 15.890279769897461 ], [ 95.21636962890625, 15.782779693603516 ], [ 95.166091918945312, 15.777500152587891 ], [ 95.130538940429688, 15.802499771118164 ], [ 95.1160888671875, 15.859169960021973 ], [ 95.13275146484375, 16.031660079956055 ], [ 95.10302734375, 16.037220001220703 ], [ 95.134696960449219, 16.091379165649414 ], [ 95.2269287109375, 16.116939544677734 ], [ 95.177749633789062, 16.136669158935547 ], [ 95.120529174804688, 16.123600006103516 ], [ 95.03997802734375, 15.805830001831055 ], [ 94.9527587890625, 15.753049850463867 ], [ 94.845542907714844, 15.793330192565918 ], [ 94.8902587890625, 15.824999809265137 ], [ 94.88775634765625, 15.857500076293945 ], [ 94.845542907714844, 15.84943962097168 ], [ 94.836357116699219, 15.956390380859375 ], [ 94.887191772460938, 16.017219543457031 ], [ 94.861358642578125, 16.130550384521484 ], [ 94.893592834472656, 16.178049087524414 ], [ 94.971916198730469, 16.212770462036133 ], [ 94.990806579589844, 16.246660232543945 ], [ 94.885528564453125, 16.198049545288086 ], [ 94.845260620117188, 16.132219314575195 ], [ 94.856643676757812, 16.016939163208008 ], [ 94.703582763671875, 15.843890190124512 ], [ 94.650527954101562, 15.854169845581055 ], [ 94.631362915039062, 15.899999618530273 ], [ 94.725540161132812, 16.008329391479492 ], [ 94.792182922363281, 16.160699844360352 ], [ 94.712753295898438, 16.016380310058594 ], [ 94.595260620117188, 15.932499885559082 ], [ 94.561370849609375, 15.959440231323242 ], [ 94.679702758789062, 16.115829467773438 ], [ 94.732192993164062, 16.518329620361328 ], [ 94.669418334960938, 16.52471923828125 ], [ 94.682479858398438, 16.353050231933594 ], [ 94.614151000976562, 16.247499465942383 ], [ 94.578872680664062, 16.239990234375 ], [ 94.628860473632812, 16.323049545288086 ], [ 94.58941650390625, 16.278049468994141 ], [ 94.512481689453125, 16.287500381469727 ], [ 94.51776123046875, 16.250270843505859 ], [ 94.46441650390625, 16.12554931640625 ], [ 94.249977111816406, 15.957779884338379 ], [ 94.201637268066406, 16.027500152587891 ], [ 94.268043518066406, 16.53693962097168 ], [ 94.327476501464844, 16.528610229492188 ], [ 94.362472534179688, 16.630550384521484 ], [ 94.385528564453125, 16.899990081787109 ], [ 94.420257568359375, 16.897220611572266 ], [ 94.49053955078125, 17.114719390869141 ], [ 94.4527587890625, 17.160270690917969 ], [ 94.4638671875, 17.186939239501953 ], [ 94.507476806640625, 17.16278076171875 ], [ 94.538589477539062, 17.187219619750977 ], [ 94.504150390625, 17.221660614013672 ], [ 94.518043518066406, 17.291109085083008 ], [ 94.592758178710938, 17.298610687255859 ], [ 94.548309326171875, 17.545000076293945 ], [ 94.571090698242188, 17.586389541625977 ], [ 94.602752685546875, 17.547489166259766 ], [ 94.444137573242188, 17.99860954284668 ], [ 94.482757568359375, 18.015270233154297 ], [ 94.488311767578125, 18.071109771728516 ], [ 94.413307189941406, 18.244440078735352 ], [ 94.330543518066406, 18.247489929199219 ], [ 94.332748413085938, 18.301109313964844 ], [ 94.38580322265625, 18.283050537109375 ], [ 94.410247802734375, 18.317209243774414 ], [ 94.244140625, 18.530830383300781 ], [ 94.255538940429688, 18.586109161376953 ], [ 94.171920776367188, 18.718330383300781 ], [ 94.207199096679688, 18.742219924926758 ], [ 94.147201538085938, 18.867219924926758 ], [ 94.114433288574219, 18.811660766601562 ], [ 94.032203674316406, 18.862770080566406 ], [ 94.061653137207031, 19.048879623413086 ], [ 94.02581787109375, 19.087499618530273 ], [ 94.06817626953125, 19.384529113769531 ], [ 93.999977111816406, 19.152769088745117 ], [ 93.963592529296875, 19.143890380859375 ], [ 93.935066223144531, 19.170860290527344 ] ] ] ] } },
{ "type": "Feature", "properties": { }, "geometry": { "type": "MultiPolygon", "coordinates": [ [ [ [ 150.334396362304688, -9.526670455932617 ], [ 150.24859619140625, -9.501668930053711 ], [ 150.243804931640625, -9.459169387817383 ], [ 150.144393920898438, -9.400279998779297 ], [ 150.103302001953125, -9.336944580078125 ], [ 150.123306274414062, -9.263057708740234 ], [ 150.238296508789062, -9.213890075683594 ], [ 150.335800170898438, -9.29694652557373 ], [ 150.377395629882812, -9.389448165893555 ], [ 150.334396362304688, -9.467226028442383 ], [ 150.363006591796875, -9.487503051757812 ], [ 150.334396362304688, -9.526670455932617 ] ] ], [ [ [ 150.846893310546875, -9.718057632446289 ], [ 150.853897094726562, -9.662500381469727 ], [ 150.4385986328125, -9.638891220092773 ], [ 150.428802490234375, -9.614723205566406 ], [ 150.51519775390625, -9.566669464111328 ], [ 150.510498046875, -9.524169921875 ], [ 150.430206298828125, -9.445004463195801 ], [ 150.43359375, -9.3638916015625 ], [ 150.50079345703125, -9.341669082641602 ], [ 150.671401977539062, -9.440280914306641 ], [ 150.760498046875, -9.404447555541992 ], [ 150.88580322265625, -9.520833969116211 ], [ 150.90020751953125, -9.613334655761719 ], [ 150.9324951171875, -9.64777946472168 ], [ 150.846893310546875, -9.718057632446289 ] ] ], [ [ [ 151.229095458984375, -10.201109886169434 ], [ 151.040802001953125, -10.118330001831055 ], [ 150.953903198242188, -10.108059883117676 ], [ 150.944900512695312, -10.029170036315918 ], [ 150.990798950195312, -10.004170417785645 ], [ 150.946395874023438, -9.95500373840332 ], [ 150.925003051757812, -10.000280380249023 ], [ 150.882400512695312, -9.962501525878906 ], [ 150.853897094726562, -9.853057861328125 ], [ 150.75860595703125, -9.80250358581543 ], [ 150.772201538085938, -9.711945533752441 ], [ 151.053802490234375, -9.944723129272461 ], [ 151.029098510742188, -9.980001449584961 ], [ 151.111297607421875, -10.044730186462402 ], [ 151.147201538085938, -10.032500267028809 ], [ 151.13470458984375, -9.990835189819336 ], [ 151.227706909179688, -9.931392669677734 ], [ 151.281295776367188, -9.923336029052734 ], [ 151.284698486328125, -10.022500038146973 ], [ 151.229095458984375, -10.201109886169434 ] ] ], [ [ [ 146.5679931640625, -2.236666917800903 ], [ 146.52020263671875, -2.154722929000854 ], [ 146.538604736328125, -2.115556001663208 ], [ 146.611297607421875, -2.115556001663208 ], [ 146.620193481445312, -2.09833288192749 ], [ 146.57550048828125, -2.019722938537598 ], [ 146.707199096679688, -1.971667051315308 ], [ 146.7716064453125, -1.986945033073425 ], [ 146.844894409179688, -1.950556039810181 ], [ 147.417694091796875, -2.050555944442749 ], [ 147.418594360351562, -2.005834102630615 ], [ 147.39190673828125, -1.96083402633667 ], [ 147.44580078125, -2.009444952011108 ], [ 147.437698364257812, -2.065556049346924 ], [ 147.286300659179688, -2.06777811050415 ], [ 147.249099731445312, -2.156666994094849 ], [ 147.201904296875, -2.191668033599854 ], [ 146.798294067382812, -2.168889045715332 ], [ 146.710494995117188, -2.114166975021362 ], [ 146.725799560546875, -2.176389932632446 ], [ 146.5679931640625, -2.236666917800903 ] ] ], [ [ [ 150.367706298828125, -2.686666965484619 ], [ 150.218597412109375, -2.67972207069397 ], [ 150.117706298828125, -2.630556106567383 ], [ 150.056106567382812, -2.523056983947754 ], [ 149.9541015625, -2.465555906295776 ], [ 150.195205688476562, -2.375833988189697 ], [ 150.44329833984375, -2.475832939147949 ], [ 150.459701538085938, -2.64833402633667 ], [ 150.367706298828125, -2.686666965484619 ] ] ], [ [ [ 150.018295288085938, -6.323612213134766 ], [ 149.984100341796875, -6.274723052978516 ], [ 149.63470458984375, -6.308056831359863 ], [ 149.390792846679688, -6.07722282409668 ], [ 149.311904907226562, -6.05722188949585 ], [ 149.071395874023438, -6.148612022399902 ], [ 149.0718994140625, -6.092778205871582 ], [ 148.976898193359375, -6.012221813201904 ], [ 148.863006591796875, -5.994444847106934 ], [ 148.851303100585938, -5.927223205566406 ], [ 148.626602172851562, -5.814723968505859 ], [ 148.550506591796875, -5.840001106262207 ], [ 148.364105224609375, -5.755279064178467 ], [ 148.32159423828125, -5.67500114440918 ], [ 148.360000610351562, -5.488056182861328 ], [ 148.428604125976562, -5.451113224029541 ], [ 148.563003540039062, -5.548056125640869 ], [ 148.720504760742188, -5.492224216461182 ], [ 148.842498779296875, -5.546667098999023 ], [ 148.961593627929688, -5.473612785339355 ], [ 149.209701538085938, -5.571946144104004 ], [ 149.220794677734375, -5.606112003326416 ], [ 149.671096801757812, -5.515277862548828 ], [ 149.722396850585938, -5.571113109588623 ], [ 149.834701538085938, -5.519999980926514 ], [ 149.875198364257812, -5.536389827728271 ], [ 149.978607177734375, -5.4375 ], [ 149.917694091796875, -5.352221965789795 ], [ 150.0238037109375, -5.127778053283691 ], [ 150.0155029296875, -5.057501792907715 ], [ 150.08880615234375, -5.007778167724609 ], [ 150.181594848632812, -5.038888931274414 ], [ 150.205001831054688, -5.070557117462158 ], [ 150.072402954101562, -5.151669025421143 ], [ 150.06219482421875, -5.363891124725342 ], [ 150.123306274414062, -5.517222881317139 ], [ 150.178802490234375, -5.557500839233398 ], [ 150.291107177734375, -5.570557117462158 ], [ 150.412399291992188, -5.458611011505127 ], [ 150.568603515625, -5.474999904632568 ], [ 150.624099731445312, -5.556111812591553 ], [ 150.74609375, -5.511112213134766 ], [ 150.788604736328125, -5.453056812286377 ], [ 150.902496337890625, -5.492777824401855 ], [ 150.99969482421875, -5.424446105957031 ], [ 151.07110595703125, -5.17694616317749 ], [ 151.37109375, -4.90805721282959 ], [ 151.482192993164062, -4.947501182556152 ], [ 151.57940673828125, -4.938056945800781 ], [ 151.608901977539062, -4.970835208892822 ], [ 151.667694091796875, -4.920279026031494 ], [ 151.69720458984375, -4.826666831970215 ], [ 151.665802001953125, -4.783055782318115 ], [ 151.63079833984375, -4.506391048431396 ], [ 151.501296997070312, -4.239168167114258 ], [ 151.529998779296875, -4.188612937927246 ], [ 151.841903686523438, -4.224723815917969 ], [ 151.891403198242188, -4.312222957611084 ], [ 151.974899291992188, -4.3369460105896 ], [ 152.028793334960938, -4.276945114135742 ], [ 151.996597290039062, -4.208611965179443 ], [ 152.181106567382812, -4.146389961242676 ], [ 152.235198974609375, -4.207223892211914 ], [ 152.240798950195312, -4.24666690826416 ], [ 152.181594848632812, -4.215279102325439 ], [ 152.170806884765625, -4.282223224639893 ], [ 152.190505981445312, -4.314445018768311 ], [ 152.417404174804688, -4.333611011505127 ], [ 152.352401733398438, -4.513335227966309 ], [ 152.401596069335938, -4.610834121704102 ], [ 152.389404296875, -4.783055782318115 ], [ 152.241302490234375, -4.984445095062256 ], [ 152.06109619140625, -4.989167213439941 ], [ 151.985000610351562, -4.973612785339355 ], [ 151.969406127929688, -5.135280132293701 ], [ 152.12969970703125, -5.307777881622314 ], [ 152.147506713867188, -5.363890171051025 ], [ 152.096099853515625, -5.457222938537598 ], [ 151.841903686523438, -5.597221851348877 ], [ 151.779403686523438, -5.585556030273438 ], [ 151.74859619140625, -5.541111946105957 ], [ 151.664398193359375, -5.5350022315979 ], [ 151.614395141601562, -5.580832958221436 ], [ 151.4971923828125, -5.529723167419434 ], [ 151.459396362304688, -5.535833835601807 ], [ 151.44439697265625, -5.591668128967285 ], [ 151.524703979492188, -5.638055801391602 ], [ 151.523300170898438, -5.676111221313477 ], [ 151.410797119140625, -5.738890171051025 ], [ 151.356094360351562, -5.840001106262207 ], [ 151.221603393554688, -5.909444808959961 ], [ 151.191604614257812, -5.965279102325439 ], [ 151.087493896484375, -5.987223148345947 ], [ 151.033798217773438, -6.043056011199951 ], [ 150.82080078125, -6.014444828033447 ], [ 150.778305053710938, -6.135000228881836 ], [ 150.520797729492188, -6.228332996368408 ], [ 150.406295776367188, -6.293056011199951 ], [ 150.051300048828125, -6.262500762939453 ], [ 150.018295288085938, -6.323612213134766 ] ] ], [ [ [ 153.629104614257812, -11.620280265808105 ], [ 153.481597900390625, -11.593609809875488 ], [ 153.470794677734375, -11.553059577941895 ], [ 153.3760986328125, -11.567230224609375 ], [ 153.3876953125, -11.500840187072754 ], [ 153.271896362304688, -11.460559844970703 ], [ 153.2041015625, -11.32334041595459 ], [ 153.652206420898438, -11.515000343322754 ], [ 153.77630615234375, -11.597499847412109 ], [ 153.629104614257812, -11.620280265808105 ] ] ], [ [ [ 147.12939453125, -5.450557231903076 ], [ 147.009902954101562, -5.355000019073486 ], [ 147.008895874023438, -5.252779006958008 ], [ 147.13079833984375, -5.193891048431396 ], [ 147.239105224609375, -5.355000972747803 ], [ 147.224700927734375, -5.429444789886475 ], [ 147.12939453125, -5.450557231903076 ] ] ], [ [ [ 147.996902465820312, -5.855556011199951 ], [ 147.896102905273438, -5.775834083557129 ], [ 147.770004272460938, -5.622222900390625 ], [ 147.76190185546875, -5.522222995758057 ], [ 147.848297119140625, -5.492224216461182 ], [ 148.040802001953125, -5.598611831665039 ], [ 148.0791015625, -5.654445171356201 ], [ 148.037200927734375, -5.820834159851074 ], [ 147.996902465820312, -5.855556011199951 ] ] ], [ [ [ 152.908798217773438, -4.84111213684082 ], [ 152.743606567382812, -4.673057079315186 ], [ 152.663604736328125, -4.463335037231445 ], [ 152.702499389648438, -4.315001010894775 ], [ 152.62860107421875, -4.056111812591553 ], [ 152.229705810546875, -3.538333892822266 ], [ 151.910507202148438, -3.42638897895813 ], [ 151.674102783203125, -3.240278005599976 ], [ 151.1304931640625, -2.874166965484619 ], [ 150.935195922851562, -2.770833969116211 ], [ 150.759902954101562, -2.772222995758057 ], [ 150.729705810546875, -2.740556001663208 ], [ 150.752395629882812, -2.715279102325439 ], [ 150.88720703125, -2.711112022399902 ], [ 150.881103515625, -2.64055609703064 ], [ 150.792694091796875, -2.616667032241821 ], [ 150.82080078125, -2.563889026641846 ], [ 151.131301879882812, -2.776945114135742 ], [ 151.188003540039062, -2.79805588722229 ], [ 151.201095581054688, -2.863055944442749 ], [ 151.419097900390625, -2.898056983947754 ], [ 151.787200927734375, -3.165555953979492 ], [ 152.055801391601562, -3.247777938842773 ], [ 152.20440673828125, -3.454444885253906 ], [ 152.406600952148438, -3.625277996063232 ], [ 152.4346923828125, -3.672499895095825 ], [ 152.492996215820312, -3.648612022399902 ], [ 152.555206298828125, -3.75111198425293 ], [ 152.573898315429688, -3.821666955947876 ], [ 152.769699096679688, -3.90027904510498 ], [ 152.8197021484375, -3.869445085525513 ], [ 152.866897583007812, -3.983612060546875 ], [ 152.989700317382812, -4.075835227966309 ], [ 153.12939453125, -4.255557060241699 ], [ 153.13079833984375, -4.390833854675293 ], [ 153.040496826171875, -4.485279083251953 ], [ 153.07940673828125, -4.589168071746826 ], [ 152.908798217773438, -4.84111213684082 ] ] ], [ [ [ 152.840194702148438, -9.234725952148438 ], [ 152.7471923828125, -9.166391372680664 ], [ 152.742202758789062, -9.219722747802734 ], [ 152.6907958984375, -9.177225112915039 ], [ 152.719100952148438, -9.146669387817383 ], [ 152.58050537109375, -9.025003433227539 ], [ 152.49969482421875, -9.025001525878906 ], [ 152.55999755859375, -8.976947784423828 ], [ 152.804702758789062, -8.969446182250977 ], [ 153.0177001953125, -9.117780685424805 ], [ 152.9971923828125, -9.173055648803711 ], [ 152.949996948242188, -9.14805793762207 ], [ 152.956100463867188, -9.190835952758789 ], [ 152.840194702148438, -9.234725952148438 ] ] ], [ [ [ 141.006195068359375, -6.333088874816895 ], [ 141.007400512695312, -2.607778072357178 ], [ 141.131301879882812, -2.60916805267334 ], [ 141.572402954101562, -2.796667098999023 ], [ 141.894699096679688, -2.97194504737854 ], [ 141.998001098632812, -2.954999923706055 ], [ 142.076904296875, -3.017777919769287 ], [ 142.061904907226562, -3.055556058883667 ], [ 143.023300170898438, -3.358612060546875 ], [ 143.442703247070312, -3.411945104598999 ], [ 143.683303833007812, -3.576111078262329 ], [ 143.713302612304688, -3.555000066757202 ], [ 143.726898193359375, -3.601388931274414 ], [ 143.9490966796875, -3.733334064483643 ], [ 144.01080322265625, -3.80722188949585 ], [ 144.209396362304688, -3.839445114135742 ], [ 144.242996215820312, -3.872777938842773 ], [ 144.278594970703125, -3.805833101272583 ], [ 144.5115966796875, -3.820833921432495 ], [ 144.552200317382812, -3.881110906600952 ], [ 144.543899536132812, -3.953610897064209 ], [ 144.591094970703125, -4.006111145019531 ], [ 144.8179931640625, -4.07722282409668 ], [ 144.876296997070312, -4.113612174987793 ], [ 144.850799560546875, -4.144167900085449 ], [ 145.185195922851562, -4.395833969116211 ], [ 145.299102783203125, -4.376667022705078 ], [ 145.451095581054688, -4.494166851043701 ], [ 145.693801879882812, -4.776946067810059 ], [ 145.797195434570312, -4.835556983947754 ], [ 145.797195434570312, -5.2225022315979 ], [ 145.738800048828125, -5.305277824401855 ], [ 145.723800659179688, -5.425280094146729 ], [ 145.76220703125, -5.482500076293945 ], [ 146.162994384765625, -5.53583288192749 ], [ 146.289093017578125, -5.588889122009277 ], [ 146.367996215820312, -5.5869460105896 ], [ 146.779998779296875, -5.796390056610107 ], [ 146.817398071289062, -5.846110820770264 ], [ 146.875198364257812, -5.825555801391602 ], [ 147.102706909179688, -5.966111183166504 ], [ 147.466598510742188, -5.970833778381348 ], [ 147.673599243164062, -6.181389808654785 ], [ 147.716094970703125, -6.269166946411133 ], [ 147.826400756835938, -6.337224006652832 ], [ 147.867996215820312, -6.666112899780273 ], [ 147.815200805664062, -6.715834140777588 ], [ 147.288299560546875, -6.74777889251709 ], [ 147.08880615234375, -6.714445114135742 ], [ 146.9613037109375, -6.747180938720703 ], [ 146.944900512695312, -6.953888893127441 ], [ 147.07049560546875, -7.083889007568359 ], [ 147.062698364257812, -7.141666889190674 ], [ 147.125198364257812, -7.195278167724609 ], [ 147.20880126953125, -7.485556125640869 ], [ 147.351898193359375, -7.525833129882812 ], [ 147.58770751953125, -7.751945018768311 ], [ 147.69329833984375, -7.825833797454834 ], [ 147.710494995117188, -7.921667098999023 ], [ 147.95770263671875, -7.98527717590332 ], [ 147.992202758789062, -8.058610916137695 ], [ 148.136093139648438, -8.042499542236328 ], [ 148.221603393554688, -8.527780532836914 ], [ 148.292999267578125, -8.606389999389648 ], [ 148.438796997070312, -8.672224044799805 ], [ 148.494400024414062, -8.866666793823242 ], [ 148.577392578125, -9.054723739624023 ], [ 148.689697265625, -9.100831985473633 ], [ 148.874099731445312, -9.075834274291992 ], [ 148.949996948242188, -9.042501449584961 ], [ 149.06719970703125, -9.041112899780273 ], [ 149.13580322265625, -8.977499008178711 ], [ 149.175506591796875, -9.011390686035156 ], [ 149.309906005859375, -9.016946792602539 ], [ 149.315994262695312, -9.167779922485352 ], [ 149.241897583007812, -9.221113204956055 ], [ 149.224105834960938, -9.316667556762695 ], [ 149.181594848632812, -9.34916877746582 ], [ 149.208297729492188, -9.45250129699707 ], [ 149.2666015625, -9.510000228881836 ], [ 149.519699096679688, -9.603055953979492 ], [ 150.008895874023438, -9.631389617919922 ], [ 150.056900024414062, -9.709999084472656 ], [ 149.926605224609375, -9.769445419311523 ], [ 149.769699096679688, -9.790276527404785 ], [ 149.7174072265625, -9.826667785644531 ], [ 149.76220703125, -9.901666641235352 ], [ 149.914093017578125, -10.048890113830566 ], [ 150.248504638671875, -10.13638973236084 ], [ 150.348007202148438, -10.197779655456543 ], [ 150.596603393554688, -10.251110076904297 ], [ 150.63519287109375, -10.280830383300781 ], [ 150.862701416015625, -10.222780227661133 ], [ 150.852401733398438, -10.246390342712402 ], [ 150.64190673828125, -10.34945011138916 ], [ 150.415802001953125, -10.30027961730957 ], [ 150.358306884765625, -10.331390380859375 ], [ 150.346603393554688, -10.387499809265137 ], [ 150.649398803710938, -10.475560188293457 ], [ 150.69189453125, -10.555000305175781 ], [ 150.57269287109375, -10.619720458984375 ], [ 150.369903564453125, -10.687219619750977 ], [ 150.349395751953125, -10.657500267028809 ], [ 150.209701538085938, -10.700559616088867 ], [ 150.184097290039062, -10.64861011505127 ], [ 150.01910400390625, -10.622500419616699 ], [ 150.027999877929688, -10.589449882507324 ], [ 149.852706909179688, -10.55027961730957 ], [ 149.931900024414062, -10.503339767456055 ], [ 150.022506713867188, -10.510000228881836 ], [ 150.078903198242188, -10.462779998779297 ], [ 149.95660400390625, -10.429730415344238 ], [ 149.925796508789062, -10.48777961730957 ], [ 149.87860107421875, -10.404999732971191 ], [ 149.7532958984375, -10.344169616699219 ], [ 149.420196533203125, -10.328060150146484 ], [ 149.371597290039062, -10.282779693603516 ], [ 149.326904296875, -10.31056022644043 ], [ 149.061904907226562, -10.241109848022461 ], [ 148.961105346679688, -10.28888988494873 ], [ 148.877395629882812, -10.242500305175781 ], [ 148.729904174804688, -10.204730033874512 ], [ 148.763595581054688, -10.152779579162598 ], [ 148.682205200195312, -10.108059883117676 ], [ 148.645797729492188, -10.183059692382812 ], [ 148.397201538085938, -10.201109886169434 ], [ 148.161300659179688, -10.074999809265137 ], [ 148.102996826171875, -10.129730224609375 ], [ 147.972702026367188, -10.166110038757324 ], [ 147.800796508789062, -10.051389694213867 ], [ 147.716598510742188, -10.100830078125 ], [ 147.702194213867188, -10.023059844970703 ], [ 147.51019287109375, -9.87861442565918 ], [ 147.467193603515625, -9.739725112915039 ], [ 147.25830078125, -9.510000228881836 ], [ 147.177993774414062, -9.518613815307617 ], [ 147.099899291992188, -9.449722290039062 ], [ 147.099105834960938, -9.491113662719727 ], [ 147.00799560546875, -9.398335456848145 ], [ 146.977996826171875, -9.292778015136719 ], [ 146.900497436523438, -9.246112823486328 ], [ 146.888900756835938, -9.137222290039062 ], [ 146.977203369140625, -9.074447631835938 ], [ 146.972396850585938, -9.029169082641602 ], [ 146.89630126953125, -9.112224578857422 ], [ 146.590805053710938, -9.001947402954102 ], [ 146.545501708984375, -8.902502059936523 ], [ 146.567398071289062, -8.807502746582031 ], [ 146.361892700195312, -8.567779541015625 ], [ 146.265899658203125, -8.366792678833008 ], [ 146.150802612304688, -8.219448089599609 ], [ 146.098800659179688, -8.176113128662109 ], [ 146.104904174804688, -8.091114044189453 ], [ 145.806900024414062, -8.012502670288086 ], [ 145.777496337890625, -7.946667194366455 ], [ 145.744400024414062, -7.923056125640869 ], [ 145.718307495117188, -7.967779159545898 ], [ 145.432693481445312, -7.948057174682617 ], [ 145.309402465820312, -7.86111307144165 ], [ 145.238800048828125, -7.867224216461182 ], [ 145.1846923828125, -7.814167976379395 ], [ 145.155197143554688, -7.84611177444458 ], [ 144.87969970703125, -7.78249979019165 ], [ 144.859695434570312, -7.72333288192749 ], [ 144.863800048828125, -7.598333835601807 ], [ 144.8240966796875, -7.688056945800781 ], [ 144.718597412109375, -7.640555858612061 ], [ 144.660202026367188, -7.572501182556152 ], [ 144.653594970703125, -7.652779102325439 ], [ 144.588302612304688, -7.65749979019165 ], [ 144.52520751953125, -7.503889083862305 ], [ 144.513595581054688, -7.550834178924561 ], [ 144.534896850585938, -7.662777900695801 ], [ 144.508895874023438, -7.67388916015625 ], [ 144.418594360351562, -7.525834083557129 ], [ 144.422500610351562, -7.596391201019287 ], [ 144.478897094726562, -7.794723987579346 ], [ 144.417694091796875, -7.72055721282959 ], [ 144.395797729492188, -7.755834102630615 ], [ 144.358901977539062, -7.745001792907715 ], [ 144.319107055664062, -7.620832920074463 ], [ 144.3074951171875, -7.637777805328369 ], [ 144.3341064453125, -7.686110973358154 ], [ 144.301300048828125, -7.683333873748779 ], [ 144.276596069335938, -7.639723777770996 ], [ 144.229904174804688, -7.660277843475342 ], [ 144.26409912109375, -7.680555820465088 ], [ 144.271896362304688, -7.773612022399902 ], [ 144.1416015625, -7.778891086578369 ], [ 143.855804443359375, -7.65749979019165 ], [ 143.644699096679688, -7.443335056304932 ], [ 143.652206420898438, -7.477500915527344 ], [ 143.7716064453125, -7.613891124725342 ], [ 143.95440673828125, -7.961667060852051 ], [ 143.9552001953125, -7.989445209503174 ], [ 143.814102172851562, -7.935277938842773 ], [ 143.906600952148438, -7.999722003936768 ], [ 143.893600463867188, -8.036945343017578 ], [ 143.755203247070312, -8.041114807128906 ], [ 143.643295288085938, -7.988890171051025 ], [ 143.501602172851562, -7.996112823486328 ], [ 143.439895629882812, -7.910556793212891 ], [ 143.362503051757812, -7.899723052978516 ], [ 143.360504150390625, -7.916944980621338 ], [ 143.428802490234375, -7.930556774139404 ], [ 143.461105346679688, -8.000280380249023 ], [ 143.548294067382812, -8.033611297607422 ], [ 143.6304931640625, -8.198333740234375 ], [ 143.625503540039062, -8.236948013305664 ], [ 143.069900512695312, -8.310834884643555 ], [ 142.979904174804688, -8.344167709350586 ], [ 142.716293334960938, -8.268333435058594 ], [ 142.5751953125, -8.296669006347656 ], [ 142.50579833984375, -8.336668014526367 ], [ 142.427703857421875, -8.327224731445312 ], [ 142.383895874023438, -8.189723968505859 ], [ 142.221603393554688, -8.173336029052734 ], [ 142.13519287109375, -8.230278015136719 ], [ 142.313705444335938, -8.18696403503418 ], [ 142.358596801757812, -8.202503204345703 ], [ 142.382400512695312, -8.319169998168945 ], [ 142.439407348632812, -8.371389389038086 ], [ 142.492996215820312, -8.378055572509766 ], [ 142.629898071289062, -8.311668395996094 ], [ 142.7716064453125, -8.331947326660156 ], [ 142.906097412109375, -8.423615455627441 ], [ 143.096603393554688, -8.463614463806152 ], [ 143.328292846679688, -8.687778472900391 ], [ 143.3927001953125, -8.770280838012695 ], [ 143.406906127929688, -8.961945533752441 ], [ 143.33160400390625, -9.02833366394043 ], [ 143.18359375, -9.04472541809082 ], [ 142.649703979492188, -9.331947326660156 ], [ 142.57159423828125, -9.328058242797852 ], [ 142.369400024414062, -9.21027946472168 ], [ 141.990005493164062, -9.19000244140625 ], [ 141.886398315429688, -9.22389030456543 ], [ 141.528793334960938, -9.221944808959961 ], [ 141.3883056640625, -9.144168853759766 ], [ 141.31219482421875, -9.152780532836914 ], [ 141.176300048828125, -9.233892440795898 ], [ 141.11749267578125, -9.230003356933594 ], [ 141.00830078125, -9.128335952758789 ], [ 141.006195068359375, -6.893421173095703 ], [ 140.900497436523438, -6.851110935211182 ], [ 140.849899291992188, -6.616944789886475 ], [ 140.897994995117188, -6.596666812896729 ], [ 140.948501586914062, -6.435832977294922 ], [ 140.9512939453125, -6.372499942779541 ], [ 141.006195068359375, -6.333088874816895 ] ] ] ] } },
{ "type": "Feature", "properties": { }, "geometry": { "type": "MultiPolygon", "coordinates": [ [ [ [ 98.310806274414062, 7.755832195281982 ], [ 98.264976501464844, 7.877499103546143 ], [ 98.282470703125, 8.186386108398438 ], [ 98.332733154296875, 8.162260055541992 ], [ 98.374153137207031, 8.095830917358398 ], [ 98.431373596191406, 8.091941833496094 ], [ 98.399139404296875, 7.811666011810303 ], [ 98.358306884765625, 7.833610057830811 ], [ 98.310806274414062, 7.755832195281982 ] ] ], [ [ [ 99.456092834472656, 20.38861083984375 ], [ 99.666366577148438, 20.311939239501953 ], [ 99.797470092773438, 20.331380844116211 ], [ 99.959136962890625, 20.455270767211914 ], [ 100.092300415039062, 20.34929084777832 ], [ 100.097198486328125, 20.256099700927734 ], [ 100.159698486328125, 20.234989166259766 ], [ 100.25, 20.379159927368164 ], [ 100.308601379394531, 20.393600463867188 ], [ 100.3760986328125, 20.344160079956055 ], [ 100.452796936035156, 20.193330764770508 ], [ 100.520500183105469, 20.144990921020508 ], [ 100.581100463867188, 20.157619476318359 ], [ 100.483299255371094, 19.858049392700195 ], [ 100.406097412109375, 19.764440536499023 ], [ 100.484397888183594, 19.544719696044922 ], [ 100.574996948242188, 19.493610382080078 ], [ 100.6365966796875, 19.55055046081543 ], [ 100.775299072265625, 19.484439849853516 ], [ 100.894699096679688, 19.619710922241211 ], [ 101.032203674316406, 19.619440078735352 ], [ 101.19000244140625, 19.568609237670898 ], [ 101.219100952148438, 19.595550537109375 ], [ 101.269401550292969, 19.579160690307617 ], [ 101.285202026367188, 19.521379470825195 ], [ 101.202796936035156, 19.390829086303711 ], [ 101.287200927734375, 19.107500076293945 ], [ 101.351898193359375, 19.051660537719727 ], [ 101.228599548339844, 18.729160308837891 ], [ 101.268898010253906, 18.686939239501953 ], [ 101.062202453613281, 18.454439163208008 ], [ 101.091598510742188, 18.37693977355957 ], [ 101.180496215820312, 18.333599090576172 ], [ 101.151603698730469, 18.257770538330078 ], [ 101.190803527832031, 18.057769775390625 ], [ 100.980499267578125, 17.764999389648438 ], [ 100.962501525878906, 17.667209625244141 ], [ 100.910202026367188, 17.596380233764648 ], [ 100.918899536132812, 17.568889617919922 ], [ 101.099098205566406, 17.498050689697266 ], [ 101.152198791503906, 17.461099624633789 ], [ 101.3905029296875, 17.692489624023438 ], [ 101.557998657226562, 17.784719467163086 ], [ 101.559097290039062, 17.814790725708008 ], [ 101.620796203613281, 17.881940841674805 ], [ 101.726898193359375, 17.909160614013672 ], [ 101.772499084472656, 18.054439544677734 ], [ 101.831596374511719, 18.053890228271484 ], [ 101.890296936035156, 18.030000686645508 ], [ 102.105499267578125, 18.210269927978516 ], [ 102.176399230957031, 18.195550918579102 ], [ 102.293296813964844, 18.052219390869141 ], [ 102.590301513671875, 17.957769393920898 ], [ 102.612701416015625, 17.918600082397461 ], [ 102.589103698730469, 17.844999313354492 ], [ 102.666603088378906, 17.802499771118164 ], [ 102.671600341796875, 17.861940383911133 ], [ 102.9385986328125, 18.003599166870117 ], [ 103.018600463867188, 17.978609085083008 ], [ 103.06719970703125, 18.024990081787109 ], [ 103.090103149414062, 18.137409210205078 ], [ 103.140800476074219, 18.16526985168457 ], [ 103.170501708984375, 18.247770309448242 ], [ 103.282501220703125, 18.298879623413086 ], [ 103.236602783203125, 18.346660614013672 ], [ 103.281600952148438, 18.407220840454102 ], [ 103.397201538085938, 18.434989929199219 ], [ 103.868598937988281, 18.279989242553711 ], [ 103.949996948242188, 18.330549240112305 ], [ 103.995796203613281, 18.307500839233398 ], [ 104.26080322265625, 17.881940841674805 ], [ 104.44439697265625, 17.673320770263672 ], [ 104.666397094726562, 17.542490005493164 ], [ 104.789398193359375, 17.41472053527832 ], [ 104.809402465820312, 17.193880081176758 ], [ 104.752998352050781, 16.887779235839844 ], [ 104.768898010253906, 16.697490692138672 ], [ 104.746101379394531, 16.531110763549805 ], [ 105.021598815917969, 16.236379623413086 ], [ 105.046600341796875, 16.128599166870117 ], [ 105.182998657226562, 16.058879852294922 ], [ 105.411903381347656, 16.018600463867188 ], [ 105.406898498535156, 15.992219924926758 ], [ 105.349700927734375, 15.938050270080566 ], [ 105.426902770996094, 15.775830268859863 ], [ 105.596397399902344, 15.728050231933594 ], [ 105.632499694824219, 15.678609848022461 ], [ 105.6343994140625, 15.594719886779785 ], [ 105.599998474121094, 15.433050155639648 ], [ 105.483001708984375, 15.37693977355957 ], [ 105.483001708984375, 15.341659545898438 ], [ 105.587997436523438, 15.335519790649414 ], [ 105.596397399902344, 15.274720191955566 ], [ 105.493598937988281, 15.205269813537598 ], [ 105.468902587890625, 15.125 ], [ 105.619102478027344, 14.991660118103027 ], [ 105.521400451660156, 14.789999961853027 ], [ 105.537803649902344, 14.577770233154297 ], [ 105.441902160644531, 14.432220458984375 ], [ 105.210403442382812, 14.352560043334961 ], [ 105.137199401855469, 14.239720344543457 ], [ 105.06939697265625, 14.218330383300781 ], [ 105.032997131347656, 14.247770309448242 ], [ 105.001899719238281, 14.383330345153809 ], [ 104.880500793457031, 14.422499656677246 ], [ 104.714996337890625, 14.437769889831543 ], [ 104.571601867675781, 14.364720344543457 ], [ 104.1875, 14.386670112609863 ], [ 103.973602294921875, 14.364439964294434 ], [ 103.700798034667969, 14.390549659729004 ], [ 103.69580078125, 14.439999580383301 ], [ 103.659103393554688, 14.447779655456543 ], [ 103.507797241210938, 14.396659851074219 ], [ 103.228599548339844, 14.332779884338379 ], [ 102.958000183105469, 14.203049659729004 ], [ 102.919700622558594, 14.104720115661621 ], [ 102.790000915527344, 13.934439659118652 ], [ 102.722198486328125, 13.763609886169434 ], [ 102.563301086425781, 13.681389808654785 ], [ 102.560501098632812, 13.652500152587891 ], [ 102.622703552246094, 13.606940269470215 ], [ 102.527198791503906, 13.567779541015625 ], [ 102.360198974609375, 13.571660041809082 ], [ 102.351402282714844, 13.267219543457031 ], [ 102.495796203613281, 13.011940002441406 ], [ 102.525001525878906, 12.766940116882324 ], [ 102.512199401855469, 12.664999961853027 ], [ 102.592498779296875, 12.626660346984863 ], [ 102.788597106933594, 12.42471981048584 ], [ 102.736900329589844, 12.303609848022461 ], [ 102.781898498535156, 11.999719619750977 ], [ 102.916397094726562, 11.742770195007324 ], [ 102.914199829101562, 11.633419990539551 ], [ 102.901603698730469, 11.745829582214355 ], [ 102.770500183105469, 11.908329963684082 ], [ 102.762199401855469, 12.029439926147461 ], [ 102.693000793457031, 12.090559959411621 ], [ 102.602500915527344, 12.220829963684082 ], [ 102.554100036621094, 12.198610305786133 ], [ 102.583297729492188, 12.050829887390137 ], [ 102.555000305175781, 12.052499771118164 ], [ 102.536399841308594, 12.098609924316406 ], [ 102.282997131347656, 12.19888973236084 ], [ 102.260498046875, 12.288060188293457 ], [ 102.363601684570312, 12.336939811706543 ], [ 102.339698791503906, 12.354999542236328 ], [ 102.307701110839844, 12.315730094909668 ], [ 102.286598205566406, 12.32528018951416 ], [ 102.282997131347656, 12.388890266418457 ], [ 102.241401672363281, 12.403889656066895 ], [ 102.265296936035156, 12.298049926757812 ], [ 102.065498352050781, 12.48805046081543 ], [ 102.107498168945312, 12.535280227661133 ], [ 102.042800903320312, 12.534170150756836 ], [ 102.032501220703125, 12.510279655456543 ], [ 101.968597412109375, 12.539719581604004 ], [ 101.9447021484375, 12.52694034576416 ], [ 101.856597900390625, 12.651390075683594 ], [ 101.750297546386719, 12.706660270690918 ], [ 101.68389892578125, 12.695280075073242 ], [ 101.644699096679688, 12.645549774169922 ], [ 101.493896484375, 12.631389617919922 ], [ 101.417800903320312, 12.58611011505127 ], [ 101.245498657226562, 12.656940460205078 ], [ 101.074996948242188, 12.674160003662109 ], [ 100.946601867675781, 12.605549812316895 ], [ 100.926101684570312, 12.657219886779785 ], [ 100.860801696777344, 12.646940231323242 ], [ 100.839103698730469, 12.701390266418457 ], [ 100.850502014160156, 12.749719619750977 ], [ 100.898597717285156, 12.769169807434082 ], [ 100.917800903320312, 12.818050384521484 ], [ 100.863296508789062, 12.923890113830566 ], [ 100.933601379394531, 13.018890380859375 ], [ 100.87969970703125, 13.090279579162598 ], [ 100.943603515625, 13.19972038269043 ], [ 100.914100646972656, 13.305000305175781 ], [ 100.985496520996094, 13.368610382080078 ], [ 100.990501403808594, 13.493889808654785 ], [ 100.922500610351562, 13.46304988861084 ], [ 100.770797729492188, 13.488889694213867 ], [ 100.59320068359375, 13.551150321960449 ], [ 100.593002319335938, 13.606109619140625 ], [ 100.580802917480469, 13.521389961242676 ], [ 100.266098022460938, 13.49055004119873 ], [ 100.017303466796875, 13.364319801330566 ], [ 99.957473754882812, 13.277219772338867 ], [ 100.104698181152344, 13.043049812316895 ], [ 99.964981079101562, 12.706110000610352 ], [ 100.017501831054688, 12.183890342712402 ], [ 99.860809326171875, 11.976940155029297 ], [ 99.823593139648438, 11.891110420227051 ], [ 99.822746276855469, 11.778059959411621 ], [ 99.734153747558594, 11.68694019317627 ], [ 99.560531616210938, 11.308609962463379 ], [ 99.58331298828125, 11.188050270080566 ], [ 99.554702758789062, 11.197770118713379 ], [ 99.491928100585938, 11.11555004119873 ], [ 99.504150390625, 10.860830307006836 ], [ 99.470809936523438, 10.876660346984863 ], [ 99.425811767578125, 10.783049583435059 ], [ 99.300537109375, 10.626110076904297 ], [ 99.240249633789062, 10.454170227050781 ], [ 99.288856506347656, 10.398889541625977 ], [ 99.27581787109375, 10.354160308837891 ], [ 99.149139404296875, 10.36555004119873 ], [ 99.158309936523438, 10.299160003662109 ], [ 99.250808715820312, 10.220829963684082 ], [ 99.195823669433594, 10.204719543457031 ], [ 99.150253295898438, 10.11028003692627 ], [ 99.14581298828125, 9.774997711181641 ], [ 99.223037719726562, 9.543607711791992 ], [ 99.320823669433594, 9.392499923706055 ], [ 99.270538330078125, 9.368886947631836 ], [ 99.226638793945312, 9.304721832275391 ], [ 99.25775146484375, 9.225276947021484 ], [ 99.37664794921875, 9.189165115356445 ], [ 99.495246887207031, 9.210830688476562 ], [ 99.536636352539062, 9.281108856201172 ], [ 99.613311767578125, 9.268608093261719 ], [ 99.65386962890625, 9.297496795654297 ], [ 99.809417724609375, 9.310832977294922 ], [ 99.919418334960938, 9.088886260986328 ], [ 99.918869018554688, 8.972221374511719 ], [ 99.965812683105469, 8.605274200439453 ], [ 100.110298156738281, 8.409440994262695 ], [ 100.171897888183594, 8.385274887084961 ], [ 100.175796508789062, 8.503330230712891 ], [ 100.237998962402344, 8.40666389465332 ], [ 100.447196960449219, 7.438610076904297 ], [ 100.581901550292969, 7.21638822555542 ], [ 100.567497253417969, 7.189165115356445 ], [ 100.423896789550781, 7.266387939453125 ], [ 100.404701232910156, 7.52361011505127 ], [ 100.376899719238281, 7.564999103546143 ], [ 100.328300476074219, 7.567498207092285 ], [ 100.303001403808594, 7.529998779296875 ], [ 100.2655029296875, 7.540554046630859 ], [ 100.323898315429688, 7.646943092346191 ], [ 100.285797119140625, 7.787497997283936 ], [ 100.253898620605469, 7.789443016052246 ], [ 100.147796630859375, 7.722776889801025 ], [ 100.152999877929688, 7.615553855895996 ], [ 100.266098022460938, 7.378332138061523 ], [ 100.375297546386719, 7.314444065093994 ], [ 100.392997741699219, 7.205554008483887 ], [ 100.474700927734375, 7.124998092651367 ], [ 100.552200317382812, 7.139165878295898 ], [ 100.594398498535156, 7.212777137756348 ], [ 100.793601989746094, 6.958055019378662 ], [ 101.035499572753906, 6.843332767486572 ], [ 101.359397888183594, 6.889164924621582 ], [ 101.289703369140625, 6.937777996063232 ], [ 101.51190185546875, 6.863887786865234 ], [ 101.793601989746094, 6.469998836517334 ], [ 102.094398498535156, 6.236175060272217 ], [ 102.091598510742188, 6.110554218292236 ], [ 101.946098327636719, 5.964721202850342 ], [ 101.943801879882812, 5.861942768096924 ], [ 101.8240966796875, 5.739441871643066 ], [ 101.68499755859375, 5.770832061767578 ], [ 101.658897399902344, 5.860555171966553 ], [ 101.569999694824219, 5.916665077209473 ], [ 101.281898498535156, 5.804441928863525 ], [ 101.2489013671875, 5.699163913726807 ], [ 101.139701843261719, 5.631941795349121 ], [ 101.084098815917969, 5.714166164398193 ], [ 101.024398803710938, 5.732776165008545 ], [ 100.993598937988281, 5.806107997894287 ], [ 101.120201110839844, 5.990553855895996 ], [ 101.0791015625, 6.160831928253174 ], [ 101.121597290039062, 6.187220096588135 ], [ 101.115501403808594, 6.24888801574707 ], [ 100.989700317382812, 6.2774977684021 ], [ 100.94580078125, 6.238608837127686 ], [ 100.852203369140625, 6.242776870727539 ], [ 100.854103088378906, 6.325554847717285 ], [ 100.74859619140625, 6.503610134124756 ], [ 100.654998779296875, 6.448330879211426 ], [ 100.371101379394531, 6.547498226165771 ], [ 100.298896789550781, 6.701665878295898 ], [ 100.208602905273438, 6.710555076599121 ], [ 100.19000244140625, 6.687498092651367 ], [ 100.171401977539062, 6.476665019989014 ], [ 100.12860107421875, 6.41779088973999 ], [ 100.095001220703125, 6.536387920379639 ], [ 100.042503356933594, 6.517499923706055 ], [ 99.95635986328125, 6.658053874969482 ], [ 99.684417724609375, 6.879998207092285 ], [ 99.680816650390625, 6.994164943695068 ], [ 99.749687194824219, 7.129998207092285 ], [ 99.673027038574219, 7.119164943695068 ], [ 99.668296813964844, 7.16749906539917 ], [ 99.612762451171875, 7.136388778686523 ], [ 99.53497314453125, 7.241386890411377 ], [ 99.603866577148438, 7.371109962463379 ], [ 99.532470703125, 7.291110992431641 ], [ 99.5213623046875, 7.354165077209473 ], [ 99.493026733398438, 7.368053913116455 ], [ 99.47802734375, 7.274999141693115 ], [ 99.428306579589844, 7.295554161071777 ], [ 99.339981079101562, 7.37194299697876 ], [ 99.259407043457031, 7.656386852264404 ], [ 99.201370239257812, 7.682498931884766 ], [ 99.12969970703125, 7.763331890106201 ], [ 99.104713439941406, 7.691943168640137 ], [ 99.038040161132812, 7.703053951263428 ], [ 99.025253295898438, 7.758609771728516 ], [ 99.07025146484375, 7.917776107788086 ], [ 99.0313720703125, 7.897221088409424 ], [ 98.913040161132812, 8.050552368164062 ], [ 98.830543518066406, 8.001943588256836 ], [ 98.684982299804688, 8.304995536804199 ], [ 98.646087646484375, 8.27471923828125 ], [ 98.619140625, 8.292219161987305 ], [ 98.639419555664062, 8.363052368164062 ], [ 98.417762756347656, 8.309164047241211 ], [ 98.467758178710938, 8.217775344848633 ], [ 98.419692993164062, 8.143329620361328 ], [ 98.276641845703125, 8.223885536193848 ], [ 98.193313598632812, 8.556941986083984 ], [ 98.20635986328125, 8.586385726928711 ], [ 98.246917724609375, 8.5111083984375 ], [ 98.21942138671875, 8.727497100830078 ], [ 98.36358642578125, 9.020553588867188 ], [ 98.322746276855469, 9.035829544067383 ], [ 98.383872985839844, 9.084442138671875 ], [ 98.343307495117188, 9.127220153808594 ], [ 98.458038330078125, 9.555274963378906 ], [ 98.491928100585938, 9.529165267944336 ], [ 98.53692626953125, 9.573331832885742 ], [ 98.485809326171875, 9.571941375732422 ], [ 98.464981079101562, 9.624164581298828 ], [ 98.558868408203125, 9.744718551635742 ], [ 98.503593444824219, 9.743608474731445 ], [ 98.548309326171875, 9.806943893432617 ], [ 98.5152587890625, 9.841386795043945 ], [ 98.535537719726562, 9.875553131103516 ], [ 98.571090698242188, 9.868608474731445 ], [ 98.596076965332031, 9.972497940063477 ], [ 98.673858642578125, 10.118049621582031 ], [ 98.7425537109375, 10.346429824829102 ], [ 98.823867797851562, 10.516670227050781 ], [ 98.78192138671875, 10.666660308837891 ], [ 98.85552978515625, 10.767219543457031 ], [ 99.003311157226562, 10.828610420227051 ], [ 99.020248413085938, 10.963330268859863 ], [ 99.077468872070312, 10.948610305786133 ], [ 99.358306884765625, 11.350000381469727 ], [ 99.402763366699219, 11.388890266418457 ], [ 99.465530395507812, 11.604720115661621 ], [ 99.489959716796875, 11.629159927368164 ], [ 99.557456970214844, 11.627779960632324 ], [ 99.660797119140625, 11.820549964904785 ], [ 99.58941650390625, 11.872500419616699 ], [ 99.57330322265625, 12.136670112609863 ], [ 99.476638793945312, 12.130279541015625 ], [ 99.485786437988281, 12.259719848632812 ], [ 99.414413452148438, 12.454440116882324 ], [ 99.438858032226562, 12.571109771728516 ], [ 99.203582763671875, 12.833049774169922 ], [ 99.193572998046875, 12.969440460205078 ], [ 99.114143371582031, 13.050829887390137 ], [ 99.120796203613281, 13.175829887390137 ], [ 99.208587646484375, 13.206669807434082 ], [ 99.213653564453125, 13.335339546203613 ], [ 99.180526733398438, 13.712499618530273 ], [ 98.937179565429688, 14.102219581604004 ], [ 98.759696960449219, 14.217499732971191 ], [ 98.571372985839844, 14.381939888000488 ], [ 98.447738647460938, 14.605830192565918 ], [ 98.264137268066406, 14.806940078735352 ], [ 98.20025634765625, 15.215550422668457 ], [ 98.31024169921875, 15.30305004119873 ], [ 98.413589477539062, 15.260000228881836 ], [ 98.422470092773438, 15.359990119934082 ], [ 98.503593444824219, 15.38722038269043 ], [ 98.558853149414062, 15.329999923706055 ], [ 98.593582153320312, 15.416939735412598 ], [ 98.56524658203125, 15.722780227661133 ], [ 98.617462158203125, 15.970000267028809 ], [ 98.571372985839844, 16.046100616455078 ], [ 98.774406433105469, 16.123329162597656 ], [ 98.814971923828125, 16.103609085083008 ], [ 98.860237121582031, 16.170829772949219 ], [ 98.928298950195312, 16.379159927368164 ], [ 98.864967346191406, 16.476659774780273 ], [ 98.715812683105469, 16.27638053894043 ], [ 98.689682006835938, 16.284990310668945 ], [ 98.6171875, 16.518610000610352 ], [ 98.479423522949219, 16.729719161987305 ], [ 98.491348266601562, 16.773889541625977 ], [ 98.546630859375, 16.807769775390625 ], [ 98.517196655273438, 16.863609313964844 ], [ 98.511093139648438, 16.941099166870117 ], [ 98.423576354980469, 17.053329467773438 ], [ 98.346076965332031, 17.045549392700195 ], [ 98.108016967773438, 17.382209777832031 ], [ 97.793853759765625, 17.684160232543945 ], [ 97.6988525390625, 17.828880310058594 ], [ 97.750259399414062, 17.977489471435547 ], [ 97.61663818359375, 18.242769241333008 ], [ 97.647750854492188, 18.273609161376953 ], [ 97.623016357421875, 18.3125 ], [ 97.563583374023438, 18.327770233154297 ], [ 97.524688720703125, 18.264999389648438 ], [ 97.484970092773438, 18.294160842895508 ], [ 97.444122314453125, 18.396099090576172 ], [ 97.345809936523438, 18.544160842895508 ], [ 97.361907958984375, 18.583879470825195 ], [ 97.442459106445312, 18.497219085693359 ], [ 97.534126281738281, 18.489709854125977 ], [ 97.663299560546875, 18.566110610961914 ], [ 97.774688720703125, 18.569990158081055 ], [ 97.748863220214844, 18.859439849853516 ], [ 97.678298950195312, 18.928049087524414 ], [ 97.8338623046875, 19.096939086914062 ], [ 97.842193603515625, 19.204439163208008 ], [ 97.788299560546875, 19.276939392089844 ], [ 97.837478637695312, 19.293609619140625 ], [ 97.792190551757812, 19.395820617675781 ], [ 97.98358154296875, 19.623880386352539 ], [ 98.03497314453125, 19.643880844116211 ], [ 98.045516967773438, 19.798330307006836 ], [ 98.080810546875, 19.808610916137695 ], [ 98.253593444824219, 19.673049926757812 ], [ 98.509696960449219, 19.712490081787109 ], [ 98.555801391601562, 19.674989700317383 ], [ 98.671630859375, 19.748600006103516 ], [ 98.836906433105469, 19.816379547119141 ], [ 98.908859252929688, 19.748050689697266 ], [ 99.0263671875, 19.825550079345703 ], [ 99.066932678222656, 20.086109161376953 ], [ 99.170242309570312, 20.128049850463867 ], [ 99.319137573242188, 20.066659927368164 ], [ 99.533859252929688, 20.147220611572266 ], [ 99.555801391601562, 20.199710845947266 ], [ 99.456092834472656, 20.38861083984375 ] ] ] ] } },
{ "type": "Feature", "properties": { }, "geometry": { "type": "Polygon", "coordinates": [ [ [ 104.040397644042969, 19.694440841674805 ], [ 104.13909912109375, 19.659990310668945 ], [ 104.164100646972656, 19.688320159912109 ], [ 104.308601379394531, 19.686939239501953 ], [ 104.320602416992188, 19.661500930786133 ], [ 104.413597106933594, 19.693330764770508 ], [ 104.523002624511719, 19.604709625244141 ], [ 104.644996643066406, 19.615549087524414 ], [ 104.661598205566406, 19.668880462646484 ], [ 104.836402893066406, 19.791379928588867 ], [ 104.846099853515625, 19.85331916809082 ], [ 104.778800964355469, 19.874160766601562 ], [ 104.852500915527344, 19.945270538330078 ], [ 104.959999084472656, 19.986930847167969 ], [ 104.980796813964844, 20.018600463867188 ], [ 104.93499755859375, 20.185550689697266 ], [ 104.680496215820312, 20.218879699707031 ], [ 104.678802490234375, 20.280550003051758 ], [ 104.713897705078125, 20.29026985168457 ], [ 104.706901550292969, 20.345550537109375 ], [ 104.602500915527344, 20.419710159301758 ], [ 104.510498046875, 20.408050537109375 ], [ 104.388603210449219, 20.438610076904297 ], [ 104.381301879882812, 20.460550308227539 ], [ 104.470802307128906, 20.537220001220703 ], [ 104.551101684570312, 20.516380310058594 ], [ 104.643600463867188, 20.660270690917969 ], [ 104.585296630859375, 20.673879623413086 ], [ 104.109100341796875, 20.977209091186523 ], [ 103.803596496582031, 20.845830917358398 ], [ 103.789398193359375, 20.748600006103516 ], [ 103.729400634765625, 20.724159240722656 ], [ 103.738296508789062, 20.669990539550781 ], [ 103.687202453613281, 20.658330917358398 ], [ 103.448600769042969, 20.827770233154297 ], [ 103.416900634765625, 20.794160842895508 ], [ 103.166397094726562, 20.850830078125 ], [ 103.030799865722656, 21.059999465942383 ], [ 102.966903686523438, 21.078609466552734 ], [ 102.916603088378906, 21.234439849853516 ], [ 102.822998046875, 21.260829925537109 ], [ 102.900497436523438, 21.302770614624023 ], [ 102.943801879882812, 21.454710006713867 ], [ 102.875, 21.432769775390625 ], [ 102.961898803710938, 21.544160842895508 ], [ 102.988899230957031, 21.682769775390625 ], [ 102.964996337890625, 21.748880386352539 ], [ 102.939399719238281, 21.724710464477539 ], [ 102.861396789550781, 21.718320846557617 ], [ 102.858299255371094, 21.826940536499023 ], [ 102.828903198242188, 21.847770690917969 ], [ 102.807197570800781, 21.82805061340332 ], [ 102.817497253417969, 21.733600616455078 ], [ 102.746902465820312, 21.666379928588867 ], [ 102.671096801757812, 21.662490844726562 ], [ 102.6405029296875, 21.86305046081543 ], [ 102.505500793457031, 21.962209701538086 ], [ 102.419403076171875, 22.120550155639648 ], [ 102.267501831054688, 22.217769622802734 ], [ 102.1405029296875, 22.395889282226562 ], [ 102.179702758789062, 22.428329467773438 ], [ 102.250801086425781, 22.413049697875977 ], [ 102.264396667480469, 22.484159469604492 ], [ 102.415000915527344, 22.632770538330078 ], [ 102.381599426269531, 22.670829772949219 ], [ 102.469398498535156, 22.771379470825195 ], [ 102.521400451660156, 22.764999389648438 ], [ 102.560203552246094, 22.697490692138672 ], [ 102.683601379394531, 22.690830230712891 ], [ 102.867698669433594, 22.597770690917969 ], [ 102.928596496582031, 22.481929779052734 ], [ 103.030502319335938, 22.435550689697266 ], [ 103.07080078125, 22.445270538330078 ], [ 103.06939697265625, 22.492769241333008 ], [ 103.163002014160156, 22.538049697875977 ], [ 103.180000305175781, 22.624439239501953 ], [ 103.275497436523438, 22.669160842895508 ], [ 103.326896667480469, 22.793050765991211 ], [ 103.38079833984375, 22.781940460205078 ], [ 103.549400329589844, 22.60331916809082 ], [ 103.584999084472656, 22.647209167480469 ], [ 103.563003540039062, 22.698049545288086 ], [ 103.652801513671875, 22.784000396728516 ], [ 103.856597900390625, 22.581100463867188 ], [ 103.964698791503906, 22.498800277709961 ], [ 104.016899108886719, 22.547210693359375 ], [ 104.035202026367188, 22.691099166870117 ], [ 104.102500915527344, 22.792219161987305 ], [ 104.255500793457031, 22.831939697265625 ], [ 104.26190185546875, 22.737770080566406 ], [ 104.362197875976562, 22.686660766601562 ], [ 104.591300964355469, 22.821659088134766 ], [ 104.724098205566406, 22.81498908996582 ], [ 104.861099243164062, 22.936660766601562 ], [ 104.822998046875, 23.099720001220703 ], [ 105.064399719238281, 23.230270385742188 ], [ 105.240501403808594, 23.260549545288086 ], [ 105.32330322265625, 23.375820159912109 ], [ 105.554397583007812, 23.160270690917969 ], [ 105.570297241210938, 23.06443977355957 ], [ 105.76190185546875, 23.023880004882812 ], [ 105.87249755859375, 22.910270690917969 ], [ 106.146400451660156, 22.983329772949219 ], [ 106.227203369140625, 22.953039169311523 ], [ 106.251602172851562, 22.871940612792969 ], [ 106.336898803710938, 22.85331916809082 ], [ 106.606101989746094, 22.902210235595703 ], [ 106.642501831054688, 22.856100082397461 ], [ 106.679397583007812, 22.87554931640625 ], [ 106.821601867675781, 22.800270080566406 ], [ 106.6802978515625, 22.572769165039062 ], [ 106.635498046875, 22.615549087524414 ], [ 106.607200622558594, 22.606939315795898 ], [ 106.5614013671875, 22.364160537719727 ], [ 106.5780029296875, 22.337499618530273 ], [ 106.653602600097656, 22.328609466552734 ], [ 106.695198059082031, 22.057220458984375 ], [ 106.675201416015625, 21.985820770263672 ], [ 106.69219970703125, 21.9658203125 ], [ 106.746597290039062, 22.015270233154297 ], [ 107.022796630859375, 21.938600540161133 ], [ 107.048301696777344, 21.914440155029297 ], [ 107.01300048828125, 21.834989547729492 ], [ 107.211898803710938, 21.711940765380859 ], [ 107.301399230957031, 21.731100082397461 ], [ 107.363296508789062, 21.604990005493164 ], [ 107.453903198242188, 21.658050537109375 ], [ 107.487197875976562, 21.641660690307617 ], [ 107.485801696777344, 21.597770690917969 ], [ 107.703903198242188, 21.624990463256836 ], [ 107.782798767089844, 21.667139053344727 ], [ 108.077499389648438, 21.481660842895508 ], [ 107.965301513671875, 21.430830001831055 ], [ 107.964698791503906, 21.474159240722656 ], [ 107.918601989746094, 21.444440841674805 ], [ 107.914100646972656, 21.522769927978516 ], [ 107.821403503417969, 21.523609161376953 ], [ 107.76080322265625, 21.437219619750977 ], [ 107.555496215820312, 21.292219161987305 ], [ 107.540298461914062, 21.325550079345703 ], [ 107.37249755859375, 21.271379470825195 ], [ 107.359397888183594, 21.227489471435547 ], [ 107.38690185546875, 21.17555046081543 ], [ 107.350799560546875, 21.007770538330078 ], [ 107.213897705078125, 20.991100311279297 ], [ 107.194999694824219, 20.931390762329102 ], [ 107.069099426269531, 20.951940536499023 ], [ 107.093002319335938, 21.008880615234375 ], [ 107.012802124023438, 20.98944091796875 ], [ 107.0072021484375, 20.947769165039062 ], [ 106.88580322265625, 20.978330612182617 ], [ 106.94110107421875, 20.900550842285156 ], [ 106.858299255371094, 20.871660232543945 ], [ 106.849998474121094, 20.912220001220703 ], [ 106.774696350097656, 20.935829162597656 ], [ 106.774101257324219, 20.967489242553711 ], [ 106.828598022460938, 20.971939086914062 ], [ 106.806900024414062, 21.006380081176758 ], [ 106.666099548339844, 21.002220153808594 ], [ 106.759696960449219, 20.932500839233398 ], [ 106.700302124023438, 20.868610382080078 ], [ 106.804702758789062, 20.674440383911133 ], [ 106.753303527832031, 20.705549240112305 ], [ 106.627799987792969, 20.614160537719727 ], [ 106.580299377441406, 20.543609619140625 ], [ 106.561897277832031, 20.458330154418945 ], [ 106.595298767089844, 20.437770843505859 ], [ 106.566703796386719, 20.283880233764648 ], [ 106.499801635742188, 20.302120208740234 ], [ 106.556900024414062, 20.267219543457031 ], [ 106.456100463867188, 20.207220077514648 ], [ 106.392799377441406, 20.214439392089844 ], [ 106.169700622558594, 19.983049392700195 ], [ 106.0718994140625, 19.959999084472656 ], [ 106.028602600097656, 19.995830535888672 ], [ 105.9541015625, 19.920829772949219 ], [ 105.930000305175781, 19.767499923706055 ], [ 105.862197875976562, 19.709720611572266 ], [ 105.823600769042969, 19.617490768432617 ], [ 105.809402465820312, 19.421659469604492 ], [ 105.767501831054688, 19.403879165649414 ], [ 105.8125, 19.297769546508789 ], [ 105.733001708984375, 19.228330612182617 ], [ 105.732200622558594, 19.099720001220703 ], [ 105.607498168945312, 19.004159927368164 ], [ 105.62969970703125, 18.916379928588867 ], [ 105.755203247070312, 18.770000457763672 ], [ 105.745201110839844, 18.722219467163086 ], [ 105.903900146484375, 18.478330612182617 ], [ 106.087997436523438, 18.290830612182617 ], [ 106.19830322265625, 18.241939544677734 ], [ 106.351097106933594, 18.11305046081543 ], [ 106.43499755859375, 18.119720458984375 ], [ 106.431900024414062, 18.066669464111328 ], [ 106.51080322265625, 17.953329086303711 ], [ 106.447196960449219, 17.831380844116211 ], [ 106.494102478027344, 17.71221923828125 ], [ 106.471099853515625, 17.700830459594727 ], [ 106.43499755859375, 17.731109619140625 ], [ 106.370201110839844, 17.702220916748047 ], [ 106.402999877929688, 17.677780151367188 ], [ 106.421897888183594, 17.713600158691406 ], [ 106.51080322265625, 17.66526985168457 ], [ 106.675003051757812, 17.429439544677734 ], [ 106.889999389648438, 17.240829467773438 ], [ 107.124702453613281, 17.069440841674805 ], [ 107.117202758789062, 17.011760711669922 ], [ 107.217796325683594, 16.902490615844727 ], [ 107.555000305175781, 16.629999160766602 ], [ 107.456596374511719, 16.655830383300781 ], [ 107.447196960449219, 16.63916015625 ], [ 107.542999267578125, 16.598049163818359 ], [ 107.647201538085938, 16.514720916748047 ], [ 107.700798034667969, 16.513330459594727 ], [ 107.838302612304688, 16.365829467773438 ], [ 107.791603088378906, 16.358049392700195 ], [ 107.846900939941406, 16.291379928588867 ], [ 107.928901672363281, 16.295270919799805 ], [ 107.932998657226562, 16.355270385742188 ], [ 107.997802734375, 16.316659927368164 ], [ 108.042999267578125, 16.340829849243164 ], [ 108.063003540039062, 16.281660079956055 ], [ 108.200798034667969, 16.203329086303711 ], [ 108.138298034667969, 16.146940231323242 ], [ 108.151901245117188, 16.103330612182617 ], [ 108.249198913574219, 16.032499313354492 ], [ 108.243896484375, 16.155269622802734 ], [ 108.315803527832031, 16.131380081176758 ], [ 108.259101867675781, 16.085550308227539 ], [ 108.270797729492188, 16.012779235839844 ], [ 108.384696960449219, 15.895000457763672 ], [ 108.492996215820312, 15.682499885559082 ], [ 108.643898010253906, 15.508609771728516 ], [ 108.679100036621094, 15.51471996307373 ], [ 108.626602172851562, 15.484720230102539 ], [ 108.627998352050781, 15.45221996307373 ], [ 108.667999267578125, 15.439999580383301 ], [ 108.691398620605469, 15.486109733581543 ], [ 108.787803649902344, 15.36361026763916 ], [ 108.811897277832031, 15.406390190124512 ], [ 108.886100769042969, 15.276670455932617 ], [ 108.946403503417969, 15.244720458984375 ], [ 108.899398803710938, 15.154999732971191 ], [ 108.862197875976562, 15.154999732971191 ], [ 108.961601257324219, 14.921110153198242 ], [ 109.083000183105469, 14.709719657897949 ], [ 109.080497741699219, 14.568889617919922 ], [ 109.13079833984375, 14.384719848632812 ], [ 109.229698181152344, 14.129159927368164 ], [ 109.169700622558594, 14.160829544067383 ], [ 109.272796630859375, 13.899720191955566 ], [ 109.30889892578125, 13.883609771728516 ], [ 109.298301696777344, 13.745829582214355 ], [ 109.267501831054688, 13.770830154418945 ], [ 109.239997863769531, 13.888330459594727 ], [ 109.240196228027344, 13.630000114440918 ], [ 109.288902282714844, 13.573060035705566 ], [ 109.211097717285156, 13.63722038269043 ], [ 109.340499877929688, 13.460829734802246 ], [ 109.303596496582031, 13.409159660339355 ], [ 109.295501708984375, 13.458330154418945 ], [ 109.2489013671875, 13.490830421447754 ], [ 109.230796813964844, 13.438610076904297 ], [ 109.287498474121094, 13.329719543457031 ], [ 109.289398193359375, 13.272500038146973 ], [ 109.312797546386719, 13.292499542236328 ], [ 109.324798583984375, 13.077589988708496 ], [ 109.440299987792969, 12.944999694824219 ], [ 109.459098815917969, 12.853050231933594 ], [ 109.370498657226562, 12.821390151977539 ], [ 109.425003051757812, 12.692779541015625 ], [ 109.441398620605469, 12.591939926147461 ], [ 109.413597106933594, 12.666939735412598 ], [ 109.376602172851562, 12.663610458374023 ], [ 109.38690185546875, 12.718050003051758 ], [ 109.344703674316406, 12.791110038757324 ], [ 109.197196960449219, 12.629719734191895 ], [ 109.235298156738281, 12.52554988861084 ], [ 109.346900939941406, 12.390549659729004 ], [ 109.294700622558594, 12.346659660339355 ], [ 109.205802917480469, 12.440279960632324 ], [ 109.159103393554688, 12.445269584655762 ], [ 109.206596374511719, 12.38778018951416 ], [ 109.222198486328125, 12.044440269470215 ], [ 109.282798767089844, 11.962770462036133 ], [ 109.276603698730469, 11.861109733581543 ], [ 109.215499877929688, 11.884719848632812 ], [ 109.190498352050781, 12.095549583435059 ], [ 109.189102172851562, 11.92555046081543 ], [ 109.136398315429688, 11.893329620361328 ], [ 109.126602172851562, 11.836669921875 ], [ 109.153602600097656, 11.818329811096191 ], [ 109.201400756835938, 11.869440078735352 ], [ 109.245498657226562, 11.724720001220703 ], [ 109.133003234863281, 11.566940307617188 ], [ 109.019401550292969, 11.615830421447754 ], [ 109.024101257324219, 11.357780456542969 ], [ 108.957496643066406, 11.308050155639648 ], [ 108.805000305175781, 11.314169883728027 ], [ 108.715301513671875, 11.166939735412598 ], [ 108.637199401855469, 11.184160232543945 ], [ 108.51300048828125, 11.132220268249512 ], [ 108.478599548339844, 11.048890113830566 ], [ 108.371597290039062, 11.019720077514648 ], [ 108.341102600097656, 10.949159622192383 ], [ 108.205497741699219, 10.941940307617188 ], [ 108.074699401855469, 10.881939888000488 ], [ 107.997802734375, 10.699159622192383 ], [ 107.969703674316406, 10.703889846801758 ], [ 107.686897277832031, 10.619720458984375 ], [ 107.513603210449219, 10.500829696655273 ], [ 107.252799987792969, 10.376110076904297 ], [ 107.171096801757812, 10.476940155029297 ], [ 107.027999877929688, 10.478329658508301 ], [ 107.037803649902344, 10.540280342102051 ], [ 107.017501831054688, 10.616390228271484 ], [ 107.021598815917969, 10.545550346374512 ], [ 106.966400146484375, 10.466110229492188 ], [ 106.938003540039062, 10.600279808044434 ], [ 106.771400451660156, 10.684439659118652 ], [ 106.754997253417969, 10.673609733581543 ], [ 106.734199523925781, 10.511110305786133 ], [ 106.664100646972656, 10.491660118103027 ], [ 106.589103698730469, 10.439720153808594 ], [ 106.577499389648438, 10.481419563293457 ], [ 106.588302612304688, 10.429439544677734 ], [ 106.738601684570312, 10.469440460205078 ], [ 106.793601989746094, 10.379719734191895 ], [ 106.777198791503906, 10.272780418395996 ], [ 106.432197570800781, 10.304719924926758 ], [ 106.721099853515625, 10.195549964904785 ], [ 106.803901672363281, 10.128890037536621 ], [ 106.776397705078125, 10.079999923706055 ], [ 106.638298034667969, 9.970552444458008 ], [ 106.473899841308594, 10.046389579772949 ], [ 106.363601684570312, 10.210829734802246 ], [ 106.32330322265625, 10.234999656677246 ], [ 106.490798950195312, 10.007769584655762 ], [ 106.566902160644531, 9.974720001220703 ], [ 106.6947021484375, 9.880275726318359 ], [ 106.681602478027344, 9.849163055419922 ], [ 106.612197875976562, 9.808886528015137 ], [ 106.582496643066406, 9.821941375732422 ], [ 106.363899230957031, 9.998331069946289 ], [ 106.171699523925781, 10.201109886169434 ], [ 106.11419677734375, 10.229439735412598 ], [ 106.18609619140625, 10.125550270080566 ], [ 106.577201843261719, 9.727775573730469 ], [ 106.5718994140625, 9.63499641418457 ], [ 106.499702453613281, 9.548051834106445 ], [ 106.386398315429688, 9.538330078125 ], [ 106.161399841308594, 9.710552215576172 ], [ 105.971397399902344, 9.917497634887695 ], [ 105.82550048828125, 10.005550384521484 ], [ 106.059700012207031, 9.756940841674805 ], [ 106.209701538085938, 9.514442443847656 ], [ 106.206596374511719, 9.467775344848633 ], [ 106.164100646972656, 9.412220001220703 ], [ 106.192703247070312, 9.400274276733398 ], [ 106.17669677734375, 9.356107711791992 ], [ 105.596900939941406, 9.153055191040039 ], [ 105.464401245117188, 9.060274124145508 ], [ 105.331398010253906, 8.805553436279297 ], [ 105.124702453613281, 8.625829696655273 ], [ 104.94329833984375, 8.574163436889648 ], [ 104.725799560546875, 8.596940994262695 ], [ 104.720802307128906, 8.613885879516602 ], [ 104.821098327636719, 8.651664733886719 ], [ 104.866401672363281, 8.695833206176758 ], [ 104.847198486328125, 8.723052978515625 ], [ 104.902496337890625, 8.727499008178711 ], [ 104.931900024414062, 8.821109771728516 ], [ 104.817497253417969, 8.767498016357422 ], [ 104.797203063964844, 8.795553207397461 ], [ 104.8135986328125, 8.874719619750977 ], [ 104.814002990722656, 9.187122344970703 ], [ 104.836898803710938, 9.55999755859375 ], [ 104.901397705078125, 9.8155517578125 ], [ 105.044998168945312, 9.931386947631836 ], [ 105.084999084472656, 9.934443473815918 ], [ 105.099700927734375, 9.888884544372559 ], [ 105.07330322265625, 10.011659622192383 ], [ 104.977203369140625, 10.108329772949219 ], [ 104.88580322265625, 10.099160194396973 ], [ 104.791397094726562, 10.21444034576416 ], [ 104.714996337890625, 10.229160308837891 ], [ 104.671897888183594, 10.171110153198242 ], [ 104.606903076171875, 10.146659851074219 ], [ 104.576103210449219, 10.277219772338867 ], [ 104.538002014160156, 10.281109809875488 ], [ 104.501899719238281, 10.375550270080566 ], [ 104.45159912109375, 10.370269775390625 ], [ 104.448402404785156, 10.422499656677246 ], [ 104.598602294921875, 10.534159660339355 ], [ 104.821403503417969, 10.520000457763672 ], [ 104.8905029296875, 10.539999961853027 ], [ 105.099700927734375, 10.72638988494873 ], [ 105.066398620605469, 10.781390190124512 ], [ 105.043601989746094, 10.901390075683594 ], [ 105.109100341796875, 10.955550193786621 ], [ 105.355499267578125, 10.846659660339355 ], [ 105.429702758789062, 10.966110229492188 ], [ 105.467201232910156, 10.954999923706055 ], [ 105.75830078125, 11.021389961242676 ], [ 105.791603088378906, 11.007220268249512 ], [ 105.870201110839844, 10.851659774780273 ], [ 105.932998657226562, 10.833609580993652 ], [ 105.957496643066406, 10.899999618530273 ], [ 106.203300476074219, 10.770549774169922 ], [ 106.145797729492188, 10.915550231933594 ], [ 106.155197143554688, 10.975830078125 ], [ 106.214401245117188, 10.975549697875977 ], [ 106.159103393554688, 11.093890190124512 ], [ 106.074699401855469, 11.106659889221191 ], [ 105.869697570800781, 11.296939849853516 ], [ 105.899101257324219, 11.448049545288086 ], [ 105.818199157714844, 11.596440315246582 ], [ 105.821403503417969, 11.620829582214355 ], [ 105.966598510742188, 11.646389961242676 ], [ 106.039100646972656, 11.776390075683594 ], [ 106.19000244140625, 11.749159812927246 ], [ 106.458503723144531, 11.664560317993164 ], [ 106.423599243164062, 11.767499923706055 ], [ 106.471298217773438, 11.869460105895996 ], [ 106.420196533203125, 11.973609924316406 ], [ 106.730300903320312, 11.975830078125 ], [ 106.781898498535156, 12.065830230712891 ], [ 106.978897094726562, 12.084440231323242 ], [ 107.166900634765625, 12.277779579162598 ], [ 107.318901062011719, 12.329440116882324 ], [ 107.440803527832031, 12.253609657287598 ], [ 107.548896789550781, 12.356389999389648 ], [ 107.583000183105469, 12.5 ], [ 107.567703247070312, 12.802220344543457 ], [ 107.509696960449219, 12.882499694824219 ], [ 107.495796203613281, 13.005550384521484 ], [ 107.636398315429688, 13.381660461425781 ], [ 107.628898620605469, 13.542779922485352 ], [ 107.46240234375, 13.796210289001465 ], [ 107.474296569824219, 13.930009841918945 ], [ 107.445503234863281, 14.005000114440918 ], [ 107.385200500488281, 14.002779960632324 ], [ 107.367996215820312, 14.033889770507812 ], [ 107.383903503417969, 14.260829925537109 ], [ 107.416099548339844, 14.429439544677734 ], [ 107.478302001953125, 14.430830001831055 ], [ 107.535499572753906, 14.556940078735352 ], [ 107.5458984375, 14.704959869384766 ], [ 107.513603210449219, 14.803609848022461 ], [ 107.584701538085938, 14.899439811706543 ], [ 107.477996826171875, 14.973609924316406 ], [ 107.479698181152344, 15.037779808044434 ], [ 107.580001831054688, 15.044159889221191 ], [ 107.695198059082031, 15.270830154418945 ], [ 107.459098815917969, 15.511110305786133 ], [ 107.2615966796875, 15.650270462036133 ], [ 107.25360107421875, 15.72638988494873 ], [ 107.187698364257812, 15.759440422058105 ], [ 107.175003051757812, 15.795000076293945 ], [ 107.206596374511719, 15.861390113830566 ], [ 107.398300170898438, 15.91388988494873 ], [ 107.466598510742188, 16.008890151977539 ], [ 107.460502624511719, 16.082490921020508 ], [ 107.334098815917969, 16.056940078735352 ], [ 107.154403686523438, 16.197769165039062 ], [ 107.148902893066406, 16.260829925537109 ], [ 107.091102600097656, 16.30194091796875 ], [ 106.989097595214844, 16.297769546508789 ], [ 106.907203674316406, 16.392490386962891 ], [ 106.885200500488281, 16.532489776611328 ], [ 106.847999572753906, 16.537220001220703 ], [ 106.784202575683594, 16.453559875488281 ], [ 106.734703063964844, 16.430549621582031 ], [ 106.674400329589844, 16.478599548339844 ], [ 106.633003234863281, 16.604990005493164 ], [ 106.586799621582031, 16.627090454101562 ], [ 106.556297302246094, 16.899980545043945 ], [ 106.56109619140625, 16.996940612792969 ], [ 106.471099853515625, 16.982490539550781 ], [ 106.361396789550781, 17.135549545288086 ], [ 106.335502624511719, 17.234159469604492 ], [ 106.287498474121094, 17.293889999389648 ], [ 106.25360107421875, 17.245819091796875 ], [ 106.211601257324219, 17.261659622192383 ], [ 106.043601989746094, 17.402769088745117 ], [ 105.858596801757812, 17.620550155639648 ], [ 105.785003662109375, 17.659439086914062 ], [ 105.614997863769531, 17.871379852294922 ], [ 105.624702453613281, 17.947769165039062 ], [ 105.499702453613281, 18.179990768432617 ], [ 105.433601379394531, 18.207769393920898 ], [ 105.383003234863281, 18.160270690917969 ], [ 105.18499755859375, 18.318330764770508 ], [ 105.191596984863281, 18.378330230712891 ], [ 105.13189697265625, 18.409990310668945 ], [ 105.103302001953125, 18.466930389404297 ], [ 105.149398803710938, 18.599720001220703 ], [ 105.189697265625, 18.602489471435547 ], [ 105.193801879882812, 18.642490386962891 ], [ 105.1343994140625, 18.706380844116211 ], [ 104.957496643066406, 18.738880157470703 ], [ 104.672203063964844, 18.836940765380859 ], [ 104.520797729492188, 18.979429244995117 ], [ 104.453598022460938, 18.981100082397461 ], [ 104.223899841308594, 19.132490158081055 ], [ 103.879096984863281, 19.293430328369141 ], [ 103.987701416015625, 19.399160385131836 ], [ 104.069801330566406, 19.409830093383789 ], [ 104.12249755859375, 19.497219085693359 ], [ 104.036598205566406, 19.611099243164062 ], [ 104.040397644042969, 19.694440841674805 ] ] ] } }
]
}
