{
"type": "FeatureCollection",
"name": "southasia_boundary",
"crs": { "type": "name", "properties": { "name": "urn:ogc:def:crs:OGC:1.3:CRS84" } },
"features": [
{ "type": "Feature", "properties": { "NAME": "Afghanistan", "GMI_CNTRY": "AFG", "REGION": "Asia" }, "geometry": { "type": "Polygon", "coordinates": [ [ [ 65.627296447753906, 37.333198547363281 ], [ 65.646926879882812, 37.458881378173828 ], [ 65.701370239257812, 37.536930084228516 ], [ 65.766082763671875, 37.534160614013672 ], [ 65.7855224609375, 37.568878173828125 ], [ 66.302749633789062, 37.323600769042969 ], [ 66.538764953613281, 37.360511779785156 ], [ 66.586906433105469, 37.368038177490234 ], [ 66.665252685546875, 37.338321685791016 ], [ 66.744422912597656, 37.361370086669922 ], [ 67.021636962890625, 37.377201080322266 ], [ 67.20025634765625, 37.246650695800781 ], [ 67.229423522949219, 37.191928863525391 ], [ 67.266372680664062, 37.185260772705078 ], [ 67.424407958984375, 37.234989166259766 ], [ 67.521636962890625, 37.272480010986328 ], [ 67.557456970214844, 37.215541839599609 ], [ 67.649406433105469, 37.246089935302734 ], [ 67.774139404296875, 37.206089019775391 ], [ 67.777153015136719, 37.185798645019531 ], [ 67.791641235351562, 37.088321685791016 ], [ 67.885528564453125, 37.061370849609375 ], [ 67.9105224609375, 37.014430999755859 ], [ 68.0355224609375, 36.924709320068359 ], [ 68.283309936523438, 37.019981384277344 ], [ 68.278312683105469, 37.086929321289062 ], [ 68.301643371582031, 37.111099243164062 ], [ 68.413017272949219, 37.10443115234375 ], [ 68.412193298339844, 37.148040771484375 ], [ 68.524978637695312, 37.161930084228516 ], [ 68.654693603515625, 37.246929168701172 ], [ 68.825813293457031, 37.247760772705078 ], [ 68.809402465820312, 37.322490692138672 ], [ 68.850250244140625, 37.324710845947266 ], [ 68.90496826171875, 37.272209167480469 ], [ 68.924407958984375, 37.284709930419922 ], [ 68.891647338867188, 37.317489624023438 ], [ 68.999687194824219, 37.307758331298828 ], [ 69.246627807617188, 37.094150543212891 ], [ 69.333038330078125, 37.124980926513672 ], [ 69.451370239257812, 37.22998046875 ], [ 69.38134765625, 37.344150543212891 ], [ 69.382736206054688, 37.455818176269531 ], [ 69.51580810546875, 37.580818176269531 ], [ 69.91802978515625, 37.611930847167969 ], [ 69.958587646484375, 37.564990997314453 ], [ 70.134979248046875, 37.529148101806641 ], [ 70.255538940429688, 37.621089935302734 ], [ 70.27691650390625, 37.741371154785156 ], [ 70.16552734375, 37.872211456298828 ], [ 70.170242309570312, 37.941650390625 ], [ 70.203857421875, 37.920539855957031 ], [ 70.378303527832031, 38.057758331298828 ], [ 70.491912841796875, 38.167209625244141 ], [ 70.58441162109375, 38.278591156005859 ], [ 70.596359252929688, 38.334148406982422 ], [ 70.685516357421875, 38.375259399414062 ], [ 70.672203063964844, 38.4144287109375 ], [ 70.880523681640625, 38.453041076660156 ], [ 71.101913452148438, 38.406089782714844 ], [ 71.363021850585938, 38.248870849609375 ], [ 71.363861083984375, 38.188030242919922 ], [ 71.284698486328125, 38.019981384277344 ], [ 71.264137268066406, 37.918048858642578 ], [ 71.374679565429688, 37.905818939208984 ], [ 71.546356201171875, 37.942478179931641 ], [ 71.5919189453125, 37.903041839599609 ], [ 71.588577270507812, 37.816089630126953 ], [ 71.528846740722656, 37.764430999755859 ], [ 71.490249633789062, 37.284160614013672 ], [ 71.446907043457031, 37.207759857177734 ], [ 71.43218994140625, 37.058589935302734 ], [ 71.568313598632812, 36.741371154785156 ], [ 71.695236206054688, 36.672210693359375 ], [ 71.842742919921875, 36.692478179931641 ], [ 72.011367797851562, 36.812198638916016 ], [ 72.346626281738281, 36.989978790283203 ], [ 72.663589477539062, 37.026088714599609 ], [ 72.798858642578125, 37.22998046875 ], [ 73.08135986328125, 37.320541381835938 ], [ 73.150527954101562, 37.400821685791016 ], [ 73.314407348632812, 37.463321685791016 ], [ 73.776641845703125, 37.434429168701172 ], [ 73.752761840820312, 37.331378936767578 ], [ 73.649406433105469, 37.304428100585938 ], [ 73.619956970214844, 37.262760162353516 ], [ 73.634407043457031, 37.239978790283203 ], [ 73.792472839355469, 37.229419708251953 ], [ 74.363861083984375, 37.428600311279297 ], [ 74.400802612304688, 37.399429321289062 ], [ 74.699691772460938, 37.391929626464844 ], [ 74.898826599121094, 37.240299224853516 ], [ 74.816932678222656, 37.219150543212891 ], [ 74.763313293457031, 37.301090240478516 ], [ 74.669418334960938, 37.266101837158203 ], [ 74.651077270507812, 37.234710693359375 ], [ 74.537193298339844, 37.243038177490234 ], [ 74.392196655273438, 37.175258636474609 ], [ 74.400527954101562, 37.139148712158203 ], [ 74.5677490234375, 37.026470184326172 ], [ 74.558006286621094, 36.965259552001953 ], [ 74.482192993164062, 37.011100769042969 ], [ 74.336906433105469, 36.958881378173828 ], [ 74.251922607421875, 36.899429321289062 ], [ 74.158859252929688, 36.906650543212891 ], [ 74.062179565429688, 36.821659088134766 ], [ 73.963027954101562, 36.837760925292969 ], [ 73.779693603515625, 36.901088714599609 ], [ 73.113021850585938, 36.873870849609375 ], [ 72.492462158203125, 36.771930694580078 ], [ 72.181640625, 36.714710235595703 ], [ 72.191642761230469, 36.657199859619141 ], [ 72.07330322265625, 36.628868103027344 ], [ 72.074691772460938, 36.589420318603516 ], [ 71.795806884765625, 36.491928100585938 ], [ 71.8177490234375, 36.416660308837891 ], [ 71.753036499023438, 36.407489776611328 ], [ 71.646636962890625, 36.468040466308594 ], [ 71.563018798828125, 36.372478485107422 ], [ 71.582748413085938, 36.335819244384766 ], [ 71.248580932617188, 36.133041381835938 ], [ 71.188018798828125, 36.047210693359375 ], [ 71.29107666015625, 35.968589782714844 ], [ 71.380523681640625, 35.946090698242188 ], [ 71.545242309570312, 35.711101531982422 ], [ 71.508590698242188, 35.626651763916016 ], [ 71.613861083984375, 35.561931610107422 ], [ 71.606918334960938, 35.481929779052734 ], [ 71.647201538085938, 35.436939239501953 ], [ 71.54913330078125, 35.328319549560547 ], [ 71.553573608398438, 35.289150238037109 ], [ 71.659126281738281, 35.207489013671875 ], [ 71.618026733398438, 35.131370544433594 ], [ 71.543296813964844, 35.094699859619141 ], [ 71.496078491210938, 34.959430694580078 ], [ 71.313858032226562, 34.886928558349609 ], [ 71.225517272949219, 34.744430541992188 ], [ 71.095809936523438, 34.676651000976562 ], [ 71.094970703125, 34.568050384521484 ], [ 70.995796203613281, 34.558589935302734 ], [ 70.97802734375, 34.510818481445312 ], [ 71.073028564453125, 34.394149780273438 ], [ 71.153312683105469, 34.361370086669922 ], [ 71.135528564453125, 34.166088104248047 ], [ 70.9810791015625, 34.008880615234375 ], [ 70.905532836914062, 34.013320922851562 ], [ 70.900527954101562, 33.973590850830078 ], [ 70.491348266601562, 33.943038940429688 ], [ 69.902763366699219, 34.031101226806641 ], [ 69.907470703125, 33.881931304931641 ], [ 69.985519409179688, 33.753040313720703 ], [ 70.132736206054688, 33.735538482666016 ], [ 70.196617126464844, 33.640819549560547 ], [ 70.197738647460938, 33.485820770263672 ], [ 70.306083679199219, 33.396099090576172 ], [ 70.326919555664062, 33.331939697265625 ], [ 70.144973754882812, 33.202491760253906 ], [ 70.0677490234375, 33.204990386962891 ], [ 70.033576965332031, 33.139430999755859 ], [ 69.881072998046875, 33.089981079101562 ], [ 69.791351318359375, 33.126941680908203 ], [ 69.561080932617188, 33.081928253173828 ], [ 69.492462158203125, 33.008598327636719 ], [ 69.5152587890625, 32.873878479003906 ], [ 69.394973754882812, 32.773868560791016 ], [ 69.456916809082031, 32.682209014892578 ], [ 69.397750854492188, 32.587760925292969 ], [ 69.287483215332031, 32.526378631591797 ], [ 69.248016357421875, 32.443870544433594 ], [ 69.283042907714844, 32.217769622802734 ], [ 69.287483215332031, 32.069149017333984 ], [ 69.3338623046875, 31.943889617919922 ], [ 69.029693603515625, 31.645549774169922 ], [ 68.833038330078125, 31.603879928588867 ], [ 68.731918334960938, 31.699440002441406 ], [ 68.712478637695312, 31.778879165649414 ], [ 68.547470092773438, 31.829160690307617 ], [ 68.444122314453125, 31.794719696044922 ], [ 68.447738647460938, 31.772769927978516 ], [ 68.571640014648438, 31.765270233154297 ], [ 68.537750244140625, 31.726659774780273 ], [ 68.221626281738281, 31.815589904785156 ], [ 68.16607666015625, 31.833049774169922 ], [ 67.98052978515625, 31.635829925537109 ], [ 67.887481689453125, 31.639989852905273 ], [ 67.738021850585938, 31.530830383300781 ], [ 67.581092834472656, 31.533599853515625 ], [ 67.6463623046875, 31.409990310668945 ], [ 67.766921997070312, 31.411100387573242 ], [ 67.799697875976562, 31.382490158081055 ], [ 67.791923522949219, 31.341100692749023 ], [ 67.288017272949219, 31.213600158691406 ], [ 67.256362915039062, 31.222490310668945 ], [ 67.0697021484375, 31.239160537719727 ], [ 67.034698486328125, 31.254440307617188 ], [ 67.051643371582031, 31.297779083251953 ], [ 67.036911010742188, 31.318609237670898 ], [ 66.891647338867188, 31.296100616455078 ], [ 66.7230224609375, 31.212209701538086 ], [ 66.684127807617188, 31.086109161376953 ], [ 66.566360473632812, 30.97776985168457 ], [ 66.40496826171875, 30.946109771728516 ], [ 66.28192138671875, 30.57526969909668 ], [ 66.350250244140625, 30.450550079345703 ], [ 66.259696960449219, 30.114160537719727 ], [ 66.238296508789062, 30.071380615234375 ], [ 66.361358642578125, 29.966100692749023 ], [ 66.256637573242188, 29.851940155029297 ], [ 65.417472839355469, 29.64055061340332 ], [ 65.034126281738281, 29.541099548339844 ], [ 64.695510864257812, 29.586380004882812 ], [ 64.273857116699219, 29.523889541625977 ], [ 64.193023681640625, 29.487489700317383 ], [ 64.13134765625, 29.394159317016602 ], [ 63.587200164794922, 29.503879547119141 ], [ 62.786930084228516, 29.433879852294922 ], [ 62.484428405761719, 29.406099319458008 ], [ 61.743598937988281, 29.615829467773438 ], [ 60.993869781494141, 29.826099395751953 ], [ 60.866870880126953, 29.862430572509766 ], [ 61.253040313720703, 30.259990692138672 ], [ 61.812759399414062, 30.843610763549805 ], [ 61.803871154785156, 30.945819854736328 ], [ 61.847209930419922, 31.048879623413086 ], [ 61.765819549560547, 31.245269775390625 ], [ 61.771099090576172, 31.318330764770508 ], [ 61.713600158691406, 31.383329391479492 ], [ 61.619430541992188, 31.395820617675781 ], [ 60.843868255615234, 31.498329162597656 ], [ 60.810260772705078, 31.873600006103516 ], [ 60.857769012451172, 32.234718322753906 ], [ 60.741649627685547, 32.578868865966797 ], [ 60.581928253173828, 33.071659088134766 ], [ 60.591091156005859, 33.163040161132812 ], [ 60.851650238037109, 33.418048858642578 ], [ 60.858318328857422, 33.493869781494141 ], [ 60.928600311279297, 33.504428863525391 ], [ 60.901649475097656, 33.554428100585938 ], [ 60.649150848388672, 33.574989318847656 ], [ 60.522758483886719, 33.653041839599609 ], [ 60.505260467529297, 33.739151000976562 ], [ 60.554149627685547, 33.813320159912109 ], [ 60.521369934082031, 33.999149322509766 ], [ 60.513599395751953, 34.150821685791016 ], [ 60.671649932861328, 34.3135986328125 ], [ 60.911090850830078, 34.316379547119141 ], [ 60.897769927978516, 34.345821380615234 ], [ 60.756649017333984, 34.483318328857422 ], [ 60.733600616455078, 34.541660308837891 ], [ 60.863601684570312, 34.576389312744141 ], [ 61.065261840820312, 34.812759399414062 ], [ 61.113880157470703, 35.201648712158203 ], [ 61.10443115234375, 35.279148101806641 ], [ 61.186100006103516, 35.296939849853516 ], [ 61.239151000976562, 35.481090545654297 ], [ 61.277759552001953, 35.520259857177734 ], [ 61.278720855712891, 35.60675048828125 ], [ 61.365821838378906, 35.63970947265625 ], [ 61.464988708496094, 35.527210235595703 ], [ 61.576648712158203, 35.450820922851562 ], [ 61.802478790283203, 35.411090850830078 ], [ 61.972209930419922, 35.459980010986328 ], [ 62.100818634033203, 35.394710540771484 ], [ 62.259159088134766, 35.297771453857422 ], [ 62.305538177490234, 35.145538330078125 ], [ 62.459430694580078, 35.286380767822266 ], [ 62.623310089111328, 35.224979400634766 ], [ 63.110538482666016, 35.481369018554688 ], [ 63.095260620117188, 35.626091003417969 ], [ 63.238880157470703, 35.695529937744141 ], [ 63.104160308837891, 35.825820922851562 ], [ 63.119430541992188, 35.861930847167969 ], [ 63.317211151123047, 35.852210998535156 ], [ 63.53887939453125, 35.909709930419922 ], [ 63.595539093017578, 35.962200164794922 ], [ 63.933868408203125, 36.039150238037109 ], [ 64.063858032226562, 36.000270843505859 ], [ 64.0596923828125, 36.088039398193359 ], [ 64.169418334960938, 36.167488098144531 ], [ 64.282470703125, 36.151920318603516 ], [ 64.321640014648438, 36.216381072998047 ], [ 64.4588623046875, 36.247211456298828 ], [ 64.570533752441406, 36.356380462646484 ], [ 64.62774658203125, 36.459980010986328 ], [ 64.615249633789062, 36.629428863525391 ], [ 64.795242309570312, 36.923038482666016 ], [ 64.779136657714844, 37.095821380615234 ], [ 64.798019409179688, 37.124980926513672 ], [ 65.072746276855469, 37.244430541992188 ], [ 65.530807495117188, 37.248600006103516 ], [ 65.627296447753906, 37.333198547363281 ] ] ] } },
{ "type": "Feature", "properties": { "NAME": "Bangladesh", "GMI_CNTRY": "BGD", "REGION": "Asia" }, "geometry": { "type": "MultiPolygon", "coordinates": [ [ [ [ 90.648857116699219, 21.991100311279297 ], [ 90.6463623046875, 22.028879165649414 ], [ 90.60302734375, 22.027219772338867 ], [ 90.68359375, 22.375 ], [ 90.64276123046875, 22.553049087524414 ], [ 90.556922912597656, 22.605270385742188 ], [ 90.573593139648438, 22.747489929199219 ], [ 90.5938720703125, 22.775550842285156 ], [ 90.679977416992188, 22.775270462036133 ], [ 90.710823059082031, 22.655269622802734 ], [ 90.864700317382812, 22.494440078735352 ], [ 90.875259399414062, 22.41193962097168 ], [ 90.773033142089844, 22.073600769042969 ], [ 90.648857116699219, 21.991100311279297 ] ] ], [ [ [ 89.007980346679688, 26.230169296264648 ], [ 89.05523681640625, 26.242490768432617 ], [ 88.99468994140625, 26.335550308227539 ], [ 88.91802978515625, 26.367769241333008 ], [ 88.953857421875, 26.446109771728516 ], [ 89.074691772460938, 26.384990692138672 ], [ 89.149406433105469, 26.141939163208008 ], [ 89.4327392578125, 25.998329162597656 ], [ 89.51275634765625, 26.003599166870117 ], [ 89.553016662597656, 25.962209701538086 ], [ 89.636367797851562, 26.070829391479492 ], [ 89.589141845703125, 26.153600692749023 ], [ 89.629959106445312, 26.223329544067383 ], [ 89.673576354980469, 26.228330612182617 ], [ 89.8536376953125, 25.955959320068359 ], [ 89.861648559570312, 25.943859100341797 ], [ 89.863296508789062, 25.941379547119141 ], [ 89.853439331054688, 25.894750595092773 ], [ 89.826553344726562, 25.767400741577148 ], [ 89.82025146484375, 25.737489700317383 ], [ 89.863296508789062, 25.647489547729492 ], [ 89.814407348632812, 25.373880386352539 ], [ 89.837753295898438, 25.296100616455078 ], [ 90.3277587890625, 25.184989929199219 ], [ 90.412483215332031, 25.148880004882812 ], [ 90.776077270507812, 25.17609977722168 ], [ 90.821640014648438, 25.14971923828125 ], [ 91.25775146484375, 25.207769393920898 ], [ 91.475799560546875, 25.139429092407227 ], [ 92.003036499023438, 25.181930541992188 ], [ 92.093582153320312, 25.177490234375 ], [ 92.402191162109375, 25.033330917358398 ], [ 92.496612548828125, 24.889930725097656 ], [ 92.389419555664062, 24.857770919799805 ], [ 92.281646728515625, 24.907220840454102 ], [ 92.248016357421875, 24.896379470825195 ], [ 92.248580932617188, 24.742490768432617 ], [ 92.135246276855469, 24.414159774780273 ], [ 92.0980224609375, 24.378879547119141 ], [ 91.974693298339844, 24.378879547119141 ], [ 91.99774169921875, 24.32611083984375 ], [ 91.946617126464844, 24.34943962097168 ], [ 91.917739868164062, 24.32666015625 ], [ 91.932456970214844, 24.275550842285156 ], [ 91.899978637695312, 24.156940460205078 ], [ 91.846359252929688, 24.181379318237305 ], [ 91.789138793945312, 24.228050231933594 ], [ 91.75775146484375, 24.239160537719727 ], [ 91.7552490234375, 24.158330917358398 ], [ 91.714691162109375, 24.148880004882812 ], [ 91.657203674316406, 24.224159240722656 ], [ 91.631637573242188, 24.11305046081543 ], [ 91.482192993164062, 24.090549468994141 ], [ 91.404693603515625, 24.110549926757812 ], [ 91.370796203613281, 24.097770690917969 ], [ 91.376068115234375, 24.033880233764648 ], [ 91.361076354980469, 23.995269775390625 ], [ 91.273857116699219, 23.97443962097168 ], [ 91.159126281738281, 23.653049468994141 ], [ 91.282203674316406, 23.373329162597656 ], [ 91.339973449707031, 23.104990005493164 ], [ 91.403579711914062, 23.074440002441406 ], [ 91.377456665039062, 23.206939697265625 ], [ 91.392753601074219, 23.263330459594727 ], [ 91.426071166992188, 23.261940002441406 ], [ 91.500259399414062, 23.147489547729492 ], [ 91.546630859375, 23.003049850463867 ], [ 91.61358642578125, 22.943050384521484 ], [ 91.809967041015625, 23.074440002441406 ], [ 91.795242309570312, 23.194990158081055 ], [ 91.767196655273438, 23.256660461425781 ], [ 91.844970703125, 23.410270690917969 ], [ 91.952468872070312, 23.479990005493164 ], [ 91.96746826171875, 23.51276969909668 ], [ 91.94580078125, 23.722770690917969 ], [ 92.004966735839844, 23.678329467773438 ], [ 92.030532836914062, 23.645269393920898 ], [ 92.174407958984375, 23.73628044128418 ], [ 92.206916809082031, 23.654439926147461 ], [ 92.227188110351562, 23.659709930419922 ], [ 92.252197265625, 23.722490310668945 ], [ 92.288856506347656, 23.696109771728516 ], [ 92.311897277832031, 23.52638053894043 ], [ 92.383590698242188, 23.284719467163086 ], [ 92.348587036132812, 23.223609924316406 ], [ 92.394416809082031, 22.917770385742188 ], [ 92.459701538085938, 22.85331916809082 ], [ 92.468582153320312, 22.761669158935547 ], [ 92.514686584472656, 22.721939086914062 ], [ 92.604423522949219, 22.151660919189453 ], [ 92.562469482421875, 22.138050079345703 ], [ 92.601303100585938, 21.982170104980469 ], [ 92.636917114257812, 21.39109992980957 ], [ 92.669418334960938, 21.296939849853516 ], [ 92.607467651367188, 21.25054931640625 ], [ 92.585250854492188, 21.263330459594727 ], [ 92.553573608398438, 21.373600006103516 ], [ 92.46746826171875, 21.359989166259766 ], [ 92.420516967773438, 21.382219314575195 ], [ 92.41607666015625, 21.434719085693359 ], [ 92.376907348632812, 21.474159240722656 ], [ 92.201637268066406, 21.342489242553711 ], [ 92.19329833984375, 21.179159164428711 ], [ 92.263198852539062, 21.054470062255859 ], [ 92.263313293457031, 20.919160842895508 ], [ 92.331916809082031, 20.767490386962891 ], [ 92.310256958007812, 20.748600006103516 ], [ 92.237197875976562, 20.878599166870117 ], [ 92.053863525390625, 21.152490615844727 ], [ 91.962196350097656, 21.448329925537109 ], [ 91.991928100585938, 21.550830841064453 ], [ 92.0213623046875, 21.602489471435547 ], [ 92.014976501464844, 21.661659240722656 ], [ 91.979141235351562, 21.651939392089844 ], [ 91.961090087890625, 21.682220458984375 ], [ 91.947479248046875, 21.740270614624023 ], [ 91.984703063964844, 21.761940002441406 ], [ 91.895248413085938, 21.778329849243164 ], [ 91.909698486328125, 21.867219924926758 ], [ 91.861923217773438, 22.080270767211914 ], [ 91.801933288574219, 22.301389694213867 ], [ 91.692466735839844, 22.498889923095703 ], [ 91.479141235351562, 22.748329162597656 ], [ 91.478866577148438, 22.842779159545898 ], [ 91.3721923828125, 22.740829467773438 ], [ 91.324417114257812, 22.717769622802734 ], [ 91.211639404296875, 22.724990844726562 ], [ 91.184417724609375, 22.715829849243164 ], [ 91.262191772460938, 22.63776969909668 ], [ 91.242752075195312, 22.59943962097168 ], [ 91.099983215332031, 22.580829620361328 ], [ 91.008033752441406, 22.680269241333008 ], [ 91.034416198730469, 22.58860969543457 ], [ 90.946090698242188, 22.579999923706055 ], [ 90.780258178710938, 22.759159088134766 ], [ 90.623870849609375, 23.058610916137695 ], [ 90.662200927734375, 23.274169921875 ], [ 90.624153137207031, 23.320829391479492 ], [ 90.593032836914062, 23.378599166870117 ], [ 90.609703063964844, 23.476100921630859 ], [ 90.701370239257812, 23.482770919799805 ], [ 90.691093444824219, 23.507219314575195 ], [ 90.598587036132812, 23.490270614624023 ], [ 90.586639404296875, 23.546670913696289 ], [ 90.628860473632812, 23.59889030456543 ], [ 90.55914306640625, 23.579719543457031 ], [ 90.573593139648438, 23.546659469604492 ], [ 90.579147338867188, 23.515829086303711 ], [ 90.550262451171875, 23.383880615234375 ], [ 90.25164794921875, 23.459999084472656 ], [ 90.339706420898438, 23.391670227050781 ], [ 90.58026123046875, 23.283889770507812 ], [ 90.612472534179688, 23.222219467163086 ], [ 90.598587036132812, 23.117490768432617 ], [ 90.558029174804688, 23.072219848632812 ], [ 90.45025634765625, 23.070550918579102 ], [ 90.447196960449219, 23.048330307006836 ], [ 90.504432678222656, 22.93998908996582 ], [ 90.510887145996094, 22.890750885009766 ], [ 90.456192016601562, 22.890750885009766 ], [ 90.448028564453125, 22.829999923706055 ], [ 90.396087646484375, 22.765270233154297 ], [ 90.456092834472656, 22.749439239501953 ], [ 90.495246887207031, 22.694440841674805 ], [ 90.509979248046875, 22.596380233764648 ], [ 90.4669189453125, 22.575830459594727 ], [ 90.523590087890625, 22.581939697265625 ], [ 90.603591918945312, 22.464439392089844 ], [ 90.610809326171875, 22.294990539550781 ], [ 90.559982299804688, 22.203880310058594 ], [ 90.431640625, 22.070550918579102 ], [ 90.389137268066406, 22.095550537109375 ], [ 90.404983520507812, 22.22389030456543 ], [ 90.394416809082031, 22.281660079956055 ], [ 90.272476196289062, 21.849159240722656 ], [ 90.189697265625, 21.798879623413086 ], [ 90.109420776367188, 21.815549850463867 ], [ 90.086357116699219, 21.848880767822266 ], [ 90.125808715820312, 21.928600311279297 ], [ 90.057212829589844, 21.844999313354492 ], [ 90.021926879882812, 21.866939544677734 ], [ 90.116928100585938, 22.049009323120117 ], [ 90.227752685546875, 22.130270004272461 ], [ 90.232192993164062, 22.188610076904297 ], [ 90.045257568359375, 21.979999542236328 ], [ 89.99664306640625, 22.0 ], [ 90.03497314453125, 22.068330764770508 ], [ 90.027763366699219, 22.122499465942383 ], [ 89.97802734375, 21.971660614013672 ], [ 89.948593139648438, 21.976659774780273 ], [ 89.911087036132812, 22.051109313964844 ], [ 89.875808715820312, 22.283880233764648 ], [ 89.984703063964844, 22.45026969909668 ], [ 90.043197631835938, 22.614749908447266 ], [ 89.977142333984375, 22.476839065551758 ], [ 89.939971923828125, 22.429719924926758 ], [ 89.841087341308594, 22.267219543457031 ], [ 89.870796203613281, 22.095550537109375 ], [ 89.851638793945312, 22.066940307617188 ], [ 89.795257568359375, 22.074440002441406 ], [ 89.8519287109375, 22.026939392089844 ], [ 89.881637573242188, 21.884439468383789 ], [ 89.783576965332031, 21.825830459594727 ], [ 89.668869018554688, 21.842769622802734 ], [ 89.641921997070312, 21.917770385742188 ], [ 89.626373291015625, 21.847219467163086 ], [ 89.701637268066406, 21.779439926147461 ], [ 89.683029174804688, 21.756380081176758 ], [ 89.59136962890625, 21.758329391479492 ], [ 89.594970703125, 21.702770233154297 ], [ 89.556640625, 21.711380004882812 ], [ 89.5394287109375, 21.753330230712891 ], [ 89.601356506347656, 22.12748908996582 ], [ 89.586723327636719, 22.199069976806641 ], [ 89.6221923828125, 22.329439163208008 ], [ 89.577186584472656, 22.269990921020508 ], [ 89.58026123046875, 22.113609313964844 ], [ 89.538856506347656, 21.985830307006836 ], [ 89.522628784179688, 22.000949859619141 ], [ 89.53497314453125, 22.079719543457031 ], [ 89.475807189941406, 22.291389465332031 ], [ 89.46331787109375, 22.210830688476562 ], [ 89.518043518066406, 22.083049774169922 ], [ 89.516372680664062, 21.907499313354492 ], [ 89.484153747558594, 21.89055061340332 ], [ 89.466087341308594, 21.775550842285156 ], [ 89.412750244140625, 21.71027946472168 ], [ 89.3802490234375, 21.718050003051758 ], [ 89.363037109375, 21.769439697265625 ], [ 89.381927490234375, 21.905269622802734 ], [ 89.349700927734375, 21.967220306396484 ], [ 89.355796813964844, 21.88861083984375 ], [ 89.280532836914062, 21.805549621582031 ], [ 89.292762756347656, 21.666660308837891 ], [ 89.228591918945312, 21.640829086303711 ], [ 89.201637268066406, 21.655830383300781 ], [ 89.218032836914062, 21.710550308227539 ], [ 89.180252075195312, 21.81443977355957 ], [ 89.149406433105469, 21.783880233764648 ], [ 89.10888671875, 21.824180603027344 ], [ 89.059837341308594, 22.098760604858398 ], [ 89.064437866210938, 22.117109298706055 ], [ 89.096359252929688, 22.148609161376953 ], [ 89.0072021484375, 22.27638053894043 ], [ 88.99774169921875, 22.465549468994141 ], [ 88.951080322265625, 22.555830001831055 ], [ 88.942497253417969, 22.634090423583984 ], [ 88.973297119140625, 22.833330154418945 ], [ 88.864692687988281, 22.960830688476562 ], [ 88.868850708007812, 23.082769393920898 ], [ 88.98663330078125, 23.195829391479492 ], [ 88.847198486328125, 23.242769241333008 ], [ 88.733856201171875, 23.243330001831055 ], [ 88.711357116699219, 23.308610916137695 ], [ 88.789962768554688, 23.460269927978516 ], [ 88.568038940429688, 23.641109466552734 ], [ 88.5980224609375, 23.847209930419922 ], [ 88.614143371582031, 23.872489929199219 ], [ 88.7330322265625, 23.915830612182617 ], [ 88.727188110351562, 24.053600311279297 ], [ 88.707748413085938, 24.108049392700195 ], [ 88.70831298828125, 24.171379089355469 ], [ 88.743850708007812, 24.187490463256836 ], [ 88.737472534179688, 24.250829696655273 ], [ 88.691070556640625, 24.316659927368164 ], [ 88.5546875, 24.309440612792969 ], [ 88.125518798828125, 24.508609771728516 ], [ 88.074783325195312, 24.640520095825195 ], [ 88.043296813964844, 24.684160232543945 ], [ 88.163299560546875, 24.881940841674805 ], [ 88.135246276855469, 24.918319702148438 ], [ 88.215263366699219, 24.948879241943359 ], [ 88.332199096679688, 24.867490768432617 ], [ 88.438018798828125, 25.023050308227539 ], [ 88.450813293457031, 25.187770843505859 ], [ 88.558853149414062, 25.183050155639648 ], [ 88.944686889648438, 25.196939468383789 ], [ 89.006362915039062, 25.278049468994141 ], [ 89.005813598632812, 25.305269241333008 ], [ 88.882461547851562, 25.326379776000977 ], [ 88.821640014648438, 25.401660919189453 ], [ 88.841079711914062, 25.454160690307617 ], [ 88.772476196289062, 25.516389846801758 ], [ 88.701080322265625, 25.468050003051758 ], [ 88.521087646484375, 25.531940460205078 ], [ 88.287483215332031, 25.794160842895508 ], [ 88.257476806640625, 25.815000534057617 ], [ 88.158309936523438, 25.778329849243164 ], [ 88.105239868164062, 25.869159698486328 ], [ 88.131072998046875, 25.989160537719727 ], [ 88.183296203613281, 26.033889770507812 ], [ 88.1796875, 26.143329620361328 ], [ 88.373863220214844, 26.303049087524414 ], [ 88.457473754882812, 26.369159698486328 ], [ 88.522476196289062, 26.355829238891602 ], [ 88.49468994140625, 26.450000762939453 ], [ 88.378021240234375, 26.489429473876953 ], [ 88.35357666015625, 26.45166015625 ], [ 88.334701538085938, 26.486660003662109 ], [ 88.401077270507812, 26.625270843505859 ], [ 88.419418334960938, 26.596380233764648 ], [ 88.42913818359375, 26.555000305175781 ], [ 88.694122314453125, 26.391939163208008 ], [ 88.741348266601562, 26.323600769042969 ], [ 88.671630859375, 26.289440155029297 ], [ 88.69940185546875, 26.269439697265625 ], [ 88.763603210449219, 26.299999237060547 ], [ 88.849411010742188, 26.231660842895508 ], [ 88.883590698242188, 26.278329849243164 ], [ 88.927749633789062, 26.279439926147461 ], [ 89.007980346679688, 26.230169296264648 ] ] ] ] } },
{ "type": "Feature", "properties": { "NAME": "Bhutan", "GMI_CNTRY": "BTN", "REGION": "Asia" }, "geometry": { "type": "Polygon", "coordinates": [ [ [ 88.75054931640625, 27.147270202636719 ], [ 88.806350708007812, 27.253049850463867 ], [ 88.9013671875, 27.282220840454102 ], [ 88.917877197265625, 27.321039199829102 ], [ 88.971076965332031, 27.473609924316406 ], [ 89.12579345703125, 27.567489624023438 ], [ 89.225517272949219, 27.795000076293945 ], [ 89.359970092773438, 27.871660232543945 ], [ 89.586090087890625, 28.139999389648438 ], [ 89.831649780273438, 28.248880386352539 ], [ 89.996353149414062, 28.323329925537109 ], [ 90.366073608398438, 28.257770538330078 ], [ 90.396087646484375, 28.235549926757812 ], [ 90.382461547851562, 28.079719543457031 ], [ 90.896926879882812, 28.05055046081543 ], [ 91.01580810546875, 27.97776985168457 ], [ 91.108856201171875, 27.971109390258789 ], [ 91.314971923828125, 28.096660614013672 ], [ 91.338027954101562, 28.052490234375 ], [ 91.658309936523438, 27.948049545288086 ], [ 91.666923522949219, 27.888879776000977 ], [ 91.659553527832031, 27.765110015869141 ], [ 91.600799560546875, 27.666660308837891 ], [ 91.5980224609375, 27.624990463256836 ], [ 91.63134765625, 27.536380767822266 ], [ 91.765533447265625, 27.456939697265625 ], [ 91.775253295898438, 27.416099548339844 ], [ 92.00775146484375, 27.471939086914062 ], [ 92.114410400390625, 27.285829544067383 ], [ 92.0152587890625, 27.168050765991211 ], [ 92.015533447265625, 27.080829620361328 ], [ 92.08331298828125, 27.022769927978516 ], [ 92.1121826171875, 26.920270919799805 ], [ 92.069976806640625, 26.861940383911133 ], [ 91.9971923828125, 26.851940155029297 ], [ 91.915252685546875, 26.893880844116211 ], [ 91.916923522949219, 26.854160308837891 ], [ 91.835800170898438, 26.863330841064453 ], [ 91.712478637695312, 26.799999237060547 ], [ 91.542190551757812, 26.804439544677734 ], [ 91.4921875, 26.874719619750977 ], [ 91.418853759765625, 26.873329162597656 ], [ 91.371353149414062, 26.800830841064453 ], [ 91.307456970214844, 26.778049468994141 ], [ 90.682456970214844, 26.774169921875 ], [ 90.392196655273438, 26.903600692749023 ], [ 90.344131469726562, 26.894159317016602 ], [ 90.143043518066406, 26.753330230712891 ], [ 89.989959716796875, 26.735830307006836 ], [ 89.8419189453125, 26.701379776000977 ], [ 89.618301391601562, 26.726940155029297 ], [ 89.636093139648438, 26.771110534667969 ], [ 89.360786437988281, 26.859989166259766 ], [ 89.220809936523438, 26.814720153808594 ], [ 89.110237121582031, 26.829160690307617 ], [ 88.921630859375, 26.987770080566406 ], [ 88.873016357421875, 26.954990386962891 ], [ 88.86773681640625, 27.080549240112305 ], [ 88.843307495117188, 27.108600616455078 ], [ 88.75054931640625, 27.147270202636719 ] ] ] } },
{ "type": "Feature", "properties": { "NAME": "Nepal", "GMI_CNTRY": "NPL", "REGION": "Asia" }, "geometry": { "type": "Polygon", "coordinates": [ [ [ 80.85858154296875, 30.174709320068359 ], [ 80.904136657714844, 30.216930389404297 ], [ 80.936363220214844, 30.181379318237305 ], [ 81.027397155761719, 30.204700469970703 ], [ 81.109703063964844, 30.02471923828125 ], [ 81.223587036132812, 30.010269165039062 ], [ 81.301910400390625, 30.083599090576172 ], [ 81.290802001953125, 30.130550384521484 ], [ 81.35662841796875, 30.145280838012695 ], [ 81.3963623046875, 30.283050537109375 ], [ 81.411361694335938, 30.380830764770508 ], [ 81.541923522949219, 30.330549240112305 ], [ 81.615516662597656, 30.419710159301758 ], [ 82.100517272949219, 30.342220306396484 ], [ 82.165802001953125, 30.079719543457031 ], [ 82.5577392578125, 29.942770004272461 ], [ 82.855239868164062, 29.668880462646484 ], [ 82.9921875, 29.672500610351562 ], [ 83.085250854492188, 29.585269927978516 ], [ 83.16497802734375, 29.633050918579102 ], [ 83.257476806640625, 29.579999923706055 ], [ 83.284408569335938, 29.474430084228516 ], [ 83.346076965332031, 29.496660232543945 ], [ 83.602462768554688, 29.165830612182617 ], [ 83.677192687988281, 29.16193962097168 ], [ 83.72052001953125, 29.228879928588867 ], [ 84.023590087890625, 29.279159545898438 ], [ 84.176361083984375, 29.21388053894043 ], [ 84.199691772460938, 29.062770843505859 ], [ 84.256088256835938, 29.042219161987305 ], [ 84.231353759765625, 28.929439544677734 ], [ 84.82330322265625, 28.55194091796875 ], [ 84.939682006835938, 28.540000915527344 ], [ 85.059967041015625, 28.64109992980957 ], [ 85.189956665039062, 28.60331916809082 ], [ 85.181922912597656, 28.530000686645508 ], [ 85.101913452148438, 28.446659088134766 ], [ 85.103302001953125, 28.316379547119141 ], [ 85.283859252929688, 28.272220611572266 ], [ 85.538299560546875, 28.289440155029297 ], [ 85.619956970214844, 28.251110076904297 ], [ 85.705810546875, 28.340549468994141 ], [ 85.780807495117188, 28.206100463867188 ], [ 85.916366577148438, 28.096939086914062 ], [ 85.918853759765625, 28.033330917358398 ], [ 85.97802734375, 27.989709854125977 ], [ 85.9730224609375, 27.91581916809082 ], [ 86.014419555664062, 27.882770538330078 ], [ 86.131637573242188, 27.926109313964844 ], [ 86.09246826171875, 28.07805061340332 ], [ 86.183578491210938, 28.16387939453125 ], [ 86.215263366699219, 28.118330001831055 ], [ 86.219703674316406, 28.016109466552734 ], [ 86.444961547851562, 27.908050537109375 ], [ 86.53497314453125, 27.954990386962891 ], [ 86.571907043457031, 28.105829238891602 ], [ 86.704147338867188, 28.111099243164062 ], [ 86.758033752441406, 28.080270767211914 ], [ 86.764137268066406, 28.026660919189453 ], [ 86.874130249023438, 28.017780303955078 ], [ 86.933029174804688, 27.950550079345703 ], [ 87.030258178710938, 27.965269088745117 ], [ 87.192733764648438, 27.823049545288086 ], [ 87.404136657714844, 27.860549926757812 ], [ 87.393592834472656, 27.809160232543945 ], [ 87.54608154296875, 27.845830917358398 ], [ 87.72052001953125, 27.804990768432617 ], [ 87.797203063964844, 27.83721923828125 ], [ 87.853851318359375, 27.91472053527832 ], [ 88.142356872558594, 27.86808967590332 ], [ 88.19580078125, 27.841379165649414 ], [ 88.045806884765625, 27.485269546508789 ], [ 88.066650390625, 27.436939239501953 ], [ 88.013031005859375, 27.212209701538086 ], [ 87.996917724609375, 27.102489471435547 ], [ 88.149139404296875, 26.920270919799805 ], [ 88.192733764648438, 26.731380462646484 ], [ 88.08941650390625, 26.431110382080078 ], [ 88.003311157226562, 26.367210388183594 ], [ 87.921913146972656, 26.448600769042969 ], [ 87.593032836914062, 26.379440307617188 ], [ 87.476913452148438, 26.435550689697266 ], [ 87.390533447265625, 26.414709091186523 ], [ 87.328033447265625, 26.347770690917969 ], [ 87.133590698242188, 26.413330078125 ], [ 87.053848266601562, 26.58721923828125 ], [ 86.994422912597656, 26.528879165649414 ], [ 86.948516845703125, 26.532649993896484 ], [ 86.725799560546875, 26.421379089355469 ], [ 86.325813293457031, 26.614160537719727 ], [ 86.206626892089844, 26.585550308227539 ], [ 86.0294189453125, 26.663049697875977 ], [ 85.85552978515625, 26.570270538330078 ], [ 85.80718994140625, 26.602489471435547 ], [ 85.72857666015625, 26.673049926757812 ], [ 85.726066589355469, 26.801660537719727 ], [ 85.623291015625, 26.866939544677734 ], [ 85.33441162109375, 26.735820770263672 ], [ 85.211639404296875, 26.766939163208008 ], [ 85.186630249023438, 26.794990539550781 ], [ 85.194412231445312, 26.854440689086914 ], [ 85.167190551757812, 26.870830535888672 ], [ 85.036361694335938, 26.850549697875977 ], [ 84.933296203613281, 26.967489242553711 ], [ 84.750259399414062, 27.007499694824219 ], [ 84.644126892089844, 27.056659698486328 ], [ 84.681083679199219, 27.140829086303711 ], [ 84.67913818359375, 27.235269546508789 ], [ 84.594970703125, 27.341939926147461 ], [ 84.297737121582031, 27.388330459594727 ], [ 84.192459106445312, 27.47637939453125 ], [ 84.098861694335938, 27.516109466552734 ], [ 84.040252685546875, 27.444709777832031 ], [ 83.923683166503906, 27.452970504760742 ], [ 83.832748413085938, 27.427490234375 ], [ 83.878303527832031, 27.368610382080078 ], [ 83.858306884765625, 27.35222053527832 ], [ 83.607742309570312, 27.469160079956055 ], [ 83.386367797851562, 27.472770690917969 ], [ 83.389968872070312, 27.396659851074219 ], [ 83.330543518066406, 27.337490081787109 ], [ 83.275802612304688, 27.343330383300781 ], [ 83.176361083984375, 27.448879241943359 ], [ 82.764419555664062, 27.505270004272461 ], [ 82.701080322265625, 27.711109161376953 ], [ 82.42413330078125, 27.679439544677734 ], [ 82.170806884765625, 27.857219696044922 ], [ 81.999687194824219, 27.922210693359375 ], [ 81.8802490234375, 27.857219696044922 ], [ 81.476066589355469, 28.083330154418945 ], [ 81.470252990722656, 28.123600006103516 ], [ 81.388313293457031, 28.174440383911133 ], [ 81.319976806640625, 28.129999160766602 ], [ 81.188858032226562, 28.369159698486328 ], [ 80.9105224609375, 28.457220077514648 ], [ 80.831092834472656, 28.505270004272461 ], [ 80.569976806640625, 28.684719085693359 ], [ 80.505538940429688, 28.658330917358398 ], [ 80.508590698242188, 28.566940307617188 ], [ 80.44024658203125, 28.628879547119141 ], [ 80.357742309570312, 28.629440307617188 ], [ 80.313018798828125, 28.697210311889648 ], [ 80.055801391601562, 28.836109161376953 ], [ 80.062179565429688, 28.936380386352539 ], [ 80.124679565429688, 28.984159469604492 ], [ 80.149696350097656, 29.112489700317383 ], [ 80.259140014648438, 29.149440765380859 ], [ 80.239959716796875, 29.214710235595703 ], [ 80.287750244140625, 29.205549240112305 ], [ 80.306922912597656, 29.310550689697266 ], [ 80.275802612304688, 29.322490692138672 ], [ 80.241348266601562, 29.43998908996582 ], [ 80.40997314453125, 29.606380462646484 ], [ 80.374130249023438, 29.744159698486328 ], [ 80.420242309570312, 29.789159774780273 ], [ 80.479972839355469, 29.796659469604492 ], [ 80.875518798828125, 30.143049240112305 ], [ 80.85858154296875, 30.174709320068359 ] ] ] } },
{ "type": "Feature", "properties": { "NAME": "Sri Lanka", "GMI_CNTRY": "LKA", "REGION": "Asia" }, "geometry": { "type": "Polygon", "coordinates": [ [ [ 79.793441772460938, 7.599532127380371 ], [ 79.755538940429688, 7.865831851959229 ], [ 79.69830322265625, 8.19749641418457 ], [ 79.779136657714844, 8.343051910400391 ], [ 79.730117797851562, 8.020807266235352 ], [ 79.75164794921875, 7.988053798675537 ], [ 79.816932678222656, 7.985554218292236 ], [ 79.83026123046875, 8.012775421142578 ], [ 79.799423217773438, 8.05194091796875 ], [ 79.831649780273438, 8.311107635498047 ], [ 79.9427490234375, 8.642498016357422 ], [ 79.917213439941406, 8.937774658203125 ], [ 80.050262451171875, 9.026386260986328 ], [ 80.122756958007812, 9.25416374206543 ], [ 80.062759399414062, 9.331386566162109 ], [ 80.0535888671875, 9.396942138671875 ], [ 80.194976806640625, 9.470273971557617 ], [ 80.176651000976562, 9.500274658203125 ], [ 80.073028564453125, 9.571386337280273 ], [ 80.08941650390625, 9.589719772338867 ], [ 80.276641845703125, 9.499719619750977 ], [ 80.261917114257812, 9.459997177124023 ], [ 80.309982299804688, 9.452774047851562 ], [ 80.403312683105469, 9.497774124145508 ], [ 80.18109130859375, 9.649164199829102 ], [ 80.18109130859375, 9.616941452026367 ], [ 80.1846923828125, 9.582220077514648 ], [ 79.950813293457031, 9.686107635498047 ], [ 79.91998291015625, 9.769720077514648 ], [ 80.11859130859375, 9.818330764770508 ], [ 80.356086730957031, 9.616941452026367 ], [ 80.443588256835938, 9.576384544372559 ], [ 80.336639404296875, 9.65860652923584 ], [ 80.1402587890625, 9.816385269165039 ], [ 80.206916809082031, 9.826108932495117 ], [ 80.368026733398438, 9.653886795043945 ], [ 80.51275634765625, 9.541940689086914 ], [ 80.801933288574219, 9.288608551025391 ], [ 80.734970092773438, 9.302497863769531 ], [ 80.780258178710938, 9.26361083984375 ], [ 80.804702758789062, 9.25416374206543 ], [ 80.892471313476562, 9.111385345458984 ], [ 80.955810546875, 9.000829696655273 ], [ 80.873870849609375, 9.03166389465332 ], [ 80.935256958007812, 8.930274963378906 ], [ 80.979713439941406, 8.973608016967773 ], [ 81.08331298828125, 8.859996795654297 ], [ 81.251922607421875, 8.559443473815918 ], [ 81.24359130859375, 8.536941528320312 ], [ 81.20831298828125, 8.570831298828125 ], [ 81.217193603515625, 8.511941909790039 ], [ 81.17913818359375, 8.52583122253418 ], [ 81.130538940429688, 8.499998092651367 ], [ 81.219703674316406, 8.462774276733398 ], [ 81.283309936523438, 8.46333122253418 ], [ 81.289703369140625, 8.501941680908203 ], [ 81.334701538085938, 8.516107559204102 ], [ 81.414642333984375, 8.251102447509766 ], [ 81.443313598632812, 8.166940689086914 ], [ 81.422203063964844, 8.13499641418457 ], [ 81.39385986328125, 8.178607940673828 ], [ 81.428863525390625, 8.088052749633789 ], [ 81.47247314453125, 8.100830078125 ], [ 81.596649169921875, 7.835554122924805 ], [ 81.638031005859375, 7.826109886169434 ], [ 81.713027954101562, 7.717498779296875 ], [ 81.681922912597656, 7.703053951263428 ], [ 81.619140625, 7.76388692855835 ], [ 81.593307495117188, 7.727221012115479 ], [ 81.66552734375, 7.714443206787109 ], [ 81.714141845703125, 7.623610019683838 ], [ 81.771926879882812, 7.450275897979736 ], [ 81.827476501464844, 7.473053932189941 ], [ 81.858306884765625, 7.3941650390625 ], [ 81.890533447265625, 7.000554084777832 ], [ 81.777763366699219, 6.61527681350708 ], [ 81.661087036132812, 6.439999103546143 ], [ 81.504432678222656, 6.336665153503418 ], [ 81.118873596191406, 6.112497806549072 ], [ 80.634140014648438, 5.943609237670898 ], [ 80.333587646484375, 5.973330974578857 ], [ 80.155258178710938, 6.067777156829834 ], [ 79.994140625, 6.386387825012207 ], [ 79.847198486328125, 6.879998207092285 ], [ 79.861358642578125, 6.993053913116455 ], [ 79.807479858398438, 7.192221164703369 ], [ 79.848587036132812, 7.123054981231689 ], [ 79.859703063964844, 7.167221069335938 ], [ 79.826370239257812, 7.198887825012207 ], [ 79.793441772460938, 7.599532127380371 ] ] ] } },
{ "type": "Feature", "properties": { "NAME": "India", "GMI_CNTRY": "IND", "REGION": "Asia" }, "geometry": { "type": "MultiPolygon", "coordinates": [ [ [ [ 73.018218242614793, 8.271412298028856 ], [ 73.017345164600272, 8.277248318330448 ], [ 73.046987994229539, 8.276668364655505 ], [ 73.074010032136513, 8.319945367803392 ], [ 73.045620020850265, 8.26586349835209 ], [ 73.023846145649017, 8.26839415438689 ], [ 73.018218242614793, 8.271412298028856 ] ] ], [ [ [ 72.283227086825732, 10.04221375300685 ], [ 72.283964803998302, 10.045888866328923 ], [ 72.289736224577226, 10.053710667276833 ], [ 72.283227086825732, 10.04221375300685 ] ] ], [ [ [ 73.625817001987571, 10.073224150892965 ], [ 73.625347224416487, 10.073938307417883 ], [ 73.627098596962398, 10.073626427814485 ], [ 73.625817001987571, 10.073224150892965 ] ] ], [ [ [ 73.646030605049944, 10.059233827189379 ], [ 73.634195437725595, 10.072374368168957 ], [ 73.649421010425598, 10.094839546981827 ], [ 73.646528518754025, 10.077631174294542 ], [ 73.646030605049944, 10.059233827189379 ] ] ], [ [ [ 72.336475593962788, 10.106010628210852 ], [ 72.337305824134887, 10.105305573217011 ], [ 72.335582123293023, 10.102168364328612 ], [ 72.336475593962788, 10.106010628210852 ] ] ], [ [ [ 72.327150784869588, 10.139648639413828 ], [ 72.332576445692297, 10.129271110695871 ], [ 72.32753052340145, 10.133406297409152 ], [ 72.327150784869588, 10.139648639413828 ] ] ], [ [ [ 73.658256425436846, 10.156521989962759 ], [ 73.659319312979321, 10.156426933434652 ], [ 73.66119238389004, 10.133323922875093 ], [ 73.658256425436846, 10.156521989962759 ] ] ], [ [ [ 72.640560034690807, 10.580460960108294 ], [ 72.645885921431528, 10.562434591124571 ], [ 72.615770068618076, 10.544087336671581 ], [ 72.640560034690807, 10.580460960108294 ] ] ], [ [ [ 73.659438694589028, 10.810687379419088 ], [ 73.699470199119304, 10.817384587590583 ], [ 73.700918940025772, 10.815399962816064 ], [ 73.659438694589028, 10.810687379419088 ] ] ], [ [ [ 72.168000848288386, 10.816049246406402 ], [ 72.168137747944456, 10.813933883732506 ], [ 72.165920660907489, 10.815800876193869 ], [ 72.168000848288386, 10.816049246406402 ] ] ], [ [ [ 72.169308844749423, 10.819610902127732 ], [ 72.2003286425889, 10.879929706247648 ], [ 72.178984403740245, 10.829919777374023 ], [ 72.169308844749423, 10.819610902127732 ] ] ], [ [ [ 72.286668305405428, 10.94799580586124 ], [ 72.290121811141589, 10.947183286591702 ], [ 72.283959056577103, 10.938638560671642 ], [ 72.286668305405428, 10.94799580586124 ] ] ], [ [ [ 72.314656098718132, 10.944690137714266 ], [ 72.315725188229365, 10.950317851613693 ], [ 72.324273319317797, 10.951702570750339 ], [ 72.314656098718132, 10.944690137714266 ] ] ], [ [ [ 72.732919335175694, 11.137464807984324 ], [ 72.719507396355624, 11.115041107406599 ], [ 72.720235460232146, 11.131511519051628 ], [ 72.732919335175694, 11.137464807984324 ] ] ], [ [ [ 72.7898173074433, 11.261148106987761 ], [ 72.775909585722985, 11.217422479936438 ], [ 72.768868252759503, 11.20676649892607 ], [ 72.762659905101131, 11.186573655708385 ], [ 72.761090982186047, 11.183865578035045 ], [ 72.778711167887792, 11.243688542954732 ], [ 72.7898173074433, 11.261148106987761 ] ] ], [ [ [ 73.007636882678611, 11.470846477593589 ], [ 72.997410483043737, 11.498295256119087 ], [ 72.998784536220867, 11.499516258616083 ], [ 73.009177769173661, 11.488677806956538 ], [ 73.007636882678611, 11.470846477593589 ] ] ], [ [ [ 72.188473235322888, 11.601723160182654 ], [ 72.186382504415448, 11.599716747247049 ], [ 72.184572258980765, 11.602546524438832 ], [ 72.188473235322888, 11.601723160182654 ] ] ], [ [ [ 72.708002562019146, 11.687102317914444 ], [ 72.71574826130194, 11.704975707788018 ], [ 72.715288473895129, 11.692800782262692 ], [ 72.709482911945514, 11.684417174109448 ], [ 72.708002562019146, 11.687102317914444 ] ] ], [ [ [ 74.152398469278467, 14.740335299199435 ], [ 74.154239007701179, 14.742069588032297 ], [ 74.15677044579877, 14.736785576571089 ], [ 74.152398469278467, 14.740335299199435 ] ] ], [ [ [ 74.10930167674185, 14.761503481647527 ], [ 74.119694898914872, 14.753943673980826 ], [ 74.110820586851801, 14.755244836572681 ], [ 74.10930167674185, 14.761503481647527 ] ] ], [ [ [ 74.085964451773549, 14.795930532071058 ], [ 74.088983569967567, 14.795501697425916 ], [ 74.087288486755654, 14.794471128262092 ], [ 74.085964451773549, 14.795930532071058 ] ] ], [ [ [ 74.061447153135632, 14.821664890015033 ], [ 74.057114049412633, 14.818929785191889 ], [ 74.05904571114111, 14.821456388792786 ], [ 74.061447153135632, 14.821664890015033 ] ] ], [ [ [ 74.065651416887334, 14.820346566749565 ], [ 74.064787634639373, 14.819614210968069 ], [ 74.062292796601383, 14.821077712071236 ], [ 74.065651416887334, 14.820346566749565 ] ] ], [ [ [ 74.09289776412075, 14.836050648071092 ], [ 74.093696370899906, 14.838829866998921 ], [ 74.093641084085746, 14.835820304739901 ], [ 74.09289776412075, 14.836050648071092 ] ] ], [ [ [ 74.101904616315764, 14.843693173214575 ], [ 74.100223102156249, 14.841239271104749 ], [ 74.097565224385775, 14.846282026275514 ], [ 74.101904616315764, 14.843693173214575 ] ] ], [ [ [ 74.044544789617873, 14.916066904188407 ], [ 74.050056910591721, 14.95725824623303 ], [ 74.021039913864726, 15.017168400331258 ], [ 73.992261354268649, 15.016898265091911 ], [ 73.980977374337996, 15.053394636775852 ], [ 73.913219725194551, 15.083357250307881 ], [ 73.941092136197213, 15.117386877027643 ], [ 73.936341264663128, 15.131262502600769 ], [ 73.954923567593738, 15.136861575757678 ], [ 73.902126001254558, 15.309627709728922 ], [ 73.873689630611423, 15.367889074923726 ], [ 73.842426432449116, 15.358414892174912 ], [ 73.789787066618004, 15.395340912388983 ], [ 73.789711716830297, 15.463804110988402 ], [ 73.766588728379133, 15.492812435104589 ], [ 73.732216560731473, 15.588591185012865 ], [ 73.731654815438219, 15.606179858017843 ], [ 73.744669653986946, 15.605690492157889 ], [ 73.68955765108177, 15.719372201040342 ], [ 73.764264768810222, 15.731260897248013 ], [ 73.742836159254381, 15.736574932001682 ], [ 73.689794134248913, 15.728007791484728 ], [ 73.683547150178214, 15.720396193754992 ], [ 73.676993809924809, 15.725940333141351 ], [ 73.649862046399164, 15.744899963078275 ], [ 73.664203263634548, 15.753310866760916 ], [ 73.656258017984442, 15.795760403141246 ], [ 73.586966726360345, 15.910614364344395 ], [ 73.510108819096956, 15.940459787794893 ], [ 73.484360944402454, 16.033712545974975 ], [ 73.456742770998204, 16.052633882706818 ], [ 73.46492055005119, 16.086936989627759 ], [ 73.439643529109532, 16.191333496266516 ], [ 73.386680382602222, 16.358423621569081 ], [ 73.368920092055546, 16.362925641692314 ], [ 73.358669670571658, 16.44166044874051 ], [ 73.312465305429981, 16.536073785805403 ], [ 73.344674007378288, 16.569651341233246 ], [ 73.317420662268816, 16.601666994300533 ], [ 73.355194575624296, 16.6189506307527 ], [ 73.330450550293506, 16.619858851649653 ], [ 73.340681212434376, 16.633551276851946 ], [ 73.323018322620655, 16.638616682994279 ], [ 73.329715910749101, 16.687394891402004 ], [ 73.305389601127089, 16.730277129361482 ], [ 73.318108071988874, 16.798820793737701 ], [ 73.289464325262401, 16.844942324796357 ], [ 73.287430080420037, 16.880895918123933 ], [ 73.303002550143418, 16.891410533357934 ], [ 73.27868690711712, 16.892541690375591 ], [ 73.299717935765514, 16.981884014165956 ], [ 73.272187192692954, 16.984232247875628 ], [ 73.284428113759773, 17.009945400161865 ], [ 73.255531773351862, 17.026699408651961 ], [ 73.258212548280611, 17.04877497819918 ], [ 73.277031020994315, 17.036300758656342 ], [ 73.28670819964762, 17.054251233382892 ], [ 73.282462030386213, 17.107202753108947 ], [ 73.268216421744853, 17.11345972942442 ], [ 73.252726552111838, 17.18965556608358 ], [ 73.231626204964527, 17.199143802373115 ], [ 73.246545205115936, 17.204138542061958 ], [ 73.244799572804709, 17.222102473658826 ], [ 73.190812458264617, 17.299518084793494 ], [ 73.222851357963009, 17.30624907369393 ], [ 73.229247479566922, 17.282477704299325 ], [ 73.258770706600899, 17.286030134314334 ], [ 73.235556378349997, 17.288107998379132 ], [ 73.238762810552103, 17.317041471788503 ], [ 73.218614765640865, 17.329544219163481 ], [ 73.207794296633878, 17.384128426274348 ], [ 73.183713560359394, 17.383985768317682 ], [ 73.167696432655219, 17.403052708937796 ], [ 73.198026875922068, 17.439892809201496 ], [ 73.184527567855795, 17.4431381816262 ], [ 73.192427995658079, 17.468100341239957 ], [ 73.173750458730993, 17.517151902972259 ], [ 73.137602303800293, 17.554174679960092 ], [ 73.152647245059583, 17.599374461152941 ], [ 73.113627846308759, 17.689813450653702 ], [ 73.133095841397122, 17.724417218989359 ], [ 73.089907977656978, 17.81210538239603 ], [ 73.07493905992186, 17.882424578858942 ], [ 73.030216086752304, 17.944514983788707 ], [ 73.040043139429258, 17.978780867386305 ], [ 73.005137270993202, 18.019662529694767 ], [ 73.021294994920808, 18.027453317368725 ], [ 72.99037561705201, 18.055766228635214 ], [ 72.996833198692713, 18.08421386238879 ], [ 72.971028443572735, 18.132889621772236 ], [ 72.988658870068704, 18.157899983612516 ], [ 72.980932607633704, 18.196286015216355 ], [ 72.956395435566762, 18.219636398715782 ], [ 72.931778405965986, 18.220420315582949 ], [ 72.938048080710544, 18.283722080251266 ], [ 72.973020785600369, 18.266164202634698 ], [ 72.986481366396418, 18.282278812205927 ], [ 72.953215168593943, 18.335328169070682 ], [ 72.915223638360914, 18.355137670739374 ], [ 72.925945929592146, 18.383438515674317 ], [ 72.907035518800683, 18.402989269936231 ], [ 72.893732453098096, 18.471791210804472 ], [ 72.911092245046717, 18.502559148013127 ], [ 72.905316209822203, 18.538555979119945 ], [ 72.921157965721662, 18.550552896966558 ], [ 72.878139151443278, 18.630814334311474 ], [ 72.860055576988728, 18.633512825695103 ], [ 72.851052348597577, 18.698832382144811 ], [ 72.865807220258404, 18.807621140965374 ], [ 72.914489335684721, 18.800324645627775 ], [ 72.945151628295633, 18.826382469831834 ], [ 72.957132534698417, 18.799230218406905 ], [ 72.995943175756992, 18.7730178100629 ], [ 72.978272238834961, 18.807595909349061 ], [ 72.999291894811861, 18.809200509993104 ], [ 72.97508759706669, 18.839501450169195 ], [ 72.995386585895162, 18.871510671290519 ], [ 72.960994085779319, 18.841038617585266 ], [ 72.917614780272388, 18.856485297578146 ], [ 72.904073013334198, 18.904435195368343 ], [ 72.937060778314347, 18.909331964147476 ], [ 72.940810601431821, 18.944489682105885 ], [ 72.959171304354882, 18.957162262815622 ], [ 72.947148770021784, 18.986773215362955 ], [ 72.885300431056748, 18.981478205222739 ], [ 72.87824291943501, 19.021936443011391 ], [ 72.854320577704698, 18.997203427014387 ], [ 72.843639025969907, 18.930888100032789 ], [ 72.81195123100369, 18.895127663883603 ], [ 72.803560216156768, 18.898814623078437 ], [ 72.825594945946833, 18.919446161146077 ], [ 72.823605808209848, 18.941249443904287 ], [ 72.81217937793302, 18.955271002055639 ], [ 72.79249653726977, 18.949906451594583 ], [ 72.838235217564815, 19.051146167955551 ], [ 72.817013398428159, 19.04147410128806 ], [ 72.828696737893068, 19.116619929376878 ], [ 72.806845682137535, 19.151450690727561 ], [ 72.786073022439581, 19.133520796402426 ], [ 72.795440228420929, 19.195331525932872 ], [ 72.781725972371774, 19.194333718055674 ], [ 72.775575904714074, 19.22719089236536 ], [ 72.785859109315894, 19.306379969389013 ], [ 72.829951450783, 19.33462136416852 ], [ 72.798828034970455, 19.324584571602319 ], [ 72.745975181817144, 19.374767367217935 ], [ 72.759898264728804, 19.392120829337902 ], [ 72.749547678395814, 19.489269329243545 ], [ 72.719470019253293, 19.501610567712714 ], [ 72.711390709928466, 19.53977754388783 ], [ 72.709295190102267, 19.598834475623121 ], [ 72.725324513334726, 19.608334735936772 ], [ 72.699087735936772, 19.661739855653472 ], [ 72.708143657705847, 19.703810730343974 ], [ 72.697536814361655, 19.719073107649773 ], [ 72.675676786233069, 19.715513812630132 ], [ 72.682847838618557, 19.793488520084523 ], [ 72.671316747424612, 19.813643074108672 ], [ 72.667492105423776, 19.801320285408771 ], [ 72.654291080252605, 19.810619409764886 ], [ 72.641990570339729, 19.843982364587511 ], [ 72.648861166805389, 19.870354069766062 ], [ 72.680283345213411, 19.865156297266019 ], [ 72.678802572180544, 19.920742148410675 ], [ 72.664216024142746, 19.933488839029494 ], [ 72.721975826619214, 19.970623772631779 ], [ 72.707883797552043, 20.070025489612675 ], [ 72.746585193590604, 20.11614161227239 ], [ 72.737671141855998, 20.134335790044158 ], [ 72.794113633240258, 20.12334056473739 ], [ 72.740002355358257, 20.134813221008542 ], [ 72.742417797596488, 20.241200407586085 ], [ 72.779416507980883, 20.335888018947742 ], [ 72.83594402490678, 20.373315367051323 ], [ 72.857343430097913, 20.375671726954689 ], [ 72.804602925741335, 20.372271950985038 ], [ 72.846268553808329, 20.478029978120411 ], [ 72.863166427193832, 20.471445042884511 ], [ 72.8859374201365, 20.497677181925678 ], [ 72.897909436811247, 20.586399711652241 ], [ 72.852879305391497, 20.756905091592095 ], [ 72.82021273483781, 20.793798369855619 ], [ 72.839236221065676, 20.80524842278502 ], [ 72.780174277347228, 20.92115092298538 ], [ 72.819976412341063, 20.92750369499997 ], [ 72.819191307240644, 20.952253607172263 ], [ 72.754652065740302, 20.938658860274757 ], [ 72.722156954828264, 21.037733279593891 ], [ 72.726697890080445, 21.06133523123831 ], [ 72.748933599050744, 21.057224080741882 ], [ 72.741188412705981, 21.074457118410248 ], [ 72.708446168971037, 21.080715849327653 ], [ 72.702471491982678, 21.096159101281646 ], [ 72.684787880730312, 21.082973677794485 ], [ 72.669823477029468, 21.115038353364252 ], [ 72.644824838604464, 21.086126362990431 ], [ 72.620610627051818, 21.097889753407411 ], [ 72.638058319151, 21.21110790914857 ], [ 72.657354418914792, 21.224651915260303 ], [ 72.622256929048845, 21.242593405646112 ], [ 72.600341011336553, 21.289869978155384 ], [ 72.601167602433421, 21.388624228777143 ], [ 72.679333899619976, 21.439955435154666 ], [ 72.68730213675147, 21.452444538815094 ], [ 72.613121300662883, 21.40010972211007 ], [ 72.579577062601899, 21.413856435826876 ], [ 72.655824464018437, 21.469170923038 ], [ 72.702960363245126, 21.525728195646288 ], [ 72.749999981039679, 21.527518969742896 ], [ 72.770223240991356, 21.562515465410442 ], [ 72.760425302712761, 21.560323469824755 ], [ 72.754535853386969, 21.566365950913838 ], [ 72.802240342171046, 21.587213312596315 ], [ 72.830145701581728, 21.628448991741042 ], [ 72.8284574931767, 21.650914840246674 ], [ 72.867906488754244, 21.642217223687446 ], [ 72.877237768412442, 21.672558608981099 ], [ 72.962978284578909, 21.674034656785683 ], [ 72.861906568208099, 21.687591181373499 ], [ 72.801294647043889, 21.657685176385122 ], [ 72.736967633427781, 21.691132753813669 ], [ 72.712369146851103, 21.679593959727701 ], [ 72.608811880124023, 21.688023397625408 ], [ 72.543949599955951, 21.660329222395074 ], [ 72.532173890323648, 21.717182992775019 ], [ 72.60401283463618, 21.753488222714726 ], [ 72.609909650147316, 21.790405878773893 ], [ 72.593024520808271, 21.804915109258477 ], [ 72.620025309067202, 21.829374447222829 ], [ 72.610332341624485, 21.839683135800076 ], [ 72.623352637438529, 21.883751333667423 ], [ 72.648169872770055, 21.89730976337108 ], [ 72.691265201951069, 21.882581341376049 ], [ 72.69190307766803, 21.941874948643818 ], [ 72.719412536058258, 21.93922411524915 ], [ 72.748288544896369, 21.967462913169676 ], [ 72.725223397169728, 21.996465984657274 ], [ 72.707806150772171, 21.953397868305885 ], [ 72.641161204346929, 21.957042412114742 ], [ 72.545361250322657, 21.910988737897782 ], [ 72.528353302419688, 21.938077564152326 ], [ 72.547859295346228, 21.964388748265034 ], [ 72.53054446317924, 21.955075323374562 ], [ 72.525894245177781, 21.95987257899387 ], [ 72.539761752916064, 21.96175418825451 ], [ 72.528135031568581, 21.982261910635021 ], [ 72.54854345316491, 21.991051215281978 ], [ 72.543163916340461, 22.126342594625942 ], [ 72.580958376861432, 22.199154521615274 ], [ 72.649961082005547, 22.215462978974948 ], [ 72.659282526908015, 22.199797323337688 ], [ 72.782684566408108, 22.157569291947109 ], [ 72.782756138780044, 22.192860369219556 ], [ 72.853799738096214, 22.238852218717756 ], [ 72.84205830997179, 22.27510924317928 ], [ 72.69974687657313, 22.200076935662395 ], [ 72.624176676421712, 22.233910530881985 ], [ 72.547065402925668, 22.224703755113602 ], [ 72.298313967730707, 22.031778864676447 ], [ 72.268868938143868, 21.970603033663142 ], [ 72.21166860103645, 21.962067029091912 ], [ 72.204195362575945, 21.891069329911829 ], [ 72.242459505446575, 21.829811416970813 ], [ 72.235480036761771, 21.812038888002583 ], [ 72.202823723172003, 21.819055415073347 ], [ 72.282045671073078, 21.697996309207127 ], [ 72.306126652587608, 21.626009207712801 ], [ 72.270548115785346, 21.573906068770317 ], [ 72.235354525048606, 21.456008321054444 ], [ 72.107841899012982, 21.302474603024756 ], [ 72.082666499089456, 21.245135051291648 ], [ 72.112053423847115, 21.198630700660708 ], [ 72.017792188683131, 21.153911488271174 ], [ 72.010229546292294, 21.134670085310567 ], [ 71.996597916384658, 21.141907053595034 ], [ 71.974405129816944, 21.122582801416769 ], [ 71.898334223099212, 21.109941461027589 ], [ 71.880018287718372, 21.089286150805911 ], [ 71.813078224061059, 21.067467656583986 ], [ 71.797630595009338, 21.055218565397062 ], [ 71.805586023063213, 21.037979779977462 ], [ 71.717237916815904, 21.020682219800833 ], [ 71.681912297986955, 20.996548286091002 ], [ 71.647082604890329, 20.994203341718688 ], [ 71.63677115725595, 20.98071043927834 ], [ 71.647711593574158, 20.974650855066919 ], [ 71.616912748056933, 20.967067785036463 ], [ 71.607492564829997, 20.977959877694243 ], [ 71.610513335025814, 20.966078379029685 ], [ 71.565583296589978, 20.948951877352645 ], [ 71.516654365446072, 20.94811654974534 ], [ 71.506115537145277, 20.918371285631512 ], [ 71.439982490294824, 20.869520802785015 ], [ 71.384490705738685, 20.875797244414731 ], [ 71.383172870030364, 20.856436689264804 ], [ 71.322278785340472, 20.846791877822785 ], [ 71.156151992375328, 20.777709750163037 ], [ 71.148943258890029, 20.765324439940997 ], [ 71.148147285439919, 20.758291449375651 ], [ 71.146073812067428, 20.758975591858658 ], [ 71.146870825206918, 20.761763795878878 ], [ 71.144808412818847, 20.758220369383199 ], [ 71.086306033284146, 20.755449474393497 ], [ 71.079147720806034, 20.736894111960947 ], [ 71.050609156917901, 20.730423527260907 ], [ 70.999999635980856, 20.742280244354003 ], [ 70.980551191826379, 20.722718238267202 ], [ 71.004007481299084, 20.736845313639254 ], [ 70.976812985722162, 20.702834349742655 ], [ 70.873446860561927, 20.707503879954672 ], [ 70.872755880201353, 20.704356939787964 ], [ 70.844139577905139, 20.706468070077634 ], [ 70.828131028213605, 20.690112866163823 ], [ 70.537136499140928, 20.803829223660095 ], [ 70.322800949903581, 20.926036336212576 ], [ 70.059293510272227, 21.145188162217728 ], [ 69.615963686821559, 21.624551772274767 ], [ 69.566185229693232, 21.651500898067887 ], [ 69.216552175116306, 21.957508264414752 ], [ 68.95804495239247, 22.238730213646043 ], [ 68.935757802295754, 22.311825993357978 ], [ 68.976650900777969, 22.402702912846955 ], [ 68.977802596667772, 22.403903258193022 ], [ 68.98177477886918, 22.401597432939493 ], [ 68.996374154849249, 22.401599866375609 ], [ 69.000000000576023, 22.404098472873446 ], [ 68.980646995233954, 22.402311990945876 ], [ 68.984477400825639, 22.413435115656213 ], [ 69.068004378300486, 22.481249328051053 ], [ 69.083413281878606, 22.474088224610067 ], [ 69.04995313241642, 22.438031139661163 ], [ 69.039466763033261, 22.445710930254943 ], [ 69.035110542064757, 22.390653868031201 ], [ 69.082428010573324, 22.388360978130102 ], [ 69.109922112263774, 22.409926135237278 ], [ 69.12797693793425, 22.395107484927845 ], [ 69.121169614305671, 22.375637592067399 ], [ 69.137072043317758, 22.400493755627753 ], [ 69.194605255645243, 22.421948942616435 ], [ 69.187680524903982, 22.402522579933898 ], [ 69.199804152944154, 22.390718836739353 ], [ 69.16786892691438, 22.373251985234177 ], [ 69.180932427202052, 22.370868346996218 ], [ 69.163414726697809, 22.348400819623119 ], [ 69.153872953802249, 22.249383708843816 ], [ 69.13378965766006, 22.222644624936464 ], [ 69.136338269749274, 22.195903910216114 ], [ 69.148159275133153, 22.195015718693657 ], [ 69.178532197034841, 22.212839493756928 ], [ 69.190297356852469, 22.243641730604629 ], [ 69.212815126940527, 22.210349085407319 ], [ 69.236801543703379, 22.222224033786325 ], [ 69.240518969978453, 22.258372815636204 ], [ 69.321984048873233, 22.292003050948193 ], [ 69.340072422127975, 22.31303119502557 ], [ 69.332546292660197, 22.327758567803844 ], [ 69.423187558875995, 22.316011811885794 ], [ 69.487204363563265, 22.336533379684518 ], [ 69.499481645737859, 22.366325327260647 ], [ 69.540442024441589, 22.377206499705295 ], [ 69.561323252728172, 22.355840456076425 ], [ 69.579581456080675, 22.367355982155711 ], [ 69.597659435827609, 22.346160499895316 ], [ 69.617351984584161, 22.345417425114977 ], [ 69.621234593073623, 22.371141299028402 ], [ 69.655744950358098, 22.359800158940299 ], [ 69.660992680974147, 22.396314252104084 ], [ 69.700551962719146, 22.396246088368603 ], [ 69.695384044721152, 22.450079610634333 ], [ 69.730690966914125, 22.484552116801325 ], [ 69.739616627577121, 22.432173444135248 ], [ 69.758435013154283, 22.443270836392063 ], [ 69.789719389099417, 22.413773765892568 ], [ 69.795144615137531, 22.377839333369099 ], [ 69.8328227069983, 22.447073229875894 ], [ 69.870996559301389, 22.42296701085403 ], [ 69.887799764083155, 22.454635386779184 ], [ 69.937406352836376, 22.463268987901948 ], [ 69.939848911619734, 22.48278802598071 ], [ 69.979255483359708, 22.468166275640115 ], [ 69.991101784403682, 22.510564032405988 ], [ 70.010296111333972, 22.49992348433058 ], [ 70.073123512449129, 22.51782590623224 ], [ 70.091216629706906, 22.508161474017662 ], [ 70.086491791349729, 22.49369035436894 ], [ 70.116291004195205, 22.501035662399513 ], [ 70.118233511284132, 22.486596366288097 ], [ 70.120211436249761, 22.486350942106526 ], [ 70.124145900887342, 22.512616332228056 ], [ 70.184724985034634, 22.522164999342003 ], [ 70.179182179407292, 22.567521988688924 ], [ 70.263508926979597, 22.653458811198181 ], [ 70.27868816817049, 22.725271909836724 ], [ 70.41330861238211, 22.818390490835846 ], [ 70.462322737950942, 22.831307174695294 ], [ 70.491092904587333, 22.889886678183945 ], [ 70.535149139169889, 22.912056694243205 ], [ 70.539653691754765, 22.925498276656995 ], [ 70.478811553942805, 22.937771738670975 ], [ 70.432660076215143, 22.967061652043814 ], [ 70.479205912555926, 22.974861962242755 ], [ 70.540834291837129, 22.960403344799072 ], [ 70.561704633440797, 23.029000394629861 ], [ 70.602508828354289, 23.034541917255581 ], [ 70.597117979045464, 23.060939883293837 ], [ 70.629325697338544, 23.062468016613327 ], [ 70.693669191446901, 23.120144013008744 ], [ 70.766058671874575, 23.146113416348559 ], [ 70.771461348402411, 23.168068287640157 ], [ 70.791825574683415, 23.165100363861484 ], [ 70.786136291562499, 23.15101998013952 ], [ 70.816074662428633, 23.164569280844439 ], [ 70.81557405377869, 23.136513772771522 ], [ 70.834459860612881, 23.127914202385828 ], [ 70.828559420399557, 23.079914764873241 ], [ 70.835592216672893, 23.111493813588993 ], [ 70.858218543671441, 23.129710706002705 ], [ 70.827561852056348, 23.157421558094057 ], [ 70.959247301707066, 23.194395158033576 ], [ 70.918901551218994, 23.198375960596984 ], [ 70.888285874883138, 23.182769476029588 ], [ 70.862919590148294, 23.192359333194116 ], [ 70.873117237405864, 23.204337552943418 ], [ 70.860197541225503, 23.208468127696513 ], [ 70.893175459771825, 23.224255807934004 ], [ 70.833100293668011, 23.249891452156678 ], [ 70.814273212398902, 23.230273109125292 ], [ 70.767678912846876, 23.246104588106842 ], [ 70.723453848889847, 23.217116110670812 ], [ 70.726273428801335, 23.20563756671396 ], [ 70.650802664067044, 23.223895099109559 ], [ 70.649023319779815, 23.19203869562774 ], [ 70.578962880728028, 23.177708815643875 ], [ 70.502312361226018, 23.177898609986258 ], [ 70.428031212964626, 23.217546273611589 ], [ 70.436308643928726, 23.233376746068711 ], [ 70.424760945580132, 23.237254585270506 ], [ 70.36635947020801, 23.219858095408249 ], [ 70.301929602186803, 23.223688578019743 ], [ 70.267574176441073, 23.178462065412592 ], [ 70.249681168794297, 23.177893687334148 ], [ 70.208766409235622, 23.16035382621066 ], [ 70.207299502597493, 23.125617233762863 ], [ 70.149294812188046, 23.036996129637242 ], [ 70.188616683576484, 23.072814229330991 ], [ 70.211224871792822, 23.073829226903801 ], [ 70.230254084780611, 22.972659562135814 ], [ 70.216047124357701, 22.946571944247882 ], [ 70.164392934610461, 22.938281572347808 ], [ 70.120538647591985, 22.963290742368322 ], [ 70.158001388126294, 23.03195584169984 ], [ 70.148206535560675, 23.034815636293065 ], [ 70.11809968835793, 22.991269875145854 ], [ 70.03654577775967, 22.952690050052741 ], [ 70.016751661883845, 22.920242543639581 ], [ 69.96182233857823, 22.894378183248012 ], [ 69.928485151410442, 22.896104395258817 ], [ 69.898743814323751, 22.871261185930063 ], [ 69.800887312085266, 22.851109539972487 ], [ 69.706043667681527, 22.80464673199095 ], [ 69.647421545414375, 22.796186937879675 ], [ 69.645938517610162, 22.810003189930644 ], [ 69.605258509394801, 22.8031498243482 ], [ 69.57576559870499, 22.817718357075304 ], [ 69.476994131806919, 22.795538387151897 ], [ 69.457336802399396, 22.814278435971836 ], [ 69.416833511665033, 22.810655421276401 ], [ 69.469978058570888, 22.776448534757595 ], [ 69.493054863734969, 22.779218760841104 ], [ 69.472644305046543, 22.773719865396263 ], [ 69.321582706757113, 22.832135403653837 ], [ 69.196699274386589, 22.837696027148137 ], [ 69.194183218141617, 22.851856280624641 ], [ 69.131241820816953, 22.872293251214568 ], [ 68.814385762200004, 23.057336653667601 ], [ 68.870281313425224, 23.027219636132628 ], [ 68.836915588577483, 23.046214240618728 ], [ 68.840859263641661, 23.059028469995631 ], [ 68.821006647677905, 23.05752865988735 ], [ 68.815153091437608, 23.077031041915568 ], [ 68.811550376431072, 23.058830033759854 ], [ 68.758588530684321, 23.080345475046023 ], [ 68.749857522366952, 23.088010188063343 ], [ 68.772186073120196, 23.077627855126522 ], [ 68.760109397324953, 23.099769725236609 ], [ 68.783488641888994, 23.120115294658145 ], [ 68.754212748002189, 23.122818327018255 ], [ 68.745863508409229, 23.110018528681614 ], [ 68.7122460738222, 23.151428885316449 ], [ 68.682624690572041, 23.152910095378157 ], [ 68.659566721282857, 23.197848883763374 ], [ 68.673385412772006, 23.201569828316654 ], [ 68.669171012430638, 23.218199274872095 ], [ 68.620986551095285, 23.205726776924042 ], [ 68.653517764400277, 23.231146995703309 ], [ 68.701682966754262, 23.240060825223217 ], [ 68.714998251341342, 23.264174869754655 ], [ 68.724520272978722, 23.255134940708764 ], [ 68.723625234748781, 23.267095236867476 ], [ 68.705873810573934, 23.27016656133533 ], [ 68.711866126881219, 23.286718994373782 ], [ 68.699441537169704, 23.285226642009192 ], [ 68.710971342874487, 23.316074580780757 ], [ 68.680646594028204, 23.312323222888818 ], [ 68.684530643415414, 23.32920705159588 ], [ 68.660506456986411, 23.34745415903414 ], [ 68.652038081023861, 23.30345047764003 ], [ 68.640040451583744, 23.32330820218959 ], [ 68.652230632210035, 23.335071887605398 ], [ 68.619564850377174, 23.374212848273267 ], [ 68.543013247964367, 23.421059413986512 ], [ 68.530696543223556, 23.445860853742992 ], [ 68.546265422380742, 23.465061337350829 ], [ 68.528780443010731, 23.44991393421672 ], [ 68.483966121956541, 23.54949773469983 ], [ 68.510640217201114, 23.63947900217698 ], [ 68.529019310434691, 23.635798343140291 ], [ 68.532969324909828, 23.649497958256113 ], [ 68.520732042019887, 23.649589598970525 ], [ 68.542910749292162, 23.653236962814717 ], [ 68.567955625801503, 23.684944843622191 ], [ 68.548289350970379, 23.691812115081568 ], [ 68.55802730155095, 23.717581077660217 ], [ 68.573304564210716, 23.721442253240383 ], [ 68.587235654704813, 23.702625050779641 ], [ 68.596963210879267, 23.724120781977796 ], [ 68.613199417019985, 23.718001003976248 ], [ 68.631999503914813, 23.728560679199276 ], [ 68.615680056286593, 23.725869955989996 ], [ 68.618479469019988, 23.73801868929182 ], [ 68.646874197359793, 23.738509140243245 ], [ 68.635601982664411, 23.763012787333931 ], [ 68.651790356211222, 23.794381922117395 ], [ 68.681487838444028, 23.794956041108222 ], [ 68.708308721100977, 23.834273021759529 ], [ 68.68823481504846, 23.846445512621862 ], [ 68.602649075012209, 23.829523848994775 ], [ 68.576717313382446, 23.817283855669803 ], [ 68.52745867896968, 23.74607888770711 ], [ 68.420976797714829, 23.733208776152438 ], [ 68.393838455826355, 23.600031669863608 ], [ 68.278081224921195, 23.55972858516914 ], [ 68.188230010828107, 23.581805099066884 ], [ 68.185542396126792, 23.595404194050921 ], [ 68.192210003880916, 23.586697246663672 ], [ 68.20766913675817, 23.586156892361178 ], [ 68.177863854894596, 23.614092999961649 ], [ 68.18632053119893, 23.645281144632705 ], [ 68.207847213390181, 23.650331820809097 ], [ 68.183041355221775, 23.654880439398426 ], [ 68.206659388158002, 23.668888782223984 ], [ 68.181654493865324, 23.72163315782128 ], [ 68.20263908230848, 23.766671861651055 ], [ 68.210349726633979, 23.877182094993021 ], [ 68.279853031444858, 23.93081634930034 ], [ 68.332916881790453, 23.925097221862114 ], [ 68.340016948403814, 23.968473358819672 ], [ 68.368932874779887, 23.984773902219665 ], [ 68.389660232438104, 23.96659376875434 ], [ 68.753025990866846, 23.971310422961217 ], [ 68.764704347376878, 24.295843708367237 ], [ 68.826311682724267, 24.317362932867326 ], [ 68.864821479790805, 24.212780055047102 ], [ 68.880291831727632, 24.216567569829152 ], [ 68.906750317829307, 24.279786040746171 ], [ 68.945283783706969, 24.302492759907828 ], [ 68.984741270160583, 24.227609708332281 ], [ 69.005328411582681, 24.223119659359785 ], [ 69.094753490057826, 24.274494284319985 ], [ 69.193280938592139, 24.236195884006001 ], [ 69.312739640794589, 24.281601873734946 ], [ 69.494006106857313, 24.267780141018509 ], [ 69.594446021020801, 24.292398464659744 ], [ 69.731214048717533, 24.171056605356437 ], [ 70.0250573152192, 24.171284910064514 ], [ 70.066810130174431, 24.199159176187084 ], [ 70.109868381392118, 24.294974709864338 ], [ 70.325585359873401, 24.351876357272189 ], [ 70.368459178878382, 24.350768958592013 ], [ 70.573121694289185, 24.422362307981743 ], [ 70.602468540710419, 24.408122716762932 ], [ 70.562233851635895, 24.355088473345685 ], [ 70.584531311697162, 24.290362478611097 ], [ 70.571229756960875, 24.251734939740761 ], [ 70.667789824954369, 24.219478715014688 ], [ 70.805459668669883, 24.220854108090311 ], [ 70.907257755592923, 24.258779152361608 ], [ 70.874505089604042, 24.294490342038145 ], [ 70.947679833235682, 24.348051733051587 ], [ 70.986542479562644, 24.364708941682679 ], [ 71.042133710315724, 24.351252424785113 ], [ 71.081889236221045, 24.392911603372426 ], [ 71.121843871912461, 24.405660752751746 ], [ 71.125526485775296, 24.420078917949528 ], [ 71.103067307403364, 24.435696362345862 ], [ 70.998565183677329, 24.444426756836091 ], [ 71.005209766712412, 24.523020741958913 ], [ 70.987354744327405, 24.5434205408155 ], [ 70.998822367749895, 24.621842560927053 ], [ 71.096379368977694, 24.68854094805009 ], [ 71.098099029121329, 24.687891400927633 ], [ 71.065299095654993, 24.71746093735236 ], [ 71.026480143383452, 24.80884939334533 ], [ 70.937627759766542, 24.938558418915218 ], [ 70.888670578403591, 25.148173493255054 ], [ 70.751580966411524, 25.277815450083413 ], [ 70.736795340927017, 25.332557286358274 ], [ 70.664813860928319, 25.396882652903042 ], [ 70.678453295399137, 25.525196237680589 ], [ 70.667136073311426, 25.531338643180508 ], [ 70.673933669982091, 25.675841859103212 ], [ 70.660074251572937, 25.702152567034837 ], [ 70.608851755320316, 25.714973220675432 ], [ 70.530154862821348, 25.683480351377668 ], [ 70.387002158057413, 25.673831537047423 ], [ 70.268652013746518, 25.713600200819208 ], [ 70.247241350770821, 25.761605257403229 ], [ 70.174454814987541, 25.828365831814939 ], [ 70.099763228269452, 25.938263047253987 ], [ 70.083387220016007, 26.083288984623934 ], [ 70.143424108905577, 26.152747291362889 ], [ 70.175047297934881, 26.251528463246931 ], [ 70.163509411884135, 26.294930852809998 ], [ 70.185362727800907, 26.374334460130999 ], [ 70.174176378572, 26.551443370213544 ], [ 70.117196418865021, 26.586880574984036 ], [ 70.056233293255644, 26.600568523220144 ], [ 69.886766902729022, 26.578870097980317 ], [ 69.791895930676063, 26.598311312609912 ], [ 69.722492714357472, 26.653310647609334 ], [ 69.510309727068545, 26.74350376567466 ], [ 69.484425669573596, 26.804835288605307 ], [ 69.51331289028478, 27.009983515371935 ], [ 69.586415889966233, 27.182646592328926 ], [ 69.862484679726236, 27.401807499120192 ], [ 69.933890909159686, 27.49783075976476 ], [ 70.025899699597119, 27.562919935347068 ], [ 70.132396196441633, 27.805955562920264 ], [ 70.227011574440084, 27.901370580287281 ], [ 70.296184936131965, 27.936015539924281 ], [ 70.372192349027088, 28.011832144615017 ], [ 70.505820639041701, 28.037038001625778 ], [ 70.58946000833501, 28.01043969568688 ], [ 70.677399182600354, 27.921846194017274 ], [ 70.684371928293572, 27.828185801339959 ], [ 70.739767924592655, 27.741921845626251 ], [ 70.759316072760527, 27.721265819952475 ], [ 70.871839430626594, 27.705597885254726 ], [ 70.963199269119627, 27.729377535714715 ], [ 71.205535365950112, 27.835417479038639 ], [ 71.38306322615837, 27.872630068302808 ], [ 71.666433383308814, 27.877756409771969 ], [ 71.889973978245706, 27.954807037323061 ], [ 71.92715887525253, 28.121261329063131 ], [ 72.004290317723331, 28.218656613282597 ], [ 72.132243521591747, 28.313098394334055 ], [ 72.20613068314259, 28.394268820679613 ], [ 72.299237599336166, 28.669754062740097 ], [ 72.390702636837148, 28.770357250171518 ], [ 72.73308527017835, 28.948087888955936 ], [ 72.945840499574615, 29.027947567175417 ], [ 73.004357590818771, 29.152954134332667 ], [ 73.084428525715083, 29.236265625233187 ], [ 73.282097229040914, 29.572031894630651 ], [ 73.396925235429634, 29.945997697671874 ], [ 73.597001880061114, 30.018977276784035 ], [ 73.806560414992987, 30.068029040629391 ], [ 73.972493276896827, 30.198095229648033 ], [ 73.956533881283818, 30.276071124375282 ], [ 73.930867109188142, 30.320068464682141 ], [ 73.879775959206498, 30.359722016288906 ], [ 73.973903181899757, 30.444111654330371 ], [ 73.926258740102512, 30.438930278250311 ], [ 73.934399540905133, 30.490142347176956 ], [ 73.964129701153055, 30.456476137336082 ], [ 73.963657978729387, 30.484852219296599 ], [ 73.981991233628918, 30.504018453679542 ], [ 74.019989034102622, 30.514170296928238 ], [ 74.012026793225658, 30.533592491076309 ], [ 74.031010094217606, 30.526926937088291 ], [ 74.039220419233359, 30.542617387180627 ], [ 74.057306463156593, 30.518689710630966 ], [ 74.072279919180545, 30.522909659016552 ], [ 74.090947924982515, 30.549421518615251 ], [ 74.073420362773064, 30.554676851288487 ], [ 74.102128380364832, 30.579231926118805 ], [ 74.096036993356449, 30.611607235065673 ], [ 74.118065637958779, 30.607906363878453 ], [ 74.127361850981544, 30.634796400318656 ], [ 74.147820137161006, 30.631060569154329 ], [ 74.193321628085059, 30.665174318753841 ], [ 74.232657858145004, 30.724556430318358 ], [ 74.286460243130051, 30.735695883050774 ], [ 74.261425876011245, 30.775059532278419 ], [ 74.301967215787755, 30.779368810129046 ], [ 74.294875551117215, 30.794506992183891 ], [ 74.320385234819184, 30.84662651201328 ], [ 74.38208903934661, 30.860433952380291 ], [ 74.360765878567804, 30.873703769384292 ], [ 74.365905415192728, 30.892932489010207 ], [ 74.422717990914478, 30.907778715727883 ], [ 74.410335445951532, 30.92348943422677 ], [ 74.428746795890305, 30.93122551904111 ], [ 74.413865357894153, 30.929648730359592 ], [ 74.41640488172763, 30.940334605167237 ], [ 74.54615956167693, 30.99241636824754 ], [ 74.542477799417014, 31.017368540688029 ], [ 74.568233809254721, 31.054688965096283 ], [ 74.596799771759009, 31.037662574063372 ], [ 74.671161342594559, 31.053627394940637 ], [ 74.695930500092061, 31.074159652752218 ], [ 74.688922477557654, 31.127879830664074 ], [ 74.658968417615029, 31.133971151624433 ], [ 74.636231784686146, 31.118259048060708 ], [ 74.630877187788926, 31.13271034707677 ], [ 74.603462286065508, 31.13366644404126 ], [ 74.610667369328851, 31.099295958300576 ], [ 74.571268679407211, 31.081421831116465 ], [ 74.551496597408672, 31.086385184667208 ], [ 74.548355100825191, 31.121927358261214 ], [ 74.510363337030185, 31.131900951908264 ], [ 74.517546495112398, 31.229096232357321 ], [ 74.53276941059579, 31.250487068708551 ], [ 74.520602813440632, 31.268922217793914 ], [ 74.541762656907522, 31.303397244098651 ], [ 74.526386040577336, 31.311672683297601 ], [ 74.548685194861193, 31.334646695157687 ], [ 74.551801536820079, 31.364641641774384 ], [ 74.583482086873502, 31.379039044753519 ], [ 74.602460032109747, 31.420509456933313 ], [ 74.654610265268659, 31.426008201672083 ], [ 74.635414581882273, 31.48540529093826 ], [ 74.609767634706571, 31.499870220331697 ], [ 74.587284224279841, 31.496291013317851 ], [ 74.575323995298277, 31.50092818073659 ], [ 74.584092610686696, 31.520568652315344 ], [ 74.61269075174279, 31.527229426888205 ], [ 74.615693543056508, 31.568376138743428 ], [ 74.55531664273019, 31.60784039216859 ], [ 74.534410338870785, 31.678303027868321 ], [ 74.486596473014302, 31.714998933904813 ], [ 74.503703844656343, 31.740477623273605 ], [ 74.559406882424582, 31.757879837207721 ], [ 74.557905791296591, 31.804769748622927 ], [ 74.607862148088842, 31.890385963318739 ], [ 74.636309004766275, 31.884221787922105 ], [ 74.666705258610847, 31.922734470328869 ], [ 74.719238989751048, 31.923689701285252 ], [ 74.720165036926332, 31.941427899055689 ], [ 74.756572177950048, 31.943699869648956 ], [ 74.755593370921517, 31.955754205227251 ], [ 74.819100057393243, 31.958749484193177 ], [ 74.828872941658574, 31.998616661957197 ], [ 74.879978017323751, 32.032039766025896 ], [ 74.868920896138363, 32.041609837706453 ], [ 74.879549879361051, 32.053796839306521 ], [ 74.927957878369995, 32.066459755720714 ], [ 75.012364530188506, 32.035745420620835 ], [ 75.064131303095351, 32.065593137178666 ], [ 75.091206614691913, 32.071839155835484 ], [ 75.104895293908285, 32.058569708698847 ], [ 75.122905313409021, 32.081382063984599 ], [ 75.174243456974693, 32.067468614748819 ], [ 75.198497360588149, 32.08267098822013 ], [ 75.202457731740225, 32.120237380886991 ], [ 75.215826679885737, 32.121103926321268 ], [ 75.223703799999683, 32.098162630988561 ], [ 75.235440843447194, 32.103504368633935 ], [ 75.231417192271579, 32.091610552838105 ], [ 75.26130958825982, 32.101380574064862 ], [ 75.285354606620274, 32.151494734977398 ], [ 75.322420125610648, 32.179498518333837 ], [ 75.316380856160094, 32.208036950150181 ], [ 75.372434334805533, 32.226053099124158 ], [ 75.381855084869372, 32.268954119187455 ], [ 75.320496487634287, 32.297389977848773 ], [ 75.335797099771199, 32.333261154844173 ], [ 75.327771438267192, 32.326116686268634 ], [ 75.322670356722966, 32.343527759677855 ], [ 75.288302360851446, 32.354481047653657 ], [ 75.289748313387292, 32.36984226816967 ], [ 75.25812933925333, 32.371412403701626 ], [ 75.255943922321691, 32.38926534215377 ], [ 75.193954847894332, 32.400469011852913 ], [ 75.189765644398378, 32.425805865348977 ], [ 75.131420765584082, 32.40886425530055 ], [ 75.101353277167206, 32.477694539971957 ], [ 75.085538528218436, 32.468760272867861 ], [ 75.028022753088905, 32.497085801327472 ], [ 75.019301601985163, 32.466162166289621 ], [ 74.952661501970894, 32.44749575174216 ], [ 74.937935054802324, 32.471297262371337 ], [ 74.897456124581836, 32.468437999642568 ], [ 74.875861272836943, 32.491993933277229 ], [ 74.818753364287403, 32.497913610163152 ], [ 74.812818564412851, 32.479636865130175 ], [ 74.727458683296888, 32.475815301344319 ], [ 74.682725363331883, 32.49223856208404 ], [ 74.69060917589465, 32.53296104170515 ], [ 74.662882443783289, 32.544521644674248 ], [ 74.673835266970954, 32.567976359343199 ], [ 74.652539851558004, 32.562964289278383 ], [ 74.658770753218235, 32.596845390296323 ], [ 74.639045701618102, 32.614642230117127 ], [ 74.695268692357615, 32.661313145018589 ], [ 74.65349777455279, 32.696685252167832 ], [ 74.704773710683341, 32.841947858961291 ], [ 74.640521703698482, 32.818944482688451 ], [ 74.63462640813681, 32.806623869706627 ], [ 74.658357449135792, 32.787654347354959 ], [ 74.63229336566468, 32.776397259350986 ], [ 74.634258355788489, 32.749540604368867 ], [ 74.619196728322805, 32.760683009829464 ], [ 74.576842322401617, 32.747901425168784 ], [ 74.562890851828655, 32.760119076825085 ], [ 74.511591086088558, 32.745501114651439 ], [ 74.510189909179743, 32.764869589233285 ], [ 74.486075766356493, 32.764446332238599 ], [ 74.458978404712965, 32.787579837913178 ], [ 74.415261134131498, 32.784558795340082 ], [ 74.391003298592054, 32.763163396043382 ], [ 74.355048147598467, 32.766998443661066 ], [ 74.314479697564977, 32.796837810929304 ], [ 74.303397745148473, 32.829840508880906 ], [ 74.219641003776772, 32.848817997376223 ], [ 74.211264467077271, 32.873433730817474 ], [ 74.17880371941979, 32.889495938686288 ], [ 74.068952398569692, 32.909555743827845 ], [ 74.058162847778192, 32.93453760601794 ], [ 73.999681008222453, 32.935400059257525 ], [ 74.006184290754916, 32.954906814187964 ], [ 73.972370632668856, 32.96720658997004 ], [ 73.964644689135781, 32.987123695321046 ], [ 73.825662925118095, 33.004011441761286 ], [ 73.825970436406124, 32.977239447015691 ], [ 73.790430846062989, 32.966809253238267 ], [ 73.794510948269405, 33.003591207297269 ], [ 73.749106705364753, 33.033620025642428 ], [ 73.742830892431869, 33.066153764231821 ], [ 73.631859560170383, 33.095298659273276 ], [ 73.631201123813213, 33.139516365122184 ], [ 73.648687657268667, 33.137472363300596 ], [ 73.664482020748693, 33.16134611603853 ], [ 73.668008932318273, 33.20185730337451 ], [ 73.647621713657571, 33.222823096249627 ], [ 73.633549832005613, 33.207636055705365 ], [ 73.637563343896616, 33.230409457773128 ], [ 73.606514355301982, 33.273713277739333 ], [ 73.614171854396943, 33.292891944876686 ], [ 73.589295894398703, 33.323537059894861 ], [ 73.598028020220269, 33.337518733782559 ], [ 73.578419816980713, 33.328623781063122 ], [ 73.570487914007487, 33.342977176264654 ], [ 73.583768531709396, 33.355675736814057 ], [ 73.565154536215587, 33.366251323174801 ], [ 73.603160125082852, 33.419082509220203 ], [ 73.586708104983316, 33.422805304938322 ], [ 73.596064366789548, 33.438983499234332 ], [ 73.631892077387036, 33.447594472156766 ], [ 73.602067744052931, 33.496683217245632 ], [ 73.618683298856666, 33.495350417206886 ], [ 73.611447061120955, 33.513059057249677 ], [ 73.641772703790949, 33.52850685922094 ], [ 73.624414488385625, 33.540868233169483 ], [ 73.628706340572478, 33.571058813736848 ], [ 73.604983486818981, 33.588694798672975 ], [ 73.611903245385179, 33.603779539349965 ], [ 73.567154998115058, 33.617735817717879 ], [ 73.577743248129494, 33.638057760321381 ], [ 73.567458699648014, 33.668486068177522 ], [ 73.603135988249463, 33.715087014303499 ], [ 73.594645994329596, 33.75123299835839 ], [ 73.559922503659109, 33.781329070910921 ], [ 73.592840795630167, 33.89379776877275 ], [ 73.54760974970894, 33.936933857084831 ], [ 73.516453627135206, 33.998826320188293 ], [ 73.490933411584848, 34.139668130209273 ], [ 73.498538902716419, 34.211216054113798 ], [ 73.472833662065312, 34.252302193988861 ], [ 73.48083596870228, 34.289420715316645 ], [ 73.456709281804436, 34.276454056303521 ], [ 73.429943029293128, 34.346297677659457 ], [ 73.407860692386251, 34.350280583986489 ], [ 73.396060031148608, 34.373082227167828 ], [ 73.427737532319981, 34.42603761687689 ], [ 73.421942290216322, 34.466051004759535 ], [ 73.450462860849342, 34.569944637933226 ], [ 73.532176932977919, 34.570984079752748 ], [ 73.556131499972423, 34.589836464733018 ], [ 73.611149843627757, 34.584821364120813 ], [ 73.650263617585694, 34.561964252708286 ], [ 73.653755165177472, 34.60052805134886 ], [ 73.695000294554944, 34.650052737999644 ], [ 73.659053747625151, 34.673097205247309 ], [ 73.729942180942317, 34.772221993277569 ], [ 73.772306834844258, 34.796108085690669 ], [ 73.821776014596679, 34.792098793275279 ], [ 73.837712339739383, 34.813155602023315 ], [ 73.919373641234927, 34.81164782487172 ], [ 73.930468142217606, 34.832389831685369 ], [ 73.960997544353603, 34.838559281677462 ], [ 73.967435589433492, 34.863826206197238 ], [ 74.029915700063171, 34.876281129356968 ], [ 74.03720021056732, 34.919227870718288 ], [ 74.071170448600654, 34.935481570239226 ], [ 74.059324834767892, 34.992675532271463 ], [ 74.109746957255183, 35.016074679319118 ], [ 74.066775625227748, 35.046819970932525 ], [ 74.10143039208404, 35.099141507751945 ], [ 74.14734863620771, 35.096950378815983 ], [ 74.105860950438952, 35.125722498146928 ], [ 74.112272117027231, 35.148527134298163 ], [ 74.033813990442567, 35.146862275664027 ], [ 74.002828059089296, 35.183647824029393 ], [ 73.956844710948573, 35.168044983698103 ], [ 73.924549054775682, 35.203897025226773 ], [ 73.861189170089347, 35.207144145244314 ], [ 73.808327853907755, 35.239496406207046 ], [ 73.720233592695124, 35.214419895818708 ], [ 73.707984097208893, 35.222483590257312 ], [ 73.724975015749038, 35.273048513146946 ], [ 73.694842554882612, 35.318405774019233 ], [ 73.695438990417173, 35.369070275177286 ], [ 73.727023094646782, 35.418988669339754 ], [ 73.792038580689933, 35.454219665215668 ], [ 73.778504942606745, 35.522894258887824 ], [ 73.729614153929788, 35.529492533736175 ], [ 73.721255911421025, 35.549219524090333 ], [ 73.658838454689189, 35.547628563824802 ], [ 73.628388405233864, 35.569045232805031 ], [ 73.561597222961822, 35.546388671141905 ], [ 73.527924250032399, 35.567301883017024 ], [ 73.501505252074011, 35.55756944868083 ], [ 73.47736080638127, 35.571901673350617 ], [ 73.398123550289426, 35.557082802955009 ], [ 73.363482100058903, 35.59722367086232 ], [ 73.268677924035515, 35.624386074845468 ], [ 73.132915165040671, 35.710777313906938 ], [ 73.126500453700245, 35.776226829640763 ], [ 73.148664071970657, 35.831183367160449 ], [ 73.083882809959775, 35.877462646351944 ], [ 73.028824380781501, 35.847058073866023 ], [ 72.987077774083232, 35.859810613193915 ], [ 72.918442279566023, 35.839057315349635 ], [ 72.892447502017362, 35.844540859665997 ], [ 72.891126882429987, 35.873737395223799 ], [ 72.839317032610339, 35.867128354230495 ], [ 72.819157673418076, 35.881720315779752 ], [ 72.784288671841267, 35.841454371231301 ], [ 72.76143859696333, 35.832303948141984 ], [ 72.72657914357967, 35.853051953349798 ], [ 72.684383791566063, 35.822525159874644 ], [ 72.628139648196523, 35.857857932214358 ], [ 72.585100919166592, 35.85937260875928 ], [ 72.558235392934947, 35.897664743192088 ], [ 72.518473616551887, 35.90548266995134 ], [ 72.513077327045707, 35.938673016325254 ], [ 72.534886349730783, 35.950638523814092 ], [ 72.538672681279706, 35.985120108240942 ], [ 72.559963801847246, 35.986957113090405 ], [ 72.583525296616159, 36.017073965036374 ], [ 72.568759323575065, 36.044622777274739 ], [ 72.535740044796412, 36.047291272867504 ], [ 72.516680471446946, 36.0673348561374 ], [ 72.527615122614719, 36.110223234716194 ], [ 72.561704949768625, 36.139890004179819 ], [ 72.535776431955313, 36.175520294081373 ], [ 72.580716765084304, 36.252623084820485 ], [ 72.618868090335056, 36.269279637276455 ], [ 72.684833940948195, 36.243882596732142 ], [ 72.680560502428037, 36.271033863753672 ], [ 72.759177662259049, 36.298578630915088 ], [ 72.816081899377423, 36.356435615078723 ], [ 72.853666294259085, 36.366348794923283 ], [ 72.875544360558592, 36.394560738293649 ], [ 72.859669429875652, 36.435560495329185 ], [ 72.90814949532998, 36.460922109858757 ], [ 72.979358980241486, 36.457319995151082 ], [ 72.977913208267026, 36.51152501215342 ], [ 73.051945348023267, 36.532966366799947 ], [ 73.097166826886749, 36.605994290650671 ], [ 73.074105711697442, 36.628783866756159 ], [ 73.067645653401456, 36.700622562964789 ], [ 73.1164408200097, 36.68419542814302 ], [ 73.170671413026071, 36.72403081905923 ], [ 73.201396207719483, 36.695529223154757 ], [ 73.238014310901178, 36.711520655069414 ], [ 73.294119819069536, 36.704226663355172 ], [ 73.347831756281892, 36.716399609187441 ], [ 73.351575847249507, 36.735004085288317 ], [ 73.421442211572398, 36.742983287339854 ], [ 73.497632919413036, 36.713135595966911 ], [ 73.579301674230507, 36.722380699357593 ], [ 73.589994586060399, 36.69452375623635 ], [ 73.621581507406702, 36.690340119916158 ], [ 73.689269306248605, 36.687568781284298 ], [ 73.709853612587708, 36.712333346755713 ], [ 73.774783927562112, 36.70208962324449 ], [ 73.795551170418932, 36.718841695884919 ], [ 73.876708690414944, 36.704687177189612 ], [ 73.883357721907331, 36.745285017803091 ], [ 73.867988891275701, 36.766316942022975 ], [ 73.836986872892339, 36.795133836724638 ], [ 73.801513070669046, 36.794215120736212 ], [ 73.797573268242033, 36.818197917737614 ], [ 73.758835976423029, 36.8161548653583 ], [ 73.705509598825586, 36.837811560937247 ], [ 73.706187224095515, 36.857953285196949 ], [ 73.667007455405255, 36.880880696054625 ], [ 73.671093305032826, 36.911698335870248 ], [ 73.728725090394803, 36.897990253315207 ], [ 73.751322494336108, 36.909686513815124 ], [ 73.800719916663624, 36.88749587073481 ], [ 73.820442789849238, 36.90309102823813 ], [ 73.859261154622587, 36.897318610143635 ], [ 73.893020413430023, 36.875460526045487 ], [ 73.914902264331801, 36.88298262311887 ], [ 73.961499254338094, 36.839266719240918 ], [ 74.046521447958966, 36.810821760125499 ], [ 74.085516779944982, 36.841507319140447 ], [ 74.133459049191515, 36.847903451263981 ], [ 74.155750258775015, 36.910507679720098 ], [ 74.248970822631819, 36.893605663959711 ], [ 74.419869694558272, 36.994502338949161 ], [ 74.520310713649565, 36.995832011306483 ], [ 74.54255070578715, 36.961354833849882 ], [ 74.564101339758807, 36.957897250316272 ], [ 74.580418347562713, 37.021011852220468 ], [ 74.568121735439846, 37.051760009101379 ], [ 74.681170492762789, 37.086713809242433 ], [ 74.707390544428492, 37.087288350685078 ], [ 74.747136685634047, 37.020113590340848 ], [ 74.769054813201933, 37.041221919997923 ], [ 74.838901819728747, 37.035843453930546 ], [ 74.834785851386329, 37.005264269256365 ], [ 74.915579066805378, 36.920259475262483 ], [ 75.01567141290397, 36.990722949330326 ], [ 75.10915168330267, 36.96189897918466 ], [ 75.21095624977383, 37.050016805708616 ], [ 75.320783916185874, 37.064281104184005 ], [ 75.346573161892451, 37.052721038788164 ], [ 75.354427389339691, 36.988482856977278 ], [ 75.418447872628036, 36.972395899118595 ], [ 75.406920841819186, 36.908033447888513 ], [ 75.449818467975845, 36.888929102343319 ], [ 75.463266563087799, 36.8303132952678 ], [ 75.612724256268365, 36.775270246664071 ], [ 75.744423686399841, 36.607697649935965 ], [ 75.807021540112103, 36.563423690134044 ], [ 75.852432432346475, 36.558341235240192 ], [ 75.945038013153024, 36.511605774639555 ], [ 76.07115386312644, 36.484242322848253 ], [ 76.163953103640253, 36.4064516450902 ], [ 76.266501957561985, 36.358842962737768 ], [ 76.353927234399379, 36.369447234997764 ], [ 76.437499909172715, 36.310353424107632 ], [ 76.44850030713782, 36.272011678713405 ], [ 76.436783030219786, 36.257829467961258 ], [ 76.480981033327225, 36.219734621861434 ], [ 76.594093818072011, 36.17832092626292 ], [ 76.655923799065931, 36.192184191077899 ], [ 76.711116927926071, 36.140126699255248 ], [ 76.720091582704697, 36.09769526805637 ], [ 76.783750226393224, 36.071927935990736 ], [ 76.813687622587295, 36.040628778042027 ], [ 76.732136448257378, 35.954636101117217 ], [ 76.782994684848802, 35.905200338867758 ], [ 76.807480142701493, 35.849745566345838 ], [ 76.86114806066827, 35.835952568689351 ], [ 76.935612444586425, 35.789022384119868 ], [ 77.001003951034434, 35.775560105090612 ], [ 77.115659882435537, 35.798105130104027 ], [ 77.152190219315642, 35.768635208105124 ], [ 77.176355717925389, 35.768134603980172 ], [ 77.179679684800917, 35.730218487929633 ], [ 77.213013403573413, 35.73325194870484 ], [ 77.258344855990586, 35.704320183812492 ], [ 77.287437204301952, 35.722590536050689 ], [ 77.321067909700631, 35.70104810033542 ], [ 77.335549012592054, 35.719753890979753 ], [ 77.365866774342052, 35.715187188698145 ], [ 77.411556541369876, 35.656256623345776 ], [ 77.43793594698046, 35.656143670150911 ], [ 77.440126271408502, 35.602134106819918 ], [ 77.471880830963258, 35.584270189797827 ], [ 77.465222170429328, 35.550047420650017 ], [ 77.482763954766313, 35.529620724208804 ], [ 77.43052180239431, 35.513670478690187 ], [ 77.388658393149498, 35.539437397724541 ], [ 77.332044284020128, 35.53034607323098 ], [ 77.385239072801497, 35.473860326961727 ], [ 77.443663675300598, 35.459455842306234 ], [ 77.49613500856286, 35.477776726975712 ], [ 77.628623701197924, 35.465038548306147 ], [ 77.653095231570418, 35.481180090092295 ], [ 77.685158613055222, 35.466823935174965 ], [ 77.728771767098635, 35.477334482313623 ], [ 77.735865858118757, 35.521098265072723 ], [ 77.786318515240865, 35.487980226033109 ], [ 77.829240831593111, 35.505095511052957 ], [ 77.912077156429731, 35.4610900353467 ], [ 77.929315926445, 35.49030749980588 ], [ 77.985251899163032, 35.448302963675253 ], [ 77.939265835415171, 35.506909043335966 ], [ 77.967935586572452, 35.571765879800182 ], [ 77.95780845616639, 35.604867531724523 ], [ 78.001397102372223, 35.582369077266804 ], [ 78.055561400618956, 35.581787410097007 ], [ 78.084351699399164, 35.552018627274236 ], [ 78.136765750689023, 35.536568397300016 ], [ 78.164912067004977, 35.551736130231639 ], [ 78.169825086244515, 35.624998212263172 ], [ 78.197437519414052, 35.622838509188135 ], [ 78.212048859157093, 35.665999576329426 ], [ 78.265611506250679, 35.647419330187532 ], [ 78.284507064297259, 35.664490218181719 ], [ 78.276950293295116, 35.718374140323917 ], [ 78.403863661289577, 35.735849329997059 ], [ 78.442671578656189, 35.783642771194984 ], [ 78.534164020163274, 35.762512781701673 ], [ 78.646430642216075, 35.821067133635921 ], [ 78.673311063413465, 35.854203537093838 ], [ 78.786220270151901, 35.868878342091584 ], [ 78.839070855957473, 35.856116086265736 ], [ 78.925121106742282, 35.867510213257141 ], [ 78.96920489714617, 35.890168999248665 ], [ 79.032247716063083, 35.847717221947462 ], [ 79.164672528599937, 35.838186198671309 ], [ 79.212759834442394, 35.877865569083639 ], [ 79.204494950247849, 35.92770244576851 ], [ 79.230898839441522, 35.972164187241439 ], [ 79.358031111599331, 35.991732786975739 ], [ 79.410353455678461, 35.985977349735023 ], [ 79.440199813008377, 35.894083357837879 ], [ 79.536227970555856, 35.879638630974881 ], [ 79.751090590116505, 35.796918989757593 ], [ 79.898959481563082, 35.775108640750339 ], [ 79.967695546967946, 35.825181180746014 ], [ 80.015692352935361, 35.826163578636418 ], [ 80.128896516107517, 35.656732827879303 ], [ 80.213082085348049, 35.638657266796052 ], [ 80.311711972367462, 35.587956127344711 ], [ 80.314628360123891, 35.536076175932976 ], [ 80.345083611723069, 35.461172181748502 ], [ 80.298484673270892, 35.416988317241085 ], [ 80.29747554899987, 35.352868378279773 ], [ 80.242657023901387, 35.208015509769368 ], [ 80.185032569690463, 35.130628278047631 ], [ 80.186895094379764, 35.00799859420318 ], [ 80.127235161939581, 34.872549273251821 ], [ 80.074995163727607, 34.805417883210971 ], [ 80.06531123603159, 34.692857746061257 ], [ 79.944662496046419, 34.660900859169466 ], [ 79.878259653675087, 34.674859005293264 ], [ 79.776604263236621, 34.610383780786862 ], [ 79.794375653366998, 34.580540603832752 ], [ 79.769775875012925, 34.537777808090219 ], [ 79.821044804284256, 34.514455480262967 ], [ 79.816103835761325, 34.483093383690864 ], [ 79.791438731021501, 34.466753603059757 ], [ 79.598392754554482, 34.486758983702067 ], [ 79.52215475580401, 34.463621850759999 ], [ 79.531628789438955, 34.408754159020525 ], [ 79.568936974828617, 34.400589780062028 ], [ 79.568511095230548, 34.320196714991553 ], [ 79.596961809273779, 34.278003937849242 ], [ 79.592138725767256, 34.235820117137038 ], [ 79.540058343808198, 34.191307321756128 ], [ 79.513141847167347, 34.200937835735502 ], [ 79.49368608443821, 34.184680746163949 ], [ 79.495954241597403, 34.124448995971484 ], [ 79.421113121317134, 34.075939795772115 ], [ 79.4145291808519, 34.041713280122416 ], [ 79.437449969312411, 34.01264765836661 ], [ 79.415505660345531, 33.999005971692903 ], [ 79.373667696779478, 34.026754124665779 ], [ 79.282943755913124, 34.027606743233761 ], [ 79.17292876740818, 34.058291511296687 ], [ 79.148007508963403, 34.055069435138819 ], [ 79.138230495142722, 34.017515961694194 ], [ 79.112650905443644, 34.008944572283632 ], [ 79.001148941038778, 34.033608225299623 ], [ 78.953209326313882, 34.013131250019008 ], [ 78.918317097897074, 33.963921796198512 ], [ 79.013185926569804, 33.78293562615999 ], [ 79.060454501574085, 33.775834726871587 ], [ 79.016106142047633, 33.702263923952493 ], [ 79.04631867873853, 33.67383453875162 ], [ 79.077995772074743, 33.686081918316127 ], [ 79.100150613804857, 33.616324028289114 ], [ 78.902860435386884, 33.622011201756749 ], [ 78.914524617380067, 33.606006327751125 ], [ 78.906259814033916, 33.573709545862727 ], [ 78.94377379087878, 33.526069091303007 ], [ 78.927077973401026, 33.454288014747632 ], [ 78.978421967694089, 33.336409652110547 ], [ 79.107691331014536, 33.289112026915504 ], [ 79.223682868596924, 33.296284632752581 ], [ 79.446112571819157, 33.257734695223782 ], [ 79.443044611324879, 33.200360785211203 ], [ 79.373216987746929, 33.10637983923688 ], [ 79.380322632898242, 33.027669841188086 ], [ 79.324903122298267, 33.012241536752668 ], [ 79.44606442032331, 32.911810750646779 ], [ 79.557076719355024, 32.767718214721249 ], [ 79.588146231758941, 32.766059452940397 ], [ 79.611860847062957, 32.735036056685779 ], [ 79.429290131412216, 32.523530820719621 ], [ 79.38453336990986, 32.522797682289607 ], [ 79.372990372445145, 32.560482436943957 ], [ 79.305255536018322, 32.585823290131565 ], [ 79.259751377097871, 32.522654213321744 ], [ 79.182086273364547, 32.473757322062724 ], [ 79.125044968605152, 32.4650226538323 ], [ 79.13516531673082, 32.432298560955303 ], [ 79.093679832319324, 32.377134380253644 ], [ 79.045408418556065, 32.387406392699972 ], [ 79.00354542163798, 32.374881020850083 ], [ 78.97118501669604, 32.335693588308082 ], [ 78.806701784967998, 32.444248134037323 ], [ 78.759157784700946, 32.567789261285093 ], [ 78.78236340019194, 32.595810528267414 ], [ 78.743339820681783, 32.654977708300436 ], [ 78.750696552141548, 32.692763032996538 ], [ 78.70871136098863, 32.656133740701456 ], [ 78.648369580298365, 32.643857707259627 ], [ 78.605259207031253, 32.591090244909445 ], [ 78.565513803342554, 32.614845958682288 ], [ 78.451282823579859, 32.577598553253289 ], [ 78.399522698789781, 32.524603688746254 ], [ 78.461248086554889, 32.50379702211189 ], [ 78.465549198575687, 32.454661813691722 ], [ 78.495764955726841, 32.422020408378266 ], [ 78.533505461635201, 32.415460183375991 ], [ 78.484787791788236, 32.34913626519991 ], [ 78.483411394008215, 32.281386157311204 ], [ 78.460839850767272, 32.24170848633802 ], [ 78.559478393054476, 32.248689177692548 ], [ 78.587952438142267, 32.236100879085647 ], [ 78.614691301020542, 32.208805274125304 ], [ 78.61375778615033, 32.175371606028449 ], [ 78.596232370016111, 32.157769581298432 ], [ 78.617665811572465, 32.115224996632705 ], [ 78.656603214799091, 32.111483869371035 ], [ 78.718905225440523, 32.035724002179066 ], [ 78.788552435868368, 31.993231552342401 ], [ 78.778155577315104, 31.935155301694124 ], [ 78.750137917714127, 31.904482218952754 ], [ 78.740207501287287, 31.837456024652756 ], [ 78.70985362995782, 31.786615139107635 ], [ 78.741190366904249, 31.757609191162615 ], [ 78.728391710623612, 31.74174343706304 ], [ 78.754019181425633, 31.685647660282605 ], [ 78.798219454575786, 31.68181488998281 ], [ 78.806992329775284, 31.64710918275313 ], [ 78.853341506934029, 31.607426411624022 ], [ 78.735953175323118, 31.52853744305548 ], [ 78.734284189966843, 31.484983984992972 ], [ 78.766633973228878, 31.486422091145446 ], [ 78.812778266230879, 31.449737425796968 ], [ 78.816585750409786, 31.419281380683859 ], [ 78.792005953282612, 31.395544158347803 ], [ 78.858767622304271, 31.366373921127469 ], [ 78.854647423795186, 31.323457717710156 ], [ 78.892412619000794, 31.28789338830256 ], [ 78.926047633617912, 31.220069909250963 ], [ 78.912099331402956, 31.255154425373057 ], [ 78.932692698150007, 31.252941604696257 ], [ 78.94759144488502, 31.319515145714899 ], [ 79.010832362084983, 31.357082979912125 ], [ 79.067933869239766, 31.461526229989236 ], [ 79.143566602914717, 31.425466493349504 ], [ 79.192211862261587, 31.362814224911705 ], [ 79.246475354278616, 31.330039472113445 ], [ 79.239212848905666, 31.314206729891804 ], [ 79.271855603324568, 31.283185726305678 ], [ 79.251865847854589, 31.24301748128811 ], [ 79.292622849774631, 31.221218236969605 ], [ 79.31748135820186, 31.136720734243482 ], [ 79.398803097418337, 31.107786474026113 ], [ 79.407727343234768, 31.076991473821746 ], [ 79.424567854151945, 31.071074485295025 ], [ 79.424760369405533, 31.030491986283899 ], [ 79.519034869093005, 31.026705985818804 ], [ 79.552547201690089, 30.960067665100134 ], [ 79.603455243575809, 30.932654534309442 ], [ 79.663595063227262, 30.96653085437892 ], [ 79.664988221773825, 30.982921535251151 ], [ 79.717111095842426, 30.975996617990656 ], [ 79.753007532050745, 31.007865027876797 ], [ 79.816367025969896, 30.973934580953404 ], [ 79.862714548431882, 30.975357082382505 ], [ 79.890255788318569, 30.918636613998537 ], [ 79.910387129057099, 30.91506784032758 ], [ 79.929096483413275, 30.882433360231598 ], [ 79.962152897647456, 30.890020032632059 ], [ 80.042033922404499, 30.835816164301548 ], [ 80.056017551766345, 30.841506237070075 ], [ 80.110908484669991, 30.779295111057518 ], [ 80.177770807224249, 30.804054576165601 ], [ 80.214909140058325, 30.749061571920432 ], [ 80.239663519371106, 30.762058859300179 ], [ 80.250510712359457, 30.737136921798264 ], [ 80.236422141806159, 30.690383766254513 ], [ 80.199711889442611, 30.683047100989658 ], [ 80.197158338415989, 30.662092239886217 ], [ 80.221168545262529, 30.641815642324051 ], [ 80.211670762866419, 30.622419945783101 ], [ 80.226830222256481, 30.578944968737165 ], [ 80.257760069989885, 30.558835944014348 ], [ 80.283067158442464, 30.572193389702871 ], [ 80.385591982430341, 30.515049868787163 ], [ 80.415579347412077, 30.525334522747833 ], [ 80.539078441793777, 30.449196885157569 ], [ 80.598008841611914, 30.478766267701811 ], [ 80.751968890098183, 30.393503887844741 ], [ 80.821570823639092, 30.315557565342029 ], [ 81.033208017917573, 30.246389545683794 ], [ 81.027100216892336, 30.228455014277127 ], [ 81.043276188298307, 30.204558683715415 ], [ 80.960047335615116, 30.178992384079191 ], [ 80.918281139355429, 30.189834428861371 ], [ 80.919718668388867, 30.214195648324864 ], [ 80.902732667226545, 30.215380752614902 ], [ 80.867764003857175, 30.1738658119524 ], [ 80.874771664370556, 30.126485644657599 ], [ 80.761031754047792, 30.049516988930574 ], [ 80.744555455181114, 30.003852903972614 ], [ 80.719313384093851, 30.000804538140606 ], [ 80.67415798440436, 29.957091621963084 ], [ 80.601848251916024, 29.958126873108075 ], [ 80.574444604286469, 29.92463139315381 ], [ 80.553291240367727, 29.851694070016649 ], [ 80.506089370663176, 29.822455262706363 ], [ 80.493856504789491, 29.795804935162096 ], [ 80.434527417376927, 29.805766853755191 ], [ 80.406983325339226, 29.794257374109481 ], [ 80.397017050861194, 29.758616911725419 ], [ 80.366415990115001, 29.749187855656114 ], [ 80.384017702861229, 29.675418650245458 ], [ 80.42025791175233, 29.638333303695262 ], [ 80.407379380869898, 29.594930578085005 ], [ 80.378485564727896, 29.561053286312255 ], [ 80.343152193438016, 29.553505244742702 ], [ 80.357747270979445, 29.533244561106255 ], [ 80.349745108072909, 29.519325466807057 ], [ 80.287200130994918, 29.477437327371266 ], [ 80.300688449072013, 29.451972930362484 ], [ 80.242425411271682, 29.443786673286514 ], [ 80.241991109069488, 29.411677143282862 ], [ 80.274738849595607, 29.393380497061827 ], [ 80.280828658264056, 29.3456421488379 ], [ 80.316881033920836, 29.315249091034815 ], [ 80.29057222960337, 29.231561975391557 ], [ 80.297375526084565, 29.204926396839834 ], [ 80.285950036343834, 29.195846114817478 ], [ 80.248797295430919, 29.221228482613814 ], [ 80.240537763398862, 29.202542968920465 ], [ 80.27205233083896, 29.141296262103854 ], [ 80.232790625014985, 29.11848395603441 ], [ 80.182903523839556, 29.137054581378283 ], [ 80.14479018744386, 29.102198555316704 ], [ 80.126368673965985, 29.031939034245447 ], [ 80.135418552768158, 29.007396071676393 ], [ 80.117924283021509, 28.981547499923554 ], [ 80.100547049383295, 28.986903836288327 ], [ 80.061187792807686, 28.920964975858361 ], [ 80.061541735234911, 28.832012287984181 ], [ 80.065361118580967, 28.836899509673039 ], [ 80.074819093033611, 28.824486821014204 ], [ 80.118051621907952, 28.828979808847912 ], [ 80.21598577721457, 28.755568213155151 ], [ 80.256580723955679, 28.754251766779706 ], [ 80.25651912288339, 28.729248448148738 ], [ 80.317121688093891, 28.700142962065907 ], [ 80.325726982577109, 28.666477584689392 ], [ 80.360995358959585, 28.635262687154086 ], [ 80.450844853677211, 28.629539629383004 ], [ 80.468677202584431, 28.583530216243982 ], [ 80.517623785623684, 28.551960231812178 ], [ 80.530595342443689, 28.57262083736844 ], [ 80.506127722437625, 28.671179971755841 ], [ 80.539529679934034, 28.690756412028172 ], [ 80.590519990431773, 28.680036686085273 ], [ 80.589448366773169, 28.648037166622156 ], [ 80.66762539882734, 28.64218933366103 ], [ 80.677466810175815, 28.604445990876119 ], [ 80.695750680192589, 28.603485742648566 ], [ 80.69044598920101, 28.587595895362334 ], [ 80.714532675017608, 28.568404828710765 ], [ 80.768600671170901, 28.565907170317651 ], [ 80.789194533787992, 28.524518718974917 ], [ 80.865948965910448, 28.489583858383099 ], [ 80.861521618134361, 28.504393574320861 ], [ 80.896093967258253, 28.507019422002639 ], [ 80.91541461079224, 28.457637150927908 ], [ 80.914148181176046, 28.468427711621043 ], [ 80.930517531116607, 28.457774754315359 ], [ 80.94256800844488, 28.468889700332269 ], [ 80.932021265088125, 28.458890654687004 ], [ 80.951726752279725, 28.447640152000545 ], [ 80.980167386327167, 28.455241628204508 ], [ 80.964643461561721, 28.444837682798134 ], [ 80.978834145410048, 28.434151882608187 ], [ 81.016757137780161, 28.451288842939192 ], [ 81.012609330449123, 28.437819748868357 ], [ 81.034203438388985, 28.428179165367688 ], [ 81.017531770321014, 28.415472593038018 ], [ 81.033833593003351, 28.398898356647944 ], [ 81.035673368756377, 28.413577411758638 ], [ 81.07973896558083, 28.38505965182236 ], [ 81.210596878208634, 28.360833495940852 ], [ 81.234482280316172, 28.324738624106047 ], [ 81.232638616654597, 28.289148134122868 ], [ 81.320943817567297, 28.197554310862031 ], [ 81.321347199757426, 28.168885655937647 ], [ 81.302004189969509, 28.164762662091302 ], [ 81.328059463662669, 28.148081655261219 ], [ 81.318030713153235, 28.133671645665544 ], [ 81.371076324105303, 28.143491578009559 ], [ 81.373514876402524, 28.17730070202666 ], [ 81.446683629169513, 28.161015665867311 ], [ 81.449933677273577, 28.140850619926677 ], [ 81.484005232694585, 28.118565967120556 ], [ 81.478276329378048, 28.08271317020246 ], [ 81.623985137282347, 28.001601000620688 ], [ 81.698440705134246, 27.9881910849669 ], [ 81.884958492379255, 27.856950583384297 ], [ 81.925849845434882, 27.859831337290462 ], [ 81.968324251006663, 27.929120763010257 ], [ 82.069960837909591, 27.923645819031535 ], [ 82.121382363998222, 27.865846271395583 ], [ 82.208306751013012, 27.843578802684927 ], [ 82.448670311871268, 27.679315057053422 ], [ 82.707343547751165, 27.720606730033605 ], [ 82.712215319047772, 27.664069172089985 ], [ 82.736601627147593, 27.643452776104457 ], [ 82.735469082441369, 27.609194807941005 ], [ 82.755837242444983, 27.587026163346707 ], [ 82.735546940325335, 27.502352073774322 ], [ 82.929287993633352, 27.50118985037852 ], [ 82.954092377666399, 27.467732553367952 ], [ 83.034574118430371, 27.448722991283077 ], [ 83.187947996430822, 27.454315518698596 ], [ 83.272151582282689, 27.383348649282244 ], [ 83.272427147682606, 27.352628146892876 ], [ 83.304864554414081, 27.331302503039684 ], [ 83.359338208190124, 27.343926606716639 ], [ 83.405391783026559, 27.405425028867441 ], [ 83.383910454079057, 27.436276616842505 ], [ 83.401739278895391, 27.457539065711135 ], [ 83.388933611263965, 27.479675487323679 ], [ 83.614253450775067, 27.469443319395939 ], [ 83.830842570328045, 27.369788698701889 ], [ 83.863943715273479, 27.347233480946446 ], [ 83.836571944361808, 27.322215097857143 ], [ 83.862340988754283, 27.335684677830944 ], [ 83.883250218426568, 27.374238146008569 ], [ 83.833112481897004, 27.425082514292452 ], [ 83.848293493667313, 27.446356047243786 ], [ 83.875493053945803, 27.43538951112965 ], [ 83.994830745892941, 27.446119025663826 ], [ 84.026713810347374, 27.433586704037651 ], [ 84.094837856244098, 27.489019142933234 ], [ 84.097696727567836, 27.517092747607261 ], [ 84.1458567520325, 27.518657656291328 ], [ 84.148783791113246, 27.48674908799487 ], [ 84.205424970075427, 27.470427082003482 ], [ 84.208294870015891, 27.443029556699742 ], [ 84.254054251986659, 27.454102336975261 ], [ 84.292382474381441, 27.384811551202191 ], [ 84.621893218983374, 27.336927335040624 ], [ 84.69114438106709, 27.214821972348251 ], [ 84.674490352318031, 27.095905735781795 ], [ 84.646245307559084, 27.075275422211192 ], [ 84.643394211154131, 27.046144470176021 ], [ 84.756740218309645, 27.002845995235369 ], [ 84.773140665230386, 27.017826851330575 ], [ 84.793822612152667, 26.99597697112285 ], [ 84.825401563645784, 27.02091324692643 ], [ 84.891214565015019, 26.969870139983318 ], [ 84.962579760304607, 26.960526503093213 ], [ 84.978004481418267, 26.939852007878862 ], [ 84.968240600068683, 26.916015319812086 ], [ 85.060383936576102, 26.88455253860829 ], [ 85.03064019469943, 26.873913449818147 ], [ 85.02397020461315, 26.854377254055979 ], [ 85.189836779895003, 26.870041490791866 ], [ 85.176735928556141, 26.809622471011096 ], [ 85.212620610308946, 26.757997843301652 ], [ 85.334510943289345, 26.741667878366041 ], [ 85.407737965277221, 26.791345863248736 ], [ 85.454562311695412, 26.78178415031952 ], [ 85.565983336994876, 26.841102225160579 ], [ 85.575557458223813, 26.860992544624391 ], [ 85.585664849948145, 26.847358772612971 ], [ 85.634554178862771, 26.87221166264915 ], [ 85.642422950034444, 26.853269073661146 ], [ 85.721130584587584, 26.820357630918259 ], [ 85.734479049347982, 26.79587249680549 ], [ 85.732247066446973, 26.653862494610461 ], [ 85.801768177663462, 26.62427041596575 ], [ 85.817739422117867, 26.602799666012768 ], [ 85.851259898841292, 26.608677336845481 ], [ 85.85141928332888, 26.568490011680623 ], [ 85.92910352027944, 26.616814993698938 ], [ 85.947923574926392, 26.613891521351906 ], [ 85.960122088325306, 26.651010831802406 ], [ 86.027221357705486, 26.666638629830874 ], [ 86.138764083166365, 26.628848760390571 ], [ 86.136330112277065, 26.606335771609675 ], [ 86.19312391231108, 26.614472722881526 ], [ 86.196299741606381, 26.593943284889793 ], [ 86.217676850709566, 26.588479756351351 ], [ 86.25301614010057, 26.61712970405955 ], [ 86.332890285559159, 26.619137374391546 ], [ 86.499036486626011, 26.541989010764198 ], [ 86.541549443398225, 26.538722630369207 ], [ 86.57025070116751, 26.49656318005189 ], [ 86.73139798968063, 26.422616314332664 ], [ 86.766496488354647, 26.459440822700373 ], [ 86.833769353570219, 26.439098170257093 ], [ 86.89423019337498, 26.461926957965236 ], [ 86.893087389009864, 26.487775170846128 ], [ 86.929994531422437, 26.489684065889964 ], [ 86.932159130795668, 26.516954038271471 ], [ 87.015359727869892, 26.532043805108007 ], [ 87.04467404000647, 26.587234077383357 ], [ 87.071822494230119, 26.585813894057249 ], [ 87.09165094371609, 26.450292248367969 ], [ 87.162561522301644, 26.403895256018092 ], [ 87.261051847058539, 26.40926991564865 ], [ 87.266015234836033, 26.373875005029923 ], [ 87.312533704001652, 26.371568726662108 ], [ 87.341092513221355, 26.347519155929657 ], [ 87.358405488570654, 26.361053986642556 ], [ 87.368892865863529, 26.407937655344689 ], [ 87.466546240151672, 26.440209597340747 ], [ 87.547704191338994, 26.418374857986677 ], [ 87.612341298899651, 26.381001628615806 ], [ 87.651877375364208, 26.393424878331054 ], [ 87.650202613840662, 26.405957280185127 ], [ 87.678127853866897, 26.415834722268144 ], [ 87.677557945582663, 26.435456095838248 ], [ 87.733939973161782, 26.407610621198259 ], [ 87.764759880579192, 26.409882141989378 ], [ 87.788708205180754, 26.469234418261724 ], [ 87.848828407423056, 26.436463485362012 ], [ 87.88829370562641, 26.486759760670417 ], [ 87.909808316256857, 26.457563216202367 ], [ 87.898739384920404, 26.448709595736052 ], [ 87.925142725243418, 26.444838657277661 ], [ 87.926652480622295, 26.418561949934009 ], [ 87.991919614420951, 26.392562878937117 ], [ 87.995352494838173, 26.366007743022241 ], [ 88.030504310320921, 26.364922206292302 ], [ 88.03507386499976, 26.391457661109737 ], [ 88.096058329190384, 26.440236157009558 ], [ 88.092017382750583, 26.462578067311107 ], [ 88.106978086290752, 26.475742492090294 ], [ 88.090241293059648, 26.50725254798412 ], [ 88.098022853986905, 26.537868541681814 ], [ 88.129646784126308, 26.516010953323139 ], [ 88.103748450604897, 26.537914487379116 ], [ 88.112168975108887, 26.571203592329571 ], [ 88.130400320631011, 26.573900781694189 ], [ 88.142098475111595, 26.62575465435615 ], [ 88.160299400084966, 26.636439054222183 ], [ 88.187851615587789, 26.771805897799393 ], [ 88.167867562623215, 26.837238158343485 ], [ 88.173975979892774, 26.86508687613421 ], [ 88.136357615218657, 26.898520142796059 ], [ 88.144703907439194, 26.922477957015801 ], [ 88.120350607036144, 26.95026929739948 ], [ 88.134404090292804, 26.986239906374639 ], [ 88.091670245877012, 27.005133108357775 ], [ 88.077686013745648, 27.035422150682098 ], [ 88.037771868717343, 27.036398469306025 ], [ 88.020270735841891, 27.086574374278193 ], [ 87.991201850627448, 27.105073159004288 ], [ 88.019222240208592, 27.171051013855333 ], [ 88.014256640778882, 27.212914406871842 ], [ 88.0532901574758, 27.214275681424873 ], [ 88.043094710169257, 27.219472062837248 ], [ 88.012358759298309, 27.216105071723053 ], [ 88.032046635917084, 27.286390215144454 ], [ 88.066927814157538, 27.335774757021959 ], [ 88.041573280284922, 27.372931077205816 ], [ 88.050713572723851, 27.412984657891851 ], [ 88.074995501079243, 27.433290596804159 ], [ 88.04406843542823, 27.495559534249146 ], [ 88.08422400268914, 27.588107131262316 ], [ 88.144690988767053, 27.665354646813714 ], [ 88.156283840933426, 27.736326699022403 ], [ 88.178369713609271, 27.746184625079135 ], [ 88.197183772001694, 27.791378933660216 ], [ 88.173591187439143, 27.82059547005424 ], [ 88.202005930243473, 27.842224364628635 ], [ 88.135013984386944, 27.881619917798719 ], [ 88.119580893669806, 27.916004556267964 ], [ 88.137862568204042, 27.937154476674753 ], [ 88.12939302802485, 27.949256483638951 ], [ 88.145397079851747, 27.963994896026357 ], [ 88.206401270147694, 27.941668373261205 ], [ 88.20796035022218, 27.961659797012704 ], [ 88.237453170182135, 27.970552955773002 ], [ 88.251353648786335, 27.942485480220611 ], [ 88.352265907906002, 27.989948470966294 ], [ 88.399065635095496, 27.978036794378514 ], [ 88.414702299327402, 27.998882454801567 ], [ 88.467816493956448, 28.017135056804957 ], [ 88.494488489838204, 28.053117050392615 ], [ 88.550804334038787, 28.037571690712916 ], [ 88.552546174561229, 28.081416115691109 ], [ 88.619344477778469, 28.098076249222562 ], [ 88.609961046426449, 28.128691315247529 ], [ 88.672063853856997, 28.072340964091389 ], [ 88.756286440873765, 28.0759731722857 ], [ 88.836278326720034, 28.014814526268026 ], [ 88.836936755890676, 27.928780435290335 ], [ 88.870018633769888, 27.915602460118233 ], [ 88.887550629165247, 27.855749179225192 ], [ 88.880451364747429, 27.829184477337574 ], [ 88.855781639073768, 27.815082992639365 ], [ 88.865141157272916, 27.742248033921161 ], [ 88.837983516877188, 27.706287314958377 ], [ 88.848386246819146, 27.668007917361816 ], [ 88.815260168234715, 27.646092927008453 ], [ 88.791084135081633, 27.574975556386406 ], [ 88.763747102021981, 27.565070122881721 ], [ 88.777331352086563, 27.532562788168214 ], [ 88.792432759647994, 27.530044186761014 ], [ 88.777042335313581, 27.468140439181241 ], [ 88.837451403411904, 27.379374014374612 ], [ 88.861463093377012, 27.385934063934066 ], [ 88.884015154854367, 27.342515219672119 ], [ 88.919202377434075, 27.327966081804671 ], [ 88.913564800442586, 27.290090803131921 ], [ 88.879108811894056, 27.261138605940175 ], [ 88.803096082769059, 27.247836215646711 ], [ 88.786760369346013, 27.181986008226485 ], [ 88.764608139018463, 27.177017500647167 ], [ 88.739456799956997, 27.136732185234887 ], [ 88.802033265295179, 27.139495204336825 ], [ 88.843292446120302, 27.11118767796054 ], [ 88.867707709616653, 27.112442620139202 ], [ 88.881171880080601, 27.061996614334596 ], [ 88.877132172417603, 26.944359152654982 ], [ 88.921683757810783, 26.993927236180745 ], [ 88.95247525780394, 26.968406945374646 ], [ 88.944388173560327, 26.933886546731738 ], [ 88.980346215332503, 26.917185947308919 ], [ 89.021572487275492, 26.940685890820379 ], [ 89.050895955041454, 26.915969950264849 ], [ 89.049026159388248, 26.899058485265122 ], [ 89.095698829762298, 26.891673151668801 ], [ 89.100747642831735, 26.842510547063966 ], [ 89.134483490644541, 26.80763888261658 ], [ 89.262395262415424, 26.813777934238711 ], [ 89.318495326793169, 26.851319990107086 ], [ 89.37898177038015, 26.86217826739691 ], [ 89.389770782182495, 26.841854052341052 ], [ 89.439479194074849, 26.84033518861165 ], [ 89.469526332057285, 26.802692964335105 ], [ 89.560096155258577, 26.812865412375789 ], [ 89.565900988674471, 26.799353426916756 ], [ 89.650578958658215, 26.77629616966647 ], [ 89.643522401945631, 26.748541214900342 ], [ 89.617448496295168, 26.729306894347289 ], [ 89.623779050764824, 26.718448907906051 ], [ 89.659702909843816, 26.71947341377016 ], [ 89.671755497314678, 26.739809586707519 ], [ 89.723534385799752, 26.722577245744439 ], [ 89.752804682284051, 26.735313000685366 ], [ 89.771371669837379, 26.701004269110122 ], [ 89.863334029951019, 26.700847334200787 ], [ 89.876934268231054, 26.648506215628252 ], [ 89.858947805251987, 26.734917836058777 ], [ 89.967064200810697, 26.723470929230661 ], [ 90.139879736193706, 26.753618523608836 ], [ 90.194522936199846, 26.773271337793069 ], [ 90.187669044805233, 26.806811864007496 ], [ 90.230500012374563, 26.858906721950603 ], [ 90.300298402078198, 26.848220358169787 ], [ 90.347786299860786, 26.875294819016275 ], [ 90.356620726725225, 26.900574595325523 ], [ 90.417484090829007, 26.904529501883182 ], [ 90.546612919011437, 26.816639784360053 ], [ 90.634443209379512, 26.793810326318042 ], [ 90.646574208994934, 26.77658042378544 ], [ 90.675978767681571, 26.78409468665787 ], [ 90.717277573193883, 26.768268448636103 ], [ 90.991874474259205, 26.790642258606645 ], [ 91.05406044592209, 26.780985435184128 ], [ 91.097562745164495, 26.821992879397531 ], [ 91.23688719220857, 26.812002622240399 ], [ 91.337247927066272, 26.780860907100088 ], [ 91.376005843305862, 26.795227688364861 ], [ 91.407647188185365, 26.839602561134971 ], [ 91.495106969312829, 26.791205865328685 ], [ 91.625524308599452, 26.820865833668162 ], [ 91.689796701951366, 26.80645149268727 ], [ 91.824146740686032, 26.864043453604744 ], [ 91.85911185391339, 26.913338829757429 ], [ 91.891736352769087, 26.91906268328388 ], [ 91.98350144913455, 26.858191602906548 ], [ 92.056724719757824, 26.847385037385624 ], [ 92.102651836056751, 26.86716838899445 ], [ 92.114377687394182, 26.893577930173027 ], [ 92.119909648155968, 26.893865915176267 ], [ 92.118113916306456, 26.974372924878239 ], [ 92.078415454981211, 27.017361379158537 ], [ 92.081237122577448, 27.041285702270535 ], [ 92.044124070132085, 27.051362379364235 ], [ 92.023133619283399, 27.109551920039955 ], [ 92.035804481231722, 27.134911417037824 ], [ 92.026721871413855, 27.168278959670708 ], [ 92.058378358295755, 27.190309454264657 ], [ 92.072571269965962, 27.233105978030334 ], [ 92.038002452119429, 27.258421995382399 ], [ 92.066639713907847, 27.277003954905044 ], [ 92.103473045346789, 27.268664930038124 ], [ 92.124975366125852, 27.282018260625311 ], [ 92.064583820565446, 27.32697937061101 ], [ 92.04824120179282, 27.36313242216395 ], [ 92.058469863385568, 27.399707469604778 ], [ 92.022166457115887, 27.448020493338984 ], [ 92.019805583937909, 27.477381309710552 ], [ 91.943644382161082, 27.459736308190909 ], [ 91.848604746023611, 27.486456289644174 ], [ 91.825253922358556, 27.46785277616782 ], [ 91.766971760324154, 27.464755437616915 ], [ 91.714623179150522, 27.474539347685852 ], [ 91.695059156853247, 27.505327665068997 ], [ 91.652452144674157, 27.483041272244929 ], [ 91.612292782031176, 27.543692505983067 ], [ 91.582150605884905, 27.556764848353517 ], [ 91.566032367405626, 27.583897674389451 ], [ 91.584374252420091, 27.608222539028962 ], [ 91.562177771081608, 27.631853372004592 ], [ 91.572829558936121, 27.660301147245896 ], [ 91.628850620976195, 27.700061589910092 ], [ 91.645067632814261, 27.769448994882296 ], [ 91.626726848236018, 27.812311778736834 ], [ 91.607553060386365, 27.823890521266385 ], [ 91.576297887772768, 27.811863636736806 ], [ 91.553544849810166, 27.850559427999809 ], [ 91.569888030928169, 27.848014171725787 ], [ 91.576421671127335, 27.864365642138093 ], [ 91.663177841418658, 27.852953236764911 ], [ 91.70983112255557, 27.807973329196024 ], [ 91.761306819750814, 27.79995771680743 ], [ 91.820675664801229, 27.815961003756751 ], [ 91.862185455827685, 27.739689768135605 ], [ 91.927704638030434, 27.722594229987394 ], [ 91.993525544574155, 27.771182324914697 ], [ 92.051427922262604, 27.763932939090058 ], [ 92.218660642852157, 27.869514902347227 ], [ 92.277540151312834, 27.869092549209398 ], [ 92.312773320024348, 27.788488548252417 ], [ 92.385100071095735, 27.800629718307544 ], [ 92.389764509428161, 27.821429640333122 ], [ 92.416295579404775, 27.830554671634172 ], [ 92.456269672605245, 27.814119835871171 ], [ 92.503357176892678, 27.85395061732833 ], [ 92.556210808885339, 27.824364230818848 ], [ 92.615314464077372, 27.894538159748677 ], [ 92.657710886899366, 27.901902982331496 ], [ 92.742432319173219, 27.992586965940067 ], [ 92.720709169141102, 28.030505160181356 ], [ 92.666539783734947, 28.063753084205327 ], [ 92.687948544977175, 28.12739796480389 ], [ 92.814765383604438, 28.211043155293549 ], [ 92.836098852551117, 28.179097132926138 ], [ 92.896880020806407, 28.205152751612491 ], [ 92.922842131119751, 28.240000360187995 ], [ 92.962705614759315, 28.258557300627889 ], [ 92.997298423013802, 28.229427664048252 ], [ 93.028269551927792, 28.268694272719024 ], [ 93.022342647346264, 28.310385817669609 ], [ 93.217957529743074, 28.32608133160554 ], [ 93.224222351788441, 28.405498876112766 ], [ 93.180451038559454, 28.434875105001229 ], [ 93.277735511591331, 28.50130910601909 ], [ 93.301620750205444, 28.598951558711772 ], [ 93.324920116574447, 28.609178566294194 ], [ 93.333363335217499, 28.639083854673896 ], [ 93.40601092318586, 28.651284175029218 ], [ 93.445973331999454, 28.674722212663887 ], [ 93.470495535438815, 28.652653497390666 ], [ 93.496146738832337, 28.685966641131618 ], [ 93.522410074023384, 28.659071285991242 ], [ 93.619447409740815, 28.653387967203734 ], [ 93.73987674789592, 28.684553167389168 ], [ 93.784144778273031, 28.663364770035106 ], [ 93.850601065013848, 28.707036012617774 ], [ 93.935628646729768, 28.666105798262628 ], [ 93.961761480066244, 28.693595803049142 ], [ 93.972954413047887, 28.743218110354924 ], [ 94.010300813668067, 28.772785817018899 ], [ 93.986704292687932, 28.803755463740281 ], [ 94.007243313156934, 28.840699639838853 ], [ 94.164458145665435, 28.957456727201738 ], [ 94.186062379415176, 29.028730160321945 ], [ 94.224101903040619, 29.0878295883645 ], [ 94.293654961043515, 29.14535274429959 ], [ 94.36249076908932, 29.152604680808526 ], [ 94.374877287300762, 29.184952785881631 ], [ 94.438122290038635, 29.223193496117048 ], [ 94.550710982375335, 29.220750760880716 ], [ 94.630976456429565, 29.34123641496377 ], [ 94.741302131767128, 29.274736897134908 ], [ 94.793008586395899, 29.215298292338925 ], [ 94.804128745958053, 29.162405321858291 ], [ 94.878668557817306, 29.175025220936316 ], [ 94.915778907231967, 29.152072693048659 ], [ 94.958405743432763, 29.15639000025142 ], [ 95.022446481035828, 29.133942679343271 ], [ 94.975280412788635, 29.156543243703513 ], [ 94.979819129202099, 29.173347103297679 ], [ 94.992767753829511, 29.170764015105533 ], [ 95.095054597030625, 29.139594063237915 ], [ 95.106375014425822, 29.118905373666848 ], [ 95.241720556276917, 29.110615034832708 ], [ 95.242017681243638, 29.063550796384089 ], [ 95.260070410246243, 29.054075352672008 ], [ 95.287921693771779, 29.062641775721648 ], [ 95.410653623307553, 29.030516136157644 ], [ 95.440296873348359, 29.036600408768376 ], [ 95.466454431016388, 29.066455899929412 ], [ 95.480989832575176, 29.143074131243843 ], [ 95.530717136936289, 29.130485189214724 ], [ 95.526932600221301, 29.215656529218386 ], [ 95.572202270106501, 29.222806300898654 ], [ 95.583029651649582, 29.26061448728699 ], [ 95.619263478010609, 29.249698546764488 ], [ 95.76570872298818, 29.356353180938179 ], [ 95.776880631798917, 29.361652364859058 ], [ 95.782126863126749, 29.341388008291922 ], [ 95.830989076394516, 29.358829566858017 ], [ 95.861746176302191, 29.395118328911767 ], [ 95.941808749679851, 29.387651265195302 ], [ 96.067316136575343, 29.465947313883259 ], [ 96.14056856381778, 29.40205006726908 ], [ 96.176499643555005, 29.345153557208882 ], [ 96.179919032174993, 29.307510527669464 ], [ 96.23548460165361, 29.241891999370161 ], [ 96.289567222379745, 29.244634179663851 ], [ 96.354304519044021, 29.292053315011 ], [ 96.37907568876777, 29.267105418320778 ], [ 96.342012374243069, 29.178382369199415 ], [ 96.24495311603944, 29.165763494746891 ], [ 96.210515080321869, 29.148092035208581 ], [ 96.173591821234808, 29.09921750598815 ], [ 96.102059416233189, 29.078994947120446 ], [ 96.140932205438048, 29.05828007177627 ], [ 96.171474619670946, 28.999191280100099 ], [ 96.171796591140122, 28.969786741206843 ], [ 96.142291977198795, 28.956672648828906 ], [ 96.134897865043442, 28.935233042807518 ], [ 96.160871885220843, 28.897834157117156 ], [ 96.220171676775379, 28.929772880380256 ], [ 96.326906157101618, 29.028018357790341 ], [ 96.423141992566343, 29.037510215795471 ], [ 96.513584796681371, 29.073958311321011 ], [ 96.464673603671059, 28.983135330946517 ], [ 96.481222228596224, 28.958515722146529 ], [ 96.509384212429083, 28.966365327617471 ], [ 96.526085116167948, 28.88246050807312 ], [ 96.608985425307338, 28.779832304741159 ], [ 96.579307013409661, 28.711589836867489 ], [ 96.466901260285638, 28.675184357247648 ], [ 96.487356361039119, 28.638908707222701 ], [ 96.474470685855195, 28.621782087721439 ], [ 96.424844409624228, 28.582108082646158 ], [ 96.402029195667524, 28.580945508621415 ], [ 96.400013650156112, 28.559277184326803 ], [ 96.344754664005862, 28.554007608820744 ], [ 96.318577993781844, 28.525961517638166 ], [ 96.362081008083194, 28.480343879111818 ], [ 96.253389405976705, 28.407040372118196 ], [ 96.316677375134645, 28.37756769593399 ], [ 96.362581065167561, 28.386356723205154 ], [ 96.395477850572405, 28.335916706149156 ], [ 96.417378178022943, 28.340944190870871 ], [ 96.457127757979421, 28.413815671823269 ], [ 96.505379210278747, 28.410981003858367 ], [ 96.570747622837445, 28.452324111258374 ], [ 96.64113604668097, 28.457785323813752 ], [ 96.740846181185759, 28.413813016301503 ], [ 96.770289987267148, 28.367028647778387 ], [ 96.834536981652732, 28.360719961230846 ], [ 96.889670627668053, 28.378485620959324 ], [ 96.925843259893554, 28.336852247819827 ], [ 96.987611892241787, 28.303325288111385 ], [ 97.075305838112683, 28.349614236310487 ], [ 97.105694140968652, 28.346958369731123 ], [ 97.171103453822241, 28.285668986666497 ], [ 97.295261296276522, 28.261877632017093 ], [ 97.401042411659688, 28.192250110800593 ], [ 97.401163253930022, 28.181477835989437 ], [ 97.363846406086054, 28.189089455331782 ], [ 97.327900543672527, 28.150209829682463 ], [ 97.347242930029623, 28.110487091627185 ], [ 97.310432079829013, 28.074516574011181 ], [ 97.325776522098977, 28.052698394347818 ], [ 97.380945946215419, 28.059273308883306 ], [ 97.375682601083113, 28.040156117313657 ], [ 97.412896513673616, 28.014836540714118 ], [ 97.37297955242687, 27.968028879916652 ], [ 97.37359001605293, 27.880177071994751 ], [ 97.308995938692732, 27.914991129114068 ], [ 97.249021188067999, 27.899297118701188 ], [ 97.103998428037769, 27.769748690115392 ], [ 97.093847090729739, 27.740088464800188 ], [ 97.036162355071653, 27.742387049112537 ], [ 96.983056873202585, 27.664282154152204 ], [ 96.941724807566871, 27.660740696222117 ], [ 96.896746093019033, 27.609260982143976 ], [ 96.896712055852916, 27.581503701769851 ], [ 96.912231148580432, 27.580533170635203 ], [ 96.913007667583386, 27.543882528140646 ], [ 96.929822823551689, 27.524182275326513 ], [ 96.903244081779548, 27.452726053381525 ], [ 96.96230620516107, 27.401649120094532 ], [ 96.962125533296174, 27.373115275278614 ], [ 96.998106438988941, 27.318978624997886 ], [ 97.028266714391535, 27.307943838684931 ], [ 97.088507643021501, 27.238212265190057 ], [ 97.090475816774685, 27.213618019115469 ], [ 97.163854224650891, 27.142239812827277 ], [ 97.138518010121857, 27.091046670272505 ], [ 97.099270420424276, 27.108309663600711 ], [ 97.06343882191824, 27.091454844847245 ], [ 96.985363250083836, 27.153873885355651 ], [ 96.874412862043187, 27.1806824631532 ], [ 96.854807902620109, 27.210032860640919 ], [ 96.885233673308292, 27.226467600662378 ], [ 96.884910039955813, 27.259444551982273 ], [ 96.847047117030442, 27.271098077125828 ], [ 96.848068866224466, 27.290144358267682 ], [ 96.79646809030406, 27.345742934395464 ], [ 96.704885339364822, 27.372040410717648 ], [ 96.697688711044918, 27.357672733854759 ], [ 96.606119973824164, 27.365806876099622 ], [ 96.595150742907819, 27.333838539036719 ], [ 96.551219615796583, 27.318456442124742 ], [ 96.523851433654428, 27.286545891317878 ], [ 96.440645014598843, 27.306331231237625 ], [ 96.387274817181805, 27.284866738917479 ], [ 96.307274641682099, 27.294275649925233 ], [ 96.270699659430704, 27.271481128635255 ], [ 96.228275593650764, 27.278647033345546 ], [ 96.022961440332864, 27.180081742229728 ], [ 95.9456037059538, 27.051504218164819 ], [ 95.869481341939988, 27.012549288716215 ], [ 95.802030489025597, 27.014500649687943 ], [ 95.760295627799664, 26.963724763319455 ], [ 95.751265847005342, 26.90902239506562 ], [ 95.724141015778713, 26.882204793867867 ], [ 95.666997818709916, 26.902862264766188 ], [ 95.631831586165148, 26.873452949603063 ], [ 95.608137085937003, 26.812814814223657 ], [ 95.543127329348735, 26.835375974702348 ], [ 95.506542649783825, 26.807605968371277 ], [ 95.482832144272251, 26.747394426750216 ], [ 95.459091411349675, 26.743884731663659 ], [ 95.43138003324313, 26.70069809769069 ], [ 95.335518856337316, 26.674376274360849 ], [ 95.30395971718778, 26.651008932202551 ], [ 95.258663932378951, 26.655752836284098 ], [ 95.212524211801735, 26.729432931136284 ], [ 95.233209306420747, 26.68109382714308 ], [ 95.208118393049745, 26.647819855253328 ], [ 95.148927561749247, 26.61586720402213 ], [ 95.154194270174031, 26.583142396039598 ], [ 95.107545361137539, 26.541538110393748 ], [ 95.114538274008893, 26.518510712708125 ], [ 95.062061240037821, 26.449380919177631 ], [ 95.084289106715673, 26.447153607314458 ], [ 95.103862903581572, 26.420658683033331 ], [ 95.100105667566368, 26.393608667306633 ], [ 95.132188113098167, 26.377513844839569 ], [ 95.127257457234677, 26.253814367837677 ], [ 95.114598522218358, 26.232889378131969 ], [ 95.142238353105796, 26.210429729254436 ], [ 95.122513977937032, 26.187178001609574 ], [ 95.117716821606265, 26.101573806246467 ], [ 95.185842735998776, 26.073519652069994 ], [ 95.125830382794533, 25.985670971089768 ], [ 95.089496182276918, 25.950485070696374 ], [ 95.032251948993178, 25.929179067653592 ], [ 95.011774074150651, 25.897777458965265 ], [ 95.009661340806971, 25.865736565333648 ], [ 95.049965996964005, 25.7999911620342 ], [ 95.048965719301862, 25.759355045640838 ], [ 94.935979883574703, 25.667611345768851 ], [ 94.915089001992087, 25.607680898824267 ], [ 94.881540311880514, 25.590529772082743 ], [ 94.898503932415821, 25.565327647226066 ], [ 94.84592230759624, 25.561938346238801 ], [ 94.807993177037787, 25.49329397303125 ], [ 94.783450430924489, 25.480400542850834 ], [ 94.751420558396404, 25.49388967895274 ], [ 94.67503937586082, 25.454589814827127 ], [ 94.680278298010847, 25.454012325598033 ], [ 94.667098208077405, 25.414644398992202 ], [ 94.634602457564895, 25.395006475102665 ], [ 94.634626235072162, 25.358411475084708 ], [ 94.58479409013087, 25.266544446275578 ], [ 94.576005907638944, 25.213663710912993 ], [ 94.605570290089375, 25.181459653934834 ], [ 94.736236810357696, 25.134930940593545 ], [ 94.744890062300698, 25.080641798721217 ], [ 94.73858358088404, 25.023560977154578 ], [ 94.696668264287183, 24.96861416834923 ], [ 94.712315961627411, 24.931719796887648 ], [ 94.6879869660427, 24.888258747608955 ], [ 94.631855381578262, 24.839455217036182 ], [ 94.618607325110432, 24.779795054005096 ], [ 94.628407407667652, 24.75482327322111 ], [ 94.601626247614249, 24.70948369593631 ], [ 94.585124486000808, 24.705419956607638 ], [ 94.578143986050037, 24.723443830351279 ], [ 94.549663576398444, 24.712769788998962 ], [ 94.550065827609629, 24.658928210908474 ], [ 94.529207220698552, 24.618023636741338 ], [ 94.461539781274226, 24.557953392944551 ], [ 94.425203684413049, 24.486121751190908 ], [ 94.40307612811138, 24.47529377516291 ], [ 94.397634105374109, 24.407286159668285 ], [ 94.367130862179224, 24.394618350301293 ], [ 94.380112002226682, 24.374635317113519 ], [ 94.354004275005764, 24.334471421994436 ], [ 94.327162441839732, 24.327664178024285 ], [ 94.315322356239221, 24.252676996914268 ], [ 94.292713398166669, 24.236018824606916 ], [ 94.28318777069174, 24.179349822018814 ], [ 94.259865063396717, 24.162260498115717 ], [ 94.251540410693082, 24.081907822923842 ], [ 94.186857961566773, 23.941281585686486 ], [ 94.165351880439928, 23.929640028032416 ], [ 94.153969031929122, 23.853152369153243 ], [ 94.120672320153091, 23.832848422702671 ], [ 94.084304548695016, 23.881426888110081 ], [ 93.930460252624655, 23.95025042735525 ], [ 93.807383005303777, 23.927075243597066 ], [ 93.759515721128935, 24.002961360620805 ], [ 93.623354289810948, 24.010919161617281 ], [ 93.591657720101068, 23.960590504746577 ], [ 93.559773067425155, 23.982071255199749 ], [ 93.550107732160598, 23.959160927957001 ], [ 93.504760275358294, 23.942186686353438 ], [ 93.463408622856136, 23.973530479330808 ], [ 93.416946405295278, 24.071407442131495 ], [ 93.347549414301625, 24.10443138210459 ], [ 93.353806798296446, 24.090533517371654 ], [ 93.328367942263057, 24.08038220227586 ], [ 93.331615927835244, 24.05302346440406 ], [ 93.283530450064404, 24.048397032698762 ], [ 93.337507539405919, 24.041168654032031 ], [ 93.328888974110981, 23.984799553082993 ], [ 93.351696501183824, 23.941144571996162 ], [ 93.394237011980763, 23.923860314312321 ], [ 93.384963835355109, 23.848127476358279 ], [ 93.403262332639699, 23.807045625381196 ], [ 93.391553958924433, 23.756691970912513 ], [ 93.410952640903773, 23.729403778011694 ], [ 93.407255149143168, 23.707625869020141 ], [ 93.436809824398651, 23.686486235230898 ], [ 93.417007612905479, 23.648071048253453 ], [ 93.428561144913544, 23.58828122170717 ], [ 93.409774815717313, 23.563009424683308 ], [ 93.418307208321949, 23.539041483084091 ], [ 93.394842680399805, 23.504045955728124 ], [ 93.388012843193579, 23.446377599608134 ], [ 93.401647264166783, 23.383748554633097 ], [ 93.387630686396946, 23.359396960759426 ], [ 93.355772619361915, 23.351891917170757 ], [ 93.372882703017765, 23.329417940156667 ], [ 93.362614712283587, 23.279137561391259 ], [ 93.388549432963927, 23.215908813363029 ], [ 93.368234326562643, 23.144098716101471 ], [ 93.385612985827223, 23.133835432030846 ], [ 93.355664594254051, 23.116052167314301 ], [ 93.339260615157585, 23.07383377899367 ], [ 93.351742586554522, 23.070113037106747 ], [ 93.294378841405347, 23.006933450697897 ], [ 93.23047211357806, 23.011428592119454 ], [ 93.210332208301594, 23.04785304321258 ], [ 93.185469550556036, 23.059205296867354 ], [ 93.1560919161751, 23.043180603739728 ], [ 93.137120665184369, 23.060767016130853 ], [ 93.125812601420961, 23.040722719593166 ], [ 93.120180755680977, 23.002973875630985 ], [ 93.141051473678729, 22.988957373322599 ], [ 93.138039114408926, 22.950564520922786 ], [ 93.164527546748928, 22.910987375151993 ], [ 93.131173888072098, 22.906093462174347 ], [ 93.110546891095723, 22.818053121904175 ], [ 93.094854993050305, 22.806682717981637 ], [ 93.107355932374404, 22.752615439190219 ], [ 93.095459403827959, 22.672487894309054 ], [ 93.140313752014578, 22.59226517431841 ], [ 93.106550387007999, 22.527025056195136 ], [ 93.128207117404628, 22.523653353333433 ], [ 93.138114200990287, 22.455439605165164 ], [ 93.185290100399968, 22.428153075909819 ], [ 93.201789449138545, 22.262566382042561 ], [ 93.1420954292266, 22.245464090310318 ], [ 93.161255108136416, 22.197810765138758 ], [ 93.150827493064412, 22.176260318828763 ], [ 93.123562397991023, 22.173546027686179 ], [ 93.110826479151527, 22.204039100317999 ], [ 93.038045093409778, 22.194797714341657 ], [ 93.049100152063303, 22.168902210359764 ], [ 93.037149408392793, 22.14475110679766 ], [ 93.059566568965664, 22.101727464598568 ], [ 93.004960102868083, 22.104376266729052 ], [ 92.994860857066769, 22.03265859377866 ], [ 93.007186905184867, 21.982202835391959 ], [ 92.980561337830224, 21.980058241145528 ], [ 92.952249205987542, 22.029710340597397 ], [ 92.927490842646492, 22.015906059391984 ], [ 92.935897024648682, 22.0065276650135 ], [ 92.90301141967592, 21.94074625965245 ], [ 92.891330449966702, 22.011252737208295 ], [ 92.865064797122201, 22.023692212293369 ], [ 92.863529807168675, 22.062364372043664 ], [ 92.699105551635668, 22.155049684368869 ], [ 92.689629389891806, 22.071881628093529 ], [ 92.687860586436116, 22.104093611109345 ], [ 92.681753162703259, 22.103085795878695 ], [ 92.679902908102449, 22.011864394103647 ], [ 92.651612651135252, 22.015908899273981 ], [ 92.63471534962413, 21.98305384872134 ], [ 92.603219901028226, 21.977625102359859 ], [ 92.612760690268587, 21.990114923029537 ], [ 92.592616329348303, 22.037438212031194 ], [ 92.602659052253614, 22.061100549950829 ], [ 92.562674128964105, 22.127803977876791 ], [ 92.578642552708516, 22.14283968304315 ], [ 92.605746380425458, 22.123392339967609 ], [ 92.609226464615915, 22.16401863961072 ], [ 92.594505892429297, 22.181555187339743 ], [ 92.580225869329396, 22.324979511343951 ], [ 92.550693220764686, 22.42257401101541 ], [ 92.551281489714995, 22.513296356340991 ], [ 92.521747690408418, 22.559522586376758 ], [ 92.539226471402969, 22.588849817937405 ], [ 92.528667071682193, 22.664669848626801 ], [ 92.513195899583508, 22.732785208951839 ], [ 92.473844173584894, 22.746208516985234 ], [ 92.449236043593686, 22.895008986970016 ], [ 92.433730775938358, 22.885791059707024 ], [ 92.420511493407403, 22.91805339977838 ], [ 92.400185086199855, 22.912414227043683 ], [ 92.397586220557031, 22.929698804800267 ], [ 92.372364631956586, 22.935110485328092 ], [ 92.392384503446465, 23.056450740838269 ], [ 92.358333800618141, 23.106321258363472 ], [ 92.368199653328887, 23.127264335162891 ], [ 92.3468357521553, 23.235725051172729 ], [ 92.403992501208478, 23.241103206680002 ], [ 92.385183017037491, 23.306974429156561 ], [ 92.364572487078661, 23.322426760041235 ], [ 92.37905781025529, 23.36182777028618 ], [ 92.357292973004107, 23.370902637166129 ], [ 92.357401039434464, 23.410698267167007 ], [ 92.31711988140863, 23.471774036289144 ], [ 92.313484978867137, 23.55594923817927 ], [ 92.302101223057903, 23.591898151201491 ], [ 92.287259168102139, 23.596038789789667 ], [ 92.295765480817479, 23.621627864670877 ], [ 92.273030322922267, 23.641664696698996 ], [ 92.290916721663521, 23.690551190807586 ], [ 92.265490546248685, 23.72500719715055 ], [ 92.239169375723009, 23.718427862088685 ], [ 92.222623959580048, 23.652825855724334 ], [ 92.206603582669473, 23.661004236659075 ], [ 92.207030151275418, 23.700615207705884 ], [ 92.177670893730195, 23.707618023961125 ], [ 92.169733931445307, 23.739681588221398 ], [ 92.144281932160979, 23.73309145717467 ], [ 92.09969410513601, 23.676708599350619 ], [ 92.083029436740745, 23.680053329820502 ], [ 92.079056757770957, 23.649558442599552 ], [ 92.063119475024195, 23.645033873375656 ], [ 92.000639304207411, 23.670578513127893 ], [ 91.978268352972776, 23.733083529768404 ], [ 91.950567741174922, 23.725942924219201 ], [ 91.957907979566031, 23.694552492212576 ], [ 91.934018384122794, 23.684555153599494 ], [ 91.969125494945445, 23.476382123256567 ], [ 91.936662223920308, 23.466602378173931 ], [ 91.943085686648217, 23.435298512410743 ], [ 91.899711329061859, 23.440600248052831 ], [ 91.844989450111541, 23.404685385227342 ], [ 91.825171275555789, 23.352394103123327 ], [ 91.7626551236186, 23.30280601968439 ], [ 91.809941618216172, 23.165377061901303 ], [ 91.813516012036757, 23.099081328767429 ], [ 91.83581967765997, 23.093057460052773 ], [ 91.806027571386693, 23.063028389667085 ], [ 91.774517408386444, 23.069615985970216 ], [ 91.780082264060724, 23.028531393086556 ], [ 91.769212076896054, 23.041266179782923 ], [ 91.720624702291161, 22.987423858972079 ], [ 91.64592181476678, 22.985156116884202 ], [ 91.618193012038674, 22.938453588816891 ], [ 91.60044536797453, 22.954084715284459 ], [ 91.613796386645305, 22.95837145625125 ], [ 91.605650759194617, 22.972026910081237 ], [ 91.57676254315011, 22.965218997095413 ], [ 91.542486514102492, 22.999457074803004 ], [ 91.550356508779572, 23.038408582153661 ], [ 91.530489669789901, 23.038308418876309 ], [ 91.52983207425585, 23.091661978992864 ], [ 91.503145755635174, 23.130490965773955 ], [ 91.515318050804197, 23.144988361184616 ], [ 91.490881791883012, 23.157603633927025 ], [ 91.491741229878244, 23.177559641072335 ], [ 91.507540481091738, 23.183684344332317 ], [ 91.470756683655893, 23.196419760402872 ], [ 91.484430814656264, 23.209180861297561 ], [ 91.45059509843837, 23.21951117216889 ], [ 91.470272857332077, 23.227630568650849 ], [ 91.44706125007815, 23.243769274278986 ], [ 91.454210400638658, 23.260370828364554 ], [ 91.419053397385156, 23.256900183805612 ], [ 91.408893073331001, 23.285125773646925 ], [ 91.411324415749775, 23.255664476228581 ], [ 91.397561153008624, 23.265124652258837 ], [ 91.408744825257983, 23.247616221249388 ], [ 91.39250775044637, 23.245391379730812 ], [ 91.400911222231372, 23.229114399621011 ], [ 91.386470969329153, 23.227555607218022 ], [ 91.379898807573966, 23.184454446620052 ], [ 91.417386265253313, 23.064813641234952 ], [ 91.395785711901283, 23.056133816058328 ], [ 91.369791072693189, 23.070371372620777 ], [ 91.323334565722604, 23.158013804161282 ], [ 91.326606822875476, 23.252286584168377 ], [ 91.300223727884003, 23.2924520886435 ], [ 91.313135753350124, 23.306385380606592 ], [ 91.289852827049174, 23.318524493828647 ], [ 91.32008596839772, 23.360088305286421 ], [ 91.29107762065027, 23.350698399672314 ], [ 91.249342416267879, 23.490170954984023 ], [ 91.200763622370559, 23.520023544196889 ], [ 91.212945673243553, 23.550414122376388 ], [ 91.194450765610341, 23.547177648172788 ], [ 91.178092349963435, 23.591745425658402 ], [ 91.16281570534457, 23.59507280820042 ], [ 91.156303814256702, 23.670717389753072 ], [ 91.199421695642954, 23.646578891392583 ], [ 91.208528570753302, 23.68640121383352 ], [ 91.154242715177276, 23.688392931977894 ], [ 91.149198517651769, 23.711525058294225 ], [ 91.16588061875342, 23.748794480964104 ], [ 91.210374894326407, 23.749155688977304 ], [ 91.21902825406724, 23.736426458593392 ], [ 91.226364696177953, 23.751138359797508 ], [ 91.226416368171428, 23.790926414097029 ], [ 91.254114950675046, 23.837994372891565 ], [ 91.229615583308544, 23.880594420604918 ], [ 91.246184463446724, 23.913080148993597 ], [ 91.233018993594541, 23.926957193305402 ], [ 91.276213687225763, 23.922524989739031 ], [ 91.264230523356673, 23.944219373271732 ], [ 91.284688203173317, 23.982099853151162 ], [ 91.287489769168417, 23.968184438021289 ], [ 91.299794085243164, 23.972119652620957 ], [ 91.303624730685058, 23.996605276626575 ], [ 91.379526578957879, 23.97532618579995 ], [ 91.374244495867046, 24.004246522864594 ], [ 91.396598466247866, 24.049620145047967 ], [ 91.375479827604735, 24.107077289841133 ], [ 91.586072955842567, 24.072600980645621 ], [ 91.594540010383369, 24.096533710249457 ], [ 91.63793269899142, 24.102922463939155 ], [ 91.634445946606633, 24.138054956867869 ], [ 91.660128131097636, 24.189535141011778 ], [ 91.647749897149765, 24.218488992938177 ], [ 91.665395116203513, 24.233512188763758 ], [ 91.684756671710446, 24.165825520109355 ], [ 91.759474086789581, 24.141646009835057 ], [ 91.745028478131673, 24.246974818607168 ], [ 91.820597116112793, 24.209230131639345 ], [ 91.844149061790219, 24.226135335097457 ], [ 91.846986961943614, 24.190297001201447 ], [ 91.874041161334389, 24.173857181604578 ], [ 91.884626570875909, 24.138601729380792 ], [ 91.905752578399316, 24.138600244785334 ], [ 91.940818656874725, 24.268091503911879 ], [ 91.919988763713377, 24.337460944901355 ], [ 91.957580625391685, 24.356280362262591 ], [ 91.995950607769075, 24.322054484997459 ], [ 91.967205183430565, 24.380989380909604 ], [ 91.984752061215232, 24.376602635061349 ], [ 91.997361437973936, 24.392444090403529 ], [ 92.090405447843096, 24.371888670345609 ], [ 92.122948844099966, 24.384009769122329 ], [ 92.136799627902633, 24.424959849336794 ], [ 92.167875380902842, 24.425337599080034 ], [ 92.151450560891803, 24.496047928177578 ], [ 92.169208313697837, 24.531727457605278 ], [ 92.216097551840278, 24.508740926431212 ], [ 92.231145390043281, 24.531253311344223 ], [ 92.25493324409409, 24.677118696182614 ], [ 92.295578722866566, 24.73553195665767 ], [ 92.279508883818124, 24.745001857742793 ], [ 92.288918651977653, 24.784485563036622 ], [ 92.272111818900456, 24.827909807178301 ], [ 92.241461145997761, 24.842022753622267 ], [ 92.247226841613383, 24.887517545175374 ], [ 92.232873168338244, 24.900146089717513 ], [ 92.29942532418454, 24.915720938672102 ], [ 92.400095908644971, 24.848650669954619 ], [ 92.437112602403062, 24.855499275696733 ], [ 92.445027686219206, 24.872034731241627 ], [ 92.487922619226651, 24.871309683399858 ], [ 92.487712728758837, 24.946567113052854 ], [ 92.449022010095746, 24.938952583126969 ], [ 92.468505826312864, 24.962175725644414 ], [ 92.420333511098477, 24.965946164245651 ], [ 92.416346751934967, 24.989922998355066 ], [ 92.437162428243639, 25.040791329626654 ], [ 92.421485224954566, 25.027795360883385 ], [ 92.339497446040369, 25.049955404112556 ], [ 92.348553542082641, 25.073491425820986 ], [ 92.335005397105931, 25.078374758335976 ], [ 92.310398478941991, 25.069267815603041 ], [ 92.226935842401076, 25.094113943900446 ], [ 92.196168226814706, 25.108031383763862 ], [ 92.21938319736104, 25.117005367213363 ], [ 92.18929568459815, 25.136256562338982 ], [ 92.183928116028241, 25.117921073110711 ], [ 92.159592226772077, 25.126603278310345 ], [ 92.165681153294926, 25.13596415812491 ], [ 92.135836866581712, 25.138737992387863 ], [ 92.132882054287336, 25.1601471223217 ], [ 92.07385106112369, 25.184948241309126 ], [ 92.003761649607341, 25.186163825230743 ], [ 91.971669018976854, 25.167580948332869 ], [ 91.916255103982792, 25.181348283849324 ], [ 91.775784724639806, 25.16315752564941 ], [ 91.756030671829038, 25.177497514944232 ], [ 91.747641140998965, 25.140151415943805 ], [ 91.70355569140672, 25.159880027404075 ], [ 91.691667746262809, 25.137083760628194 ], [ 91.637914235917407, 25.122544537370462 ], [ 91.621389549297902, 25.143470648808123 ], [ 91.602090369211027, 25.142721174929942 ], [ 91.611208599924865, 25.176629315039783 ], [ 91.471016423435486, 25.133586962944261 ], [ 91.468631040623293, 25.151794039918258 ], [ 91.292480830446564, 25.183803067612484 ], [ 91.268013417951295, 25.207244053331912 ], [ 91.251630949912666, 25.195168594391664 ], [ 91.069642998336235, 25.19840997993586 ], [ 90.849823731057654, 25.157641459626216 ], [ 90.780357471870772, 25.186115000081681 ], [ 90.733276457911273, 25.154911424368567 ], [ 90.709980198814861, 25.168121316236316 ], [ 90.698068166244909, 25.156833171250359 ], [ 90.685535304388836, 25.174511623644612 ], [ 90.66600653467826, 25.165803916997547 ], [ 90.663420062193126, 25.197851593305757 ], [ 90.641897275995248, 25.174810876781358 ], [ 90.50863949342461, 25.175354620671733 ], [ 90.441076454406002, 25.144508447961307 ], [ 90.370459083234252, 25.162840263729453 ], [ 90.330238900154939, 25.193815951201433 ], [ 90.118113617046589, 25.223456688274688 ], [ 90.054517804223963, 25.26136375410967 ], [ 89.980761896417604, 25.280852185781431 ], [ 89.966488406764739, 25.303618332802412 ], [ 89.949241192585788, 25.292714006124449 ], [ 89.906997914553443, 25.307733923208712 ], [ 89.876603900208906, 25.285328328171367 ], [ 89.831183024098451, 25.296028891694291 ], [ 89.84137922506838, 25.315034417077328 ], [ 89.821435271999803, 25.355517277997254 ], [ 89.825434522237359, 25.413346599647703 ], [ 89.885527789394189, 25.507514432139047 ], [ 89.852248852582647, 25.465881508386328 ], [ 89.849414544792054, 25.493024890066245 ], [ 89.869603040840545, 25.511625843598672 ], [ 89.851273393575184, 25.538627924597975 ], [ 89.8660375933419, 25.54619050359614 ], [ 89.881859792917609, 25.624925304282794 ], [ 89.850533303951963, 25.712957589265528 ], [ 89.828803384215846, 25.727296906159516 ], [ 89.840263071022818, 25.767198782901666 ], [ 89.816584060445081, 25.8142337241962 ], [ 89.835281599260355, 25.840734398302768 ], [ 89.832572645977748, 25.8706055191772 ], [ 89.887076995187087, 25.945201554210527 ], [ 89.825387320260759, 25.945504482196654 ], [ 89.84843028498976, 25.949743087678378 ], [ 89.838558750434842, 25.967851180785072 ], [ 89.871313505006739, 25.980063275176331 ], [ 89.835841235309303, 26.012596727737481 ], [ 89.835941462142159, 25.982424195288122 ], [ 89.820272083962578, 25.987641279317124 ], [ 89.806919997194953, 26.044199410911009 ], [ 89.797721088785451, 26.024515885280525 ], [ 89.791449260779189, 26.01807796037658 ], [ 89.787550878771611, 26.019909767045156 ], [ 89.801828909408258, 26.040255806182408 ], [ 89.773927516957869, 26.03749439980189 ], [ 89.798809804689, 26.059579363166822 ], [ 89.794919345822223, 26.087327706780108 ], [ 89.781323917122222, 26.083442406736015 ], [ 89.783161094947445, 26.105983939929885 ], [ 89.756169904288996, 26.109362722950486 ], [ 89.766570675903665, 26.13047719560258 ], [ 89.747659044301727, 26.157371049177431 ], [ 89.720487556375858, 26.156296251914394 ], [ 89.727038068168937, 26.167474221606106 ], [ 89.701378069934279, 26.151754835169072 ], [ 89.681302641237338, 26.163620965859359 ], [ 89.702059972981615, 26.173976648204192 ], [ 89.673471778970637, 26.201428099656749 ], [ 89.691504208742785, 26.211671109293796 ], [ 89.679453729617862, 26.21464222838279 ], [ 89.68587774930127, 26.230728389344918 ], [ 89.661996529749729, 26.219220161768561 ], [ 89.634439966400919, 26.229410090322311 ], [ 89.649996139786737, 26.190205659302546 ], [ 89.630181780375992, 26.195762137156517 ], [ 89.627813063108945, 26.183909091671534 ], [ 89.658584694164645, 26.17616692165754 ], [ 89.646096245016224, 26.164436323074163 ], [ 89.637095202226163, 26.178798275197575 ], [ 89.607455793381519, 26.179141274021489 ], [ 89.61888455298984, 26.166842127020011 ], [ 89.591628505748005, 26.157871112244706 ], [ 89.596549090598828, 26.135193927971574 ], [ 89.604239691713687, 26.117454213214756 ], [ 89.625186562593001, 26.128574296925912 ], [ 89.630326823260077, 26.118110379983804 ], [ 89.593882693206197, 26.102161313038412 ], [ 89.608151269074455, 26.088373830329864 ], [ 89.630321383961018, 26.106756756867618 ], [ 89.649900955197552, 26.0624841419231 ], [ 89.605102068996558, 26.063333313089039 ], [ 89.612580892283162, 26.052326594830284 ], [ 89.578722232194636, 26.026261729135946 ], [ 89.585179678189704, 25.975898449993654 ], [ 89.568906780361218, 25.967756466963486 ], [ 89.565968737816561, 25.980342215223725 ], [ 89.554896990261682, 25.965289450130708 ], [ 89.538252881608344, 25.973185278749728 ], [ 89.540895992872152, 26.005901428352345 ], [ 89.461648100727373, 25.998371774752048 ], [ 89.427476992209932, 26.013147404091225 ], [ 89.432802101009642, 26.037501186256321 ], [ 89.423843386835756, 26.0469201182723 ], [ 89.390857060058366, 26.022921229081405 ], [ 89.392537197998863, 26.007826367598778 ], [ 89.348960446385732, 26.010410437747961 ], [ 89.299404651971926, 26.050364274075136 ], [ 89.275756015230584, 26.049080174781082 ], [ 89.281054584203517, 26.065615449008849 ], [ 89.254407362958972, 26.064120772365023 ], [ 89.266508021077314, 26.091263237364743 ], [ 89.229437343960583, 26.123853613728567 ], [ 89.154950380887797, 26.13951658626593 ], [ 89.157280184035031, 26.163196336801381 ], [ 89.134780787189513, 26.180505919174244 ], [ 89.148846239598981, 26.206779120126416 ], [ 89.140877517377206, 26.235910179090538 ], [ 89.100104700616569, 26.279467656024629 ], [ 89.102740194166827, 26.312152421837503 ], [ 89.120501291400643, 26.28699057320679 ], [ 89.136307745306098, 26.320106874038284 ], [ 89.083601284306411, 26.32202313977777 ], [ 89.100240793585513, 26.336492087955591 ], [ 89.098315939290245, 26.358929703666927 ], [ 89.079707872677318, 26.362822328649401 ], [ 89.087612665393564, 26.397485580816145 ], [ 89.035982583733642, 26.394895692102772 ], [ 89.005936305438922, 26.421411053374445 ], [ 88.994039629568746, 26.412818628797528 ], [ 88.98326600321225, 26.446509255396286 ], [ 88.958807240594865, 26.458998074790276 ], [ 88.944766657145735, 26.425591665874496 ], [ 88.926192772327667, 26.432050523975644 ], [ 88.926559740409417, 26.406788241684733 ], [ 88.905241028986225, 26.405331509396795 ], [ 88.91807491270076, 26.400788946367896 ], [ 88.911931250929342, 26.366105000058223 ], [ 88.958429520577482, 26.361681017164571 ], [ 88.95229803996132, 26.332337475946389 ], [ 88.961410613085476, 26.352295648384118 ], [ 88.985126065619326, 26.349914829008515 ], [ 88.98554621935584, 26.332763798776078 ], [ 89.000968027233029, 26.329747490378235 ], [ 88.982657671288365, 26.309497083212332 ], [ 88.996806474779817, 26.29026612496332 ], [ 89.004376974734441, 26.30365544682715 ], [ 89.018406266360472, 26.289813095795246 ], [ 89.023333252606022, 26.307701670392071 ], [ 89.020083766847307, 26.289094241833702 ], [ 89.039880016221929, 26.276523533844866 ], [ 89.04641933736697, 26.295636705944354 ], [ 89.060552788650185, 26.291625924280901 ], [ 89.050685655840184, 26.241653383846508 ], [ 88.95680434875257, 26.240509284993625 ], [ 88.926280830581703, 26.283778077084072 ], [ 88.898269027098067, 26.288643876399409 ], [ 88.861331186557322, 26.272134466942383 ], [ 88.877864550004119, 26.233377952029304 ], [ 88.842305485982266, 26.230578980343047 ], [ 88.812802996556584, 26.256543007691576 ], [ 88.819110062776474, 26.294494218977096 ], [ 88.793564443768219, 26.309970004260595 ], [ 88.699738224967078, 26.284165659860111 ], [ 88.679479706140526, 26.258904844940457 ], [ 88.666499104183899, 26.264790442794535 ], [ 88.675130571981256, 26.320072043221941 ], [ 88.746508339193269, 26.322385462866436 ], [ 88.733877106423691, 26.328488097617281 ], [ 88.745870317050915, 26.347066519674179 ], [ 88.733262286866818, 26.353831741027381 ], [ 88.704693515330604, 26.332483036006803 ], [ 88.68102725005015, 26.380123424189474 ], [ 88.70227015444317, 26.388443579616627 ], [ 88.623760210337963, 26.43501227598064 ], [ 88.622890462378166, 26.471078515832517 ], [ 88.59558681161279, 26.470850827069807 ], [ 88.592952156190719, 26.449814083223103 ], [ 88.559533601421137, 26.45748674437117 ], [ 88.556763966042766, 26.484799191318558 ], [ 88.526481652712221, 26.481378852787962 ], [ 88.521393359584366, 26.510507221036029 ], [ 88.490245627275399, 26.511347059225631 ], [ 88.485081351945851, 26.540445738971709 ], [ 88.437156513609096, 26.5440721461474 ], [ 88.415188233997185, 26.63317340271827 ], [ 88.376039243385193, 26.594695564653644 ], [ 88.359393948057317, 26.53006957039603 ], [ 88.332129143139781, 26.493150491625148 ], [ 88.352201059423962, 26.448045816702958 ], [ 88.360593775680059, 26.484695510374689 ], [ 88.374493573361235, 26.488446414366322 ], [ 88.40429982899856, 26.486056679751449 ], [ 88.420532221790893, 26.465659242297843 ], [ 88.485245562183167, 26.460256696903247 ], [ 88.523351979754537, 26.360823899290892 ], [ 88.485372684575665, 26.349309379116271 ], [ 88.457723389038378, 26.376659938002643 ], [ 88.434569160774927, 26.335149699314009 ], [ 88.40435057123571, 26.329834807296159 ], [ 88.414938672129779, 26.314822870846648 ], [ 88.384661217786615, 26.313258651371719 ], [ 88.349623900671645, 26.282155744225459 ], [ 88.350269481238783, 26.220246310317716 ], [ 88.241611147340535, 26.188811934093113 ], [ 88.17722139987653, 26.147978425252802 ], [ 88.158507003276654, 26.079316001982694 ], [ 88.183550207122948, 26.072187464962887 ], [ 88.169536729439173, 26.045199473344518 ], [ 88.183207675911831, 26.026777041010096 ], [ 88.139712662006403, 26.012916974973493 ], [ 88.114028041284342, 25.958302057750238 ], [ 88.12221300506296, 25.948165028268384 ], [ 88.085915874423875, 25.915243536049857 ], [ 88.103016794365516, 25.889249680087829 ], [ 88.09439318413196, 25.873059049401459 ], [ 88.110679676165674, 25.867887909895916 ], [ 88.101166066352576, 25.828975559957723 ], [ 88.120113642243979, 25.812435023751586 ], [ 88.114476788396317, 25.797940844783511 ], [ 88.144258940437908, 25.793637747003917 ], [ 88.150538270275106, 25.775585169273327 ], [ 88.183314936553387, 25.801165817247863 ], [ 88.209155229924335, 25.787233117602572 ], [ 88.236267019409652, 25.809440181846849 ], [ 88.269785129970629, 25.807886179795506 ], [ 88.266506630424857, 25.782448742316742 ], [ 88.320949961568516, 25.737472172790408 ], [ 88.37425189421046, 25.717066195262269 ], [ 88.37149168395608, 25.69653901436488 ], [ 88.405183398437288, 25.68422000114883 ], [ 88.401685566231734, 25.672561589796963 ], [ 88.453843594970692, 25.664896030170794 ], [ 88.444351876202759, 25.596922397205951 ], [ 88.499915421777047, 25.583949291975877 ], [ 88.49387108942156, 25.559935384387881 ], [ 88.523501207889524, 25.535160719383747 ], [ 88.533092251581806, 25.54209917376274 ], [ 88.5399528129674, 25.508296083768006 ], [ 88.551910509598187, 25.520683350267305 ], [ 88.595294386631593, 25.506216643236932 ], [ 88.609086896721777, 25.516302177257959 ], [ 88.622476561814395, 25.496955333026211 ], [ 88.647920025306874, 25.496786236619329 ], [ 88.646375440447784, 25.478413232672018 ], [ 88.699599890701549, 25.471210933739947 ], [ 88.707516590586891, 25.49986744833231 ], [ 88.742149754757222, 25.504994633773588 ], [ 88.744938991375051, 25.487865309654779 ], [ 88.768716426765195, 25.498539532826346 ], [ 88.758690055892984, 25.525244492400564 ], [ 88.809892979652176, 25.523232593691112 ], [ 88.813312165252867, 25.488968781312437 ], [ 88.829656983999641, 25.490254741055544 ], [ 88.839170618965611, 25.459120172650533 ], [ 88.830001283993539, 25.41694458081437 ], [ 88.812391823277991, 25.410412689253182 ], [ 88.840855945575186, 25.397634093059626 ], [ 88.840184875311834, 25.36376036476425 ], [ 88.885122536851199, 25.325615720351735 ], [ 88.906294704305452, 25.337689830810014 ], [ 88.929461441609263, 25.304083301376185 ], [ 89.008950750596796, 25.30300719194295 ], [ 89.007629418645394, 25.263616557137805 ], [ 88.986666987148681, 25.274060190312387 ], [ 88.956295713655564, 25.255069590177008 ], [ 88.961675041172512, 25.209096707405077 ], [ 88.938005332649553, 25.211727341665089 ], [ 88.949114468086549, 25.178857739701456 ], [ 88.923075629969873, 25.164908859136322 ], [ 88.910982895890612, 25.180305544009169 ], [ 88.875264461754199, 25.179344147961984 ], [ 88.843762886648065, 25.213807085117228 ], [ 88.805860404612488, 25.170450625224912 ], [ 88.769401153217487, 25.189845138126156 ], [ 88.749359553277515, 25.177159392070219 ], [ 88.733187796766842, 25.198369505030136 ], [ 88.687310645662308, 25.209190173055621 ], [ 88.612988900736582, 25.204098985658646 ], [ 88.563863764958214, 25.175177527334249 ], [ 88.557614438851516, 25.19261097273214 ], [ 88.533977460445939, 25.187520212273235 ], [ 88.53777768893228, 25.197817623329435 ], [ 88.497148149866206, 25.210524891743585 ], [ 88.44368775261151, 25.197296900902511 ], [ 88.461321743622534, 25.149259083220965 ], [ 88.441419534366887, 25.12750809209685 ], [ 88.452869755625699, 25.079304933301533 ], [ 88.435696573405949, 25.049380983400763 ], [ 88.452543765992232, 25.036636846684967 ], [ 88.43636031880645, 25.006371478358691 ], [ 88.412002269908868, 24.99815469570709 ], [ 88.417205344373812, 24.974162287783436 ], [ 88.395247472642794, 24.969078786387215 ], [ 88.398838036138486, 24.945320221921683 ], [ 88.364040256590656, 24.953286185642455 ], [ 88.340904397976445, 24.940631463966813 ], [ 88.32427466685921, 24.916683034640556 ], [ 88.347007621187046, 24.892433360682311 ], [ 88.330619022146564, 24.870139789868052 ], [ 88.321058885889954, 24.883468500908588 ], [ 88.301709449554494, 24.87204376873207 ], [ 88.27608381580724, 24.897795375601433 ], [ 88.25826625316958, 24.877550193085913 ], [ 88.260518688912995, 24.919181998138242 ], [ 88.224837921136412, 24.960014314389589 ], [ 88.138044352183243, 24.936160964371386 ], [ 88.175019135940062, 24.860151240320299 ], [ 88.131912376595352, 24.836012375334523 ], [ 88.136284077332874, 24.805275112187719 ], [ 88.123544984745436, 24.823109429743941 ], [ 88.106097990637224, 24.779567254188635 ], [ 88.068306920358154, 24.769150160125861 ], [ 88.062845570367514, 24.721596494294673 ], [ 88.008800077012083, 24.667893990843854 ], [ 88.140755349133102, 24.51124047886011 ], [ 88.198401390758605, 24.462495466667889 ], [ 88.271923153584495, 24.440580501275605 ], [ 88.335654636269524, 24.380517076599073 ], [ 88.44643242470643, 24.37858059607753 ], [ 88.527119169103059, 24.344378716783005 ], [ 88.555134887444694, 24.293341348654231 ], [ 88.567688189566738, 24.326653649172556 ], [ 88.628488385936393, 24.305093365953681 ], [ 88.696587579042472, 24.315353360136111 ], [ 88.73543909434477, 24.27649549723629 ], [ 88.731577204598992, 24.171585789166166 ], [ 88.746490695382775, 24.147064667265326 ], [ 88.693190252147545, 24.11115289923875 ], [ 88.741631310955597, 24.057122441666948 ], [ 88.725530199755511, 24.041020120858601 ], [ 88.757555692996576, 24.031405999791641 ], [ 88.729045508684891, 23.996113571625298 ], [ 88.759463725439844, 24.006299337085608 ], [ 88.768711333317512, 23.981462458684561 ], [ 88.738759262244983, 23.98343484340182 ], [ 88.733403510114314, 23.910975074160358 ], [ 88.700916200172188, 23.912286920646519 ], [ 88.704338634979294, 23.899174941056266 ], [ 88.664282818444164, 23.882422347319508 ], [ 88.667585910269153, 23.869445008940296 ], [ 88.626736939728616, 23.864903790103053 ], [ 88.616439048570214, 23.876512051859493 ], [ 88.608480910299122, 23.862524816752813 ], [ 88.575640577721714, 23.861551709598864 ], [ 88.602134170883005, 23.81780230020896 ], [ 88.578126792831256, 23.786576074808231 ], [ 88.556518287592354, 23.78442636033633 ], [ 88.58071883217626, 23.76465730372767 ], [ 88.564728723100885, 23.713067460236392 ], [ 88.573820595447657, 23.666940880780057 ], [ 88.558538730718695, 23.649317573969821 ], [ 88.562170252001422, 23.637088266325748 ], [ 88.59376491413056, 23.640810242792426 ], [ 88.580465560266731, 23.603091601706065 ], [ 88.645178798251081, 23.609376931274941 ], [ 88.63876319398527, 23.590735066127131 ], [ 88.660137353919382, 23.549116128676999 ], [ 88.725134782927014, 23.511832882840359 ], [ 88.743987902762939, 23.480942234249351 ], [ 88.800786957043044, 23.497124098717169 ], [ 88.793325231391208, 23.444143092385787 ], [ 88.764974920250651, 23.448538076150403 ], [ 88.74926152731706, 23.400553925664301 ], [ 88.765434506434843, 23.36788389432915 ], [ 88.732032050373419, 23.351986590628638 ], [ 88.745298472897233, 23.307820191611466 ], [ 88.730416993578615, 23.319582537218789 ], [ 88.724644251577899, 23.29830358529788 ], [ 88.70985223098684, 23.312890265343945 ], [ 88.696278570262805, 23.301747645610224 ], [ 88.724421908663615, 23.27152936861501 ], [ 88.719044288844003, 23.254733065122547 ], [ 88.769537610004065, 23.244844200195789 ], [ 88.78980100308938, 23.218340436625954 ], [ 88.811438973069613, 23.221547792836752 ], [ 88.811003489582802, 23.25604936295867 ], [ 88.828798926714981, 23.244868607156011 ], [ 88.823274320057024, 23.233686180282298 ], [ 88.906851038147451, 23.235964972030676 ], [ 88.913966701310798, 23.214171242362589 ], [ 88.940483619228445, 23.20674412825969 ], [ 88.97593103164364, 23.224432668783081 ], [ 88.995606444137835, 23.214920526220261 ], [ 88.980394667763989, 23.213568494041276 ], [ 88.979111229446204, 23.182526168900555 ], [ 88.962307525201126, 23.193144687700649 ], [ 88.939094051248063, 23.176803859225679 ], [ 88.930843600285201, 23.143192577679933 ], [ 88.869424037086731, 23.100678793610602 ], [ 88.861007119318572, 23.07730534893782 ], [ 88.884117214250438, 23.04043268610733 ], [ 88.879326246413626, 23.005081580857993 ], [ 88.845086289216212, 23.009858277239285 ], [ 88.870967466712358, 22.978633050312872 ], [ 88.85704887807205, 22.968883476328131 ], [ 88.859636065616186, 22.943007590949545 ], [ 88.894264375290703, 22.951998936705564 ], [ 88.886848504142549, 22.934038118366477 ], [ 88.908393702408446, 22.918884847155752 ], [ 88.895713158418005, 22.913564773847103 ], [ 88.909429701577864, 22.879856068193426 ], [ 88.945374819288006, 22.880674606933553 ], [ 88.968462570423824, 22.845043219012101 ], [ 88.958254321249314, 22.796582893396401 ], [ 88.91100487227574, 22.7577305309647 ], [ 88.927970309204539, 22.718084765283724 ], [ 88.962366413361252, 22.694972385241101 ], [ 88.927169596774348, 22.649230781386905 ], [ 88.93494582709873, 22.621196985048613 ], [ 88.960081401112404, 22.616633177985786 ], [ 88.938938910401845, 22.592205311283671 ], [ 88.940697394011536, 22.561348341693854 ], [ 88.961864626121638, 22.548733385118798 ], [ 88.996161906613978, 22.468108420828223 ], [ 89.0000701593099, 22.42983951480316 ], [ 88.971906809139512, 22.409885843099357 ], [ 88.994167108592379, 22.387856152276488 ], [ 88.984479689144862, 22.326697168286817 ], [ 89.024545642269672, 22.297164357407091 ], [ 88.995097313170788, 22.286264582744433 ], [ 89.020466090730551, 22.268503365393443 ], [ 89.013880900708756, 22.253963189951389 ], [ 89.034199713558905, 22.25825832077896 ], [ 89.03788788889166, 22.232427313604237 ], [ 89.071613853439715, 22.196887912847259 ], [ 89.071069158170545, 22.147275575622253 ], [ 89.098165609820711, 22.154712081668375 ], [ 89.038275843415107, 22.096862197214207 ], [ 89.077226506673625, 22.006388189193689 ], [ 89.072743323212748, 21.94444026332453 ], [ 89.066284175808462, 21.930800836390762 ], [ 89.027822293082551, 21.928889464635013 ], [ 88.996398946864645, 21.953397548365952 ], [ 89.014098059445558, 21.976722651257155 ], [ 89.011816644051081, 21.984261984367855 ], [ 89.001540694243474, 21.986670263168975 ], [ 89.027174472117082, 21.997511438918693 ], [ 89.030382632677799, 22.001048267176404 ], [ 89.013742534103869, 21.996527647686946 ], [ 89.000322645193549, 21.987667921837609 ], [ 88.989379000093138, 21.974264994328653 ], [ 88.989023062424735, 21.983406156040495 ], [ 88.964399324205417, 22.006087391857953 ], [ 88.935650956087727, 22.011805584370656 ], [ 88.917806019986742, 21.980930739971868 ], [ 88.915106482844976, 22.008462811328119 ], [ 88.902468345624115, 22.003853085961474 ], [ 88.904361509152807, 21.927890704918024 ], [ 88.85824089843662, 21.920363808729785 ], [ 88.805749024297043, 21.938068563205885 ], [ 88.799044579328083, 21.922103126195918 ], [ 88.839800968597075, 21.886360104120516 ], [ 88.820066556551694, 21.837758407615922 ], [ 88.83083257238107, 21.808069531311727 ], [ 88.821476236014647, 21.781442506075162 ], [ 88.86469530004122, 21.761442543654283 ], [ 88.841164527655053, 21.716880046726597 ], [ 88.861548698332001, 21.640940769398178 ], [ 88.845587954284952, 21.61910268889849 ], [ 88.804494775836119, 21.637163418068116 ], [ 88.822442689411403, 21.667024860678186 ], [ 88.814594495049604, 21.71072785221288 ], [ 88.762708871437411, 21.701971876773921 ], [ 88.793834489919035, 21.737005474264656 ], [ 88.790491581167416, 21.750034473625281 ], [ 88.777041738832239, 21.732441263356129 ], [ 88.755869360273891, 21.735315814051312 ], [ 88.767208532695591, 21.763307961108072 ], [ 88.750132785344817, 21.770489608063386 ], [ 88.765679710574773, 21.786360687093882 ], [ 88.781147075613291, 21.825167384630447 ], [ 88.745526238042601, 21.773242414047079 ], [ 88.759766315756764, 21.761796474667811 ], [ 88.75235209301718, 21.733299078278222 ], [ 88.777573273782494, 21.721283497887701 ], [ 88.756548550409065, 21.70297269902921 ], [ 88.768703287107527, 21.69368786282708 ], [ 88.809932606135973, 21.704483912784593 ], [ 88.807942328436894, 21.662676942358097 ], [ 88.744790426196744, 21.660831901694813 ], [ 88.711408032210556, 21.689581087411206 ], [ 88.693759745410119, 21.745307856954824 ], [ 88.711276595209782, 21.78698238620326 ], [ 88.696043211658377, 21.84258665336748 ], [ 88.725494294991918, 21.979543106997159 ], [ 88.751464655432841, 22.006230924035201 ], [ 88.71019916214621, 21.995954095184626 ], [ 88.678620163042368, 21.94309488901585 ], [ 88.630717532856053, 21.954360311797025 ], [ 88.634875865747304, 22.01077253488803 ], [ 88.6128382146359, 22.006402625257614 ], [ 88.60208822205621, 21.996723142269175 ], [ 88.599101680367681, 21.991611082205011 ], [ 88.596593855385663, 21.990730142042089 ], [ 88.594822233914911, 21.988684278664724 ], [ 88.579746639443172, 21.998957926990883 ], [ 88.571437315591538, 21.999980359755074 ], [ 88.584105120572957, 21.989979005308982 ], [ 88.574098952811482, 21.977895889219749 ], [ 88.574937336991411, 21.962078282124835 ], [ 88.55398400722521, 21.976362006925225 ], [ 88.544041975581735, 21.973015837784065 ], [ 88.54092312822155, 21.966719605246031 ], [ 88.548834361858397, 21.920272218798797 ], [ 88.568556882904375, 21.903247710067827 ], [ 88.54103126112723, 21.907421586659929 ], [ 88.53876465086698, 21.863235624236367 ], [ 88.52850736355937, 21.873064733908635 ], [ 88.52001074456426, 21.875163721349949 ], [ 88.53750611474716, 21.856714450318488 ], [ 88.449589613061278, 21.905664859851587 ], [ 88.438755531882805, 21.906012504908634 ], [ 88.431098612201211, 21.901201572822874 ], [ 88.42285912337978, 21.903895379347372 ], [ 88.418048910036319, 21.902605217053768 ], [ 88.434310637314283, 21.898969830213261 ], [ 88.450663536407021, 21.904919330356986 ], [ 88.483035288867626, 21.872032755332075 ], [ 88.487863014867557, 21.840375352025315 ], [ 88.473290033187155, 21.837534280267167 ], [ 88.447366526176523, 21.812988022684188 ], [ 88.459168165679529, 21.791890093289037 ], [ 88.445161498123923, 21.803027489228267 ], [ 88.430465668235158, 21.800377775032356 ], [ 88.425881773749452, 21.814522124261025 ], [ 88.417423563122654, 21.813156135604327 ], [ 88.379365507252899, 21.787616378749643 ], [ 88.374632477158656, 21.76813144497439 ], [ 88.342694130381645, 21.761133205062851 ], [ 88.338563675806924, 21.75135599438449 ], [ 88.344298316663185, 21.721035903309328 ], [ 88.32725499130764, 21.726485156241608 ], [ 88.32080181770003, 21.708737972172369 ], [ 88.306145953858277, 21.717677991139638 ], [ 88.309482581589464, 21.733854403365065 ], [ 88.299964764965893, 21.781409728596724 ], [ 88.282973864392034, 21.789456429288769 ], [ 88.261631813839443, 21.731561196322293 ], [ 88.301172336964669, 21.682421916588055 ], [ 88.284415810441686, 21.600706414060532 ], [ 88.310161643265545, 21.581003015251895 ], [ 88.284422881979609, 21.55901713425914 ], [ 88.253209911319757, 21.55862667741145 ], [ 88.218462465275636, 21.615931918389599 ], [ 88.237051814591297, 21.64380056786635 ], [ 88.233003412134664, 21.669109128021525 ], [ 88.199754000251602, 21.682696685397282 ], [ 88.220430342584791, 21.701882409741021 ], [ 88.215292199246875, 21.778031249066927 ], [ 88.19978804729918, 21.835969499941687 ], [ 88.194598184357076, 21.845562874184104 ], [ 88.177486171119995, 21.861563215266415 ], [ 88.174344055597317, 21.86898754872464 ], [ 88.163758363984783, 21.883033904050311 ], [ 88.170875014396643, 21.929280478880891 ], [ 88.149696336851477, 21.957660393862454 ], [ 88.214731895749665, 22.038594126700186 ], [ 88.224410302399932, 22.089915969033633 ], [ 88.205119711105468, 22.164760590404814 ], [ 88.168582505706738, 22.197167599168527 ], [ 88.069335939617773, 22.211910243395202 ], [ 88.086131429667901, 22.237856147679945 ], [ 88.084605978924344, 22.256342071659656 ], [ 88.060571293884635, 22.205770532196194 ], [ 87.986490301048278, 22.238258943633728 ], [ 87.955931895006728, 22.269732296345037 ], [ 87.951497861968306, 22.251627785057799 ], [ 88.00674892228281, 22.20262867264681 ], [ 88.034776804711726, 22.208932336408381 ], [ 88.066688302641552, 22.188840152117443 ], [ 88.135886141628305, 22.184778034629911 ], [ 88.190108839351637, 22.116266960777637 ], [ 88.183412592407933, 22.094450828694757 ], [ 88.086265338832362, 22.023377556985501 ], [ 88.055692878648188, 22.020181445587358 ], [ 87.968083931369492, 21.854770635100291 ], [ 87.883266549141808, 21.79334983461073 ], [ 87.805074048996758, 21.703417983726858 ], [ 87.746989039319487, 21.699775576585456 ], [ 87.733137203589621, 21.675463580269263 ], [ 87.673962567117073, 21.652528725085183 ], [ 87.646636468351033, 21.649057153339822 ], [ 87.64393317625138, 21.663105771952875 ], [ 87.631952374053157, 21.647802931784803 ], [ 87.484786955102209, 21.611261208128287 ], [ 87.485425832440697, 21.63263356024558 ], [ 87.478609059710578, 21.637738561415272 ], [ 87.484807911899466, 21.612460112710128 ], [ 87.362477817654892, 21.558091375948766 ], [ 87.248828579683646, 21.556214501344421 ], [ 87.118501885799091, 21.517097099960719 ], [ 86.979279739797903, 21.409763264609335 ], [ 86.892562568966383, 21.318374719613224 ], [ 86.829353122445767, 21.208646982263925 ], [ 86.856286552329749, 21.205603747133793 ], [ 86.841535703324794, 21.175081372001664 ], [ 86.84789739340215, 21.095502877116193 ], [ 86.980415878663621, 20.858244293082329 ], [ 86.967411382418746, 20.791393866190994 ], [ 86.944163497600414, 20.766477947593042 ], [ 86.992108551624341, 20.770497577905729 ], [ 87.000038410930273, 20.697836803839042 ], [ 87.058248066344817, 20.716757009016259 ], [ 86.775250491746647, 20.520752711061906 ], [ 86.733357135365239, 20.461589461815443 ], [ 86.724622852688668, 20.394886395604679 ], [ 86.739487930566852, 20.400568795987162 ], [ 86.747004857692858, 20.378790194093938 ], [ 86.776817950407832, 20.404501097667623 ], [ 86.781216136174848, 20.378494603170815 ], [ 86.797230417117902, 20.375005439701354 ], [ 86.789318666949754, 20.374984320391757 ], [ 86.781854186164978, 20.365863348037724 ], [ 86.778792102449245, 20.356615574866868 ], [ 86.798055650860377, 20.363973115031264 ], [ 86.779510711557407, 20.33635515208524 ], [ 86.523825564264939, 20.173447218801066 ], [ 86.433964534280733, 20.052140721932393 ], [ 86.413871993575967, 19.997102939844577 ], [ 86.377997443921245, 19.966833493361143 ], [ 86.41166452120747, 19.975056005398212 ], [ 86.392159390663608, 19.956935564280244 ], [ 86.309619544006722, 19.941272261878854 ], [ 86.143736985899309, 19.873507607615796 ], [ 85.78108540608774, 19.780649432663562 ], [ 85.346745810609463, 19.584550259188926 ], [ 84.930209807169533, 19.27620655659069 ], [ 84.817804640645377, 19.165598592137073 ], [ 84.766265504424808, 19.078143625312297 ], [ 84.701881696621456, 19.119354594993982 ], [ 84.761463755906277, 19.079122968397655 ], [ 84.719818863650985, 19.015721669662661 ], [ 84.603622881188045, 18.889717085413256 ], [ 84.551118315650157, 18.790039618214937 ], [ 84.368391839315692, 18.593131620254081 ], [ 84.355715917157383, 18.556211588272934 ], [ 84.150652383922264, 18.377267930010522 ], [ 84.126895146252991, 18.343853074791642 ], [ 84.126859351982176, 18.313365503278483 ], [ 83.860722805822263, 18.174445824913683 ], [ 83.810371837990346, 18.156106822328709 ], [ 83.794901563308628, 18.168151320996394 ], [ 83.805263810672329, 18.154038770254292 ], [ 83.612428746057574, 18.04249322199027 ], [ 83.569374207576985, 18.011799412256245 ], [ 83.531803535359614, 17.951216250802716 ], [ 83.458652866577594, 17.901088997023496 ], [ 83.407096374007409, 17.841032983647214 ], [ 83.410869590153169, 17.809358187628661 ], [ 83.351569079946401, 17.752031884615018 ], [ 83.346698357882062, 17.726575406387408 ], [ 83.296237481175083, 17.692397768604632 ], [ 83.294874341630376, 17.674520785791838 ], [ 83.216469989096936, 17.59549707726293 ], [ 83.032549773920763, 17.514395671853837 ], [ 82.974781970150062, 17.46610782314789 ], [ 82.726352103979011, 17.354882899004956 ], [ 82.561936541443004, 17.261570264388538 ], [ 82.443092580643977, 17.1748086688124 ], [ 82.319055329830093, 17.057398878219733 ], [ 82.286760384224607, 17.012533573887328 ], [ 82.271145260694922, 16.941296092652433 ], [ 82.241444283117332, 16.908036596828083 ], [ 82.248266814325348, 16.87646511835257 ], [ 82.260078053225484, 16.884218259897047 ], [ 82.31422884081033, 16.845879807109171 ], [ 82.361571128871901, 16.854447140384757 ], [ 82.357714838325265, 16.950026763197531 ], [ 82.325812632568741, 16.987646949341215 ], [ 82.355645717290344, 16.96779431960546 ], [ 82.36636497940242, 16.911358526785939 ], [ 82.365315990594041, 16.876976004577298 ], [ 82.357363567404789, 16.806646730577029 ], [ 82.33342308329901, 16.716808998691196 ], [ 82.344890053646267, 16.704471909058249 ], [ 82.331372479237004, 16.687014569426655 ], [ 82.354095809014879, 16.70582535283889 ], [ 82.346449335841697, 16.715637895887081 ], [ 82.365234103765985, 16.707070983037529 ], [ 82.316851805557292, 16.660741491327059 ], [ 82.329029852639067, 16.615036182168865 ], [ 82.318874297740805, 16.576826301608101 ], [ 82.312260596988523, 16.667080587396999 ], [ 82.312228293570911, 16.627305260282576 ], [ 82.306801160409449, 16.637572461064849 ], [ 82.284259143893621, 16.626027164599172 ], [ 82.298404894909694, 16.585684116181227 ], [ 82.263138477752875, 16.562756606046026 ], [ 82.296903822646343, 16.567624540181864 ], [ 82.281240646435478, 16.558743131709178 ], [ 82.292031350663791, 16.555735213334593 ], [ 82.299991084342864, 16.571397415829143 ], [ 82.300607870311865, 16.562934951964834 ], [ 82.310326543046457, 16.567786414587374 ], [ 82.31343646384768, 16.564820107344165 ], [ 82.312588691374685, 16.559820893875163 ], [ 82.289643514552566, 16.55406836782478 ], [ 82.244573546443235, 16.550032059617475 ], [ 82.232322923571331, 16.544897448994085 ], [ 81.957731890301474, 16.392374455669273 ], [ 81.878150961239811, 16.382631288958489 ], [ 81.719530828555335, 16.306591446983614 ], [ 81.690639904090247, 16.327471792365344 ], [ 81.486022758092858, 16.354777652708542 ], [ 81.39379109473515, 16.34247315181165 ], [ 81.303012028751382, 16.302095276307206 ], [ 81.265055658578575, 16.278138211234907 ], [ 81.213763665960641, 16.207218328814051 ], [ 81.191365327787921, 16.102823685066372 ], [ 81.145541136860984, 16.012945119425453 ], [ 81.147490853828387, 15.972857332317238 ], [ 81.004771416407479, 15.837804229893317 ], [ 81.020504522869956, 15.79405260992178 ], [ 81.008237333267573, 15.797406769923635 ], [ 81.012215987830601, 15.76624828984925 ], [ 80.998451330005807, 15.769691432588882 ], [ 81.008998261110435, 15.753619197014928 ], [ 80.937219266766704, 15.714404116628421 ], [ 80.932000614616385, 15.723682207140055 ], [ 80.850668534892705, 15.705963236932119 ], [ 80.831837375272201, 15.705496204061962 ], [ 80.816263768281658, 15.712865160605691 ], [ 80.788429645273013, 15.757228854260493 ], [ 80.787715977797248, 15.7642628619625 ], [ 80.79092467465216, 15.770662785673284 ], [ 80.799336431599031, 15.776869971984402 ], [ 80.791217248753696, 15.753633850659554 ], [ 80.821872415029432, 15.710572671187327 ], [ 80.779629014826213, 15.835295984842602 ], [ 80.80091240359414, 15.805791357687221 ], [ 80.814963618604651, 15.811338418922874 ], [ 80.806498058860498, 15.841052493020879 ], [ 80.779221394384564, 15.864297118363821 ], [ 80.680607013185266, 15.885399672773755 ], [ 80.464029599578765, 15.821199768596678 ], [ 80.306349552042448, 15.713556777313562 ], [ 80.243384873978897, 15.630256540226057 ], [ 80.237211842687572, 15.600669928884946 ], [ 80.226922202555045, 15.603908772708538 ], [ 80.220933982565427, 15.601209902111938 ], [ 80.235064647274655, 15.590590498122001 ], [ 80.224854113684344, 15.53369468886433 ], [ 80.201961099335819, 15.506857382836946 ], [ 80.204962614143525, 15.47389098920373 ], [ 80.11024914101435, 15.345474660175602 ], [ 80.083319961059971, 15.26995938860771 ], [ 80.087646396588667, 15.205589840193895 ], [ 80.047039494169425, 15.082709262166459 ], [ 80.097542094028071, 14.780194183191604 ], [ 80.141689196794871, 14.704284131612249 ], [ 80.171178922058687, 14.611659799143601 ], [ 80.195513240161432, 14.58582695374337 ], [ 80.171649791082842, 14.373419380858412 ], [ 80.130195912097989, 14.230808434914703 ], [ 80.126413156742231, 14.164324223053809 ], [ 80.149778179178682, 14.03176943763247 ], [ 80.253089049701387, 13.785916683600437 ], [ 80.233649623734038, 13.658447694435765 ], [ 80.268539317105123, 13.564537465327678 ], [ 80.241814011601122, 13.470646954258143 ], [ 80.268748861721519, 13.564628197689208 ], [ 80.326018497564903, 13.441682190755802 ], [ 80.34536080936185, 13.281302858166319 ], [ 80.298520590610906, 13.137736498805463 ], [ 80.294888419846217, 13.09307751600892 ], [ 80.310629893217268, 13.107775436039345 ], [ 80.28567494615271, 13.06043841318599 ], [ 80.259229723676185, 12.933527834562497 ], [ 80.255021619626632, 12.782136507091664 ], [ 80.157353069200127, 12.469033587145132 ], [ 79.873649410703777, 12.042032014252126 ], [ 79.856797393266106, 12.006055012208179 ], [ 79.840635940431767, 11.955785648928845 ], [ 79.807821455080003, 11.836580461751671 ], [ 79.806111537627871, 11.841051026096855 ], [ 79.799747167725528, 11.828270004509125 ], [ 79.801602185704382, 11.815020551602739 ], [ 79.795864390863173, 11.785720614041095 ], [ 79.757035376562101, 11.556148514015247 ], [ 79.842562525780565, 11.350471236240951 ], [ 79.853816447183476, 10.983221369593906 ], [ 79.851240033437307, 10.986680515381853 ], [ 79.850736141142235, 10.827828352925467 ], [ 79.831069819598724, 10.827382741267636 ], [ 79.852496606435452, 10.827209230614534 ], [ 79.853297344018458, 10.679417215286664 ], [ 79.841472388742275, 10.676088843420583 ], [ 79.853336230290466, 10.676480180230861 ], [ 79.880443527301068, 10.304685315298915 ], [ 79.861510257978864, 10.282841806575178 ], [ 79.817222548208818, 10.275955659363687 ], [ 79.814449499232424, 10.287532051082362 ], [ 79.813927187285202, 10.275615935100198 ], [ 79.780092514909654, 10.272469795681721 ], [ 79.782669077180628, 10.294272800073344 ], [ 79.748722501670173, 10.31437650559654 ], [ 79.777710658883279, 10.284082067346851 ], [ 79.76575160579641, 10.271868224832703 ], [ 79.530742518766147, 10.309166178754468 ], [ 79.544130415075969, 10.324885319017062 ], [ 79.512924338985911, 10.313138092693944 ], [ 79.39590003976241, 10.318635155088277 ], [ 79.298461411336191, 10.263298499867586 ], [ 79.225672576764126, 10.1458274250661 ], [ 79.229450421030222, 10.083641694267484 ], [ 79.266111757431588, 10.039233636168422 ], [ 79.138870800802493, 9.920861248842096 ], [ 79.14701344404979, 9.911435637205715 ], [ 79.114648606820239, 9.889867770298848 ], [ 79.119313968620759, 9.852776661947276 ], [ 79.084955134666842, 9.834650471590093 ], [ 79.093903476892478, 9.829362546429289 ], [ 79.059069257185143, 9.772957778962384 ], [ 78.998793536804243, 9.717947768934925 ], [ 78.959814829939162, 9.630934333693112 ], [ 78.934774814213839, 9.608331234596712 ], [ 78.915226351635596, 9.499031153167859 ], [ 78.898441158973611, 9.490338981379951 ], [ 78.93767979606109, 9.406797427570496 ], [ 79.070818884233191, 9.295144007367174 ], [ 79.210003496825195, 9.283180163248939 ], [ 79.265928446316408, 9.292744173886438 ], [ 79.309915389349527, 9.327646842672413 ], [ 79.329774478573214, 9.31976177482545 ], [ 79.314717150444466, 9.281188349797173 ], [ 79.324003782036414, 9.263577299270189 ], [ 79.423247457346747, 9.178508712948894 ], [ 79.435842971303998, 9.164171889171916 ], [ 79.435496290774594, 9.157793143974173 ], [ 79.310866193195693, 9.241477450713068 ], [ 79.220436323922428, 9.257422733717407 ], [ 79.209198060154947, 9.28240316589798 ], [ 79.081021464139994, 9.261248289059935 ], [ 78.978470512652066, 9.274824788638366 ], [ 78.861099010079684, 9.255401916404663 ], [ 78.73260279528327, 9.211889351241084 ], [ 78.717255199028315, 9.189542662894931 ], [ 78.66137212719903, 9.192661520907913 ], [ 78.642208434616578, 9.1746788644289 ], [ 78.657648198917968, 9.158123156987127 ], [ 78.57757198013114, 9.130845846745613 ], [ 78.530902734134969, 9.138077814000983 ], [ 78.40870470571187, 9.111348230684492 ], [ 78.21504443340578, 8.96603792641878 ], [ 78.186641952605086, 8.923590913969869 ], [ 78.158080825731972, 8.796964934011845 ], [ 78.187055545046732, 8.764139952437334 ], [ 78.199134489088053, 8.787475299216347 ], [ 78.196197075364097, 8.753196528966122 ], [ 78.160785011655349, 8.737602392174503 ], [ 78.125638634573292, 8.66508837611746 ], [ 78.137972621103572, 8.58596380075692 ], [ 78.121900069142981, 8.515695111394582 ], [ 78.130471374969119, 8.496615165010235 ], [ 78.06318171844427, 8.416506793598149 ], [ 78.056896389657609, 8.379411279050073 ], [ 78.067565854560257, 8.373739440982318 ], [ 77.802924536224481, 8.240165763079467 ], [ 77.78131024673344, 8.201040721126491 ], [ 77.745606119166254, 8.177367792567697 ], [ 77.569682521596377, 8.12919731899659 ], [ 77.551418321989345, 8.078165349232043 ], [ 77.316059944823792, 8.121900485354384 ], [ 77.096070822294678, 8.293168044026586 ], [ 76.975343367432728, 8.386238662117629 ], [ 76.631433187578466, 8.836529686376142 ], [ 76.546730547162042, 8.903905088362885 ], [ 76.499131697560429, 9.058222517975379 ], [ 76.330247607577363, 9.441248479939388 ], [ 76.240024068748468, 9.967967476239725 ], [ 76.101790991231269, 10.373572520256923 ], [ 76.030534775958699, 10.526158575076874 ], [ 76.038284367641623, 10.549017464431769 ], [ 76.026805644635502, 10.574784609349484 ], [ 76.009499994149039, 10.566846468810262 ], [ 75.910101001922683, 10.786134818190245 ], [ 75.846701991114173, 11.062867829580986 ], [ 75.731848135703146, 11.355813175133136 ], [ 75.681605194775713, 11.449621276277549 ], [ 75.61678020906497, 11.476408938419725 ], [ 75.536226103614993, 11.693542204571225 ], [ 75.535869503072675, 11.703969383518585 ], [ 75.530036710409092, 11.703569904113863 ], [ 75.453696769941857, 11.770275044211541 ], [ 75.385758515408838, 11.856338021921463 ], [ 75.355682351062953, 11.859804394421872 ], [ 75.250332867190636, 12.008188888757459 ], [ 75.229109691597884, 12.022605802157809 ], [ 75.201056338337438, 12.006088967343906 ], [ 75.057115307114472, 12.353589683129801 ], [ 74.973813708859552, 12.500389615090457 ], [ 74.864585107350976, 12.760191657919453 ], [ 74.866208033905906, 12.760560279722501 ], [ 74.864189059905129, 12.761376633617003 ], [ 74.824427378743465, 12.849057475989754 ], [ 74.716365529787112, 13.312579386959557 ], [ 74.693590333081374, 13.344037271203893 ], [ 74.695429877069046, 13.455179415123361 ], [ 74.668511334065968, 13.640168011837293 ], [ 74.644822406087513, 13.684787096293327 ], [ 74.610073352059004, 13.86500479806859 ], [ 74.56920873286623, 13.946779048818547 ], [ 74.513982081574653, 13.986858475297092 ], [ 74.468927088381108, 14.188676636368397 ], [ 74.441655441894341, 14.224565860587314 ], [ 74.397669410651233, 14.408179078083057 ], [ 74.355734620375671, 14.520860608846181 ], [ 74.310988731183173, 14.522162758160714 ], [ 74.314493803809896, 14.546268973596616 ], [ 74.270994143817774, 14.626755931664361 ], [ 74.28643915607708, 14.634214521184736 ], [ 74.28400599995976, 14.663648147064396 ], [ 74.262798110099894, 14.719808399988304 ], [ 74.234239229014975, 14.74842655574801 ], [ 74.203807957942317, 14.736389374252685 ], [ 74.204032639171274, 14.719276904932384 ], [ 74.092773269300466, 14.804001945743419 ], [ 74.113336414026406, 14.796787522236913 ], [ 74.126182832832399, 14.816926814296604 ], [ 74.085356758551825, 14.899844203629003 ], [ 74.08780162477575, 14.902815428472589 ], [ 74.084097279201004, 14.900526282593946 ], [ 74.044544789617873, 14.916066904188407 ] ], [ [ 83.859338060896647, 27.308065525206164 ], [ 83.86577808719295, 27.309673632656626 ], [ 83.836571944361808, 27.322215097857143 ], [ 83.859338060896647, 27.308065525206164 ] ], [ [ 79.841730037789205, 12.016869844963825 ], [ 79.840865742956183, 12.013166799281651 ], [ 79.856797393266106, 12.006055012208179 ], [ 79.841730037789205, 12.016869844963825 ] ], [ [ 80.061735978930031, 28.783195029993653 ], [ 80.06809913865122, 28.802844623041718 ], [ 80.061628476120092, 28.810212598848931 ], [ 80.061735978930031, 28.783195029993653 ] ], [ [ 79.811036884462979, 28.80170087980602 ], [ 79.810191650075694, 28.798298380081949 ], [ 79.849579298804159, 28.799865373110109 ], [ 79.811036884462979, 28.80170087980602 ] ], [ [ 79.817637801691518, 28.812307226856092 ], [ 79.814299512919305, 28.814834624231633 ], [ 79.812342603426615, 28.806957064930845 ], [ 79.817637801691518, 28.812307226856092 ] ], [ [ 79.836779714563846, 28.839917467752056 ], [ 79.831750330211236, 28.85406100435647 ], [ 79.829783229990923, 28.853483971335145 ], [ 79.83426389623034, 28.839814332081723 ], [ 79.836779714563846, 28.839917467752056 ] ], [ [ 79.829294991142447, 28.884454040714321 ], [ 79.822863489829928, 28.883437038292541 ], [ 79.849600640978707, 28.859297249387311 ], [ 79.829294991142447, 28.884454040714321 ] ], [ [ 79.42563693577921, 28.86871090384766 ], [ 79.425569994021657, 28.866419218609483 ], [ 79.430501295985493, 28.866333516752153 ], [ 79.42563693577921, 28.86871090384766 ] ], [ [ 79.418448205246378, 28.939041668734628 ], [ 79.415260389022663, 28.940265627271632 ], [ 79.41886613407145, 28.934448957306763 ], [ 79.418448205246378, 28.939041668734628 ] ], [ [ 79.166637387700248, 29.021195337823876 ], [ 79.165473551847228, 29.017628043220441 ], [ 79.168229051318548, 29.018219942280652 ], [ 79.166637387700248, 29.021195337823876 ] ], [ [ 78.789550822576814, 29.315296382886451 ], [ 78.795910689972473, 29.311765211260511 ], [ 78.793856825924323, 29.327688710168907 ], [ 78.789550822576814, 29.315296382886451 ] ], [ [ 78.51398091939636, 29.72305485834919 ], [ 78.510234298980976, 29.724869552458276 ], [ 78.51437422671539, 29.721281056870048 ], [ 78.51398091939636, 29.72305485834919 ] ], [ [ 78.428505418815149, 29.76445533936371 ], [ 78.335658553218238, 29.79660563716898 ], [ 78.465154539673108, 29.746704156604185 ], [ 78.428505418815149, 29.76445533936371 ] ], [ [ 77.782678024280003, 29.736237864162064 ], [ 77.769731037281304, 29.717602346200582 ], [ 77.772311123882687, 29.716638038142751 ], [ 77.782678024280003, 29.736237864162064 ] ], [ [ 77.774600895166387, 29.788882875667348 ], [ 77.773413680951109, 29.790006922335721 ], [ 77.769529305312929, 29.745338122089656 ], [ 77.774600895166387, 29.788882875667348 ] ], [ [ 77.715952355008113, 29.86973826540622 ], [ 77.716518277702662, 29.863186030806805 ], [ 77.743068587796074, 29.850203527160414 ], [ 77.715952355008113, 29.86973826540622 ] ], [ [ 77.747776304263922, 29.911165939712536 ], [ 77.714713923419609, 29.884076786164172 ], [ 77.715773726571555, 29.871806419650149 ], [ 77.747776304263922, 29.911165939712536 ] ], [ [ 77.572315691204935, 30.410450703974355 ], [ 77.580911581247648, 30.378790905336338 ], [ 77.604591169419919, 30.367394200054811 ], [ 77.576036632587702, 30.397385602699966 ], [ 77.572315691204935, 30.410450703974355 ] ], [ [ 77.625735699826933, 30.431630991896 ], [ 77.586189226638822, 30.421583771996691 ], [ 77.572315691204935, 30.410450703974355 ], [ 77.625735699826933, 30.431630991896 ] ], [ [ 77.582526425918587, 30.310206755405847 ], [ 77.586426734013401, 30.313046909690627 ], [ 77.577980836594179, 30.3307773281884 ], [ 77.582526425918587, 30.310206755405847 ] ], [ [ 77.437070392864811, 30.163537388105908 ], [ 77.456777827993889, 30.162339464969303 ], [ 77.475403145853534, 30.179118645936374 ], [ 77.477832503479291, 30.18293968306314 ], [ 77.437070392864811, 30.163537388105908 ] ], [ [ 77.425689344069468, 30.158120140021328 ], [ 77.425052822113642, 30.131454775240833 ], [ 77.429146961894801, 30.159765926264608 ], [ 77.425689344069468, 30.158120140021328 ] ], [ [ 77.185760177041558, 29.907530844076238 ], [ 77.20203107342364, 29.868903944213329 ], [ 77.188737866432703, 29.909049245804393 ], [ 77.185760177041558, 29.907530844076238 ] ], [ [ 77.179186672031989, 29.813101832181573 ], [ 77.17954912904743, 29.81342549761354 ], [ 77.178249329713381, 29.84579897395453 ], [ 77.179186672031989, 29.813101832181573 ] ], [ [ 77.195901510710598, 28.93932823234169 ], [ 77.196546689128056, 28.938953570086376 ], [ 77.202741082061252, 28.985262512688287 ], [ 77.195901510710598, 28.93932823234169 ] ], [ [ 77.229798504732258, 28.894983655807636 ], [ 77.23449637913285, 28.910804561991384 ], [ 77.231969169426293, 28.912624788096021 ], [ 77.229798504732258, 28.894983655807636 ] ], [ [ 77.195464263830885, 28.886206181648355 ], [ 77.19342587120623, 28.879955647001669 ], [ 77.225094644606898, 28.879142591658411 ], [ 77.225806252901677, 28.881539055912487 ], [ 77.195464263830885, 28.886206181648355 ] ], [ [ 77.189421748767188, 28.867677391217143 ], [ 77.200377455211211, 28.862351753260405 ], [ 77.191883391681699, 28.875225782110455 ], [ 77.189421748767188, 28.867677391217143 ] ], [ [ 77.175404861078604, 28.858322344205956 ], [ 77.205093100449488, 28.855204484743581 ], [ 77.203360189874815, 28.857830970954275 ], [ 77.175404861078604, 28.858322344205956 ] ], [ [ 77.223326993339782, 28.825031623931995 ], [ 77.224283307801855, 28.826118843667949 ], [ 77.222261733495287, 28.829182843113543 ], [ 77.223326993339782, 28.825031623931995 ] ], [ [ 77.19992108622975, 28.796218765808099 ], [ 77.234147668410913, 28.783718369383461 ], [ 77.200705785282665, 28.797124468798462 ], [ 77.19992108622975, 28.796218765808099 ] ], [ [ 77.320130647836734, 28.594343533687052 ], [ 77.34241620444277, 28.608884893375841 ], [ 77.337186452092183, 28.61535140444979 ], [ 77.320130647836734, 28.594343533687052 ] ], [ [ 77.297094460118856, 28.565969541631585 ], [ 77.299710209547897, 28.56311643870362 ], [ 77.299277133979643, 28.56865797131206 ], [ 77.297094460118856, 28.565969541631585 ] ], [ [ 77.34543353678599, 28.513244169834504 ], [ 77.349352378996386, 28.511038408208844 ], [ 77.347372456901951, 28.520545730782917 ], [ 77.31163620543181, 28.550108276148922 ], [ 77.34543353678599, 28.513244169834504 ] ], [ [ 77.400059230423878, 28.455641665280528 ], [ 77.433433327570071, 28.454916119931347 ], [ 77.405642778233911, 28.462971756281824 ], [ 77.400059230423878, 28.455641665280528 ] ], [ [ 77.518724022239454, 27.962125120348176 ], [ 77.543193801149869, 27.958372589201513 ], [ 77.544230406429392, 27.962212623689364 ], [ 77.524491211136919, 27.968685588559374 ], [ 77.518724022239454, 27.962125120348176 ] ], [ [ 77.533805523795792, 27.934032484652214 ], [ 77.536609164237618, 27.933980244948057 ], [ 77.539746251221786, 27.945601372535002 ], [ 77.533805523795792, 27.934032484652214 ] ], [ [ 77.492235879156979, 27.938473340105588 ], [ 77.485719989586542, 27.934928453352018 ], [ 77.503088523168614, 27.934604828737942 ], [ 77.492235879156979, 27.938473340105588 ] ], [ [ 77.475284138841332, 27.929250961634413 ], [ 77.477618939485367, 27.905845447046435 ], [ 77.48458283647274, 27.934309799679895 ], [ 77.475284138841332, 27.929250961634413 ] ], [ [ 77.462849576338925, 27.878177963479978 ], [ 77.4721747300798, 27.8835926916408 ], [ 77.473520331210779, 27.889092724907474 ], [ 77.462849576338925, 27.878177963479978 ] ], [ [ 77.420134865733345, 27.890441775357154 ], [ 77.450534396632065, 27.871027051847062 ], [ 77.459997075261967, 27.876521634979728 ], [ 77.420134865733345, 27.890441775357154 ] ], [ [ 77.296949486405055, 27.825369991899596 ], [ 77.331178917143973, 27.831051911788585 ], [ 77.332837674571778, 27.833420536666907 ], [ 77.296949486405055, 27.825369991899596 ] ], [ [ 77.285584995588664, 27.804533499157369 ], [ 77.285666191311009, 27.804483298251441 ], [ 77.296949486405055, 27.825369991899596 ], [ 77.285584995588664, 27.804533499157369 ] ], [ [ 77.317839974791895, 27.742439064735731 ], [ 77.311404915445664, 27.779943261230247 ], [ 77.306414819771092, 27.783344474868116 ], [ 77.317839974791895, 27.742439064735731 ] ], [ [ 77.30442257484691, 27.709857952980808 ], [ 77.319376097254676, 27.733486382936874 ], [ 77.318975644596705, 27.735820262760416 ], [ 77.30442257484691, 27.709857952980808 ] ], [ [ 77.76142724468049, 27.004985868169157 ], [ 77.762957286389849, 27.006845459152462 ], [ 77.760622144019749, 27.008962060706377 ], [ 77.76142724468049, 27.004985868169157 ] ], [ [ 77.427283772850416, 26.864086717973638 ], [ 77.428735848247214, 26.853794740742003 ], [ 77.490256384834552, 26.900491434336764 ], [ 77.427283772850416, 26.864086717973638 ] ], [ [ 77.454577361586274, 26.741946974925209 ], [ 77.462144365720548, 26.746243668611118 ], [ 77.466908207606309, 26.773734004137413 ], [ 77.454577361586274, 26.741946974925209 ] ], [ [ 78.121343580131466, 26.947035223628248 ], [ 78.118556686979204, 26.946972632316967 ], [ 78.118790710466996, 26.945221681204909 ], [ 78.121343580131466, 26.947035223628248 ] ], [ [ 78.208807345946511, 26.931338015677873 ], [ 78.171991596334337, 26.948172736110656 ], [ 78.133766666803425, 26.947314235862464 ], [ 78.208807345946511, 26.931338015677873 ] ], [ [ 78.238620402728856, 26.926644602140502 ], [ 78.247607488238643, 26.931411062560752 ], [ 78.224203017340514, 26.94646150089228 ], [ 78.238620402728856, 26.926644602140502 ] ], [ [ 78.232644657643618, 26.874275866150981 ], [ 78.271215670405184, 26.916229626015415 ], [ 78.270216768479997, 26.916871978149317 ], [ 78.232644657643618, 26.874275866150981 ] ], [ [ 78.222279997405053, 26.831322411148278 ], [ 78.212633442824398, 26.829354199009828 ], [ 78.223885934591479, 26.830698966719382 ], [ 78.222203245064932, 26.8314700440962 ], [ 78.222279997405053, 26.831322411148278 ] ], [ [ 78.267907728575992, 26.813579336898449 ], [ 78.268549866705825, 26.815375567653835 ], [ 78.264695023494554, 26.814833453579787 ], [ 78.267907728575992, 26.813579336898449 ] ], [ [ 78.399641717794765, 26.818170696224019 ], [ 78.362647763989784, 26.869237340307272 ], [ 78.359104526950688, 26.868582853205975 ], [ 78.399641717794765, 26.818170696224019 ] ], [ [ 78.694476165716864, 26.790883119197268 ], [ 78.684525041227232, 26.788753751932788 ], [ 78.670152531178928, 26.762308333759499 ], [ 78.694476165716864, 26.790883119197268 ] ], [ [ 78.723945214977064, 26.79540086574281 ], [ 78.723649324575689, 26.797125666915377 ], [ 78.704621393301778, 26.793054021142318 ], [ 78.723945214977064, 26.79540086574281 ] ], [ [ 78.73449027337449, 26.774485826610743 ], [ 78.753596914851585, 26.787012181740309 ], [ 78.732938560544511, 26.778764233658507 ], [ 78.73449027337449, 26.774485826610743 ] ], [ [ 79.003278266739017, 26.672194368463622 ], [ 79.003778973730391, 26.673738965304356 ], [ 79.000807714487493, 26.672774694761781 ], [ 79.003278266739017, 26.672194368463622 ] ], [ [ 78.619375448390286, 25.583563326072237 ], [ 78.618466473680428, 25.582751240714714 ], [ 78.619734015503425, 25.582358683122091 ], [ 78.619375448390286, 25.583563326072237 ] ], [ [ 78.444281036251837, 25.563428988247949 ], [ 78.440193827673795, 25.558490203587031 ], [ 78.445982335869346, 25.561935407784709 ], [ 78.444281036251837, 25.563428988247949 ] ], [ [ 78.419479960713971, 25.533460571148165 ], [ 78.421881708295189, 25.521310095509445 ], [ 78.427544559187723, 25.543205440899264 ], [ 78.419479960713971, 25.533460571148165 ] ], [ [ 78.305262634445285, 25.37627719101172 ], [ 78.300532673894367, 25.360373729961381 ], [ 78.340530293073797, 25.399520660002825 ], [ 78.305262634445285, 25.37627719101172 ] ], [ [ 78.391188587140846, 25.20074893437711 ], [ 78.395463693963151, 25.190001921717535 ], [ 78.410951939311474, 25.212665947388402 ], [ 78.391188587140846, 25.20074893437711 ] ], [ [ 78.396722606346415, 25.186837194405996 ], [ 78.458247189788125, 25.164608079980876 ], [ 78.396015984395191, 25.188613541845012 ], [ 78.396722606346415, 25.186837194405996 ] ], [ [ 78.168970490168633, 24.862619909624613 ], [ 78.190462839562613, 24.838281608066652 ], [ 78.172004361318855, 24.865060495859154 ], [ 78.168970490168633, 24.862619909624613 ] ], [ [ 78.234456113828244, 24.774238281325925 ], [ 78.234506068421908, 24.774385296135197 ], [ 78.234000555716577, 24.775118675552235 ], [ 78.234456113828244, 24.774238281325925 ] ], [ [ 78.431086655020536, 24.284031891090308 ], [ 78.459730174708881, 24.328624832868261 ], [ 78.44401881622376, 24.319471754634634 ], [ 78.416990613923971, 24.279544447667259 ], [ 78.431086655020536, 24.284031891090308 ] ], [ [ 78.490728512633453, 24.376883814073214 ], [ 78.474294321222786, 24.356335537168484 ], [ 78.475109838588963, 24.352568274995168 ], [ 78.490728512633453, 24.376883814073214 ] ], [ [ 78.518380352025019, 24.387818753707119 ], [ 78.500477720726579, 24.389073609268703 ], [ 78.494513609747514, 24.381616460886647 ], [ 78.518380352025019, 24.387818753707119 ] ], [ [ 78.881854115798689, 24.217009156136648 ], [ 78.882034944547314, 24.219376470413216 ], [ 78.826748102859824, 24.195446342102766 ], [ 78.881854115798689, 24.217009156136648 ] ], [ [ 78.843084327424279, 24.62309616105097 ], [ 78.835055586029497, 24.605452443282829 ], [ 78.853909697518674, 24.619555672595197 ], [ 78.843084327424279, 24.62309616105097 ] ], [ [ 78.783787117627867, 24.588560324603076 ], [ 78.833337031669814, 24.60416693236208 ], [ 78.833799076009058, 24.604512550201058 ], [ 78.783787117627867, 24.588560324603076 ] ], [ [ 78.752290496455487, 24.600444081139887 ], [ 78.752437075733738, 24.599476073931672 ], [ 78.783787117627867, 24.588560324603076 ], [ 78.752290496455487, 24.600444081139887 ] ], [ [ 78.652616701773951, 25.050592469596182 ], [ 78.627337109853926, 25.086898863705809 ], [ 78.652517010505463, 25.05016003209861 ], [ 78.652616701773951, 25.050592469596182 ] ], [ [ 78.446036520395111, 25.293717427354498 ], [ 78.440338961985475, 25.295468251387145 ], [ 78.441996201868989, 25.290210261721867 ], [ 78.446036520395111, 25.293717427354498 ] ], [ [ 78.503082882384419, 25.31639535418676 ], [ 78.503179043719143, 25.320909093073407 ], [ 78.502039448160559, 25.319586950639749 ], [ 78.503082882384419, 25.31639535418676 ] ], [ [ 78.509896967908986, 25.295552822196473 ], [ 78.528518468301357, 25.299802659320857 ], [ 78.508233218974027, 25.30064180152841 ], [ 78.509896967908986, 25.295552822196473 ] ], [ [ 78.531738776406968, 25.300537604660963 ], [ 78.553067559741123, 25.319641917262437 ], [ 78.531340654121067, 25.300446744373929 ], [ 78.531738776406968, 25.300537604660963 ] ], [ [ 78.841041901624621, 25.344969309389505 ], [ 78.846060520658597, 25.339311059200078 ], [ 78.845743060390916, 25.35555460763986 ], [ 78.841041901624621, 25.344969309389505 ] ], [ [ 78.792321587137465, 25.308087941159002 ], [ 78.793138706934357, 25.305193682838546 ], [ 78.794765780252717, 25.30798398749122 ], [ 78.792321587137465, 25.308087941159002 ] ], [ [ 78.797661328594828, 25.28917444622137 ], [ 78.809204461981778, 25.299542145722747 ], [ 78.795378404880736, 25.297260617893578 ], [ 78.797661328594828, 25.28917444622137 ] ], [ [ 78.881908418059297, 25.156894047810884 ], [ 78.953858089612083, 25.218962619383266 ], [ 78.881342294127862, 25.1584066018785 ], [ 78.881908418059297, 25.156894047810884 ] ], [ [ 79.124020731976088, 25.1107796529597 ], [ 79.131103046901742, 25.110525210220672 ], [ 79.124531148439289, 25.12320016938223 ], [ 79.124020731976088, 25.1107796529597 ] ], [ [ 79.175443200397453, 25.108932223997563 ], [ 79.178998239748481, 25.114167676797845 ], [ 79.142091524458408, 25.110130432756442 ], [ 79.175443200397453, 25.108932223997563 ] ], [ [ 79.187290291958902, 25.126379256946041 ], [ 79.177234785218459, 25.140464902606489 ], [ 79.17618005608567, 25.140059979185683 ], [ 79.183629965743236, 25.120988749769189 ], [ 79.187290291958902, 25.126379256946041 ] ], [ [ 79.246686475775775, 25.158249416077698 ], [ 79.244503336634295, 25.159031926933526 ], [ 79.224358026194793, 25.146029237205244 ], [ 79.246686475775775, 25.158249416077698 ] ], [ [ 79.282548797225445, 25.117537093304161 ], [ 79.290866177613395, 25.124155024753481 ], [ 79.280013156393039, 25.11840164061336 ], [ 79.282548797225445, 25.117537093304161 ] ], [ [ 79.347362195567328, 25.26669538874302 ], [ 79.316517668921236, 25.255957651370473 ], [ 79.347011825236848, 25.263027459826173 ], [ 79.347362195567328, 25.26669538874302 ] ], [ [ 79.264812307582446, 25.271279500762528 ], [ 79.26446587225287, 25.268945186215884 ], [ 79.282678716073406, 25.26216188162271 ], [ 79.264812307582446, 25.271279500762528 ] ], [ [ 79.851236765063561, 25.094200223123678 ], [ 79.860101163693159, 25.096756093537426 ], [ 79.748499272118679, 25.139351349714243 ], [ 79.851236765063561, 25.094200223123678 ] ], [ [ 79.861635748132457, 25.097198559984353 ], [ 79.851616948261452, 25.128549402098116 ], [ 79.8612617562613, 25.097090726977466 ], [ 79.861635748132457, 25.097198559984353 ] ], [ [ 80.28581282227745, 25.056029034973204 ], [ 80.273659156370812, 25.026069786693341 ], [ 80.288249425076444, 25.054905754941935 ], [ 80.28581282227745, 25.056029034973204 ] ], [ [ 80.378493884025744, 25.004350971270647 ], [ 80.38421155268918, 25.006770778572491 ], [ 80.362949056361984, 25.023597207206059 ], [ 80.378493884025744, 25.004350971270647 ] ], [ [ 80.496126994720711, 25.036478743721762 ], [ 80.501405248446275, 25.037920937304772 ], [ 80.47507783822266, 25.038139121375082 ], [ 80.496126994720711, 25.036478743721762 ] ], [ [ 80.44906318095677, 25.04059171434626 ], [ 80.433537310440428, 25.023374152376448 ], [ 80.451544660769045, 25.039604402026193 ], [ 80.44906318095677, 25.04059171434626 ] ], [ [ 80.453234626226177, 25.005070266392806 ], [ 80.454793340118044, 25.006117272085245 ], [ 80.433537310440428, 25.023374152376448 ], [ 80.453234626226177, 25.005070266392806 ] ], [ [ 80.436786034427769, 25.001481129213776 ], [ 80.437243339789461, 24.994328739024663 ], [ 80.45049056228315, 25.003227047708645 ], [ 80.436786034427769, 25.001481129213776 ] ], [ [ 80.478259882063099, 24.973930829777739 ], [ 80.478456880839389, 24.974233070731291 ], [ 80.456837574226356, 24.981003671302432 ], [ 80.478259882063099, 24.973930829777739 ] ], [ [ 80.548951037259016, 25.001942271267655 ], [ 80.548935003406186, 25.002506605608488 ], [ 80.499302252840266, 25.006214615131451 ], [ 80.548951037259016, 25.001942271267655 ] ], [ [ 80.548155932112849, 25.029927131998502 ], [ 80.546618966141097, 25.030329191022759 ], [ 80.548729308177371, 25.009746342841886 ], [ 80.548155932112849, 25.029927131998502 ] ], [ [ 80.518131729916234, 25.094703034147884 ], [ 80.482722233592554, 25.100211025989786 ], [ 80.486484305481, 25.097655776793484 ], [ 80.518131729916234, 25.094703034147884 ] ], [ [ 80.60718666386677, 25.11790494973436 ], [ 80.59950990261315, 25.123757358325136 ], [ 80.592286299265922, 25.090197273641039 ], [ 80.60718666386677, 25.11790494973436 ] ], [ [ 80.611612887850441, 25.127700139681643 ], [ 80.605262769870535, 25.15048456122566 ], [ 80.604127351606024, 25.14520953001519 ], [ 80.611612887850441, 25.127700139681643 ] ], [ [ 81.594480348169526, 25.182137621890281 ], [ 81.578574222590049, 25.190853849607489 ], [ 81.576021655973904, 25.190593828917798 ], [ 81.594480348169526, 25.182137621890281 ] ], [ [ 82.196545100014845, 24.778059546718605 ], [ 82.209444873358848, 24.77152577809839 ], [ 82.217872907778613, 24.77654480982601 ], [ 82.196545100014845, 24.778059546718605 ] ], [ [ 82.670762559477737, 24.696698026766501 ], [ 82.670252014448451, 24.697048480360202 ], [ 82.539634482905797, 24.64785143631201 ], [ 82.670762559477737, 24.696698026766501 ] ], [ [ 82.722007857553223, 24.555285099385038 ], [ 82.719315491662371, 24.551747870860666 ], [ 82.751639089932183, 24.54990684270166 ], [ 82.722007857553223, 24.555285099385038 ] ], [ [ 82.764959613261823, 24.371449232422297 ], [ 82.763355439788839, 24.376629956660647 ], [ 82.751189657004957, 24.37378708924911 ], [ 82.764959613261823, 24.371449232422297 ] ], [ [ 82.770747532273518, 24.322260924158098 ], [ 82.77363800209524, 24.343422126790479 ], [ 82.769802363733774, 24.355809430884115 ], [ 82.770747532273518, 24.322260924158098 ] ], [ [ 82.664305019943882, 24.129466953663876 ], [ 82.666684684088423, 24.126955282776802 ], [ 82.682885022289028, 24.154591873359269 ], [ 82.664305019943882, 24.129466953663876 ] ], [ [ 82.812331097805171, 23.959682735921113 ], [ 82.836986821333866, 23.956804337124005 ], [ 82.81261164695367, 23.959869432233667 ], [ 82.812331097805171, 23.959682735921113 ] ], [ [ 82.947879410870797, 23.871422313991065 ], [ 83.081889006977434, 23.870459634969155 ], [ 83.085186899481229, 23.871259844420624 ], [ 82.940756260089756, 23.876906801523599 ], [ 82.947879410870797, 23.871422313991065 ] ], [ [ 83.141483002177438, 23.884919681242614 ], [ 83.151566419289765, 23.897618552392231 ], [ 83.094381088260192, 23.873490746959455 ], [ 83.141483002177438, 23.884919681242614 ] ], [ [ 83.306898339226777, 24.085195765265031 ], [ 83.299455291438591, 24.078928863616941 ], [ 83.296629065521131, 24.070503303578779 ], [ 83.306898339226777, 24.085195765265031 ] ], [ [ 83.333155410168104, 24.104956507543452 ], [ 83.354062105184141, 24.124906739992035 ], [ 83.33063851515729, 24.10518453221896 ], [ 83.333155410168104, 24.104956507543452 ] ], [ [ 83.504632996054696, 24.525580467973423 ], [ 83.720566320297451, 24.503452628826931 ], [ 83.500693650986548, 24.531182254229567 ], [ 83.503290356963063, 24.52542943636081 ], [ 83.396942709164492, 24.496901075754973 ], [ 83.504632996054696, 24.525580467973423 ] ], [ [ 85.37592900464243, 24.55330459740868 ], [ 85.37336784758503, 24.552661828695239 ], [ 85.397512305854164, 24.54473803967824 ], [ 85.37592900464243, 24.55330459740868 ] ], [ [ 87.154893353017755, 24.883275327089976 ], [ 87.154774981569901, 24.883562860528222 ], [ 87.142588641684284, 24.860599694232516 ], [ 87.154893353017755, 24.883275327089976 ] ], [ [ 87.148688327933854, 25.02278631606983 ], [ 87.146539612865212, 25.020548469854933 ], [ 87.146509199911279, 25.019771415924158 ], [ 87.148688327933854, 25.02278631606983 ] ], [ [ 87.494049520827687, 25.307112902751321 ], [ 87.486100825646872, 25.297265897113846 ], [ 87.500360527956758, 25.260133383195669 ], [ 87.494049520827687, 25.307112902751321 ] ], [ [ 87.779642860443431, 25.250583131169527 ], [ 87.776326436362226, 25.256591344622997 ], [ 87.827303429335885, 25.235288631117683 ], [ 87.767180064125469, 25.26097656463784 ], [ 87.766058041842342, 25.260909597652986 ], [ 87.779642860443431, 25.250583131169527 ] ], [ [ 87.862408440795704, 25.274105802346664 ], [ 87.860881251397728, 25.279094464311264 ], [ 87.858754020356272, 25.270064947265265 ], [ 87.862408440795704, 25.274105802346664 ] ], [ [ 87.855434971958687, 25.296885084860431 ], [ 87.795960124806399, 25.326202871016996 ], [ 87.859834688374946, 25.28251312944359 ], [ 87.855434971958687, 25.296885084860431 ] ], [ [ 87.764513153794837, 25.41377659101888 ], [ 87.765876012166871, 25.385270258681505 ], [ 87.768931834912692, 25.383915245023097 ], [ 87.764513153794837, 25.41377659101888 ] ], [ [ 87.822683719019764, 25.437080998233078 ], [ 87.823402160458798, 25.438405894429561 ], [ 87.787257609253246, 25.450401146777665 ], [ 87.822683719019764, 25.437080998233078 ] ], [ [ 87.863231813228936, 25.464112535985883 ], [ 87.865143722970259, 25.469219099351005 ], [ 87.839221800418471, 25.467579296287497 ], [ 87.863231813228936, 25.464112535985883 ] ], [ [ 88.048671096618534, 25.486157558380736 ], [ 88.073306274882995, 25.484308200927373 ], [ 88.044559230940195, 25.489088398670777 ], [ 88.048671096618534, 25.486157558380736 ] ], [ [ 87.833109440443152, 25.927908113043031 ], [ 87.838433839573753, 25.93149313824733 ], [ 87.827215456292834, 25.930537891010054 ], [ 87.833109440443152, 25.927908113043031 ] ], [ [ 88.09630732332252, 27.133135042995281 ], [ 88.079166136398257, 27.201087299213007 ], [ 88.066473555522577, 27.207556411293563 ], [ 88.09630732332252, 27.133135042995281 ] ], [ [ 88.225832614893335, 27.120859300158649 ], [ 88.194626792105623, 27.134849882350274 ], [ 88.18767092248595, 27.130746850065201 ], [ 88.225832614893335, 27.120859300158649 ] ], [ [ 88.233442190641924, 27.11888768791518 ], [ 88.237522347572749, 27.120050280535015 ], [ 88.231997163049414, 27.11926208908913 ], [ 88.233442190641924, 27.11888768791518 ] ], [ [ 88.303353230044365, 27.128004482879788 ], [ 88.302293527864023, 27.129290169271748 ], [ 88.298586677928185, 27.128761371111565 ], [ 88.303353230044365, 27.128004482879788 ] ], [ [ 88.592198550106019, 27.190813198195102 ], [ 88.591389075019961, 27.191173105922019 ], [ 88.586715995604237, 27.189963307375571 ], [ 88.592198550106019, 27.190813198195102 ] ], [ [ 88.728961995007865, 27.136268794623273 ], [ 88.737270817856015, 27.136635664757595 ], [ 88.691532248695651, 27.178392135310698 ], [ 88.688371893194116, 27.176589254471882 ], [ 88.728961995007865, 27.136268794623273 ] ], [ [ 89.82192243736155, 26.371810160018128 ], [ 89.812832200846884, 26.357098788026597 ], [ 89.822763323349534, 26.351633103285607 ], [ 89.82192243736155, 26.371810160018128 ] ], [ [ 89.732212052944703, 26.176303248533429 ], [ 89.732928769411728, 26.177526272809853 ], [ 89.731473095207662, 26.177236353560481 ], [ 89.732212052944703, 26.176303248533429 ] ], [ [ 74.113862236871995, 14.918919904032762 ], [ 74.127064854212549, 14.924336061374122 ], [ 74.124225431676066, 14.925323967637686 ], [ 74.113862236871995, 14.918919904032762 ] ], [ [ 73.825832926690964, 15.746764388484587 ], [ 73.821178565252936, 15.740318010633006 ], [ 73.822389183948374, 15.740510665340228 ], [ 73.825832926690964, 15.746764388484587 ] ], [ [ 73.863395903144379, 15.798789815102737 ], [ 73.860899511381049, 15.795332265708197 ], [ 73.880088837030044, 15.774320947768114 ], [ 73.863395903144379, 15.798789815102737 ] ], [ [ 73.967494320820421, 15.636054649355611 ], [ 73.963760465723496, 15.692321784651524 ], [ 73.961765228425747, 15.641684577571617 ], [ 73.967494320820421, 15.636054649355611 ] ], [ [ 74.020797189074969, 15.606085184614519 ], [ 73.977703495052879, 15.626022184505374 ], [ 73.993358541285303, 15.610638109605706 ], [ 74.020797189074969, 15.606085184614519 ] ], [ [ 74.127673294813675, 15.652330694520584 ], [ 74.088062509340446, 15.672255576214301 ], [ 74.11060648934837, 15.649445194920537 ], [ 74.118264513284586, 15.652031643334723 ], [ 74.127673294813675, 15.652330694520584 ] ], [ [ 74.223779258423093, 15.668982646315541 ], [ 74.205127521110938, 15.651032179034889 ], [ 74.231232654799257, 15.665705134252217 ], [ 74.223779258423093, 15.668982646315541 ] ], [ [ 74.250442494832555, 15.657257913781692 ], [ 74.247183735624105, 15.658690901117685 ], [ 74.250179406520658, 15.655953566784058 ], [ 74.250442494832555, 15.657257913781692 ] ], [ [ 74.253906967366149, 15.495545553627567 ], [ 74.282652545152104, 15.531417679927943 ], [ 74.252291702896045, 15.499336127268366 ], [ 74.253906967366149, 15.495545553627567 ] ], [ [ 74.275451155761189, 15.449187943139952 ], [ 74.268566591567435, 15.461143518474893 ], [ 74.275482355423733, 15.4449141562467 ], [ 74.275451155761189, 15.449187943139952 ] ], [ [ 72.961937147046058, 20.183460018327217 ], [ 72.976878863794397, 20.178649989678497 ], [ 72.961940845366158, 20.185551409071167 ], [ 72.961937147046058, 20.183460018327217 ] ], [ [ 72.964796344631111, 20.225965273584531 ], [ 72.962496536058325, 20.209653689634752 ], [ 72.961983598644835, 20.209728280991275 ], [ 72.961956612869798, 20.194467892855165 ], [ 72.965953558698828, 20.224874742167614 ], [ 72.964796344631111, 20.225965273584531 ] ], [ [ 73.974331795969562, 30.189112422708124 ], [ 73.972579732365588, 30.197672817503264 ], [ 73.975648448596658, 30.120990875167717 ], [ 73.974331795969562, 30.189112422708124 ] ], [ [ 74.509864170176272, 29.908320642111239 ], [ 74.531565472282338, 29.949672404219552 ], [ 73.895391721438358, 29.974003460225035 ], [ 74.527159094778227, 29.942939440330772 ], [ 74.509864170176272, 29.908320642111239 ] ], [ [ 74.477866802288418, 29.746807313368311 ], [ 74.474719341477652, 29.775531048516697 ], [ 74.473342916161982, 29.770070066325406 ], [ 74.477866802288418, 29.746807313368311 ] ], [ [ 74.500000020671294, 29.743207566300487 ], [ 74.578656500660585, 29.748179834186374 ], [ 74.477866802288418, 29.746807313368311 ], [ 74.500000020671294, 29.743207566300487 ] ], [ [ 74.596344439996017, 29.767396938272221 ], [ 74.593200866238618, 29.763981595028909 ], [ 74.615826546719148, 29.752392596794497 ], [ 74.596344439996017, 29.767396938272221 ] ], [ [ 76.544656882973186, 27.968318543118368 ], [ 76.543819929284723, 28.034206124905499 ], [ 76.535952542416908, 27.979515113267851 ], [ 76.544656882973186, 27.968318543118368 ] ], [ [ 76.58988532056037, 27.997857361163398 ], [ 76.546951639062243, 27.965366751726368 ], [ 76.548135691031163, 27.963843681616119 ], [ 76.58988532056037, 27.997857361163398 ] ], [ [ 76.857608431649197, 28.221196945937834 ], [ 76.808399236018133, 28.210863812725947 ], [ 76.867487533723448, 28.216999284959691 ], [ 76.857608431649197, 28.221196945937834 ] ], [ [ 76.906766652379503, 28.200309466148305 ], [ 76.87370893144552, 28.214355793855823 ], [ 76.87099520416659, 28.206589039214748 ], [ 76.906766652379503, 28.200309466148305 ] ], [ [ 76.891624346319816, 28.190291623391957 ], [ 76.894845190547798, 28.186316847106305 ], [ 76.906766652379503, 28.200309466148305 ], [ 76.891624346319816, 28.190291623391957 ] ], [ [ 76.970548750639267, 28.13842802593372 ], [ 76.901064532223259, 28.178641688031806 ], [ 76.906539157627066, 28.171885567683365 ], [ 76.970548750639267, 28.13842802593372 ] ], [ [ 76.914189235254298, 27.6548763389324 ], [ 76.889876014571158, 27.7007490622244 ], [ 76.910828178324138, 27.654673874677105 ], [ 76.914189235254298, 27.6548763389324 ] ], [ [ 76.943770160665835, 27.673722759102013 ], [ 76.919408369736345, 27.655190730565199 ], [ 76.933357277066222, 27.656030988613018 ], [ 76.943770160665835, 27.673722759102013 ] ], [ [ 77.177023956698946, 27.785467620956883 ], [ 77.189502639363596, 27.808392285962643 ], [ 77.169096728558443, 27.79089838014416 ], [ 77.177023956698946, 27.785467620956883 ] ], [ [ 77.238561802819305, 27.786283028465192 ], [ 77.231996033713017, 27.789846810186386 ], [ 77.236699878252821, 27.784516102196015 ], [ 77.238561802819305, 27.786283028465192 ] ], [ [ 78.184001565033213, 26.783821202132298 ], [ 78.17516444363072, 26.82170929964062 ], [ 78.168722521014217, 26.820394937068702 ], [ 78.184001565033213, 26.783821202132298 ] ], [ [ 78.104468297071136, 26.77366177710292 ], [ 78.110662987331708, 26.788577910996235 ], [ 78.105961333820389, 26.788882858237283 ], [ 78.104468297071136, 26.77366177710292 ] ], [ [ 78.123527026818678, 26.746882236911478 ], [ 78.103712800133735, 26.765959702665278 ], [ 78.103454062200555, 26.763321943698223 ], [ 78.123527026818678, 26.746882236911478 ] ], [ [ 74.915531430044169, 24.887594242148825 ], [ 74.920048880943611, 24.886752052849996 ], [ 74.902447293657829, 24.930004453924877 ], [ 74.915531430044169, 24.887594242148825 ] ], [ [ 74.85809472059735, 24.962148734598706 ], [ 74.869375516435639, 24.925073496787956 ], [ 74.859416705160982, 24.96157577888879 ], [ 74.85809472059735, 24.962148734598706 ] ], [ [ 74.840649592163913, 24.960989412564004 ], [ 74.855064132267088, 24.963462209003769 ], [ 74.842634381718028, 24.968849334349873 ], [ 74.840649592163913, 24.960989412564004 ] ], [ [ 74.860654330297606, 24.824444905832785 ], [ 74.859740260044589, 24.826401441871283 ], [ 74.861517905034745, 24.804439382380245 ], [ 74.860654330297606, 24.824444905832785 ] ], [ [ 74.742136145333021, 23.208912306108736 ], [ 74.742448679649328, 23.2099418060704 ], [ 74.714927924396889, 23.190717767628644 ], [ 74.742136145333021, 23.208912306108736 ] ], [ [ 74.321926703422548, 23.041222575611954 ], [ 74.332629783981176, 23.034259078464981 ], [ 74.318901134426497, 23.05866122717622 ], [ 74.315375333329655, 23.061615416421585 ], [ 74.321926703422548, 23.041222575611954 ] ], [ [ 74.06581369751305, 22.547345735016627 ], [ 74.150668141564751, 22.521267707402963 ], [ 74.074638531298945, 22.551401854342828 ], [ 74.06581369751305, 22.547345735016627 ] ], [ [ 74.036286958024974, 22.518581858677393 ], [ 74.050360952559998, 22.540243258191843 ], [ 74.037894152836088, 22.534513198167733 ], [ 74.036286958024974, 22.518581858677393 ] ], [ [ 74.037139961307346, 22.493408582668753 ], [ 74.034287041146527, 22.498757656581553 ], [ 74.033393148596588, 22.489896935042044 ], [ 74.037139961307346, 22.493408582668753 ] ], [ [ 74.052979572182082, 22.508932750606323 ], [ 74.052226146055261, 22.50754789758939 ], [ 74.05365159267069, 22.508883877423585 ], [ 74.052979572182082, 22.508932750606323 ] ], [ [ 74.148771893485844, 21.950512596473317 ], [ 74.146803391537958, 21.951629823783964 ], [ 74.146679266964242, 21.950437816821964 ], [ 74.148771893485844, 21.950512596473317 ] ], [ [ 73.936866650714933, 21.869041238249835 ], [ 74.092580035380593, 21.934739633850032 ], [ 74.047895007062664, 21.924999898339163 ], [ 73.936866650714933, 21.869041238249835 ] ], [ [ 73.871608226013294, 21.841507485698632 ], [ 73.91093557688248, 21.858100432161514 ], [ 73.847376468293831, 21.839557197173985 ], [ 73.871608226013294, 21.841507485698632 ] ], [ [ 73.880612810860541, 21.715590174405655 ], [ 73.824864715394284, 21.759555344865895 ], [ 73.887354810360478, 21.696640428859023 ], [ 73.880612810860541, 21.715590174405655 ] ], [ [ 73.894534446586292, 21.676460617276756 ], [ 73.891199442924645, 21.685834315804303 ], [ 73.888014861428033, 21.653246095882235 ], [ 73.894534446586292, 21.676460617276756 ] ], [ [ 73.974186154807512, 21.543276273637098 ], [ 73.976758081314784, 21.526175915190411 ], [ 73.982270094049284, 21.522598037962936 ], [ 73.974186154807512, 21.543276273637098 ] ], [ [ 74.157606227559356, 21.568928398270703 ], [ 74.137468349780505, 21.549154985958335 ], [ 74.166624049664264, 21.568962968914981 ], [ 74.157606227559356, 21.568928398270703 ] ], [ [ 74.175864550387772, 21.56899839321807 ], [ 74.16680367249127, 21.568963657515486 ], [ 74.195844927446203, 21.532062559717378 ], [ 74.175864550387772, 21.56899839321807 ] ], [ [ 74.29552639042204, 21.569073835010173 ], [ 74.263330808368451, 21.539898867281501 ], [ 74.298529120611036, 21.566985934580199 ], [ 74.29552639042204, 21.569073835010173 ] ], [ [ 74.319624039567387, 21.552317919944514 ], [ 74.29991701245531, 21.566020886175572 ], [ 74.303625907349158, 21.552169897646074 ], [ 74.319624039567387, 21.552317919944514 ] ], [ [ 74.332331719576928, 21.543481837817282 ], [ 74.329781364196251, 21.545255186656753 ], [ 74.320788129224127, 21.498496917359148 ], [ 74.332331719576928, 21.543481837817282 ] ], [ [ 73.298318318110702, 20.208532745940733 ], [ 73.344059500435151, 20.199436642992282 ], [ 73.299827804216349, 20.209536379642088 ], [ 73.298318318110702, 20.208532745940733 ] ], [ [ 73.254703983004063, 20.126933950079664 ], [ 73.279225466892882, 20.150144172681095 ], [ 73.254122581780877, 20.126850517980451 ], [ 73.254703983004063, 20.126933950079664 ] ], [ [ 73.22704208590001, 20.122964419140299 ], [ 73.230529655512797, 20.123464891520378 ], [ 73.226547993371071, 20.12370600130641 ], [ 73.22704208590001, 20.122964419140299 ] ], [ [ 73.22000048061895, 20.133533145828885 ], [ 73.225048746337322, 20.125956217202631 ], [ 73.225684117058037, 20.140148569758516 ], [ 73.22000048061895, 20.133533145828885 ] ], [ [ 73.188456618429242, 20.128807655333222 ], [ 73.188698793367976, 20.127673385594996 ], [ 73.213864149228272, 20.116754108921093 ], [ 73.209523629014299, 20.084999535418309 ], [ 73.2168174794935, 20.129828316704252 ], [ 73.208426359352629, 20.120061538415168 ], [ 73.188456618429242, 20.128807655333222 ] ], [ [ 73.191170497092443, 20.050536598603948 ], [ 73.188529012677591, 20.07810315428264 ], [ 73.189143154505828, 20.049997842720806 ], [ 73.191170497092443, 20.050536598603948 ] ], [ [ 73.177983023007371, 20.047032095076023 ], [ 73.18907088725588, 20.049978638070186 ], [ 73.138843068890395, 20.084129353686777 ], [ 73.177983023007371, 20.047032095076023 ] ], [ [ 73.110805752911105, 20.073726407953579 ], [ 73.13662636281417, 20.085636528421382 ], [ 73.13508351128695, 20.086685538421403 ], [ 73.110805752911105, 20.073726407953579 ] ], [ [ 72.962840488854383, 20.227808426231018 ], [ 72.912391359864557, 20.275350503063649 ], [ 72.930644317954105, 20.244409909242563 ], [ 72.962840488854383, 20.227808426231018 ] ], [ [ 73.048847779955523, 20.200209033400469 ], [ 73.060236217784023, 20.161894313386568 ], [ 73.063872902661473, 20.159835380782681 ], [ 73.048847779955523, 20.200209033400469 ] ], [ [ 73.064920417321204, 20.159242323600484 ], [ 73.07246441511316, 20.154971240583688 ], [ 73.079282168182218, 20.173239099329727 ], [ 73.064920417321204, 20.159242323600484 ] ], [ [ 73.188739890731597, 20.152161702421822 ], [ 73.184520040872044, 20.147245321999257 ], [ 73.187343187084849, 20.134022610630108 ], [ 73.188739890731597, 20.152161702421822 ] ], [ [ 72.980227224013092, 20.218196642092913 ], [ 72.989512017162042, 20.238799610011327 ], [ 72.974775305843011, 20.21926881080412 ], [ 72.980227224013092, 20.218196642092913 ] ], [ [ 72.96111834703764, 20.332422596105289 ], [ 72.976724228087988, 20.322069997293141 ], [ 72.979097692664709, 20.332235669026105 ], [ 72.96111834703764, 20.332422596105289 ] ], [ [ 72.882758348821326, 20.397849832589188 ], [ 72.894424597319343, 20.379754857996428 ], [ 72.896603092352038, 20.379994739352892 ], [ 72.882758348821326, 20.397849832589188 ] ], [ [ 73.086592857390372, 24.49814393302816 ], [ 73.085488221998816, 24.497406352084202 ], [ 73.107762385594327, 24.487196472079283 ], [ 73.086592857390372, 24.49814393302816 ] ], [ [ 73.102762357089389, 24.443085327456856 ], [ 73.111957692244331, 24.4593629796328 ], [ 73.107762385594327, 24.487196472079283 ], [ 73.102762357089389, 24.443085327456856 ] ], [ [ 73.076840893690743, 24.183437820443018 ], [ 73.077814286639622, 24.20512793204896 ], [ 73.067443314171911, 24.194691029406311 ], [ 73.076840893690743, 24.183437820443018 ] ], [ [ 73.140377428607849, 24.116535607537028 ], [ 73.09776635969547, 24.158380448900331 ], [ 73.126655863142702, 24.123786475155732 ], [ 73.140377428607849, 24.116535607537028 ] ], [ [ 73.361427812904253, 24.104969226042115 ], [ 73.327300561037347, 24.109291918659871 ], [ 73.36140756675681, 24.104444901187513 ], [ 73.361427812904253, 24.104969226042115 ] ], [ [ 73.420476217214741, 23.926825161733486 ], [ 73.420130898034486, 23.930513943007693 ], [ 73.387460245134676, 23.91590622431972 ], [ 73.420476217214741, 23.926825161733486 ] ], [ [ 73.361123284022952, 23.872699809760764 ], [ 73.361491293058293, 23.869530502792589 ], [ 73.387460245134676, 23.91590622431972 ], [ 73.361123284022952, 23.872699809760764 ] ], [ [ 73.374484187087035, 23.767288841695049 ], [ 73.370966672895321, 23.766216711134017 ], [ 73.371641368427206, 23.765328315951223 ], [ 73.374484187087035, 23.767288841695049 ] ], [ [ 73.413356294240344, 23.779136974148624 ], [ 73.413139799908322, 23.779070987154117 ], [ 73.413911569667235, 23.778712660507246 ], [ 73.413356294240344, 23.779136974148624 ] ], [ [ 73.447731836858523, 23.752868907966533 ], [ 73.420357954574044, 23.773786656363885 ], [ 73.473518399297376, 23.705232622158928 ], [ 73.447731836858523, 23.752868907966533 ] ], [ [ 74.085929584564141, 23.298038829945174 ], [ 74.038163860322044, 23.293446572007049 ], [ 74.092201845404048, 23.293762359725665 ], [ 74.085929584564141, 23.298038829945174 ] ], [ [ 74.134469184965596, 23.223025288589429 ], [ 74.132640188097668, 23.266191221874521 ], [ 74.124720771453084, 23.202352519134873 ], [ 74.134469184965596, 23.223025288589429 ] ], [ [ 74.131405985185182, 23.171191227845075 ], [ 74.121910623851107, 23.179699818125702 ], [ 74.121475619421119, 23.176193231751633 ], [ 74.131405985185182, 23.171191227845075 ] ], [ [ 74.202924091161236, 23.190309241723092 ], [ 74.202291767282517, 23.189177730078772 ], [ 74.240798616726835, 23.184691648643856 ], [ 74.202924091161236, 23.190309241723092 ] ], [ [ 74.178892923025828, 22.387953274214745 ], [ 74.157219662729645, 22.413421027841668 ], [ 74.166218051896379, 22.396491079824237 ], [ 74.178892923025828, 22.387953274214745 ] ], [ [ 76.424548383570425, 28.120613801562882 ], [ 76.422974567846794, 28.114182742846651 ], [ 76.430420231210618, 28.116529695402814 ], [ 76.424548383570425, 28.120613801562882 ] ], [ [ 76.433601723896174, 28.136412621321206 ], [ 76.431463976280909, 28.137314012481113 ], [ 76.437082288923193, 28.118629647094664 ], [ 76.441042826025722, 28.11987805065824 ], [ 76.433601723896174, 28.136412621321206 ] ], [ [ 76.427131380637505, 28.1311686623085 ], [ 76.431023088082341, 28.137499915027259 ], [ 76.428899862647356, 28.138395182842753 ], [ 76.427131380637505, 28.1311686623085 ] ], [ [ 82.652072743350971, 23.888446170160989 ], [ 82.651234570289176, 23.88675565708823 ], [ 82.668447767963244, 23.871790800963101 ], [ 82.652072743350971, 23.888446170160989 ] ], [ [ 82.64563286142625, 23.848305491262526 ], [ 82.660794803563846, 23.855450441198176 ], [ 82.668447767963244, 23.871790800963101 ], [ 82.64563286142625, 23.848305491262526 ] ], [ [ 82.617329321156546, 23.834967663140407 ], [ 82.533074381033316, 23.822146916134024 ], [ 82.588619724044989, 23.821438483819367 ], [ 82.617329321156546, 23.834967663140407 ] ], [ [ 81.926290479932973, 23.868442631444061 ], [ 81.921474254093852, 23.870912521197567 ], [ 81.907251495212108, 23.852019130922038 ], [ 81.926290479932973, 23.868442631444061 ] ], [ [ 81.890015151139508, 23.837150632941498 ], [ 81.882108240271492, 23.833914831549677 ], [ 81.888157512581927, 23.835548187839116 ], [ 81.890015151139508, 23.837150632941498 ] ], [ [ 81.800547720827851, 23.811892779876874 ], [ 81.724931611434556, 23.84037913085643 ], [ 81.79111850689641, 23.809346809867748 ], [ 81.800547720827851, 23.811892779876874 ] ], [ [ 80.959346069362752, 22.100813189707239 ], [ 80.956979240373542, 22.110418030402538 ], [ 80.951521033812668, 22.111903447675985 ], [ 80.959346069362752, 22.100813189707239 ] ], [ [ 80.936373206313746, 22.116025835564972 ], [ 80.921951749031123, 22.11995054627663 ], [ 80.916519267678098, 22.111520952420538 ], [ 80.936373206313746, 22.116025835564972 ] ], [ [ 80.898485157385608, 22.083537381848863 ], [ 80.882694173660838, 22.05903447595048 ], [ 80.852673028431141, 21.957307403638438 ], [ 80.898485157385608, 22.083537381848863 ] ], [ [ 80.737753563665052, 21.473124204830722 ], [ 80.705739055921569, 21.430883799863341 ], [ 80.692493648235001, 21.392142689291372 ], [ 80.737753563665052, 21.473124204830722 ] ], [ [ 80.613390840348671, 21.226751573055932 ], [ 80.464261272395575, 21.175027647706791 ], [ 80.612665099814095, 21.225961037212794 ], [ 80.613390840348671, 21.226751573055932 ] ], [ [ 80.452446740271611, 21.038325133874693 ], [ 80.424171562424803, 21.009261421755973 ], [ 80.425574547357073, 21.008121077226129 ], [ 80.452446740271611, 21.038325133874693 ] ], [ [ 80.505782228770272, 20.642274856821182 ], [ 80.495650090967246, 20.636848402623126 ], [ 80.496255102970537, 20.617892946102113 ], [ 80.505782228770272, 20.642274856821182 ] ], [ [ 80.496654138063761, 20.605390892722991 ], [ 80.496749724994743, 20.602396086166607 ], [ 80.498142971413657, 20.601162612037506 ], [ 80.496654138063761, 20.605390892722991 ] ], [ [ 80.270250561907289, 18.93987589389635 ], [ 80.346302305021624, 18.837261725782525 ], [ 80.335244811777116, 18.868647891870449 ], [ 80.270250561907289, 18.93987589389635 ] ], [ [ 80.351010286568012, 18.823898345178378 ], [ 80.321051239115519, 18.80067983698234 ], [ 80.352741437804767, 18.81898455513225 ], [ 80.351010286568012, 18.823898345178378 ] ], [ [ 80.260099788583531, 18.765473395591531 ], [ 80.247696680443156, 18.764196751371493 ], [ 80.250344414006946, 18.759838549820376 ], [ 80.260099788583531, 18.765473395591531 ] ], [ [ 80.276994906530675, 18.719465911786532 ], [ 80.269923172859365, 18.727611675346949 ], [ 80.272417958634307, 18.723505227710842 ], [ 80.264232706957571, 18.71673392536562 ], [ 80.276994906530675, 18.719465911786532 ] ], [ [ 80.287993012444744, 18.706797452459231 ], [ 80.337280122644117, 18.614454037482798 ], [ 80.300716227675508, 18.692141880315933 ], [ 80.287993012444744, 18.706797452459231 ] ], [ [ 80.347245263595752, 18.595783534333513 ], [ 80.348122895298545, 18.594139219862669 ], [ 80.375159159824676, 18.61065621239085 ], [ 80.347245263595752, 18.595783534333513 ] ], [ [ 80.748723736914101, 18.308924729582781 ], [ 80.791502171836086, 18.257882309815784 ], [ 80.794151834581115, 18.259628719775531 ], [ 80.748723736914101, 18.308924729582781 ] ], [ [ 80.737202307101043, 18.22209291557531 ], [ 80.736903093551263, 18.177164568248582 ], [ 80.744096023309268, 18.176124561991291 ], [ 80.737202307101043, 18.22209291557531 ] ], [ [ 80.894749560282122, 17.702909980421001 ], [ 80.878131936658306, 17.650668288418416 ], [ 80.880606207540225, 17.64993246863768 ], [ 80.894749560282122, 17.702909980421001 ] ], [ [ 79.99741122817008, 16.702092772353005 ], [ 79.953501548399416, 16.641105763961352 ], [ 79.961609036913202, 16.642579275723115 ], [ 79.99741122817008, 16.702092772353005 ] ], [ [ 79.922396425162589, 16.635452500948684 ], [ 79.91023811995899, 16.635253265542463 ], [ 79.911205358635328, 16.633418558115885 ], [ 79.922396425162589, 16.635452500948684 ] ], [ [ 79.818084131380999, 16.691648029164906 ], [ 79.777814844591603, 16.731077705003365 ], [ 79.773847033442664, 16.729644122335337 ], [ 79.818084131380999, 16.691648029164906 ] ], [ [ 79.769815248678483, 16.728187425798581 ], [ 79.74461292843425, 16.719081748098695 ], [ 79.722894121756525, 16.690276528623418 ], [ 79.769815248678483, 16.728187425798581 ] ], [ [ 79.418640014424199, 16.580245186574199 ], [ 79.259067903795412, 16.566921548221078 ], [ 79.258532368513897, 16.565969634614731 ], [ 79.418640014424199, 16.580245186574199 ] ], [ [ 79.236112739821323, 16.526118759540413 ], [ 79.214929553314434, 16.488465659627934 ], [ 79.215767478019757, 16.487146778951249 ], [ 79.236112739821323, 16.526118759540413 ] ], [ [ 79.212232533318257, 16.447768712025344 ], [ 79.211564535227026, 16.447387614412651 ], [ 79.211471161988541, 16.44127972402438 ], [ 79.212232533318257, 16.447768712025344 ] ], [ [ 79.21045574596171, 16.374857589680861 ], [ 79.210201559175658, 16.358230287761739 ], [ 79.210582051415813, 16.357845107476045 ], [ 79.21045574596171, 16.374857589680861 ] ], [ [ 79.234295890553653, 16.333839090085512 ], [ 79.210284881476568, 16.226340242247179 ], [ 79.217521049178657, 16.22865382568996 ], [ 79.234295890553653, 16.333839090085512 ] ], [ [ 78.834670337265663, 16.145160962429902 ], [ 78.836922375182723, 16.074635187499993 ], [ 78.840291167863597, 16.078138129003509 ], [ 78.834670337265663, 16.145160962429902 ] ], [ [ 78.803187219722162, 16.03955666311904 ], [ 78.781939942480008, 16.020225109150786 ], [ 78.785481325880681, 16.02114570219932 ], [ 78.803187219722162, 16.03955666311904 ] ], [ [ 78.260863511122125, 16.025817026889676 ], [ 78.248738803190975, 15.934878106608352 ], [ 78.252185550118938, 15.936221274969366 ], [ 78.260863511122125, 16.025817026889676 ] ], [ [ 77.248866415220888, 15.964555371325021 ], [ 77.185288203089598, 15.956742453732478 ], [ 77.176204089351614, 15.953305837940759 ], [ 77.248866415220888, 15.964555371325021 ] ], [ [ 77.109235443673882, 15.927970894772464 ], [ 77.08457368292693, 15.918641091240811 ], [ 77.080977173340557, 15.914368370983819 ], [ 77.109235443673882, 15.927970894772464 ] ], [ [ 77.0552859140831, 15.883846677319212 ], [ 77.032616630673218, 15.856915147147836 ], [ 77.025185489961885, 15.837509233836967 ], [ 77.0552859140831, 15.883846677319212 ] ], [ [ 77.065242834689727, 15.827406526664607 ], [ 77.065204534859149, 15.828193943954471 ], [ 77.025185489961885, 15.837509233836967 ], [ 77.065242834689727, 15.827406526664607 ] ], [ [ 77.065296056930507, 15.826312315228698 ], [ 77.05373176564072, 15.757736298376102 ], [ 77.067172422049808, 15.787735582251942 ], [ 77.065296056930507, 15.826312315228698 ] ], [ [ 77.050505837493432, 15.738606608760875 ], [ 77.049098001428021, 15.730258168953574 ], [ 77.079754081290446, 15.727388843786542 ], [ 77.050505837493432, 15.738606608760875 ] ], [ [ 76.97457072588621, 15.499560599797649 ], [ 76.974585057280578, 15.49563113463614 ], [ 77.033527993088512, 15.432889192745028 ], [ 76.97457072588621, 15.499560599797649 ] ], [ [ 77.102983913680717, 14.218407671262984 ], [ 77.105441855099144, 14.218887232016344 ], [ 77.11666634859165, 14.226380853383079 ], [ 77.102983913680717, 14.218407671262984 ] ], [ [ 77.115697336526878, 14.28164858905863 ], [ 77.110246448582188, 14.267949483275853 ], [ 77.11666634859165, 14.226380853383079 ], [ 77.115697336526878, 14.28164858905863 ] ], [ [ 77.137766277419431, 14.337111984906945 ], [ 77.144230468235534, 14.33875851894045 ], [ 77.138904052720193, 14.339971428058282 ], [ 77.137766277419431, 14.337111984906945 ] ], [ [ 77.386336926400716, 14.205489708859123 ], [ 77.387092274774758, 14.200018381986158 ], [ 77.390377165538567, 14.201198813655848 ], [ 77.386336926400716, 14.205489708859123 ] ], [ [ 77.418203897261662, 14.211198401998882 ], [ 77.419390509112503, 14.211624813197634 ], [ 77.417961262476226, 14.21815258565025 ], [ 77.418203897261662, 14.211198401998882 ] ], [ [ 77.415164394609917, 14.23092666994601 ], [ 77.408831519023494, 14.259850698696157 ], [ 77.39802055623062, 14.265397964020318 ], [ 77.415164394609917, 14.23092666994601 ] ], [ [ 77.377776262490016, 14.306103375925126 ], [ 77.380487133617905, 14.311143840052575 ], [ 77.377031058252655, 14.307601765833109 ], [ 77.377776262490016, 14.306103375925126 ] ], [ [ 77.402372823540759, 14.333574120025718 ], [ 77.415515632417154, 14.328746209944244 ], [ 77.406444712381585, 14.337747331244612 ], [ 77.402372823540759, 14.333574120025718 ] ], [ [ 77.450279811385585, 14.280706768730724 ], [ 77.480427194029915, 14.291129512862224 ], [ 77.478926878285336, 14.292161518250072 ], [ 77.450279811385585, 14.280706768730724 ] ], [ [ 77.484303039125379, 14.288463478705461 ], [ 77.497767192939605, 14.271450316578081 ], [ 77.498281498798306, 14.278848272207494 ], [ 77.484303039125379, 14.288463478705461 ] ], [ [ 77.495809995829916, 14.24329730775964 ], [ 77.492530916439009, 14.234969713692523 ], [ 77.494882957405792, 14.22996246233188 ], [ 77.495809995829916, 14.24329730775964 ] ], [ [ 77.351546652929343, 14.130017220805881 ], [ 77.35136912538141, 14.129979480632922 ], [ 77.347466565309432, 14.103635562388908 ], [ 77.351546652929343, 14.130017220805881 ] ], [ [ 77.523610715718192, 13.694264865227488 ], [ 77.525236354400121, 13.691002970340842 ], [ 77.525407009901329, 13.693788243392817 ], [ 77.523610715718192, 13.694264865227488 ] ], [ [ 77.52864559806217, 13.746645328377506 ], [ 77.529040106333269, 13.753084108542748 ], [ 77.525360753100642, 13.753240149998962 ], [ 77.52864559806217, 13.746645328377506 ] ], [ [ 77.599681056230352, 13.750601333283399 ], [ 77.627827727380861, 13.734645398053676 ], [ 77.629997377112375, 13.736476228796413 ], [ 77.599681056230352, 13.750601333283399 ] ], [ [ 77.619884977792807, 13.761258203415542 ], [ 77.620405081831322, 13.764403634462782 ], [ 77.617692675630607, 13.762676276432394 ], [ 77.619884977792807, 13.761258203415542 ] ], [ [ 77.632144712309682, 13.771879854276458 ], [ 77.680078253847981, 13.786777671299307 ], [ 77.651293712370403, 13.78407462769203 ], [ 77.632144712309682, 13.771879854276458 ] ], [ [ 77.982656379735886, 13.956626996763354 ], [ 77.984587806114533, 13.897401322179023 ], [ 77.98752580464172, 13.955498159676866 ], [ 77.982656379735886, 13.956626996763354 ] ], [ [ 78.119720382702425, 13.830347035274814 ], [ 78.1137530196592, 13.807467957433181 ], [ 78.126401030263352, 13.786376754290936 ], [ 78.119720382702425, 13.830347035274814 ] ], [ [ 78.078896121235232, 13.667997528138425 ], [ 78.087108711651126, 13.643066246318048 ], [ 78.089742985289192, 13.659099093260112 ], [ 78.078896121235232, 13.667997528138425 ] ], [ [ 78.366803222794317, 13.361050202952887 ], [ 78.365811242348244, 13.358653467763833 ], [ 78.38767570127672, 13.351995943296146 ], [ 78.366803222794317, 13.361050202952887 ] ], [ [ 78.408683406656507, 13.342883023646417 ], [ 78.40465522686678, 13.344630405290191 ], [ 78.37825090758686, 13.337186432358727 ], [ 78.381979834080383, 13.333642924066631 ], [ 78.408683406656507, 13.342883023646417 ] ], [ [ 78.431915446289011, 13.325635150866459 ], [ 78.444205658616312, 13.308111015772127 ], [ 78.440384732945816, 13.328429447576363 ], [ 78.431915446289011, 13.325635150866459 ] ], [ [ 78.532178711046001, 13.266937843909984 ], [ 78.55096841470737, 13.288206485804494 ], [ 78.53932266305597, 13.287870303847232 ], [ 78.532178711046001, 13.266937843909984 ] ], [ [ 78.564052620550939, 13.303016899719271 ], [ 78.568387196016204, 13.307923338639073 ], [ 78.565549080183771, 13.312003334845278 ], [ 78.564052620550939, 13.303016899719271 ] ], [ [ 78.578192370458467, 13.214517347185938 ], [ 78.575733914074817, 13.212371048168858 ], [ 78.57915952332543, 13.213997505797767 ], [ 78.578192370458467, 13.214517347185938 ] ], [ [ 78.557405868992191, 13.196370168345505 ], [ 78.549758671087645, 13.189693957429158 ], [ 78.576059586400262, 13.186691795401474 ], [ 78.557405868992191, 13.196370168345505 ] ], [ [ 78.388695732583017, 12.906858139336071 ], [ 78.355875009329949, 12.940740720680749 ], [ 78.35435570358473, 12.937206295869871 ], [ 78.388695732583017, 12.906858139336071 ] ], [ [ 78.348065763081394, 12.92257374291351 ], [ 78.341679555317597, 12.907717239383064 ], [ 78.344069784650642, 12.90849883268662 ], [ 78.348065763081394, 12.92257374291351 ] ], [ [ 78.241007859751051, 12.729943121847661 ], [ 78.205466712627498, 12.705992045368401 ], [ 78.206725317278, 12.701098630817587 ], [ 78.241007859751051, 12.729943121847661 ] ], [ [ 78.208892299692081, 12.692673472629821 ], [ 78.210589015972019, 12.686076694102479 ], [ 78.222008857956425, 12.689526386266888 ], [ 78.208892299692081, 12.692673472629821 ] ], [ [ 78.240859832735097, 12.695220866109453 ], [ 78.272154285011268, 12.704674256704001 ], [ 78.2445609877539, 12.706326289076607 ], [ 78.240859832735097, 12.695220866109453 ] ], [ [ 78.300994371119486, 12.665869266940764 ], [ 78.370315987172589, 12.627648806667636 ], [ 78.374672341786336, 12.627486894438606 ], [ 78.300994371119486, 12.665869266940764 ] ], [ [ 78.388610572099182, 12.626968853521655 ], [ 78.465028924007513, 12.624128619703869 ], [ 78.426621091115635, 12.635053068593175 ], [ 78.388610572099182, 12.626968853521655 ] ], [ [ 78.493165069597836, 12.747149268398301 ], [ 78.504657569515061, 12.732049862728225 ], [ 78.516693209021909, 12.72437334683983 ], [ 78.518444526058474, 12.729240553457011 ], [ 78.493165069597836, 12.747149268398301 ] ], [ [ 78.523133984972176, 12.725918402007856 ], [ 78.525430695090776, 12.715306011579852 ], [ 78.544280197411041, 12.710937799428629 ], [ 78.523133984972176, 12.725918402007856 ] ], [ [ 79.444710485549678, 13.300619961936899 ], [ 79.445182401376769, 13.301721839319677 ], [ 79.44266007862295, 13.30050065521749 ], [ 79.444710485549678, 13.300619961936899 ] ], [ [ 79.401799813566242, 13.298123125121124 ], [ 79.385239654447048, 13.305911501842406 ], [ 79.389838937657174, 13.297427159433843 ], [ 79.401799813566242, 13.298123125121124 ] ], [ [ 79.383612871507964, 13.308912444130382 ], [ 79.388297512698813, 13.312781699482226 ], [ 79.38255257842016, 13.310868377087615 ], [ 79.383612871507964, 13.308912444130382 ] ], [ [ 79.400461873870782, 13.322828791169506 ], [ 79.412809774171507, 13.333027476058318 ], [ 79.39835967911263, 13.330202180243619 ], [ 79.400461873870782, 13.322828791169506 ] ], [ [ 79.503509567210244, 13.333710709968082 ], [ 79.499708383814749, 13.347787401408047 ], [ 79.497383874439478, 13.332038045323314 ], [ 79.537300643446713, 13.338647720712283 ], [ 79.503509567210244, 13.333710709968082 ] ], [ [ 79.684273823825208, 13.244428815654945 ], [ 79.70768684091145, 13.244624778990396 ], [ 79.709124576198278, 13.251043491679205 ], [ 79.684273823825208, 13.244428815654945 ] ], [ [ 79.758922216086248, 13.208632658868295 ], [ 79.75984325861198, 13.207443171607206 ], [ 79.794493038920123, 13.226321734797427 ], [ 79.758922216086248, 13.208632658868295 ] ], [ [ 79.794732020430104, 13.242103946059435 ], [ 79.737284369268409, 13.286082629898303 ], [ 79.73062778900443, 13.28293404398679 ], [ 79.794732020430104, 13.242103946059435 ] ], [ [ 79.936294841462328, 13.355860608079125 ], [ 79.93800714310936, 13.355522859250268 ], [ 79.949827708257573, 13.372639263784066 ], [ 79.936294841462328, 13.355860608079125 ] ], [ [ 79.941373859012671, 13.400242876910077 ], [ 79.961247431518728, 13.389175241594851 ], [ 79.962754617970845, 13.391357676419153 ], [ 79.940531601262407, 13.412076030060303 ], [ 79.941373859012671, 13.400242876910077 ] ], [ [ 79.940176248248903, 13.41706850015612 ], [ 79.973338715972062, 13.429672477225353 ], [ 79.939609608218845, 13.425029410286685 ], [ 79.940176248248903, 13.41706850015612 ] ], [ [ 79.814982924618306, 11.976016373959164 ], [ 79.81260488784821, 11.97789176390776 ], [ 79.80507349874442, 11.953256056695899 ], [ 79.814982924618306, 11.976016373959164 ] ], [ [ 79.784721333244406, 11.959862463739803 ], [ 79.759943736074831, 11.943599062438718 ], [ 79.761533746524705, 11.932966191440105 ], [ 79.784721333244406, 11.959862463739803 ] ], [ [ 79.695389004025728, 11.894789374947567 ], [ 79.673845237674414, 11.891611360308394 ], [ 79.674004205343707, 11.880695563576147 ], [ 79.695389004025728, 11.894789374947567 ] ], [ [ 79.750786327166395, 11.849860605513022 ], [ 79.751886937632719, 11.84834613870974 ], [ 79.755382190913011, 11.856612382975708 ], [ 79.750786327166395, 11.849860605513022 ] ], [ [ 79.764719576273038, 11.87032992368405 ], [ 79.76685353920854, 11.850941949836757 ], [ 79.768528205813141, 11.875925176396112 ], [ 79.764719576273038, 11.87032992368405 ] ], [ [ 79.767915181464573, 11.841296471955001 ], [ 79.7681901913313, 11.838797888678201 ], [ 79.771330796068895, 11.842753576216108 ], [ 79.767915181464573, 11.841296471955001 ] ], [ [ 79.79201004706249, 11.851575363282221 ], [ 79.803853505062364, 11.846954632651052 ], [ 79.800672687201825, 11.855270853354041 ], [ 79.79201004706249, 11.851575363282221 ] ], [ [ 79.738616326264733, 11.84351517565937 ], [ 79.767816000794639, 11.822702045198252 ], [ 79.772413300347722, 11.823046008327667 ], [ 79.738616326264733, 11.84351517565937 ] ], [ [ 79.751242264364024, 11.775569381307212 ], [ 79.759176302829871, 11.784361789287509 ], [ 79.712358424084528, 11.791507705987884 ], [ 79.751242264364024, 11.775569381307212 ] ], [ [ 79.840131028851573, 11.001595692137933 ], [ 79.816191614639308, 11.003751259727682 ], [ 79.844143882536557, 10.996207952710337 ], [ 79.840131028851573, 11.001595692137933 ] ], [ [ 79.748703830186969, 11.003265753762122 ], [ 79.749229958566943, 11.001618914255173 ], [ 79.79778699757361, 10.982494939344605 ], [ 79.748703830186969, 11.003265753762122 ] ], [ [ 79.730666211745756, 10.9704534547666 ], [ 79.728208631408762, 10.966852096518286 ], [ 79.762464116809596, 10.960194548140976 ], [ 79.730666211745756, 10.9704534547666 ] ], [ [ 79.719742530804211, 10.954445803717059 ], [ 79.719941689197839, 10.954480790197298 ], [ 79.719937223996112, 10.95473110870668 ], [ 79.719742530804211, 10.954445803717059 ] ], [ [ 79.724698370038396, 10.929720653759091 ], [ 79.737558551034525, 10.952575469308879 ], [ 79.734604474452908, 10.9525791036823 ], [ 79.724698370038396, 10.929720653759091 ] ], [ [ 79.807937710552494, 10.855616265069111 ], [ 79.82808938825076, 10.849671515965262 ], [ 79.811726967799743, 10.857673304222002 ], [ 79.807937710552494, 10.855616265069111 ] ], [ [ 74.201652179854179, 15.759278032151514 ], [ 74.161556595072412, 15.751294459725836 ], [ 74.201433371083212, 15.7586207066255 ], [ 74.201652179854179, 15.759278032151514 ] ], [ [ 74.228718977389505, 15.788257696633673 ], [ 74.225863696249931, 15.785170750835332 ], [ 74.229210765279021, 15.785969987909455 ], [ 74.228718977389505, 15.788257696633673 ] ], [ [ 74.364181969898326, 15.888605924294838 ], [ 74.338259800053208, 15.854960050856281 ], [ 74.362817041381916, 15.874625705830653 ], [ 74.364181969898326, 15.888605924294838 ] ], [ [ 77.563163124500832, 18.322293726119678 ], [ 77.567682577338786, 18.314271595037926 ], [ 77.570479506018103, 18.31811254414696 ], [ 77.563163124500832, 18.322293726119678 ] ], [ [ 78.363372031043738, 19.777120498762997 ], [ 78.343134146163095, 19.713250020345242 ], [ 78.363653846565271, 19.775775001382449 ], [ 78.363372031043738, 19.777120498762997 ] ], [ [ 78.331778927135474, 19.913373836032498 ], [ 78.322836578856965, 19.913707569802352 ], [ 78.332088171273739, 19.884900374642406 ], [ 78.331778927135474, 19.913373836032498 ] ], [ [ 78.408539208096755, 19.828579389525277 ], [ 78.402333276899995, 19.833295472942034 ], [ 78.402990451222706, 19.831865333772061 ], [ 78.408539208096755, 19.828579389525277 ] ], [ [ 78.472459038842814, 19.817338268589047 ], [ 78.42707485078995, 19.817602680714508 ], [ 78.431678625928157, 19.814876349615076 ], [ 78.472459038842814, 19.817338268589047 ] ], [ [ 79.741999909834107, 19.608351630733427 ], [ 79.708999704085556, 19.584478291847557 ], [ 79.750936935831788, 19.60623127120931 ], [ 79.741999909834107, 19.608351630733427 ] ], [ [ 79.778606551411087, 19.599666499781158 ], [ 79.759871079388887, 19.604111595560383 ], [ 79.789553752238888, 19.588295524174121 ], [ 79.778606551411087, 19.599666499781158 ] ], [ [ 79.943879350171599, 19.470710254334879 ], [ 79.942276815370192, 19.471520121468913 ], [ 79.944398663627581, 19.469637513185077 ], [ 79.943879350171599, 19.470710254334879 ] ], [ [ 79.977937128131103, 19.400357407769807 ], [ 79.954051549762966, 19.449697632844092 ], [ 79.976632475038997, 19.395900510589662 ], [ 79.977937128131103, 19.400357407769807 ] ], [ [ 79.964154099758701, 18.773825002132156 ], [ 79.921190858906741, 18.810513181024994 ], [ 79.92142421511673, 18.809676180140883 ], [ 79.964154099758701, 18.773825002132156 ] ], [ [ 80.210962307415912, 18.70470793495852 ], [ 80.196569019335072, 18.680795452048542 ], [ 80.212154622474984, 18.704768568556144 ], [ 80.210962307415912, 18.70470793495852 ] ], [ [ 74.916632152502643, 12.772013311566562 ], [ 75.003162559422194, 12.791667309167492 ], [ 74.932926124236559, 12.780542467387281 ], [ 74.916632152502643, 12.772013311566562 ] ], [ [ 75.273796824110846, 12.540616040939547 ], [ 75.273957917765856, 12.53559815518474 ], [ 75.27630579101384, 12.534638720645303 ], [ 75.273796824110846, 12.540616040939547 ] ], [ [ 75.312733443389931, 12.502605411800513 ], [ 75.315028393990843, 12.497110670591949 ], [ 75.332337453583804, 12.499075344203703 ], [ 75.312733443389931, 12.502605411800513 ] ], [ [ 75.382230848356116, 12.502015757340196 ], [ 75.412782446216511, 12.498163925821775 ], [ 75.411537857189415, 12.501892276260142 ], [ 75.382230848356116, 12.502015757340196 ] ], [ [ 75.423079880666222, 12.467316438491572 ], [ 75.421423266889761, 12.465832011878234 ], [ 75.423259148678483, 12.466779414656751 ], [ 75.423079880666222, 12.467316438491572 ] ], [ [ 75.406867814832012, 12.458320702704221 ], [ 75.365630385249148, 12.456745247167092 ], [ 75.393403862094644, 12.451372659365314 ], [ 75.406867814832012, 12.458320702704221 ] ], [ [ 76.404633045964459, 11.708649174860151 ], [ 76.403462125016489, 11.707759669919193 ], [ 76.406546258154876, 11.702810335507193 ], [ 76.404633045964459, 11.708649174860151 ] ], [ [ 76.44251933640551, 11.645081701202868 ], [ 76.444057024146872, 11.647194178096825 ], [ 76.431362249944016, 11.666363369890986 ], [ 76.456670938296114, 11.664456308367191 ], [ 76.427083052489792, 11.669853436970927 ], [ 76.44251933640551, 11.645081701202868 ] ], [ [ 77.705334263302106, 12.027390606889293 ], [ 77.731928549042522, 12.061869826191851 ], [ 77.708409353617881, 12.035204599860927 ], [ 77.705334263302106, 12.027390606889293 ] ], [ [ 77.773826801401597, 12.116190481598181 ], [ 77.775562872258064, 12.11844127969704 ], [ 77.75178914395994, 12.149776690633157 ], [ 77.773826801401597, 12.116190481598181 ] ], [ [ 77.729219098011313, 12.179525565348097 ], [ 77.727698116840742, 12.181530323264402 ], [ 77.61075476301086, 12.206144204154993 ], [ 77.729219098011313, 12.179525565348097 ] ], [ [ 77.505638396834826, 12.198230876421135 ], [ 77.518683683391629, 12.194479246704423 ], [ 77.61075476301086, 12.206144204154993 ], [ 77.505638396834826, 12.198230876421135 ] ], [ [ 77.472038799705942, 12.207893619091399 ], [ 77.482633955069986, 12.230204477602417 ], [ 77.475893199661044, 12.242689483364723 ], [ 77.472038799705942, 12.207893619091399 ] ], [ [ 77.477988869862926, 12.261608292195133 ], [ 77.483534051086323, 12.272507519296008 ], [ 77.479059501062309, 12.27127348997807 ], [ 77.477988869862926, 12.261608292195133 ] ], [ [ 77.994202521674282, 12.807536052411614 ], [ 77.995617086712642, 12.805866445034312 ], [ 77.998525166914149, 12.807036541482704 ], [ 77.994202521674282, 12.807536052411614 ] ], [ [ 78.008116504550017, 12.810895716376582 ], [ 78.015312469653907, 12.813791088108916 ], [ 78.00371017888888, 12.824782109339219 ], [ 78.008116504550017, 12.810895716376582 ] ], [ [ 78.023865688800129, 12.856500916239096 ], [ 78.054866473808417, 12.852492775958215 ], [ 78.053333432288952, 12.853853622197645 ], [ 78.023865688800129, 12.856500916239096 ] ], [ [ 76.908775180490068, 10.238833573438258 ], [ 76.89778161135132, 10.250495421768079 ], [ 76.903004702904042, 10.240296354779257 ], [ 76.908775180490068, 10.238833573438258 ] ], [ [ 76.982671930680368, 10.220534871187745 ], [ 76.974122502416392, 10.222268420593798 ], [ 76.982167820137164, 10.220228980968759 ], [ 76.982671930680368, 10.220534871187745 ] ], [ [ 77.048948383872641, 10.266447904592795 ], [ 77.043333492699546, 10.257343818630757 ], [ 77.050595263037948, 10.261750202407113 ], [ 77.048948383872641, 10.266447904592795 ] ], [ [ 77.091358840625858, 10.313913293133096 ], [ 77.042876735097522, 10.283767206653659 ], [ 77.171775472364359, 10.355718071257328 ], [ 77.091358840625858, 10.313913293133096 ] ], [ [ 77.176231855078981, 10.35803473245781 ], [ 77.234471519693699, 10.351334455252037 ], [ 77.234585544111326, 10.351943518888595 ], [ 77.176777990787613, 10.358318642410655 ], [ 77.176231855078981, 10.35803473245781 ] ], [ [ 77.29371960008919, 10.221491665274771 ], [ 77.28089310501791, 10.236849180839158 ], [ 77.293348726950057, 10.220063849900983 ], [ 77.29371960008919, 10.221491665274771 ] ], [ [ 76.432480480894526, 11.631290311873055 ], [ 76.44101480258999, 11.643014771204012 ], [ 76.388095820447461, 11.629667433427031 ], [ 76.432480480894526, 11.631290311873055 ] ], [ [ 76.354577745819114, 11.589311032782589 ], [ 76.363247321701735, 11.599749367371196 ], [ 76.335876505944896, 11.595736198049858 ], [ 76.354577745819114, 11.589311032782589 ] ], [ [ 76.234694626045737, 11.571782447165861 ], [ 76.27890633428126, 11.600942130350084 ], [ 76.234519878101935, 11.57214717819692 ], [ 76.234694626045737, 11.571782447165861 ] ], [ [ 76.510482044125951, 11.211637589326465 ], [ 76.504210735737985, 11.211162599659293 ], [ 76.534217279358984, 11.196771030701292 ], [ 76.510482044125951, 11.211637589326465 ] ], [ [ 75.541639039801694, 11.74135708960511 ], [ 75.541082060021139, 11.742285523766286 ], [ 75.526687940150239, 11.726633677079816 ], [ 75.530603468859852, 11.71300316031977 ], [ 75.541639039801694, 11.74135708960511 ] ], [ [ 75.531763535591551, 11.708964801721995 ], [ 75.536223639050291, 11.712450016661455 ], [ 75.531414153345224, 11.710181051408153 ], [ 75.531763535591551, 11.708964801721995 ] ], [ [ 75.544782995043377, 11.756829908559006 ], [ 75.553907598641786, 11.726268619912997 ], [ 75.555615003839179, 11.72760282082486 ], [ 75.546333666019223, 11.756614827435641 ], [ 75.544782995043377, 11.756829908559006 ] ], [ [ 79.806054086233843, 10.879641190427202 ], [ 79.80827063514981, 10.878931665763378 ], [ 79.809762897665294, 10.88042413275496 ], [ 79.806054086233843, 10.879641190427202 ] ], [ [ 79.719739623855972, 10.955945360670068 ], [ 79.719035481214547, 10.955384439756548 ], [ 79.719700249798748, 10.954846564437755 ], [ 79.719739623855972, 10.955945360670068 ] ], [ [ 79.722300224860945, 10.935217387662339 ], [ 79.722992673231403, 10.9369999890071 ], [ 79.720490495059224, 10.936227587393564 ], [ 79.722300224860945, 10.935217387662339 ] ], [ [ 79.686639493676239, 11.810120884771761 ], [ 79.684127257262674, 11.806533625591053 ], [ 79.690620396154685, 11.808567014150769 ], [ 79.686639493676239, 11.810120884771761 ] ], [ [ 79.674579562808475, 11.803543673736064 ], [ 79.677490397600025, 11.804455229497124 ], [ 79.675930177143201, 11.81430106562815 ], [ 79.674579562808475, 11.803543673736064 ] ], [ [ 79.695996009137943, 11.860351513037287 ], [ 79.699070818387995, 11.86128640037173 ], [ 79.697230250320885, 11.874080456370386 ], [ 79.695996009137943, 11.860351513037287 ] ], [ [ 79.692985498601004, 11.813737326876275 ], [ 79.698408262752508, 11.819251521680867 ], [ 79.694592377133489, 11.823039289053526 ], [ 79.692985498601004, 11.813737326876275 ] ], [ [ 79.659768444034484, 12.010624654569162 ], [ 79.657024831053278, 11.991386999600325 ], [ 79.661438912417978, 12.01141726586199 ], [ 79.659768444034484, 12.010624654569162 ] ], [ [ 79.704228385098972, 12.029541602076971 ], [ 79.717986079183717, 11.990416649141778 ], [ 79.703590629756292, 12.031417600800655 ], [ 79.6729429351264, 12.016875745891728 ], [ 79.704228385098972, 12.029541602076971 ] ], [ [ 79.796511141401751, 12.020880360163421 ], [ 79.805774140648566, 12.024201729619026 ], [ 79.788802346342521, 12.026375154783635 ], [ 79.796511141401751, 12.020880360163421 ] ], [ [ 79.621639287200352, 11.963137239159549 ], [ 79.618485100324833, 11.926060849815473 ], [ 79.630726574911591, 11.909329171043423 ], [ 79.621639287200352, 11.963137239159549 ] ], [ [ 79.634975494492494, 11.903521736893877 ], [ 79.636514451570505, 11.901418286423853 ], [ 79.670697969415258, 11.931577323987327 ], [ 79.634975494492494, 11.903521736893877 ] ], [ [ 79.654643389150252, 11.953487394623801 ], [ 79.661979732052231, 11.95319437343421 ], [ 79.655975237919122, 11.956252074660469 ], [ 79.654643389150252, 11.953487394623801 ] ], [ [ 79.674582804513392, 11.952690993571188 ], [ 79.682801493159388, 11.95236273057202 ], [ 79.677092202174038, 11.957018742759718 ], [ 79.674582804513392, 11.952690993571188 ] ], [ [ 79.667711717280028, 11.964668668486953 ], [ 79.662196537246842, 11.969166380290009 ], [ 79.657862550408339, 11.960169798116667 ], [ 79.667711717280028, 11.964668668486953 ] ], [ [ 79.631279431192027, 11.886859782816476 ], [ 79.624957944342228, 11.890800802008293 ], [ 79.599409292621559, 11.88300658642528 ], [ 79.631279431192027, 11.886859782816476 ] ], [ [ 79.646336430562741, 11.816243211712344 ], [ 79.647139868298311, 11.838995267847533 ], [ 79.645782331729194, 11.838956244352865 ], [ 79.646336430562741, 11.816243211712344 ] ], [ [ 79.661778283447191, 11.839416061016951 ], [ 79.65149160347589, 11.839120362020585 ], [ 79.671291604002761, 11.814880341044274 ], [ 79.661778283447191, 11.839416061016951 ] ], [ [ 77.592168406394777, 16.343623724499544 ], [ 77.489690956448655, 16.385014798423079 ], [ 77.573394321722787, 16.340735476011961 ], [ 77.592168406394777, 16.343623724499544 ] ], [ [ 77.595292621675725, 16.342361840780594 ], [ 77.593997578549434, 16.342884914157249 ], [ 77.59771904042843, 16.292805165106309 ], [ 77.595292621675725, 16.342361840780594 ] ], [ [ 74.31176350116624, 15.793262790072436 ], [ 74.31104860001021, 15.794621673654751 ], [ 74.309561088473657, 15.793483217513616 ], [ 74.31176350116624, 15.793262790072436 ] ], [ [ 74.266474801370094, 15.797795488346519 ], [ 74.270315373475242, 15.797411106488996 ], [ 74.264037902734771, 15.820951428283717 ], [ 74.266474801370094, 15.797795488346519 ] ], [ [ 74.193999909125168, 21.925902825345176 ], [ 74.281175659129474, 21.933112149145774 ], [ 74.193276084732204, 21.926396089371618 ], [ 74.193999909125168, 21.925902825345176 ] ], [ [ 74.523809416259866, 21.91109770156935 ], [ 74.523904833575472, 21.911547981785422 ], [ 74.489044765744154, 21.955808005237326 ], [ 74.523809416259866, 21.91109770156935 ] ], [ [ 74.582081621430419, 21.664989050033594 ], [ 74.782873917916106, 21.610690321633015 ], [ 74.581109095233344, 21.673047344271236 ], [ 74.582081621430419, 21.664989050033594 ] ], [ [ 75.125830096820096, 21.449261230709325 ], [ 75.203340854366644, 21.415186351487598 ], [ 75.122018908173629, 21.455357373064437 ], [ 75.125830096820096, 21.449261230709325 ] ], [ [ 75.218915441768743, 21.408339531749888 ], [ 75.295726276412964, 21.413397387058787 ], [ 75.215970108725358, 21.4096343438624 ], [ 75.218915441768743, 21.408339531749888 ] ], [ [ 75.887533611433739, 21.393778805779434 ], [ 75.885613576759567, 21.39470910161932 ], [ 75.833363732113739, 21.376636529276983 ], [ 75.887533611433739, 21.393778805779434 ] ], [ [ 76.113648779931125, 21.155303589328295 ], [ 76.142492502419586, 21.134990251334408 ], [ 76.115485375900803, 21.157717363613077 ], [ 76.113648779931125, 21.155303589328295 ] ], [ [ 76.167400764937142, 21.07948439631306 ], [ 76.26144375889443, 21.090479652077395 ], [ 76.167474420926112, 21.080000924631619 ], [ 76.167400764937142, 21.07948439631306 ] ], [ [ 76.789326473603651, 21.536378533400445 ], [ 76.788565211983723, 21.539104842570097 ], [ 76.763545849927141, 21.520507215721405 ], [ 76.789326473603651, 21.536378533400445 ] ], [ [ 77.28970957006544, 21.757779130691013 ], [ 77.280201151619167, 21.758209902975313 ], [ 77.287216983208381, 21.721921799680295 ], [ 77.28970957006544, 21.757779130691013 ] ], [ [ 77.543846107897835, 21.701679210758154 ], [ 77.542103290159687, 21.706138761926525 ], [ 77.479467239183236, 21.754146721845462 ], [ 77.543846107897835, 21.701679210758154 ] ], [ [ 77.587111107427759, 21.362839556829769 ], [ 77.597502394621813, 21.364094160024234 ], [ 77.56349647012334, 21.369309551382266 ], [ 77.587111107427759, 21.362839556829769 ] ], [ [ 77.608050038996637, 21.365367641170469 ], [ 77.607450045578005, 21.370302053044107 ], [ 77.606412528351441, 21.365169934567998 ], [ 77.608050038996637, 21.365367641170469 ] ], [ [ 77.65398213465717, 21.391168245168227 ], [ 77.611918034591369, 21.392403130866647 ], [ 77.611592566468204, 21.390793190399613 ], [ 77.65398213465717, 21.391168245168227 ] ], [ [ 77.796767533572805, 21.389010645745405 ], [ 77.752493962387007, 21.383567368375456 ], [ 77.751842615997717, 21.382662926534014 ], [ 77.796767533572805, 21.389010645745405 ] ], [ [ 79.230644202991087, 21.72222999094889 ], [ 79.220859343284687, 21.692869227700918 ], [ 79.224020436616073, 21.648803788684269 ], [ 79.230644202991087, 21.72222999094889 ] ], [ [ 79.260593783171771, 21.711604753764941 ], [ 79.244957744929195, 21.721475131844755 ], [ 79.230644202991087, 21.72222999094889 ], [ 79.260593783171771, 21.711604753764941 ] ], [ [ 77.29978525665291, 18.474114469892609 ], [ 77.275040218920793, 18.477720642022913 ], [ 77.298459823149543, 18.4718808546214 ], [ 77.29978525665291, 18.474114469892609 ] ], [ [ 77.288641994218281, 18.455335888332787 ], [ 77.295746169320296, 18.467307815975257 ], [ 77.281723254336782, 18.455099518525511 ], [ 77.288641994218281, 18.455335888332787 ] ], [ [ 75.224477615972631, 24.846484940387096 ], [ 75.22606779392494, 24.845054781742878 ], [ 75.2506706481105, 24.880508416325132 ], [ 75.224477615972631, 24.846484940387096 ] ], [ [ 79.425911349338037, 25.058588882774433 ], [ 79.39961941677997, 25.079835348276962 ], [ 79.404690156327149, 25.068299397942056 ], [ 79.425911349338037, 25.058588882774433 ] ], [ [ 79.372189536047472, 25.179347545312613 ], [ 79.37117729200898, 25.179150179225903 ], [ 79.37023417000735, 25.177843080075309 ], [ 79.372189536047472, 25.179347545312613 ] ], [ [ 79.354465850051952, 25.175891803007424 ], [ 79.361464928061082, 25.171095995695737 ], [ 79.362898587884686, 25.172199058407514 ], [ 79.354465850051952, 25.175891803007424 ] ], [ [ 79.766636209196037, 10.898627482072653 ], [ 79.767823104671933, 10.898709475308598 ], [ 79.768084566371741, 10.899342096231269 ], [ 79.766636209196037, 10.898627482072653 ] ], [ [ 79.768420343217045, 10.900154526724288 ], [ 79.769084339330817, 10.901761101738705 ], [ 79.767909816644533, 10.900257706418465 ], [ 79.768420343217045, 10.900154526724288 ] ], [ [ 79.781808533692697, 11.866384916646547 ], [ 79.785171385608521, 11.863071048193182 ], [ 79.792373543957282, 11.876846757252 ], [ 79.781808533692697, 11.866384916646547 ] ], [ [ 79.772842177217242, 11.875220668743076 ], [ 79.776741735966766, 11.871377911153527 ], [ 79.77031433927057, 11.900631477593544 ], [ 79.769197245883944, 11.900663263159041 ], [ 79.772842177217242, 11.875220668743076 ] ], [ [ 79.790994332653824, 11.895325761613879 ], [ 79.790001574409885, 11.895179937835678 ], [ 79.790714610749063, 11.894548249103655 ], [ 79.790994332653824, 11.895325761613879 ] ], [ [ 79.793321778621745, 11.884553362789205 ], [ 79.791587526168527, 11.884999368196997 ], [ 79.792947548559212, 11.883484892020029 ], [ 79.793321778621745, 11.884553362789205 ] ], [ [ 81.396187454563005, 17.817852260281168 ], [ 81.394041020023124, 17.817296865669874 ], [ 81.392571793433703, 17.794163222124073 ], [ 81.396187454563005, 17.817852260281168 ] ], [ [ 81.400262785647044, 17.890516208790093 ], [ 81.398703595646737, 17.890711247943109 ], [ 81.397071076853109, 17.865006494077807 ], [ 81.400262785647044, 17.890516208790093 ] ], [ [ 81.948943465264435, 18.643709887627466 ], [ 81.894306961300416, 18.657808988614132 ], [ 81.894313569518488, 18.656892961353943 ], [ 81.948943465264435, 18.643709887627466 ] ], [ [ 81.89528017362133, 20.048237802671853 ], [ 81.875966142586179, 20.052043526917302 ], [ 81.874022675220786, 20.046185391373058 ], [ 81.89528017362133, 20.048237802671853 ] ], [ [ 82.382023936556706, 19.874567014719055 ], [ 82.360685513969244, 19.862509852899983 ], [ 82.344242980977427, 19.835017253620578 ], [ 82.382023936556706, 19.874567014719055 ] ], [ [ 82.445932357265136, 19.909728972448985 ], [ 82.444572063696128, 19.909909500196093 ], [ 82.439142854582144, 19.906841754557043 ], [ 82.445932357265136, 19.909728972448985 ] ], [ [ 82.515362765955572, 19.891289320075821 ], [ 82.501797850075533, 19.902314931988943 ], [ 82.450942768919631, 19.909064028977458 ], [ 82.515362765955572, 19.891289320075821 ] ], [ [ 82.595255146530903, 19.869245484721507 ], [ 82.597127112942061, 19.872692914346629 ], [ 82.576429463009561, 19.874439850754765 ], [ 82.595255146530903, 19.869245484721507 ] ], [ [ 82.7079449886985, 19.835814139798661 ], [ 82.724584457553419, 19.875537677649891 ], [ 82.706767360588699, 19.835737125263524 ], [ 82.7079449886985, 19.835814139798661 ] ], [ [ 83.378288276906474, 21.344796257254295 ], [ 83.28355591580015, 21.38045202304869 ], [ 83.268728360551393, 21.378589904844269 ], [ 83.378288276906474, 21.344796257254295 ] ], [ [ 83.649512783817585, 22.22334037837496 ], [ 83.564348928571377, 22.105995024617012 ], [ 83.564576317704592, 22.105782053936096 ], [ 83.649512783817585, 22.22334037837496 ] ], [ [ 83.981685898843793, 22.514477540331825 ], [ 83.974815998393439, 22.511574338597057 ], [ 83.980794446843689, 22.508078497729535 ], [ 83.981685898843793, 22.514477540331825 ] ], [ [ 83.998819211784706, 22.521718033001513 ], [ 84.024764303002115, 22.519465801386612 ], [ 84.009211177285408, 22.525577396999307 ], [ 84.009214484922424, 22.526111047896684 ], [ 83.998819211784706, 22.521718033001513 ] ], [ [ 84.113489948390807, 22.475686422640162 ], [ 84.140684336169869, 22.473915062645375 ], [ 84.089049558743483, 22.494204931378484 ], [ 84.113489948390807, 22.475686422640162 ] ], [ [ 84.156132723399679, 22.407735092827256 ], [ 84.161791679232849, 22.403498554303102 ], [ 84.140856354563624, 22.425935454954505 ], [ 84.156132723399679, 22.407735092827256 ] ], [ [ 84.198344885587233, 22.376133246732785 ], [ 84.199351049862258, 22.376170088138743 ], [ 84.176260084884362, 22.392666881511747 ], [ 84.198344885587233, 22.376133246732785 ] ], [ [ 84.296062563937525, 22.341556185551443 ], [ 84.296608815129574, 22.341108941233227 ], [ 84.38999295404426, 22.349740501393761 ], [ 84.371299704755018, 22.355674362956556 ], [ 84.296062563937525, 22.341556185551443 ] ], [ [ 84.428132674030337, 22.353265781932745 ], [ 84.430916176783128, 22.361787149030281 ], [ 84.410683212297087, 22.35165291618841 ], [ 84.428132674030337, 22.353265781932745 ] ], [ [ 84.485087481807653, 22.389354700127686 ], [ 84.483003886218526, 22.41351600097703 ], [ 84.484234589779447, 22.3890962619422 ], [ 84.485087481807653, 22.389354700127686 ] ], [ [ 85.999610579389085, 22.341227151191763 ], [ 85.998784367224786, 22.339887950016767 ], [ 86.026711915023, 22.334863999149743 ], [ 85.999610579389085, 22.341227151191763 ] ], [ [ 85.965320759465101, 22.455682350019899 ], [ 85.96563642364633, 22.451152410350485 ], [ 85.972697501168554, 22.447945066671096 ], [ 85.965320759465101, 22.455682350019899 ] ], [ [ 85.964879317225098, 22.484139021983655 ], [ 85.963487795420534, 22.481986305399548 ], [ 85.963571154479965, 22.480790060996345 ], [ 85.964879317225098, 22.484139021983655 ] ], [ [ 86.026529752853051, 22.524021805049504 ], [ 85.985137141665504, 22.515478347381066 ], [ 85.980152844244472, 22.507767523387365 ], [ 86.026529752853051, 22.524021805049504 ] ], [ [ 86.431651471238808, 22.306987367177257 ], [ 86.431803818945411, 22.307232789841443 ], [ 86.35814374279262, 22.349212676798484 ], [ 86.431651471238808, 22.306987367177257 ] ], [ [ 86.724961979284856, 22.218020086216772 ], [ 86.725178991460353, 22.218019430550015 ], [ 86.654253523434861, 22.236267985079564 ], [ 86.724961979284856, 22.218020086216772 ] ], [ [ 86.961259758677087, 22.086081610221378 ], [ 86.957959663833776, 22.088552598272944 ], [ 86.833738198199555, 22.098699813290089 ], [ 86.961259758677087, 22.086081610221378 ] ], [ [ 87.032670370294383, 21.870776241415246 ], [ 87.034377476640884, 21.87067569906764 ], [ 86.999721833844362, 21.913245487143861 ], [ 87.032670370294383, 21.870776241415246 ] ], [ [ 87.247912631586473, 21.937260072239024 ], [ 87.231190618119086, 21.957391643808613 ], [ 87.170413721352958, 21.979937904618996 ], [ 87.247912631586473, 21.937260072239024 ] ], [ [ 87.23426084865612, 21.901053819643458 ], [ 87.249812637365025, 21.934972662150034 ], [ 87.248769284796737, 21.936228750535665 ], [ 87.23426084865612, 21.901053819643458 ] ], [ [ 87.444754243236176, 21.734650719862152 ], [ 87.445553264138681, 21.768164288891001 ], [ 87.442861637664876, 21.768550759203194 ], [ 87.444754243236176, 21.734650719862152 ] ], [ [ 81.400260755543371, 17.818906235779902 ], [ 81.415596718195147, 17.813423173096176 ], [ 81.473920065290372, 17.837965742578252 ], [ 81.400260755543371, 17.818906235779902 ] ], [ [ 82.186591355238392, 18.015448040316294 ], [ 82.265575114841923, 17.998627307195836 ], [ 82.265790830538066, 18.000423569996777 ], [ 82.186591355238392, 18.015448040316294 ] ], [ [ 82.334506797982741, 18.058823090525774 ], [ 82.343883044907713, 18.057994506614961 ], [ 82.343342080664797, 18.067450048024298 ], [ 82.334506797982741, 18.058823090525774 ] ], [ [ 82.341813480099987, 18.094168534741893 ], [ 82.338795368024137, 18.146922268625406 ], [ 82.335789957223071, 18.105858677937444 ], [ 82.341813480099987, 18.094168534741893 ] ], [ [ 82.339033598093053, 18.327413100144501 ], [ 82.385549003554743, 18.367505296631947 ], [ 82.338129139680191, 18.32803034864439 ], [ 82.339033598093053, 18.327413100144501 ] ], [ [ 82.560172169387101, 18.447415293575624 ], [ 82.535528565813095, 18.406170600783938 ], [ 82.561633964600802, 18.446541071156116 ], [ 82.560172169387101, 18.447415293575624 ] ], [ [ 83.468225521756011, 19.093241059777863 ], [ 83.500604054700375, 19.060631971335877 ], [ 83.48445594274628, 19.09104510983882 ], [ 83.468225521756011, 19.093241059777863 ] ], [ [ 83.780095315822848, 18.917990436830699 ], [ 83.787890799115942, 18.91586879936278 ], [ 83.782177498887407, 18.925441556944978 ], [ 83.780095315822848, 18.917990436830699 ] ], [ [ 83.772403685098709, 18.941817792449914 ], [ 83.744853466966305, 18.987978776289211 ], [ 83.759050650125673, 18.950927697625374 ], [ 83.772403685098709, 18.941817792449914 ] ], [ [ 82.305532111305908, 16.752529497242946 ], [ 82.301705188077904, 16.748568677702025 ], [ 82.302643998921369, 16.718256957600822 ], [ 82.305532111305908, 16.752529497242946 ] ], [ [ 82.254370549575668, 16.703619803642649 ], [ 82.256212967343671, 16.704178449293437 ], [ 82.182447266932641, 16.737110124746291 ], [ 82.254370549575668, 16.703619803642649 ] ], [ [ 84.352448348311981, 18.788468048284191 ], [ 84.35171316708346, 18.785771136116796 ], [ 84.353274639371548, 18.789892993823006 ], [ 84.349678059858434, 18.791918983613904 ], [ 84.352448348311981, 18.788468048284191 ] ], [ [ 83.396409894946032, 24.091326530652562 ], [ 83.406644175568104, 24.080444209647702 ], [ 83.432247361314737, 24.085980822323847 ], [ 83.396409894946032, 24.091326530652562 ] ], [ [ 84.372895525924633, 22.978375871310444 ], [ 84.391033323922642, 22.932758001327297 ], [ 84.393682737431888, 22.942450900289046 ], [ 84.372895525924633, 22.978375871310444 ] ], [ [ 84.38649165634547, 22.916142276832097 ], [ 84.376273712415795, 22.907576541605774 ], [ 84.372600751848978, 22.86532229976844 ], [ 84.38649165634547, 22.916142276832097 ] ], [ [ 84.330637888527477, 22.852850050441329 ], [ 84.32421926841225, 22.850942300967709 ], [ 84.320825973478165, 22.832233559192126 ], [ 84.330637888527477, 22.852850050441329 ] ], [ [ 84.259645410332453, 22.766987235925406 ], [ 84.232644136084971, 22.741778064090486 ], [ 84.232768829502533, 22.740657260517089 ], [ 84.259645410332453, 22.766987235925406 ] ], [ [ 84.238211714552875, 22.691734028372977 ], [ 84.224998554549671, 22.671247363772402 ], [ 84.226123728069922, 22.671773871946932 ], [ 84.238211714552875, 22.691734028372977 ] ], [ [ 87.773508229974809, 25.125475341647064 ], [ 87.774694609138621, 25.123534080697404 ], [ 87.790916485134673, 25.230159222199937 ], [ 87.78767720095162, 25.236027684836678 ], [ 87.773508229974809, 25.125475341647064 ] ], [ [ 86.055099522935237, 23.584054764339388 ], [ 86.052160494421017, 23.586150675029643 ], [ 86.051037704812671, 23.584935554912374 ], [ 86.055099522935237, 23.584054764339388 ] ], [ [ 85.918293298887278, 23.478127046943644 ], [ 85.887412737587866, 23.484110344241479 ], [ 85.877874623706504, 23.475464240523301 ], [ 85.918293298887278, 23.478127046943644 ] ], [ [ 85.868938731944198, 23.467364038748372 ], [ 85.862489927752605, 23.461518330614425 ], [ 85.863892385659, 23.431355859301547 ], [ 85.868938731944198, 23.467364038748372 ] ], [ [ 86.186023397342836, 23.005528960553256 ], [ 86.186542134989054, 23.004954152312134 ], [ 86.247348118305766, 22.995064717804048 ], [ 86.186023397342836, 23.005528960553256 ] ], [ [ 86.766855245834734, 22.575022743673152 ], [ 86.769095221945136, 22.554576245385849 ], [ 86.778055422016109, 22.552103230162356 ], [ 86.766855245834734, 22.575022743673152 ] ], [ [ 86.796290931373207, 22.514786941889941 ], [ 86.800000967395334, 22.496661373728859 ], [ 86.802295964902768, 22.502498523843236 ], [ 86.796290931373207, 22.514786941889941 ] ], [ [ 86.7933917761396, 22.479851402750974 ], [ 86.791584956959781, 22.477875470523649 ], [ 86.792567904773435, 22.477755949129048 ], [ 86.7933917761396, 22.479851402750974 ] ], [ [ 86.749871307204359, 22.48294763562075 ], [ 86.75100765897075, 22.456706028855244 ], [ 86.761216106503767, 22.434480267125327 ], [ 86.749871307204359, 22.48294763562075 ] ], [ [ 86.762625989204039, 22.431410680210963 ], [ 86.764531072429378, 22.427262946120635 ], [ 86.846354156016019, 22.399083087612901 ], [ 86.762625989204039, 22.431410680210963 ] ], [ [ 76.930468063577635, 28.508868204839519 ], [ 76.951672561168493, 28.50422114389611 ], [ 76.962226440789905, 28.511050020872069 ], [ 76.930468063577635, 28.508868204839519 ] ], [ [ 76.885844948415198, 28.505802575023708 ], [ 76.88544051638047, 28.501140959615494 ], [ 76.894810292847751, 28.506418498566951 ], [ 76.885844948415198, 28.505802575023708 ] ], [ [ 76.841084457960918, 28.574166326328147 ], [ 76.838979424408706, 28.573004307334887 ], [ 76.845357405433774, 28.550407339662794 ], [ 76.841084457960918, 28.574166326328147 ] ], [ [ 77.145546530104269, 28.837971899369293 ], [ 77.146087732036648, 28.83834076459755 ], [ 77.1454490124096, 28.83843117744124 ], [ 77.145546530104269, 28.837971899369293 ] ], [ [ 74.643035079324378, 29.905956705118175 ], [ 74.647963775110213, 29.904705593311789 ], [ 74.649304918791188, 29.912932940296578 ], [ 74.643035079324378, 29.905956705118175 ] ], [ [ 75.453976923936281, 29.782000678964227 ], [ 75.45908034346084, 29.805398715590773 ], [ 75.456670460331935, 29.806600082278933 ], [ 75.453976923936281, 29.782000678964227 ] ], [ [ 75.559820690397501, 29.77026344417974 ], [ 75.56151769763278, 29.769997059396935 ], [ 75.561107970934543, 29.770678534654692 ], [ 75.559820690397501, 29.77026344417974 ] ], [ [ 75.706446716060938, 29.753196360769145 ], [ 75.719463943451032, 29.804675709827695 ], [ 75.714171187255246, 29.801846889644374 ], [ 75.706446716060938, 29.753196360769145 ] ], [ [ 75.731401146401467, 29.811055788446357 ], [ 75.756174729192779, 29.804995455875144 ], [ 75.736926320089125, 29.81400882884078 ], [ 75.731401146401467, 29.811055788446357 ] ], [ [ 75.779432484699498, 29.82228987629394 ], [ 75.806493414268374, 29.804688055718639 ], [ 75.811885228977914, 29.80612475197065 ], [ 75.779432484699498, 29.82228987629394 ] ], [ [ 75.827481436557363, 29.810280498075073 ], [ 75.836168967452849, 29.812595366769408 ], [ 75.835225280334285, 29.814347899167327 ], [ 75.827481436557363, 29.810280498075073 ] ], [ [ 76.02612440847696, 29.755805903121324 ], [ 76.043847290141429, 29.742677103229948 ], [ 76.026779137148083, 29.756256395764101 ], [ 76.02612440847696, 29.755805903121324 ] ], [ [ 76.898261589220724, 30.358818674943958 ], [ 76.938679060302732, 30.386094411659311 ], [ 76.936686353590346, 30.391313991786703 ], [ 76.898261589220724, 30.358818674943958 ] ], [ [ 76.934674919466147, 30.396582625407948 ], [ 76.932731733421477, 30.401672493976921 ], [ 76.912351978862489, 30.400629612295337 ], [ 76.934674919466147, 30.396582625407948 ] ], [ [ 76.851075783260754, 30.657911213289182 ], [ 76.847865627999795, 30.659091495283874 ], [ 76.849860375187077, 30.656840453319827 ], [ 76.851075783260754, 30.657911213289182 ] ], [ [ 76.825156115579006, 30.688246237773928 ], [ 76.828025117367901, 30.692405154522099 ], [ 76.805213435820491, 30.667653405691699 ], [ 76.808763563052963, 30.66731567116128 ], [ 76.82690814081765, 30.681706157969934 ], [ 76.825156115579006, 30.688246237773928 ] ], [ [ 76.799555147016861, 30.66819169612101 ], [ 76.739319079926844, 30.69285563336836 ], [ 76.77687329770319, 30.670349490257777 ], [ 76.799555147016861, 30.66819169612101 ] ], [ [ 76.777350929244804, 30.896862148026457 ], [ 76.822403899432331, 30.928542869369071 ], [ 76.771869931302263, 30.906838321894412 ], [ 76.752300047031952, 30.928437313103203 ], [ 76.813998240249617, 30.842986562964722 ], [ 76.777350929244804, 30.896862148026457 ] ], [ [ 76.931829780274924, 30.878905450197021 ], [ 76.927222409801416, 30.87255678883993 ], [ 76.951250438324919, 30.850522847332762 ], [ 76.931829780274924, 30.878905450197021 ] ], [ [ 77.018210064229663, 30.765122109311665 ], [ 77.01858584910471, 30.763687335800586 ], [ 77.018654582437762, 30.764982688092051 ], [ 77.018210064229663, 30.765122109311665 ] ], [ [ 77.023914770287121, 30.743341133856607 ], [ 77.02538691740142, 30.737720370956669 ], [ 77.033265132197826, 30.743225931541613 ], [ 77.023914770287121, 30.743341133856607 ] ], [ [ 77.54808878563145, 30.395729869251682 ], [ 77.548974442682493, 30.394161871803927 ], [ 77.565252698157806, 30.386327340274075 ], [ 77.54808878563145, 30.395729869251682 ] ], [ [ 76.849402058322426, 30.723393255716218 ], [ 76.842839353987571, 30.734541882354904 ], [ 76.846898530834281, 30.719764132011861 ], [ 76.849402058322426, 30.723393255716218 ] ], [ [ 76.920424606475308, 30.882948757211398 ], [ 76.922353441248518, 30.880473583804335 ], [ 76.92424421525854, 30.87645451080385 ], [ 76.921727313698867, 30.883085075686473 ], [ 76.920424606475308, 30.882948757211398 ] ], [ [ 77.818075887749501, 30.50789119222522 ], [ 77.818524748618785, 30.508069159295864 ], [ 77.818514381932502, 30.508887454582929 ], [ 77.818075887749501, 30.50789119222522 ] ], [ [ 77.774028611736526, 30.557841773669704 ], [ 77.743685716577232, 30.592909742763258 ], [ 77.743588305408736, 30.592466384049303 ], [ 77.774028611736526, 30.557841773669704 ] ], [ [ 77.74391649559108, 30.59396011397175 ], [ 77.771673509335912, 30.596901993664329 ], [ 77.746099049017147, 30.603893821728125 ], [ 77.74391649559108, 30.59396011397175 ] ], [ [ 77.772384435153484, 30.974348208091758 ], [ 77.824358988385526, 30.950498201242262 ], [ 77.837593532394862, 30.953171373808328 ], [ 77.772384435153484, 30.974348208091758 ] ], [ [ 77.900721746244116, 31.150900665276566 ], [ 77.967323488012596, 31.173366563961348 ], [ 77.901311436146059, 31.151824583983473 ], [ 77.900721746244116, 31.150900665276566 ] ], [ [ 78.883768747266018, 31.099469066623776 ], [ 79.00830148543443, 31.110043693072779 ], [ 79.008240180601533, 31.110218326710477 ], [ 78.883768747266018, 31.099469066623776 ] ], [ [ 75.430740110853804, 32.315063770195472 ], [ 75.349276764809218, 32.345260794154257 ], [ 75.346672784289481, 32.342942722679979 ], [ 75.430740110853804, 32.315063770195472 ] ], [ [ 75.554874900338106, 32.351610605695662 ], [ 75.550325918380722, 32.348750007201467 ], [ 75.549576696784612, 32.345811722432707 ], [ 75.554874900338106, 32.351610605695662 ] ], [ [ 75.72275976229443, 32.405598845272308 ], [ 75.595311579600647, 32.377038955355552 ], [ 75.56669077361677, 32.359040942774435 ], [ 75.72275976229443, 32.405598845272308 ] ], [ [ 75.776938307821538, 32.465116722245028 ], [ 75.813199534241477, 32.493736291789453 ], [ 75.729793666190488, 32.453201528237145 ], [ 75.776938307821538, 32.465116722245028 ] ], [ [ 75.872205126996036, 32.548152572051656 ], [ 75.872274640115492, 32.548589957292769 ], [ 75.871087558269394, 32.547207172739363 ], [ 75.872205126996036, 32.548152572051656 ] ], [ [ 75.899472853234911, 32.592457086891635 ], [ 75.918051694855095, 32.620476765052487 ], [ 75.878217758703485, 32.585984802713 ], [ 75.899472853234911, 32.592457086891635 ] ], [ [ 75.934152152183273, 32.644758668187301 ], [ 75.932272249978112, 32.64500863546175 ], [ 75.931681876170316, 32.641033121661494 ], [ 75.934152152183273, 32.644758668187301 ] ], [ [ 75.875568641068085, 32.917255183386942 ], [ 75.837089577399624, 32.927772316678499 ], [ 75.833455673293159, 32.923899959375454 ], [ 75.875568641068085, 32.917255183386942 ] ], [ [ 75.9501091574421, 32.872832769665308 ], [ 75.919822250127197, 32.905159746005268 ], [ 75.909383369038267, 32.908012910644956 ], [ 75.9501091574421, 32.872832769665308 ] ], [ [ 76.63940772729002, 33.161657964942442 ], [ 76.643327511257652, 33.162269457630629 ], [ 76.612573568431458, 33.173379815738727 ], [ 76.63940772729002, 33.161657964942442 ] ], [ [ 76.775838850822581, 33.220489683666536 ], [ 76.774353169683039, 33.228846312868306 ], [ 76.746820143703275, 33.17841447698477 ], [ 76.775838850822581, 33.220489683666536 ] ], [ [ 76.758605701137625, 33.249402727505846 ], [ 76.771989316417574, 33.242142466868827 ], [ 76.770692537307141, 33.249436563760895 ], [ 76.784826459913006, 33.253826044301547 ], [ 76.758605701137625, 33.249402727505846 ] ], [ [ 76.820063459333781, 33.235840260709956 ], [ 76.799151014591104, 33.256242528272949 ], [ 76.794252460436084, 33.255416165578637 ], [ 76.820063459333781, 33.235840260709956 ] ], [ [ 76.825605504088088, 33.215690806082065 ], [ 76.831460102253686, 33.208520891962742 ], [ 76.843170255651941, 33.246735542642782 ], [ 76.825605504088088, 33.215690806082065 ] ], [ [ 76.817391960408671, 33.194137876858882 ], [ 76.817883305040795, 33.16421467792793 ], [ 76.829352294144954, 33.201642318485838 ], [ 76.817391960408671, 33.194137876858882 ] ], [ [ 76.818000305807274, 33.157089257232592 ], [ 76.855067185745327, 33.11438434682762 ], [ 76.817972041993855, 33.158810541350419 ], [ 76.818000305807274, 33.157089257232592 ] ], [ [ 76.932989458279891, 33.02816803322392 ], [ 77.009488546977792, 32.988656146108191 ], [ 76.932184546127829, 33.029794542960339 ], [ 76.932989458279891, 33.02816803322392 ] ], [ [ 77.271550871871057, 32.872627322133773 ], [ 77.271399032663936, 32.872692425200775 ], [ 77.254271905272176, 32.863939733339777 ], [ 77.271550871871057, 32.872627322133773 ] ], [ [ 77.3008613152941, 32.849859746285645 ], [ 77.323363746648667, 32.850411867230292 ], [ 77.278883179438097, 32.869483498348785 ], [ 77.3008613152941, 32.849859746285645 ] ], [ [ 77.372867160298256, 32.823204362650273 ], [ 77.373587766592962, 32.837289745429977 ], [ 77.362744189661427, 32.821346649389433 ], [ 77.372867160298256, 32.823204362650273 ] ], [ [ 77.722364787525848, 32.975331814268799 ], [ 77.713149495674244, 32.982463167793711 ], [ 77.682491875201123, 32.988802042254001 ], [ 77.722364787525848, 32.975331814268799 ] ], [ [ 77.780964048599344, 32.865787456121289 ], [ 77.784576594829645, 32.864200392968996 ], [ 77.784467656704066, 32.870657658795736 ], [ 77.780964048599344, 32.865787456121289 ] ], [ [ 78.32982265605979, 32.443514381278106 ], [ 78.32923569938805, 32.45263999033925 ], [ 78.323661762206001, 32.4469330866768 ], [ 78.32982265605979, 32.443514381278106 ] ], [ [ 78.348974540287855, 32.464327855897992 ], [ 78.356411893434398, 32.480464473513209 ], [ 78.340913456415862, 32.464596320698675 ], [ 78.348974540287855, 32.464327855897992 ] ], [ [ 75.662918212063374, 32.075731401348577 ], [ 75.595601922830312, 32.070318741357987 ], [ 75.595302133815423, 32.068994750819584 ], [ 75.662918212063374, 32.075731401348577 ] ], [ [ 76.376873135263594, 31.436942487630986 ], [ 76.376334997035812, 31.4351189849219 ], [ 76.432330114594066, 31.326561133208347 ], [ 76.376873135263594, 31.436942487630986 ] ], [ [ 76.72234249041378, 30.961501024318636 ], [ 76.70354726071406, 30.964295341749892 ], [ 76.730465064004846, 30.952536260237107 ], [ 76.72234249041378, 30.961501024318636 ] ], [ [ 76.22390298954808, 33.548971704479456 ], [ 76.205494687841238, 33.567714558711572 ], [ 76.2237607882834, 33.548934463180061 ], [ 76.22390298954808, 33.548971704479456 ] ], [ [ 76.667289417297766, 33.350103324047844 ], [ 76.628964760009822, 33.434895000359603 ], [ 76.659290917414467, 33.356696947349022 ], [ 76.667289417297766, 33.350103324047844 ] ], [ [ 76.717746251279465, 33.328973192664684 ], [ 76.680458463794963, 33.339247321909276 ], [ 76.691577686554254, 33.330081107325746 ], [ 76.717746251279465, 33.328973192664684 ] ], [ [ 78.513233879210503, 25.167443718435468 ], [ 78.527234273229439, 25.177175971014869 ], [ 78.529634569871973, 25.180232944176154 ], [ 78.513233879210503, 25.167443718435468 ] ], [ [ 78.513779852380594, 25.178511900819942 ], [ 78.508420089971167, 25.177930093954533 ], [ 78.493054053998407, 25.153415887811082 ], [ 78.496810977375148, 25.15602748054015 ], [ 78.513779852380594, 25.178511900819942 ] ], [ [ 83.500194334311345, 24.532288454899657 ], [ 83.522279399087992, 24.547662732148336 ], [ 83.522525995178711, 24.560841659576273 ], [ 83.497121694178972, 24.539095671125775 ], [ 83.500194334311345, 24.532288454899657 ] ], [ [ 83.573427689108257, 25.314073142907539 ], [ 83.539803446189723, 25.315727609744304 ], [ 83.574483238313164, 25.306518015981524 ], [ 83.573427689108257, 25.314073142907539 ] ], [ [ 84.629175275498511, 25.733694016794896 ], [ 84.560282897635986, 25.736895716126263 ], [ 84.634605209398686, 25.727869651159562 ], [ 84.629175275498511, 25.733694016794896 ] ], [ [ 84.410410767597398, 26.670248856339981 ], [ 84.419198330688175, 26.627956154400554 ], [ 84.419426133126393, 26.627979830671389 ], [ 84.410410767597398, 26.670248856339981 ] ], [ [ 83.924229391973242, 27.319540295139216 ], [ 83.929822017046277, 27.308295356555842 ], [ 83.93187505367716, 27.31249927800711 ], [ 83.924229391973242, 27.319540295139216 ] ], [ [ 83.893135287704752, 27.316504865316652 ], [ 83.920189720936563, 27.32326049544087 ], [ 83.916632253984929, 27.326536625973894 ], [ 83.893135287704752, 27.316504865316652 ] ], [ [ 92.273878443941584, 24.387698817949829 ], [ 92.273635385682539, 24.388557230886065 ], [ 92.212872404014476, 24.249926839374389 ], [ 92.273878443941584, 24.387698817949829 ] ], [ [ 92.286256676018652, 23.866910148972529 ], [ 92.3152367466718, 23.860863165904277 ], [ 92.315905996530347, 23.864464397687115 ], [ 92.287595225155002, 23.868477209666491 ], [ 92.286256676018652, 23.866910148972529 ] ], [ [ 92.269448593164654, 23.846311439188842 ], [ 92.27521905218056, 23.853988227765718 ], [ 92.269175484951475, 23.846912927801892 ], [ 92.269448593164654, 23.846311439188842 ] ], [ [ 92.28233697077539, 23.814632602776449 ], [ 92.281151722339999, 23.817353108699464 ], [ 92.257098313286235, 23.812770007853089 ], [ 92.28233697077539, 23.814632602776449 ] ], [ [ 89.87769547006009, 25.549720385299441 ], [ 89.87725004193554, 25.548557627635383 ], [ 89.972814358266859, 25.573829731358217 ], [ 89.87769547006009, 25.549720385299441 ] ], [ [ 89.937490489311941, 25.745696155204246 ], [ 89.894739283200821, 25.744968623066871 ], [ 89.936894349367194, 25.744762603985464 ], [ 89.937490489311941, 25.745696155204246 ] ], [ [ 90.011283753638963, 25.884322024944506 ], [ 90.005724590553172, 25.878989681316963 ], [ 90.020336986372882, 25.862400278330728 ], [ 90.02382063991206, 25.86721771134129 ], [ 90.011283753638963, 25.884322024944506 ] ], [ [ 90.019367557199686, 25.892076001170437 ], [ 90.011643416791316, 25.88466701347765 ], [ 90.041584653975605, 25.887493101117954 ], [ 90.019367557199686, 25.892076001170437 ] ], [ [ 90.149603211321775, 25.966267691349078 ], [ 90.116850301889485, 25.957218028026098 ], [ 90.149889791019774, 25.966097246435812 ], [ 90.149603211321775, 25.966267691349078 ] ], [ [ 90.327422735638152, 25.974374789991824 ], [ 90.202870238126735, 25.96086255214783 ], [ 90.270582413652221, 25.960309743257909 ], [ 90.327422735638152, 25.974374789991824 ] ], [ [ 90.372176782431708, 26.011265518615954 ], [ 90.368043381740321, 26.007858359395154 ], [ 90.399746833984508, 26.012516165055239 ], [ 90.372176782431708, 26.011265518615954 ] ], [ [ 90.515669918242722, 25.897944066723831 ], [ 90.535004403819812, 25.949588216101759 ], [ 90.513627704348366, 25.896272383345202 ], [ 90.515669918242722, 25.897944066723831 ] ], [ [ 92.274701836137751, 26.065662353712568 ], [ 92.268314700479493, 26.066381845999199 ], [ 92.262796582254921, 26.032628188126367 ], [ 92.274701836137751, 26.065662353712568 ] ], [ [ 92.539182374004, 25.098910295782659 ], [ 92.522847260094366, 25.138262022653102 ], [ 92.521215166413043, 25.138646691193706 ], [ 92.539182374004, 25.098910295782659 ] ], [ [ 92.440501198453532, 25.043559077960879 ], [ 92.464285480022639, 25.037435366011177 ], [ 92.442530534121062, 25.045241341207621 ], [ 92.440501198453532, 25.043559077960879 ] ], [ [ 89.789894486329857, 26.342582883375727 ], [ 89.790763054141223, 26.341899659983103 ], [ 89.792951836745601, 26.344554842260038 ], [ 89.789894486329857, 26.342582883375727 ] ], [ [ 89.802284460360198, 26.350574286402264 ], [ 89.799470367989002, 26.348759226399956 ], [ 89.806264372631517, 26.342777914994556 ], [ 89.802284460360198, 26.350574286402264 ] ], [ [ 89.817414672401199, 26.320935253049967 ], [ 89.811451735126397, 26.332616232555523 ], [ 89.793325924400065, 26.339883682773046 ], [ 89.817414672401199, 26.320935253049967 ] ], [ [ 92.917145402761761, 26.96293037329049 ], [ 93.021478520145209, 26.913547085337701 ], [ 93.022898434343091, 26.913765414878505 ], [ 92.917145402761761, 26.96293037329049 ] ], [ [ 93.466173297818912, 26.939498371612338 ], [ 93.470647778319915, 26.936597235209124 ], [ 93.479167673988371, 26.937615972355562 ], [ 93.466173297818912, 26.939498371612338 ] ], [ [ 93.532596841224887, 26.944004580794576 ], [ 93.586669464261561, 26.950470128242145 ], [ 93.633368118563737, 26.962140407632965 ], [ 93.532596841224887, 26.944004580794576 ] ], [ [ 93.664517196090969, 26.969924752662632 ], [ 93.670769306376229, 26.971487193270427 ], [ 93.680922344964983, 26.981006494018235 ], [ 93.664517196090969, 26.969924752662632 ] ], [ [ 93.796607679839639, 27.137180037648932 ], [ 93.800648485906322, 27.142214194900415 ], [ 93.795969780261615, 27.137645308298765 ], [ 93.796607679839639, 27.137180037648932 ] ], [ [ 94.210800933533434, 27.606364401464269 ], [ 94.218291092654468, 27.613782138604851 ], [ 94.209174459623824, 27.60722558034152 ], [ 94.210800933533434, 27.606364401464269 ] ], [ [ 94.245869188229534, 27.63361592919637 ], [ 94.256390039483946, 27.63511511752862 ], [ 94.251457300359604, 27.637634823303404 ], [ 94.245869188229534, 27.63361592919637 ] ], [ [ 94.260743055817741, 27.632891541515882 ], [ 94.255294816481182, 27.616021403859779 ], [ 94.267408080293535, 27.62948696238908 ], [ 94.260743055817741, 27.632891541515882 ] ], [ [ 94.254702531761268, 27.614187430691686 ], [ 94.254499802598787, 27.613559692322141 ], [ 94.277640419589048, 27.589330101844297 ], [ 94.254702531761268, 27.614187430691686 ] ], [ [ 94.298260062058162, 27.601932335735782 ], [ 94.364011898038001, 27.574350133178122 ], [ 94.365343676390722, 27.574861484992642 ], [ 94.298260062058162, 27.601932335735782 ] ], [ [ 93.76544974935068, 25.969751731663724 ], [ 93.795673991089714, 25.906509400639159 ], [ 93.785885783362232, 25.949668293649022 ], [ 93.776723984357133, 25.968651491967318 ], [ 93.76544974935068, 25.969751731663724 ] ], [ [ 93.358895142628256, 25.555137757219011 ], [ 93.327019816261654, 25.546487549321718 ], [ 93.327875344453929, 25.545663295165404 ], [ 93.358895142628256, 25.555137757219011 ] ], [ [ 93.385563296415569, 25.49008413996885 ], [ 93.39006007408166, 25.461648616796467 ], [ 93.399650040447582, 25.45733248468996 ], [ 93.385563296415569, 25.49008413996885 ] ], [ [ 93.406332985214391, 25.258086164380128 ], [ 93.381118591391555, 25.239628609965795 ], [ 93.355728211672528, 25.189240433728749 ], [ 93.406332985214391, 25.258086164380128 ] ], [ [ 93.344963685621494, 25.123140942402983 ], [ 93.35120918554972, 25.180272254157774 ], [ 93.345765935069153, 25.169469916124537 ], [ 93.334394593387898, 25.105034781756235 ], [ 93.344963685621494, 25.123140942402983 ] ], [ [ 93.263749490015911, 25.048910163315742 ], [ 93.244125133270913, 25.018615785324602 ], [ 93.244159404142735, 25.018511813447351 ], [ 93.263749490015911, 25.048910163315742 ] ], [ [ 93.042014937371448, 24.417798212760584 ], [ 93.041863586236957, 24.415858506716415 ], [ 93.043088521977396, 24.416504841285175 ], [ 93.042014937371448, 24.417798212760584 ] ], [ [ 93.037554570198466, 24.413584864164356 ], [ 93.013044676320476, 24.417031914076937 ], [ 93.024648149268415, 24.406774820395835 ], [ 93.037554570198466, 24.413584864164356 ] ], [ [ 92.994312910668896, 24.39994258147939 ], [ 93.020354625316827, 24.387850224224902 ], [ 92.998308016205442, 24.399756235407352 ], [ 93.013044676320476, 24.417031914076937 ], [ 92.994312910668896, 24.39994258147939 ] ], [ [ 93.007194726406894, 24.262546954472093 ], [ 93.002612211244283, 24.251391845643688 ], [ 93.01125164223177, 24.242084615647862 ], [ 93.007194726406894, 24.262546954472093 ] ], [ [ 93.016442347156172, 24.215903652698479 ], [ 93.010829418990866, 24.202723889310139 ], [ 93.018116428769005, 24.207459892300211 ], [ 93.016442347156172, 24.215903652698479 ] ], [ [ 93.000025812394426, 24.177355850652219 ], [ 92.972339606006983, 24.112345638769892 ], [ 93.001265103932425, 24.158057340302303 ], [ 93.000025812394426, 24.177355850652219 ] ], [ [ 93.096506872686916, 24.042336723645111 ], [ 93.140697124204962, 24.08270667328302 ], [ 93.137772256379066, 24.083954486091805 ], [ 93.096506872686916, 24.042336723645111 ] ], [ [ 92.41889658124137, 24.192697235395777 ], [ 92.436195921062961, 24.153511608666225 ], [ 92.444611603582786, 24.15123563012574 ], [ 92.41889658124137, 24.192697235395777 ] ], [ [ 92.47059209648053, 24.144209337942399 ], [ 92.478679233430796, 24.14202221288042 ], [ 92.483567154639601, 24.162874893906928 ], [ 92.47059209648053, 24.144209337942399 ] ], [ [ 92.52662070511002, 24.177794574936758 ], [ 92.534178192831106, 24.180413529818608 ], [ 92.550654821379524, 24.247001163967166 ], [ 92.52662070511002, 24.177794574936758 ] ], [ [ 92.612303216023591, 24.2534676303193 ], [ 92.612664594923359, 24.25589536050428 ], [ 92.550654821379524, 24.247001163967166 ], [ 92.612303216023591, 24.2534676303193 ] ], [ [ 92.684835927433468, 24.346536737218191 ], [ 92.687852082390805, 24.35323749841502 ], [ 92.66136777031754, 24.348155821760745 ], [ 92.656513570702387, 24.340334193917172 ], [ 92.684835927433468, 24.346536737218191 ] ], [ [ 92.909344634955431, 24.412909024922531 ], [ 92.934000415182581, 24.392280815279168 ], [ 92.947257992828469, 24.397262297147162 ], [ 92.909344634955431, 24.412909024922531 ] ], [ [ 92.972098134725201, 24.406595881287654 ], [ 92.974675474366549, 24.407564306367554 ], [ 92.973381083103007, 24.408172626303866 ], [ 92.972098134725201, 24.406595881287654 ] ], [ [ 93.600647322659881, 25.201561309122447 ], [ 93.550977514256346, 25.246957055396582 ], [ 93.58918074057091, 25.200248181615333 ], [ 93.600647322659881, 25.201561309122447 ] ], [ [ 93.688994853273186, 25.357783509391098 ], [ 93.606198532958985, 25.202197021393548 ], [ 93.608715834421076, 25.202485297164646 ], [ 93.688994853273186, 25.357783509391098 ] ] ], [ [ [ 71.155261962253078, 20.761052092336165 ], [ 71.151520329974375, 20.75912173099892 ], [ 71.152085927243576, 20.762767182139115 ], [ 71.155261962253078, 20.761052092336165 ] ] ], [ [ [ 71.254080854808265, 20.813317896785154 ], [ 71.256084724915922, 20.813994834753604 ], [ 71.254665022051014, 20.811718482790138 ], [ 71.254080854808265, 20.813317896785154 ] ] ], [ [ [ 71.260787216782091, 20.815960321854217 ], [ 71.263153246289775, 20.81633537926125 ], [ 71.261995502043192, 20.815042046613488 ], [ 71.260787216782091, 20.815960321854217 ] ] ], [ [ [ 71.270934172108156, 20.820458188347391 ], [ 71.268894850886099, 20.820014442184714 ], [ 71.269462654417651, 20.821307136004975 ], [ 71.270934172108156, 20.820458188347391 ] ] ], [ [ [ 71.456991323038366, 20.87710047785551 ], [ 71.457386246691797, 20.878644811863431 ], [ 71.459106147660023, 20.878110994808225 ], [ 71.456991323038366, 20.87710047785551 ] ] ], [ [ [ 71.507686675305848, 20.903065297754935 ], [ 71.517004227808201, 20.913474613951902 ], [ 71.531832278028645, 20.903130355339883 ], [ 71.507686675305848, 20.903065297754935 ] ] ], [ [ [ 71.548388582651185, 20.912643779280238 ], [ 71.54769884809123, 20.911820511601626 ], [ 71.547057040448266, 20.91337234017135 ], [ 71.548388582651185, 20.912643779280238 ] ] ], [ [ [ 72.600986191255075, 21.576594737205884 ], [ 72.598802279001546, 21.548668209621869 ], [ 72.616213177903319, 21.547324860118991 ], [ 72.606955045363776, 21.587579026733707 ], [ 72.626603873115442, 21.628827040783868 ], [ 72.674187481899978, 21.645626810696299 ], [ 72.796428083280972, 21.650676622987309 ], [ 72.825906720639239, 21.638838546663091 ], [ 72.810788797551339, 21.616981921622497 ], [ 72.728010836258704, 21.585941252597742 ], [ 72.695494564631815, 21.588621417342484 ], [ 72.642206572046433, 21.532245340643289 ], [ 72.575628234801215, 21.531768216731038 ], [ 72.58016544114669, 21.585712739867446 ], [ 72.600986191255075, 21.576594737205884 ] ] ], [ [ [ 72.360840590430826, 21.592158970104787 ], [ 72.355096229803209, 21.592485857324782 ], [ 72.350311786430296, 21.608432136860667 ], [ 72.360840590430826, 21.592158970104787 ] ] ], [ [ [ 69.32335964176275, 22.381291291627971 ], [ 69.339408963290083, 22.38597409265946 ], [ 69.332695861256695, 22.372817133925018 ], [ 69.32335964176275, 22.381291291627971 ] ] ], [ [ [ 69.656827511903629, 22.425379139076423 ], [ 69.636497882439173, 22.405715812308024 ], [ 69.590346868242165, 22.430723935189636 ], [ 69.625161255842983, 22.458700179367128 ], [ 69.656827511903629, 22.425379139076423 ] ] ], [ [ [ 69.143717692653055, 22.450703712964064 ], [ 69.142059316400307, 22.463071698859828 ], [ 69.111650525667642, 22.46423696969579 ], [ 69.107807564323224, 22.437581077144205 ], [ 69.084447115209855, 22.422156999010372 ], [ 69.093972920551252, 22.460910696646419 ], [ 69.133203898602645, 22.476510776028299 ], [ 69.150164096556708, 22.468312677410125 ], [ 69.143717692653055, 22.450703712964064 ] ] ], [ [ [ 70.046108083447692, 22.523616568599703 ], [ 70.040161522829393, 22.552843960595478 ], [ 70.059373024649602, 22.537434404311643 ], [ 70.046108083447692, 22.523616568599703 ] ] ], [ [ [ 70.257808875753341, 23.170642319301827 ], [ 70.256619942000114, 23.170621013078833 ], [ 70.257648030605125, 23.17380426014422 ], [ 70.257808875753341, 23.170642319301827 ] ] ], [ [ [ 70.253835170907522, 23.171087393046353 ], [ 70.252608896882876, 23.170874971408296 ], [ 70.255851941720991, 23.175929313364652 ], [ 70.253835170907522, 23.171087393046353 ] ] ], [ [ [ 68.546840789726971, 23.674430860999195 ], [ 68.529001506724057, 23.674235392054005 ], [ 68.521581339832224, 23.6539377485968 ], [ 68.532308657137477, 23.683374879352211 ], [ 68.546840789726971, 23.674430860999195 ] ] ], [ [ [ 78.205221091669259, 8.841298123129757 ], [ 78.215787277263686, 8.842005242421164 ], [ 78.213271712397159, 8.832270649207956 ], [ 78.205221091669259, 8.841298123129757 ] ] ], [ [ [ 78.226783660657787, 8.866320278556655 ], [ 78.225513865054239, 8.866812054012915 ], [ 78.2270902287148, 8.871189398420912 ], [ 78.226783660657787, 8.866320278556655 ] ] ], [ [ [ 78.269551102065179, 8.939142238415519 ], [ 78.269054454087296, 8.939887407900962 ], [ 78.273581807710727, 8.943292814969752 ], [ 78.269551102065179, 8.939142238415519 ] ] ], [ [ [ 78.252067422557374, 8.956424624919007 ], [ 78.253094031637133, 8.95205786914002 ], [ 78.250674398758107, 8.952670693609029 ], [ 78.252067422557374, 8.956424624919007 ] ] ], [ [ [ 78.490471311318316, 9.09330142968073 ], [ 78.493980689570179, 9.087287711617563 ], [ 78.487499633154471, 9.088239211108812 ], [ 78.490471311318316, 9.09330142968073 ] ] ], [ [ [ 78.539578777235036, 9.105130444144702 ], [ 78.538398289442085, 9.102600199620207 ], [ 78.535482298741002, 9.103300969909631 ], [ 78.539578777235036, 9.105130444144702 ] ] ], [ [ [ 78.570954953815715, 9.1011315174357 ], [ 78.579342696998367, 9.11282441640345 ], [ 78.580543758906288, 9.10135864059966 ], [ 78.570954953815715, 9.1011315174357 ] ] ], [ [ [ 79.489292480977454, 9.119036838613974 ], [ 79.49210527591363, 9.124203116957084 ], [ 79.493569519945282, 9.122737955211942 ], [ 79.489292480977454, 9.119036838613974 ] ] ], [ [ [ 79.482282190196955, 9.131837213055858 ], [ 79.481559274565285, 9.133112238040162 ], [ 79.483601846790336, 9.133518465295822 ], [ 79.482282190196955, 9.131837213055858 ] ] ], [ [ [ 79.470693760436731, 9.139986731378904 ], [ 79.473613824997599, 9.138399189025476 ], [ 79.471161966854396, 9.138603312108303 ], [ 79.470693760436731, 9.139986731378904 ] ] ], [ [ [ 79.465276854594791, 9.143460041123156 ], [ 79.467414882700254, 9.143378192578059 ], [ 79.465094731950728, 9.142935680983467 ], [ 79.465276854594791, 9.143460041123156 ] ] ], [ [ [ 79.45124890056023, 9.149380967944829 ], [ 79.452691005611683, 9.149715189054163 ], [ 79.452662982666382, 9.146424087924919 ], [ 79.45124890056023, 9.149380967944829 ] ] ], [ [ [ 78.728371783295657, 9.153924997591037 ], [ 78.731193123905115, 9.15227504300861 ], [ 78.728737259275732, 9.152203591601312 ], [ 78.728371783295657, 9.153924997591037 ] ] ], [ [ [ 78.69700368436601, 9.152589692432999 ], [ 78.694856800668504, 9.155023188132626 ], [ 78.696751705132215, 9.155666740055919 ], [ 78.69700368436601, 9.152589692432999 ] ] ], [ [ [ 79.446996181682096, 9.152822066844641 ], [ 79.445591257900233, 9.156665028423175 ], [ 79.445818990706215, 9.157930773003294 ], [ 79.446996181682096, 9.152822066844641 ] ] ], [ [ [ 78.752243495078218, 9.156829073240409 ], [ 78.752503449555149, 9.155560055731732 ], [ 78.750953899707497, 9.156590841909839 ], [ 78.752243495078218, 9.156829073240409 ] ] ], [ [ [ 78.819428781740129, 9.16208453881549 ], [ 78.819696703375286, 9.165320736640123 ], [ 78.823558099047659, 9.166035885279545 ], [ 78.819428781740129, 9.16208453881549 ] ] ], [ [ [ 78.828671756107582, 9.173493267918385 ], [ 78.826505511919038, 9.16647447576778 ], [ 78.824163719856003, 9.166230481984304 ], [ 78.828671756107582, 9.173493267918385 ] ] ], [ [ [ 78.937193527218014, 9.182399771639723 ], [ 78.897392009366797, 9.179984970413798 ], [ 78.943453730126194, 9.187273042667899 ], [ 78.937193527218014, 9.182399771639723 ] ] ], [ [ [ 78.971090829236843, 9.184938918231172 ], [ 78.966907217753516, 9.183645391623543 ], [ 78.968255177566576, 9.188018620684051 ], [ 78.971090829236843, 9.184938918231172 ] ] ], [ [ [ 79.056768359128824, 9.198019958684641 ], [ 79.070398631682039, 9.210612052824715 ], [ 79.08635219729166, 9.191691565369085 ], [ 79.056768359128824, 9.198019958684641 ] ] ], [ [ [ 79.133107459671223, 9.214650916672133 ], [ 79.128095596106064, 9.213908441576553 ], [ 79.125552135855003, 9.217420986283773 ], [ 79.133107459671223, 9.214650916672133 ] ] ], [ [ [ 79.199803299250561, 9.230356459352773 ], [ 79.17807343700666, 9.2423264036061 ], [ 79.190888897172982, 9.252121211807868 ], [ 79.214687166291213, 9.249901440617048 ], [ 79.199803299250561, 9.230356459352773 ] ] ], [ [ [ 79.235730863880079, 9.243476528427484 ], [ 79.2384602969545, 9.241034503114518 ], [ 79.233064112551219, 9.24261831988208 ], [ 79.235730863880079, 9.243476528427484 ] ] ], [ [ [ 74.237715789114588, 14.709274225248542 ], [ 74.23862828789872, 14.711368309610615 ], [ 74.240131330167472, 14.708726832760282 ], [ 74.237715789114588, 14.709274225248542 ] ] ], [ [ [ 86.779703375033037, 20.358521210861955 ], [ 86.784238305945848, 20.364128636230099 ], [ 86.780474844605777, 20.358141755801885 ], [ 86.779703375033037, 20.358521210861955 ] ] ], [ [ [ 86.790477876348604, 20.385625812355364 ], [ 86.791796719966655, 20.386128360714633 ], [ 86.790294471808593, 20.382280281591591 ], [ 86.790477876348604, 20.385625812355364 ] ] ], [ [ [ 86.796046769950067, 20.368518010841719 ], [ 86.802200505429113, 20.390882781683008 ], [ 86.797861019175997, 20.400540436696165 ], [ 86.80553904926677, 20.395767734129379 ], [ 86.796046769950067, 20.368518010841719 ] ] ], [ [ [ 86.799971383662253, 20.443692956385473 ], [ 86.793698144402683, 20.493201359990223 ], [ 86.808243981690126, 20.453118518032831 ], [ 86.787865744385627, 20.38347220903546 ], [ 86.799971383662253, 20.443692956385473 ] ] ], [ [ [ 87.008281036668691, 20.709949129103979 ], [ 87.007538168556266, 20.711205522796121 ], [ 87.013074299701046, 20.716018641826572 ], [ 87.008281036668691, 20.709949129103979 ] ] ], [ [ [ 87.007337172308112, 20.71933445210443 ], [ 87.0077823593966, 20.718131928677156 ], [ 87.002753272432486, 20.711768423888731 ], [ 87.007337172308112, 20.71933445210443 ] ] ], [ [ [ 87.057139052109108, 20.730207644252836 ], [ 87.056163991055342, 20.72974261459272 ], [ 87.053484518683746, 20.730488931628972 ], [ 87.057139052109108, 20.730207644252836 ] ] ], [ [ [ 87.071993062743019, 20.730563506251809 ], [ 87.075903089611586, 20.741919979264416 ], [ 87.07788766480526, 20.743929582343348 ], [ 87.076336302157372, 20.734261845767872 ], [ 87.071993062743019, 20.730563506251809 ] ] ], [ [ [ 87.071814441731917, 20.748947155631324 ], [ 87.070349138586536, 20.73771611999258 ], [ 87.071088260724224, 20.736676685639353 ], [ 87.068778634636544, 20.737626396581096 ], [ 87.071814441731917, 20.748947155631324 ] ] ], [ [ [ 87.058239740758779, 20.745211423010506 ], [ 87.049992570443351, 20.743307439682848 ], [ 87.055122763690989, 20.745465455786057 ], [ 87.058239740758779, 20.745211423010506 ] ] ], [ [ [ 87.101681180937319, 20.75150731874276 ], [ 87.102016845426391, 20.750684853060122 ], [ 87.099379127647524, 20.749394264299987 ], [ 87.101681180937319, 20.75150731874276 ] ] ], [ [ [ 87.074160108228767, 20.75264636465409 ], [ 87.072504048731147, 20.7547750257411 ], [ 87.085900824887503, 20.764527619023337 ], [ 87.094223104242175, 20.753282604892096 ], [ 87.074160108228767, 20.75264636465409 ] ] ], [ [ [ 86.978824001098076, 20.78035155599585 ], [ 86.982941173182965, 20.779010184981679 ], [ 86.979237548623956, 20.777396872344752 ], [ 86.978824001098076, 20.78035155599585 ] ] ], [ [ [ 87.068775092579401, 20.793495313304298 ], [ 87.07475437343362, 20.789020061127559 ], [ 87.074777360423411, 20.767401715173008 ], [ 87.068775092579401, 20.793495313304298 ] ] ], [ [ [ 86.990126359661119, 20.80243172303706 ], [ 86.986575731669717, 20.801993242827777 ], [ 86.987137726694613, 20.803786903770806 ], [ 86.990126359661119, 20.80243172303706 ] ] ], [ [ [ 88.018793061098449, 21.553492242086161 ], [ 88.009638813331605, 21.556118749730452 ], [ 88.016328995748808, 21.562915025670634 ], [ 88.018793061098449, 21.553492242086161 ] ] ], [ [ [ 87.416560855199322, 21.569999707819623 ], [ 87.413425827384245, 21.562427531912554 ], [ 87.421836685117469, 21.582823057883765 ], [ 87.430098729737381, 21.586207425849651 ], [ 87.416560855199322, 21.569999707819623 ] ] ], [ [ [ 88.045429625628785, 21.699396383006214 ], [ 88.046024716385389, 21.698127717230701 ], [ 88.042925967931353, 21.692346178283206 ], [ 88.045429625628785, 21.699396383006214 ] ] ], [ [ [ 88.051965648160106, 21.702655171975557 ], [ 88.050292969829741, 21.694946226827263 ], [ 88.050169343680324, 21.700252101368886 ], [ 88.051965648160106, 21.702655171975557 ] ] ], [ [ [ 88.042477021393381, 21.708155265139133 ], [ 88.043346871761074, 21.708142113406065 ], [ 88.04309009103207, 21.70088082788741 ], [ 88.042477021393381, 21.708155265139133 ] ] ], [ [ [ 92.558500387270811, 10.809787288679686 ], [ 92.552849283447756, 10.808787050668247 ], [ 92.550435717790165, 10.806594121108176 ], [ 92.558761088247721, 10.80916806558316 ], [ 92.564122402746619, 10.796101031661498 ], [ 92.575827898259718, 10.789200619875128 ], [ 92.561446182276356, 10.80352733566829 ], [ 92.571238473745112, 10.81056274166759 ], [ 92.586704414953886, 10.789880149929566 ], [ 92.583362432365305, 10.744184977184458 ], [ 92.599379657087553, 10.705774901568086 ], [ 92.597416607324718, 10.677787503069135 ], [ 92.578412691793616, 10.675023127169288 ], [ 92.581385776719188, 10.658505135749538 ], [ 92.538843512410821, 10.617521267287247 ], [ 92.542093926129198, 10.595090655572918 ], [ 92.569891930575253, 10.578790666325292 ], [ 92.532270020250664, 10.51788393760207 ], [ 92.513264337733403, 10.510839199995802 ], [ 92.430752890415945, 10.549609069050172 ], [ 92.387101764585466, 10.53176268356601 ], [ 92.419158600046799, 10.615034086777346 ], [ 92.401122665048419, 10.659493622185364 ], [ 92.381362289894682, 10.670280165414896 ], [ 92.373073267968479, 10.78274327242616 ], [ 92.386390759716193, 10.79393604134896 ], [ 92.395278585136069, 10.785103322797983 ], [ 92.396083216017516, 10.7808904559475 ], [ 92.392873724153574, 10.777979358075461 ], [ 92.392878246272701, 10.771248621375454 ], [ 92.395497679742277, 10.761335544627959 ], [ 92.398130861927271, 10.761968384578488 ], [ 92.395630704964489, 10.786310254254742 ], [ 92.416890709687252, 10.795715943698809 ], [ 92.424771733879396, 10.825865542263376 ], [ 92.458328443251517, 10.843412228632538 ], [ 92.454506047038862, 10.866864320990384 ], [ 92.496534360020362, 10.897052516157849 ], [ 92.511476481908886, 10.878151791971323 ], [ 92.510043296229853, 10.870841961184453 ], [ 92.505592653341822, 10.873245088216365 ], [ 92.500520937724218, 10.873347039107923 ], [ 92.497229140417318, 10.871293441702212 ], [ 92.497463117412849, 10.86953065328869 ], [ 92.500079654713957, 10.867904419599745 ], [ 92.499616009042967, 10.872157759844161 ], [ 92.510450677719632, 10.869861271194404 ], [ 92.513485163393213, 10.875594054692556 ], [ 92.503743997742234, 10.898440275669575 ], [ 92.527974849687169, 10.88419659337592 ], [ 92.528913196595312, 10.867688771042703 ], [ 92.538673426293258, 10.863275449397081 ], [ 92.533772190255306, 10.889966167765662 ], [ 92.562476319040215, 10.862173783025161 ], [ 92.567429843315864, 10.810268209959743 ], [ 92.561473155989404, 10.805552387899784 ], [ 92.558500387270811, 10.809787288679686 ] ] ], [ [ [ 92.208192223605025, 10.979831760952322 ], [ 92.225483308807497, 10.984826244408772 ], [ 92.215016013352781, 10.972262435687563 ], [ 92.208192223605025, 10.979831760952322 ] ] ], [ [ [ 92.562659005826305, 11.39680600542798 ], [ 92.559036287135001, 11.390987416100964 ], [ 92.554682316446261, 11.397052851403727 ], [ 92.562659005826305, 11.39680600542798 ] ] ], [ [ [ 92.54744038159501, 11.390686283359235 ], [ 92.540640869716114, 11.391950149307963 ], [ 92.549958193148072, 11.398642918643898 ], [ 92.54744038159501, 11.390686283359235 ] ] ], [ [ [ 92.257491589429392, 11.515099809970112 ], [ 92.257281109666764, 11.514417160302163 ], [ 92.255213642430235, 11.514922624069387 ], [ 92.257491589429392, 11.515099809970112 ] ] ], [ [ [ 92.270695406564428, 11.519286113259804 ], [ 92.26968836458822, 11.515606156263871 ], [ 92.266488478409599, 11.51692498795898 ], [ 92.270695406564428, 11.519286113259804 ] ] ], [ [ [ 92.558488424406178, 11.541480054145985 ], [ 92.560135027338788, 11.516726775418011 ], [ 92.55224521672487, 11.540357519943067 ], [ 92.558488424406178, 11.541480054145985 ] ] ], [ [ [ 92.2601217209357, 11.517247979661654 ], [ 92.210960263575416, 11.530256421854832 ], [ 92.202830767172301, 11.587441424587192 ], [ 92.269309614203181, 11.585210730845915 ], [ 92.272995308389142, 11.535302612395556 ], [ 92.2601217209357, 11.517247979661654 ] ] ], [ [ [ 92.543293452816314, 11.553726377776712 ], [ 92.540501596711124, 11.553888367810893 ], [ 92.543412467015045, 11.5544225454264 ], [ 92.543293452816314, 11.553726377776712 ] ] ], [ [ [ 92.538401701191162, 11.555112766212813 ], [ 92.541412737242524, 11.557785162932591 ], [ 92.539382958823779, 11.554303856295302 ], [ 92.538401701191162, 11.555112766212813 ] ] ], [ [ [ 92.565299462568447, 11.567229553289206 ], [ 92.565019058842395, 11.570633347280836 ], [ 92.566921712173723, 11.570104805696518 ], [ 92.565299462568447, 11.567229553289206 ] ] ], [ [ [ 92.527967693707623, 11.596303544012331 ], [ 92.536184608764273, 11.60834388569633 ], [ 92.569594591809448, 11.593502749300793 ], [ 92.565747411976446, 11.573707302128835 ], [ 92.52682697612893, 11.553698721103981 ], [ 92.527967693707623, 11.596303544012331 ] ] ], [ [ [ 92.198965975868177, 11.58822895933274 ], [ 92.19811292758952, 11.587035836991307 ], [ 92.197480450747463, 11.587903912757994 ], [ 92.198965975868177, 11.58822895933274 ] ] ], [ [ [ 92.199998220079678, 11.590656199227938 ], [ 92.202216875575147, 11.589263311198755 ], [ 92.198819496577926, 11.58913310882321 ], [ 92.199998220079678, 11.590656199227938 ] ] ], [ [ [ 92.222528792058839, 11.592873374208317 ], [ 92.220397099771077, 11.593787205243411 ], [ 92.221763654710543, 11.594437723435716 ], [ 92.222528792058839, 11.592873374208317 ] ] ], [ [ [ 88.498662429160888, 21.600959986660012 ], [ 88.536498998210803, 21.579246115753847 ], [ 88.54516191333127, 21.533217017249708 ], [ 88.520929468673344, 21.52778767863219 ], [ 88.486404035861767, 21.549171283718962 ], [ 88.498662429160888, 21.600959986660012 ] ] ], [ [ [ 88.831082611253862, 21.55125948913188 ], [ 88.829786827389157, 21.603181117707074 ], [ 88.891889236866007, 21.581198157700523 ], [ 88.905987945805634, 21.547560219585016 ], [ 88.881418454151358, 21.534155467606421 ], [ 88.831082611253862, 21.55125948913188 ] ] ], [ [ [ 88.175615126808566, 21.55004290627965 ], [ 88.163943001911676, 21.586104106905587 ], [ 88.166632088951715, 21.602762010022381 ], [ 88.204054416078051, 21.547286590054039 ], [ 88.196970220899104, 21.5409721518152 ], [ 88.175615126808566, 21.55004290627965 ] ] ], [ [ [ 89.135189979682877, 21.596415798287904 ], [ 89.137010738999649, 21.601414584906575 ], [ 89.144527915857338, 21.592653477032187 ], [ 89.135189979682877, 21.596415798287904 ] ] ], [ [ [ 88.946868507399742, 21.600702763277408 ], [ 88.948180117783139, 21.596922583886123 ], [ 88.944936681279543, 21.599913366744524 ], [ 88.946868507399742, 21.600702763277408 ] ] ], [ [ [ 88.752418896233294, 21.648011941218073 ], [ 88.768977734104922, 21.655950465278096 ], [ 88.794814285992686, 21.582119736264453 ], [ 88.742026347796724, 21.562188192255658 ], [ 88.715443812439148, 21.572463862321833 ], [ 88.717502154588999, 21.64400576390365 ], [ 88.684426093301255, 21.684306528378734 ], [ 88.692510886840878, 21.720156182063402 ], [ 88.70777969815046, 21.681373384294702 ], [ 88.752418896233294, 21.648011941218073 ] ] ], [ [ [ 88.306447017937543, 21.614946217139121 ], [ 88.306610851780746, 21.705634832644051 ], [ 88.33961819284761, 21.69529051073393 ], [ 88.350458938627156, 21.646803727015865 ], [ 88.317847714176409, 21.605219243664791 ], [ 88.306447017937543, 21.614946217139121 ] ] ], [ [ [ 88.641208225830624, 21.67963145936109 ], [ 88.635052155630206, 21.662937454178397 ], [ 88.627608022584923, 21.660602971338246 ], [ 88.641208225830624, 21.67963145936109 ] ] ], [ [ [ 88.395828859599746, 21.754637628978465 ], [ 88.402051662049374, 21.736729015082609 ], [ 88.421683178367203, 21.718138409110157 ], [ 88.411051227110804, 21.655829092820962 ], [ 88.431949049077318, 21.620447465608564 ], [ 88.396724576956061, 21.590091709084295 ], [ 88.380976674342548, 21.662466201769167 ], [ 88.404010040572715, 21.715762538387942 ], [ 88.368761104631346, 21.726976925630506 ], [ 88.389117911726416, 21.735750568886054 ], [ 88.395828859599746, 21.754637628978465 ] ] ], [ [ [ 88.053710717227688, 21.710879005051677 ], [ 88.055277350337093, 21.708883775630252 ], [ 88.053308678018908, 21.703057681718615 ], [ 88.053710717227688, 21.710879005051677 ] ] ], [ [ [ 88.192348218082387, 21.716336954147565 ], [ 88.203535723443096, 21.725842148907532 ], [ 88.207185300863046, 21.709882098615797 ], [ 88.18241627901115, 21.68822609086217 ], [ 88.192348218082387, 21.716336954147565 ] ] ], [ [ [ 88.419140625414585, 21.682925880353402 ], [ 88.432488418235152, 21.704380393002683 ], [ 88.383498938844468, 21.777325073775689 ], [ 88.418834896384055, 21.810929632333661 ], [ 88.429991384714626, 21.799271579345362 ], [ 88.45632843475957, 21.78894737368622 ], [ 88.471425000401609, 21.791833869404485 ], [ 88.452795570952901, 21.718538006376065 ], [ 88.471506294341566, 21.673876962143016 ], [ 88.450160902056112, 21.611770274343979 ], [ 88.43239176040889, 21.603752712028669 ], [ 88.441130655934444, 21.622828423847004 ], [ 88.419140625414585, 21.682925880353402 ] ] ], [ [ [ 88.608619770977413, 21.681482723039828 ], [ 88.591007289227576, 21.658341639328963 ], [ 88.607798288599582, 21.625358212052003 ], [ 88.59668859890202, 21.612597634347274 ], [ 88.526219252122786, 21.662866207303335 ], [ 88.506285524577066, 21.758358757407066 ], [ 88.543169524591292, 21.811714315392212 ], [ 88.573271221752506, 21.788492490342055 ], [ 88.560069973799159, 21.767917549294722 ], [ 88.573551958753512, 21.722659987687329 ], [ 88.608619770977413, 21.681482723039828 ] ] ], [ [ [ 88.387306520041406, 21.750241454058614 ], [ 88.363275887301938, 21.725906413219068 ], [ 88.394136777659241, 21.712404184312163 ], [ 88.35706616342452, 21.686461452225821 ], [ 88.338438847711686, 21.711583352986544 ], [ 88.348531505268724, 21.722540364669872 ], [ 88.344701125728122, 21.757241106021745 ], [ 88.378117978190289, 21.76642448032705 ], [ 88.387306520041406, 21.750241454058614 ] ] ], [ [ [ 88.629875202377079, 21.736141151102853 ], [ 88.610918068411024, 21.704774660160354 ], [ 88.597057238748548, 21.715678033894388 ], [ 88.620276850889937, 21.728039986409012 ], [ 88.621726359856012, 21.740047132669361 ], [ 88.587385843449042, 21.757209834805177 ], [ 88.588826157259845, 21.776593478322823 ], [ 88.618611310572803, 21.783486181613945 ], [ 88.629875202377079, 21.736141151102853 ] ] ], [ [ [ 88.291893159592931, 21.712062783926729 ], [ 88.279758202898734, 21.734923467230171 ], [ 88.289035511774642, 21.778620616603838 ], [ 88.304959468014161, 21.732457183293615 ], [ 88.291893159592931, 21.712062783926729 ] ] ], [ [ [ 88.04144335964034, 21.649979222126856 ], [ 88.041611636550925, 21.675962571293205 ], [ 88.076490691174087, 21.751757330711335 ], [ 88.101795725179613, 21.832547441986097 ], [ 88.13612737701132, 21.875180695817669 ], [ 88.170963749980388, 21.809098408797571 ], [ 88.17125190257407, 21.740096351020714 ], [ 88.153241980989719, 21.681956512736544 ], [ 88.13411511035072, 21.67782802080696 ], [ 88.145076285175605, 21.63897728068277 ], [ 88.118681389914556, 21.625403890413196 ], [ 88.05729184212467, 21.639388293221963 ], [ 88.04144335964034, 21.649979222126856 ] ] ], [ [ [ 88.568900948437957, 21.769477885887238 ], [ 88.582226938248283, 21.776408928599949 ], [ 88.587822054571234, 21.752906452968681 ], [ 88.619512991844317, 21.734253410388899 ], [ 88.578796167075353, 21.727527391679509 ], [ 88.584584734696406, 21.748431899147171 ], [ 88.568900948437957, 21.769477885887238 ] ] ], [ [ [ 88.997268038155923, 21.621971086982175 ], [ 88.968287975661823, 21.619833498249392 ], [ 88.938723065900334, 21.646142393837835 ], [ 88.951309534720977, 21.693853910231919 ], [ 88.921262422789681, 21.721520800626454 ], [ 88.931708715633036, 21.7444257259891 ], [ 88.92084010231676, 21.762386558815241 ], [ 88.914673076263085, 21.716179027910464 ], [ 88.940132492936726, 21.689041634706861 ], [ 88.92296700568572, 21.632307655587855 ], [ 88.88413263383228, 21.661173727393678 ], [ 88.869648145190553, 21.704167539184258 ], [ 88.877220316011616, 21.766613411118332 ], [ 88.835056511034111, 21.782792208778712 ], [ 88.853154975962809, 21.88888971922842 ], [ 88.819005162907487, 21.929260400911968 ], [ 88.859691406329233, 21.912713243405765 ], [ 88.902586550440773, 21.92102554658489 ], [ 88.911820282042299, 21.930882338178314 ], [ 89.024823902615452, 21.87130980633809 ], [ 89.019459502403535, 21.766152011359079 ], [ 89.055923803228765, 21.732524123281916 ], [ 89.094198934291967, 21.641339263135563 ], [ 89.050494997404286, 21.615566640861058 ], [ 89.024070128057176, 21.658217230696685 ], [ 89.035535759914666, 21.615411807019338 ], [ 88.997975493781524, 21.603225688063663 ], [ 88.997268038155923, 21.621971086982175 ] ] ], [ [ [ 88.19813461537376, 21.769053470274464 ], [ 88.190162731980479, 21.768677341777398 ], [ 88.193189143596271, 21.779576897311109 ], [ 88.19813461537376, 21.769053470274464 ] ] ], [ [ [ 88.176340403212791, 21.793459335087842 ], [ 88.18569014774161, 21.790214015661739 ], [ 88.181524837635578, 21.783825893251635 ], [ 88.176340403212791, 21.793459335087842 ] ] ], [ [ [ 88.495447268927506, 21.823246961849353 ], [ 88.485456794734034, 21.798860573845332 ], [ 88.451897641046031, 21.813022123164405 ], [ 88.478345447975599, 21.834949272755964 ], [ 88.495447268927506, 21.823246961849353 ] ] ], [ [ [ 88.197289859443487, 21.840522373382012 ], [ 88.201792659415247, 21.8179026647706 ], [ 88.192061967222159, 21.831226918203061 ], [ 88.197289859443487, 21.840522373382012 ] ] ], [ [ [ 88.166671966065508, 21.869576825992254 ], [ 88.190721961092621, 21.830559094149546 ], [ 88.166815895936963, 21.865007008976203 ], [ 88.166671966065508, 21.869576825992254 ] ] ], [ [ [ 88.560051239433932, 21.849084744261418 ], [ 88.554953522978735, 21.877232649170022 ], [ 88.574420399664561, 21.879655854346183 ], [ 88.573824484254516, 21.855587667225993 ], [ 88.555921095676297, 21.828112611372944 ], [ 88.560051239433932, 21.849084744261418 ] ] ], [ [ [ 88.586309979742296, 21.801521336596476 ], [ 88.580206681971532, 21.834727531711128 ], [ 88.617027636422449, 21.896046283050385 ], [ 88.636640483952064, 21.921775316929175 ], [ 88.670091750872729, 21.914218069801912 ], [ 88.644564893179165, 21.787937833718065 ], [ 88.586309979742296, 21.801521336596476 ] ] ], [ [ [ 88.572067895191736, 21.895662735873685 ], [ 88.57434248428838, 21.881100761320226 ], [ 88.560771367593219, 21.881804848121771 ], [ 88.552975025786296, 21.876676411763057 ], [ 88.551482515365905, 21.816704188309661 ], [ 88.531080126855002, 21.84551666540127 ], [ 88.550337242430402, 21.87878844465039 ], [ 88.541431140786074, 21.902188321791307 ], [ 88.572067895191736, 21.895662735873685 ] ] ], [ [ [ 88.174274402925093, 21.863689343743175 ], [ 88.169245401300941, 21.868785961999226 ], [ 88.170635167809039, 21.873314714387032 ], [ 88.174274402925093, 21.863689343743175 ] ] ], [ [ [ 88.116424187710237, 21.923388801791624 ], [ 88.145015006598484, 21.916885672594884 ], [ 88.126625850437108, 21.899971420747779 ], [ 88.116424187710237, 21.923388801791624 ] ] ], [ [ [ 88.544377216964307, 21.970857595627614 ], [ 88.591752107582465, 21.95086167198243 ], [ 88.610032804749665, 21.922470818394739 ], [ 88.582573644828841, 21.89143931775553 ], [ 88.549873372180613, 21.922995589637456 ], [ 88.544377216964307, 21.970857595627614 ] ] ], [ [ [ 88.98857239471468, 21.951037881091594 ], [ 89.0169699204083, 21.92640665722984 ], [ 89.011569071952039, 21.90302041414806 ], [ 88.92882269632311, 21.945107785124261 ], [ 88.943636310616967, 22.000870502633358 ], [ 88.987587795349199, 21.971466605924103 ], [ 89.006536715120291, 21.982628816674552 ], [ 88.98857239471468, 21.951037881091594 ] ] ], [ [ [ 88.599164769948402, 21.991001527783364 ], [ 88.606078967044667, 22.000046538090626 ], [ 88.598607740810394, 21.967579467192937 ], [ 88.615030757902673, 21.937508018604593 ], [ 88.61251937289714, 21.931628525059832 ], [ 88.604223617199565, 21.934693713118225 ], [ 88.591969753206129, 21.951548080330632 ], [ 88.576486905703703, 21.960642837983531 ], [ 88.576572102823562, 21.979982861100385 ], [ 88.595258102778971, 21.988300513932259 ], [ 88.599164769948402, 21.991001527783364 ] ] ], [ [ [ 92.813842282903309, 9.217550786391158 ], [ 92.826334575044513, 9.137399119926719 ], [ 92.784840688690181, 9.118719305311537 ], [ 92.727315568386743, 9.124898852236493 ], [ 92.714442093222701, 9.154402251209131 ], [ 92.719691586333354, 9.218526242208103 ], [ 92.765909012080968, 9.219008797358807 ], [ 92.771426008211861, 9.258822580195496 ], [ 92.813842282903309, 9.217550786391158 ] ] ], [ [ [ 92.624536678378632, 10.92328531457577 ], [ 92.622313720851281, 10.923443468610442 ], [ 92.622684216617159, 10.925793974892706 ], [ 92.624536678378632, 10.92328531457577 ] ] ], [ [ [ 92.608805947960079, 10.93944930322658 ], [ 92.60976712734778, 10.927221981197491 ], [ 92.602008940584199, 10.936284678426786 ], [ 92.608805947960079, 10.93944930322658 ] ] ], [ [ [ 92.602781562695441, 10.940655846421247 ], [ 92.603554574675528, 10.941306741210374 ], [ 92.605096236416699, 10.9396886244279 ], [ 92.602781562695441, 10.940655846421247 ] ] ], [ [ [ 92.598550365654901, 10.941369662072583 ], [ 92.595983913922467, 10.944212643592536 ], [ 92.599300476883442, 10.942029670595478 ], [ 92.598550365654901, 10.941369662072583 ] ] ], [ [ [ 92.668139867410588, 10.984730630031272 ], [ 92.660133238978759, 10.980518837300272 ], [ 92.666539737920857, 10.992686490571286 ], [ 92.668139867410588, 10.984730630031272 ] ] ], [ [ [ 92.727780936128084, 11.149050489612071 ], [ 92.733603044146932, 11.14669328668802 ], [ 92.721323861137208, 11.141706859368659 ], [ 92.727780936128084, 11.149050489612071 ] ] ], [ [ [ 92.674319842679054, 11.190327341069629 ], [ 92.679986259184403, 11.181732839635567 ], [ 92.671878782285532, 11.185463654030807 ], [ 92.674319842679054, 11.190327341069629 ] ] ], [ [ [ 92.704706734281714, 11.290236435637269 ], [ 92.705162614017055, 11.26612414057155 ], [ 92.68623475524781, 11.241799745578264 ], [ 92.704706734281714, 11.290236435637269 ] ] ], [ [ [ 92.695506145124327, 11.309844115174453 ], [ 92.721026311267323, 11.333474261230384 ], [ 92.707705006171238, 11.299480016760571 ], [ 92.695506145124327, 11.309844115174453 ] ] ], [ [ [ 92.663742865623107, 11.352785119423189 ], [ 92.597653868560911, 11.345024997895825 ], [ 92.579601842040844, 11.367439635220896 ], [ 92.585731702994565, 11.399992093624828 ], [ 92.621789894344474, 11.404451730043093 ], [ 92.610881986921029, 11.473356091966259 ], [ 92.63072152970247, 11.514010468856393 ], [ 92.673950489570203, 11.490651750937129 ], [ 92.684497965053879, 11.433331004403177 ], [ 92.660997315874155, 11.411930741129684 ], [ 92.636136027161115, 11.416819417721909 ], [ 92.633789649198562, 11.404126176359169 ], [ 92.674795877016066, 11.399768749715681 ], [ 92.690661190335547, 11.37452805399378 ], [ 92.663742865623107, 11.352785119423189 ] ] ], [ [ [ 92.609643317043719, 11.502367588611621 ], [ 92.603643574364, 11.504821852075525 ], [ 92.615028570746674, 11.511074158974804 ], [ 92.609643317043719, 11.502367588611621 ] ] ], [ [ [ 92.599808978131492, 11.538182005182529 ], [ 92.603926744002806, 11.518970695568143 ], [ 92.596587326671852, 11.528865211247771 ], [ 92.599808978131492, 11.538182005182529 ] ] ], [ [ [ 92.593442550339304, 11.531916168176053 ], [ 92.593392201564242, 11.531088890584021 ], [ 92.589853545420638, 11.530500887426726 ], [ 92.593442550339304, 11.531916168176053 ] ] ], [ [ [ 92.583278654583594, 11.541932052918757 ], [ 92.585226965687554, 11.540883630323727 ], [ 92.581941099058156, 11.535363766657699 ], [ 92.583278654583594, 11.541932052918757 ] ] ], [ [ [ 92.609499815668698, 11.531474437330973 ], [ 92.601301956574133, 11.554676999433086 ], [ 92.61638463156693, 11.535999565115002 ], [ 92.609499815668698, 11.531474437330973 ] ] ], [ [ [ 92.62844967328094, 11.548480444991114 ], [ 92.626350078696603, 11.542436694407369 ], [ 92.62692318408493, 11.548805862117451 ], [ 92.62844967328094, 11.548480444991114 ] ] ], [ [ [ 92.591484497904403, 11.577996612879065 ], [ 92.595014597594925, 11.533353832614468 ], [ 92.587863698014573, 11.534121425946758 ], [ 92.591484497904403, 11.577996612879065 ] ] ], [ [ [ 92.606234108132554, 11.563039990795541 ], [ 92.607109748142278, 11.56268296699063 ], [ 92.60484516627794, 11.560562814252291 ], [ 92.606234108132554, 11.563039990795541 ] ] ], [ [ [ 92.571704752378153, 11.562674240068809 ], [ 92.573019658680352, 11.567154125069218 ], [ 92.57442793587316, 11.56230855487089 ], [ 92.571704752378153, 11.562674240068809 ] ] ], [ [ [ 92.617983586060276, 11.572456404755005 ], [ 92.599971442043895, 11.567636797736595 ], [ 92.600918983208956, 11.585673098626641 ], [ 92.610977752720189, 11.588349824405984 ], [ 92.617983586060276, 11.572456404755005 ] ] ], [ [ [ 92.578302329269391, 11.586303271389127 ], [ 92.576496598767307, 11.582890177938493 ], [ 92.577169734257481, 11.587591390938115 ], [ 92.578302329269391, 11.586303271389127 ] ] ], [ [ [ 92.685881489169049, 11.640390912777214 ], [ 92.688695944191849, 11.635413354584653 ], [ 92.686036002092862, 11.633990007650649 ], [ 92.685881489169049, 11.640390912777214 ] ] ], [ [ [ 92.700171049682339, 11.659897223050759 ], [ 92.69353507071105, 11.659469527393318 ], [ 92.699910567894349, 11.66340962341941 ], [ 92.700171049682339, 11.659897223050759 ] ] ], [ [ [ 92.764565924730022, 11.682159904892817 ], [ 92.760393251133578, 11.668719408833139 ], [ 92.75811926480651, 11.678188511723535 ], [ 92.764565924730022, 11.682159904892817 ] ] ], [ [ [ 92.721143093152591, 11.687754291049643 ], [ 92.725018639985649, 11.688010615804652 ], [ 92.722119603188915, 11.686705200118933 ], [ 92.721143093152591, 11.687754291049643 ] ] ], [ [ [ 92.738156396811291, 12.0572335926697 ], [ 92.733170545761809, 12.061376101873162 ], [ 92.726450579701336, 12.059118537773973 ], [ 92.724795386179622, 12.054119876596522 ], [ 92.725069322035651, 12.049653772041879 ], [ 92.720340005576773, 12.05231782459337 ], [ 92.71911737871217, 12.049312336593195 ], [ 92.713814210364973, 12.052776568414609 ], [ 92.709831554705673, 12.049771900820511 ], [ 92.70931158197142, 12.046390902023477 ], [ 92.707139575988705, 12.047110282008193 ], [ 92.701291765372929, 12.04141198992586 ], [ 92.725445552646306, 12.048849022032762 ], [ 92.727344362984866, 12.054331371195961 ], [ 92.731036389395257, 12.018543408135448 ], [ 92.748860466615326, 12.019152235320611 ], [ 92.751205591428061, 12.003386164165942 ], [ 92.766220249580812, 12.012135341893952 ], [ 92.770436936134573, 11.997695178381294 ], [ 92.764375895114782, 11.986794568212161 ], [ 92.759597433623384, 11.99487035363263 ], [ 92.73330131531435, 11.998622574282468 ], [ 92.727377046389819, 11.995700224562336 ], [ 92.712755870094441, 11.934189327383139 ], [ 92.723290602975865, 11.882175671436528 ], [ 92.709311057355322, 11.869057896098443 ], [ 92.723540996683198, 11.876624734736689 ], [ 92.724222082263637, 11.856554441430227 ], [ 92.705830358717208, 11.816379606381615 ], [ 92.692019251703982, 11.817969893871878 ], [ 92.697026093686745, 11.820721484995689 ], [ 92.700896739311588, 11.829372240950006 ], [ 92.699960705565303, 11.829630165074951 ], [ 92.691560388663618, 11.817685162860286 ], [ 92.69519781008114, 11.812906315427648 ], [ 92.683117602110215, 11.818640886290142 ], [ 92.673931859409507, 11.821431669965701 ], [ 92.669389084407598, 11.82137812461686 ], [ 92.691917293817554, 11.813671101574158 ], [ 92.680044588592423, 11.80251761860657 ], [ 92.676259381734241, 11.779080560741479 ], [ 92.683256746656141, 11.803877542609285 ], [ 92.697872833995433, 11.812539477976053 ], [ 92.699706397898268, 11.806052424263491 ], [ 92.705825639867015, 11.800318975783643 ], [ 92.717736395930942, 11.826270787835682 ], [ 92.744259608343796, 11.932098336250871 ], [ 92.782684717635235, 11.936947400889704 ], [ 92.788177426015807, 11.885467860020116 ], [ 92.754454378297467, 11.700648571716755 ], [ 92.743406495386452, 11.711536301353958 ], [ 92.744722932417886, 11.690439457043663 ], [ 92.715544291042008, 11.705362776822177 ], [ 92.710949200852909, 11.693249783189055 ], [ 92.696453527287559, 11.718876481667785 ], [ 92.6899670657088, 11.697743994105842 ], [ 92.689029017041335, 11.707264015979378 ], [ 92.685204157648201, 11.709213133940386 ], [ 92.685292049713922, 11.712716390018722 ], [ 92.682223794572195, 11.714095744051781 ], [ 92.687733174786104, 11.696763610901055 ], [ 92.705676729735629, 11.700058947805699 ], [ 92.707722678727791, 11.670508942410118 ], [ 92.662702762949479, 11.652170408925498 ], [ 92.67416683892489, 11.623907454424478 ], [ 92.680451467025662, 11.637236813278875 ], [ 92.694258952929914, 11.620413515238949 ], [ 92.686395877077146, 11.602993881354557 ], [ 92.696983844122286, 11.607489136876122 ], [ 92.694684553152001, 11.65318597726527 ], [ 92.710144935585774, 11.643313799349187 ], [ 92.72820884861369, 11.658224997377509 ], [ 92.714375128309825, 11.678435558131197 ], [ 92.755992156621659, 11.665047111262107 ], [ 92.741899436750046, 11.640219738999324 ], [ 92.754055052899162, 11.615760979571217 ], [ 92.710923853988845, 11.478415409124764 ], [ 92.697194775737515, 11.505376442162552 ], [ 92.667498258295311, 11.501829364844051 ], [ 92.64546293921039, 11.52218262839496 ], [ 92.646562377405161, 11.571893088566194 ], [ 92.63239656790708, 11.580785459985499 ], [ 92.616479120860078, 11.563440773610623 ], [ 92.619280035576651, 11.571496144340955 ], [ 92.619192702263035, 11.580799047616653 ], [ 92.60183758963872, 11.608648215801029 ], [ 92.627014662225264, 11.626441179819377 ], [ 92.635180791027338, 11.615655455421422 ], [ 92.644398578430838, 11.636209005111862 ], [ 92.630390065735654, 11.651881653169404 ], [ 92.630407900887292, 11.628299002862429 ], [ 92.608090375157573, 11.632385016767584 ], [ 92.59728070390031, 11.650031712355545 ], [ 92.591130074795572, 11.736934431052532 ], [ 92.558053054107091, 11.692299553411315 ], [ 92.549287298954525, 11.802219505807274 ], [ 92.540721399189778, 11.785537189067428 ], [ 92.529532884122702, 11.79417646681112 ], [ 92.546905616302979, 11.836179786020791 ], [ 92.53102892492214, 11.833865136278529 ], [ 92.523269803910665, 11.807183764255239 ], [ 92.506004989040392, 11.825773585393588 ], [ 92.520239126195605, 11.898618778237831 ], [ 92.565319104232145, 11.951080324319916 ], [ 92.585623873719442, 11.887619359079075 ], [ 92.600507396705339, 11.898239137082065 ], [ 92.598862452062718, 11.867238956244993 ], [ 92.602709111771162, 11.858058589594426 ], [ 92.605802192754084, 11.858745862042007 ], [ 92.610122520637105, 11.911976900232618 ], [ 92.594893270234337, 11.904756826207027 ], [ 92.592633399135323, 11.918493678824531 ], [ 92.607624475613576, 11.929804627976996 ], [ 92.628159149134873, 12.043004699200695 ], [ 92.622046386714288, 12.101387802693225 ], [ 92.664121020425114, 12.221847750187463 ], [ 92.655646727259736, 12.18010966839628 ], [ 92.673954445750695, 12.2177871042979 ], [ 92.67546491439191, 12.186837175399479 ], [ 92.681287626078642, 12.191961925381785 ], [ 92.687841145096741, 12.23518226525883 ], [ 92.705260940014782, 12.227900256569056 ], [ 92.706268851560196, 12.158257666912048 ], [ 92.730816409050163, 12.181582420266958 ], [ 92.754292375220814, 12.178747464427076 ], [ 92.756563063832502, 12.163164595579842 ], [ 92.72375044877316, 12.072422561265967 ], [ 92.736929687103711, 12.078067737301533 ], [ 92.733599299070491, 12.065344693262144 ], [ 92.738156396811291, 12.0572335926697 ] ], [ [ 92.73520015080571, 11.57085732243187 ], [ 92.728327413654796, 11.603504479144549 ], [ 92.723294131558291, 11.567030778715678 ], [ 92.73520015080571, 11.57085732243187 ] ] ], [ [ [ 92.603057012212716, 11.92929352107045 ], [ 92.601711561394225, 11.934930165183848 ], [ 92.603713403105971, 11.929519622676237 ], [ 92.603057012212716, 11.92929352107045 ] ] ], [ [ [ 92.602051118283413, 11.936797077269809 ], [ 92.597470856584707, 11.924967176335198 ], [ 92.5868370817483, 11.977346637912536 ], [ 92.60189277943482, 11.964144628280568 ], [ 92.607812028573534, 11.940264473831309 ], [ 92.602051118283413, 11.936797077269809 ] ] ], [ [ [ 92.732156374755505, 11.959934385117121 ], [ 92.730823615335339, 11.944651971062402 ], [ 92.72567727756541, 11.95656012713072 ], [ 92.732156374755505, 11.959934385117121 ] ] ], [ [ [ 92.722412102730246, 11.95362769904027 ], [ 92.724703051046532, 11.953757916111542 ], [ 92.722250592828715, 11.951331440718283 ], [ 92.722412102730246, 11.95362769904027 ] ] ], [ [ [ 92.758195433857779, 11.944704156300441 ], [ 92.735187499831596, 11.951362831240393 ], [ 92.748410729559907, 11.968955579820941 ], [ 92.766665599264385, 11.967114393832953 ], [ 92.758195433857779, 11.944704156300441 ] ] ], [ [ [ 92.606451949588944, 11.959547789583446 ], [ 92.60432610982528, 11.963001117734379 ], [ 92.607796786858117, 11.965776828684332 ], [ 92.606451949588944, 11.959547789583446 ] ] ], [ [ [ 92.74413714371606, 11.966768566113441 ], [ 92.740698089177855, 11.965820835286371 ], [ 92.743536089044284, 11.967537333240289 ], [ 92.74413714371606, 11.966768566113441 ] ] ], [ [ [ 92.583811593600629, 11.976790258288746 ], [ 92.58026697444015, 11.977662072563092 ], [ 92.582534265623394, 11.982973711597362 ], [ 92.583811593600629, 11.976790258288746 ] ] ], [ [ [ 92.737584399045701, 11.996632031349412 ], [ 92.760626386407679, 11.982950961886123 ], [ 92.734059373938223, 11.977020105036562 ], [ 92.737584399045701, 11.996632031349412 ] ] ], [ [ [ 92.776368067289567, 12.01583327035552 ], [ 92.769806414026561, 12.014614177079599 ], [ 92.771977701357088, 12.01893349602013 ], [ 92.776368067289567, 12.01583327035552 ] ] ], [ [ [ 92.726119171430085, 12.057030396899128 ], [ 92.736616431987741, 12.053798866898147 ], [ 92.738964931770965, 12.057721511735481 ], [ 92.736281726899364, 12.066012648670686 ], [ 92.741180825845248, 12.062982055209273 ], [ 92.743456436326355, 12.05761110492872 ], [ 92.744415618759177, 12.056209465935215 ], [ 92.746651583891847, 12.054870480799675 ], [ 92.782265061565411, 12.048262044319019 ], [ 92.777326646054505, 12.024363050412736 ], [ 92.730221827638317, 12.037411148388772 ], [ 92.729807494984854, 12.046677744791856 ], [ 92.728289961093935, 12.053259674318252 ], [ 92.727486964248001, 12.054873745326752 ], [ 92.725792420025286, 12.055154594654809 ], [ 92.726119171430085, 12.057030396899128 ] ] ], [ [ [ 92.96720352969254, 12.065132017018309 ], [ 92.968886851262425, 12.065897994363739 ], [ 92.968135570427393, 12.062532793591814 ], [ 92.96720352969254, 12.065132017018309 ] ] ], [ [ [ 92.755827412785067, 12.066054054433407 ], [ 92.747239671382474, 12.055299665617692 ], [ 92.736962820564656, 12.069348264083342 ], [ 92.741543580828349, 12.073333215299492 ], [ 92.755827412785067, 12.066054054433407 ] ] ], [ [ [ 92.963867119353679, 12.066619518206059 ], [ 92.96471881117624, 12.064689322079408 ], [ 92.961811783865087, 12.065889725329786 ], [ 92.963867119353679, 12.066619518206059 ] ] ], [ [ [ 93.00486122620309, 12.102810214400876 ], [ 92.995046837076671, 12.043823774660025 ], [ 92.969874423153172, 12.067095798092199 ], [ 92.957113728778126, 12.070010291355056 ], [ 92.969497965268758, 12.086713553736672 ], [ 92.957459576569235, 12.087275238932733 ], [ 92.95954119586473, 12.098430931955827 ], [ 92.957768907844084, 12.108038746340871 ], [ 93.00486122620309, 12.102810214400876 ] ] ], [ [ [ 92.956803058115213, 12.091908487862673 ], [ 92.957574694774564, 12.091564866374023 ], [ 92.955877554420709, 12.091386454833208 ], [ 92.956803058115213, 12.091908487862673 ] ] ], [ [ [ 92.950084902160015, 12.079433113907644 ], [ 92.945474899038899, 12.119721871377584 ], [ 92.950799738344017, 12.090857853958706 ], [ 92.950084902160015, 12.079433113907644 ] ] ], [ [ [ 92.977550755428084, 12.109148507598881 ], [ 92.976152165667258, 12.109799604868339 ], [ 92.977130855016483, 12.111874219864534 ], [ 92.977550755428084, 12.109148507598881 ] ] ], [ [ [ 92.738727459430663, 12.110923938071203 ], [ 92.740000774633515, 12.112907737975023 ], [ 92.739388747938875, 12.110507814392836 ], [ 92.738727459430663, 12.110923938071203 ] ] ], [ [ [ 92.962654636265228, 12.114016332799959 ], [ 92.95981158337537, 12.117085314835217 ], [ 92.962834101692707, 12.116798438596232 ], [ 92.962654636265228, 12.114016332799959 ] ] ], [ [ [ 92.956654212662514, 12.127483225419045 ], [ 92.957853027883914, 12.125836981365154 ], [ 92.956036110661586, 12.124485637822172 ], [ 92.956654212662514, 12.127483225419045 ] ] ], [ [ [ 93.002573492957225, 12.11215099898603 ], [ 92.965764849917264, 12.117690927580565 ], [ 92.95478367230595, 12.148170008121353 ], [ 92.994818667689444, 12.156140268359987 ], [ 92.993185757776672, 12.13623821910217 ], [ 93.002573492957225, 12.11215099898603 ] ] ], [ [ [ 93.910014329958472, 6.999746631232129 ], [ 93.941351091159405, 6.954342592876454 ], [ 93.915377017083117, 6.947282902578358 ], [ 93.909442247751258, 6.910319771273587 ], [ 93.891877469237926, 6.901910616033925 ], [ 93.897723529935476, 6.813464361018023 ], [ 93.875987286059811, 6.793226355059471 ], [ 93.846977195580692, 6.811519762912423 ], [ 93.847144431343864, 6.813739853340439 ], [ 93.850695462678871, 6.815232198934519 ], [ 93.855105816126411, 6.820540728289537 ], [ 93.855101028105949, 6.827838550939087 ], [ 93.850540703616645, 6.833322945014219 ], [ 93.847921492030949, 6.832309993136255 ], [ 93.841628134102294, 6.777607770386476 ], [ 93.822479036448215, 6.752782632099463 ], [ 93.800825548071444, 6.762012857378045 ], [ 93.81003715686245, 6.81152981635905 ], [ 93.779979015416089, 6.827142276407368 ], [ 93.785394985213514, 6.846052414952803 ], [ 93.762345664903862, 6.864029737827602 ], [ 93.776638586014627, 6.879921566741993 ], [ 93.733044405288339, 6.919225310959794 ], [ 93.741010966163557, 6.956258874796909 ], [ 93.726009544686491, 6.959329017651283 ], [ 93.717499546183561, 6.994991979011485 ], [ 93.698463606610886, 6.990308891172969 ], [ 93.67904041320071, 7.017052621274876 ], [ 93.655026835875205, 7.005493186605293 ], [ 93.666907761583502, 7.022931768723853 ], [ 93.644391388375738, 7.100685147810912 ], [ 93.664458043227299, 7.114271059701729 ], [ 93.646990019558274, 7.111545732075451 ], [ 93.64331066927484, 7.129704173161943 ], [ 93.665257185402382, 7.142521249978031 ], [ 93.660837205608217, 7.177418550024623 ], [ 93.676991955213921, 7.193359747247619 ], [ 93.722155596047827, 7.189011774207446 ], [ 93.749787183994215, 7.215958984927056 ], [ 93.79003830774684, 7.209344331336037 ], [ 93.796227424271621, 7.235429850762818 ], [ 93.838013244228691, 7.244175146041404 ], [ 93.835361993330082, 7.220034744180182 ], [ 93.869744665876667, 7.205251184362669 ], [ 93.880695212733414, 7.090536372736759 ], [ 93.901882320967502, 7.081176110319726 ], [ 93.912310777760879, 7.025411530445396 ], [ 93.944629641909145, 7.001403157242881 ], [ 93.933436617299321, 6.988870060931548 ], [ 93.92342874004386, 7.009508344441894 ], [ 93.910014329958472, 6.999746631232129 ] ] ], [ [ [ 93.698507420142263, 7.231477408754197 ], [ 93.703105999387915, 7.222691417388619 ], [ 93.7012066320939, 7.208503294227636 ], [ 93.698507420142263, 7.231477408754197 ] ] ], [ [ [ 93.799177834821108, 7.245413725010683 ], [ 93.791173403668509, 7.24120287360372 ], [ 93.79684095564437, 7.248311596320399 ], [ 93.799177834821108, 7.245413725010683 ] ] ], [ [ [ 93.833476563397696, 7.290238531190892 ], [ 93.838145199557431, 7.290939745092861 ], [ 93.833870821399472, 7.287412624029841 ], [ 93.833476563397696, 7.290238531190892 ] ] ], [ [ [ 93.622282994935716, 7.326754281093445 ], [ 93.616979819402005, 7.330457321609015 ], [ 93.621431556438068, 7.33060659165923 ], [ 93.622282994935716, 7.326754281093445 ] ] ], [ [ [ 93.619438372689046, 7.374256676111509 ], [ 93.65492490314162, 7.385184044412846 ], [ 93.656535919314265, 7.366121552166307 ], [ 93.669890092868286, 7.390812022908151 ], [ 93.70089382433892, 7.394628393704227 ], [ 93.69320193324333, 7.446580948338021 ], [ 93.710307646595311, 7.40389117783391 ], [ 93.743936640703382, 7.36216409605987 ], [ 93.713600314369728, 7.311368145801377 ], [ 93.674874906363613, 7.291859399784669 ], [ 93.635808057701212, 7.242813979228664 ], [ 93.607094502894029, 7.310508334242432 ], [ 93.623116266803365, 7.32235493336836 ], [ 93.619438372689046, 7.374256676111509 ] ] ], [ [ [ 93.754318073386585, 7.405828624616985 ], [ 93.759736454262224, 7.401353880360441 ], [ 93.750248162567118, 7.398516335160385 ], [ 93.754318073386585, 7.405828624616985 ] ] ], [ [ [ 93.683832528186144, 7.400255657650328 ], [ 93.675199167638468, 7.397078130967349 ], [ 93.680414310070987, 7.411595862935863 ], [ 93.683832528186144, 7.400255657650328 ] ] ], [ [ [ 93.64119080061289, 7.471254912725548 ], [ 93.632397947779793, 7.476603925728437 ], [ 93.638781017760948, 7.478344530390695 ], [ 93.64119080061289, 7.471254912725548 ] ] ], [ [ [ 93.623278613934772, 7.481509753688479 ], [ 93.619622791426977, 7.480004077063831 ], [ 93.618965832798438, 7.483417775625604 ], [ 93.623278613934772, 7.481509753688479 ] ] ], [ [ [ 93.519928174420414, 7.5281854158582 ], [ 93.53238360599056, 7.526302772241741 ], [ 93.525866533420185, 7.514627075428105 ], [ 93.519928174420414, 7.5281854158582 ] ] ], [ [ [ 93.389464860255899, 7.900239999717706 ], [ 93.390974822247287, 7.896482762001858 ], [ 93.387084045376909, 7.895727833200831 ], [ 93.389464860255899, 7.900239999717706 ] ] ], [ [ [ 93.39976764992754, 7.900045116245639 ], [ 93.397627208947242, 7.898268382144549 ], [ 93.399736069653741, 7.901921520950817 ], [ 93.39976764992754, 7.900045116245639 ] ] ], [ [ [ 93.394389605204807, 7.902116190878483 ], [ 93.392317190047692, 7.899254280197179 ], [ 93.391569036248157, 7.902066560434974 ], [ 93.394389605204807, 7.902116190878483 ] ] ], [ [ [ 93.322538208445778, 7.931126783967394 ], [ 93.323055073009101, 7.931922564421075 ], [ 93.323427155199795, 7.930186454668905 ], [ 93.322538208445778, 7.931126783967394 ] ] ], [ [ [ 93.334927155701735, 7.938321602363309 ], [ 93.338668248092958, 7.942684984406944 ], [ 93.338283213094172, 7.937282010436016 ], [ 93.334927155701735, 7.938321602363309 ] ] ], [ [ [ 93.388753043309578, 7.901962725142551 ], [ 93.367648889102099, 7.877809831328834 ], [ 93.334994294887764, 7.900143462019279 ], [ 93.326783879142184, 7.923271036881787 ], [ 93.336415868943419, 7.925173679161004 ], [ 93.341267892575146, 7.930405319748555 ], [ 93.340840258567269, 7.946767941015056 ], [ 93.332386332006052, 7.950018025956745 ], [ 93.338554550124059, 7.94610316062287 ], [ 93.332899876396112, 7.939542192266958 ], [ 93.337857107120641, 7.935233837671421 ], [ 93.323281337967927, 7.935508001965419 ], [ 93.321078101156004, 7.929349758567914 ], [ 93.324475319354775, 7.92518595039224 ], [ 93.321954173255378, 7.92293405144111 ], [ 93.307866934903629, 7.933855595000973 ], [ 93.300610482379071, 7.961479659585678 ], [ 93.319977031620695, 8.007378551011659 ], [ 93.3818239216032, 8.019161180783861 ], [ 93.401365928887813, 8.008781475794581 ], [ 93.403617379179309, 7.961557600630602 ], [ 93.420911410855908, 7.968613868259228 ], [ 93.451955474886162, 7.939012638996578 ], [ 93.466207785857861, 7.891097250582041 ], [ 93.453883761644093, 7.872214106209542 ], [ 93.412315766973776, 7.906907591569405 ], [ 93.388753043309578, 7.901962725142551 ] ] ], [ [ [ 93.568838657761646, 7.930142229125014 ], [ 93.49471607741927, 7.993240758721623 ], [ 93.515928222598632, 8.000682661149545 ], [ 93.522076861036723, 8.026178556205133 ], [ 93.543575645148522, 7.991528586174254 ], [ 93.534092886177206, 8.026289955581362 ], [ 93.573311316560705, 7.99422809488517 ], [ 93.568838657761646, 7.930142229125014 ] ] ], [ [ [ 93.477427602721008, 8.009766979199444 ], [ 93.47911099256288, 8.010232485742122 ], [ 93.478974726219107, 8.009327938983208 ], [ 93.477427602721008, 8.009766979199444 ] ] ], [ [ [ 93.495078491042548, 8.048625489384383 ], [ 93.49417045419041, 8.047002154589167 ], [ 93.493934965330254, 8.048662052682921 ], [ 93.495078491042548, 8.048625489384383 ] ] ], [ [ [ 93.583453188320561, 8.038726613930598 ], [ 93.563149673779733, 8.064825648749459 ], [ 93.57198003576751, 8.082247367765564 ], [ 93.553386381724977, 8.121064409782766 ], [ 93.572273649219824, 8.126510917147046 ], [ 93.591504077644728, 8.049262018698675 ], [ 93.583453188320561, 8.038726613930598 ] ] ], [ [ [ 93.488470580830594, 7.999178452650631 ], [ 93.475752182732393, 8.045116129402327 ], [ 93.498569702664426, 8.037996480413382 ], [ 93.493778722251193, 8.057521824239489 ], [ 93.501846764905736, 8.069007579215825 ], [ 93.503689636253242, 8.050339662964626 ], [ 93.516032114557873, 8.053679821104184 ], [ 93.520874777744311, 8.080044786419373 ], [ 93.504581968757549, 8.085655762685869 ], [ 93.475654138805652, 8.053238762157591 ], [ 93.46971713985522, 8.088611361568239 ], [ 93.482210721977211, 8.089757299266124 ], [ 93.454096350651042, 8.110594240397072 ], [ 93.437616983139321, 8.171312889896488 ], [ 93.478438145431909, 8.197251106357374 ], [ 93.484977278829049, 8.223923566901329 ], [ 93.52419380837739, 8.231942742910901 ], [ 93.535479180696726, 8.198601089173659 ], [ 93.493159333862806, 8.149809941394897 ], [ 93.537599160749778, 8.090244506257632 ], [ 93.540795130273779, 8.036138791759043 ], [ 93.521680644707601, 8.050462456837231 ], [ 93.515601759553022, 8.034283605653739 ], [ 93.498451160081217, 8.035920638871843 ], [ 93.488470580830594, 7.999178452650631 ] ] ], [ [ [ 93.228518382039667, 8.26508100030108 ], [ 93.229391882262362, 8.221852286435899 ], [ 93.211886971971168, 8.258823063391468 ], [ 93.228518382039667, 8.26508100030108 ] ] ], [ [ [ 93.117763398234572, 8.27728370417365 ], [ 93.192826504797992, 8.218600299421929 ], [ 93.190903119248205, 8.196116489126789 ], [ 93.11162386512018, 8.223642561398023 ], [ 93.075842679169611, 8.27346031859256 ], [ 93.084931694873774, 8.340800827670883 ], [ 93.13351942341491, 8.345803198409881 ], [ 93.117763398234572, 8.27728370417365 ] ] ], [ [ [ 93.635424928927463, 8.394775854696288 ], [ 93.642589460442281, 8.395354322409863 ], [ 93.643519909362411, 8.389228007832816 ], [ 93.635424928927463, 8.394775854696288 ] ] ], [ [ [ 93.046472863724873, 8.449973649884777 ], [ 93.026552633366308, 8.447392065254132 ], [ 93.032667650558281, 8.472734943267984 ], [ 93.046529222229168, 8.463125847960608 ], [ 93.046472863724873, 8.449973649884777 ] ] ], [ [ [ 93.612591093793228, 8.423214267708085 ], [ 93.619210367693512, 8.486606414289239 ], [ 93.602597645277854, 8.576903578774434 ], [ 93.63233441982122, 8.467572080417755 ], [ 93.617507724260193, 8.468725036893421 ], [ 93.612591093793228, 8.423214267708085 ] ] ], [ [ [ 93.596623990572283, 8.581573565063819 ], [ 93.598509096212851, 8.58286676631699 ], [ 93.598245765867091, 8.580036419721138 ], [ 93.596623990572283, 8.581573565063819 ] ] ], [ [ [ 93.080498842221616, 11.77795956274138 ], [ 93.081556853708733, 11.789707965768118 ], [ 93.086012120225561, 11.788216917393161 ], [ 93.080498842221616, 11.77795956274138 ] ] ], [ [ [ 93.044263760015838, 11.809503414219078 ], [ 93.013766219326357, 11.828265917344575 ], [ 93.010668540765806, 11.851381389809383 ], [ 93.062412147019771, 11.845313051841723 ], [ 93.071528060080198, 11.834113618597739 ], [ 93.044263760015838, 11.809503414219078 ] ] ], [ [ [ 92.970992994565194, 11.948020041847057 ], [ 92.95844295422593, 11.98094958173119 ], [ 92.923969795279092, 11.996430599900828 ], [ 92.964179995380618, 12.049994179185902 ], [ 92.966823819008496, 12.037079590004309 ], [ 93.01498152312476, 12.026325627282162 ], [ 93.007104254788842, 12.002990605095256 ], [ 93.054086781952137, 11.902786428758983 ], [ 93.044535894749686, 11.88402935492666 ], [ 93.023812257913406, 11.887575631633087 ], [ 92.992008447324878, 11.935328256659906 ], [ 92.99999274543535, 11.95037056714807 ], [ 92.970992994565194, 11.948020041847057 ] ] ], [ [ [ 93.010958771162748, 12.068506806063731 ], [ 93.012668569677317, 12.06667619865962 ], [ 93.00922297181063, 12.066503014984523 ], [ 93.010958771162748, 12.068506806063731 ] ] ], [ [ [ 93.004149455070859, 12.069955492381505 ], [ 93.007428751422296, 12.072384984764916 ], [ 93.006451756295704, 12.068622553816548 ], [ 93.004149455070859, 12.069955492381505 ] ] ], [ [ [ 93.001609092210899, 12.110907132263121 ], [ 93.002807895754216, 12.112019969766953 ], [ 93.003793450028823, 12.117482548321522 ], [ 92.995403628144587, 12.131548130334561 ], [ 93.000887428830765, 12.132135989751955 ], [ 93.008602052692964, 12.156533490093096 ], [ 93.014646422777702, 12.154139387371471 ], [ 93.021415594057871, 12.167507854156034 ], [ 93.033538146814635, 12.101233571755696 ], [ 93.053995767342471, 12.07657807460148 ], [ 93.043438405000785, 12.042644708319106 ], [ 93.006260760093227, 12.074817164225461 ], [ 93.007471085428335, 12.10283841816616 ], [ 93.005947960423114, 12.108078397721549 ], [ 92.999485509913541, 12.110163542265928 ], [ 93.001609092210899, 12.110907132263121 ] ] ], [ [ [ 93.00480926405379, 12.106106481860657 ], [ 92.998122305690131, 12.107893791790589 ], [ 93.005006324782741, 12.107318368862352 ], [ 93.00480926405379, 12.106106481860657 ] ] ], [ [ [ 92.991002907331819, 12.110009506991556 ], [ 92.991836991276472, 12.111557563869798 ], [ 92.992098392041029, 12.109509802121465 ], [ 92.991002907331819, 12.110009506991556 ] ] ], [ [ [ 93.117664256566556, 12.12994154458174 ], [ 93.111524944437747, 12.129783162801134 ], [ 93.109401275902101, 12.145789696160824 ], [ 93.124176142264531, 12.153056139578291 ], [ 93.117664256566556, 12.12994154458174 ] ] ], [ [ [ 93.096575642315187, 12.138902444578333 ], [ 93.101589985230532, 12.128769824920406 ], [ 93.096419004875685, 12.091759710617307 ], [ 93.077192347578318, 12.076921357811155 ], [ 93.047980779354035, 12.114083746714989 ], [ 93.053355075407111, 12.121672432136346 ], [ 93.062403495345293, 12.119151387124633 ], [ 93.063266503245487, 12.123266269398805 ], [ 93.035274403409289, 12.132089883281152 ], [ 93.066594185553058, 12.211719180850951 ], [ 93.091754994141382, 12.182712121890704 ], [ 93.0884018904096, 12.125730076243514 ], [ 93.096575642315187, 12.138902444578333 ] ] ], [ [ [ 93.005250758168145, 12.148103775222431 ], [ 93.004399672708431, 12.150178856172737 ], [ 93.005737203081026, 12.149722726174732 ], [ 93.005250758168145, 12.148103775222431 ] ] ], [ [ [ 92.984398555346701, 12.154255115571333 ], [ 92.983858963406689, 12.155751388615959 ], [ 92.985841521882548, 12.156361277991223 ], [ 92.984398555346701, 12.154255115571333 ] ] ], [ [ [ 93.013615860212425, 12.156960497959203 ], [ 93.014048839196192, 12.15449184703618 ], [ 93.012407892954911, 12.155169460720916 ], [ 93.013615860212425, 12.156960497959203 ] ] ], [ [ [ 93.019008993038668, 12.224943674218339 ], [ 93.020369848167633, 12.223443484234746 ], [ 93.018761475736866, 12.223402181078997 ], [ 93.019008993038668, 12.224943674218339 ] ] ], [ [ [ 93.10011879542509, 12.200419524335514 ], [ 93.089962397008776, 12.224876058404623 ], [ 93.062194803230057, 12.234683600860462 ], [ 93.072525773052192, 12.262264160702406 ], [ 93.085483269441383, 12.238386123730555 ], [ 93.10105822480314, 12.263832507583233 ], [ 93.101651862085603, 12.232975264410131 ], [ 93.10011879542509, 12.200419524335514 ] ] ], [ [ [ 93.029141684016366, 12.278706706376346 ], [ 93.024440094957058, 12.273288158771697 ], [ 93.028010076252926, 12.280175833328791 ], [ 93.029141684016366, 12.278706706376346 ] ] ], [ [ [ 93.073273988835467, 12.31672691879383 ], [ 93.061368828377439, 12.314888706105695 ], [ 93.070601658070416, 12.319651880421876 ], [ 93.073273988835467, 12.31672691879383 ] ] ] ] } }
]
}
