{
"type": "FeatureCollection",
"name": "uscan_boundary",
"crs": { "type": "name", "properties": { "name": "urn:ogc:def:crs:OGC:1.3:CRS84" } },
"features": [
{ "type": "Feature", "properties": { }, "geometry": { "type": "MultiPolygon", "coordinates": [ [ [ [ -77.898902893066406, 63.092769622802734 ], [ -78.025283813476562, 63.117210388183594 ], [ -78.562789916992188, 63.395820617675781 ], [ -78.57305908203125, 63.440269470214844 ], [ -78.21112060546875, 63.496658325195312 ], [ -77.628616333007812, 63.383319854736328 ], [ -77.621116638183594, 63.347209930419922 ], [ -77.501106262207031, 63.257209777832031 ], [ -77.560287475585938, 63.182769775390625 ], [ -77.898902893066406, 63.092769622802734 ] ] ], [ [ [ -61.390850067138672, 56.618881225585938 ], [ -61.480289459228516, 56.640819549560547 ], [ -61.644451141357422, 56.734439849853516 ], [ -61.631961822509766, 56.859710693359375 ], [ -61.503059387207031, 56.951930999755859 ], [ -61.355571746826172, 56.910820007324219 ], [ -61.404720306396484, 56.879711151123047 ], [ -61.352230072021484, 56.857769012451172 ], [ -61.439449310302734, 56.81610107421875 ], [ -61.475288391113281, 56.842491149902344 ], [ -61.581680297851562, 56.772209167480469 ], [ -61.5755615234375, 56.753040313720703 ], [ -61.481121063232422, 56.790538787841797 ], [ -61.393070220947266, 56.779148101806641 ], [ -61.368610382080078, 56.685821533203125 ], [ -61.390850067138672, 56.618881225585938 ] ] ], [ [ [ -76.682533264160156, 63.370819091796875 ], [ -76.8477783203125, 63.385269165039062 ], [ -77.235023498535156, 63.519710540771484 ], [ -77.36334228515625, 63.588329315185547 ], [ -77.44000244140625, 63.604709625244141 ], [ -77.454177856445312, 63.652210235595703 ], [ -77.4102783203125, 63.686649322509766 ], [ -77.189453125, 63.683040618896484 ], [ -76.716667175292969, 63.567489624023438 ], [ -76.610000610351562, 63.517490386962891 ], [ -76.682510375976562, 63.481658935546875 ], [ -76.571121215820312, 63.452770233154297 ], [ -76.682533264160156, 63.370819091796875 ] ] ], [ [ [ -79.7630615234375, 55.791660308837891 ], [ -79.7630615234375, 55.814159393310547 ], [ -79.470573425292969, 56.10443115234375 ], [ -79.497222900390625, 56.133598327636719 ], [ -79.567497253417969, 56.112770080566406 ], [ -79.9091796875, 55.840549468994141 ], [ -80.025009155273438, 55.901371002197266 ], [ -79.733901977539062, 56.163600921630859 ], [ -79.55029296875, 56.256378173828125 ], [ -79.466667175292969, 56.424709320068359 ], [ -79.471389770507812, 56.544429779052734 ], [ -79.4364013671875, 56.525829315185547 ], [ -79.419723510742188, 56.443599700927734 ], [ -79.519996643066406, 56.220829010009766 ], [ -79.57501220703125, 56.145259857177734 ], [ -79.5352783203125, 56.178321838378906 ], [ -79.427230834960938, 56.203041076660156 ], [ -79.3013916015625, 56.447208404541016 ], [ -79.28472900390625, 56.603599548339844 ], [ -79.249183654785156, 56.605819702148438 ], [ -79.253067016601562, 56.550819396972656 ], [ -79.126678466796875, 56.524711608886719 ], [ -79.100013732910156, 56.463039398193359 ], [ -79.039169311523438, 56.428878784179688 ], [ -78.936111450195312, 56.428878784179688 ], [ -78.908340454101562, 56.343040466308594 ], [ -78.879997253417969, 56.313880920410156 ], [ -79.003890991210938, 56.204429626464844 ], [ -79.200286865234375, 55.902210235595703 ], [ -78.970573425292969, 56.314159393310547 ], [ -78.970840454101562, 56.383598327636719 ], [ -79.043327331542969, 56.360538482666016 ], [ -79.091133117675781, 56.209430694580078 ], [ -79.0614013671875, 56.199161529541016 ], [ -79.21917724609375, 55.971660614013672 ], [ -79.12640380859375, 56.173038482666016 ], [ -79.144447326660156, 56.232208251953125 ], [ -79.237808227539062, 56.147670745849609 ], [ -79.435562133789062, 55.898040771484375 ], [ -79.48529052734375, 55.861370086669922 ], [ -79.567779541015625, 55.864711761474609 ], [ -79.631118774414062, 55.899150848388672 ], [ -79.7630615234375, 55.791660308837891 ] ] ], [ [ [ -80.060836791992188, 56.184429168701172 ], [ -80.1077880859375, 56.194988250732422 ], [ -80.044723510742188, 56.310821533203125 ], [ -79.698898315429688, 56.368881225585938 ], [ -79.555557250976562, 56.498600006103516 ], [ -79.663360595703125, 56.333881378173828 ], [ -79.980010986328125, 56.201648712158203 ], [ -80.060836791992188, 56.184429168701172 ] ] ], [ [ [ -78.927513122558594, 56.113880157470703 ], [ -78.916946411132812, 56.172489166259766 ], [ -78.817230224609375, 56.295269012451172 ], [ -78.767227172851562, 56.419990539550781 ], [ -78.721389770507812, 56.442211151123047 ], [ -78.660842895507812, 56.414710998535156 ], [ -78.6763916015625, 56.181098937988281 ], [ -78.927513122558594, 56.113880157470703 ] ] ], [ [ [ -124.807197570800781, 49.239669799804688 ], [ -124.882003784179688, 49.020549774169922 ], [ -124.957496643066406, 48.981658935546875 ], [ -125.150596618652344, 48.996929168701172 ], [ -125.224197387695312, 48.951648712158203 ], [ -125.331901550292969, 48.969989776611328 ], [ -125.260002136230469, 49.022491455078125 ], [ -125.346702575683594, 49.033039093017578 ], [ -125.371902465820312, 48.979160308837891 ], [ -125.502197265625, 48.917758941650391 ], [ -125.876998901367188, 49.088329315185547 ], [ -125.858299255371094, 49.110820770263672 ], [ -125.73809814453125, 49.105548858642578 ], [ -125.608901977539062, 49.198040008544922 ], [ -125.616401672363281, 49.219711303710938 ], [ -125.727500915527344, 49.155269622802734 ], [ -125.756401062011719, 49.158599853515625 ], [ -125.735000610351562, 49.257209777832031 ], [ -125.802001953125, 49.250270843505859 ], [ -125.776901245117188, 49.365821838378906 ], [ -125.964996337890625, 49.225269317626953 ], [ -125.991401672363281, 49.234439849853516 ], [ -126.018600463867188, 49.285549163818359 ], [ -125.969200134277344, 49.297489166259766 ], [ -125.904701232910156, 49.435821533203125 ], [ -126.009498596191406, 49.321659088134766 ], [ -126.06500244140625, 49.348320007324219 ], [ -126.052803039550781, 49.446098327636719 ], [ -126.190299987792969, 49.400829315185547 ], [ -126.258598327636719, 49.445541381835938 ], [ -126.263900756835938, 49.389430999755859 ], [ -126.3031005859375, 49.360538482666016 ], [ -126.429702758789062, 49.469711303710938 ], [ -126.480300903320312, 49.443050384521484 ], [ -126.466102600097656, 49.380260467529297 ], [ -126.548103332519531, 49.381378173828125 ], [ -126.56610107421875, 49.584430694580078 ], [ -126.470298767089844, 49.635540008544922 ], [ -126.086898803710938, 49.657211303710938 ], [ -126.103103637695312, 49.679149627685547 ], [ -126.445602416992188, 49.667209625244141 ], [ -126.483100891113281, 49.702491760253906 ], [ -126.413101196289062, 49.774429321289062 ], [ -126.469497680664062, 49.787208557128906 ], [ -126.466102600097656, 49.746101379394531 ], [ -126.509498596191406, 49.706928253173828 ], [ -126.590301513671875, 49.704429626464844 ], [ -126.650802612304688, 49.896381378173828 ], [ -126.731697082519531, 49.880260467529297 ], [ -126.801399230957031, 49.95220947265625 ], [ -126.846397399902344, 49.963871002197266 ], [ -126.804496765136719, 49.909160614013672 ], [ -126.881103515625, 49.875541687011719 ], [ -126.918899536132812, 49.965259552001953 ], [ -126.939498901367188, 49.862770080566406 ], [ -127.118896484375, 49.853038787841797 ], [ -127.238899230957031, 49.967208862304688 ], [ -127.178596496582031, 50.009159088134766 ], [ -127.183601379394531, 50.051101684570312 ], [ -127.081703186035156, 50.127208709716797 ], [ -127.097801208496094, 50.144161224365234 ], [ -127.172500610351562, 50.091930389404297 ], [ -127.295799255371094, 50.141651153564453 ], [ -127.277496337890625, 50.055271148681641 ], [ -127.380599975585938, 50.026100158691406 ], [ -127.469200134277344, 50.087211608886719 ], [ -127.43060302734375, 50.128879547119141 ], [ -127.606697082519531, 50.115550994873047 ], [ -127.636398315429688, 50.141651153564453 ], [ -127.609703063964844, 50.180271148681641 ], [ -127.650802612304688, 50.175540924072266 ], [ -127.780296325683594, 50.084148406982422 ], [ -127.895797729492188, 50.108879089355469 ], [ -127.903297424316406, 50.132488250732422 ], [ -127.745796203613281, 50.248050689697266 ], [ -127.847198486328125, 50.280269622802734 ], [ -127.804496765136719, 50.321380615234375 ], [ -127.931396484375, 50.31610107421875 ], [ -127.979400634765625, 50.347209930419922 ], [ -127.936698913574219, 50.418319702148438 ], [ -127.756698608398438, 50.486370086669922 ], [ -127.571403503417969, 50.481929779052734 ], [ -127.474502563476562, 50.381649017333984 ], [ -127.446701049804688, 50.379711151123047 ], [ -127.569999694824219, 50.512210845947266 ], [ -127.544700622558594, 50.541660308837891 ], [ -127.443603515625, 50.571659088134766 ], [ -127.419403076171875, 50.596660614013672 ], [ -127.821998596191406, 50.611930847167969 ], [ -127.634498596191406, 50.578041076660156 ], [ -127.591697692871094, 50.551658630371094 ], [ -127.608901977539062, 50.531379699707031 ], [ -128.063095092773438, 50.482490539550781 ], [ -128.05169677734375, 50.447769165039062 ], [ -128.319503784179688, 50.608600616455078 ], [ -128.320602416992188, 50.663318634033203 ], [ -128.416702270507812, 50.769161224365234 ], [ -128.349197387695312, 50.801658630371094 ], [ -127.909698486328125, 50.871379852294922 ], [ -127.537200927734375, 50.779708862304688 ], [ -127.478401184082031, 50.698909759521484 ], [ -127.408897399902344, 50.746101379394531 ], [ -127.346900939941406, 50.673870086669922 ], [ -126.974197387695312, 50.560260772705078 ], [ -126.327796936035156, 50.480819702148438 ], [ -125.928596496582031, 50.382209777832031 ], [ -125.564201354980469, 50.363880157470703 ], [ -125.43170166015625, 50.310550689697266 ], [ -125.367500305175781, 50.165538787841797 ], [ -125.296699523925781, 50.100818634033203 ], [ -125.207199096679688, 49.961650848388672 ], [ -124.86309814453125, 49.700550079345703 ], [ -124.883903503417969, 49.666370391845703 ], [ -124.974502563476562, 49.663600921630859 ], [ -124.789497375488281, 49.464160919189453 ], [ -123.946998596191406, 49.221660614013672 ], [ -123.909698486328125, 49.127490997314453 ], [ -123.810302734375, 49.115821838378906 ], [ -123.749496459960938, 49.035259246826172 ], [ -123.775802612304688, 48.979160308837891 ], [ -123.582801818847656, 48.831928253173828 ], [ -123.589202880859375, 48.792209625244141 ], [ -123.567497253417969, 48.744430541992188 ], [ -123.648101806640625, 48.750270843505859 ], [ -123.528297424316406, 48.671939849853516 ], [ -123.529197692871094, 48.526931762695312 ], [ -123.473098754882812, 48.573600769042969 ], [ -123.459701538085938, 48.685821533203125 ], [ -123.396400451660156, 48.677761077880859 ], [ -123.341697692871094, 48.508880615234375 ], [ -123.291702270507812, 48.480819702148438 ], [ -123.294403076171875, 48.409709930419922 ], [ -123.360298156738281, 48.397209167480469 ], [ -123.443099975585938, 48.443321228027344 ], [ -123.518302917480469, 48.345539093017578 ], [ -123.583297729492188, 48.301101684570312 ], [ -123.831398010253906, 48.354709625244141 ], [ -125.113899230957031, 48.731098175048828 ], [ -125.1802978515625, 48.804710388183594 ], [ -124.835601806640625, 49.024150848388672 ], [ -124.779403686523438, 49.144428253173828 ], [ -124.807197570800781, 49.239669799804688 ] ] ], [ [ [ -85.7076416015625, 63.765979766845703 ], [ -85.803070068359375, 63.706378936767578 ], [ -86.267227172851562, 63.638050079345703 ], [ -86.563606262207031, 63.670551300048828 ], [ -86.666397094726562, 63.648319244384766 ], [ -86.778343200683594, 63.581100463867188 ], [ -87.040008544921875, 63.550540924072266 ], [ -87.131393432617188, 63.559711456298828 ], [ -87.217216491699219, 63.622211456298828 ], [ -87.218902587890625, 63.675819396972656 ], [ -87.161117553710938, 63.743598937988281 ], [ -86.9344482421875, 63.906101226806641 ], [ -86.223342895507812, 64.081916809082031 ], [ -86.186111450195312, 64.14581298828125 ], [ -86.358901977539062, 64.302467346191406 ], [ -86.416122436523438, 64.592193603515625 ], [ -86.180557250976562, 64.856643676757812 ], [ -86.210853576660156, 64.879150390625 ], [ -86.152511596679688, 64.91802978515625 ], [ -86.226669311523438, 64.97998046875 ], [ -86.1380615234375, 65.148323059082031 ], [ -86.171951293945312, 65.27886962890625 ], [ -86.095001220703125, 65.356643676757812 ], [ -86.152236938476562, 65.37969970703125 ], [ -86.013900756835938, 65.709136962890625 ], [ -85.832496643066406, 65.832473754882812 ], [ -85.621406555175781, 65.91748046875 ], [ -85.506973266601562, 65.934417724609375 ], [ -85.468917846679688, 65.913856506347656 ], [ -85.520843505859375, 65.842758178710938 ], [ -85.516952514648438, 65.80859375 ], [ -85.468338012695312, 65.790817260742188 ], [ -85.3819580078125, 65.835250854492188 ], [ -85.213897705078125, 65.808029174804688 ], [ -85.147506713867188, 65.738037109375 ], [ -85.187232971191406, 65.721359252929688 ], [ -85.056953430175781, 65.631088256835938 ], [ -85.051681518554688, 65.606918334960938 ], [ -85.120292663574219, 65.574981689453125 ], [ -85.291946411132812, 65.557212829589844 ], [ -85.29583740234375, 65.523857116699219 ], [ -85.04364013671875, 65.436370849609375 ], [ -85.003067016601562, 65.4013671875 ], [ -85.012786865234375, 65.322746276855469 ], [ -84.924728393554688, 65.209701538085938 ], [ -84.810287475585938, 65.21636962890625 ], [ -84.748062133789062, 65.292762756347656 ], [ -84.761123657226562, 65.331092834472656 ], [ -84.595840454101562, 65.475540161132812 ], [ -84.440567016601562, 65.456649780273438 ], [ -84.402236938476562, 65.40191650390625 ], [ -84.151138305664062, 65.338592529296875 ], [ -84.228897094726562, 65.2794189453125 ], [ -84.088348388671875, 65.203872680664062 ], [ -83.420562744140625, 65.138031005859375 ], [ -83.338058471679688, 65.074691772460938 ], [ -83.341133117675781, 65.035537719726562 ], [ -83.208343505859375, 64.945533752441406 ], [ -83.020606994628906, 64.914657592773438 ], [ -82.554168701171875, 64.7410888671875 ], [ -82.38250732421875, 64.76776123046875 ], [ -82.202507019042969, 64.713592529296875 ], [ -81.7852783203125, 64.514976501464844 ], [ -81.753890991210938, 64.486923217773438 ], [ -81.779167175292969, 64.321090698242188 ], [ -81.727226257324219, 64.258323669433594 ], [ -81.605827331542969, 64.207473754882812 ], [ -81.602508544921875, 64.129966735839844 ], [ -81.956123352050781, 64.061920166015625 ], [ -81.999183654785156, 64.003311157226562 ], [ -81.930557250976562, 63.988040924072266 ], [ -81.462226867675781, 64.03497314453125 ], [ -81.432510375976562, 64.043586730957031 ], [ -81.446670532226562, 64.081916809082031 ], [ -81.380020141601562, 64.095542907714844 ], [ -80.964752197265625, 63.991939544677734 ], [ -80.9102783203125, 63.999149322509766 ], [ -80.9091796875, 64.023323059082031 ], [ -80.9727783203125, 64.052749633789062 ], [ -80.946952819824219, 64.129966735839844 ], [ -80.751106262207031, 64.062469482421875 ], [ -80.491119384765625, 63.915271759033203 ], [ -80.567497253417969, 63.889430999755859 ], [ -80.700286865234375, 63.911651611328125 ], [ -80.640007019042969, 63.875541687011719 ], [ -80.408340454101562, 63.851650238037109 ], [ -80.194732666015625, 63.804710388183594 ], [ -80.178886413574219, 63.756649017333984 ], [ -80.454452514648438, 63.727771759033203 ], [ -80.837509155273438, 63.533039093017578 ], [ -80.9122314453125, 63.526371002197266 ], [ -80.937789916992188, 63.467491149902344 ], [ -81.011123657226562, 63.449161529541016 ], [ -81.442779541015625, 63.544158935546875 ], [ -81.5352783203125, 63.580268859863281 ], [ -81.654167175292969, 63.571929931640625 ], [ -81.757232666015625, 63.634708404541016 ], [ -82.285568237304688, 63.678050994873047 ], [ -82.329177856445312, 63.6502685546875 ], [ -82.535293579101562, 63.72637939453125 ], [ -82.551116943359375, 63.749988555908203 ], [ -82.514717102050781, 63.790271759033203 ], [ -82.3577880859375, 63.847209930419922 ], [ -82.35833740234375, 63.900539398193359 ], [ -82.525848388671875, 63.966098785400391 ], [ -83.064178466796875, 63.951930999755859 ], [ -83.140007019042969, 64.006088256835938 ], [ -82.9969482421875, 64.100250244140625 ], [ -82.960563659667969, 64.140533447265625 ], [ -83.008621215820312, 64.187469482421875 ], [ -83.115837097167969, 64.17913818359375 ], [ -83.191116333007812, 64.118316650390625 ], [ -83.329177856445312, 64.136917114257812 ], [ -83.643890380859375, 64.032203674316406 ], [ -83.682510375976562, 64.0072021484375 ], [ -83.605850219726562, 63.932769775390625 ], [ -83.646957397460938, 63.867210388183594 ], [ -83.595840454101562, 63.825820922851562 ], [ -83.63751220703125, 63.766380310058594 ], [ -83.803619384765625, 63.754161834716797 ], [ -84.089736938476562, 63.607769012451172 ], [ -84.283073425292969, 63.62860107421875 ], [ -84.57861328125, 63.312210083007812 ], [ -85.224456787109375, 63.120819091796875 ], [ -85.482513427734375, 63.118598937988281 ], [ -85.577789306640625, 63.165538787841797 ], [ -85.6380615234375, 63.244991302490234 ], [ -85.654167175292969, 63.408870697021484 ], [ -85.593612670898438, 63.631938934326172 ], [ -85.613616943359375, 63.669708251953125 ], [ -85.705291748046875, 63.697490692138672 ], [ -85.7076416015625, 63.765979766845703 ] ] ], [ [ [ -84.7227783203125, 65.54608154296875 ], [ -84.803619384765625, 65.565536499023438 ], [ -84.878616333007812, 65.669143676757812 ], [ -85.07391357421875, 65.727752685546875 ], [ -85.14556884765625, 65.8419189453125 ], [ -85.174728393554688, 65.984970092773438 ], [ -85.144203186035156, 66.021087646484375 ], [ -84.9102783203125, 65.999977111816406 ], [ -84.581680297851562, 65.648590087890625 ], [ -84.585281372070312, 65.619140625 ], [ -84.7227783203125, 65.54608154296875 ] ] ], [ [ [ -83.379470825195312, 65.61553955078125 ], [ -83.586936950683594, 65.703872680664062 ], [ -83.662513732910156, 65.676361083984375 ], [ -83.624740600585938, 65.646636962890625 ], [ -83.808326721191406, 65.681922912597656 ], [ -83.794189453125, 65.71942138671875 ], [ -83.684463500976562, 65.744422912597656 ], [ -83.735862731933594, 65.761917114257812 ], [ -83.827529907226562, 65.748306274414062 ], [ -83.779457092285156, 65.784416198730469 ], [ -83.9061279296875, 65.767471313476562 ], [ -83.960281372070312, 65.737762451171875 ], [ -84.143890380859375, 65.764137268066406 ], [ -84.101387023925781, 65.8197021484375 ], [ -84.189468383789062, 65.968307495117188 ], [ -84.382781982421875, 66.000526428222656 ], [ -84.468338012695312, 66.064971923828125 ], [ -84.470573425292969, 66.133323669433594 ], [ -84.240570068359375, 66.098312377929688 ], [ -83.730850219726562, 65.947746276855469 ], [ -83.683349609375, 65.910537719726562 ], [ -83.689193725585938, 65.86663818359375 ], [ -83.803070068359375, 65.816093444824219 ], [ -83.529739379882812, 65.70831298828125 ], [ -83.360023498535156, 65.72747802734375 ], [ -83.214752197265625, 65.710533142089844 ], [ -83.289169311523438, 65.63275146484375 ], [ -83.379470825195312, 65.61553955078125 ] ] ], [ [ [ -126.568099975585938, 50.648319244384766 ], [ -126.586898803710938, 50.698318481445312 ], [ -126.31719970703125, 50.817760467529297 ], [ -126.251701354980469, 50.820541381835938 ], [ -126.178298950195312, 50.750820159912109 ], [ -126.26080322265625, 50.657211303710938 ], [ -126.568099975585938, 50.648319244384766 ] ] ], [ [ [ -58.031398773193359, 54.753879547119141 ], [ -58.159450531005859, 54.761379241943359 ], [ -58.222789764404297, 54.830268859863281 ], [ -58.218898773193359, 54.875270843505859 ], [ -58.083339691162109, 54.876930236816406 ], [ -57.940830230712891, 54.911930084228516 ], [ -57.983890533447266, 54.802211761474609 ], [ -57.864719390869141, 54.832210540771484 ], [ -57.861949920654297, 54.800540924072266 ], [ -58.031398773193359, 54.753879547119141 ] ] ], [ [ [ -73.41864013671875, 67.766372680664062 ], [ -74.320297241210938, 67.76885986328125 ], [ -74.535293579101562, 67.804702758789062 ], [ -74.759193420410156, 67.95025634765625 ], [ -74.778060913085938, 68.006088256835938 ], [ -74.748916625976562, 68.065536499023438 ], [ -74.466690063476562, 68.06414794921875 ], [ -74.325027465820312, 68.172470092773438 ], [ -74.216690063476562, 68.134140014648438 ], [ -74.275009155273438, 68.070823669433594 ], [ -73.462249755859375, 67.989700317382812 ], [ -73.412513732910156, 67.9638671875 ], [ -73.4322509765625, 67.919143676757812 ], [ -73.348617553710938, 67.828033447265625 ], [ -73.41864013671875, 67.766372680664062 ] ] ], [ [ [ -87.29266357421875, 81.503952026367188 ], [ -88.306686401367188, 81.58135986328125 ], [ -89.548629760742188, 81.477203369140625 ], [ -90.398643493652344, 81.36859130859375 ], [ -90.535858154296875, 81.376922607421875 ], [ -90.841423034667969, 81.435531616210938 ], [ -90.824462890625, 81.459976196289062 ], [ -89.632522583007812, 81.604713439941406 ], [ -89.601966857910156, 81.627761840820312 ], [ -90.094192504882812, 81.65081787109375 ], [ -90.271408081054688, 81.697479248046875 ], [ -90.353363037109375, 81.690536499023438 ], [ -90.355583190917969, 81.673576354980469 ], [ -90.293083190917969, 81.641372680664062 ], [ -90.678909301757812, 81.668869018554688 ], [ -90.991127014160156, 81.6160888671875 ], [ -91.00335693359375, 81.592193603515625 ], [ -90.964736938476562, 81.562469482421875 ], [ -91.446693420410156, 81.524406433105469 ], [ -91.444473266601562, 81.583587646484375 ], [ -91.938919067382812, 81.655258178710938 ], [ -91.761138916015625, 81.681922912597656 ], [ -91.509750366210938, 81.764976501464844 ], [ -91.034736633300781, 81.763870239257812 ], [ -91.15252685546875, 81.798027038574219 ], [ -91.05169677734375, 81.828872680664062 ], [ -89.783363342285156, 81.917213439941406 ], [ -89.630020141601562, 81.856369018554688 ], [ -89.318077087402344, 81.790817260742188 ], [ -89.333076477050781, 81.827186584472656 ], [ -89.153923034667969, 81.878593444824219 ], [ -89.170303344726562, 81.89581298828125 ], [ -89.397796630859375, 81.909416198730469 ], [ -89.3980712890625, 81.930816650390625 ], [ -89.249740600585938, 81.941093444824219 ], [ -89.075027465820312, 81.911636352539062 ], [ -88.989753723144531, 81.92108154296875 ], [ -89.054466247558594, 81.987472534179688 ], [ -88.625846862792969, 82.062759399414062 ], [ -88.075576782226562, 82.10498046875 ], [ -87.462799072265625, 82.080543518066406 ], [ -87.173362731933594, 82.011093139648438 ], [ -87.314468383789062, 81.973861694335938 ], [ -86.804176330566406, 81.893043518066406 ], [ -86.726966857910156, 81.891921997070312 ], [ -86.83502197265625, 81.927749633789062 ], [ -87.127243041992188, 81.9638671875 ], [ -87.045028686523438, 81.984970092773438 ], [ -86.842796325683594, 81.987197875976562 ], [ -87.009750366210938, 82.030532836914062 ], [ -86.89251708984375, 82.05413818359375 ], [ -86.3153076171875, 82.052200317382812 ], [ -85.9605712890625, 82.007476806640625 ], [ -85.422523498535156, 81.85748291015625 ], [ -85.386123657226562, 81.874969482421875 ], [ -85.73223876953125, 81.983306884765625 ], [ -85.608078002929688, 82.000259399414062 ], [ -85.217529296875, 81.995529174804688 ], [ -85.049186706542969, 81.97442626953125 ], [ -85.038642883300781, 81.994140625 ], [ -84.85919189453125, 81.985260009765625 ], [ -84.816970825195312, 81.970809936523438 ], [ -84.811973571777344, 81.927467346191406 ], [ -84.656417846679688, 81.88775634765625 ], [ -84.621688842773438, 81.899406433105469 ], [ -84.751693725585938, 81.984703063964844 ], [ -84.932533264160156, 82.019416809082031 ], [ -86.600593566894531, 82.121368408203125 ], [ -86.752517700195312, 82.141082763671875 ], [ -86.871963500976562, 82.207748413085938 ], [ -85.414176940917969, 82.276092529296875 ], [ -85.3677978515625, 82.291091918945312 ], [ -85.481689453125, 82.313583374023438 ], [ -85.420303344726562, 82.344970703125 ], [ -85.537246704101562, 82.345260620117188 ], [ -85.501419067382812, 82.398857116699219 ], [ -85.905029296875, 82.424972534179688 ], [ -85.819747924804688, 82.454421997070312 ], [ -85.09613037109375, 82.481643676757812 ], [ -84.662803649902344, 82.468582153320312 ], [ -84.631683349609375, 82.440261840820312 ], [ -84.940582275390625, 82.431922912597656 ], [ -84.344467163085938, 82.352752685546875 ], [ -84.047523498535156, 82.371368408203125 ], [ -83.706703186035156, 82.344970703125 ], [ -83.384750366210938, 82.282203674316406 ], [ -83.344467163085938, 82.227203369140625 ], [ -83.0230712890625, 82.159416198730469 ], [ -82.953079223632812, 82.119979858398438 ], [ -82.978363037109375, 82.0938720703125 ], [ -83.126129150390625, 82.072479248046875 ], [ -81.926406860351562, 82.034698486328125 ], [ -81.914466857910156, 82.052749633789062 ], [ -82.021133422851562, 82.082199096679688 ], [ -82.58447265625, 82.092758178710938 ], [ -83.01141357421875, 82.221649169921875 ], [ -83.029190063476562, 82.276657104492188 ], [ -82.990859985351562, 82.29248046875 ], [ -82.382522583007812, 82.2410888671875 ], [ -80.977249145507812, 82.040252685546875 ], [ -80.120033264160156, 81.977752685546875 ], [ -79.564193725585938, 81.82525634765625 ], [ -79.22918701171875, 81.816093444824219 ], [ -79.92169189453125, 81.984970092773438 ], [ -79.832237243652344, 82.013870239257812 ], [ -80.657516479492188, 82.064697265625 ], [ -80.975593566894531, 82.123580932617188 ], [ -80.868072509765625, 82.154983520507812 ], [ -81.587799072265625, 82.196090698242188 ], [ -82.625846862792969, 82.359153747558594 ], [ -82.722793579101562, 82.388313293457031 ], [ -82.728912353515625, 82.408309936523438 ], [ -82.520858764648438, 82.502471923828125 ], [ -81.922523498535156, 82.523033142089844 ], [ -82.390296936035156, 82.611923217773438 ], [ -82.371963500976562, 82.639686584472656 ], [ -82.215301513671875, 82.668586730957031 ], [ -81.503082275390625, 82.634696960449219 ], [ -80.920303344726562, 82.535247802734375 ], [ -80.581703186035156, 82.54302978515625 ], [ -80.89752197265625, 82.636367797851562 ], [ -81.585296630859375, 82.800811767578125 ], [ -81.47308349609375, 82.824981689453125 ], [ -80.500846862792969, 82.797470092773438 ], [ -80.158363342285156, 82.727752685546875 ], [ -80.181411743164062, 82.687759399414062 ], [ -79.941970825195312, 82.649406433105469 ], [ -79.801132202148438, 82.646636962890625 ], [ -79.983352661132812, 82.68914794921875 ], [ -79.886138916015625, 82.708587646484375 ], [ -78.894203186035156, 82.665252685546875 ], [ -78.521133422851562, 82.676933288574219 ], [ -79.243072509765625, 82.69525146484375 ], [ -79.836959838867188, 82.750526428222656 ], [ -80.3980712890625, 82.899696350097656 ], [ -79.458633422851562, 82.974136352539062 ], [ -79.144737243652344, 82.921920776367188 ], [ -79.066703796386719, 82.875259399414062 ], [ -78.719741821289062, 82.946640014648438 ], [ -78.521682739257812, 82.92108154296875 ], [ -78.504470825195312, 82.901092529296875 ], [ -78.55780029296875, 82.860527038574219 ], [ -78.500846862792969, 82.845542907714844 ], [ -78.406417846679688, 82.873580932617188 ], [ -78.144203186035156, 82.82330322265625 ], [ -78.12890625, 82.836639404296875 ], [ -78.241409301757812, 82.858871459960938 ], [ -77.950302124023438, 82.914138793945312 ], [ -77.768630981445312, 82.922470092773438 ], [ -77.12835693359375, 82.863311767578125 ], [ -76.570571899414062, 82.666641235351562 ], [ -75.914176940917969, 82.59747314453125 ], [ -75.91864013671875, 82.579971313476562 ], [ -76.194747924804688, 82.511093139648438 ], [ -76.259628295898438, 82.467269897460938 ], [ -76.230850219726562, 82.4447021484375 ], [ -75.420303344726562, 82.606918334960938 ], [ -75.434738159179688, 82.623870849609375 ], [ -76.206413269042969, 82.70831298828125 ], [ -76.309463500976562, 82.752761840820312 ], [ -75.976409912109375, 82.784698486328125 ], [ -76.375579833984375, 82.789138793945312 ], [ -77.385566711425781, 82.9830322265625 ], [ -77.252517700195312, 83.025253295898438 ], [ -76.425582885742188, 83.019416809082031 ], [ -76.028923034667969, 83.054428100585938 ], [ -74.436126708984375, 83.027206420898438 ], [ -73.990859985351562, 82.933868408203125 ], [ -73.817787170410156, 82.852752685546875 ], [ -72.672523498535156, 82.698593139648438 ], [ -72.498916625976562, 82.718307495117188 ], [ -73.355850219726562, 82.838592529296875 ], [ -73.430572509765625, 82.893592834472656 ], [ -73.633636474609375, 82.918586730957031 ], [ -73.619461059570312, 82.941093444824219 ], [ -72.685577392578125, 83.092758178710938 ], [ -71.654190063476562, 83.097747802734375 ], [ -71.618362426757812, 83.079971313476562 ], [ -71.793350219726562, 83.020538330078125 ], [ -71.778640747070312, 83.00164794921875 ], [ -71.370033264160156, 82.918869018554688 ], [ -70.871688842773438, 82.881088256835938 ], [ -70.857803344726562, 82.897201538085938 ], [ -71.497528076171875, 83.0072021484375 ], [ -71.238906860351562, 83.060546875 ], [ -70.373916625976562, 83.113327026367188 ], [ -69.701972961425781, 83.110527038574219 ], [ -69.664466857910156, 83.070823669433594 ], [ -69.233078002929688, 83.010246276855469 ], [ -69.015579223632812, 83.040817260742188 ], [ -68.975303649902344, 83.028312683105469 ], [ -68.980850219726562, 82.98248291015625 ], [ -68.404739379882812, 83.008323669433594 ], [ -68.154190063476562, 82.9910888671875 ], [ -68.188629150390625, 82.946090698242188 ], [ -67.041412353515625, 82.959701538085938 ], [ -66.301406860351562, 82.931922912597656 ], [ -66.369461059570312, 82.888313293457031 ], [ -66.841423034667969, 82.810806274414062 ], [ -68.599746704101562, 82.652481079101562 ], [ -68.64251708984375, 82.62860107421875 ], [ -66.670852661132812, 82.740249633789062 ], [ -65.713363647460938, 82.843582153320312 ], [ -65.46807861328125, 82.83331298828125 ], [ -65.527252197265625, 82.797470092773438 ], [ -65.197532653808594, 82.764137268066406 ], [ -65.167526245117188, 82.769973754882812 ], [ -65.353363037109375, 82.797203063964844 ], [ -65.102798461914062, 82.848037719726562 ], [ -65.307533264160156, 82.865547180175781 ], [ -64.982528686523438, 82.901092529296875 ], [ -64.684738159179688, 82.901641845703125 ], [ -64.678627014160156, 82.884696960449219 ], [ -64.936973571777344, 82.871368408203125 ], [ -64.478912353515625, 82.764419555664062 ], [ -64.103363037109375, 82.831649780273438 ], [ -63.6239013671875, 82.833587646484375 ], [ -63.4122314453125, 82.811080932617188 ], [ -63.384178161621094, 82.77581787109375 ], [ -63.510570526123047, 82.73248291015625 ], [ -63.850288391113281, 82.715812683105469 ], [ -63.254730224609375, 82.650253295898438 ], [ -63.235569000244141, 82.633323669433594 ], [ -63.374729156494141, 82.611076354980469 ], [ -62.964450836181641, 82.585533142089844 ], [ -62.945560455322266, 82.563873291015625 ], [ -63.078350067138672, 82.499687194824219 ], [ -63.089740753173828, 82.46636962890625 ], [ -62.553340911865234, 82.524406433105469 ], [ -62.171958923339844, 82.525527954101562 ], [ -61.577510833740234, 82.482192993164062 ], [ -61.285568237304688, 82.430252075195312 ], [ -61.141120910644531, 82.383033752441406 ], [ -61.076400756835938, 82.320823669433594 ], [ -61.135841369628906, 82.247482299804688 ], [ -61.388069152832031, 82.183296203613281 ], [ -61.870010375976562, 82.106643676757812 ], [ -62.279170989990234, 82.015823364257812 ], [ -64.123916625976562, 81.768310546875 ], [ -64.180572509765625, 81.746368408203125 ], [ -64.46307373046875, 81.721359252929688 ], [ -65.332237243652344, 81.761093139648438 ], [ -65.344467163085938, 81.743873596191406 ], [ -65.631683349609375, 81.702476501464844 ], [ -66.012527465820312, 81.696907043457031 ], [ -65.991409301757812, 81.682746887207031 ], [ -65.352523803710938, 81.691932678222656 ], [ -65.429176330566406, 81.670806884765625 ], [ -65.871963500976562, 81.627197265625 ], [ -66.025016784667969, 81.653030395507812 ], [ -66.172523498535156, 81.618026733398438 ], [ -67.716423034667969, 81.59442138671875 ], [ -68.156692504882812, 81.561080932617188 ], [ -68.330581665039062, 81.568588256835938 ], [ -69.140029907226562, 81.7088623046875 ], [ -69.291412353515625, 81.7188720703125 ], [ -69.241409301757812, 81.699691772460938 ], [ -68.449188232421875, 81.570823669433594 ], [ -68.373626708984375, 81.537750244140625 ], [ -68.84918212890625, 81.549148559570312 ], [ -68.738906860351562, 81.528312683105469 ], [ -68.091957092285156, 81.529136657714844 ], [ -67.182533264160156, 81.564697265625 ], [ -66.791412353515625, 81.540817260742188 ], [ -66.608627319335938, 81.51275634765625 ], [ -68.990020751953125, 81.261367797851562 ], [ -70.206703186035156, 81.179702758789062 ], [ -70.050857543945312, 81.161636352539062 ], [ -69.638076782226562, 81.177467346191406 ], [ -70.02471923828125, 81.102226257324219 ], [ -69.660293579101562, 81.135246276855469 ], [ -69.463363647460938, 81.183029174804688 ], [ -66.068359375, 81.457748413085938 ], [ -64.893913269042969, 81.537750244140625 ], [ -64.537803649902344, 81.543586730957031 ], [ -64.436416625976562, 81.479423522949219 ], [ -64.646133422851562, 81.396636962890625 ], [ -65.44140625, 81.256362915039062 ], [ -65.980850219726562, 81.223861694335938 ], [ -66.438346862792969, 81.12359619140625 ], [ -66.545028686523438, 81.070533752441406 ], [ -67.208633422851562, 80.941932678222656 ], [ -67.591690063476562, 80.933029174804688 ], [ -67.5311279296875, 80.897476196289062 ], [ -67.653923034667969, 80.856369018554688 ], [ -68.668907165527344, 80.673858642578125 ], [ -69.2730712890625, 80.4638671875 ], [ -69.305572509765625, 80.418296813964844 ], [ -69.596412658691406, 80.361076354980469 ], [ -70.118362426757812, 80.344703674316406 ], [ -70.305572509765625, 80.356086730957031 ], [ -70.220306396484375, 80.416923522949219 ], [ -70.499473571777344, 80.513870239257812 ], [ -70.783363342285156, 80.563026428222656 ], [ -70.813346862792969, 80.54498291015625 ], [ -70.382522583007812, 80.413040161132812 ], [ -70.448638916015625, 80.340263366699219 ], [ -69.991127014160156, 80.26885986328125 ], [ -69.990859985351562, 80.243316650390625 ], [ -70.178627014160156, 80.18914794921875 ], [ -70.745033264160156, 80.205810546875 ], [ -71.46307373046875, 80.118026733398438 ], [ -71.73223876953125, 80.111923217773438 ], [ -72.294456481933594, 80.223312377929688 ], [ -72.420852661132812, 80.211090087890625 ], [ -71.89697265625, 80.11553955078125 ], [ -71.926406860351562, 80.099983215332031 ], [ -72.3919677734375, 80.085533142089844 ], [ -72.16973876953125, 80.053306579589844 ], [ -70.762802124023438, 80.133323669433594 ], [ -70.507797241210938, 80.099700927734375 ], [ -70.488632202148438, 80.057212829589844 ], [ -70.719467163085938, 79.986358642578125 ], [ -71.372802734375, 79.93914794921875 ], [ -71.4605712890625, 79.9013671875 ], [ -71.39447021484375, 79.884979248046875 ], [ -71.110023498535156, 79.915252685546875 ], [ -70.910293579101562, 79.88580322265625 ], [ -71.116676330566406, 79.789703369140625 ], [ -72.217796325683594, 79.65997314453125 ], [ -72.912803649902344, 79.702186584472656 ], [ -73.063079833984375, 79.799423217773438 ], [ -74.080581665039062, 79.888031005859375 ], [ -74.833358764648438, 79.849136352539062 ], [ -74.699462890625, 79.792762756347656 ], [ -73.368072509765625, 79.76885986328125 ], [ -73.295578002929688, 79.688583374023438 ], [ -73.174468994140625, 79.651641845703125 ], [ -73.126129150390625, 79.558296203613281 ], [ -73.224746704101562, 79.524978637695312 ], [ -73.616409301757812, 79.496917724609375 ], [ -73.780029296875, 79.503036499023438 ], [ -73.916412353515625, 79.552467346191406 ], [ -73.988906860351562, 79.551933288574219 ], [ -73.996963500976562, 79.535537719726562 ], [ -73.950302124023438, 79.493873596191406 ], [ -73.983352661132812, 79.455543518066406 ], [ -74.544189453125, 79.438026428222656 ], [ -74.933906555175781, 79.4910888671875 ], [ -74.964752197265625, 79.513031005859375 ], [ -75.060302734375, 79.490806579589844 ], [ -74.88446044921875, 79.416091918945312 ], [ -74.935012817382812, 79.385246276855469 ], [ -75.144203186035156, 79.375259399414062 ], [ -75.7861328125, 79.415252685546875 ], [ -75.817520141601562, 79.44830322265625 ], [ -75.931411743164062, 79.423576354980469 ], [ -76.176132202148438, 79.488861083984375 ], [ -77.14251708984375, 79.547470092773438 ], [ -77.19140625, 79.511093139648438 ], [ -77.13446044921875, 79.490249633789062 ], [ -76.179176330566406, 79.459701538085938 ], [ -76.159187316894531, 79.436080932617188 ], [ -76.169189453125, 79.400253295898438 ], [ -75.881973266601562, 79.353317260742188 ], [ -76.123626708984375, 79.331092834472656 ], [ -76.870033264160156, 79.34942626953125 ], [ -77.076400756835938, 79.398323059082031 ], [ -77.125846862792969, 79.462478637695312 ], [ -77.386138916015625, 79.4527587890625 ], [ -77.353912353515625, 79.422470092773438 ], [ -77.15863037109375, 79.329147338867188 ], [ -77.926933288574219, 79.367340087890625 ], [ -78.051406860351562, 79.354713439941406 ], [ -77.928359985351562, 79.326370239257812 ], [ -77.322250366210938, 79.267471313476562 ], [ -76.237808227539062, 79.271087646484375 ], [ -75.4061279296875, 79.237472534179688 ], [ -74.585563659667969, 79.23052978515625 ], [ -74.49530029296875, 79.207473754882812 ], [ -74.817520141601562, 79.178863525390625 ], [ -74.436691284179688, 79.057746887207031 ], [ -74.493072509765625, 79.032470703125 ], [ -74.691131591796875, 79.022201538085938 ], [ -75.626693725585938, 79.066093444824219 ], [ -75.885566711425781, 79.09747314453125 ], [ -75.856117248535156, 79.15081787109375 ], [ -76.098068237304688, 79.199142456054688 ], [ -76.160018920898438, 79.1221923828125 ], [ -76.08197021484375, 79.099700927734375 ], [ -76.146682739257812, 79.0777587890625 ], [ -77.073638916015625, 79.070823669433594 ], [ -77.495033264160156, 79.01776123046875 ], [ -78.426406860351562, 79.0838623046875 ], [ -78.891693115234375, 79.063308715820312 ], [ -77.708633422851562, 79.013031005859375 ], [ -78.297523498535156, 78.788856506347656 ], [ -78.248077392578125, 78.770248413085938 ], [ -78.168327331542969, 78.780807495117188 ], [ -77.902252197265625, 78.912750244140625 ], [ -77.712249755859375, 78.966087341308594 ], [ -76.559463500976562, 79.0294189453125 ], [ -75.732528686523438, 78.969146728515625 ], [ -75.781417846679688, 78.9346923828125 ], [ -76.315582275390625, 78.896087646484375 ], [ -76.440582275390625, 78.83941650390625 ], [ -75.690582275390625, 78.893592834472656 ], [ -74.933067321777344, 78.854141235351562 ], [ -74.760848999023438, 78.823593139648438 ], [ -74.807533264160156, 78.797760009765625 ], [ -74.761688232421875, 78.773590087890625 ], [ -74.831703186035156, 78.743316650390625 ], [ -74.720016479492188, 78.707473754882812 ], [ -74.870010375976562, 78.675811767578125 ], [ -74.819473266601562, 78.627471923828125 ], [ -74.644737243652344, 78.594970703125 ], [ -75.443359375, 78.512191772460938 ], [ -76.325027465820312, 78.5152587890625 ], [ -75.111968994140625, 78.372756958007812 ], [ -75.031417846679688, 78.33135986328125 ], [ -75.1903076171875, 78.299697875976562 ], [ -75.358627319335938, 78.301651000976562 ], [ -75.47918701171875, 78.222198486328125 ], [ -75.613906860351562, 78.198028564453125 ], [ -76.574188232421875, 78.249687194824219 ], [ -76.855583190917969, 78.22747802734375 ], [ -76.908363342285156, 78.195533752441406 ], [ -75.621963500976562, 78.124420166015625 ], [ -75.589187622070312, 78.08941650390625 ], [ -75.912246704101562, 77.959426879882812 ], [ -76.157516479492188, 78.012481689453125 ], [ -76.8980712890625, 77.901641845703125 ], [ -77.785293579101562, 77.948867797851562 ], [ -78.261138916015625, 77.995246887207031 ], [ -78.209182739257812, 77.954696655273438 ], [ -78.384452819824219, 77.92803955078125 ], [ -78.426406860351562, 77.9063720703125 ], [ -78.303092956542969, 77.865249633789062 ], [ -78.006973266601562, 77.815811157226562 ], [ -77.947250366210938, 77.773033142089844 ], [ -77.963363647460938, 77.749420166015625 ], [ -78.05169677734375, 77.729713439941406 ], [ -77.98114013671875, 77.701370239257812 ], [ -78.081703186035156, 77.673309326171875 ], [ -77.753082275390625, 77.624969482421875 ], [ -77.723068237304688, 77.599136352539062 ], [ -77.980850219726562, 77.554702758789062 ], [ -77.944473266601562, 77.511367797851562 ], [ -78.025299072265625, 77.471649169921875 ], [ -78.252517700195312, 77.43914794921875 ], [ -78.230850219726562, 77.392196655273438 ], [ -78.712799072265625, 77.312469482421875 ], [ -78.839736938476562, 77.310256958007812 ], [ -78.726966857910156, 77.367477416992188 ], [ -78.764739990234375, 77.380813598632812 ], [ -79.083633422851562, 77.299972534179688 ], [ -79.527252197265625, 77.302749633789062 ], [ -79.712516784667969, 77.318313598632812 ], [ -79.988632202148438, 77.273590087890625 ], [ -80.682533264160156, 77.322479248046875 ], [ -81.277511596679688, 77.424423217773438 ], [ -81.895286560058594, 77.682479858398438 ], [ -81.949188232421875, 77.655258178710938 ], [ -81.911407470703125, 77.609420776367188 ], [ -81.678359985351562, 77.538307189941406 ], [ -81.666961669921875, 77.502197265625 ], [ -81.74835205078125, 77.448028564453125 ], [ -81.523643493652344, 77.378036499023438 ], [ -81.204193115234375, 77.370529174804688 ], [ -81.16973876953125, 77.322479248046875 ], [ -81.828346252441406, 77.285812377929688 ], [ -82.091957092285156, 77.316360473632812 ], [ -82.196670532226562, 77.298858642578125 ], [ -81.904457092285156, 77.248580932617188 ], [ -81.910568237304688, 77.194427490234375 ], [ -81.78436279296875, 77.160720825195312 ], [ -81.105850219726562, 77.283042907714844 ], [ -80.155006408691406, 77.208038330078125 ], [ -80.136962890625, 77.186080932617188 ], [ -80.401962280273438, 77.086639404296875 ], [ -80.39447021484375, 77.072746276855469 ], [ -80.20697021484375, 77.10858154296875 ], [ -80.013351440429688, 77.190536499023438 ], [ -79.725860595703125, 77.239967346191406 ], [ -79.255020141601562, 77.218582153320312 ], [ -79.041961669921875, 77.161087036132812 ], [ -79.00390625, 77.103591918945312 ], [ -79.376693725585938, 76.957473754882812 ], [ -79.372238159179688, 76.923309326171875 ], [ -78.9544677734375, 76.935256958007812 ], [ -78.894203186035156, 76.903312683105469 ], [ -78.963912963867188, 76.848037719726562 ], [ -78.712516784667969, 76.82330322265625 ], [ -78.720306396484375, 76.878593444824219 ], [ -78.567520141601562, 76.887191772460938 ], [ -78.563079833984375, 76.933029174804688 ], [ -78.344192504882812, 77.00775146484375 ], [ -78.140846252441406, 77.019973754882812 ], [ -77.928909301757812, 76.96636962890625 ], [ -77.881126403808594, 76.940261840820312 ], [ -77.906402587890625, 76.911636352539062 ], [ -77.835296630859375, 76.886917114257812 ], [ -77.890289306640625, 76.862762451171875 ], [ -77.71502685546875, 76.821090698242188 ], [ -77.789466857910156, 76.781646728515625 ], [ -77.76947021484375, 76.658309936523438 ], [ -77.861968994140625, 76.62969970703125 ], [ -78.013641357421875, 76.630813598632812 ], [ -78.178359985351562, 76.566093444824219 ], [ -78.138923645019531, 76.52581787109375 ], [ -78.443359375, 76.452186584472656 ], [ -78.6077880859375, 76.486648559570312 ], [ -78.565582275390625, 76.563873291015625 ], [ -78.790573120117188, 76.571640014648438 ], [ -78.938079833984375, 76.449981689453125 ], [ -79.229751586914062, 76.368026733398438 ], [ -79.273063659667969, 76.30413818359375 ], [ -79.781417846679688, 76.280807495117188 ], [ -81.053359985351562, 76.128036499023438 ], [ -81.090301513671875, 76.137481689453125 ], [ -81.077239990234375, 76.158042907714844 ], [ -80.95391845703125, 76.191093444824219 ], [ -81.08807373046875, 76.207199096679688 ], [ -80.761138916015625, 76.394149780273438 ], [ -80.77166748046875, 76.419143676757812 ], [ -81.208358764648438, 76.5535888671875 ], [ -81.388923645019531, 76.481369018554688 ], [ -81.716690063476562, 76.470260620117188 ], [ -82.039726257324219, 76.509407043457031 ], [ -82.059463500976562, 76.532470703125 ], [ -81.981948852539062, 76.584701538085938 ], [ -82.056961059570312, 76.609153747558594 ], [ -81.861968994140625, 76.669143676757812 ], [ -82.081413269042969, 76.631088256835938 ], [ -82.292800903320312, 76.635528564453125 ], [ -82.442520141601562, 76.684982299804688 ], [ -82.580307006835938, 76.7763671875 ], [ -82.725021362304688, 76.819137573242188 ], [ -82.746139526367188, 76.80413818359375 ], [ -82.556137084960938, 76.723037719726562 ], [ -82.562522888183594, 76.688873291015625 ], [ -82.435302734375, 76.628036499023438 ], [ -82.113906860351562, 76.572196960449219 ], [ -82.093917846679688, 76.557212829589844 ], [ -82.222503662109375, 76.532760620117188 ], [ -82.127517700195312, 76.441650390625 ], [ -82.260566711425781, 76.398590087890625 ], [ -82.779449462890625, 76.383323669433594 ], [ -83.091690063476562, 76.460823059082031 ], [ -83.075302124023438, 76.532760620117188 ], [ -83.211402893066406, 76.626922607421875 ], [ -83.388076782226562, 76.67108154296875 ], [ -83.355850219726562, 76.752197265625 ], [ -83.400863647460938, 76.759979248046875 ], [ -83.518623352050781, 76.71331787109375 ], [ -83.499191284179688, 76.676651000976562 ], [ -83.254470825195312, 76.579421997070312 ], [ -83.184188842773438, 76.49664306640625 ], [ -83.223892211914062, 76.445533752441406 ], [ -83.184463500976562, 76.424972534179688 ], [ -83.256973266601562, 76.407470703125 ], [ -83.691131591796875, 76.428863525390625 ], [ -84.03363037109375, 76.534698486328125 ], [ -84.071136474609375, 76.61663818359375 ], [ -84.284736633300781, 76.657760620117188 ], [ -84.331130981445312, 76.647476196289062 ], [ -84.202529907226562, 76.617202758789062 ], [ -84.218353271484375, 76.564971923828125 ], [ -84.249740600585938, 76.53692626953125 ], [ -84.180023193359375, 76.491928100585938 ], [ -84.195571899414062, 76.45635986328125 ], [ -84.518913269042969, 76.427749633789062 ], [ -84.783912658691406, 76.469970703125 ], [ -84.84918212890625, 76.536361694335938 ], [ -84.970840454101562, 76.581916809082031 ], [ -85.028640747070312, 76.574981689453125 ], [ -85.051406860351562, 76.514137268066406 ], [ -84.9705810546875, 76.42608642578125 ], [ -84.397796630859375, 76.330543518066406 ], [ -84.394180297851562, 76.308029174804688 ], [ -85.386962890625, 76.30303955078125 ], [ -86.372238159179688, 76.386367797851562 ], [ -86.415023803710938, 76.412750244140625 ], [ -86.41864013671875, 76.469146728515625 ], [ -86.222518920898438, 76.513313293457031 ], [ -86.226409912109375, 76.542762756347656 ], [ -86.62890625, 76.634407043457031 ], [ -86.305023193359375, 76.528030395507812 ], [ -86.655853271484375, 76.467193603515625 ], [ -86.631973266601562, 76.448028564453125 ], [ -86.711143493652344, 76.348037719726562 ], [ -87.130859375, 76.384140014648438 ], [ -87.154190063476562, 76.401092529296875 ], [ -87.118362426757812, 76.420806884765625 ], [ -87.177253723144531, 76.4447021484375 ], [ -87.423072814941406, 76.456916809082031 ], [ -87.39111328125, 76.49664306640625 ], [ -87.500579833984375, 76.535247802734375 ], [ -87.462799072265625, 76.586906433105469 ], [ -87.537246704101562, 76.617477416992188 ], [ -87.58001708984375, 76.611358642578125 ], [ -87.57196044921875, 76.52081298828125 ], [ -87.493072509765625, 76.503860473632812 ], [ -87.553092956542969, 76.457199096679688 ], [ -87.430282592773438, 76.417762756347656 ], [ -87.571670532226562, 76.345542907714844 ], [ -87.719741821289062, 76.343032836914062 ], [ -87.872802734375, 76.407203674316406 ], [ -87.900863647460938, 76.363037109375 ], [ -88.351387023925781, 76.384979248046875 ], [ -88.434463500976562, 76.402206420898438 ], [ -88.360580444335938, 76.43109130859375 ], [ -88.438629150390625, 76.464141845703125 ], [ -88.353912353515625, 76.508590698242188 ], [ -88.520858764648438, 76.617752075195312 ], [ -88.4786376953125, 76.656082153320312 ], [ -88.559463500976562, 76.727752685546875 ], [ -88.479751586914062, 76.77691650390625 ], [ -88.477798461914062, 76.807746887207031 ], [ -88.541946411132812, 76.812759399414062 ], [ -88.696693420410156, 76.725540161132812 ], [ -88.582229614257812, 76.626922607421875 ], [ -88.66058349609375, 76.599983215332031 ], [ -88.521133422851562, 76.566093444824219 ], [ -88.489471435546875, 76.503311157226562 ], [ -88.611968994140625, 76.452186584472656 ], [ -88.597793579101562, 76.405807495117188 ], [ -88.677253723144531, 76.40191650390625 ], [ -88.640296936035156, 76.55859375 ], [ -88.68890380859375, 76.59136962890625 ], [ -88.796417236328125, 76.550262451171875 ], [ -88.775283813476562, 76.524406433105469 ], [ -88.832778930664062, 76.498870849609375 ], [ -88.781417846679688, 76.46636962890625 ], [ -88.901962280273438, 76.408309936523438 ], [ -89.015029907226562, 76.412750244140625 ], [ -89.045578002929688, 76.447479248046875 ], [ -89.119743347167969, 76.422203063964844 ], [ -89.414749145507812, 76.491928100585938 ], [ -89.424468994140625, 76.55914306640625 ], [ -89.667251586914062, 76.564422607421875 ], [ -89.603912353515625, 76.621917724609375 ], [ -89.431396484375, 76.663589477539062 ], [ -89.411972045898438, 76.680252075195312 ], [ -89.45697021484375, 76.71331787109375 ], [ -89.400863647460938, 76.73358154296875 ], [ -89.501106262207031, 76.8096923828125 ], [ -89.533363342285156, 76.853591918945312 ], [ -88.464752197265625, 77.065536499023438 ], [ -88.436416625976562, 77.092193603515625 ], [ -88.4364013671875, 77.117477416992188 ], [ -87.651962280273438, 77.127761840820312 ], [ -87.6177978515625, 77.094970703125 ], [ -87.349456787109375, 77.106086730957031 ], [ -87.436126708984375, 77.144699096679688 ], [ -87.336936950683594, 77.17913818359375 ], [ -86.804466247558594, 77.127197265625 ], [ -86.890029907226562, 77.1644287109375 ], [ -87.18280029296875, 77.196907043457031 ], [ -87.178627014160156, 77.213027954101562 ], [ -87.033363342285156, 77.25164794921875 ], [ -87.197509765625, 77.275253295898438 ], [ -87.232803344726562, 77.305526733398438 ], [ -86.831703186035156, 77.352203369140625 ], [ -87.064193725585938, 77.366928100585938 ], [ -87.391128540039062, 77.330543518066406 ], [ -87.696136474609375, 77.35552978515625 ], [ -87.780288696289062, 77.42108154296875 ], [ -87.775299072265625, 77.441360473632812 ], [ -87.64251708984375, 77.480262756347656 ], [ -87.694473266601562, 77.537200927734375 ], [ -88.162246704101562, 77.626922607421875 ], [ -88.223617553710938, 77.662483215332031 ], [ -88.150299072265625, 77.725540161132812 ], [ -88.178359985351562, 77.7955322265625 ], [ -88.103912353515625, 77.813583374023438 ], [ -87.295028686523438, 77.898033142089844 ], [ -86.461692810058594, 77.836090087890625 ], [ -85.976142883300781, 77.704147338867188 ], [ -85.718353271484375, 77.464706420898438 ], [ -85.50390625, 77.474700927734375 ], [ -85.491966247558594, 77.454147338867188 ], [ -85.513076782226562, 77.435256958007812 ], [ -85.400016784667969, 77.39581298828125 ], [ -84.973358154296875, 77.377197265625 ], [ -84.720016479492188, 77.311653137207031 ], [ -84.479461669921875, 77.294418334960938 ], [ -84.481956481933594, 77.3177490234375 ], [ -84.615020751953125, 77.383033752441406 ], [ -84.550308227539062, 77.4013671875 ], [ -83.833908081054688, 77.448867797851562 ], [ -83.801406860351562, 77.464706420898438 ], [ -83.426406860351562, 77.499687194824219 ], [ -82.799186706542969, 77.771087646484375 ], [ -82.807243347167969, 77.799423217773438 ], [ -82.674468994140625, 77.836906433105469 ], [ -82.513076782226562, 77.95635986328125 ], [ -82.591140747070312, 78.011093139648438 ], [ -82.326141357421875, 78.065261840820312 ], [ -82.336143493652344, 78.078872680664062 ], [ -82.764739990234375, 78.019699096679688 ], [ -82.794189453125, 77.994979858398438 ], [ -82.728912353515625, 77.929702758789062 ], [ -83.111686706542969, 77.789703369140625 ], [ -83.200843811035156, 77.705543518066406 ], [ -83.674468994140625, 77.530532836914062 ], [ -83.986968994140625, 77.499977111816406 ], [ -84.839752197265625, 77.538040161132812 ], [ -84.866409301757812, 77.574142456054688 ], [ -84.450851440429688, 77.701637268066406 ], [ -84.428359985351562, 77.722747802734375 ], [ -84.480827331542969, 77.728591918945312 ], [ -84.521133422851562, 77.68914794921875 ], [ -84.922523498535156, 77.601638793945312 ], [ -85.299186706542969, 77.660537719726562 ], [ -85.308349609375, 77.67608642578125 ], [ -85.268081665039062, 77.701919555664062 ], [ -85.348907470703125, 77.728866577148438 ], [ -84.94696044921875, 77.822746276855469 ], [ -85.034469604492188, 77.834976196289062 ], [ -85.297813415527344, 77.797203063964844 ], [ -85.400299072265625, 77.813308715820312 ], [ -85.400299072265625, 77.836357116699219 ], [ -85.23223876953125, 77.881637573242188 ], [ -84.865859985351562, 77.893310546875 ], [ -84.853912353515625, 77.874420166015625 ], [ -84.912246704101562, 77.8388671875 ], [ -84.5230712890625, 77.900253295898438 ], [ -84.31890869140625, 77.886917114257812 ], [ -84.401962280273438, 77.910247802734375 ], [ -85.200576782226562, 77.901641845703125 ], [ -85.474746704101562, 77.86859130859375 ], [ -85.505859375, 77.899978637695312 ], [ -85.678909301757812, 77.929428100585938 ], [ -85.607528686523438, 77.957199096679688 ], [ -85.065582275390625, 78.056373596191406 ], [ -84.761688232421875, 78.023590087890625 ], [ -84.288093566894531, 78.075531005859375 ], [ -84.5330810546875, 78.085533142089844 ], [ -84.799186706542969, 78.055252075195312 ], [ -85.077529907226562, 78.090812683105469 ], [ -85.087799072265625, 78.103317260742188 ], [ -84.993072509765625, 78.160247802734375 ], [ -84.631126403808594, 78.199981689453125 ], [ -84.178359985351562, 78.172760009765625 ], [ -84.479751586914062, 78.2169189453125 ], [ -84.966690063476562, 78.215812683105469 ], [ -84.83447265625, 78.314971923828125 ], [ -84.77252197265625, 78.342193603515625 ], [ -84.8486328125, 78.381927490234375 ], [ -84.782806396484375, 78.505813598632812 ], [ -84.6197509765625, 78.58831787109375 ], [ -84.67529296875, 78.58831787109375 ], [ -84.9786376953125, 78.41497802734375 ], [ -84.962249755859375, 78.343582153320312 ], [ -85.418350219726562, 78.118873596191406 ], [ -86.148361206054688, 78.054702758789062 ], [ -86.267242431640625, 78.066360473632812 ], [ -86.291412353515625, 78.08135986328125 ], [ -86.25140380859375, 78.156646728515625 ], [ -85.950302124023438, 78.228317260742188 ], [ -85.827507019042969, 78.344146728515625 ], [ -85.833358764648438, 78.379966735839844 ], [ -86.053070068359375, 78.297470092773438 ], [ -86.073638916015625, 78.248580932617188 ], [ -86.399459838867188, 78.20025634765625 ], [ -86.497802734375, 78.215530395507812 ], [ -86.719741821289062, 78.121917724609375 ], [ -87.079742431640625, 78.102752685546875 ], [ -87.505859375, 78.128311157226562 ], [ -87.526962280273438, 78.149139404296875 ], [ -87.352249145507812, 78.191093444824219 ], [ -87.089752197265625, 78.201919555664062 ], [ -87.262222290039062, 78.226638793945312 ], [ -87.475593566894531, 78.21636962890625 ], [ -87.518913269042969, 78.23052978515625 ], [ -87.493911743164062, 78.379966735839844 ], [ -87.52557373046875, 78.410247802734375 ], [ -87.415023803710938, 78.470260620117188 ], [ -87.140556335449219, 78.550262451171875 ], [ -86.866409301757812, 78.546371459960938 ], [ -86.878082275390625, 78.573028564453125 ], [ -87.0955810546875, 78.568588256835938 ], [ -87.109466552734375, 78.593032836914062 ], [ -86.649726867675781, 78.7955322265625 ], [ -85.099746704101562, 78.917762756347656 ], [ -83.371688842773438, 78.776641845703125 ], [ -82.417251586914062, 78.574142456054688 ], [ -82.308349609375, 78.568862915039062 ], [ -82.245452880859375, 78.597488403320312 ], [ -82.559463500976562, 78.682212829589844 ], [ -82.569473266601562, 78.711357116699219 ], [ -82.230850219726562, 78.717758178710938 ], [ -82.23223876953125, 78.736358642578125 ], [ -83.210563659667969, 78.798858642578125 ], [ -83.255859375, 78.829971313476562 ], [ -83.085861206054688, 78.85552978515625 ], [ -81.741409301757812, 78.839141845703125 ], [ -81.660858154296875, 78.877761840820312 ], [ -81.753082275390625, 78.912200927734375 ], [ -81.654190063476562, 78.99359130859375 ], [ -81.486396789550781, 79.041641235351562 ], [ -81.546417236328125, 79.062187194824219 ], [ -81.999740600585938, 78.960250854492188 ], [ -82.110313415527344, 78.913589477539062 ], [ -82.503082275390625, 78.88275146484375 ], [ -82.924468994140625, 78.934982299804688 ], [ -84.22918701171875, 78.958038330078125 ], [ -84.726966857910156, 79.027763366699219 ], [ -84.779190063476562, 79.046653747558594 ], [ -84.789466857910156, 79.069427490234375 ], [ -84.544189453125, 79.141372680664062 ], [ -84.050018310546875, 79.103317260742188 ], [ -83.990592956542969, 79.051651000976562 ], [ -83.600593566894531, 79.025253295898438 ], [ -83.386138916015625, 79.0394287109375 ], [ -83.3739013671875, 79.056373596191406 ], [ -83.688079833984375, 79.066650390625 ], [ -84.030029296875, 79.151641845703125 ], [ -83.942520141601562, 79.211090087890625 ], [ -83.979751586914062, 79.221649169921875 ], [ -84.086143493652344, 79.188026428222656 ], [ -84.327239990234375, 79.188583374023438 ], [ -84.3355712890625, 79.252197265625 ], [ -84.452796936035156, 79.328872680664062 ], [ -84.485023498535156, 79.4063720703125 ], [ -84.947250366210938, 79.52581787109375 ], [ -85.029190063476562, 79.615806579589844 ], [ -85.493362426757812, 79.700531005859375 ], [ -86.486686706542969, 79.763603210449219 ], [ -86.493362426757812, 79.800537109375 ], [ -86.379997253417969, 79.821372985839844 ], [ -86.454742431640625, 79.847747802734375 ], [ -86.4605712890625, 79.919692993164062 ], [ -86.390029907226562, 79.958038330078125 ], [ -86.118637084960938, 79.959136962890625 ], [ -85.365859985351562, 79.8963623046875 ], [ -85.271133422851562, 79.923858642578125 ], [ -86.442787170410156, 79.999687194824219 ], [ -86.636962890625, 80.092483520507812 ], [ -86.659736633300781, 80.128036499023438 ], [ -86.515029907226562, 80.299148559570312 ], [ -86.116127014160156, 80.333587646484375 ], [ -83.989471435546875, 80.264419555664062 ], [ -83.615837097167969, 80.210533142089844 ], [ -82.153060913085938, 79.858871459960938 ], [ -81.970016479492188, 79.752761840820312 ], [ -81.978912353515625, 79.718307495117188 ], [ -81.616409301757812, 79.623306274414062 ], [ -81.785293579101562, 79.614967346191406 ], [ -81.7286376953125, 79.589706420898438 ], [ -81.605850219726562, 79.588592529296875 ], [ -81.457237243652344, 79.636917114257812 ], [ -80.630577087402344, 79.56414794921875 ], [ -80.608627319335938, 79.576103210449219 ], [ -80.618637084960938, 79.597198486328125 ], [ -79.904739379882812, 79.646926879882812 ], [ -79.827239990234375, 79.698593139648438 ], [ -80.795303344726562, 79.648033142089844 ], [ -81.630020141601562, 79.764419555664062 ], [ -81.568077087402344, 79.795806884765625 ], [ -81.599746704101562, 79.8519287109375 ], [ -81.665023803710938, 79.897750854492188 ], [ -81.402252197265625, 79.932479858398438 ], [ -81.557533264160156, 79.960823059082031 ], [ -82.168350219726562, 80.013603210449219 ], [ -83.186973571777344, 80.306640625 ], [ -83.166961669921875, 80.326919555664062 ], [ -80.024749755859375, 80.527481079101562 ], [ -78.025726318359375, 80.581787109375 ], [ -78.41668701171875, 80.6080322265625 ], [ -79.863632202148438, 80.60302734375 ], [ -79.934463500976562, 80.619422912597656 ], [ -78.198638916015625, 80.796920776367188 ], [ -76.591140747070312, 80.842758178710938 ], [ -76.490859985351562, 80.874969482421875 ], [ -76.986968994140625, 80.8902587890625 ], [ -78.190582275390625, 80.888313293457031 ], [ -78.8697509765625, 80.852203369140625 ], [ -78.930023193359375, 80.887191772460938 ], [ -78.861686706542969, 80.911087036132812 ], [ -78.874473571777344, 80.949691772460938 ], [ -78.930572509765625, 80.981918334960938 ], [ -78.426406860351562, 81.120796203613281 ], [ -78.406417846679688, 81.144973754882812 ], [ -78.472793579101562, 81.158309936523438 ], [ -76.765029907226562, 81.4285888671875 ], [ -76.777801513671875, 81.444427490234375 ], [ -77.896133422851562, 81.335533142089844 ], [ -78.65252685546875, 81.197196960449219 ], [ -78.72113037109375, 81.172203063964844 ], [ -78.754470825195312, 81.13580322265625 ], [ -78.69085693359375, 81.119422912597656 ], [ -78.916961669921875, 81.098037719726562 ], [ -79.486396789550781, 81.194976806640625 ], [ -79.435302734375, 81.169418334960938 ], [ -79.073638916015625, 81.090812683105469 ], [ -79.255287170410156, 81.058868408203125 ], [ -79.343917846679688, 80.998306274414062 ], [ -79.164749145507812, 80.9830322265625 ], [ -79.165298461914062, 80.966636657714844 ], [ -79.618072509765625, 80.819427490234375 ], [ -81.06585693359375, 80.644699096679688 ], [ -82.799186706542969, 80.5394287109375 ], [ -83.128890991210938, 80.544143676757812 ], [ -83.170303344726562, 80.56414794921875 ], [ -83.156417846679688, 80.606643676757812 ], [ -83.078079223632812, 80.644973754882812 ], [ -82.025299072265625, 80.74664306640625 ], [ -81.763076782226562, 80.810806274414062 ], [ -81.94390869140625, 80.833038330078125 ], [ -83.143913269042969, 80.698593139648438 ], [ -83.488906860351562, 80.699417114257812 ], [ -83.569473266601562, 80.739151000976562 ], [ -83.133071899414062, 80.818862915039062 ], [ -83.158363342285156, 80.833587646484375 ], [ -83.829742431640625, 80.731918334960938 ], [ -83.836410522460938, 80.719703674316406 ], [ -83.723358154296875, 80.64385986328125 ], [ -83.779190063476562, 80.570823669433594 ], [ -83.840583801269531, 80.5455322265625 ], [ -84.313629150390625, 80.513603210449219 ], [ -85.857803344726562, 80.543296813964844 ], [ -85.57196044921875, 80.615249633789062 ], [ -85.694747924804688, 80.61358642578125 ], [ -86.011962890625, 80.533309936523438 ], [ -86.73919677734375, 80.59747314453125 ], [ -86.660293579101562, 80.666091918945312 ], [ -85.774192810058594, 80.948867797851562 ], [ -84.991409301757812, 81.040252685546875 ], [ -84.496963500976562, 81.041091918945312 ], [ -82.5230712890625, 81.166366577148438 ], [ -83.150016784667969, 81.1513671875 ], [ -85.250312805175781, 81.055252075195312 ], [ -85.606689453125, 81.054977416992188 ], [ -86.309738159179688, 80.940811157226562 ], [ -87.271408081054688, 80.6302490234375 ], [ -87.594741821289062, 80.628593444824219 ], [ -89.290863037109375, 80.84942626953125 ], [ -89.450576782226562, 80.903312683105469 ], [ -89.462516784667969, 80.919143676757812 ], [ -88.905853271484375, 80.977752685546875 ], [ -88.20697021484375, 81.002471923828125 ], [ -86.755020141601562, 81.001083374023438 ], [ -85.839187622070312, 81.07525634765625 ], [ -85.887802124023438, 81.118873596191406 ], [ -84.776138305664062, 81.266082763671875 ], [ -84.746139526367188, 81.2894287109375 ], [ -84.998077392578125, 81.306922912597656 ], [ -85.768630981445312, 81.244712829589844 ], [ -86.517242431640625, 81.119979858398438 ], [ -89.629470825195312, 81.009140014648438 ], [ -90.011962890625, 81.033042907714844 ], [ -90.198066711425781, 81.0697021484375 ], [ -90.347518920898438, 81.161636352539062 ], [ -90.311973571777344, 81.186653137207031 ], [ -90.043327331542969, 81.239433288574219 ], [ -88.982528686523438, 81.241928100585938 ], [ -88.949737548828125, 81.253593444824219 ], [ -89.655853271484375, 81.288040161132812 ], [ -89.917251586914062, 81.314422607421875 ], [ -89.940582275390625, 81.33331298828125 ], [ -88.823348999023438, 81.453582763671875 ], [ -88.932533264160156, 81.480796813964844 ], [ -88.716140747070312, 81.513031005859375 ], [ -87.984466552734375, 81.535812377929688 ], [ -87.276962280273438, 81.485809326171875 ], [ -87.29266357421875, 81.503952026367188 ] ] ], [ [ [ -86.676681518554688, 67.731643676757812 ], [ -86.85833740234375, 67.796920776367188 ], [ -86.946136474609375, 67.909416198730469 ], [ -86.8436279296875, 67.958587646484375 ], [ -86.8477783203125, 68.020248413085938 ], [ -86.986968994140625, 68.061653137207031 ], [ -86.978897094726562, 68.096916198730469 ], [ -86.898063659667969, 68.136093139648438 ], [ -86.912803649902344, 68.16998291015625 ], [ -86.712226867675781, 68.299148559570312 ], [ -86.646682739257812, 68.301651000976562 ], [ -86.418327331542969, 68.21331787109375 ], [ -86.435012817382812, 68.162483215332031 ], [ -86.368621826171875, 67.954696655273438 ], [ -86.3961181640625, 67.859703063964844 ], [ -86.563629150390625, 67.734153747558594 ], [ -86.676681518554688, 67.731643676757812 ] ] ], [ [ [ -76.825576782226562, 67.234970092773438 ], [ -77.055572509765625, 67.266372680664062 ], [ -77.256683349609375, 67.516372680664062 ], [ -77.225860595703125, 67.530807495117188 ], [ -77.322799682617188, 67.698028564453125 ], [ -77.225593566894531, 67.856643676757812 ], [ -76.746688842773438, 68.225807189941406 ], [ -76.531692504882812, 68.28997802734375 ], [ -76.060562133789062, 68.296920776367188 ], [ -75.930862426757812, 68.336906433105469 ], [ -75.695571899414062, 68.326919555664062 ], [ -75.048080444335938, 68.174148559570312 ], [ -75.010566711425781, 68.142196655273438 ], [ -75.049468994140625, 68.041366577148438 ], [ -75.156967163085938, 67.965263366699219 ], [ -75.113906860351562, 67.861923217773438 ], [ -75.04473876953125, 67.812469482421875 ], [ -75.06640625, 67.695533752441406 ], [ -75.037246704101562, 67.600807189941406 ], [ -75.128067016601562, 67.486923217773438 ], [ -75.388076782226562, 67.354713439941406 ], [ -76.12640380859375, 67.252761840820312 ], [ -76.825576782226562, 67.234970092773438 ] ] ], [ [ [ -126.681396484375, 49.583049774169922 ], [ -126.944999694824219, 49.714160919189453 ], [ -126.974197387695312, 49.740261077880859 ], [ -126.859703063964844, 49.767208099365234 ], [ -126.988601684570312, 49.811378479003906 ], [ -126.768096923828125, 49.87860107421875 ], [ -126.68170166015625, 49.849990844726562 ], [ -126.613296508789062, 49.648319244384766 ], [ -126.624198913574219, 49.60137939453125 ], [ -126.681396484375, 49.583049774169922 ] ] ], [ [ [ -104.572502136230469, 68.394699096679688 ], [ -104.883102416992188, 68.449981689453125 ], [ -105.081703186035156, 68.546371459960938 ], [ -104.964698791503906, 68.580810546875 ], [ -104.682502746582031, 68.573867797851562 ], [ -104.482803344726562, 68.511642456054688 ], [ -104.427803039550781, 68.456916809082031 ], [ -104.441398620605469, 68.417213439941406 ], [ -104.572502136230469, 68.394699096679688 ] ] ], [ [ [ -74.994461059570312, 68.332748413085938 ], [ -75.029167175292969, 68.390533447265625 ], [ -75.370033264160156, 68.489700317382812 ], [ -75.416412353515625, 68.518043518066406 ], [ -75.311973571777344, 68.689697265625 ], [ -75.2247314453125, 68.706092834472656 ], [ -75.00250244140625, 68.673309326171875 ], [ -74.844467163085938, 68.51776123046875 ], [ -74.78057861328125, 68.490249633789062 ], [ -74.777252197265625, 68.459976196289062 ], [ -74.903900146484375, 68.426651000976562 ], [ -74.776687622070312, 68.410537719726562 ], [ -74.863906860351562, 68.37969970703125 ], [ -74.816116333007812, 68.369712829589844 ], [ -74.826141357421875, 68.342193603515625 ], [ -74.994461059570312, 68.332748413085938 ] ] ], [ [ [ -101.831398010253906, 68.566932678222656 ], [ -102.341697692871094, 68.678863525390625 ], [ -102.023101806640625, 68.819427490234375 ], [ -101.694198608398438, 68.768043518066406 ], [ -101.682502746582031, 68.661636352539062 ], [ -101.701698303222656, 68.63775634765625 ], [ -101.824996948242188, 68.649696350097656 ], [ -101.795303344726562, 68.628860473632812 ], [ -101.831398010253906, 68.566932678222656 ] ] ], [ [ [ -90.359619140625, 79.248550415039062 ], [ -92.412246704101562, 79.222747802734375 ], [ -92.676681518554688, 79.251373291015625 ], [ -92.603912353515625, 79.300811767578125 ], [ -91.146682739257812, 79.356369018554688 ], [ -91.120033264160156, 79.386367797851562 ], [ -91.702529907226562, 79.361358642578125 ], [ -91.864753723144531, 79.33941650390625 ], [ -92.561973571777344, 79.365806579589844 ], [ -92.533622741699219, 79.388603210449219 ], [ -92.228912353515625, 79.431373596191406 ], [ -92.259193420410156, 79.446907043457031 ], [ -92.581130981445312, 79.452186584472656 ], [ -92.854461669921875, 79.407760620117188 ], [ -92.973358154296875, 79.423576354980469 ], [ -93.045013427734375, 79.476089477539062 ], [ -93.144203186035156, 79.475807189941406 ], [ -93.008636474609375, 79.388031005859375 ], [ -93.347236633300781, 79.3388671875 ], [ -93.370033264160156, 79.351638793945312 ], [ -93.236396789550781, 79.415252685546875 ], [ -93.235023498535156, 79.435256958007812 ], [ -93.338058471679688, 79.447196960449219 ], [ -93.485313415527344, 79.354141235351562 ], [ -93.6661376953125, 79.360527038574219 ], [ -93.648353576660156, 79.329971313476562 ], [ -93.757522583007812, 79.283576965332031 ], [ -93.9697265625, 79.257476806640625 ], [ -94.206947326660156, 79.272476196289062 ], [ -94.135566711425781, 79.3388671875 ], [ -93.842239379882812, 79.389976501464844 ], [ -94.495010375976562, 79.421371459960938 ], [ -94.500312805175781, 79.37969970703125 ], [ -94.3980712890625, 79.375259399414062 ], [ -94.506973266601562, 79.337196350097656 ], [ -94.985862731933594, 79.267471313476562 ], [ -95.318626403808594, 79.332199096679688 ], [ -95.164176940917969, 79.344703674316406 ], [ -95.29583740234375, 79.379432678222656 ], [ -95.304176330566406, 79.403587341308594 ], [ -95.601959228515625, 79.384979248046875 ], [ -95.779457092285156, 79.425811767578125 ], [ -95.671951293945312, 79.439422607421875 ], [ -95.778640747070312, 79.474700927734375 ], [ -95.710281372070312, 79.495796203613281 ], [ -95.736686706542969, 79.537483215332031 ], [ -94.429176330566406, 79.663856506347656 ], [ -94.329727172851562, 79.688308715820312 ], [ -94.3577880859375, 79.7269287109375 ], [ -94.283073425292969, 79.757476806640625 ], [ -94.3355712890625, 79.780807495117188 ], [ -95.153923034667969, 79.647476196289062 ], [ -95.740859985351562, 79.641372680664062 ], [ -95.901138305664062, 79.6544189453125 ], [ -96.490837097167969, 79.836090087890625 ], [ -96.392227172851562, 79.863037109375 ], [ -96.5755615234375, 79.849983215332031 ], [ -96.615303039550781, 79.883872985839844 ], [ -96.4586181640625, 79.9144287109375 ], [ -96.391677856445312, 79.913856506347656 ], [ -96.381973266601562, 79.881637573242188 ], [ -96.138076782226562, 79.9063720703125 ], [ -96.262786865234375, 79.936920166015625 ], [ -96.556953430175781, 79.948867797851562 ], [ -96.675003051757812, 80.008323669433594 ], [ -96.676406860351562, 80.041923522949219 ], [ -96.8013916015625, 80.086906433105469 ], [ -96.7489013671875, 80.134696960449219 ], [ -96.410293579101562, 80.138870239257812 ], [ -95.672523498535156, 80.046653747558594 ], [ -94.416961669921875, 79.978866577148438 ], [ -94.414176940917969, 79.997756958007812 ], [ -94.801963806152344, 80.085823059082031 ], [ -94.510833740234375, 80.1544189453125 ], [ -94.091667175292969, 80.172470092773438 ], [ -94.57196044921875, 80.224983215332031 ], [ -94.748626708984375, 80.169418334960938 ], [ -95.263633728027344, 80.118316650390625 ], [ -95.692497253417969, 80.18109130859375 ], [ -95.496963500976562, 80.21942138671875 ], [ -95.646133422851562, 80.239700317382812 ], [ -95.922523498535156, 80.194137573242188 ], [ -96.56640625, 80.272201538085938 ], [ -96.464752197265625, 80.313026428222656 ], [ -96.681953430175781, 80.342193603515625 ], [ -96.592239379882812, 80.362762451171875 ], [ -96.232528686523438, 80.334701538085938 ], [ -96.281112670898438, 80.361923217773438 ], [ -96.047813415527344, 80.389976501464844 ], [ -95.4605712890625, 80.336906433105469 ], [ -95.498916625976562, 80.383872985839844 ], [ -96.087509155273438, 80.485260009765625 ], [ -95.904167175292969, 80.539138793945312 ], [ -96.020858764648438, 80.567466735839844 ], [ -96.0069580078125, 80.582748413085938 ], [ -94.995033264160156, 80.60302734375 ], [ -94.77197265625, 80.561370849609375 ], [ -93.866966247558594, 80.518310546875 ], [ -93.81085205078125, 80.541366577148438 ], [ -94.364753723144531, 80.61358642578125 ], [ -94.543350219726562, 80.599700927734375 ], [ -94.669723510742188, 80.657760620117188 ], [ -94.650299072265625, 80.681373596191406 ], [ -94.088363647460938, 80.701637268066406 ], [ -94.140296936035156, 80.721916198730469 ], [ -95.035858154296875, 80.768310546875 ], [ -94.857803344726562, 80.801361083984375 ], [ -94.92529296875, 80.814697265625 ], [ -95.282806396484375, 80.786087036132812 ], [ -95.501129150390625, 80.806922912597656 ], [ -95.526687622070312, 80.83331298828125 ], [ -95.150848388671875, 80.881088256835938 ], [ -95.468917846679688, 80.8902587890625 ], [ -95.460563659667969, 80.909698486328125 ], [ -95.28363037109375, 80.949981689453125 ], [ -95.241127014160156, 81.006088256835938 ], [ -94.905029296875, 81.057479858398438 ], [ -94.465301513671875, 81.015533447265625 ], [ -94.508071899414062, 80.979423522949219 ], [ -94.40863037109375, 80.965530395507812 ], [ -93.908363342285156, 81.0394287109375 ], [ -94.342132568359375, 81.109237670898438 ], [ -93.300018310546875, 81.079696655273438 ], [ -93.123611450195312, 81.115249633789062 ], [ -93.179176330566406, 81.135528564453125 ], [ -93.095863342285156, 81.154136657714844 ], [ -93.121139526367188, 81.182746887207031 ], [ -93.419456481933594, 81.219970703125 ], [ -93.928909301757812, 81.203872680664062 ], [ -94.350593566894531, 81.245529174804688 ], [ -94.391693115234375, 81.261093139648438 ], [ -94.278923034667969, 81.3419189453125 ], [ -94.068069458007812, 81.363311767578125 ], [ -93.568359375, 81.302749633789062 ], [ -93.505577087402344, 81.337753295898438 ], [ -93.565017700195312, 81.37664794921875 ], [ -93.209182739257812, 81.361358642578125 ], [ -92.181961059570312, 81.2410888671875 ], [ -91.813919067382812, 81.158309936523438 ], [ -91.781692504882812, 81.090263366699219 ], [ -91.3214111328125, 80.88275146484375 ], [ -91.121963500976562, 80.75469970703125 ], [ -90.738906860351562, 80.711639404296875 ], [ -90.593917846679688, 80.645248413085938 ], [ -90.771682739257812, 80.577476501464844 ], [ -90.741409301757812, 80.562187194824219 ], [ -90.04669189453125, 80.541641235351562 ], [ -89.762802124023438, 80.464981079101562 ], [ -89.754203796386719, 80.486358642578125 ], [ -89.825851440429688, 80.518592834472656 ], [ -89.587249755859375, 80.5455322265625 ], [ -89.326423645019531, 80.53192138671875 ], [ -89.059463500976562, 80.461357116699219 ], [ -89.257247924804688, 80.396926879882812 ], [ -89.083633422851562, 80.398323059082031 ], [ -89.105300903320312, 80.33941650390625 ], [ -89.256973266601562, 80.298576354980469 ], [ -89.251419067382812, 80.278312683105469 ], [ -89.092216491699219, 80.200813293457031 ], [ -88.563079833984375, 80.102752685546875 ], [ -88.414749145507812, 80.10498046875 ], [ -88.483352661132812, 80.13580322265625 ], [ -88.162246704101562, 80.091636657714844 ], [ -88.320297241210938, 80.175811767578125 ], [ -88.256973266601562, 80.181640625 ], [ -88.294189453125, 80.201370239257812 ], [ -88.57391357421875, 80.23248291015625 ], [ -88.703346252441406, 80.293296813964844 ], [ -88.649192810058594, 80.316650390625 ], [ -88.685287475585938, 80.37164306640625 ], [ -88.553359985351562, 80.418586730957031 ], [ -88.384193420410156, 80.443588256835938 ], [ -87.684188842773438, 80.410247802734375 ], [ -87.607803344726562, 80.324142456054688 ], [ -87.618362426757812, 80.272750854492188 ], [ -87.564193725585938, 80.191093444824219 ], [ -87.678359985351562, 80.1563720703125 ], [ -88.049186706542969, 80.125808715820312 ], [ -87.956703186035156, 80.0697021484375 ], [ -87.300018310546875, 80.069427490234375 ], [ -87.183639526367188, 80.025253295898438 ], [ -87.160293579101562, 79.994979858398438 ], [ -87.019203186035156, 79.957199096679688 ], [ -87.017242431640625, 79.941650390625 ], [ -87.471969604492188, 79.85247802734375 ], [ -87.463638305664062, 79.83135986328125 ], [ -87.003082275390625, 79.917762756347656 ], [ -86.966957092285156, 79.885528564453125 ], [ -87.064727783203125, 79.792213439941406 ], [ -87.055572509765625, 79.731918334960938 ], [ -87.144203186035156, 79.63775634765625 ], [ -87.441703796386719, 79.573867797851562 ], [ -87.462799072265625, 79.534698486328125 ], [ -87.3455810546875, 79.503036499023438 ], [ -87.263076782226562, 79.511367797851562 ], [ -87.1611328125, 79.571640014648438 ], [ -86.966690063476562, 79.601638793945312 ], [ -86.841690063476562, 79.593032836914062 ], [ -86.819747924804688, 79.576103210449219 ], [ -86.846412658691406, 79.549972534179688 ], [ -86.790023803710938, 79.538856506347656 ], [ -86.695022583007812, 79.567466735839844 ], [ -86.813346862792969, 79.611923217773438 ], [ -86.640846252441406, 79.653312683105469 ], [ -86.303092956542969, 79.64276123046875 ], [ -86.039749145507812, 79.5455322265625 ], [ -86.13446044921875, 79.523033142089844 ], [ -86.028083801269531, 79.474700927734375 ], [ -86.16058349609375, 79.463592529296875 ], [ -86.120849609375, 79.439971923828125 ], [ -86.011962890625, 79.440261840820312 ], [ -85.901138305664062, 79.49359130859375 ], [ -85.8477783203125, 79.596359252929688 ], [ -85.743637084960938, 79.616928100585938 ], [ -85.623916625976562, 79.599136352539062 ], [ -85.251129150390625, 79.394699096679688 ], [ -84.951141357421875, 79.307212829589844 ], [ -84.904190063476562, 79.276641845703125 ], [ -84.931137084960938, 79.258323669433594 ], [ -86.39752197265625, 79.079696655273438 ], [ -86.565017700195312, 79.019416809082031 ], [ -86.587799072265625, 78.98358154296875 ], [ -86.741409301757812, 78.951919555664062 ], [ -86.903350830078125, 79.009407043457031 ], [ -86.949188232421875, 79.057212829589844 ], [ -86.983352661132812, 79.056640625 ], [ -86.986968994140625, 78.949691772460938 ], [ -86.938079833984375, 78.916923522949219 ], [ -87.451141357421875, 78.728866577148438 ], [ -87.543350219726562, 78.664703369140625 ], [ -87.663093566894531, 78.642471313476562 ], [ -87.872802734375, 78.694976806640625 ], [ -88.00335693359375, 78.807212829589844 ], [ -87.946693420410156, 78.909149169921875 ], [ -87.97308349609375, 78.965263366699219 ], [ -87.813629150390625, 78.996917724609375 ], [ -87.7247314453125, 79.075813293457031 ], [ -87.753082275390625, 79.085533142089844 ], [ -88.192497253417969, 78.980262756347656 ], [ -88.2105712890625, 78.931640625 ], [ -88.186691284179688, 78.898033142089844 ], [ -88.228912353515625, 78.814422607421875 ], [ -88.130287170410156, 78.6846923828125 ], [ -88.044166564941406, 78.658576965332031 ], [ -87.890846252441406, 78.57830810546875 ], [ -87.985023498535156, 78.492202758789062 ], [ -88.205307006835938, 78.452476501464844 ], [ -88.559463500976562, 78.604141235351562 ], [ -88.788909912109375, 78.612762451171875 ], [ -88.74639892578125, 78.535812377929688 ], [ -88.552253723144531, 78.437469482421875 ], [ -88.5361328125, 78.40692138671875 ], [ -88.784736633300781, 78.16998291015625 ], [ -88.847793579101562, 78.1513671875 ], [ -89.1964111328125, 78.233871459960938 ], [ -89.53363037109375, 78.399696350097656 ], [ -89.89141845703125, 78.552749633789062 ], [ -89.956947326660156, 78.605262756347656 ], [ -90.073348999023438, 78.600250244140625 ], [ -90.100860595703125, 78.549697875976562 ], [ -89.985023498535156, 78.436080932617188 ], [ -89.7852783203125, 78.398033142089844 ], [ -89.461959838867188, 78.175537109375 ], [ -89.461936950683594, 78.158576965332031 ], [ -89.563339233398438, 78.149696350097656 ], [ -89.674179077148438, 78.217193603515625 ], [ -89.886947631835938, 78.215263366699219 ], [ -90.023361206054688, 78.298027038574219 ], [ -90.186416625976562, 78.33331298828125 ], [ -90.729446411132812, 78.326103210449219 ], [ -90.715583801269531, 78.30914306640625 ], [ -90.325576782226562, 78.271636962890625 ], [ -90.374183654785156, 78.246368408203125 ], [ -90.26751708984375, 78.186653137207031 ], [ -90.301406860351562, 78.155258178710938 ], [ -90.434188842773438, 78.136367797851562 ], [ -91.489753723144531, 78.176933288574219 ], [ -91.8577880859375, 78.239700317382812 ], [ -92.031417846679688, 78.207473754882812 ], [ -92.32391357421875, 78.287200927734375 ], [ -92.183349609375, 78.306373596191406 ], [ -92.224472045898438, 78.32525634765625 ], [ -92.45947265625, 78.302200317382812 ], [ -92.609733581542969, 78.330810546875 ], [ -92.6138916015625, 78.357192993164062 ], [ -92.920013427734375, 78.418869018554688 ], [ -92.98724365234375, 78.460250854492188 ], [ -92.966690063476562, 78.48858642578125 ], [ -93.466690063476562, 78.64581298828125 ], [ -93.3436279296875, 78.673576354980469 ], [ -93.555557250976562, 78.680816650390625 ], [ -93.813629150390625, 78.76580810546875 ], [ -93.650283813476562, 78.784698486328125 ], [ -93.163352966308594, 78.735527038574219 ], [ -93.037803649902344, 78.76580810546875 ], [ -93.996406555175781, 78.88580322265625 ], [ -94.269737243652344, 78.962196350097656 ], [ -94.263351440429688, 78.991928100585938 ], [ -93.608352661132812, 79.051651000976562 ], [ -93.460563659667969, 79.14276123046875 ], [ -93.295303344726562, 79.166923522949219 ], [ -91.9322509765625, 79.15997314453125 ], [ -90.359619140625, 79.248550415039062 ] ] ], [ [ [ -132.499496459960938, 53.159160614013672 ], [ -132.577804565429688, 53.200550079345703 ], [ -132.549697875976562, 53.231380462646484 ], [ -132.703094482421875, 53.257770538330078 ], [ -132.667495727539062, 53.282489776611328 ], [ -132.54449462890625, 53.309429168701172 ], [ -132.568603515625, 53.337490081787109 ], [ -132.74169921875, 53.314159393310547 ], [ -132.710006713867188, 53.370269775390625 ], [ -132.43359375, 53.319149017333984 ], [ -132.400299072265625, 53.330818176269531 ], [ -132.520797729492188, 53.412208557128906 ], [ -132.653106689453125, 53.431381225585938 ], [ -132.660598754882812, 53.489429473876953 ], [ -132.688400268554688, 53.448318481445312 ], [ -132.7528076171875, 53.457489013671875 ], [ -132.719192504882812, 53.490261077880859 ], [ -132.743606567382812, 53.515541076660156 ], [ -132.849197387695312, 53.461929321289062 ], [ -132.823593139648438, 53.516929626464844 ], [ -132.923599243164062, 53.519161224365234 ], [ -132.889999389648438, 53.557769775390625 ], [ -132.99169921875, 53.583049774169922 ], [ -132.953598022460938, 53.601940155029297 ], [ -132.890792846679688, 53.585540771484375 ], [ -132.882003784179688, 53.605548858642578 ], [ -133.007797241210938, 53.676380157470703 ], [ -132.92919921875, 53.684711456298828 ], [ -132.972793579101562, 53.763881683349609 ], [ -133.033599853515625, 53.752769470214844 ], [ -133.106399536132812, 53.782489776611328 ], [ -133.067001342773438, 53.820819854736328 ], [ -133.13470458984375, 53.870269775390625 ], [ -133.115005493164062, 53.940269470214844 ], [ -133.041107177734375, 54.031650543212891 ], [ -133.082000732421875, 54.102489471435547 ], [ -133.06719970703125, 54.173870086669922 ], [ -132.648101806640625, 54.141380310058594 ], [ -132.55780029296875, 54.088039398193359 ], [ -132.566696166992188, 54.029148101806641 ], [ -132.676101684570312, 53.964710235595703 ], [ -132.648101806640625, 53.947490692138672 ], [ -132.416702270507812, 54.096099853515625 ], [ -132.290603637695312, 54.110538482666016 ], [ -132.150299072265625, 53.992771148681641 ], [ -132.111099243164062, 53.878318786621094 ], [ -132.225006103515625, 53.780269622802734 ], [ -132.647201538085938, 53.691928863525391 ], [ -132.639999389648438, 53.673038482666016 ], [ -132.595001220703125, 53.672771453857422 ], [ -132.606399536132812, 53.62860107421875 ], [ -132.359207153320312, 53.669708251953125 ], [ -132.478103637695312, 53.588871002197266 ], [ -132.451400756835938, 53.582210540771484 ], [ -132.376998901367188, 53.612209320068359 ], [ -132.279205322265625, 53.623321533203125 ], [ -132.330596923828125, 53.653598785400391 ], [ -132.29949951171875, 53.669990539550781 ], [ -132.200302124023438, 53.652210235595703 ], [ -132.152496337890625, 53.706378936767578 ], [ -132.195297241210938, 53.753318786621094 ], [ -132.18609619140625, 53.78887939453125 ], [ -132.088897705078125, 53.863880157470703 ], [ -132.128402709960938, 54.0010986328125 ], [ -132.171096801757812, 54.043598175048828 ], [ -132.072494506835938, 54.022769927978516 ], [ -131.852798461914062, 54.059158325195312 ], [ -131.663406372070312, 54.123878479003906 ], [ -131.679702758789062, 54.019710540771484 ], [ -131.738906860351562, 53.923320770263672 ], [ -131.8533935546875, 53.816379547119141 ], [ -131.94000244140625, 53.519710540771484 ], [ -131.908599853515625, 53.357490539550781 ], [ -131.982192993164062, 53.251659393310547 ], [ -132.265792846679688, 53.2127685546875 ], [ -132.255599975585938, 53.193878173828125 ], [ -132.124496459960938, 53.194149017333984 ], [ -132.186996459960938, 53.160549163818359 ], [ -132.499496459960938, 53.159160614013672 ] ] ], [ [ [ -100.366996765136719, 68.710533142089844 ], [ -100.479698181152344, 68.748870849609375 ], [ -100.454200744628906, 68.788856506347656 ], [ -100.529998779296875, 68.787483215332031 ], [ -100.571998596191406, 68.754432678222656 ], [ -100.623100280761719, 68.761917114257812 ], [ -100.6260986328125, 68.912483215332031 ], [ -100.573600769042969, 68.936653137207031 ], [ -100.628097534179688, 68.991363525390625 ], [ -100.543601989746094, 69.036636352539062 ], [ -100.323600769042969, 68.99609375 ], [ -100.238899230957031, 68.924148559570312 ], [ -100.131103515625, 68.90997314453125 ], [ -100.205001831054688, 68.846649169921875 ], [ -100.172203063964844, 68.799423217773438 ], [ -100.366996765136719, 68.710533142089844 ] ] ], [ [ [ -130.406402587890625, 53.834148406982422 ], [ -130.4949951171875, 53.868881225585938 ], [ -130.343597412109375, 53.984989166259766 ], [ -130.42950439453125, 53.983051300048828 ], [ -130.475296020507812, 53.896099090576172 ], [ -130.540603637695312, 53.900539398193359 ], [ -130.602798461914062, 53.956661224365234 ], [ -130.667007446289062, 53.963871002197266 ], [ -130.698104858398438, 53.914150238037109 ], [ -130.62249755859375, 53.872211456298828 ], [ -130.630599975585938, 53.839988708496094 ], [ -130.695907592773438, 53.844440460205078 ], [ -130.723098754882812, 53.917209625244141 ], [ -130.667205810546875, 53.986930847167969 ], [ -130.411102294921875, 54.100818634033203 ], [ -130.336105346679688, 54.067489624023438 ], [ -130.233306884765625, 53.979988098144531 ], [ -130.263107299804688, 53.918048858642578 ], [ -130.344497680664062, 53.835269927978516 ], [ -130.406402587890625, 53.834148406982422 ] ] ], [ [ [ -79.238906860351562, 68.827476501464844 ], [ -79.366127014160156, 68.847747802734375 ], [ -79.400299072265625, 68.871917724609375 ], [ -79.419189453125, 68.920257568359375 ], [ -79.309463500976562, 68.973587036132812 ], [ -79.2086181640625, 69.082473754882812 ], [ -78.878631591796875, 69.136642456054688 ], [ -78.756683349609375, 69.257476806640625 ], [ -78.623916625976562, 69.256927490234375 ], [ -78.724746704101562, 69.331092834472656 ], [ -78.458633422851562, 69.389976501464844 ], [ -78.291412353515625, 69.374969482421875 ], [ -78.211410522460938, 69.299972534179688 ], [ -78.356407165527344, 69.196090698242188 ], [ -78.458908081054688, 69.221916198730469 ], [ -78.640846252441406, 69.047760009765625 ], [ -78.9344482421875, 68.888603210449219 ], [ -79.238906860351562, 68.827476501464844 ] ] ], [ [ [ -90.329742431640625, 69.235809326171875 ], [ -90.40972900390625, 69.274139404296875 ], [ -90.51141357421875, 69.35748291015625 ], [ -90.466400146484375, 69.38580322265625 ], [ -90.301963806152344, 69.434417724609375 ], [ -90.241958618164062, 69.389419555664062 ], [ -90.215560913085938, 69.441093444824219 ], [ -90.154167175292969, 69.354713439941406 ], [ -90.329742431640625, 69.235809326171875 ] ] ], [ [ [ -76.89752197265625, 69.103866577148438 ], [ -76.958908081054688, 69.142471313476562 ], [ -77.171966552734375, 69.117202758789062 ], [ -77.285842895507812, 69.153587341308594 ], [ -77.381973266601562, 69.247482299804688 ], [ -77.360023498535156, 69.39276123046875 ], [ -77.113906860351562, 69.441650390625 ], [ -76.950851440429688, 69.395248413085938 ], [ -76.723358154296875, 69.423576354980469 ], [ -76.644729614257812, 69.381362915039062 ], [ -76.676406860351562, 69.30609130859375 ], [ -76.905029296875, 69.226356506347656 ], [ -76.949462890625, 69.197479248046875 ], [ -76.858627319335938, 69.148857116699219 ], [ -76.89752197265625, 69.103866577148438 ] ] ], [ [ [ -96.14666748046875, 69.345809936523438 ], [ -96.260833740234375, 69.366928100585938 ], [ -96.652236938476562, 69.560806274414062 ], [ -96.136398315429688, 69.54608154296875 ], [ -96.096122741699219, 69.468032836914062 ], [ -96.14666748046875, 69.345809936523438 ] ] ], [ [ [ -101.218902587890625, 69.371368408203125 ], [ -101.300300598144531, 69.44219970703125 ], [ -101.228897094726562, 69.4346923828125 ], [ -101.1864013671875, 69.475250244140625 ], [ -101.384498596191406, 69.532760620117188 ], [ -101.349700927734375, 69.572479248046875 ], [ -101.261703491210938, 69.581649780273438 ], [ -101.24310302734375, 69.54248046875 ], [ -101.106697082519531, 69.540817260742188 ], [ -101.053298950195312, 69.504432678222656 ], [ -100.960296630859375, 69.47247314453125 ], [ -100.999198913574219, 69.441932678222656 ], [ -101.051399230957031, 69.458587646484375 ], [ -101.218902587890625, 69.371368408203125 ] ] ], [ [ [ -129.49139404296875, 53.209430694580078 ], [ -129.603103637695312, 53.248878479003906 ], [ -129.888900756835938, 53.468601226806641 ], [ -129.87030029296875, 53.545551300048828 ], [ -129.917007446289062, 53.615261077880859 ], [ -130.016098022460938, 53.572769165039062 ], [ -130.056396484375, 53.603870391845703 ], [ -129.965606689453125, 53.642208099365234 ], [ -130.067794799804688, 53.635269165039062 ], [ -130.283905029296875, 53.832759857177734 ], [ -130.266403198242188, 53.881378173828125 ], [ -130.175796508789062, 53.908599853515625 ], [ -129.749496459960938, 53.665821075439453 ], [ -129.523605346679688, 53.496658325195312 ], [ -129.5653076171875, 53.477210998535156 ], [ -129.42529296875, 53.430820465087891 ], [ -129.453598022460938, 53.296649932861328 ], [ -129.514205932617188, 53.308319091796875 ], [ -129.473098754882812, 53.234710693359375 ], [ -129.49139404296875, 53.209430694580078 ] ] ], [ [ [ -95.7227783203125, 69.320823669433594 ], [ -95.731948852539062, 69.373031616210938 ], [ -95.648353576660156, 69.403312683105469 ], [ -95.6944580078125, 69.540252685546875 ], [ -95.815841674804688, 69.562759399414062 ], [ -95.82305908203125, 69.514419555664062 ], [ -95.781402587890625, 69.463027954101562 ], [ -95.862228393554688, 69.348037719726562 ], [ -95.961936950683594, 69.346359252929688 ], [ -95.994171142578125, 69.383323669433594 ], [ -95.946121215820312, 69.413856506347656 ], [ -96.008346557617188, 69.468032836914062 ], [ -95.9202880859375, 69.595260620117188 ], [ -95.625839233398438, 69.6160888671875 ], [ -95.360000610351562, 69.509140014648438 ], [ -95.402511596679688, 69.383323669433594 ], [ -95.539726257324219, 69.32525634765625 ], [ -95.7227783203125, 69.320823669433594 ] ] ], [ [ [ -134.322998046875, 68.717453002929688 ], [ -134.457504272460938, 68.719146728515625 ], [ -134.467803955078125, 68.762481689453125 ], [ -134.834197998046875, 68.987472534179688 ], [ -134.914703369140625, 68.966636657714844 ], [ -135.455307006835938, 68.977752685546875 ], [ -135.529205322265625, 68.9285888671875 ], [ -135.824996948242188, 68.89581298828125 ], [ -135.99530029296875, 68.942466735839844 ], [ -135.998397827148438, 68.956916809082031 ], [ -135.921096801757812, 68.954421997070312 ], [ -135.987503051757812, 69.011917114257812 ], [ -135.9783935546875, 69.040817260742188 ], [ -135.802505493164062, 68.989433288574219 ], [ -135.704498291015625, 69.014976501464844 ], [ -135.720901489257812, 69.04608154296875 ], [ -135.93609619140625, 69.099700927734375 ], [ -135.967193603515625, 69.214706420898438 ], [ -135.926101684570312, 69.25469970703125 ], [ -135.607192993164062, 69.145248413085938 ], [ -135.852203369140625, 69.268043518066406 ], [ -135.848602294921875, 69.296920776367188 ], [ -135.732803344726562, 69.330810546875 ], [ -135.659500122070312, 69.316650390625 ], [ -135.585296630859375, 69.223312377929688 ], [ -135.55059814453125, 69.229141235351562 ], [ -135.610595703125, 69.3197021484375 ], [ -135.572006225585938, 69.338592529296875 ], [ -135.17059326171875, 69.25775146484375 ], [ -135.18609619140625, 69.286087036132812 ], [ -135.240798950195312, 69.308296203613281 ], [ -135.287200927734375, 69.419143676757812 ], [ -135.150802612304688, 69.4769287109375 ], [ -134.677505493164062, 69.480796813964844 ], [ -134.49609375, 69.441932678222656 ], [ -134.420806884765625, 69.463027954101562 ], [ -134.408401489257812, 69.491363525390625 ], [ -134.475006103515625, 69.515533447265625 ], [ -134.525604248046875, 69.50775146484375 ], [ -134.521392822265625, 69.475250244140625 ], [ -134.593902587890625, 69.509407043457031 ], [ -134.576400756835938, 69.547760009765625 ], [ -134.477798461914062, 69.538589477539062 ], [ -134.401702880859375, 69.638313293457031 ], [ -134.49310302734375, 69.715812683105469 ], [ -134.31219482421875, 69.721076965332031 ], [ -134.351394653320312, 69.668869018554688 ], [ -134.225296020507812, 69.675811767578125 ], [ -134.147003173828125, 69.635528564453125 ], [ -134.219192504882812, 69.578872680664062 ], [ -134.17950439453125, 69.587478637695312 ], [ -134.125, 69.542213439941406 ], [ -133.977798461914062, 69.528587341308594 ], [ -133.94720458984375, 69.506362915039062 ], [ -133.80560302734375, 69.5394287109375 ], [ -133.791702270507812, 69.576919555664062 ], [ -133.748397827148438, 69.542213439941406 ], [ -133.857803344726562, 69.440811157226562 ], [ -134.568099975585938, 69.106643676757812 ], [ -134.673599243164062, 69.01776123046875 ], [ -134.666702270507812, 68.956092834472656 ], [ -134.488601684570312, 68.870246887207031 ], [ -134.431106567382812, 68.792762756347656 ], [ -134.322998046875, 68.717453002929688 ] ] ], [ [ [ -78.817497253417969, 69.4527587890625 ], [ -78.874191284179688, 69.486923217773438 ], [ -78.564468383789062, 69.639686584472656 ], [ -78.392242431640625, 69.6463623046875 ], [ -78.390029907226562, 69.695533752441406 ], [ -78.3072509765625, 69.686653137207031 ], [ -78.315582275390625, 69.659698486328125 ], [ -78.235023498535156, 69.668296813964844 ], [ -78.268890380859375, 69.732192993164062 ], [ -78.142227172851562, 69.742477416992188 ], [ -77.9827880859375, 69.6947021484375 ], [ -77.946670532226562, 69.646636962890625 ], [ -78.087799072265625, 69.576919555664062 ], [ -78.817497253417969, 69.4527587890625 ] ] ], [ [ [ -79.9747314453125, 69.502197265625 ], [ -80.217239379882812, 69.52886962890625 ], [ -80.23638916015625, 69.55609130859375 ], [ -80.2086181640625, 69.618026733398438 ], [ -80.235580444335938, 69.620796203613281 ], [ -80.309188842773438, 69.557479858398438 ], [ -80.462249755859375, 69.6563720703125 ], [ -80.805023193359375, 69.697746276855469 ], [ -80.666412353515625, 69.748031616210938 ], [ -80.405029296875, 69.712753295898438 ], [ -80.4989013671875, 69.759696960449219 ], [ -80.479171752929688, 69.78997802734375 ], [ -80.206703186035156, 69.798027038574219 ], [ -80.120567321777344, 69.758590698242188 ], [ -80.153640747070312, 69.722198486328125 ], [ -80.073348999023438, 69.749687194824219 ], [ -79.8961181640625, 69.736648559570312 ], [ -79.525299072265625, 69.806922912597656 ], [ -79.442520141601562, 69.79498291015625 ], [ -79.331703186035156, 69.71331787109375 ], [ -79.342529296875, 69.693038940429688 ], [ -79.600303649902344, 69.612762451171875 ], [ -79.918350219726562, 69.603591918945312 ], [ -80.02197265625, 69.643592834472656 ], [ -80.08197021484375, 69.630538940429688 ], [ -79.938079833984375, 69.53192138671875 ], [ -79.9747314453125, 69.502197265625 ] ] ], [ [ [ -96.6077880859375, 68.457473754882812 ], [ -97.099456787109375, 68.587753295898438 ], [ -97.1219482421875, 68.566650390625 ], [ -97.094451904296875, 68.539138793945312 ], [ -97.130836486816406, 68.517471313476562 ], [ -97.475013732910156, 68.535537719726562 ], [ -97.875839233398438, 68.66552734375 ], [ -98.050003051757812, 68.694976806640625 ], [ -98.105293273925781, 68.669692993164062 ], [ -98.28167724609375, 68.746368408203125 ], [ -98.291946411132812, 68.76580810546875 ], [ -98.243057250976562, 68.811920166015625 ], [ -98.370010375976562, 68.85748291015625 ], [ -98.4202880859375, 68.829147338867188 ], [ -98.394729614257812, 68.77691650390625 ], [ -98.451133728027344, 68.749977111816406 ], [ -98.5341796875, 68.750808715820312 ], [ -98.618896484375, 68.796371459960938 ], [ -98.847503662109375, 68.825531005859375 ], [ -98.879997253417969, 68.852203369140625 ], [ -98.81195068359375, 68.910537719726562 ], [ -98.827507019042969, 68.92913818359375 ], [ -98.981117248535156, 68.950531005859375 ], [ -99.0069580078125, 68.907760620117188 ], [ -99.118057250976562, 68.92108154296875 ], [ -99.043899536132812, 68.864967346191406 ], [ -99.188606262207031, 68.824142456054688 ], [ -99.589736938476562, 69.011093139648438 ], [ -99.593612670898438, 69.0313720703125 ], [ -99.476959228515625, 69.130813598632812 ], [ -98.798072814941406, 69.1705322265625 ], [ -98.71112060546875, 69.199142456054688 ], [ -98.706947326660156, 69.261367797851562 ], [ -98.641952514648438, 69.297470092773438 ], [ -98.393623352050781, 69.308029174804688 ], [ -98.3880615234375, 69.329147338867188 ], [ -98.598068237304688, 69.430526733398438 ], [ -98.609176635742188, 69.449691772460938 ], [ -98.577507019042969, 69.479423522949219 ], [ -98.44805908203125, 69.461639404296875 ], [ -98.4364013671875, 69.479423522949219 ], [ -98.587226867675781, 69.512191772460938 ], [ -98.605293273925781, 69.535812377929688 ], [ -98.567230224609375, 69.576370239257812 ], [ -98.485572814941406, 69.58331298828125 ], [ -98.3577880859375, 69.55914306640625 ], [ -98.2489013671875, 69.484970092773438 ], [ -98.07861328125, 69.422760009765625 ], [ -98.003890991210938, 69.435806274414062 ], [ -98.368057250976562, 69.601089477539062 ], [ -98.314178466796875, 69.722198486328125 ], [ -98.21112060546875, 69.799423217773438 ], [ -98.1077880859375, 69.814697265625 ], [ -98.02362060546875, 69.8822021484375 ], [ -97.874732971191406, 69.882476806640625 ], [ -97.350852966308594, 69.710250854492188 ], [ -97.339736938476562, 69.701370239257812 ], [ -97.489463806152344, 69.673858642578125 ], [ -97.391677856445312, 69.593307495117188 ], [ -97.303886413574219, 69.69830322265625 ], [ -97.1138916015625, 69.6221923828125 ], [ -96.95556640625, 69.523323059082031 ], [ -96.218612670898438, 69.311080932617188 ], [ -96.172500610351562, 69.2652587890625 ], [ -96.25140380859375, 69.15386962890625 ], [ -96.211402893066406, 69.128036499023438 ], [ -96.235000610351562, 69.06414794921875 ], [ -96.195281982421875, 69.038307189941406 ], [ -96.118896484375, 69.025527954101562 ], [ -96.156951904296875, 69.163307189941406 ], [ -96.073623657226562, 69.231643676757812 ], [ -95.95556640625, 69.141921997070312 ], [ -95.924453735351562, 69.08941650390625 ], [ -95.978057861328125, 69.049148559570312 ], [ -95.840286254882812, 68.877197265625 ], [ -95.688606262207031, 68.873580932617188 ], [ -95.654167175292969, 68.826637268066406 ], [ -95.365303039550781, 68.899139404296875 ], [ -95.210563659667969, 68.854713439941406 ], [ -95.2630615234375, 68.802749633789062 ], [ -95.546951293945312, 68.668869018554688 ], [ -95.539169311523438, 68.723312377929688 ], [ -95.593902587890625, 68.752761840820312 ], [ -95.801681518554688, 68.733871459960938 ], [ -95.843902587890625, 68.614700317382812 ], [ -96.127792358398438, 68.563873291015625 ], [ -96.291397094726562, 68.473037719726562 ], [ -96.6077880859375, 68.457473754882812 ] ] ], [ [ [ -129.158096313476562, 53.387210845947266 ], [ -129.172195434570312, 53.423038482666016 ], [ -129.163101196289062, 53.622489929199219 ], [ -129.038604736328125, 53.686378479003906 ], [ -128.823593139648438, 53.700550079345703 ], [ -128.882003784179688, 53.612491607666016 ], [ -128.8717041015625, 53.572208404541016 ], [ -128.94140625, 53.592491149902344 ], [ -129.075607299804688, 53.51470947265625 ], [ -129.158096313476562, 53.387210845947266 ] ] ], [ [ [ -129.93170166015625, 53.158039093017578 ], [ -130.203292846679688, 53.378879547119141 ], [ -130.305801391601562, 53.384159088134766 ], [ -130.409500122070312, 53.488601684570312 ], [ -130.365798950195312, 53.532211303710938 ], [ -130.44830322265625, 53.513599395751953 ], [ -130.527297973632812, 53.552211761474609 ], [ -130.520294189453125, 53.624710083007812 ], [ -130.391098022460938, 53.616939544677734 ], [ -129.890792846679688, 53.400539398193359 ], [ -129.729202270507812, 53.215259552001953 ], [ -129.755905151367188, 53.162208557128906 ], [ -129.93170166015625, 53.158039093017578 ] ] ], [ [ [ -89.947250366210938, 76.471916198730469 ], [ -90.081703186035156, 76.484970092773438 ], [ -90.600303649902344, 76.734970092773438 ], [ -90.579452514648438, 76.766921997070312 ], [ -90.2711181640625, 76.8277587890625 ], [ -89.983078002929688, 76.836906433105469 ], [ -89.688606262207031, 76.742752075195312 ], [ -89.671966552734375, 76.698593139648438 ], [ -89.837509155273438, 76.663040161132812 ], [ -89.862518310546875, 76.59747314453125 ], [ -89.79473876953125, 76.533309936523438 ], [ -89.67169189453125, 76.504150390625 ], [ -89.808906555175781, 76.48248291015625 ], [ -89.924179077148438, 76.508033752441406 ], [ -89.947250366210938, 76.471916198730469 ] ] ], [ [ [ -62.005001068115234, 47.217769622802734 ], [ -62.0130615234375, 47.241649627685547 ], [ -61.937778472900391, 47.397769927978516 ], [ -61.535839080810547, 47.631649017333984 ], [ -61.408058166503906, 47.641101837158203 ], [ -61.454730987548828, 47.579429626464844 ], [ -61.535560607910156, 47.545818328857422 ], [ -61.471389770507812, 47.611370086669922 ], [ -61.534450531005859, 47.618881225585938 ], [ -61.855831146240234, 47.417209625244141 ], [ -61.789451599121094, 47.425819396972656 ], [ -61.724170684814453, 47.466930389404297 ], [ -61.763889312744141, 47.397491455078125 ], [ -61.829730987548828, 47.401660919189453 ], [ -61.954730987548828, 47.292758941650391 ], [ -61.962230682373047, 47.266101837158203 ], [ -61.783340454101562, 47.260540008544922 ], [ -61.851951599121094, 47.218318939208984 ], [ -62.005001068115234, 47.217769622802734 ] ] ], [ [ [ -128.7489013671875, 52.597209930419922 ], [ -128.712493896484375, 52.836929321289062 ], [ -128.644699096679688, 52.904148101806641 ], [ -128.643295288085938, 52.958881378173828 ], [ -128.677001953125, 52.9627685546875 ], [ -128.666397094726562, 52.912769317626953 ], [ -128.694198608398438, 52.892490386962891 ], [ -128.7427978515625, 52.914440155029297 ], [ -128.781402587890625, 52.734149932861328 ], [ -128.756103515625, 52.671100616455078 ], [ -128.774703979492188, 52.661098480224609 ], [ -128.801101684570312, 52.693321228027344 ], [ -128.884506225585938, 52.648040771484375 ], [ -129.032806396484375, 52.719711303710938 ], [ -129.114501953125, 52.821929931640625 ], [ -129.1199951171875, 52.869159698486328 ], [ -129.022201538085938, 52.905540466308594 ], [ -128.840896606445312, 53.029708862304688 ], [ -128.963897705078125, 53.121658325195312 ], [ -129.011703491210938, 53.13970947265625 ], [ -128.993896484375, 53.097209930419922 ], [ -128.864501953125, 53.03887939453125 ], [ -128.957199096679688, 53.008319854736328 ], [ -129.050003051757812, 52.913051605224609 ], [ -129.105804443359375, 52.904708862304688 ], [ -129.1658935546875, 52.923038482666016 ], [ -129.192001342773438, 53.007770538330078 ], [ -129.161697387695312, 53.071098327636719 ], [ -129.088104248046875, 53.086101531982422 ], [ -129.05889892578125, 53.231380462646484 ], [ -129.089797973632812, 53.287208557128906 ], [ -129.043106079101562, 53.304710388183594 ], [ -128.881393432617188, 53.279991149902344 ], [ -128.584701538085938, 53.113601684570312 ], [ -128.520599365234375, 52.959430694580078 ], [ -128.592193603515625, 52.613880157470703 ], [ -128.7489013671875, 52.597209930419922 ] ] ], [ [ [ -80.699722290039062, 52.696098327636719 ], [ -81.138076782226562, 52.788051605224609 ], [ -81.369453430175781, 52.856098175048828 ], [ -81.933326721191406, 52.9658203125 ], [ -82.061683654785156, 53.021099090576172 ], [ -81.921112060546875, 53.151660919189453 ], [ -81.664459228515625, 53.204708099365234 ], [ -81.116386413574219, 53.200820922851562 ], [ -80.775283813476562, 52.944438934326172 ], [ -80.669166564941406, 52.776931762695312 ], [ -80.699722290039062, 52.696098327636719 ] ] ], [ [ [ -128.982803344726562, 52.453041076660156 ], [ -129.008895874023438, 52.525539398193359 ], [ -129.1033935546875, 52.549430847167969 ], [ -129.292007446289062, 52.761661529541016 ], [ -129.231094360351562, 52.81610107421875 ], [ -128.931900024414062, 52.614711761474609 ], [ -128.918594360351562, 52.527488708496094 ], [ -128.943603515625, 52.469711303710938 ], [ -128.982803344726562, 52.453041076660156 ] ] ], [ [ [ -131.18060302734375, 52.121658325195312 ], [ -131.277297973632812, 52.240821838378906 ], [ -131.232192993164062, 52.161930084228516 ], [ -131.257797241210938, 52.121929168701172 ], [ -131.578094482421875, 52.375820159912109 ], [ -131.577804565429688, 52.393600463867188 ], [ -131.50360107421875, 52.391380310058594 ], [ -131.5531005859375, 52.432209014892578 ], [ -131.642807006835938, 52.451381683349609 ], [ -132.082000732421875, 52.727489471435547 ], [ -132.060302734375, 52.755260467529297 ], [ -131.917495727539062, 52.722488403320312 ], [ -131.951705932617188, 52.781101226806641 ], [ -132.077194213867188, 52.85443115234375 ], [ -132.098602294921875, 52.755260467529297 ], [ -132.12750244140625, 52.750820159912109 ], [ -132.2366943359375, 52.824710845947266 ], [ -132.225906372070312, 52.864429473876953 ], [ -132.283401489257812, 52.874710083007812 ], [ -132.347000122070312, 52.936378479003906 ], [ -132.255599975585938, 52.954708099365234 ], [ -132.141098022460938, 52.932769775390625 ], [ -132.110305786132812, 52.993038177490234 ], [ -132.419998168945312, 53.040271759033203 ], [ -132.479705810546875, 53.027210235595703 ], [ -132.55279541015625, 53.089710235595703 ], [ -132.56219482421875, 53.145259857177734 ], [ -132.088104248046875, 53.152488708496094 ], [ -131.81109619140625, 53.25360107421875 ], [ -131.69500732421875, 53.120269775390625 ], [ -131.595596313476562, 53.046100616455078 ], [ -131.986099243164062, 53.061378479003906 ], [ -131.917007446289062, 52.984710693359375 ], [ -131.87640380859375, 53.034160614013672 ], [ -131.644699096679688, 53.003879547119141 ], [ -131.598098754882812, 52.975269317626953 ], [ -131.662796020507812, 52.882209777832031 ], [ -131.802200317382812, 52.864711761474609 ], [ -131.891098022460938, 52.915538787841797 ], [ -131.982498168945312, 52.879711151123047 ], [ -131.895004272460938, 52.891929626464844 ], [ -131.836105346679688, 52.806381225585938 ], [ -131.649200439453125, 52.800540924072266 ], [ -131.8175048828125, 52.734710693359375 ], [ -131.837799072265625, 52.710819244384766 ], [ -131.733596801757812, 52.698600769042969 ], [ -131.60809326171875, 52.516929626464844 ], [ -131.498092651367188, 52.513320922851562 ], [ -131.415603637695312, 52.458049774169922 ], [ -131.447006225585938, 52.390541076660156 ], [ -131.391403198242188, 52.390819549560547 ], [ -131.397201538085938, 52.353038787841797 ], [ -131.350906372070312, 52.363601684570312 ], [ -131.358306884765625, 52.414150238037109 ], [ -131.255599975585938, 52.440269470214844 ], [ -131.239501953125, 52.422489166259766 ], [ -131.297195434570312, 52.386100769042969 ], [ -131.30419921875, 52.356658935546875 ], [ -131.253402709960938, 52.368320465087891 ], [ -131.263107299804688, 52.342769622802734 ], [ -131.347503662109375, 52.350818634033203 ], [ -131.328292846679688, 52.284988403320312 ], [ -131.227005004882812, 52.251930236816406 ], [ -131.211105346679688, 52.302761077880859 ], [ -131.147003173828125, 52.313320159912109 ], [ -131.089996337890625, 52.282211303710938 ], [ -131.089401245117188, 52.249149322509766 ], [ -131.18170166015625, 52.232208251953125 ], [ -131.021392822265625, 52.228870391845703 ], [ -131.005294799804688, 52.206661224365234 ], [ -131.036407470703125, 52.170818328857422 ], [ -131.113906860351562, 52.167758941650391 ], [ -131.18060302734375, 52.121658325195312 ] ] ], [ [ [ -128.441696166992188, 52.368038177490234 ], [ -128.467803955078125, 52.393039703369141 ], [ -128.394195556640625, 52.464988708496094 ], [ -128.428298950195312, 52.516101837158203 ], [ -128.44140625, 52.665821075439453 ], [ -128.373397827148438, 52.791099548339844 ], [ -128.285003662109375, 52.468040466308594 ], [ -128.365798950195312, 52.382209777832031 ], [ -128.441696166992188, 52.368038177490234 ] ] ], [ [ [ -100.224700927734375, 70.456649780273438 ], [ -100.472801208496094, 70.496368408203125 ], [ -100.662803649902344, 70.554702758789062 ], [ -100.681396484375, 70.573028564453125 ], [ -100.662002563476562, 70.633033752441406 ], [ -100.709999084472656, 70.6785888671875 ], [ -100.461097717285156, 70.65997314453125 ], [ -100.192497253417969, 70.577186584472656 ], [ -100.357803344726562, 70.590263366699219 ], [ -100.369697570800781, 70.571090698242188 ], [ -100.224700927734375, 70.456649780273438 ] ] ], [ [ [ -127.870796203613281, 51.944709777832031 ], [ -127.894699096679688, 51.956100463867188 ], [ -127.87969970703125, 52.084991455078125 ], [ -127.753303527832031, 52.245819091796875 ], [ -127.516700744628906, 52.304439544677734 ], [ -127.362800598144531, 52.403881072998047 ], [ -127.239997863769531, 52.420551300048828 ], [ -127.207801818847656, 52.344711303710938 ], [ -127.24749755859375, 52.301929473876953 ], [ -127.650299072265625, 52.135540008544922 ], [ -127.708099365234375, 51.988319396972656 ], [ -127.870796203613281, 51.944709777832031 ] ] ], [ [ [ -105.36419677734375, 72.863861083984375 ], [ -105.98809814453125, 73.169418334960938 ], [ -106.101402282714844, 73.189697265625 ], [ -106.044403076171875, 73.21942138671875 ], [ -106.18170166015625, 73.264976501464844 ], [ -106.157501220703125, 73.285812377929688 ], [ -106.466102600097656, 73.4013671875 ], [ -107.016998291015625, 73.472747802734375 ], [ -107.018302917480469, 73.504966735839844 ], [ -106.658096313476562, 73.69525146484375 ], [ -106.205596923828125, 73.734153747558594 ], [ -105.726699829101562, 73.728591918945312 ], [ -105.535301208496094, 73.76275634765625 ], [ -105.148597717285156, 73.754150390625 ], [ -104.489700317382812, 73.52691650390625 ], [ -104.575599670410156, 73.453872680664062 ], [ -104.548599243164062, 73.414703369140625 ], [ -104.649200439453125, 73.280807495117188 ], [ -105.198898315429688, 72.938873291015625 ], [ -105.323898315429688, 72.914703369140625 ], [ -105.204200744628906, 72.864151000976562 ], [ -105.36419677734375, 72.863861083984375 ] ] ], [ [ [ -103.700599670410156, 76.30413818359375 ], [ -104.334999084472656, 76.318588256835938 ], [ -104.375801086425781, 76.348312377929688 ], [ -104.329696655273438, 76.3580322265625 ], [ -104.36669921875, 76.38775634765625 ], [ -104.460899353027344, 76.3902587890625 ], [ -104.391998291015625, 76.421653747558594 ], [ -104.391098022460938, 76.461090087890625 ], [ -104.658897399902344, 76.545806884765625 ], [ -104.68280029296875, 76.59747314453125 ], [ -104.134201049804688, 76.669418334960938 ], [ -103.922500610351562, 76.633590698242188 ], [ -104.052001953125, 76.568862915039062 ], [ -103.878898620605469, 76.573593139648438 ], [ -103.826400756835938, 76.618316650390625 ], [ -103.559402465820312, 76.563873291015625 ], [ -103.591697692871094, 76.5313720703125 ], [ -103.008102416992188, 76.441650390625 ], [ -103.011100769042969, 76.423309326171875 ], [ -103.259201049804688, 76.342193603515625 ], [ -103.700599670410156, 76.30413818359375 ] ] ], [ [ [ -61.161949157714844, 45.552211761474609 ], [ -61.210010528564453, 45.606929779052734 ], [ -61.278060913085938, 45.57550048828125 ], [ -61.322261810302734, 45.589801788330078 ], [ -61.448890686035156, 45.696929931640625 ], [ -61.54888916015625, 46.019710540771484 ], [ -61.438899993896484, 46.159431457519531 ], [ -61.218898773193359, 46.31610107421875 ], [ -60.873889923095703, 46.793048858642578 ], [ -60.704730987548828, 46.891380310058594 ], [ -60.640281677246094, 46.999988555908203 ], [ -60.591949462890625, 47.033329010009766 ], [ -60.488899230957031, 46.994159698486328 ], [ -60.398059844970703, 47.023319244384766 ], [ -60.382511138916016, 47.002208709716797 ], [ -60.498069763183594, 46.896648406982422 ], [ -60.309459686279297, 46.851100921630859 ], [ -60.347240447998047, 46.685550689697266 ], [ -60.3961181640625, 46.665821075439453 ], [ -60.345840454101562, 46.610820770263672 ], [ -60.5513916015625, 46.254989624023438 ], [ -60.479728698730469, 46.311100006103516 ], [ -60.424449920654297, 46.331661224365234 ], [ -60.418060302734375, 46.285820007324219 ], [ -60.616119384765625, 46.120819091796875 ], [ -60.863620758056641, 46.052490234375 ], [ -61.113338470458984, 45.955268859863281 ], [ -61.096118927001953, 45.925270080566406 ], [ -60.993339538574219, 45.941379547119141 ], [ -60.886959075927734, 46.031101226806641 ], [ -60.743061065673828, 46.061649322509766 ], [ -60.734180450439453, 46.047489166259766 ], [ -60.865558624267578, 45.914710998535156 ], [ -61.08612060546875, 45.867771148681641 ], [ -61.094730377197266, 45.850269317626953 ], [ -60.963340759277344, 45.857769012451172 ], [ -60.983058929443359, 45.813320159912109 ], [ -61.118061065673828, 45.763599395751953 ], [ -61.149448394775391, 45.699710845947266 ], [ -61.071121215820312, 45.689990997314453 ], [ -60.942218780517578, 45.749988555908203 ], [ -60.873069763183594, 45.747489929199219 ], [ -60.801120758056641, 45.711650848388672 ], [ -60.813899993896484, 45.665538787841797 ], [ -60.728618621826172, 45.711380004882812 ], [ -60.7489013671875, 45.741939544677734 ], [ -60.719730377197266, 45.788318634033203 ], [ -60.414730072021484, 45.975551605224609 ], [ -60.426948547363281, 45.985538482666016 ], [ -60.686389923095703, 45.886928558349609 ], [ -60.788619995117188, 45.929439544677734 ], [ -60.691390991210938, 46.001930236816406 ], [ -60.299999237060547, 46.214988708496094 ], [ -60.3961181640625, 46.213039398193359 ], [ -60.605831146240234, 46.074710845947266 ], [ -60.652240753173828, 46.063880920410156 ], [ -60.54888916015625, 46.168880462646484 ], [ -60.360000610351562, 46.304988861083984 ], [ -60.2852783203125, 46.321380615234375 ], [ -60.203350067138672, 46.235271453857422 ], [ -60.289459228515625, 46.154708862304688 ], [ -60.199180603027344, 46.143600463867188 ], [ -60.194450378417969, 46.202770233154297 ], [ -60.1380615234375, 46.246658325195312 ], [ -60.041679382324219, 46.227771759033203 ], [ -60.084171295166016, 46.20220947265625 ], [ -59.9586181640625, 46.204429626464844 ], [ -59.941390991210938, 46.151660919189453 ], [ -59.823890686035156, 46.167209625244141 ], [ -59.8880615234375, 46.093879699707031 ], [ -59.80889892578125, 46.111930847167969 ], [ -59.898609161376953, 46.041660308837891 ], [ -59.954170227050781, 46.032768249511719 ], [ -59.953060150146484, 46.006938934326172 ], [ -59.830291748046875, 46.000820159912109 ], [ -59.799739837646484, 45.942760467529297 ], [ -60.130290985107422, 45.867771148681641 ], [ -60.141670227050781, 45.832489013671875 ], [ -60.071670532226562, 45.812770843505859 ], [ -60.088340759277344, 45.783599853515625 ], [ -60.174449920654297, 45.763881683349609 ], [ -60.374168395996094, 45.647209167480469 ], [ -60.718891143798828, 45.565269470214844 ], [ -60.930011749267578, 45.621658325195312 ], [ -61.161949157714844, 45.552211761474609 ] ] ], [ [ [ -79.611953735351562, 51.914440155029297 ], [ -79.652786254882812, 51.981098175048828 ], [ -79.629730224609375, 52.022209167480469 ], [ -79.538619995117188, 52.023319244384766 ], [ -79.297500610351562, 52.091930389404297 ], [ -79.253067016601562, 52.071380615234375 ], [ -79.322242736816406, 52.031650543212891 ], [ -79.319732666015625, 51.969989776611328 ], [ -79.376678466796875, 51.936100006103516 ], [ -79.611953735351562, 51.914440155029297 ] ] ], [ [ [ -128.109695434570312, 51.743598937988281 ], [ -128.139205932617188, 51.751659393310547 ], [ -128.132003784179688, 51.851650238037109 ], [ -128.24249267578125, 51.858318328857422 ], [ -128.234207153320312, 51.901931762695312 ], [ -128.194503784179688, 51.922771453857422 ], [ -128.222198486328125, 51.953319549560547 ], [ -128.150802612304688, 52.035259246826172 ], [ -127.995796203613281, 52.062770843505859 ], [ -127.952796936035156, 52.048320770263672 ], [ -128.031692504882812, 51.826648712158203 ], [ -128.0072021484375, 51.782489776611328 ], [ -128.109695434570312, 51.743598937988281 ] ] ], [ [ [ -98.7972412109375, 79.673576354980469 ], [ -98.9364013671875, 79.719703674316406 ], [ -99.3013916015625, 79.75469970703125 ], [ -99.3336181640625, 79.80303955078125 ], [ -99.29583740234375, 79.83331298828125 ], [ -99.525283813476562, 79.883590698242188 ], [ -100.070297241210938, 79.876922607421875 ], [ -100.170600891113281, 79.921920776367188 ], [ -100.127799987792969, 79.961906433105469 ], [ -100.192497253417969, 80.028030395507812 ], [ -100.065597534179688, 80.089981079101562 ], [ -99.7327880859375, 80.150527954101562 ], [ -99.110580444335938, 80.130538940429688 ], [ -98.78558349609375, 80.021636962890625 ], [ -98.706123352050781, 79.965812683105469 ], [ -98.779190063476562, 79.902763366699219 ], [ -98.650009155273438, 79.818038940429688 ], [ -98.64862060546875, 79.783576965332031 ], [ -98.7972412109375, 79.673576354980469 ] ] ], [ [ [ -62.7469482421875, 45.948318481445312 ], [ -62.919719696044922, 46.029430389404297 ], [ -62.886119842529297, 46.057491302490234 ], [ -63.026950836181641, 46.056659698486328 ], [ -62.891941070556641, 46.153598785400391 ], [ -62.950569152832031, 46.126930236816406 ], [ -62.954730987548828, 46.151371002197266 ], [ -62.929168701171875, 46.178321838378906 ], [ -62.978340148925781, 46.196929931640625 ], [ -63.103889465332031, 46.201930999755859 ], [ -63.024169921875, 46.290271759033203 ], [ -62.962779998779297, 46.319988250732422 ], [ -63.272781372070312, 46.200820922851562 ], [ -63.143619537353516, 46.201648712158203 ], [ -63.140560150146484, 46.186378479003906 ], [ -63.2247314453125, 46.13970947265625 ], [ -63.455280303955078, 46.194709777832031 ], [ -63.799728393554688, 46.320270538330078 ], [ -63.807510375976562, 46.370540618896484 ], [ -63.738899230957031, 46.385818481445312 ], [ -63.930011749267578, 46.424991607666016 ], [ -64.114463806152344, 46.404991149902344 ], [ -64.133056640625, 46.433319091796875 ], [ -64.0694580078125, 46.631099700927734 ], [ -64.387786865234375, 46.620819091796875 ], [ -64.415863037109375, 46.670551300048828 ], [ -64.404167175292969, 46.721931457519531 ], [ -63.998889923095703, 47.061649322509766 ], [ -63.985000610351562, 47.036651611328125 ], [ -64.028060913085938, 46.821380615234375 ], [ -64.091690063476562, 46.778598785400391 ], [ -64.067520141601562, 46.749149322509766 ], [ -63.966670989990234, 46.708881378173828 ], [ -63.882228851318359, 46.645549774169922 ], [ -63.880279541015625, 46.614158630371094 ], [ -63.850559234619141, 46.627208709716797 ], [ -63.833629608154297, 46.577491760253906 ], [ -63.944728851318359, 46.484989166259766 ], [ -63.831668853759766, 46.516380310058594 ], [ -63.827510833740234, 46.47637939453125 ], [ -63.742500305175781, 46.439430236816406 ], [ -63.698329925537109, 46.456378936767578 ], [ -63.740009307861328, 46.496101379394531 ], [ -63.716388702392578, 46.553878784179688 ], [ -63.647510528564453, 46.567211151123047 ], [ -63.490840911865234, 46.524711608886719 ], [ -63.459171295166016, 46.465549468994141 ], [ -63.424728393554688, 46.489711761474609 ], [ -63.339168548583984, 46.497211456298828 ], [ -63.2388916015625, 46.399711608886719 ], [ -63.210838317871094, 46.429149627685547 ], [ -62.678619384765625, 46.446098327636719 ], [ -62.463069915771484, 46.478321075439453 ], [ -61.965011596679688, 46.453319549560547 ], [ -62.17333984375, 46.349430084228516 ], [ -62.357780456542969, 46.355819702148438 ], [ -62.335010528564453, 46.311939239501953 ], [ -62.494998931884766, 46.271381378173828 ], [ -62.428890228271484, 46.243598937988281 ], [ -62.419719696044922, 46.219989776611328 ], [ -62.585559844970703, 46.232208251953125 ], [ -62.568340301513672, 46.186649322509766 ], [ -62.513889312744141, 46.142208099365234 ], [ -62.473060607910156, 46.1502685546875 ], [ -62.446949005126953, 46.090549468994141 ], [ -62.573890686035156, 46.034709930419922 ], [ -62.454730987548828, 46.018878936767578 ], [ -62.4969482421875, 45.983879089355469 ], [ -62.7469482421875, 45.948318481445312 ] ] ], [ [ [ -103.235801696777344, 76.046653747558594 ], [ -103.869697570800781, 76.047470092773438 ], [ -104.391098022460938, 76.07830810546875 ], [ -104.478302001953125, 76.13580322265625 ], [ -104.454200744628906, 76.1644287109375 ], [ -103.87640380859375, 76.248580932617188 ], [ -102.652198791503906, 76.287750244140625 ], [ -102.531097412109375, 76.223312377929688 ], [ -102.583900451660156, 76.18359375 ], [ -102.529197692871094, 76.153587341308594 ], [ -103.235801696777344, 76.046653747558594 ] ] ], [ [ [ -127.904403686523438, 51.414710998535156 ], [ -128.0653076171875, 51.464160919189453 ], [ -128.152801513671875, 51.638050079345703 ], [ -128.013107299804688, 51.721370697021484 ], [ -127.998100280761719, 51.711650848388672 ], [ -127.87359619140625, 51.464431762695312 ], [ -127.904403686523438, 51.414710998535156 ] ] ], [ [ [ -120.378097534179688, 75.806640625 ], [ -120.466903686523438, 75.821090698242188 ], [ -120.489700317382812, 75.849983215332031 ], [ -120.384498596191406, 75.967758178710938 ], [ -120.467498779296875, 76.012191772460938 ], [ -120.593902587890625, 75.97802734375 ], [ -120.716102600097656, 76.024406433105469 ], [ -120.731101989746094, 76.057746887207031 ], [ -120.648597717285156, 76.099700927734375 ], [ -120.74639892578125, 76.0938720703125 ], [ -120.74310302734375, 76.117752075195312 ], [ -120.659202575683594, 76.142471313476562 ], [ -120.857200622558594, 76.196640014648438 ], [ -120.956398010253906, 76.177749633789062 ], [ -121.012496948242188, 76.139137268066406 ], [ -121.022796630859375, 76.05914306640625 ], [ -120.931999206542969, 75.959976196289062 ], [ -120.999496459960938, 75.939697265625 ], [ -121.011100769042969, 75.970809936523438 ], [ -120.999198913574219, 75.994422912597656 ], [ -121.259498596191406, 75.96441650390625 ], [ -121.285003662109375, 75.90997314453125 ], [ -121.848098754882812, 76.039703369140625 ], [ -122.134201049804688, 76.036361694335938 ], [ -122.126701354980469, 75.98052978515625 ], [ -122.416397094726562, 75.9285888671875 ], [ -122.676101684570312, 75.951637268066406 ], [ -122.728897094726562, 75.973037719726562 ], [ -122.576400756835938, 76.007476806640625 ], [ -122.580001831054688, 76.023323059082031 ], [ -122.471099853515625, 76.110260009765625 ], [ -122.589698791503906, 76.134696960449219 ], [ -122.5625, 76.154693603515625 ], [ -122.62030029296875, 76.174423217773438 ], [ -122.842201232910156, 76.148590087890625 ], [ -122.842796325683594, 76.131088256835938 ], [ -123.005599975585938, 76.093582153320312 ], [ -122.94219970703125, 76.182212829589844 ], [ -122.858596801757812, 76.17803955078125 ], [ -122.842796325683594, 76.227203369140625 ], [ -122.651702880859375, 76.257476806640625 ], [ -122.62640380859375, 76.336357116699219 ], [ -122.24639892578125, 76.409416198730469 ], [ -121.550003051757812, 76.4346923828125 ], [ -121.4219970703125, 76.49359130859375 ], [ -121.412002563476562, 76.553863525390625 ], [ -121.226402282714844, 76.612762451171875 ], [ -121.214698791503906, 76.66802978515625 ], [ -120.419700622558594, 76.793296813964844 ], [ -120.365303039550781, 76.836090087890625 ], [ -120.428596496582031, 76.862762451171875 ], [ -119.389198303222656, 77.184417724609375 ], [ -119.295799255371094, 77.276641845703125 ], [ -119.153297424316406, 77.325813293457031 ], [ -118.651100158691406, 77.360527038574219 ], [ -117.512802124023438, 77.33331298828125 ], [ -117.007797241210938, 77.294143676757812 ], [ -117.105598449707031, 77.339981079101562 ], [ -117.181999206542969, 77.340263366699219 ], [ -117.142799377441406, 77.361358642578125 ], [ -116.848297119140625, 77.315811157226562 ], [ -116.651702880859375, 77.377761840820312 ], [ -116.662803649902344, 77.391647338867188 ], [ -116.994697570800781, 77.394416809082031 ], [ -117.153099060058594, 77.451637268066406 ], [ -116.416900634765625, 77.556922912597656 ], [ -115.49530029296875, 77.359420776367188 ], [ -115.389198303222656, 77.312187194824219 ], [ -115.877799987792969, 77.215263366699219 ], [ -116.390602111816406, 77.139976501464844 ], [ -116.242500305175781, 77.044143676757812 ], [ -115.754997253417969, 76.960823059082031 ], [ -115.746101379394531, 76.925262451171875 ], [ -115.853302001953125, 76.897201538085938 ], [ -116.327201843261719, 76.935531616210938 ], [ -116.355598449707031, 76.903312683105469 ], [ -115.969200134277344, 76.756362915039062 ], [ -115.894699096679688, 76.70330810546875 ], [ -116.093101501464844, 76.619140625 ], [ -116.994697570800781, 76.545806884765625 ], [ -117.072799682617188, 76.503036499023438 ], [ -116.983596801757812, 76.454971313476562 ], [ -117.00250244140625, 76.431922912597656 ], [ -116.9375, 76.3580322265625 ], [ -117.095596313476562, 76.295257568359375 ], [ -117.345596313476562, 76.256362915039062 ], [ -117.574996948242188, 76.26885986328125 ], [ -118.05999755859375, 76.409149169921875 ], [ -117.990798950195312, 76.462478637695312 ], [ -118.027496337890625, 76.484703063964844 ], [ -117.904197692871094, 76.528312683105469 ], [ -117.953903198242188, 76.562759399414062 ], [ -117.973297119140625, 76.596359252929688 ], [ -117.904197692871094, 76.630538940429688 ], [ -117.928298950195312, 76.676651000976562 ], [ -117.74749755859375, 76.766082763671875 ], [ -117.738601684570312, 76.784149169921875 ], [ -117.816703796386719, 76.821372985839844 ], [ -117.888099670410156, 76.818862915039062 ], [ -117.960601806640625, 76.769973754882812 ], [ -118.319503784179688, 76.773033142089844 ], [ -118.325302124023438, 76.751922607421875 ], [ -118.30419921875, 76.717483520507812 ], [ -118.495002746582031, 76.712196350097656 ], [ -118.29949951171875, 76.563583374023438 ], [ -118.546096801757812, 76.499977111816406 ], [ -118.874198913574219, 76.52581787109375 ], [ -118.968101501464844, 76.5052490234375 ], [ -118.955299377441406, 76.4830322265625 ], [ -118.697799682617188, 76.449417114257812 ], [ -118.594200134277344, 76.383872985839844 ], [ -118.56610107421875, 76.343032836914062 ], [ -118.637496948242188, 76.288040161132812 ], [ -118.876701354980469, 76.277481079101562 ], [ -118.936698913574219, 76.217193603515625 ], [ -118.886398315429688, 76.17803955078125 ], [ -119.075798034667969, 76.08331298828125 ], [ -119.24530029296875, 76.111358642578125 ], [ -119.308296203613281, 76.149978637695312 ], [ -119.295303344726562, 76.186080932617188 ], [ -119.456100463867188, 76.255538940429688 ], [ -119.481903076171875, 76.35498046875 ], [ -119.713897705078125, 76.331649780273438 ], [ -119.659698486328125, 76.308868408203125 ], [ -119.658302307128906, 76.26885986328125 ], [ -119.705001831054688, 76.262191772460938 ], [ -119.572799682617188, 76.186370849609375 ], [ -119.572799682617188, 76.163040161132812 ], [ -119.692001342773438, 76.162483215332031 ], [ -119.6719970703125, 76.1402587890625 ], [ -119.552803039550781, 76.117752075195312 ], [ -119.793098449707031, 76.114433288574219 ], [ -119.503898620605469, 76.040817260742188 ], [ -119.473899841308594, 76.018592834472656 ], [ -119.481101989746094, 75.970809936523438 ], [ -119.63690185546875, 75.992202758789062 ], [ -119.703300476074219, 75.9427490234375 ], [ -119.606903076171875, 75.911087036132812 ], [ -119.721900939941406, 75.905258178710938 ], [ -119.769996643066406, 75.879150390625 ], [ -120.025802612304688, 75.839981079101562 ], [ -120.149200439453125, 75.8963623046875 ], [ -120.269699096679688, 75.821907043457031 ], [ -120.378097534179688, 75.806640625 ] ] ], [ [ [ -79.403923034667969, 75.80413818359375 ], [ -79.59307861328125, 75.81719970703125 ], [ -79.567253112792969, 75.845809936523438 ], [ -79.745033264160156, 75.87969970703125 ], [ -79.597236633300781, 75.902481079101562 ], [ -79.456703186035156, 75.9830322265625 ], [ -78.893081665039062, 76.11553955078125 ], [ -78.798080444335938, 76.086357116699219 ], [ -78.845863342285156, 76.047470092773438 ], [ -79.144737243652344, 75.975250244140625 ], [ -79.176406860351562, 75.9527587890625 ], [ -79.168327331542969, 75.931922912597656 ], [ -78.881683349609375, 75.853317260742188 ], [ -79.067787170410156, 75.840263366699219 ], [ -79.021682739257812, 75.867477416992188 ], [ -79.3194580078125, 75.873580932617188 ], [ -79.420303344726562, 75.848037719726562 ], [ -79.403923034667969, 75.80413818359375 ] ] ], [ [ [ -112.427696228027344, 76.166313171386719 ], [ -112.526100158691406, 76.110527038574219 ], [ -112.413398742675781, 76.04248046875 ], [ -111.763900756835938, 75.946907043457031 ], [ -111.726699829101562, 75.915817260742188 ], [ -111.777496337890625, 75.894699096679688 ], [ -112.052200317382812, 75.878036499023438 ], [ -112.186996459960938, 75.844970703125 ], [ -112.225601196289062, 75.811080932617188 ], [ -111.580001831054688, 75.813873291015625 ], [ -111.439201354980469, 75.7763671875 ], [ -111.451698303222656, 75.742202758789062 ], [ -111.355300903320312, 75.72442626953125 ], [ -111.408302307128906, 75.620796203613281 ], [ -111.271400451660156, 75.522476196289062 ], [ -110.495597839355469, 75.569137573242188 ], [ -110.19580078125, 75.538589477539062 ], [ -109.253898620605469, 75.514137268066406 ], [ -108.899398803710938, 75.476356506347656 ], [ -108.92449951171875, 75.523857116699219 ], [ -109.026702880859375, 75.5535888671875 ], [ -108.836097717285156, 75.612762451171875 ], [ -108.973297119140625, 75.715263366699219 ], [ -109.69830322265625, 75.839981079101562 ], [ -109.657203674316406, 75.866363525390625 ], [ -109.938301086425781, 75.856918334960938 ], [ -110.024696350097656, 75.900527954101562 ], [ -109.409202575683594, 76.0072021484375 ], [ -109.421401977539062, 76.035812377929688 ], [ -109.280799865722656, 76.0394287109375 ], [ -109.380302429199219, 76.081649780273438 ], [ -109.305000305175781, 76.100540161132812 ], [ -109.521697998046875, 76.18109130859375 ], [ -109.834197998046875, 76.236076354980469 ], [ -109.887802124023438, 76.204696655273438 ], [ -110.201698303222656, 76.285537719726562 ], [ -110.372802734375, 76.294418334960938 ], [ -110.361396789550781, 76.372756958007812 ], [ -110.385002136230469, 76.42108154296875 ], [ -109.766998291015625, 76.501373291015625 ], [ -109.724197387695312, 76.531646728515625 ], [ -109.847198486328125, 76.532470703125 ], [ -109.522499084472656, 76.685531616210938 ], [ -109.454696655273438, 76.73248291015625 ], [ -109.183097839355469, 76.819427490234375 ], [ -108.918899536132812, 76.809417724609375 ], [ -108.788597106933594, 76.857192993164062 ], [ -108.655601501464844, 76.817466735839844 ], [ -108.692497253417969, 76.769973754882812 ], [ -108.503898620605469, 76.756088256835938 ], [ -108.446403503417969, 76.723587036132812 ], [ -108.442001342773438, 76.696372985839844 ], [ -108.565597534179688, 76.641647338867188 ], [ -108.704200744628906, 76.6463623046875 ], [ -108.703598022460938, 76.623031616210938 ], [ -108.627197265625, 76.575531005859375 ], [ -108.528900146484375, 76.553863525390625 ], [ -108.628303527832031, 76.51776123046875 ], [ -108.530601501464844, 76.515533447265625 ], [ -108.590301513671875, 76.481918334960938 ], [ -108.481903076171875, 76.455810546875 ], [ -108.610000610351562, 76.4285888671875 ], [ -108.607498168945312, 76.410537719726562 ], [ -108.328903198242188, 76.396636962890625 ], [ -108.077499389648438, 76.280532836914062 ], [ -108.231399536132812, 76.249153137207031 ], [ -108.093101501464844, 76.226638793945312 ], [ -108.331398010253906, 76.181922912597656 ], [ -108.456703186035156, 76.099136352539062 ], [ -108.384201049804688, 76.086639404296875 ], [ -108.464401245117188, 76.037200927734375 ], [ -107.884696960449219, 76.061920166015625 ], [ -107.659698486328125, 76.00469970703125 ], [ -107.633102416992188, 75.981369018554688 ], [ -108.014999389648438, 75.832199096679688 ], [ -108.024200439453125, 75.783859252929688 ], [ -107.893302917480469, 75.793296813964844 ], [ -107.721702575683594, 75.880538940429688 ], [ -107.234199523925781, 75.908042907714844 ], [ -107.048301696777344, 75.890533447265625 ], [ -107.105003356933594, 75.834701538085938 ], [ -106.951103210449219, 75.747482299804688 ], [ -106.963096618652344, 75.7027587890625 ], [ -106.901702880859375, 75.649139404296875 ], [ -106.888099670410156, 75.66748046875 ], [ -106.896697998046875, 75.720260620117188 ], [ -106.830596923828125, 75.785812377929688 ], [ -106.615798950195312, 75.797203063964844 ], [ -106.870002746582031, 75.824981689453125 ], [ -106.893302917480469, 75.947479248046875 ], [ -106.638900756835938, 76.05303955078125 ], [ -106.316703796386719, 76.052467346191406 ], [ -105.837196350097656, 75.996917724609375 ], [ -105.606399536132812, 75.9346923828125 ], [ -105.453300476074219, 75.841636657714844 ], [ -105.388298034667969, 75.6563720703125 ], [ -105.49639892578125, 75.555252075195312 ], [ -105.740798950195312, 75.494979858398438 ], [ -105.592796325683594, 75.467483520507812 ], [ -105.714202880859375, 75.416366577148438 ], [ -105.646400451660156, 75.365249633789062 ], [ -105.875297546386719, 75.271087646484375 ], [ -105.92919921875, 75.197746276855469 ], [ -105.844200134277344, 75.183296203613281 ], [ -105.885299682617188, 75.1402587890625 ], [ -106.05169677734375, 75.117477416992188 ], [ -106.079498291015625, 75.096916198730469 ], [ -105.99420166015625, 75.062187194824219 ], [ -106.235298156738281, 75.0213623046875 ], [ -106.862503051757812, 74.960823059082031 ], [ -107.006103515625, 74.922470092773438 ], [ -107.464202880859375, 74.934417724609375 ], [ -107.716697692871094, 75.010528564453125 ], [ -107.679496765136719, 75.048576354980469 ], [ -107.771697998046875, 75.095542907714844 ], [ -107.739700317382812, 75.04302978515625 ], [ -108.016403198242188, 74.948593139648438 ], [ -107.942001342773438, 74.930816650390625 ], [ -108.391700744628906, 74.910537719726562 ], [ -108.518898010253906, 74.97442626953125 ], [ -108.530601501464844, 75.005538940429688 ], [ -108.794700622558594, 75.069137573242188 ], [ -108.927803039550781, 75.051933288574219 ], [ -109.014999389648438, 74.984703063964844 ], [ -109.345802307128906, 74.9447021484375 ], [ -109.508102416992188, 74.866363525390625 ], [ -110.673103332519531, 74.77886962890625 ], [ -110.586898803710938, 74.718582153320312 ], [ -111.140296936035156, 74.590530395507812 ], [ -112.087196350097656, 74.452186584472656 ], [ -112.753097534179688, 74.4013671875 ], [ -113.406097412109375, 74.413307189941406 ], [ -114.041900634765625, 74.528312683105469 ], [ -114.361396789550781, 74.623580932617188 ], [ -114.443603515625, 74.664138793945312 ], [ -114.419700622558594, 74.698028564453125 ], [ -114.010299682617188, 74.79052734375 ], [ -113.320602416992188, 74.856086730957031 ], [ -113.219703674316406, 74.843582153320312 ], [ -113.219703674316406, 74.861648559570312 ], [ -113.287200927734375, 74.886367797851562 ], [ -112.700302124023438, 74.981643676757812 ], [ -111.792198181152344, 74.988037109375 ], [ -111.551399230957031, 75.011367797851562 ], [ -111.484199523925781, 75.040817260742188 ], [ -111.56719970703125, 75.060256958007812 ], [ -111.328102111816406, 75.07025146484375 ], [ -111.304702758789062, 75.096359252929688 ], [ -110.920600891113281, 75.223587036132812 ], [ -110.956703186035156, 75.24609375 ], [ -111.208099365234375, 75.264419555664062 ], [ -111.334197998046875, 75.197479248046875 ], [ -111.67669677734375, 75.146926879882812 ], [ -111.76080322265625, 75.1846923828125 ], [ -111.919700622558594, 75.133590698242188 ], [ -112.409698486328125, 75.123580932617188 ], [ -112.452499389648438, 75.155807495117188 ], [ -112.294700622558594, 75.198028564453125 ], [ -112.397499084472656, 75.2410888671875 ], [ -112.461898803710938, 75.2188720703125 ], [ -112.432502746582031, 75.186920166015625 ], [ -112.592498779296875, 75.181640625 ], [ -112.634696960449219, 75.196372985839844 ], [ -112.585899353027344, 75.239151000976562 ], [ -112.665802001953125, 75.278587341308594 ], [ -112.733596801757812, 75.209136962890625 ], [ -112.698097229003906, 75.144973754882812 ], [ -112.894203186035156, 75.103317260742188 ], [ -113.038902282714844, 75.093582153320312 ], [ -113.134201049804688, 75.144149780273438 ], [ -113.210899353027344, 75.081916809082031 ], [ -113.894203186035156, 75.052200317382812 ], [ -113.950302124023438, 75.060531616210938 ], [ -113.973098754882812, 75.096359252929688 ], [ -113.912498474121094, 75.169143676757812 ], [ -113.912803649902344, 75.201370239257812 ], [ -113.805801391601562, 75.326637268066406 ], [ -113.322196960449219, 75.415817260742188 ], [ -113.896400451660156, 75.374153137207031 ], [ -114.024200439453125, 75.461090087890625 ], [ -114.07440185546875, 75.440536499023438 ], [ -114.093902587890625, 75.410812377929688 ], [ -114.040603637695312, 75.367752075195312 ], [ -114.137496948242188, 75.244979858398438 ], [ -114.203102111816406, 75.221359252929688 ], [ -114.512802124023438, 75.314697265625 ], [ -114.609703063964844, 75.279983520507812 ], [ -114.577796936035156, 75.26275634765625 ], [ -114.468101501464844, 75.262191772460938 ], [ -114.302497863769531, 75.182746887207031 ], [ -114.298103332519531, 75.166641235351562 ], [ -114.38580322265625, 75.095809936523438 ], [ -114.783897399902344, 74.9971923828125 ], [ -115.032203674316406, 74.961639404296875 ], [ -115.185798645019531, 74.985260009765625 ], [ -115.226402282714844, 75.058296203613281 ], [ -115.172798156738281, 75.107757568359375 ], [ -115.256103515625, 75.17803955078125 ], [ -115.261398315429688, 75.15191650390625 ], [ -115.38690185546875, 75.102203369140625 ], [ -115.657203674316406, 75.14276123046875 ], [ -115.561996459960938, 75.066932678222656 ], [ -115.537498474121094, 75.027206420898438 ], [ -115.618301391601562, 74.979141235351562 ], [ -115.690597534179688, 74.964141845703125 ], [ -116.235298156738281, 75.052200317382812 ], [ -116.226699829101562, 75.071907043457031 ], [ -116.093299865722656, 75.093032836914062 ], [ -116.06500244140625, 75.127471923828125 ], [ -116.294197082519531, 75.099136352539062 ], [ -116.23919677734375, 75.201370239257812 ], [ -116.527198791503906, 75.1846923828125 ], [ -116.67919921875, 75.117202758789062 ], [ -117.419197082519531, 75.182479858398438 ], [ -117.678298950195312, 75.244422912597656 ], [ -117.666900634765625, 75.294143676757812 ], [ -117.261398315429688, 75.4688720703125 ], [ -116.002197265625, 75.484703063964844 ], [ -115.619697570800781, 75.578872680664062 ], [ -115.268600463867188, 75.595809936523438 ], [ -115.250801086425781, 75.641082763671875 ], [ -114.999702453613281, 75.690811157226562 ], [ -115.052803039550781, 75.703033447265625 ], [ -116.347503662109375, 75.55914306640625 ], [ -117.194999694824219, 75.573593139648438 ], [ -117.25, 75.586090087890625 ], [ -117.233596801757812, 75.620529174804688 ], [ -116.923301696777344, 75.774696350097656 ], [ -116.762802124023438, 75.799972534179688 ], [ -115.823097229003906, 75.827186584472656 ], [ -115.726402282714844, 75.853317260742188 ], [ -115.5072021484375, 75.834976196289062 ], [ -114.932502746582031, 75.856643676757812 ], [ -114.824203491210938, 75.904136657714844 ], [ -116.482803344726562, 75.873870849609375 ], [ -116.67669677734375, 75.889686584472656 ], [ -116.724502563476562, 75.9063720703125 ], [ -116.731399536132812, 75.94525146484375 ], [ -116.6322021484375, 75.969146728515625 ], [ -116.470596313476562, 75.9688720703125 ], [ -116.502799987792969, 75.9971923828125 ], [ -116.499496459960938, 76.026641845703125 ], [ -116.669403076171875, 76.02581787109375 ], [ -116.708602905273438, 76.043869018554688 ], [ -116.641403198242188, 76.113311767578125 ], [ -116.342201232910156, 76.183029174804688 ], [ -115.327499389648438, 76.1846923828125 ], [ -114.850601196289062, 76.170257568359375 ], [ -115.299201965332031, 76.235260009765625 ], [ -115.781997680664062, 76.235260009765625 ], [ -115.882003784179688, 76.252761840820312 ], [ -115.925003051757812, 76.286636352539062 ], [ -115.853302001953125, 76.318862915039062 ], [ -115.909400939941406, 76.345542907714844 ], [ -115.466697692871094, 76.455810546875 ], [ -115.021400451660156, 76.474700927734375 ], [ -114.899696350097656, 76.516921997070312 ], [ -114.293601989746094, 76.480262756347656 ], [ -114.148101806640625, 76.451370239257812 ], [ -114.091102600097656, 76.388870239257812 ], [ -114.12860107421875, 76.310256958007812 ], [ -113.983299255371094, 76.261367797851562 ], [ -113.99859619140625, 76.197746276855469 ], [ -113.756698608398438, 76.200531005859375 ], [ -113.015296936035156, 76.267196655273438 ], [ -112.892196655273438, 76.253860473632812 ], [ -112.750602722167969, 76.200531005859375 ], [ -112.427696228027344, 76.166313171386719 ] ] ], [ [ [ -55.617439270019531, 51.61328125 ], [ -55.653629302978516, 51.590549468994141 ], [ -55.598899841308594, 51.561378479003906 ], [ -55.411399841308594, 51.580818176269531 ], [ -55.41278076171875, 51.550270080566406 ], [ -55.482509613037109, 51.469711303710938 ], [ -55.474449157714844, 51.420269012451172 ], [ -55.508350372314453, 51.363319396972656 ], [ -55.5625, 51.388050079345703 ], [ -55.597789764404297, 51.303600311279297 ], [ -56.06195068359375, 51.370269775390625 ], [ -56.095001220703125, 51.323879241943359 ], [ -56.019168853759766, 51.304710388183594 ], [ -56.015560150146484, 51.196929931640625 ], [ -55.965000152587891, 51.153049468994141 ], [ -55.951950073242188, 51.183879852294922 ], [ -55.801959991455078, 51.216930389404297 ], [ -55.726390838623047, 51.190540313720703 ], [ -55.732780456542969, 51.079990386962891 ], [ -56.075290679931641, 50.720829010009766 ], [ -56.103889465332031, 50.720539093017578 ], [ -56.128059387207031, 50.836650848388672 ], [ -56.103900909423828, 50.898319244384766 ], [ -56.155559539794922, 50.885540008544922 ], [ -56.157501220703125, 50.690818786621094 ], [ -56.099720001220703, 50.679710388183594 ], [ -56.171951293945312, 50.606380462646484 ], [ -56.228610992431641, 50.573318481445312 ], [ -56.240840911865234, 50.524150848388672 ], [ -56.404720306396484, 50.374439239501953 ], [ -56.596118927001953, 50.139430999755859 ], [ -56.743061065673828, 50.022769927978516 ], [ -56.782230377197266, 49.917488098144531 ], [ -56.725009918212891, 49.958049774169922 ], [ -56.741390228271484, 49.872211456298828 ], [ -56.903629302978516, 49.752769470214844 ], [ -56.7852783203125, 49.731380462646484 ], [ -56.812778472900391, 49.606098175048828 ], [ -56.849170684814453, 49.544429779052734 ], [ -56.4888916015625, 49.883319854736328 ], [ -56.464450836181641, 49.896381378173828 ], [ -56.424449920654297, 49.840549468994141 ], [ -56.424449920654297, 49.902759552001953 ], [ -56.238059997558594, 50.100269317626953 ], [ -56.154170989990234, 50.150539398193359 ], [ -56.089740753173828, 50.128318786621094 ], [ -56.063060760498047, 50.071659088134766 ], [ -56.188621520996094, 49.923870086669922 ], [ -56.005008697509766, 50.031379699707031 ], [ -55.998340606689453, 50.002208709716797 ], [ -55.955009460449219, 50.036930084228516 ], [ -55.8880615234375, 50.028598785400391 ], [ -55.755001068115234, 49.924160003662109 ], [ -55.491710662841797, 50.007350921630859 ], [ -55.460010528564453, 49.957489013671875 ], [ -55.492500305175781, 49.917209625244141 ], [ -56.053058624267578, 49.689159393310547 ], [ -56.165840148925781, 49.617488861083984 ], [ -56.168331146240234, 49.574989318847656 ], [ -55.970840454101562, 49.695270538330078 ], [ -55.833629608154297, 49.686649322509766 ], [ -55.938610076904297, 49.603599548339844 ], [ -55.878620147705078, 49.590549468994141 ], [ -55.9375, 49.529708862304688 ], [ -56.080001831054688, 49.486930847167969 ], [ -56.129459381103516, 49.425540924072266 ], [ -55.827781677246094, 49.524150848388672 ], [ -55.720840454101562, 49.475818634033203 ], [ -55.780281066894531, 49.442489624023438 ], [ -55.674449920654297, 49.466098785400391 ], [ -55.678340911865234, 49.386928558349609 ], [ -55.535011291503906, 49.475818634033203 ], [ -55.573070526123047, 49.376659393310547 ], [ -55.560009002685547, 49.365261077880859 ], [ -55.441951751708984, 49.491100311279297 ], [ -55.347789764404297, 49.492771148681641 ], [ -55.432498931884766, 49.427219390869141 ], [ -55.323329925537109, 49.455268859863281 ], [ -55.444450378417969, 49.354988098144531 ], [ -55.391681671142578, 49.374149322509766 ], [ -55.380279541015625, 49.330268859863281 ], [ -55.293338775634766, 49.401100158691406 ], [ -55.297508239746094, 49.365821838378906 ], [ -55.338890075683594, 49.355258941650391 ], [ -55.311389923095703, 49.310260772705078 ], [ -55.264720916748047, 49.422489166259766 ], [ -55.311389923095703, 49.529991149902344 ], [ -55.141399383544922, 49.545269012451172 ], [ -55.124729156494141, 49.465259552001953 ], [ -55.232509613037109, 49.347759246826172 ], [ -55.219169616699219, 49.267490386962891 ], [ -55.365840911865234, 49.165271759033203 ], [ -55.307498931884766, 49.104988098144531 ], [ -55.383609771728516, 49.040821075439453 ], [ -55.182788848876953, 49.120269775390625 ], [ -55.272510528564453, 49.099990844726562 ], [ -55.280841827392578, 49.199161529541016 ], [ -55.058891296386719, 49.284431457519531 ], [ -55.078338623046875, 49.356929779052734 ], [ -54.996669769287109, 49.295818328857422 ], [ -55.036670684814453, 49.219989776611328 ], [ -54.966400146484375, 49.296939849853516 ], [ -54.895290374755859, 49.278049468994141 ], [ -54.859169006347656, 49.332210540771484 ], [ -54.891399383544922, 49.348320007324219 ], [ -54.854171752929688, 49.406940460205078 ], [ -54.825569152832031, 49.396930694580078 ], [ -54.835838317871094, 49.297210693359375 ], [ -54.824718475341797, 49.269161224365234 ], [ -54.541400909423828, 49.526660919189453 ], [ -54.447231292724609, 49.543048858642578 ], [ -54.530559539794922, 49.444988250732422 ], [ -54.442501068115234, 49.474990844726562 ], [ -54.447231292724609, 49.418319702148438 ], [ -54.488330841064453, 49.371101379394531 ], [ -54.452510833740234, 49.333320617675781 ], [ -54.486949920654297, 49.259708404541016 ], [ -54.370010375976562, 49.419158935546875 ], [ -54.220008850097656, 49.417209625244141 ], [ -54.186679840087891, 49.371101379394531 ], [ -54.049179077148438, 49.47943115234375 ], [ -53.482780456542969, 49.277210235595703 ], [ -53.457141876220703, 49.252948760986328 ], [ -53.560009002685547, 49.124980926513672 ], [ -53.620010375976562, 49.117488861083984 ], [ -53.58306884765625, 49.067211151123047 ], [ -53.593891143798828, 49.035549163818359 ], [ -53.835559844970703, 49.032489776611328 ], [ -53.799449920654297, 49.009708404541016 ], [ -53.725288391113281, 49.009708404541016 ], [ -53.893619537353516, 48.966648101806641 ], [ -53.807788848876953, 48.934989929199219 ], [ -53.851398468017578, 48.909431457519531 ], [ -53.968891143798828, 48.894710540771484 ], [ -53.942501068115234, 48.884708404541016 ], [ -53.968341827392578, 48.834709167480469 ], [ -54.178340911865234, 48.800819396972656 ], [ -54.196949005126953, 48.763599395751953 ], [ -53.998889923095703, 48.811378479003906 ], [ -53.978061676025391, 48.781101226806641 ], [ -53.946670532226562, 48.823600769042969 ], [ -53.829730987548828, 48.831378936767578 ], [ -53.802509307861328, 48.807769775390625 ], [ -53.867500305175781, 48.770259857177734 ], [ -53.890560150146484, 48.733600616455078 ], [ -54.022781372070312, 48.740821838378906 ], [ -53.933338165283203, 48.702770233154297 ], [ -53.948619842529297, 48.666370391845703 ], [ -53.932498931884766, 48.624710083007812 ], [ -53.8114013671875, 48.676380157470703 ], [ -53.904720306396484, 48.662490844726562 ], [ -53.925838470458984, 48.676380157470703 ], [ -53.831951141357422, 48.749439239501953 ], [ -53.851959228515625, 48.70220947265625 ], [ -53.710010528564453, 48.689159393310547 ], [ -53.722511291503906, 48.654991149902344 ], [ -53.618061065673828, 48.694438934326172 ], [ -53.616111755371094, 48.66693115234375 ], [ -53.908351898193359, 48.559158325195312 ], [ -53.715290069580078, 48.559711456298828 ], [ -53.756671905517578, 48.503318786621094 ], [ -54.160560607910156, 48.388881683349609 ], [ -54.134998321533203, 48.35443115234375 ], [ -53.879798889160156, 48.4556884765625 ], [ -53.811389923095703, 48.464988708496094 ], [ -53.881950378417969, 48.393878936767578 ], [ -53.880001068115234, 48.373878479003906 ], [ -53.776668548583984, 48.444149017333984 ], [ -53.768901824951172, 48.475269317626953 ], [ -53.648059844970703, 48.5252685546875 ], [ -53.618061065673828, 48.498878479003906 ], [ -53.72528076171875, 48.426101684570312 ], [ -53.640010833740234, 48.439430236816406 ], [ -53.586399078369141, 48.5252685546875 ], [ -53.547508239746094, 48.486660003662109 ], [ -53.616111755371094, 48.406940460205078 ], [ -53.473339080810547, 48.507488250732422 ], [ -53.437229156494141, 48.619991302490234 ], [ -53.319461822509766, 48.599151611328125 ], [ -53.271949768066406, 48.531940460205078 ], [ -53.240280151367188, 48.523319244384766 ], [ -53.154170989990234, 48.62860107421875 ], [ -53.099170684814453, 48.642208099365234 ], [ -53.085559844970703, 48.694709777832031 ], [ -52.981399536132812, 48.608600616455078 ], [ -53.053901672363281, 48.442760467529297 ], [ -53.187789916992188, 48.350818634033203 ], [ -53.345840454101562, 48.386661529541016 ], [ -53.373619079589844, 48.282211303710938 ], [ -53.655841827392578, 48.164989471435547 ], [ -53.9263916015625, 48.232769012451172 ], [ -53.945278167724609, 48.178878784179688 ], [ -53.918060302734375, 48.088039398193359 ], [ -53.679729461669922, 48.076099395751953 ], [ -53.689731597900391, 48.044990539550781 ], [ -53.92388916015625, 48.031650543212891 ], [ -53.794719696044922, 47.996379852294922 ], [ -53.607780456542969, 48.051101684570312 ], [ -53.674171447753906, 47.922771453857422 ], [ -53.735008239746094, 47.866939544677734 ], [ -53.723888397216797, 47.843879699707031 ], [ -53.793338775634766, 47.768600463867188 ], [ -53.897781372070312, 47.836380004882812 ], [ -53.831951141357422, 47.744430541992188 ], [ -53.857780456542969, 47.710819244384766 ], [ -53.76055908203125, 47.609989166259766 ], [ -53.688610076904297, 47.688320159912109 ], [ -53.678070068359375, 47.646930694580078 ], [ -53.712779998779297, 47.598049163818359 ], [ -53.639461517333984, 47.573040008544922 ], [ -53.606121063232422, 47.538600921630859 ], [ -53.550838470458984, 47.529148101806641 ], [ -53.516941070556641, 47.664989471435547 ], [ -53.477230072021484, 47.688320159912109 ], [ -53.497791290283203, 47.734710693359375 ], [ -53.280288696289062, 48.008880615234375 ], [ -53.009170532226562, 48.078880310058594 ], [ -52.919910430908203, 48.169940948486328 ], [ -52.831680297851562, 48.101650238037109 ], [ -52.948619842529297, 48.046939849853516 ], [ -52.964179992675781, 47.996101379394531 ], [ -53.058071136474609, 47.922489166259766 ], [ -53.090278625488281, 47.823318481445312 ], [ -53.202510833740234, 47.733600616455078 ], [ -53.156681060791016, 47.6885986328125 ], [ -53.253070831298828, 47.584991455078125 ], [ -53.234169006347656, 47.576648712158203 ], [ -53.261951446533203, 47.546379089355469 ], [ -53.186111450195312, 47.554439544677734 ], [ -53.197780609130859, 47.433879852294922 ], [ -53.128341674804688, 47.411098480224609 ], [ -52.907501220703125, 47.548320770263672 ], [ -52.791400909423828, 47.795551300048828 ], [ -52.704441070556641, 47.753879547119141 ], [ -52.6461181640625, 47.599151611328125 ], [ -52.688339233398438, 47.556098937988281 ], [ -52.616668701171875, 47.521381378173828 ], [ -52.656669616699219, 47.474708557128906 ], [ -52.739459991455078, 47.315540313720703 ], [ -52.819171905517578, 47.244159698486328 ], [ -52.865840911865234, 47.098598480224609 ], [ -52.9344482421875, 47.086929321289062 ], [ -52.865570068359375, 47.039989471435547 ], [ -52.966388702392578, 46.767490386962891 ], [ -53.091121673583984, 46.643318176269531 ], [ -53.169448852539062, 46.619709014892578 ], [ -53.228889465332031, 46.646381378173828 ], [ -53.267230987548828, 46.733879089355469 ], [ -53.3880615234375, 46.681930541992188 ], [ -53.400279998779297, 46.709430694580078 ], [ -53.533058166503906, 46.614158630371094 ], [ -53.607791900634766, 46.636100769042969 ], [ -53.643329620361328, 46.704429626464844 ], [ -53.552780151367188, 46.864429473876953 ], [ -53.638069152832031, 46.790821075439453 ], [ -53.626399993896484, 46.845268249511719 ], [ -53.563060760498047, 46.952491760253906 ], [ -53.641941070556641, 46.983879089355469 ], [ -53.499168395996094, 47.123878479003906 ], [ -53.559459686279297, 47.202770233154297 ], [ -53.628330230712891, 47.108318328857422 ], [ -53.637218475341797, 47.132770538330078 ], [ -54.053340911865234, 46.794990539550781 ], [ -54.188060760498047, 46.819149017333984 ], [ -54.163608551025391, 46.975818634033203 ], [ -54.012508392333984, 47.228599548339844 ], [ -53.931949615478516, 47.223320007324219 ], [ -53.996391296386719, 47.269989013671875 ], [ -53.997509002685547, 47.310260772705078 ], [ -53.914451599121094, 47.326930999755859 ], [ -53.914169311523438, 47.374149322509766 ], [ -53.803901672363281, 47.426929473876953 ], [ -53.906391143798828, 47.424709320068359 ], [ -53.938610076904297, 47.676101684570312 ], [ -54.006671905517578, 47.819149017333984 ], [ -54.047500610351562, 47.793598175048828 ], [ -54.195278167724609, 47.857490539550781 ], [ -54.212779998779297, 47.777759552001953 ], [ -54.285568237304688, 47.692211151123047 ], [ -54.332778930664062, 47.702491760253906 ], [ -54.320278167724609, 47.651660919189453 ], [ -54.460559844970703, 47.494709014892578 ], [ -54.403629302978516, 47.450550079345703 ], [ -54.448890686035156, 47.420818328857422 ], [ -54.453899383544922, 47.455818176269531 ], [ -54.587779998779297, 47.348320007324219 ], [ -54.613620758056641, 47.362770080566406 ], [ -54.445011138916016, 47.581378936767578 ], [ -54.664180755615234, 47.372211456298828 ], [ -54.685840606689453, 47.396381378173828 ], [ -54.751110076904297, 47.358600616455078 ], [ -54.818889617919922, 47.363601684570312 ], [ -54.823619842529297, 47.421649932861328 ], [ -55.043899536132812, 47.220829010009766 ], [ -55.007789611816406, 47.177490234375 ], [ -55.067501068115234, 47.147209167480469 ], [ -55.069728851318359, 47.197208404541016 ], [ -55.103889465332031, 47.196380615234375 ], [ -55.095840454101562, 47.059711456298828 ], [ -55.155010223388672, 47.008041381835938 ], [ -55.193061828613281, 47.073040008544922 ], [ -55.226108551025391, 46.934429168701172 ], [ -55.385280609130859, 46.866100311279297 ], [ -55.463901519775391, 46.877490997314453 ], [ -55.525291442871094, 46.939708709716797 ], [ -55.627239227294922, 46.868881225585938 ], [ -55.803340911865234, 46.860538482666016 ], [ -55.946670532226562, 46.899429321289062 ], [ -55.982791900634766, 46.936649322509766 ], [ -55.966670989990234, 46.981380462646484 ], [ -55.781391143798828, 47.099151611328125 ], [ -55.493339538574219, 47.133880615234375 ], [ -55.298618316650391, 47.267208099365234 ], [ -55.266941070556641, 47.396648406982422 ], [ -55.1138916015625, 47.481098175048828 ], [ -54.845851898193359, 47.556930541992188 ], [ -54.877231597900391, 47.570270538330078 ], [ -54.850288391113281, 47.607208251953125 ], [ -54.697498321533203, 47.664710998535156 ], [ -54.769180297851562, 47.678050994873047 ], [ -54.949451446533203, 47.599708557128906 ], [ -55.079730987548828, 47.589988708496094 ], [ -54.938350677490234, 47.771099090576172 ], [ -54.994998931884766, 47.733318328857422 ], [ -55.105560302734375, 47.580818176269531 ], [ -55.147510528564453, 47.596099853515625 ], [ -55.130008697509766, 47.661930084228516 ], [ -55.162220001220703, 47.636661529541016 ], [ -55.363899230957031, 47.649150848388672 ], [ -55.380008697509766, 47.708599090576172 ], [ -55.462230682373047, 47.646099090576172 ], [ -55.400279998779297, 47.615550994873047 ], [ -55.400291442871094, 47.51470947265625 ], [ -55.430011749267578, 47.467208862304688 ], [ -55.555561065673828, 47.440269470214844 ], [ -55.587779998779297, 47.398601531982422 ], [ -55.601669311523438, 47.441661834716797 ], [ -55.664459228515625, 47.436939239501953 ], [ -55.588890075683594, 47.510269165039062 ], [ -55.628330230712891, 47.541370391845703 ], [ -55.654170989990234, 47.495269775390625 ], [ -55.770011901855469, 47.490550994873047 ], [ -55.920291900634766, 47.435260772705078 ], [ -55.893329620361328, 47.472759246826172 ], [ -55.746120452880859, 47.585269927978516 ], [ -56.104179382324219, 47.463600158691406 ], [ -56.169448852539062, 47.492488861083984 ], [ -56.162509918212891, 47.511379241943359 ], [ -55.640010833740234, 47.668048858642578 ], [ -55.664169311523438, 47.675540924072266 ], [ -55.824718475341797, 47.618598937988281 ], [ -55.898059844970703, 47.642208099365234 ], [ -55.919719696044922, 47.667209625244141 ], [ -55.799449920654297, 47.799160003662109 ], [ -55.823890686035156, 47.823600769042969 ], [ -55.742500305175781, 47.923320770263672 ], [ -55.807788848876953, 47.905540466308594 ], [ -55.854450225830078, 47.794708251953125 ], [ -56.055000305175781, 47.695541381835938 ], [ -56.106121063232422, 47.714988708496094 ], [ -56.053619384765625, 47.773880004882812 ], [ -56.093059539794922, 47.746929168701172 ], [ -56.151668548583984, 47.835819244384766 ], [ -56.140281677246094, 47.690269470214844 ], [ -56.182788848876953, 47.649990081787109 ], [ -56.299449920654297, 47.622489929199219 ], [ -56.310009002685547, 47.639430999755859 ], [ -56.351669311523438, 47.605548858642578 ], [ -56.756961822509766, 47.629428863525391 ], [ -56.731960296630859, 47.578880310058594 ], [ -56.779449462890625, 47.526660919189453 ], [ -57.245559692382812, 47.598049163818359 ], [ -57.321121215820312, 47.581928253173828 ], [ -57.343349456787109, 47.607208251953125 ], [ -57.415279388427734, 47.630550384521484 ], [ -57.9102783203125, 47.645259857177734 ], [ -58.160568237304688, 47.675819396972656 ], [ -58.345840454101562, 47.642768859863281 ], [ -58.357791900634766, 47.652759552001953 ], [ -58.263900756835938, 47.750820159912109 ], [ -58.3739013671875, 47.714710235595703 ], [ -58.429279327392578, 47.632720947265625 ], [ -59.153339385986328, 47.559989929199219 ], [ -59.304458618164062, 47.609989166259766 ], [ -59.3255615234375, 47.807209014892578 ], [ -59.404449462890625, 47.884708404541016 ], [ -59.391941070556641, 47.916660308837891 ], [ -58.8336181640625, 48.228599548339844 ], [ -58.599170684814453, 48.423320770263672 ], [ -58.483608245849609, 48.427761077880859 ], [ -58.364181518554688, 48.500820159912109 ], [ -58.267780303955078, 48.512210845947266 ], [ -58.298351287841797, 48.527488708496094 ], [ -58.519741058349609, 48.500541687011719 ], [ -58.656681060791016, 48.552761077880859 ], [ -59.2469482421875, 48.466648101806641 ], [ -59.232791900634766, 48.523040771484375 ], [ -58.775001525878906, 48.778881072998047 ], [ -58.948070526123047, 48.642768859863281 ], [ -58.958629608154297, 48.613880157470703 ], [ -58.897228240966797, 48.551929473876953 ], [ -58.852508544921875, 48.582759857177734 ], [ -58.743061065673828, 48.560821533203125 ], [ -58.704730987548828, 48.575260162353516 ], [ -58.611949920654297, 48.802211761474609 ], [ -58.505290985107422, 48.933879852294922 ], [ -58.503341674804688, 48.997489929199219 ], [ -58.368061065673828, 49.104709625244141 ], [ -58.366680145263672, 49.060260772705078 ], [ -58.190288543701172, 49.065540313720703 ], [ -58.077789306640625, 48.981929779052734 ], [ -57.961399078369141, 48.956661224365234 ], [ -57.881961822509766, 48.968879699707031 ], [ -58.035839080810547, 48.988601684570312 ], [ -58.132511138916016, 49.078319549560547 ], [ -58.144451141357422, 49.121929168701172 ], [ -57.950569152832031, 49.171100616455078 ], [ -58.001678466796875, 49.178321838378906 ], [ -57.928340911865234, 49.240261077880859 ], [ -58.039459228515625, 49.212490081787109 ], [ -58.200839996337891, 49.239711761474609 ], [ -58.240840911865234, 49.286930084228516 ], [ -58.223339080810547, 49.390270233154297 ], [ -58.043899536132812, 49.541370391845703 ], [ -57.997791290283203, 49.555850982666016 ], [ -57.945011138916016, 49.547489166259766 ], [ -57.914730072021484, 49.518878936767578 ], [ -57.906398773193359, 49.477489471435547 ], [ -57.863338470458984, 49.506938934326172 ], [ -57.715000152587891, 49.454708099365234 ], [ -57.715568542480469, 49.474430084228516 ], [ -57.789180755615234, 49.500820159912109 ], [ -57.942508697509766, 49.603038787841797 ], [ -57.949169158935547, 49.669429779052734 ], [ -57.604728698730469, 50.200260162353516 ], [ -57.377510070800781, 50.584430694580078 ], [ -57.321399688720703, 50.613601684570312 ], [ -57.230831146240234, 50.614158630371094 ], [ -57.398059844970703, 50.692489624023438 ], [ -57.358058929443359, 50.721931457519531 ], [ -57.170291900634766, 50.749439239501953 ], [ -56.983058929443359, 50.868320465087891 ], [ -56.926399230957031, 50.921379089355469 ], [ -56.990009307861328, 50.929149627685547 ], [ -56.962791442871094, 50.964431762695312 ], [ -57.089450836181641, 51.019989013671875 ], [ -56.934719085693359, 50.998321533203125 ], [ -56.861110687255859, 51.113601684570312 ], [ -56.784740447998047, 51.137760162353516 ], [ -56.809719085693359, 51.183601379394531 ], [ -56.746669769287109, 51.204429626464844 ], [ -56.795291900634766, 51.234989166259766 ], [ -56.688899993896484, 51.336929321289062 ], [ -56.011398315429688, 51.566379547119141 ], [ -55.905849456787109, 51.626930236816406 ], [ -55.823070526123047, 51.618598937988281 ], [ -55.885288238525391, 51.562480926513672 ], [ -55.886119842529297, 51.495269775390625 ], [ -55.635280609130859, 51.469711303710938 ], [ -55.734180450439453, 51.547771453857422 ], [ -55.735279083251953, 51.573040008544922 ], [ -55.617439270019531, 51.61328125 ] ] ], [ [ [ -64.926971435546875, 61.718879699707031 ], [ -65.210563659667969, 61.816928863525391 ], [ -65.255859375, 61.885540008544922 ], [ -65.196693420410156, 61.941661834716797 ], [ -65.068077087402344, 61.923870086669922 ], [ -65.016693115234375, 61.851650238037109 ], [ -64.973907470703125, 61.889991760253906 ], [ -64.82891845703125, 61.766651153564453 ], [ -64.858078002929688, 61.739158630371094 ], [ -64.926971435546875, 61.718879699707031 ] ] ], [ [ [ -79.827789306640625, 61.566661834716797 ], [ -80.065567016601562, 61.743881225585938 ], [ -80.183349609375, 61.752769470214844 ], [ -80.288887023925781, 61.868038177490234 ], [ -80.25750732421875, 61.883880615234375 ], [ -80.294448852539062, 61.978038787841797 ], [ -80.216667175292969, 62.172489166259766 ], [ -80.017501831054688, 62.358600616455078 ], [ -79.859733581542969, 62.401371002197266 ], [ -79.540863037109375, 62.411098480224609 ], [ -79.266403198242188, 62.258041381835938 ], [ -79.261398315429688, 62.163600921630859 ], [ -79.402786254882812, 61.945541381835938 ], [ -79.605560302734375, 61.765270233154297 ], [ -79.628890991210938, 61.669158935546875 ], [ -79.754180908203125, 61.580268859863281 ], [ -79.827789306640625, 61.566661834716797 ] ] ], [ [ [ -64.952239990234375, 61.343318939208984 ], [ -64.985023498535156, 61.367488861083984 ], [ -64.926132202148438, 61.392490386962891 ], [ -65.100860595703125, 61.421649932861328 ], [ -65.086692810058594, 61.451648712158203 ], [ -65.467239379882812, 61.583881378173828 ], [ -65.487808227539062, 61.599430084228516 ], [ -65.472518920898438, 61.640270233154297 ], [ -65.204742431640625, 61.684158325195312 ], [ -64.733078002929688, 61.659988403320312 ], [ -64.735023498535156, 61.611660003662109 ], [ -64.660018920898438, 61.588039398193359 ], [ -64.726409912109375, 61.542209625244141 ], [ -64.688629150390625, 61.471099853515625 ], [ -64.71502685546875, 61.433319091796875 ], [ -64.952239990234375, 61.343318939208984 ] ] ], [ [ [ -64.411003112792969, 60.295391082763672 ], [ -64.777389526367188, 60.404010772705078 ], [ -64.854888916015625, 60.463169097900391 ], [ -64.834609985351562, 60.491779327392578 ], [ -64.627120971679688, 60.49761962890625 ], [ -64.517669677734375, 60.430400848388672 ], [ -64.519332885742188, 60.387058258056641 ], [ -64.425453186035156, 60.415119171142578 ], [ -64.411293029785156, 60.395950317382812 ], [ -64.465728759765625, 60.347339630126953 ], [ -64.411003112792969, 60.295391082763672 ] ] ], [ [ [ -70.3839111328125, 62.531379699707031 ], [ -70.711143493652344, 62.548599243164062 ], [ -70.771133422851562, 62.564708709716797 ], [ -70.7347412109375, 62.588600158691406 ], [ -70.819747924804688, 62.604709625244141 ], [ -70.854461669921875, 62.713600158691406 ], [ -70.920303344726562, 62.740550994873047 ], [ -70.770576477050781, 62.751930236816406 ], [ -70.821693420410156, 62.774150848388672 ], [ -71.148643493652344, 62.794990539550781 ], [ -71.155296325683594, 62.818599700927734 ], [ -71.0330810546875, 62.822769165039062 ], [ -71.211959838867188, 62.857769012451172 ], [ -71.217796325683594, 62.886928558349609 ], [ -70.587799072265625, 62.774150848388672 ], [ -70.376419067382812, 62.69110107421875 ], [ -70.416412353515625, 62.653598785400391 ], [ -70.299179077148438, 62.643600463867188 ], [ -70.221969604492188, 62.599151611328125 ], [ -70.212249755859375, 62.577770233154297 ], [ -70.3839111328125, 62.531379699707031 ] ] ], [ [ [ -68.361953735351562, 60.225818634033203 ], [ -68.393341064453125, 60.249149322509766 ], [ -68.378082275390625, 60.310260772705078 ], [ -68.129730224609375, 60.570541381835938 ], [ -68.0352783203125, 60.581100463867188 ], [ -67.948623657226562, 60.561378479003906 ], [ -67.803359985351562, 60.463039398193359 ], [ -67.806121826171875, 60.417488098144531 ], [ -67.934463500976562, 60.321659088134766 ], [ -68.251419067382812, 60.230819702148438 ], [ -68.361953735351562, 60.225818634033203 ] ] ], [ [ [ -83.67279052734375, 62.141101837158203 ], [ -83.720840454101562, 62.173320770263672 ], [ -83.721389770507812, 62.281650543212891 ], [ -83.928886413574219, 62.466930389404297 ], [ -83.57501220703125, 62.671939849853516 ], [ -83.45806884765625, 62.861930847167969 ], [ -83.311111450195312, 62.924430847167969 ], [ -83.041397094726562, 62.837211608886719 ], [ -82.6944580078125, 62.939430236816406 ], [ -82.186111450195312, 62.979988098144531 ], [ -81.911956787109375, 62.95220947265625 ], [ -81.8839111328125, 62.901931762695312 ], [ -81.956123352050781, 62.791660308837891 ], [ -81.924186706542969, 62.733051300048828 ], [ -82.033340454101562, 62.66387939453125 ], [ -82.431671142578125, 62.466648101806641 ], [ -83.144180297851562, 62.176658630371094 ], [ -83.174179077148438, 62.211650848388672 ], [ -83.275848388671875, 62.248600006103516 ], [ -83.360000610351562, 62.249710083007812 ], [ -83.67279052734375, 62.141101837158203 ] ] ], [ [ [ -74.169166564941406, 62.602210998535156 ], [ -74.651123046875, 62.717769622802734 ], [ -74.480827331542969, 62.740261077880859 ], [ -74.380020141601562, 62.682491302490234 ], [ -74.1461181640625, 62.687770843505859 ], [ -74.009193420410156, 62.662490844726562 ], [ -73.958343505859375, 62.616649627685547 ], [ -73.979171752929688, 62.602771759033203 ], [ -74.169166564941406, 62.602210998535156 ] ] ], [ [ [ -64.590583801269531, 62.367210388183594 ], [ -64.92669677734375, 62.418319702148438 ], [ -64.966140747070312, 62.4658203125 ], [ -64.793350219726562, 62.491378784179688 ], [ -64.85723876953125, 62.512210845947266 ], [ -64.858352661132812, 62.546100616455078 ], [ -64.767242431640625, 62.562770843505859 ], [ -64.560028076171875, 62.534988403320312 ], [ -64.486396789550781, 62.548038482666016 ], [ -64.382797241210938, 62.525829315185547 ], [ -64.36138916015625, 62.497489929199219 ], [ -64.481689453125, 62.481658935546875 ], [ -64.394203186035156, 62.461380004882812 ], [ -64.590583801269531, 62.367210388183594 ] ] ], [ [ [ -103.301399230957031, 75.744712829589844 ], [ -103.353897094726562, 75.774978637695312 ], [ -103.246902465820312, 75.797203063964844 ], [ -103.3114013671875, 75.805252075195312 ], [ -102.869697570800781, 75.923309326171875 ], [ -102.191398620605469, 75.989700317382812 ], [ -101.988899230957031, 75.934417724609375 ], [ -102.394203186035156, 75.880813598632812 ], [ -102.509201049804688, 75.7894287109375 ], [ -102.897201538085938, 75.745529174804688 ], [ -103.301399230957031, 75.744712829589844 ] ] ], [ [ [ -97.072532653808594, 77.80413818359375 ], [ -97.120033264160156, 77.865249633789062 ], [ -96.992507934570312, 77.914138793945312 ], [ -97.755569458007812, 78.025527954101562 ], [ -97.7469482421875, 78.040817260742188 ], [ -97.65167236328125, 78.051933288574219 ], [ -97.6844482421875, 78.073867797851562 ], [ -97.6480712890625, 78.090812683105469 ], [ -96.997802734375, 78.07525634765625 ], [ -96.887786865234375, 78.083038330078125 ], [ -96.891952514648438, 78.106643676757812 ], [ -96.870559692382812, 78.133323669433594 ], [ -97.321403503417969, 78.207473754882812 ], [ -97.926681518554688, 78.217758178710938 ], [ -97.930007934570312, 78.236648559570312 ], [ -97.773063659667969, 78.238861083984375 ], [ -97.868057250976562, 78.279693603515625 ], [ -98.055007934570312, 78.301651000976562 ], [ -98.039466857910156, 78.322479248046875 ], [ -98.0372314453125, 78.397201538085938 ], [ -98.347793579101562, 78.443038940429688 ], [ -98.404449462890625, 78.508872985839844 ], [ -98.031402587890625, 78.559417724609375 ], [ -98.315567016601562, 78.64385986328125 ], [ -98.371963500976562, 78.719970703125 ], [ -98.317779541015625, 78.74664306640625 ], [ -98.364753723144531, 78.768043518066406 ], [ -97.951400756835938, 78.816932678222656 ], [ -97.1602783203125, 78.758872985839844 ], [ -96.184463500976562, 78.628593444824219 ], [ -96.164466857910156, 78.599983215332031 ], [ -96.271682739257812, 78.538589477539062 ], [ -95.964752197265625, 78.48358154296875 ], [ -95.684738159179688, 78.521087646484375 ], [ -95.206680297851562, 78.461639404296875 ], [ -94.878082275390625, 78.391372680664062 ], [ -94.831703186035156, 78.364700317382812 ], [ -94.837799072265625, 78.347198486328125 ], [ -95.388076782226562, 78.236358642578125 ], [ -95.345863342285156, 78.217758178710938 ], [ -95.130859375, 78.194137573242188 ], [ -94.887237548828125, 78.063873291015625 ], [ -95.100570678710938, 77.953582763671875 ], [ -95.652252197265625, 77.929428100585938 ], [ -96.285568237304688, 77.859420776367188 ], [ -96.704727172851562, 77.874420166015625 ], [ -96.7105712890625, 77.85552978515625 ], [ -97.072532653808594, 77.80413818359375 ] ] ], [ [ [ -79.209182739257812, 72.744979858398438 ], [ -79.543350219726562, 72.748580932617188 ], [ -79.998916625976562, 72.863037109375 ], [ -80.181411743164062, 73.043869018554688 ], [ -80.122802734375, 73.114433288574219 ], [ -80.176406860351562, 73.138313293457031 ], [ -80.172813415527344, 73.162483215332031 ], [ -80.113906860351562, 73.174423217773438 ], [ -80.143341064453125, 73.2169189453125 ], [ -80.797523498535156, 73.27691650390625 ], [ -80.89251708984375, 73.374687194824219 ], [ -80.861953735351562, 73.3963623046875 ], [ -80.858627319335938, 73.469703674316406 ], [ -80.820281982421875, 73.489151000976562 ], [ -80.695297241210938, 73.477752685546875 ], [ -80.897781372070312, 73.596649169921875 ], [ -80.815292358398438, 73.639686584472656 ], [ -80.795578002929688, 73.702186584472656 ], [ -80.8638916015625, 73.744979858398438 ], [ -80.435012817382812, 73.766082763671875 ], [ -79.452239990234375, 73.630538940429688 ], [ -78.166412353515625, 73.66802978515625 ], [ -77.203079223632812, 73.505538940429688 ], [ -77.049186706542969, 73.361923217773438 ], [ -76.760848999023438, 73.318862915039062 ], [ -76.579742431640625, 73.219703674316406 ], [ -76.6339111328125, 73.171920776367188 ], [ -76.396682739257812, 73.109420776367188 ], [ -76.241127014160156, 73.092193603515625 ], [ -76.323638916015625, 73.0263671875 ], [ -76.260566711425781, 72.9971923828125 ], [ -76.331703186035156, 72.969970703125 ], [ -76.103912353515625, 72.936370849609375 ], [ -76.062240600585938, 72.90692138671875 ], [ -76.093917846679688, 72.8580322265625 ], [ -76.315582275390625, 72.81719970703125 ], [ -77.206703186035156, 72.844970703125 ], [ -77.7044677734375, 72.897201538085938 ], [ -78.2730712890625, 72.890533447265625 ], [ -79.209182739257812, 72.744979858398438 ] ] ], [ [ [ -90.089187622070312, 77.199691772460938 ], [ -90.657516479492188, 77.261093139648438 ], [ -91.182533264160156, 77.386917114257812 ], [ -91.208908081054688, 77.41497802734375 ], [ -91.170303344726562, 77.449691772460938 ], [ -91.206947326660156, 77.568588256835938 ], [ -91.120010375976562, 77.617752075195312 ], [ -90.843917846679688, 77.65386962890625 ], [ -90.08306884765625, 77.569976806640625 ], [ -89.753631591796875, 77.473037719726562 ], [ -89.696693420410156, 77.389419555664062 ], [ -89.706703186035156, 77.358871459960938 ], [ -89.652801513671875, 77.324981689453125 ], [ -89.849746704101562, 77.249977111816406 ], [ -90.089187622070312, 77.199691772460938 ] ] ], [ [ [ -99.998062133789062, 73.943862915039062 ], [ -99.816116333007812, 73.936080932617188 ], [ -99.7952880859375, 73.8721923828125 ], [ -99.398063659667969, 73.798858642578125 ], [ -99.206680297851562, 73.725807189941406 ], [ -99.247787475585938, 73.696090698242188 ], [ -99.163070678710938, 73.688026428222656 ], [ -99.136123657226562, 73.742752075195312 ], [ -98.856666564941406, 73.752761840820312 ], [ -98.008056640625, 73.83831787109375 ], [ -97.887802124023438, 73.899406433105469 ], [ -97.745559692382812, 73.90997314453125 ], [ -97.737228393554688, 73.90081787109375 ], [ -97.837509155273438, 73.867477416992188 ], [ -97.783073425292969, 73.85858154296875 ], [ -97.621116638183594, 73.89385986328125 ], [ -97.223617553710938, 73.856369018554688 ], [ -96.962509155273438, 73.73858642578125 ], [ -96.932792663574219, 73.69219970703125 ], [ -96.968902587890625, 73.633323669433594 ], [ -97.202507019042969, 73.557212829589844 ], [ -97.445281982421875, 73.579971313476562 ], [ -97.4364013671875, 73.525527954101562 ], [ -97.6380615234375, 73.538589477539062 ], [ -97.667510986328125, 73.479423522949219 ], [ -97.623611450195312, 73.45635986328125 ], [ -97.2489013671875, 73.475540161132812 ], [ -97.172500610351562, 73.460250854492188 ], [ -97.173072814941406, 73.443588256835938 ], [ -97.2489013671875, 73.42913818359375 ], [ -97.150283813476562, 73.389976501464844 ], [ -97.172233581542969, 73.352752685546875 ], [ -97.7086181640625, 73.304702758789062 ], [ -98.51055908203125, 73.009407043457031 ], [ -98.427513122558594, 72.943588256835938 ], [ -98.4505615234375, 72.874969482421875 ], [ -98.428337097167969, 72.856086730957031 ], [ -98.283622741699219, 72.96331787109375 ], [ -97.995010375976562, 73.037483215332031 ], [ -97.6844482421875, 73.033042907714844 ], [ -97.299728393554688, 72.969703674316406 ], [ -97.225013732910156, 72.939971923828125 ], [ -97.266677856445312, 72.878593444824219 ], [ -97.417793273925781, 72.864967346191406 ], [ -97.236679077148438, 72.842483520507812 ], [ -97.0372314453125, 72.74664306640625 ], [ -97.046401977539062, 72.711639404296875 ], [ -97.190567016601562, 72.640533447265625 ], [ -97.196670532226562, 72.604423522949219 ], [ -97.070281982421875, 72.60858154296875 ], [ -96.88250732421875, 72.686080932617188 ], [ -96.567779541015625, 72.753311157226562 ], [ -96.517501831054688, 72.714706420898438 ], [ -96.585281372070312, 72.693862915039062 ], [ -96.448898315429688, 72.601638793945312 ], [ -96.29833984375, 72.415817260742188 ], [ -96.8719482421875, 72.321090698242188 ], [ -96.5614013671875, 72.275527954101562 ], [ -96.589736938476562, 72.250259399414062 ], [ -96.533340454101562, 72.236923217773438 ], [ -96.483062744140625, 72.113037109375 ], [ -96.508621215820312, 72.084976196289062 ], [ -96.866958618164062, 72.041091918945312 ], [ -96.672500610351562, 72.01275634765625 ], [ -96.502227783203125, 72.038589477539062 ], [ -96.50250244140625, 71.975540161132812 ], [ -96.565567016601562, 71.946907043457031 ], [ -96.638343811035156, 71.957473754882812 ], [ -96.761947631835938, 71.918586730957031 ], [ -96.736679077148438, 71.899406433105469 ], [ -96.523063659667969, 71.934417724609375 ], [ -96.503341674804688, 71.903030395507812 ], [ -96.565017700195312, 71.823867797851562 ], [ -96.726959228515625, 71.793586730957031 ], [ -96.743057250976562, 71.8197021484375 ], [ -96.682510375976562, 71.840812683105469 ], [ -96.775283813476562, 71.843582153320312 ], [ -96.861953735351562, 71.803863525390625 ], [ -96.978347778320312, 71.795257568359375 ], [ -97.08416748046875, 71.70025634765625 ], [ -97.4344482421875, 71.617752075195312 ], [ -98.196670532226562, 71.643592834472656 ], [ -98.355827331542969, 71.722747802734375 ], [ -98.3255615234375, 71.798309326171875 ], [ -98.212226867675781, 71.878593444824219 ], [ -98.255279541015625, 71.902481079101562 ], [ -98.2630615234375, 71.86663818359375 ], [ -98.4505615234375, 71.794143676757812 ], [ -98.497512817382812, 71.733306884765625 ], [ -98.041397094726562, 71.530807495117188 ], [ -98.198333740234375, 71.414703369140625 ], [ -98.742477416992188, 71.270462036132812 ], [ -98.960563659667969, 71.379966735839844 ], [ -99.220840454101562, 71.342193603515625 ], [ -99.3194580078125, 71.449981689453125 ], [ -99.369453430175781, 71.575531005859375 ], [ -99.55889892578125, 71.613037109375 ], [ -99.732513427734375, 71.776092529296875 ], [ -99.821670532226562, 71.803306579589844 ], [ -99.872512817382812, 71.8580322265625 ], [ -100.115798950195312, 71.893592834472656 ], [ -100.634498596191406, 72.185531616210938 ], [ -100.885597229003906, 72.207748413085938 ], [ -101.021400451660156, 72.202186584472656 ], [ -101.05560302734375, 72.236648559570312 ], [ -101.037498474121094, 72.2763671875 ], [ -101.232803344726562, 72.333587646484375 ], [ -101.395797729492188, 72.28692626953125 ], [ -101.402496337890625, 72.244140625 ], [ -101.890296936035156, 72.362472534179688 ], [ -101.884201049804688, 72.397201538085938 ], [ -101.912002563476562, 72.472198486328125 ], [ -102.653099060058594, 72.67913818359375 ], [ -102.761398315429688, 72.779693603515625 ], [ -102.749496459960938, 72.81719970703125 ], [ -102.612800598144531, 72.896636962890625 ], [ -102.517799377441406, 73.0213623046875 ], [ -102.150596618652344, 73.086357116699219 ], [ -101.907203674316406, 73.052749633789062 ], [ -101.884201049804688, 73.024696350097656 ], [ -101.739700317382812, 72.975250244140625 ], [ -101.634498596191406, 72.886917114257812 ], [ -101.571701049804688, 72.8902587890625 ], [ -101.419998168945312, 72.786087036132812 ], [ -101.322196960449219, 72.778312683105469 ], [ -101.296401977539062, 72.744979858398438 ], [ -101.057502746582031, 72.686653137207031 ], [ -100.841400146484375, 72.701919555664062 ], [ -100.828102111816406, 72.758590698242188 ], [ -100.44830322265625, 72.735527038574219 ], [ -100.315299987792969, 72.802467346191406 ], [ -100.333602905273438, 72.848037719726562 ], [ -100.4989013671875, 72.950531005859375 ], [ -100.410301208496094, 73.03497314453125 ], [ -100.317001342773438, 73.034149169921875 ], [ -100.418601989746094, 72.983871459960938 ], [ -100.381698608398438, 72.949142456054688 ], [ -100.263099670410156, 72.960250854492188 ], [ -100.261100769042969, 72.92108154296875 ], [ -100.322502136230469, 72.910812377929688 ], [ -100.326103210449219, 72.878036499023438 ], [ -100.077499389648438, 72.886917114257812 ], [ -100.046699523925781, 72.952186584472656 ], [ -100.12860107421875, 73.010528564453125 ], [ -100.140602111816406, 73.048027038574219 ], [ -100.220802307128906, 73.04248046875 ], [ -100.169998168945312, 73.078582763671875 ], [ -100.295600891113281, 73.118026733398438 ], [ -100.448898315429688, 73.08135986328125 ], [ -100.607803344726562, 73.1463623046875 ], [ -100.472801208496094, 73.193313598632812 ], [ -100.523101806640625, 73.23052978515625 ], [ -100.301399230957031, 73.281082153320312 ], [ -100.053298950195312, 73.186370849609375 ], [ -99.819732666015625, 73.193313598632812 ], [ -99.794723510742188, 73.21331787109375 ], [ -100.065597534179688, 73.248031616210938 ], [ -100.333602905273438, 73.388313293457031 ], [ -100.402198791503906, 73.365806579589844 ], [ -100.336097717285156, 73.324981689453125 ], [ -100.82330322265625, 73.26080322265625 ], [ -101.0010986328125, 73.288040161132812 ], [ -101.61669921875, 73.485260009765625 ], [ -101.217201232910156, 73.604141235351562 ], [ -100.909400939941406, 73.599700927734375 ], [ -100.518600463867188, 73.416923522949219 ], [ -100.43060302734375, 73.40692138671875 ], [ -100.415000915527344, 73.41802978515625 ], [ -100.598602294921875, 73.4910888671875 ], [ -100.587501525878906, 73.530532836914062 ], [ -100.543899536132812, 73.556373596191406 ], [ -100.55169677734375, 73.598861694335938 ], [ -100.911697387695312, 73.622756958007812 ], [ -100.853897094726562, 73.662200927734375 ], [ -101.118301391601562, 73.723312377929688 ], [ -100.886398315429688, 73.827476501464844 ], [ -100.149398803710938, 73.799148559570312 ], [ -100.026901245117188, 73.729713439941406 ], [ -99.955841064453125, 73.813873291015625 ], [ -99.8497314453125, 73.859153747558594 ], [ -99.843338012695312, 73.878311157226562 ], [ -99.880836486816406, 73.900527954101562 ], [ -100.026702880859375, 73.836906433105469 ], [ -100.229202270507812, 73.831916809082031 ], [ -100.299697875976562, 73.860260009765625 ], [ -100.265800476074219, 73.899978637695312 ], [ -99.998062133789062, 73.943862915039062 ] ] ], [ [ [ -98.587783813476562, 73.832748413085938 ], [ -99.3819580078125, 73.869140625 ], [ -99.4375, 73.896926879882812 ], [ -99.317230224609375, 73.932479858398438 ], [ -97.75750732421875, 74.119422912597656 ], [ -97.653900146484375, 74.099983215332031 ], [ -97.638343811035156, 74.063873291015625 ], [ -97.763641357421875, 73.988311767578125 ], [ -98.287513732910156, 73.860809326171875 ], [ -98.587783813476562, 73.832748413085938 ] ] ], [ [ [ -104.229202270507812, 75.018043518066406 ], [ -104.706100463867188, 75.06719970703125 ], [ -104.922203063964844, 75.146087646484375 ], [ -104.688102722167969, 75.259696960449219 ], [ -104.768600463867188, 75.28192138671875 ], [ -104.4281005859375, 75.420806884765625 ], [ -104.155296325683594, 75.434982299804688 ], [ -103.803298950195312, 75.360260009765625 ], [ -103.814201354980469, 75.330810546875 ], [ -103.733901977539062, 75.274139404296875 ], [ -103.749702453613281, 75.234703063964844 ], [ -103.583297729492188, 75.164703369140625 ], [ -103.79949951171875, 75.077476501464844 ], [ -104.229202270507812, 75.018043518066406 ] ] ], [ [ [ -94.056121826171875, 71.982757568359375 ], [ -94.692779541015625, 72.013313293457031 ], [ -95.196670532226562, 71.986076354980469 ], [ -95.196670532226562, 72.052467346191406 ], [ -95.0836181640625, 72.097747802734375 ], [ -95.204727172851562, 72.102752685546875 ], [ -95.158889770507812, 72.13580322265625 ], [ -95.214752197265625, 72.20025634765625 ], [ -95.158889770507812, 72.345260620117188 ], [ -95.23638916015625, 72.4285888671875 ], [ -95.133621215820312, 72.460250854492188 ], [ -95.4586181640625, 72.682212829589844 ], [ -95.60028076171875, 72.722747802734375 ], [ -95.55029296875, 72.781082153320312 ], [ -95.652236938476562, 72.788589477539062 ], [ -95.67529296875, 72.841087341308594 ], [ -95.623336791992188, 72.922760009765625 ], [ -95.716400146484375, 72.993026733398438 ], [ -95.643623352050781, 73.047470092773438 ], [ -95.688606262207031, 73.080543518066406 ], [ -95.647781372070312, 73.11663818359375 ], [ -95.500312805175781, 73.128593444824219 ], [ -95.573623657226562, 73.153030395507812 ], [ -95.597236633300781, 73.21942138671875 ], [ -95.585563659667969, 73.298027038574219 ], [ -95.618896484375, 73.348861694335938 ], [ -95.600852966308594, 73.381637573242188 ], [ -95.684173583984375, 73.45025634765625 ], [ -95.632781982421875, 73.527763366699219 ], [ -95.7005615234375, 73.553863525390625 ], [ -95.545013427734375, 73.571640014648438 ], [ -95.619743347167969, 73.6221923828125 ], [ -95.723342895507812, 73.639976501464844 ], [ -95.6763916015625, 73.66497802734375 ], [ -95.6822509765625, 73.711906433105469 ], [ -95.450843811035156, 73.771087646484375 ], [ -95.283622741699219, 73.769149780273438 ], [ -95.041961669921875, 73.675811767578125 ], [ -94.652236938476562, 73.648590087890625 ], [ -94.649726867675781, 73.670806884765625 ], [ -94.977226257324219, 73.733306884765625 ], [ -95.089462280273438, 73.783309936523438 ], [ -95.116119384765625, 73.806640625 ], [ -94.958343505859375, 73.831916809082031 ], [ -95.024726867675781, 73.855262756347656 ], [ -95.154167175292969, 73.823593139648438 ], [ -95.3114013671875, 73.885246276855469 ], [ -95.32501220703125, 73.952476501464844 ], [ -95.245292663574219, 74.010246276855469 ], [ -94.325576782226562, 74.123306274414062 ], [ -93.952239990234375, 74.138870239257812 ], [ -93.741127014160156, 74.087753295898438 ], [ -93.761398315429688, 74.129150390625 ], [ -93.730827331542969, 74.154136657714844 ], [ -93.431953430175781, 74.172203063964844 ], [ -92.796676635742188, 74.124969482421875 ], [ -92.7489013671875, 74.113311767578125 ], [ -92.765556335449219, 74.085533142089844 ], [ -92.6380615234375, 74.10302734375 ], [ -92.33447265625, 74.0313720703125 ], [ -92.27362060546875, 73.99053955078125 ], [ -92.329727172851562, 73.942466735839844 ], [ -92.1138916015625, 73.952186584472656 ], [ -92.113357543945312, 73.981369018554688 ], [ -91.838363647460938, 74.01885986328125 ], [ -90.89697265625, 73.984970092773438 ], [ -90.225021362304688, 73.908576965332031 ], [ -90.215560913085938, 73.878036499023438 ], [ -90.275283813476562, 73.838592529296875 ], [ -90.327239990234375, 73.8721923828125 ], [ -90.382781982421875, 73.850250244140625 ], [ -90.357528686523438, 73.806640625 ], [ -90.583633422851562, 73.655807495117188 ], [ -90.805282592773438, 73.546920776367188 ], [ -90.989730834960938, 73.553306579589844 ], [ -90.921401977539062, 73.495246887207031 ], [ -91.26251220703125, 73.263870239257812 ], [ -91.63446044921875, 73.228866577148438 ], [ -91.368057250976562, 73.200813293457031 ], [ -91.845863342285156, 72.846649169921875 ], [ -92.109733581542969, 72.739151000976562 ], [ -92.293327331542969, 72.706092834472656 ], [ -93.2227783203125, 72.780807495117188 ], [ -93.334457397460938, 72.811370849609375 ], [ -93.603347778320312, 72.774978637695312 ], [ -94.2630615234375, 72.774139404296875 ], [ -94.321952819824219, 72.759407043457031 ], [ -94.327507019042969, 72.721649169921875 ], [ -93.794166564941406, 72.738861083984375 ], [ -93.791122436523438, 72.68914794921875 ], [ -93.823333740234375, 72.653030395507812 ], [ -93.769447326660156, 72.624969482421875 ], [ -93.606117248535156, 72.587196350097656 ], [ -93.498916625976562, 72.521926879882812 ], [ -93.463348388671875, 72.462196350097656 ], [ -93.628067016601562, 72.3419189453125 ], [ -93.7872314453125, 72.322746276855469 ], [ -94.014183044433594, 72.163856506347656 ], [ -94.066963195800781, 72.076637268066406 ], [ -94.228622436523438, 72.03997802734375 ], [ -94.190292358398438, 72.019149780273438 ], [ -94.031951904296875, 72.063026428222656 ], [ -94.056121826171875, 71.982757568359375 ] ] ], [ [ [ -111.462501525878906, 78.267471313476562 ], [ -111.795303344726562, 78.271087646484375 ], [ -111.982200622558594, 78.3438720703125 ], [ -112.381103515625, 78.358306884765625 ], [ -113.026901245117188, 78.272750854492188 ], [ -113.188301086425781, 78.269973754882812 ], [ -113.332496643066406, 78.328872680664062 ], [ -113.124198913574219, 78.420806884765625 ], [ -112.311698913574219, 78.53997802734375 ], [ -111.455596923828125, 78.592758178710938 ], [ -111.37860107421875, 78.617752075195312 ], [ -111.434700012207031, 78.643310546875 ], [ -110.394401550292969, 78.752197265625 ], [ -109.405296325683594, 78.556922912597656 ], [ -109.260597229003906, 78.455810546875 ], [ -109.333297729492188, 78.424972534179688 ], [ -109.404998779296875, 78.306373596191406 ], [ -110.715599060058594, 78.29248046875 ], [ -111.11669921875, 78.382476806640625 ], [ -111.306396484375, 78.37109375 ], [ -111.239700317382812, 78.323593139648438 ], [ -111.433601379394531, 78.323028564453125 ], [ -111.401901245117188, 78.283309936523438 ], [ -111.462501525878906, 78.267471313476562 ] ] ], [ [ [ -112.031097412109375, 77.324691772460938 ], [ -112.413101196289062, 77.356086730957031 ], [ -112.586700439453125, 77.431640625 ], [ -112.601097106933594, 77.45526123046875 ], [ -112.790802001953125, 77.441093444824219 ], [ -113.198097229003906, 77.523857116699219 ], [ -113.240303039550781, 77.587196350097656 ], [ -113.096397399902344, 77.614151000976562 ], [ -113.31500244140625, 77.783859252929688 ], [ -113.306396484375, 77.837196350097656 ], [ -113.230796813964844, 77.903587341308594 ], [ -112.493301391601562, 77.988311767578125 ], [ -111.093299865722656, 78.092483520507812 ], [ -110.861099243164062, 78.061653137207031 ], [ -110.727203369140625, 78.097747802734375 ], [ -109.791702270507812, 78.099136352539062 ], [ -109.605300903320312, 78.071090698242188 ], [ -109.581100463867188, 78.041366577148438 ], [ -109.669700622558594, 77.971649169921875 ], [ -110.196098327636719, 77.896636962890625 ], [ -110.895797729492188, 77.856086730957031 ], [ -110.900299072265625, 77.832748413085938 ], [ -110.743896484375, 77.773590087890625 ], [ -110.631103515625, 77.758033752441406 ], [ -110.161102294921875, 77.784149169921875 ], [ -110.080299377441406, 77.763313293457031 ], [ -110.113899230957031, 77.6927490234375 ], [ -110.040603637695312, 77.637481689453125 ], [ -110.162803649902344, 77.604713439941406 ], [ -110.081398010253906, 77.571372985839844 ], [ -110.117500305175781, 77.53997802734375 ], [ -110.502197265625, 77.460250854492188 ], [ -110.932197570800781, 77.408309936523438 ], [ -111.276702880859375, 77.424697875976562 ], [ -112.031097412109375, 77.324691772460938 ] ] ], [ [ [ -101.404197692871094, 76.552749633789062 ], [ -101.6885986328125, 76.586357116699219 ], [ -100.74420166015625, 76.753311157226562 ], [ -100.297500610351562, 76.721916198730469 ], [ -101.192802429199219, 76.571372985839844 ], [ -101.404197692871094, 76.552749633789062 ] ] ], [ [ [ -114.193099975585938, 77.698028564453125 ], [ -114.565597534179688, 77.7572021484375 ], [ -114.514198303222656, 77.7652587890625 ], [ -115.077201843261719, 77.938583374023438 ], [ -115.090797424316406, 77.963592529296875 ], [ -114.8197021484375, 77.973037719726562 ], [ -114.413902282714844, 78.065261840820312 ], [ -114.283599853515625, 78.05914306640625 ], [ -114.350601196289062, 78.032470703125 ], [ -113.601699829101562, 77.831092834472656 ], [ -113.587501525878906, 77.808029174804688 ], [ -113.908302307128906, 77.726356506347656 ], [ -114.193099975585938, 77.698028564453125 ] ] ], [ [ [ -125.263900756835938, 72.494422912597656 ], [ -124.952796936035156, 72.565261840820312 ], [ -124.968902587890625, 72.60498046875 ], [ -125.078102111816406, 72.616363525390625 ], [ -125.070297241210938, 72.636093139648438 ], [ -124.959999084472656, 72.680816650390625 ], [ -125.026100158691406, 72.821090698242188 ], [ -125.112503051757812, 72.850250244140625 ], [ -125.099998474121094, 72.871368408203125 ], [ -124.497200012207031, 72.919692993164062 ], [ -124.497200012207031, 72.977203369140625 ], [ -124.726097106933594, 73.006637573242188 ], [ -124.862503051757812, 73.068862915039062 ], [ -124.794700622558594, 73.134696960449219 ], [ -124.644699096679688, 73.1563720703125 ], [ -124.670799255371094, 73.186653137207031 ], [ -124.409400939941406, 73.36663818359375 ], [ -124.44580078125, 73.411087036132812 ], [ -124.30560302734375, 73.478591918945312 ], [ -124.101402282714844, 73.523857116699219 ], [ -124.038902282714844, 73.586906433105469 ], [ -124.078598022460938, 73.622756958007812 ], [ -124.067802429199219, 73.654693603515625 ], [ -123.844200134277344, 73.696090698242188 ], [ -123.774696350097656, 73.764419555664062 ], [ -123.907798767089844, 73.834701538085938 ], [ -124.134201049804688, 73.848312377929688 ], [ -124.217498779296875, 73.872756958007812 ], [ -124.25579833984375, 73.953582763671875 ], [ -124.467796325683594, 74.094970703125 ], [ -124.42669677734375, 74.109703063964844 ], [ -124.558097839355469, 74.266082763671875 ], [ -124.693099975585938, 74.269416809082031 ], [ -124.604202270507812, 74.312469482421875 ], [ -124.775001525878906, 74.319137573242188 ], [ -124.755599975585938, 74.342758178710938 ], [ -122.118598937988281, 74.491928100585938 ], [ -121.651901245117188, 74.548576354980469 ], [ -121.150802612304688, 74.509979248046875 ], [ -121.002197265625, 74.467758178710938 ], [ -120.971702575683594, 74.41802978515625 ], [ -119.639701843261719, 74.199142456054688 ], [ -119.824203491210938, 74.094703674316406 ], [ -119.80419921875, 74.046920776367188 ], [ -119.736297607421875, 74.024726867675781 ], [ -119.754997253417969, 74.079147338867188 ], [ -119.500801086425781, 74.2138671875 ], [ -119.184700012207031, 74.2169189453125 ], [ -119.121101379394531, 74.199691772460938 ], [ -119.090797424316406, 74.15692138671875 ], [ -119.131103515625, 74.126083374023438 ], [ -119.070602416992188, 74.114700317382812 ], [ -119.080802917480469, 74.0777587890625 ], [ -119.147201538085938, 74.062187194824219 ], [ -119.187202453613281, 73.987762451171875 ], [ -118.973098754882812, 74.000259399414062 ], [ -118.80059814453125, 74.095809936523438 ], [ -118.806999206542969, 74.133872985839844 ], [ -118.867202758789062, 74.1513671875 ], [ -118.886100769042969, 74.171920776367188 ], [ -118.69000244140625, 74.217758178710938 ], [ -118.12249755859375, 74.27581787109375 ], [ -117.512496948242188, 74.23858642578125 ], [ -116.785003662109375, 74.0596923828125 ], [ -115.763603210449219, 73.685256958007812 ], [ -115.448600769042969, 73.588592529296875 ], [ -115.324996948242188, 73.506927490234375 ], [ -115.31500244140625, 73.479713439941406 ], [ -115.834701538085938, 73.339981079101562 ], [ -116.838302612304688, 73.163040161132812 ], [ -117.24420166015625, 73.054702758789062 ], [ -117.642501831054688, 72.992202758789062 ], [ -119.158897399902344, 72.624969482421875 ], [ -119.18609619140625, 72.582473754882812 ], [ -119.170799255371094, 72.542762756347656 ], [ -119.305000305175781, 72.4447021484375 ], [ -119.332496643066406, 72.387191772460938 ], [ -119.302497863769531, 72.356643676757812 ], [ -119.787002563476562, 72.223587036132812 ], [ -120.167503356933594, 72.230796813964844 ], [ -120.176101684570312, 72.246368408203125 ], [ -120.139999389648438, 72.26776123046875 ], [ -120.241096496582031, 72.262481689453125 ], [ -120.261398315429688, 72.239700317382812 ], [ -120.145301818847656, 72.149978637695312 ], [ -120.175796508789062, 72.09442138671875 ], [ -120.439201354980469, 71.95831298828125 ], [ -120.43170166015625, 71.908042907714844 ], [ -120.379203796386719, 71.883872985839844 ], [ -120.426399230957031, 71.744422912597656 ], [ -120.37750244140625, 71.694137573242188 ], [ -120.473098754882812, 71.565536499023438 ], [ -120.543296813964844, 71.516647338867188 ], [ -120.766700744628906, 71.459701538085938 ], [ -121.394401550292969, 71.3802490234375 ], [ -121.537498474121094, 71.412483215332031 ], [ -121.531700134277344, 71.429428100585938 ], [ -121.581901550292969, 71.454421997070312 ], [ -121.703598022460938, 71.460823059082031 ], [ -122.144203186035156, 71.26080322265625 ], [ -122.593902587890625, 71.17803955078125 ], [ -122.781097412109375, 71.086090087890625 ], [ -123.095001220703125, 71.079971313476562 ], [ -123.303298950195312, 71.149696350097656 ], [ -123.480300903320312, 71.293296813964844 ], [ -123.634201049804688, 71.47247314453125 ], [ -124.013298034667969, 71.685806274414062 ], [ -124.953903198242188, 71.938026428222656 ], [ -124.94830322265625, 71.961090087890625 ], [ -125.787803649902344, 71.982192993164062 ], [ -125.724700927734375, 72.051933288574219 ], [ -125.717498779296875, 72.096359252929688 ], [ -125.792800903320312, 72.113037109375 ], [ -125.694198608398438, 72.164703369140625 ], [ -125.568901062011719, 72.174148559570312 ], [ -125.673103332519531, 72.21331787109375 ], [ -125.656700134277344, 72.251083374023438 ], [ -125.542198181152344, 72.251373291015625 ], [ -125.478599548339844, 72.28692626953125 ], [ -125.534400939941406, 72.295806884765625 ], [ -125.263900756835938, 72.494422912597656 ] ] ], [ [ [ -83.635452270507812, 72.98358154296875 ], [ -85.170578002929688, 73.210823059082031 ], [ -85.188629150390625, 73.228866577148438 ], [ -85.115859985351562, 73.314422607421875 ], [ -84.940567016601562, 73.363311767578125 ], [ -84.756683349609375, 73.381088256835938 ], [ -84.629203796386719, 73.298309326171875 ], [ -84.339752197265625, 73.226089477539062 ], [ -84.656417846679688, 73.390533447265625 ], [ -84.17169189453125, 73.475250244140625 ], [ -83.7247314453125, 73.413040161132812 ], [ -83.689468383789062, 73.323593139648438 ], [ -83.630859375, 73.297203063964844 ], [ -83.591140747070312, 73.307212829589844 ], [ -83.633636474609375, 73.428863525390625 ], [ -83.67974853515625, 73.453872680664062 ], [ -83.978912353515625, 73.49664306640625 ], [ -83.97918701171875, 73.518043518066406 ], [ -83.176681518554688, 73.66192626953125 ], [ -83.04583740234375, 73.64581298828125 ], [ -82.841140747070312, 73.732757568359375 ], [ -81.972503662109375, 73.730796813964844 ], [ -81.476409912109375, 73.698028564453125 ], [ -81.260032653808594, 73.563583374023438 ], [ -81.180572509765625, 73.415252685546875 ], [ -81.216140747070312, 73.303863525390625 ], [ -81.192520141601562, 73.260528564453125 ], [ -80.596412658691406, 73.148033142089844 ], [ -80.549468994140625, 73.081916809082031 ], [ -80.650863647460938, 72.969146728515625 ], [ -80.618072509765625, 72.911087036132812 ], [ -80.28363037109375, 72.777481079101562 ], [ -80.258071899414062, 72.72442626953125 ], [ -80.464752197265625, 72.665252685546875 ], [ -80.556411743164062, 72.607192993164062 ], [ -80.523910522460938, 72.577476501464844 ], [ -80.813919067382812, 72.497756958007812 ], [ -81.376419067382812, 72.241363525390625 ], [ -81.229736328125, 72.258590698242188 ], [ -80.880569458007812, 72.438308715820312 ], [ -80.55474853515625, 72.512481689453125 ], [ -80.509193420410156, 72.49664306640625 ], [ -80.514472961425781, 72.37969970703125 ], [ -80.680572509765625, 72.342193603515625 ], [ -80.825576782226562, 72.2572021484375 ], [ -80.839187622070312, 72.199691772460938 ], [ -80.962799072265625, 72.196372985839844 ], [ -80.569473266601562, 72.08831787109375 ], [ -80.574188232421875, 72.068313598632812 ], [ -80.646133422851562, 72.063308715820312 ], [ -80.771408081054688, 72.104141235351562 ], [ -81.061973571777344, 72.05413818359375 ], [ -81.046966552734375, 72.03997802734375 ], [ -80.847503662109375, 72.056640625 ], [ -80.793083190917969, 72.027763366699219 ], [ -80.841423034667969, 71.939971923828125 ], [ -80.983627319335938, 71.886367797851562 ], [ -80.903900146484375, 71.885246276855469 ], [ -80.756126403808594, 71.93414306640625 ], [ -80.746963500976562, 71.98248291015625 ], [ -80.556137084960938, 72.006927490234375 ], [ -80.350593566894531, 72.069137573242188 ], [ -80.352523803710938, 72.095542907714844 ], [ -80.455307006835938, 72.146636962890625 ], [ -80.486968994140625, 72.189422607421875 ], [ -80.235313415527344, 72.20330810546875 ], [ -80.306396484375, 72.2552490234375 ], [ -80.261138916015625, 72.29498291015625 ], [ -80.194473266601562, 72.287750244140625 ], [ -79.991676330566406, 72.176651000976562 ], [ -79.704193115234375, 72.128311157226562 ], [ -79.691970825195312, 72.141647338867188 ], [ -79.924179077148438, 72.190536499023438 ], [ -80.152252197265625, 72.310531616210938 ], [ -80.115592956542969, 72.359420776367188 ], [ -79.868362426757812, 72.432479858398438 ], [ -79.836959838867188, 72.498580932617188 ], [ -79.734466552734375, 72.484420776367188 ], [ -79.695556640625, 72.460823059082031 ], [ -79.76947021484375, 72.428863525390625 ], [ -79.769203186035156, 72.412200927734375 ], [ -79.595863342285156, 72.334701538085938 ], [ -79.768913269042969, 72.245246887207031 ], [ -79.769737243652344, 72.225807189941406 ], [ -79.712783813476562, 72.211090087890625 ], [ -79.689193725585938, 72.24359130859375 ], [ -79.535858154296875, 72.268592834472656 ], [ -79.450576782226562, 72.194976806640625 ], [ -79.467239379882812, 72.249420166015625 ], [ -79.543617248535156, 72.285812377929688 ], [ -79.342529296875, 72.400253295898438 ], [ -79.16864013671875, 72.353866577148438 ], [ -79.027786254882812, 72.277481079101562 ], [ -78.965850830078125, 72.285812377929688 ], [ -78.949462890625, 72.266647338867188 ], [ -79.03668212890625, 72.069427490234375 ], [ -79.206703186035156, 71.986648559570312 ], [ -79.190582275390625, 71.95831298828125 ], [ -78.996688842773438, 71.965263366699219 ], [ -78.5855712890625, 71.865806579589844 ], [ -78.511138916015625, 71.864700317382812 ], [ -78.519180297851562, 71.8802490234375 ], [ -78.924453735351562, 72.020538330078125 ], [ -78.8739013671875, 72.06719970703125 ], [ -78.87890625, 72.147476196289062 ], [ -78.854461669921875, 72.173027038574219 ], [ -78.512527465820312, 72.101089477539062 ], [ -78.460861206054688, 72.07330322265625 ], [ -78.381973266601562, 71.92803955078125 ], [ -78.156967163085938, 71.811370849609375 ], [ -77.906967163085938, 71.770538330078125 ], [ -78.140029907226562, 71.830543518066406 ], [ -78.321693420410156, 71.936920166015625 ], [ -78.279190063476562, 71.953582763671875 ], [ -78.140029907226562, 71.939422607421875 ], [ -77.797523498535156, 71.792762756347656 ], [ -77.752517700195312, 71.749153137207031 ], [ -77.698348999023438, 71.811920166015625 ], [ -77.866127014160156, 71.835250854492188 ], [ -78.053092956542969, 71.92913818359375 ], [ -78.334182739257812, 71.991363525390625 ], [ -78.392242431640625, 72.098587036132812 ], [ -78.696693420410156, 72.163589477539062 ], [ -78.869461059570312, 72.229713439941406 ], [ -78.793350219726562, 72.254966735839844 ], [ -78.751968383789062, 72.287750244140625 ], [ -78.795303344726562, 72.30609130859375 ], [ -78.805023193359375, 72.333038330078125 ], [ -78.60418701171875, 72.359420776367188 ], [ -78.515846252441406, 72.330543518066406 ], [ -78.529190063476562, 72.289703369140625 ], [ -78.4222412109375, 72.170806884765625 ], [ -78.384193420410156, 72.175537109375 ], [ -78.472793579101562, 72.242477416992188 ], [ -78.458908081054688, 72.299972534179688 ], [ -78.408363342285156, 72.325813293457031 ], [ -77.793907165527344, 72.242202758789062 ], [ -77.64447021484375, 72.186653137207031 ], [ -77.650863647460938, 72.094703674316406 ], [ -77.587249755859375, 72.134696960449219 ], [ -77.622238159179688, 72.1644287109375 ], [ -77.567520141601562, 72.180816650390625 ], [ -76.997222900390625, 72.128036499023438 ], [ -77.550018310546875, 72.198028564453125 ], [ -78.499191284179688, 72.404693603515625 ], [ -78.559463500976562, 72.450813293457031 ], [ -78.430572509765625, 72.586639404296875 ], [ -77.5986328125, 72.753593444824219 ], [ -77.259750366210938, 72.75164794921875 ], [ -76.753082275390625, 72.720542907714844 ], [ -76.653923034667969, 72.670806884765625 ], [ -76.681961059570312, 72.642471313476562 ], [ -76.215301513671875, 72.596076965332031 ], [ -76.150283813476562, 72.574142456054688 ], [ -76.162521362304688, 72.526092529296875 ], [ -76.107803344726562, 72.473037719726562 ], [ -76.037246704101562, 72.489433288574219 ], [ -76.070297241210938, 72.5455322265625 ], [ -75.988906860351562, 72.580810546875 ], [ -75.759193420410156, 72.579147338867188 ], [ -75.192520141601562, 72.491928100585938 ], [ -74.947532653808594, 72.249687194824219 ], [ -75.253082275390625, 72.116363525390625 ], [ -75.733352661132812, 72.134140014648438 ], [ -76.045852661132812, 72.076637268066406 ], [ -76.408889770507812, 71.854423522949219 ], [ -76.374473571777344, 71.842483520507812 ], [ -76.011138916015625, 72.049697875976562 ], [ -75.796966552734375, 72.103591918945312 ], [ -75.586143493652344, 72.12164306640625 ], [ -75.23333740234375, 72.084136962890625 ], [ -75.22113037109375, 72.064697265625 ], [ -75.281692504882812, 72.038589477539062 ], [ -75.515029907226562, 72.018310546875 ], [ -75.618911743164062, 71.978591918945312 ], [ -75.692520141601562, 71.83331298828125 ], [ -76.0855712890625, 71.691932678222656 ], [ -75.795303344726562, 71.725807189941406 ], [ -75.655029296875, 71.826103210449219 ], [ -75.513351440429688, 71.995246887207031 ], [ -75.174453735351562, 72.03192138671875 ], [ -75.109466552734375, 72.101089477539062 ], [ -74.9969482421875, 72.128593444824219 ], [ -74.275299072265625, 72.078033447265625 ], [ -74.122222900390625, 71.98358154296875 ], [ -74.124473571777344, 71.949981689453125 ], [ -74.212516784667969, 71.912750244140625 ], [ -74.171127319335938, 71.86859130859375 ], [ -74.263351440429688, 71.815811157226562 ], [ -74.575302124023438, 71.818862915039062 ], [ -74.563919067382812, 71.790252685546875 ], [ -75.085296630859375, 71.700813293457031 ], [ -74.95501708984375, 71.6785888671875 ], [ -74.956413269042969, 71.648323059082031 ], [ -75.406417846679688, 71.512191772460938 ], [ -75.205307006835938, 71.546371459960938 ], [ -74.7841796875, 71.682746887207031 ], [ -74.662521362304688, 71.68414306640625 ], [ -74.637527465820312, 71.641082763671875 ], [ -74.733917236328125, 71.575531005859375 ], [ -75.081703186035156, 71.5152587890625 ], [ -75.146133422851562, 71.463592529296875 ], [ -75.033363342285156, 71.513031005859375 ], [ -74.838363647460938, 71.521926879882812 ], [ -74.816131591796875, 71.493316650390625 ], [ -74.925857543945312, 71.454147338867188 ], [ -74.716690063476562, 71.419143676757812 ], [ -74.705856323242188, 71.380813598632812 ], [ -75.087516784667969, 71.20025634765625 ], [ -75.0653076171875, 71.180816650390625 ], [ -74.864471435546875, 71.252471923828125 ], [ -74.626129150390625, 71.398857116699219 ], [ -74.638076782226562, 71.426651000976562 ], [ -74.735580444335938, 71.47247314453125 ], [ -74.743072509765625, 71.511917114257812 ], [ -74.714462280273438, 71.546653747558594 ], [ -74.620033264160156, 71.558029174804688 ], [ -74.523063659667969, 71.662200927734375 ], [ -74.14697265625, 71.738861083984375 ], [ -74.097793579101562, 71.728866577148438 ], [ -74.239471435546875, 71.634140014648438 ], [ -74.25250244140625, 71.589981079101562 ], [ -74.218917846679688, 71.556640625 ], [ -74.148643493652344, 71.537483215332031 ], [ -74.208633422851562, 71.588027954101562 ], [ -74.211410522460938, 71.61859130859375 ], [ -74.015029907226562, 71.7410888671875 ], [ -73.944473266601562, 71.766647338867188 ], [ -73.716690063476562, 71.7763671875 ], [ -73.678337097167969, 71.723587036132812 ], [ -73.990592956542969, 71.527481079101562 ], [ -73.988906860351562, 71.461357116699219 ], [ -74.176406860351562, 71.302200317382812 ], [ -74.102798461914062, 71.30303955078125 ], [ -74.091690063476562, 71.285537719726562 ], [ -73.991127014160156, 71.329147338867188 ], [ -73.85418701171875, 71.535812377929688 ], [ -73.689193725585938, 71.588027954101562 ], [ -73.588638305664062, 71.572196960449219 ], [ -73.566970825195312, 71.544143676757812 ], [ -73.649749755859375, 71.441360473632812 ], [ -73.5836181640625, 71.388313293457031 ], [ -73.622528076171875, 71.356643676757812 ], [ -73.517242431640625, 71.379966735839844 ], [ -73.482803344726562, 71.434417724609375 ], [ -73.380287170410156, 71.385246276855469 ], [ -73.6822509765625, 71.24609375 ], [ -73.745849609375, 71.088592529296875 ], [ -73.873916625976562, 71.0697021484375 ], [ -73.879730224609375, 71.047760009765625 ], [ -73.715850830078125, 71.071640014648438 ], [ -73.66058349609375, 71.103866577148438 ], [ -73.673896789550781, 71.163040161132812 ], [ -73.615837097167969, 71.230262756347656 ], [ -73.434188842773438, 71.30859375 ], [ -73.436416625976562, 71.340530395507812 ], [ -73.349746704101562, 71.345260620117188 ], [ -73.121963500976562, 71.291641235351562 ], [ -73.053909301757812, 71.261642456054688 ], [ -73.27197265625, 71.220542907714844 ], [ -73.235023498535156, 71.173309326171875 ], [ -73.266128540039062, 71.124153137207031 ], [ -73.445571899414062, 71.040252685546875 ], [ -73.3778076171875, 70.98052978515625 ], [ -73.17388916015625, 71.15692138671875 ], [ -73.172523498535156, 71.21636962890625 ], [ -73.004753112792969, 71.239700317382812 ], [ -72.951423645019531, 71.316093444824219 ], [ -72.993072509765625, 71.397750854492188 ], [ -72.765846252441406, 71.423858642578125 ], [ -72.7589111328125, 71.437469482421875 ], [ -72.83807373046875, 71.506362915039062 ], [ -72.638641357421875, 71.544418334960938 ], [ -72.578079223632812, 71.653587341308594 ], [ -71.541412353515625, 71.499687194824219 ], [ -71.158363342285156, 71.28997802734375 ], [ -71.128631591796875, 71.251373291015625 ], [ -71.489730834960938, 71.061920166015625 ], [ -71.890296936035156, 71.109420776367188 ], [ -72.0855712890625, 71.07025146484375 ], [ -72.110023498535156, 71.01080322265625 ], [ -72.297523498535156, 70.947196960449219 ], [ -72.33416748046875, 70.878593444824219 ], [ -72.162246704101562, 70.829971313476562 ], [ -72.407699584960938, 70.689903259277344 ], [ -72.624481201171875, 70.6263427734375 ], [ -72.542800903320312, 70.609970092773438 ], [ -72.1561279296875, 70.773590087890625 ], [ -71.326141357421875, 70.885528564453125 ], [ -71.204742431640625, 70.85247802734375 ], [ -71.173896789550781, 70.862197875976562 ], [ -71.289466857910156, 70.913589477539062 ], [ -71.185577392578125, 71.019416809082031 ], [ -70.836143493652344, 71.114433288574219 ], [ -70.755577087402344, 71.11553955078125 ], [ -70.605026245117188, 71.056373596191406 ], [ -70.515029907226562, 70.940536499023438 ], [ -70.519737243652344, 70.913856506347656 ], [ -70.732803344726562, 70.824142456054688 ], [ -70.740859985351562, 70.75469970703125 ], [ -70.7861328125, 70.729713439941406 ], [ -71.083076477050781, 70.661636352539062 ], [ -71.175308227539062, 70.583587646484375 ], [ -71.592796325683594, 70.606918334960938 ], [ -71.58807373046875, 70.542762756347656 ], [ -71.724746704101562, 70.490806579589844 ], [ -71.759193420410156, 70.439971923828125 ], [ -71.865859985351562, 70.437469482421875 ], [ -71.9605712890625, 70.412483215332031 ], [ -71.727249145507812, 70.41748046875 ], [ -71.755577087402344, 70.329147338867188 ], [ -71.849746704101562, 70.290817260742188 ], [ -71.733627319335938, 70.313873291015625 ], [ -71.67474365234375, 70.369712829589844 ], [ -71.65557861328125, 70.47247314453125 ], [ -71.525299072265625, 70.524696350097656 ], [ -71.495567321777344, 70.578872680664062 ], [ -71.253082275390625, 70.549697875976562 ], [ -71.162246704101562, 70.520538330078125 ], [ -71.321693420410156, 70.306640625 ], [ -71.280029296875, 70.274978637695312 ], [ -71.289466857910156, 70.24609375 ], [ -71.515029907226562, 70.061080932617188 ], [ -71.528083801269531, 70.020248413085938 ], [ -71.331703186035156, 70.128593444824219 ], [ -71.063606262207031, 70.503593444824219 ], [ -71.053359985351562, 70.55303955078125 ], [ -70.997238159179688, 70.625808715820312 ], [ -69.873916625976562, 70.883323669433594 ], [ -69.773910522460938, 70.859420776367188 ], [ -69.926406860351562, 70.744712829589844 ], [ -70.245033264160156, 70.638313293457031 ], [ -70.423362731933594, 70.636917114257812 ], [ -70.478912353515625, 70.606643676757812 ], [ -70.400299072265625, 70.530258178710938 ], [ -70.4080810546875, 70.514137268066406 ], [ -70.493072509765625, 70.485809326171875 ], [ -70.309722900390625, 70.498031616210938 ], [ -70.390296936035156, 70.584426879882812 ], [ -70.382797241210938, 70.615249633789062 ], [ -70.120033264160156, 70.61859130859375 ], [ -70.027252197265625, 70.589706420898438 ], [ -69.987808227539062, 70.649978637695312 ], [ -69.847518920898438, 70.683296203613281 ], [ -69.665847778320312, 70.682212829589844 ], [ -69.649192810058594, 70.731086730957031 ], [ -69.569473266601562, 70.771926879882812 ], [ -69.414466857910156, 70.788589477539062 ], [ -68.329742431640625, 70.56719970703125 ], [ -68.279190063476562, 70.531082153320312 ], [ -68.296127319335938, 70.494140625 ], [ -68.451423645019531, 70.409416198730469 ], [ -68.451690673828125, 70.372482299804688 ], [ -68.49530029296875, 70.36859130859375 ], [ -68.581130981445312, 70.404136657714844 ], [ -68.548080444335938, 70.447746276855469 ], [ -68.58251953125, 70.46441650390625 ], [ -68.661972045898438, 70.43109130859375 ], [ -68.656967163085938, 70.338592529296875 ], [ -68.784187316894531, 70.310256958007812 ], [ -69.21502685546875, 70.277206420898438 ], [ -70.16668701171875, 70.036636352539062 ], [ -70.163093566894531, 70.012481689453125 ], [ -70.020576477050781, 70.05859375 ], [ -69.843917846679688, 70.024696350097656 ], [ -69.822532653808594, 69.981643676757812 ], [ -70.14862060546875, 69.962196350097656 ], [ -70.228912353515625, 69.911636352539062 ], [ -70.444183349609375, 69.860527038574219 ], [ -70.355850219726562, 69.84136962890625 ], [ -70.184188842773438, 69.910247802734375 ], [ -69.745567321777344, 69.974700927734375 ], [ -69.739471435546875, 70.001373291015625 ], [ -69.805023193359375, 70.038856506347656 ], [ -69.783912658691406, 70.08941650390625 ], [ -69.653350830078125, 70.144973754882812 ], [ -69.219467163085938, 70.188308715820312 ], [ -69.059463500976562, 70.165252685546875 ], [ -69.011688232421875, 70.18109130859375 ], [ -69.129753112792969, 70.214706420898438 ], [ -68.680572509765625, 70.203033447265625 ], [ -68.644203186035156, 70.147476196289062 ], [ -69.4605712890625, 69.813308715820312 ], [ -69.597518920898438, 69.837753295898438 ], [ -69.785293579101562, 69.827186584472656 ], [ -70.001129150390625, 69.656082153320312 ], [ -69.982803344726562, 69.61553955078125 ], [ -69.811126708984375, 69.728866577148438 ], [ -69.805572509765625, 69.772476196289062 ], [ -69.713363647460938, 69.807479858398438 ], [ -69.384750366210938, 69.780807495117188 ], [ -69.188346862792969, 69.88775634765625 ], [ -68.870292663574219, 69.953033447265625 ], [ -68.692520141601562, 69.93109130859375 ], [ -68.569747924804688, 70.014976501464844 ], [ -68.338363647460938, 70.06414794921875 ], [ -68.193626403808594, 70.123580932617188 ], [ -68.334747314453125, 70.141647338867188 ], [ -68.292251586914062, 70.186653137207031 ], [ -68.313629150390625, 70.222198486328125 ], [ -68.055862426757812, 70.322746276855469 ], [ -67.795028686523438, 70.258872985839844 ], [ -67.216957092285156, 69.937759399414062 ], [ -67.115859985351562, 69.727203369140625 ], [ -67.23724365234375, 69.715263366699219 ], [ -67.791412353515625, 69.7794189453125 ], [ -68.087799072265625, 69.756088256835938 ], [ -68.323638916015625, 69.628860473632812 ], [ -68.458358764648438, 69.629150390625 ], [ -69.329193115234375, 69.532470703125 ], [ -69.688919067382812, 69.569427490234375 ], [ -70.023216247558594, 69.536880493164062 ], [ -69.685028076171875, 69.548858642578125 ], [ -69.300018310546875, 69.506088256835938 ], [ -68.971412658691406, 69.555816650390625 ], [ -68.593917846679688, 69.585533142089844 ], [ -67.9464111328125, 69.454696655273438 ], [ -67.258636474609375, 69.467483520507812 ], [ -66.928359985351562, 69.383033752441406 ], [ -66.676406860351562, 69.26580810546875 ], [ -66.646682739257812, 69.203582763671875 ], [ -66.689743041992188, 69.16192626953125 ], [ -66.776138305664062, 69.128860473632812 ], [ -67.016693115234375, 69.1785888671875 ], [ -67.535293579101562, 69.159149169921875 ], [ -68.21002197265625, 69.311370849609375 ], [ -69.015029907226562, 69.35498046875 ], [ -69.241409301757812, 69.284149169921875 ], [ -69.235023498535156, 69.259696960449219 ], [ -69.115859985351562, 69.303306579589844 ], [ -68.172523498535156, 69.269699096679688 ], [ -68.088638305664062, 69.228866577148438 ], [ -68.130020141601562, 69.197746276855469 ], [ -68.263076782226562, 69.211357116699219 ], [ -68.505287170410156, 69.195823669433594 ], [ -68.707237243652344, 69.138313293457031 ], [ -69.011138916015625, 69.119712829589844 ], [ -69.091690063476562, 69.090812683105469 ], [ -68.926971435546875, 69.098312377929688 ], [ -68.956130981445312, 69.034149169921875 ], [ -69.015029907226562, 68.976089477539062 ], [ -68.930572509765625, 68.992752075195312 ], [ -68.926406860351562, 69.02581787109375 ], [ -68.615859985351562, 69.13580322265625 ], [ -68.351676940917969, 69.171653747558594 ], [ -67.725303649902344, 69.032203674316406 ], [ -67.72113037109375, 69.009696960449219 ], [ -68.029457092285156, 68.971359252929688 ], [ -68.314193725585938, 69.010528564453125 ], [ -68.485862731933594, 68.983306884765625 ], [ -68.303359985351562, 68.985809326171875 ], [ -68.040573120117188, 68.935256958007812 ], [ -68.089752197265625, 68.9013671875 ], [ -68.001129150390625, 68.885528564453125 ], [ -67.986968994140625, 68.854423522949219 ], [ -68.47308349609375, 68.898857116699219 ], [ -67.820297241210938, 68.787200927734375 ], [ -68.407791137695312, 68.839141845703125 ], [ -68.611968994140625, 68.835823059082031 ], [ -68.515296936035156, 68.813583374023438 ], [ -68.491676330566406, 68.791091918945312 ], [ -68.967529296875, 68.814697265625 ], [ -69.051971435546875, 68.846649169921875 ], [ -69.361968994140625, 68.874153137207031 ], [ -69.39447021484375, 68.857757568359375 ], [ -69.245567321777344, 68.851356506347656 ], [ -69.154167175292969, 68.827186584472656 ], [ -69.357803344726562, 68.829147338867188 ], [ -69.371406555175781, 68.812759399414062 ], [ -68.95751953125, 68.79052734375 ], [ -68.966690063476562, 68.754432678222656 ], [ -68.529190063476562, 68.74664306640625 ], [ -68.137527465820312, 68.691932678222656 ], [ -68.095863342285156, 68.657203674316406 ], [ -68.094467163085938, 68.627761840820312 ], [ -68.680572509765625, 68.655532836914062 ], [ -68.8839111328125, 68.60858154296875 ], [ -68.594192504882812, 68.633590698242188 ], [ -68.469467163085938, 68.606369018554688 ], [ -68.559463500976562, 68.581649780273438 ], [ -68.337799072265625, 68.593307495117188 ], [ -68.183639526367188, 68.564971923828125 ], [ -67.914466857910156, 68.546371459960938 ], [ -67.904190063476562, 68.455810546875 ], [ -67.9605712890625, 68.396926879882812 ], [ -67.898643493652344, 68.421653747558594 ], [ -67.864471435546875, 68.549423217773438 ], [ -67.52557373046875, 68.548576354980469 ], [ -67.493072509765625, 68.523590087890625 ], [ -67.634750366210938, 68.486648559570312 ], [ -67.603912353515625, 68.453582763671875 ], [ -67.622528076171875, 68.389137268066406 ], [ -67.6036376953125, 68.378860473632812 ], [ -67.551406860351562, 68.4144287109375 ], [ -67.562812805175781, 68.487762451171875 ], [ -67.232803344726562, 68.48052978515625 ], [ -67.191970825195312, 68.426361083984375 ], [ -67.100593566894531, 68.418296813964844 ], [ -67.112808227539062, 68.478866577148438 ], [ -66.961410522460938, 68.435806274414062 ], [ -66.803359985351562, 68.467193603515625 ], [ -66.663909912109375, 68.432479858398438 ], [ -67.011138916015625, 68.353591918945312 ], [ -67.28668212890625, 68.39581298828125 ], [ -67.745849609375, 68.343032836914062 ], [ -67.852798461914062, 68.307212829589844 ], [ -67.561691284179688, 68.33331298828125 ], [ -67.583358764648438, 68.286636352539062 ], [ -67.55169677734375, 68.258323669433594 ], [ -67.482528686523438, 68.325813293457031 ], [ -67.244186401367188, 68.358306884765625 ], [ -67.011688232421875, 68.316093444824219 ], [ -67.23248291015625, 68.281661987304688 ], [ -67.327796936035156, 68.24359130859375 ], [ -67.327796936035156, 68.18109130859375 ], [ -67.398643493652344, 68.14385986328125 ], [ -67.589752197265625, 68.16748046875 ], [ -67.480583190917969, 68.134696960449219 ], [ -67.374191284179688, 68.127471923828125 ], [ -67.273910522460938, 68.190811157226562 ], [ -67.289466857910156, 68.236358642578125 ], [ -67.12030029296875, 68.283042907714844 ], [ -66.769737243652344, 68.2410888671875 ], [ -66.823638916015625, 68.126373291015625 ], [ -66.965583801269531, 68.063873291015625 ], [ -66.953628540039062, 68.017196655273438 ], [ -66.748077392578125, 68.131637573242188 ], [ -66.68280029296875, 68.141372680664062 ], [ -66.678359985351562, 68.043296813964844 ], [ -66.735023498535156, 67.982192993164062 ], [ -66.647247314453125, 68.015533447265625 ], [ -66.62030029296875, 68.125808715820312 ], [ -66.579742431640625, 68.145538330078125 ], [ -66.329177856445312, 68.1322021484375 ], [ -66.310577392578125, 68.11859130859375 ], [ -66.390029907226562, 68.069427490234375 ], [ -66.2730712890625, 68.087753295898438 ], [ -66.184463500976562, 68.01885986328125 ], [ -66.396682739257812, 67.907760620117188 ], [ -66.398910522460938, 67.86859130859375 ], [ -66.739753723144531, 67.877761840820312 ], [ -66.496139526367188, 67.824417114257812 ], [ -66.406967163085938, 67.829147338867188 ], [ -66.39501953125, 67.776092529296875 ], [ -66.366127014160156, 67.777206420898438 ], [ -66.297813415527344, 67.935531616210938 ], [ -65.960296630859375, 68.034416198730469 ], [ -65.942520141601562, 68.10302734375 ], [ -65.9605712890625, 68.144416809082031 ], [ -65.920852661132812, 68.16192626953125 ], [ -65.857803344726562, 68.110260009765625 ], [ -65.853912353515625, 68.07330322265625 ], [ -66.029190063476562, 67.949142456054688 ], [ -65.944473266601562, 67.89385986328125 ], [ -66.02197265625, 67.650253295898438 ], [ -65.969192504882812, 67.67913818359375 ], [ -65.956130981445312, 67.818313598632812 ], [ -65.795303344726562, 67.868026733398438 ], [ -65.762527465820312, 67.914703369140625 ], [ -65.823638916015625, 67.962753295898438 ], [ -65.443626403808594, 67.992202758789062 ], [ -65.520576477050781, 67.843032836914062 ], [ -65.615859985351562, 67.786087036132812 ], [ -65.363906860351562, 67.59747314453125 ], [ -65.328628540039062, 67.619140625 ], [ -65.369461059570312, 67.7027587890625 ], [ -65.550857543945312, 67.778312683105469 ], [ -65.413360595703125, 67.918869018554688 ], [ -65.19085693359375, 67.95831298828125 ], [ -65.15863037109375, 68.002197265625 ], [ -65.059463500976562, 68.046920776367188 ], [ -65.001129150390625, 68.055526733398438 ], [ -64.7236328125, 67.99053955078125 ], [ -64.718353271484375, 67.976638793945312 ], [ -64.946693420410156, 67.917213439941406 ], [ -65.048896789550781, 67.844146728515625 ], [ -65.121963500976562, 67.820533752441406 ], [ -65.017791748046875, 67.820823669433594 ], [ -65.041412353515625, 67.761917114257812 ], [ -65.145858764648438, 67.738861083984375 ], [ -65.196693420410156, 67.697196960449219 ], [ -65.2044677734375, 67.648323059082031 ], [ -65.172500610351562, 67.633590698242188 ], [ -65.130020141601562, 67.715812683105469 ], [ -64.920028686523438, 67.790817260742188 ], [ -64.81640625, 67.7813720703125 ], [ -64.816131591796875, 67.710533142089844 ], [ -64.79974365234375, 67.690811157226562 ], [ -64.751968383789062, 67.777481079101562 ], [ -64.755859375, 67.8177490234375 ], [ -64.611968994140625, 67.826370239257812 ], [ -64.475593566894531, 67.797203063964844 ], [ -64.363632202148438, 67.759407043457031 ], [ -64.578346252441406, 67.696907043457031 ], [ -64.639472961425781, 67.660537719726562 ], [ -64.318077087402344, 67.734153747558594 ], [ -64.211410522460938, 67.674148559570312 ], [ -64.204742431640625, 67.645538330078125 ], [ -64.287246704101562, 67.621917724609375 ], [ -64.067520141601562, 67.600250244140625 ], [ -64.105850219726562, 67.549423217773438 ], [ -64.039749145507812, 67.533576965332031 ], [ -64.134742736816406, 67.490249633789062 ], [ -64.261138916015625, 67.465263366699219 ], [ -64.435577392578125, 67.478591918945312 ], [ -64.384750366210938, 67.45831298828125 ], [ -63.993350982666016, 67.449142456054688 ], [ -63.942508697509766, 67.374687194824219 ], [ -63.952510833740234, 67.335823059082031 ], [ -63.904170989990234, 67.301651000976562 ], [ -64.797523498535156, 67.356643676757812 ], [ -64.7347412109375, 67.333587646484375 ], [ -64.24639892578125, 67.298576354980469 ], [ -64.267242431640625, 67.274696350097656 ], [ -64.380577087402344, 67.247482299804688 ], [ -64.644203186035156, 67.242202758789062 ], [ -64.809738159179688, 67.210250854492188 ], [ -64.801406860351562, 67.19525146484375 ], [ -63.962791442871094, 67.270248413085938 ], [ -64.013351440429688, 67.212196350097656 ], [ -64.467529296875, 67.16748046875 ], [ -64.64752197265625, 67.117477416992188 ], [ -64.694473266601562, 67.03497314453125 ], [ -64.69696044921875, 67.003311157226562 ], [ -64.62835693359375, 67.012191772460938 ], [ -64.60418701171875, 67.08831787109375 ], [ -64.506683349609375, 67.129432678222656 ], [ -63.450569152832031, 67.22247314453125 ], [ -63.453899383544922, 67.169418334960938 ], [ -63.585559844970703, 67.08331298828125 ], [ -63.788349151611328, 67.011367797851562 ], [ -63.807510375976562, 66.988037109375 ], [ -63.772789001464844, 66.9588623046875 ], [ -63.767230987548828, 67.006088256835938 ], [ -63.439449310302734, 67.122482299804688 ], [ -63.411670684814453, 67.17608642578125 ], [ -63.418071746826172, 67.206092834472656 ], [ -63.299179077148438, 67.297760009765625 ], [ -63.2489013671875, 67.308868408203125 ], [ -63.202789306640625, 67.29302978515625 ], [ -63.293621063232422, 67.246368408203125 ], [ -63.214179992675781, 67.25775146484375 ], [ -63.170291900634766, 67.283859252929688 ], [ -63.207790374755859, 67.315811157226562 ], [ -63.122791290283203, 67.330810546875 ], [ -63.022789001464844, 67.298027038574219 ], [ -62.9716796875, 67.229423522949219 ], [ -63.035839080810547, 67.17108154296875 ], [ -63.27362060546875, 67.085250854492188 ], [ -63.220569610595703, 67.016921997070312 ], [ -63.227790832519531, 66.972747802734375 ], [ -63.593620300292969, 66.831649780273438 ], [ -63.822021484375, 66.81719970703125 ], [ -63.598339080810547, 66.80303955078125 ], [ -63.488899230957031, 66.82830810546875 ], [ -63.407508850097656, 66.814422607421875 ], [ -63.453060150146484, 66.711639404296875 ], [ -63.420291900634766, 66.698867797851562 ], [ -63.320289611816406, 66.81414794921875 ], [ -63.356121063232422, 66.874687194824219 ], [ -63.335559844970703, 66.895538330078125 ], [ -62.940288543701172, 66.966636657714844 ], [ -62.845851898193359, 66.930816650390625 ], [ -62.823619842529297, 66.803863525390625 ], [ -62.895290374755859, 66.641921997070312 ], [ -62.835559844970703, 66.666366577148438 ], [ -62.750289916992188, 66.868873596191406 ], [ -62.764728546142578, 66.925262451171875 ], [ -62.652240753173828, 66.949417114257812 ], [ -62.578620910644531, 66.947746276855469 ], [ -62.509738922119141, 66.90191650390625 ], [ -62.500850677490234, 66.842483520507812 ], [ -62.319450378417969, 66.726356506347656 ], [ -62.303340911865234, 66.772476196289062 ], [ -62.442508697509766, 66.888603210449219 ], [ -62.418899536132812, 66.926651000976562 ], [ -62.261119842529297, 66.948028564453125 ], [ -62.294460296630859, 67.0213623046875 ], [ -62.175289154052734, 67.050262451171875 ], [ -62.031959533691406, 67.045257568359375 ], [ -62.005569458007812, 67.035247802734375 ], [ -62.106121063232422, 66.917213439941406 ], [ -62.019180297851562, 66.901641845703125 ], [ -61.956680297851562, 66.9638671875 ], [ -61.838069915771484, 66.968582153320312 ], [ -61.865840911865234, 66.939971923828125 ], [ -61.749729156494141, 66.948028564453125 ], [ -61.748340606689453, 66.906646728515625 ], [ -62.007511138916016, 66.883033752441406 ], [ -61.972789764404297, 66.872482299804688 ], [ -61.713069915771484, 66.88580322265625 ], [ -61.612789154052734, 66.870796203613281 ], [ -61.636680603027344, 66.837753295898438 ], [ -61.690570831298828, 66.814422607421875 ], [ -61.547508239746094, 66.806640625 ], [ -61.314170837402344, 66.687187194824219 ], [ -61.262790679931641, 66.629432678222656 ], [ -61.272510528564453, 66.600250244140625 ], [ -61.447788238525391, 66.538307189941406 ], [ -61.598628997802734, 66.550262451171875 ], [ -61.734729766845703, 66.64581298828125 ], [ -62.005008697509766, 66.696640014648438 ], [ -62.016948699951172, 66.658042907714844 ], [ -62.186679840087891, 66.627197265625 ], [ -62.141120910644531, 66.60858154296875 ], [ -61.980289459228516, 66.648033142089844 ], [ -61.797229766845703, 66.611923217773438 ], [ -61.576679229736328, 66.487197875976562 ], [ -61.591960906982422, 66.467758178710938 ], [ -61.853900909423828, 66.416366577148438 ], [ -61.558071136474609, 66.413856506347656 ], [ -61.462791442871094, 66.369140625 ], [ -61.887508392333984, 66.280258178710938 ], [ -62.198898315429688, 66.31414794921875 ], [ -62.232231140136719, 66.3660888671875 ], [ -62.218620300292969, 66.396636962890625 ], [ -62.607509613037109, 66.4427490234375 ], [ -62.604179382324219, 66.403587341308594 ], [ -62.710010528564453, 66.410537719726562 ], [ -62.673900604248047, 66.393592834472656 ], [ -62.495010375976562, 66.405532836914062 ], [ -62.454181671142578, 66.353866577148438 ], [ -62.320289611816406, 66.308296203613281 ], [ -62.398349761962891, 66.273033142089844 ], [ -62.666950225830078, 66.21441650390625 ], [ -62.780849456787109, 66.277763366699219 ], [ -62.779460906982422, 66.307212829589844 ], [ -62.868061065673828, 66.336090087890625 ], [ -62.8739013671875, 66.318313598632812 ], [ -62.715011596679688, 66.201637268066406 ], [ -62.370838165283203, 66.184982299804688 ], [ -62.307510375976562, 66.156082153320312 ], [ -62.108341217041016, 66.143043518066406 ], [ -62.168071746826172, 66.119422912597656 ], [ -62.153068542480469, 66.100807189941406 ], [ -62.017230987548828, 66.076919555664062 ], [ -62.108898162841797, 66.049972534179688 ], [ -62.013069152832031, 66.023033142089844 ], [ -62.307788848876953, 65.973861694335938 ], [ -62.695560455322266, 66.042213439941406 ], [ -62.779170989990234, 66.033309936523438 ], [ -62.842231750488281, 66.06414794921875 ], [ -62.878620147705078, 66.125808715820312 ], [ -62.946949005126953, 66.148590087890625 ], [ -63.050289154052734, 66.126373291015625 ], [ -63.060291290283203, 66.116363525390625 ], [ -62.940570831298828, 66.123870849609375 ], [ -62.841960906982422, 66.027481079101562 ], [ -62.418338775634766, 65.970542907714844 ], [ -62.386119842529297, 65.931373596191406 ], [ -62.452789306640625, 65.924697875976562 ], [ -62.288070678710938, 65.813308715820312 ], [ -62.591949462890625, 65.800811767578125 ], [ -62.792240142822266, 65.861076354980469 ], [ -62.829730987548828, 65.899978637695312 ], [ -62.864181518554688, 65.911087036132812 ], [ -62.874729156494141, 65.883033752441406 ], [ -62.575290679931641, 65.761642456054688 ], [ -62.583629608154297, 65.723312377929688 ], [ -62.848068237304688, 65.763870239257812 ], [ -62.799449920654297, 65.711906433105469 ], [ -62.599720001220703, 65.675811767578125 ], [ -62.617790222167969, 65.614967346191406 ], [ -62.64556884765625, 65.587196350097656 ], [ -62.672229766845703, 65.597198486328125 ], [ -62.652511596679688, 65.634140014648438 ], [ -62.720291137695312, 65.626083374023438 ], [ -62.730838775634766, 65.5888671875 ], [ -62.851119995117188, 65.630538940429688 ], [ -62.886119842529297, 65.734420776367188 ], [ -62.949459075927734, 65.7552490234375 ], [ -62.892230987548828, 65.641921997070312 ], [ -62.953350067138672, 65.586906433105469 ], [ -62.996681213378906, 65.585533142089844 ], [ -63.010570526123047, 65.629150390625 ], [ -63.200569152832031, 65.633323669433594 ], [ -63.499179840087891, 65.935256958007812 ], [ -63.529170989990234, 65.876922607421875 ], [ -63.347511291503906, 65.676651000976562 ], [ -63.567508697509766, 65.653312683105469 ], [ -63.375289916992188, 65.6322021484375 ], [ -63.320011138916016, 65.593307495117188 ], [ -63.355289459228516, 65.537750244140625 ], [ -63.4747314453125, 65.523590087890625 ], [ -63.5966796875, 65.58331298828125 ], [ -63.511680603027344, 65.476089477539062 ], [ -63.446949005126953, 65.488311767578125 ], [ -63.295291900634766, 65.436370849609375 ], [ -63.394180297851562, 65.425262451171875 ], [ -63.5836181640625, 65.472747802734375 ], [ -63.614459991455078, 65.452476501464844 ], [ -63.391941070556641, 65.394973754882812 ], [ -63.49639892578125, 65.36663818359375 ], [ -63.335559844970703, 65.300537109375 ], [ -63.429458618164062, 65.270248413085938 ], [ -63.343898773193359, 65.264976501464844 ], [ -63.354450225830078, 65.2471923828125 ], [ -63.458339691162109, 65.239433288574219 ], [ -63.353900909423828, 65.201103210449219 ], [ -63.510570526123047, 65.193313598632812 ], [ -63.342231750488281, 65.140533447265625 ], [ -63.39862060546875, 65.078033447265625 ], [ -63.39862060546875, 65.029136657714844 ], [ -63.520011901855469, 64.976638793945312 ], [ -63.523059844970703, 64.903312683105469 ], [ -63.579730987548828, 64.897201538085938 ], [ -63.656398773193359, 64.937187194824219 ], [ -63.601119995117188, 64.981918334960938 ], [ -63.621959686279297, 65.001083374023438 ], [ -63.781398773193359, 64.976638793945312 ], [ -63.827510833740234, 65.00775146484375 ], [ -63.655288696289062, 65.038040161132812 ], [ -63.732509613037109, 65.048858642578125 ], [ -63.824459075927734, 65.027481079101562 ], [ -63.885841369628906, 65.079971313476562 ], [ -63.791400909423828, 65.167762756347656 ], [ -63.807510375976562, 65.184417724609375 ], [ -63.916400909423828, 65.134979248046875 ], [ -63.948619842529297, 65.100540161132812 ], [ -64.074722290039062, 65.120796203613281 ], [ -64.081413269042969, 65.063583374023438 ], [ -64.121139526367188, 65.043869018554688 ], [ -64.275863647460938, 65.098861694335938 ], [ -64.08197021484375, 65.196090698242188 ], [ -64.22308349609375, 65.198593139648438 ], [ -64.319747924804688, 65.148323059082031 ], [ -64.396133422851562, 65.207199096679688 ], [ -64.337799072265625, 65.289138793945312 ], [ -64.384193420410156, 65.274406433105469 ], [ -64.390029907226562, 65.304428100585938 ], [ -64.236686706542969, 65.421920776367188 ], [ -64.273063659667969, 65.4285888671875 ], [ -64.461692810058594, 65.29498291015625 ], [ -64.509750366210938, 65.120529174804688 ], [ -64.555572509765625, 65.092193603515625 ], [ -64.575851440429688, 65.127471923828125 ], [ -64.641128540039062, 65.149978637695312 ], [ -64.620849609375, 65.192466735839844 ], [ -64.716690063476562, 65.156082153320312 ], [ -64.697532653808594, 65.234970092773438 ], [ -64.706703186035156, 65.267471313476562 ], [ -64.81085205078125, 65.234153747558594 ], [ -64.896682739257812, 65.273323059082031 ], [ -64.892242431640625, 65.308296203613281 ], [ -64.6964111328125, 65.329696655273438 ], [ -64.909187316894531, 65.334701538085938 ], [ -64.710861206054688, 65.389976501464844 ], [ -64.442253112792969, 65.420257568359375 ], [ -64.439468383789062, 65.47998046875 ], [ -64.456703186035156, 65.444976806640625 ], [ -64.966690063476562, 65.405807495117188 ], [ -64.989753723144531, 65.368316650390625 ], [ -65.136138916015625, 65.422470092773438 ], [ -65.168907165527344, 65.482757568359375 ], [ -64.789176940917969, 65.584136962890625 ], [ -64.839752197265625, 65.613861083984375 ], [ -64.821693420410156, 65.641647338867188 ], [ -64.70947265625, 65.650527954101562 ], [ -64.81890869140625, 65.66192626953125 ], [ -64.950302124023438, 65.568313598632812 ], [ -65.110313415527344, 65.541091918945312 ], [ -65.220863342285156, 65.554977416992188 ], [ -65.180282592773438, 65.593582153320312 ], [ -65.303909301757812, 65.60552978515625 ], [ -65.295852661132812, 65.631637573242188 ], [ -65.126129150390625, 65.633323669433594 ], [ -64.981407165527344, 65.704696655273438 ], [ -64.803359985351562, 65.714141845703125 ], [ -64.828079223632812, 65.72998046875 ], [ -65.0472412109375, 65.712478637695312 ], [ -65.168350219726562, 65.656082153320312 ], [ -65.431411743164062, 65.669143676757812 ], [ -65.442787170410156, 65.699691772460938 ], [ -65.374191284179688, 65.770248413085938 ], [ -65.401138305664062, 65.7813720703125 ], [ -65.472793579101562, 65.736358642578125 ], [ -65.505577087402344, 65.743316650390625 ], [ -65.408363342285156, 65.87164306640625 ], [ -65.1177978515625, 65.964981079101562 ], [ -64.940582275390625, 66.001922607421875 ], [ -64.754997253417969, 65.966087341308594 ], [ -64.755287170410156, 65.984703063964844 ], [ -64.851409912109375, 66.028312683105469 ], [ -64.721687316894531, 66.217483520507812 ], [ -64.396682739257812, 66.329696655273438 ], [ -64.591690063476562, 66.30859375 ], [ -64.84002685546875, 66.193313598632812 ], [ -64.85418701171875, 66.109703063964844 ], [ -65.498916625976562, 65.970260620117188 ], [ -65.888076782226562, 65.948593139648438 ], [ -65.94140625, 65.990249633789062 ], [ -65.964187622070312, 66.043869018554688 ], [ -65.472236633300781, 66.311920166015625 ], [ -65.479751586914062, 66.387191772460938 ], [ -65.952239990234375, 66.108871459960938 ], [ -66.200851440429688, 66.169418334960938 ], [ -66.240837097167969, 66.234703063964844 ], [ -66.420028686523438, 66.27581787109375 ], [ -66.422523498535156, 66.256088256835938 ], [ -66.371688842773438, 66.225250244140625 ], [ -66.380020141601562, 66.204971313476562 ], [ -66.489753723144531, 66.2027587890625 ], [ -66.5411376953125, 66.24163818359375 ], [ -66.515029907226562, 66.283309936523438 ], [ -66.474746704101562, 66.275253295898438 ], [ -66.515296936035156, 66.318588256835938 ], [ -66.47113037109375, 66.347747802734375 ], [ -66.565582275390625, 66.3438720703125 ], [ -66.550308227539062, 66.373870849609375 ], [ -66.438629150390625, 66.404136657714844 ], [ -66.466423034667969, 66.41497802734375 ], [ -66.728912353515625, 66.383323669433594 ], [ -66.677520751953125, 66.449691772460938 ], [ -66.755020141601562, 66.431922912597656 ], [ -66.821693420410156, 66.535537719726562 ], [ -66.72308349609375, 66.576637268066406 ], [ -66.749740600585938, 66.594970703125 ], [ -66.851966857910156, 66.58331298828125 ], [ -67.0230712890625, 66.643310546875 ], [ -67.043350219726562, 66.625808715820312 ], [ -66.887802124023438, 66.569427490234375 ], [ -66.997238159179688, 66.5294189453125 ], [ -67.149749755859375, 66.53192138671875 ], [ -67.124191284179688, 66.513870239257812 ], [ -67.079742431640625, 66.511917114257812 ], [ -67.105850219726562, 66.485809326171875 ], [ -67.198638916015625, 66.494140625 ], [ -67.21807861328125, 66.538307189941406 ], [ -67.5230712890625, 66.6221923828125 ], [ -67.542800903320312, 66.60247802734375 ], [ -67.515029907226562, 66.573593139648438 ], [ -67.726966857910156, 66.576637268066406 ], [ -67.722793579101562, 66.558029174804688 ], [ -67.317787170410156, 66.531082153320312 ], [ -67.148643493652344, 66.443862915039062 ], [ -67.140029907226562, 66.37664794921875 ], [ -67.185302734375, 66.36358642578125 ], [ -67.350303649902344, 66.428863525390625 ], [ -67.406417846679688, 66.429702758789062 ], [ -67.37835693359375, 66.398590087890625 ], [ -67.143356323242188, 66.319976806640625 ], [ -67.15252685546875, 66.299972534179688 ], [ -67.399192810058594, 66.29248046875 ], [ -67.638641357421875, 66.445533752441406 ], [ -67.798629760742188, 66.460250854492188 ], [ -67.923896789550781, 66.516082763671875 ], [ -67.993072509765625, 66.506927490234375 ], [ -67.760833740234375, 66.3580322265625 ], [ -67.701423645019531, 66.284698486328125 ], [ -67.749473571777344, 66.252197265625 ], [ -67.165023803710938, 66.03692626953125 ], [ -67.311973571777344, 65.996917724609375 ], [ -67.171966552734375, 65.926361083984375 ], [ -67.201972961425781, 65.909149169921875 ], [ -67.4111328125, 65.943862915039062 ], [ -67.454193115234375, 65.897476196289062 ], [ -67.681961059570312, 65.925262451171875 ], [ -67.743072509765625, 65.960533142089844 ], [ -67.745567321777344, 65.936080932617188 ], [ -67.703079223632812, 65.893043518066406 ], [ -67.839752197265625, 65.883872985839844 ], [ -67.938629150390625, 65.908042907714844 ], [ -67.989471435546875, 65.986076354980469 ], [ -68.030853271484375, 65.998031616210938 ], [ -67.990859985351562, 66.092483520507812 ], [ -68.230583190917969, 66.1463623046875 ], [ -68.265029907226562, 66.218582153320312 ], [ -68.338623046875, 66.217193603515625 ], [ -68.336143493652344, 66.174972534179688 ], [ -68.417236328125, 66.20526123046875 ], [ -68.456413269042969, 66.2713623046875 ], [ -68.5230712890625, 66.299423217773438 ], [ -68.448638916015625, 66.182212829589844 ], [ -68.278083801269531, 66.083587646484375 ], [ -68.225593566894531, 66.069976806640625 ], [ -68.223358154296875, 66.126083374023438 ], [ -68.027252197265625, 66.074981689453125 ], [ -68.053627014160156, 65.9910888671875 ], [ -68.091423034667969, 65.980796813964844 ], [ -68.104751586914062, 66.0152587890625 ], [ -68.185577392578125, 66.027481079101562 ], [ -68.205581665039062, 66.002761840820312 ], [ -68.1197509765625, 65.973861694335938 ], [ -68.134193420410156, 65.96331787109375 ], [ -68.333633422851562, 66.043586730957031 ], [ -68.32391357421875, 66.003860473632812 ], [ -68.260299682617188, 65.957748413085938 ], [ -68.315567016601562, 65.959701538085938 ], [ -68.333633422851562, 65.931922912597656 ], [ -68.306137084960938, 65.908859252929688 ], [ -68.150299072265625, 65.930526733398438 ], [ -68.149192810058594, 65.889686584472656 ], [ -68.182533264160156, 65.851638793945312 ], [ -68.081123352050781, 65.834426879882812 ], [ -68.205581665039062, 65.79498291015625 ], [ -67.901962280273438, 65.784698486328125 ], [ -67.813629150390625, 65.811653137207031 ], [ -67.8214111328125, 65.768043518066406 ], [ -67.972793579101562, 65.709136962890625 ], [ -67.874191284179688, 65.643310546875 ], [ -67.903083801269531, 65.612472534179688 ], [ -67.998916625976562, 65.566932678222656 ], [ -67.951972961425781, 65.568313598632812 ], [ -68.030853271484375, 65.484420776367188 ], [ -67.730583190917969, 65.636367797851562 ], [ -67.399192810058594, 65.676933288574219 ], [ -67.265296936035156, 65.623306274414062 ], [ -67.256973266601562, 65.599136352539062 ], [ -67.336143493652344, 65.580810546875 ], [ -67.261138916015625, 65.529693603515625 ], [ -67.36224365234375, 65.546920776367188 ], [ -67.404739379882812, 65.519699096679688 ], [ -67.3355712890625, 65.494140625 ], [ -67.456703186035156, 65.501922607421875 ], [ -67.339752197265625, 65.444427490234375 ], [ -67.065582275390625, 65.458587646484375 ], [ -67.107803344726562, 65.367752075195312 ], [ -67.408912658691406, 65.334136962890625 ], [ -67.326972961425781, 65.316932678222656 ], [ -67.120033264160156, 65.309982299804688 ], [ -67.168350219726562, 65.268043518066406 ], [ -67.077796936035156, 65.250259399414062 ], [ -67.120567321777344, 65.214141845703125 ], [ -66.990859985351562, 65.19830322265625 ], [ -66.934738159179688, 65.233871459960938 ], [ -66.959182739257812, 65.106643676757812 ], [ -67.055572509765625, 65.105262756347656 ], [ -67.108612060546875, 65.060256958007812 ], [ -66.8980712890625, 65.064971923828125 ], [ -66.826423645019531, 65.149139404296875 ], [ -66.730583190917969, 65.181373596191406 ], [ -66.75335693359375, 65.113311767578125 ], [ -66.827529907226562, 65.094703674316406 ], [ -66.799468994140625, 65.064697265625 ], [ -66.851966857910156, 65.033859252929688 ], [ -66.773361206054688, 65.028587341308594 ], [ -66.735023498535156, 64.99664306640625 ], [ -66.747238159179688, 64.95831298828125 ], [ -66.830307006835938, 64.940811157226562 ], [ -66.7447509765625, 64.926361083984375 ], [ -66.727523803710938, 64.905258178710938 ], [ -66.735023498535156, 64.824691772460938 ], [ -66.699600219726562, 64.76068115234375 ], [ -66.632522583007812, 64.7813720703125 ], [ -66.684738159179688, 64.80914306640625 ], [ -66.690017700195312, 65.038856506347656 ], [ -66.535293579101562, 65.01080322265625 ], [ -66.541412353515625, 64.954147338867188 ], [ -66.480583190917969, 64.983871459960938 ], [ -66.495567321777344, 64.938873291015625 ], [ -66.379203796386719, 64.912200927734375 ], [ -66.353912353515625, 64.941093444824219 ], [ -66.309188842773438, 64.904693603515625 ], [ -66.316970825195312, 64.869422912597656 ], [ -66.251693725585938, 64.900253295898438 ], [ -66.148361206054688, 64.868873596191406 ], [ -66.192253112792969, 64.77886962890625 ], [ -66.33807373046875, 64.768310546875 ], [ -66.206413269042969, 64.721076965332031 ], [ -66.197250366210938, 64.683029174804688 ], [ -66.152252197265625, 64.68914794921875 ], [ -66.138923645019531, 64.749977111816406 ], [ -66.064743041992188, 64.828582763671875 ], [ -66.01141357421875, 64.848312377929688 ], [ -66.011138916015625, 64.734153747558594 ], [ -66.002243041992188, 64.758590698242188 ], [ -65.950576782226562, 64.758323669433594 ], [ -65.942787170410156, 64.711906433105469 ], [ -65.823066711425781, 64.631927490234375 ], [ -65.900299072265625, 64.74163818359375 ], [ -65.855850219726562, 64.750526428222656 ], [ -65.938629150390625, 64.799972534179688 ], [ -65.886688232421875, 64.822196960449219 ], [ -65.958633422851562, 64.877761840820312 ], [ -65.92474365234375, 64.891372680664062 ], [ -65.780029296875, 64.859970092773438 ], [ -65.787246704101562, 64.801651000976562 ], [ -65.733627319335938, 64.84442138671875 ], [ -65.664466857910156, 64.808296203613281 ], [ -65.7427978515625, 64.7410888671875 ], [ -65.704742431640625, 64.687469482421875 ], [ -65.708633422851562, 64.736076354980469 ], [ -65.665298461914062, 64.7713623046875 ], [ -65.627517700195312, 64.771087646484375 ], [ -65.561416625976562, 64.7330322265625 ], [ -65.576972961425781, 64.652481079101562 ], [ -65.725303649902344, 64.52581787109375 ], [ -65.708633422851562, 64.486648559570312 ], [ -65.518081665039062, 64.499687194824219 ], [ -65.505577087402344, 64.4688720703125 ], [ -65.374740600585938, 64.52581787109375 ], [ -65.345863342285156, 64.497482299804688 ], [ -65.415298461914062, 64.45330810546875 ], [ -65.39752197265625, 64.443313598632812 ], [ -65.334182739257812, 64.480262756347656 ], [ -65.276687622070312, 64.460823059082031 ], [ -65.263076782226562, 64.51776123046875 ], [ -65.2105712890625, 64.536087036132812 ], [ -65.238357543945312, 64.483306884765625 ], [ -65.120033264160156, 64.513313293457031 ], [ -65.157241821289062, 64.470809936523438 ], [ -65.085296630859375, 64.479713439941406 ], [ -65.071952819824219, 64.430816650390625 ], [ -65.1763916015625, 64.391372680664062 ], [ -65.238357543945312, 64.407760620117188 ], [ -65.262802124023438, 64.378860473632812 ], [ -65.196136474609375, 64.365249633789062 ], [ -65.180572509765625, 64.336906433105469 ], [ -65.202529907226562, 64.306373596191406 ], [ -65.3436279296875, 64.29498291015625 ], [ -65.554176330566406, 64.32330322265625 ], [ -65.654190063476562, 64.301651000976562 ], [ -65.435577392578125, 64.2894287109375 ], [ -65.442787170410156, 64.276092529296875 ], [ -65.563346862792969, 64.248306274414062 ], [ -65.2830810546875, 64.221076965332031 ], [ -65.269203186035156, 64.197196960449219 ], [ -65.392242431640625, 64.155807495117188 ], [ -65.358627319335938, 64.146636962890625 ], [ -65.2730712890625, 64.17913818359375 ], [ -65.115859985351562, 64.106369018554688 ], [ -65.170578002929688, 64.071372985839844 ], [ -65.054466247558594, 64.074142456054688 ], [ -65.103912353515625, 64.049148559570312 ], [ -65.221412658691406, 64.036361694335938 ], [ -65.1903076171875, 64.020248413085938 ], [ -64.949188232421875, 64.014976501464844 ], [ -64.942520141601562, 63.984710693359375 ], [ -64.686416625976562, 64.039138793945312 ], [ -64.630577087402344, 63.978321075439453 ], [ -64.969467163085938, 63.854988098144531 ], [ -64.987518310546875, 63.823040008544922 ], [ -64.941703796386719, 63.773319244384766 ], [ -64.660018920898438, 63.731929779052734 ], [ -64.52752685546875, 63.676929473876953 ], [ -64.506973266601562, 63.636928558349609 ], [ -64.558349609375, 63.558879852294922 ], [ -64.522781372070312, 63.51470947265625 ], [ -64.498916625976562, 63.429149627685547 ], [ -64.545578002929688, 63.395549774169922 ], [ -64.627517700195312, 63.416660308837891 ], [ -64.598907470703125, 63.380550384521484 ], [ -64.510299682617188, 63.374980926513672 ], [ -64.508071899414062, 63.309429168701172 ], [ -64.622238159179688, 63.322208404541016 ], [ -64.587799072265625, 63.299709320068359 ], [ -64.482803344726562, 63.285820007324219 ], [ -64.636138916015625, 63.235271453857422 ], [ -64.775863647460938, 63.352210998535156 ], [ -64.83447265625, 63.498600006103516 ], [ -65.193626403808594, 63.763320922851562 ], [ -65.150863647460938, 63.772209167480469 ], [ -65.2811279296875, 63.810260772705078 ], [ -64.984466552734375, 63.586929321289062 ], [ -65.085861206054688, 63.563880920410156 ], [ -65.102249145507812, 63.536651611328125 ], [ -65.043083190917969, 63.459709167480469 ], [ -65.123626708984375, 63.4002685546875 ], [ -65.035858154296875, 63.402488708496094 ], [ -64.947250366210938, 63.357769012451172 ], [ -64.901138305664062, 63.237491607666016 ], [ -65.136138916015625, 63.290821075439453 ], [ -65.113906860351562, 63.252208709716797 ], [ -64.968917846679688, 63.217208862304688 ], [ -65.030296325683594, 63.207489013671875 ], [ -65.055023193359375, 63.182209014892578 ], [ -64.821136474609375, 63.140819549560547 ], [ -64.75335693359375, 63.096660614013672 ], [ -64.864471435546875, 63.088871002197266 ], [ -64.767242431640625, 63.062210083007812 ], [ -64.790847778320312, 63.045269012451172 ], [ -64.771408081054688, 62.983318328857422 ], [ -64.846687316894531, 62.967208862304688 ], [ -64.6964111328125, 62.95220947265625 ], [ -64.648910522460938, 62.892768859863281 ], [ -64.953079223632812, 62.895820617675781 ], [ -65.080581665039062, 62.9385986328125 ], [ -65.126968383789062, 62.993320465087891 ], [ -65.153350830078125, 62.978870391845703 ], [ -65.12030029296875, 62.923038482666016 ], [ -65.269203186035156, 63.002208709716797 ], [ -65.281692504882812, 62.972488403320312 ], [ -64.985023498535156, 62.714160919189453 ], [ -64.928359985351562, 62.632209777832031 ], [ -65.14501953125, 62.565818786621094 ], [ -65.20501708984375, 62.56610107421875 ], [ -65.295303344726562, 62.669429779052734 ], [ -65.350593566894531, 62.679710388183594 ], [ -65.328628540039062, 62.731929779052734 ], [ -65.244186401367188, 62.779148101806641 ], [ -65.361968994140625, 62.774711608886719 ], [ -65.3638916015625, 62.816928863525391 ], [ -65.255020141601562, 62.827770233154297 ], [ -65.339752197265625, 62.837490081787109 ], [ -65.326141357421875, 62.922771453857422 ], [ -65.361396789550781, 62.909431457519531 ], [ -65.39697265625, 62.825820922851562 ], [ -65.5794677734375, 62.811939239501953 ], [ -65.750846862792969, 62.922489166259766 ], [ -65.685577392578125, 62.998878479003906 ], [ -65.718353271484375, 63.049991607666016 ], [ -65.743911743164062, 63.041099548339844 ], [ -65.743911743164062, 62.9658203125 ], [ -65.814468383789062, 62.945541381835938 ], [ -65.824188232421875, 62.921939849853516 ], [ -65.781417846679688, 62.888599395751953 ], [ -65.79364013671875, 62.870269775390625 ], [ -65.961959838867188, 62.927490234375 ], [ -65.835006713867188, 63.026371002197266 ], [ -65.926406860351562, 63.008319854736328 ], [ -65.950576782226562, 62.975818634033203 ], [ -66.031417846679688, 62.984710693359375 ], [ -66.275863647460938, 63.133880615234375 ], [ -66.270286560058594, 63.104709625244141 ], [ -66.094192504882812, 62.986930847167969 ], [ -66.103363037109375, 62.946659088134766 ], [ -66.159187316894531, 62.936649322509766 ], [ -66.518630981445312, 63.065269470214844 ], [ -66.545303344726562, 63.195541381835938 ], [ -66.69000244140625, 63.281101226806641 ], [ -66.670578002929688, 63.344711303710938 ], [ -66.738906860351562, 63.294158935546875 ], [ -66.685577392578125, 63.248050689697266 ], [ -66.607803344726562, 63.210269927978516 ], [ -66.58807373046875, 63.105548858642578 ], [ -66.560302734375, 63.078880310058594 ], [ -66.60614013671875, 63.064708709716797 ], [ -66.537803649902344, 62.998050689697266 ], [ -66.673080444335938, 63.023040771484375 ], [ -66.768356323242188, 63.0877685546875 ], [ -66.806961059570312, 63.272491455078125 ], [ -66.841957092285156, 63.263320922851562 ], [ -66.84613037109375, 63.229709625244141 ], [ -66.79974365234375, 63.177490234375 ], [ -66.818359375, 63.154148101806641 ], [ -66.8980712890625, 63.171379089355469 ], [ -67.023910522460938, 63.243038177490234 ], [ -66.947799682617188, 63.284160614013672 ], [ -67.006126403808594, 63.316661834716797 ], [ -66.97113037109375, 63.38970947265625 ], [ -67.000846862792969, 63.401660919189453 ], [ -67.0411376953125, 63.335540771484375 ], [ -67.014450073242188, 63.286380767822266 ], [ -67.051971435546875, 63.273319244384766 ], [ -67.180023193359375, 63.275539398193359 ], [ -67.346969604492188, 63.374149322509766 ], [ -67.39752197265625, 63.459148406982422 ], [ -67.420028686523438, 63.431381225585938 ], [ -67.477783203125, 63.428878784179688 ], [ -67.670303344726562, 63.6533203125 ], [ -67.778350830078125, 63.636928558349609 ], [ -67.883056640625, 63.744709014892578 ], [ -67.861968994140625, 63.680820465087891 ], [ -67.79974365234375, 63.632488250732422 ], [ -67.801971435546875, 63.552211761474609 ], [ -67.6722412109375, 63.412490844726562 ], [ -67.674186706542969, 63.378318786621094 ], [ -67.724472045898438, 63.364158630371094 ], [ -68.176406860351562, 63.601100921630859 ], [ -68.247528076171875, 63.597488403320312 ], [ -68.216949462890625, 63.627208709716797 ], [ -68.263076782226562, 63.688041687011719 ], [ -68.312812805175781, 63.690269470214844 ], [ -68.2711181640625, 63.638050079345703 ], [ -68.365859985351562, 63.645259857177734 ], [ -68.489753723144531, 63.736099243164062 ], [ -68.996917724609375, 63.754119873046875 ], [ -68.717796325683594, 63.528598785400391 ], [ -68.301406860351562, 63.306659698486328 ], [ -68.206703186035156, 63.227210998535156 ], [ -68.244461059570312, 63.206100463867188 ], [ -67.917526245117188, 63.137210845947266 ], [ -67.963348388671875, 63.064990997314453 ], [ -67.914466857910156, 63.07720947265625 ], [ -67.886138916015625, 63.120540618896484 ], [ -67.610313415527344, 63.094150543212891 ], [ -67.624191284179688, 63.061100006103516 ], [ -67.783363342285156, 63.024150848388672 ], [ -67.769737243652344, 62.958320617675781 ], [ -67.718917846679688, 62.958049774169922 ], [ -67.698348999023438, 63.020820617675781 ], [ -67.565582275390625, 63.049430847167969 ], [ -67.500312805175781, 63.015541076660156 ], [ -67.572799682617188, 62.963871002197266 ], [ -67.410293579101562, 62.969989776611328 ], [ -67.246688842773438, 62.883598327636719 ], [ -67.285858154296875, 62.854988098144531 ], [ -67.20947265625, 62.874980926513672 ], [ -67.176132202148438, 62.846931457519531 ], [ -67.180023193359375, 62.815269470214844 ], [ -67.114753723144531, 62.820541381835938 ], [ -67.012527465820312, 62.734439849853516 ], [ -67.049468994140625, 62.691379547119141 ], [ -66.920028686523438, 62.696380615234375 ], [ -66.981689453125, 62.652759552001953 ], [ -66.805023193359375, 62.678878784179688 ], [ -66.726966857910156, 62.668598175048828 ], [ -66.775299072265625, 62.636928558349609 ], [ -66.568626403808594, 62.573040008544922 ], [ -66.491966247558594, 62.469989776611328 ], [ -66.497802734375, 62.418048858642578 ], [ -66.359733581542969, 62.447490692138672 ], [ -66.394203186035156, 62.419158935546875 ], [ -66.327529907226562, 62.384429931640625 ], [ -66.475860595703125, 62.348598480224609 ], [ -66.3294677734375, 62.267490386962891 ], [ -66.363906860351562, 62.323040008544922 ], [ -66.3125, 62.344989776611328 ], [ -66.164466857910156, 62.290538787841797 ], [ -66.148910522460938, 62.249439239501953 ], [ -66.256973266601562, 62.266101837158203 ], [ -66.180572509765625, 62.237770080566406 ], [ -66.010848999023438, 62.250541687011719 ], [ -65.930572509765625, 62.201099395751953 ], [ -66.051132202148438, 62.147769927978516 ], [ -66.031402587890625, 62.068321228027344 ], [ -66.132522583007812, 62.089431762695312 ], [ -66.154190063476562, 62.125541687011719 ], [ -66.200576782226562, 62.113040924072266 ], [ -66.104461669921875, 62.044429779052734 ], [ -66.138351440429688, 62.007488250732422 ], [ -65.956703186035156, 61.918880462646484 ], [ -65.95501708984375, 61.890270233154297 ], [ -66.312240600585938, 61.863040924072266 ], [ -66.632797241210938, 61.918880462646484 ], [ -66.648643493652344, 61.95220947265625 ], [ -66.923896789550781, 62.042488098144531 ], [ -66.9605712890625, 62.014430999755859 ], [ -67.232803344726562, 62.096099853515625 ], [ -67.300857543945312, 62.068878173828125 ], [ -67.412521362304688, 62.151660919189453 ], [ -67.499740600585938, 62.138599395751953 ], [ -67.575576782226562, 62.174709320068359 ], [ -67.722793579101562, 62.158039093017578 ], [ -67.828346252441406, 62.172489166259766 ], [ -67.827239990234375, 62.206100463867188 ], [ -68.514190673828125, 62.244159698486328 ], [ -68.722518920898438, 62.302211761474609 ], [ -68.853912353515625, 62.381378173828125 ], [ -68.882247924804688, 62.360538482666016 ], [ -69.121688842773438, 62.410820007324219 ], [ -69.281967163085938, 62.486099243164062 ], [ -69.312240600585938, 62.523601531982422 ], [ -69.277252197265625, 62.617488861083984 ], [ -69.360862731933594, 62.536380767822266 ], [ -69.408363342285156, 62.569988250732422 ], [ -69.402801513671875, 62.600269317626953 ], [ -69.456130981445312, 62.623321533203125 ], [ -69.428359985351562, 62.548320770263672 ], [ -69.597518920898438, 62.662490844726562 ], [ -69.495567321777344, 62.708320617675781 ], [ -69.556411743164062, 62.706100463867188 ], [ -69.557533264160156, 62.72637939453125 ], [ -69.381126403808594, 62.754161834716797 ], [ -69.621139526367188, 62.787769317626953 ], [ -69.662246704101562, 62.743320465087891 ], [ -69.681411743164062, 62.764148712158203 ], [ -69.831703186035156, 62.821929931640625 ], [ -69.823638916015625, 62.787490844726562 ], [ -69.764739990234375, 62.734710693359375 ], [ -69.9403076171875, 62.794158935546875 ], [ -70.000579833984375, 62.757488250732422 ], [ -70.253341674804688, 62.756099700927734 ], [ -70.50836181640625, 62.865821838378906 ], [ -70.769203186035156, 62.927211761474609 ], [ -71.031417846679688, 62.951930999755859 ], [ -71.005020141601562, 62.967769622802734 ], [ -70.949172973632812, 62.964710235595703 ], [ -70.940567016601562, 63.026931762695312 ], [ -71.09613037109375, 62.979988098144531 ], [ -71.146682739257812, 63.008319854736328 ], [ -70.832412719726562, 63.138351440429688 ], [ -70.94696044921875, 63.140541076660156 ], [ -70.908912658691406, 63.170818328857422 ], [ -70.990592956542969, 63.148040771484375 ], [ -71.021133422851562, 63.078041076660156 ], [ -71.12750244140625, 63.071659088134766 ], [ -71.150299072265625, 63.100269317626953 ], [ -71.251106262207031, 63.024711608886719 ], [ -71.408363342285156, 63.055271148681641 ], [ -71.39447021484375, 63.120269775390625 ], [ -71.5452880859375, 63.125541687011719 ], [ -71.7105712890625, 63.176658630371094 ], [ -71.658912658691406, 63.192489624023438 ], [ -71.753082275390625, 63.238040924072266 ], [ -71.654739379882812, 63.243038177490234 ], [ -71.667526245117188, 63.268600463867188 ], [ -71.767242431640625, 63.277759552001953 ], [ -71.753082275390625, 63.312770843505859 ], [ -71.795852661132812, 63.346931457519531 ], [ -71.730026245117188, 63.344989776611328 ], [ -71.770286560058594, 63.408870697021484 ], [ -71.91668701171875, 63.389148712158203 ], [ -72.06085205078125, 63.428878784179688 ], [ -71.9847412109375, 63.444149017333984 ], [ -71.634750366210938, 63.419708251953125 ], [ -71.2852783203125, 63.557209014892578 ], [ -71.2447509765625, 63.610820770263672 ], [ -71.315841674804688, 63.608600616455078 ], [ -71.331703186035156, 63.565540313720703 ], [ -71.414466857910156, 63.570541381835938 ], [ -71.363906860351562, 63.607208251953125 ], [ -71.3778076171875, 63.632770538330078 ], [ -71.4605712890625, 63.600269317626953 ], [ -71.456130981445312, 63.578880310058594 ], [ -71.577239990234375, 63.581661224365234 ], [ -71.534187316894531, 63.710269927978516 ], [ -71.638076782226562, 63.721099853515625 ], [ -71.641693115234375, 63.683879852294922 ], [ -71.608352661132812, 63.654430389404297 ], [ -71.640296936035156, 63.646099090576172 ], [ -71.721412658691406, 63.691928863525391 ], [ -71.683059692382812, 63.733879089355469 ], [ -71.73724365234375, 63.721099853515625 ], [ -71.765838623046875, 63.694149017333984 ], [ -71.82391357421875, 63.780540466308594 ], [ -71.915863037109375, 63.810260772705078 ], [ -71.970863342285156, 63.795818328857422 ], [ -72.004470825195312, 63.752769470214844 ], [ -71.853912353515625, 63.761379241943359 ], [ -71.921417236328125, 63.645820617675781 ], [ -71.970306396484375, 63.653049468994141 ], [ -71.927803039550781, 63.694988250732422 ], [ -71.955856323242188, 63.725818634033203 ], [ -72.033912658691406, 63.665271759033203 ], [ -72.194183349609375, 63.773601531982422 ], [ -72.214187622070312, 63.677761077880859 ], [ -72.317520141601562, 63.674160003662109 ], [ -72.363906860351562, 63.749439239501953 ], [ -72.317787170410156, 63.777759552001953 ], [ -72.253082275390625, 63.760269165039062 ], [ -72.235580444335938, 63.844989776611328 ], [ -72.092529296875, 63.904708862304688 ], [ -72.21002197265625, 63.893039703369141 ], [ -72.238906860351562, 63.952491760253906 ], [ -72.276138305664062, 63.915538787841797 ], [ -72.25140380859375, 63.879711151123047 ], [ -72.373916625976562, 63.843318939208984 ], [ -72.368057250976562, 63.782489776611328 ], [ -72.52197265625, 63.786930084228516 ], [ -72.505577087402344, 63.804439544677734 ], [ -72.5211181640625, 63.840259552001953 ], [ -72.66058349609375, 63.850269317626953 ], [ -72.592796325683594, 64.018043518066406 ], [ -72.676406860351562, 64.020248413085938 ], [ -72.666412353515625, 63.980548858642578 ], [ -72.720291137695312, 63.961101531982422 ], [ -72.940582275390625, 64.05859375 ], [ -72.888076782226562, 64.086090087890625 ], [ -72.89752197265625, 64.15692138671875 ], [ -72.96417236328125, 64.186653137207031 ], [ -73.074462890625, 64.180252075195312 ], [ -73.055862426757812, 64.228866577148438 ], [ -73.228912353515625, 64.329421997070312 ], [ -73.310577392578125, 64.310806274414062 ], [ -73.267242431640625, 64.273857116699219 ], [ -73.32891845703125, 64.258872985839844 ], [ -73.380577087402344, 64.268592834472656 ], [ -73.391677856445312, 64.338592529296875 ], [ -73.266952514648438, 64.368026733398438 ], [ -73.343917846679688, 64.401092529296875 ], [ -73.396408081054688, 64.367477416992188 ], [ -73.472793579101562, 64.399139404296875 ], [ -73.458076477050781, 64.435531616210938 ], [ -73.305862426757812, 64.463592529296875 ], [ -73.421951293945312, 64.46331787109375 ], [ -73.371688842773438, 64.498870849609375 ], [ -73.278083801269531, 64.519973754882812 ], [ -73.164749145507812, 64.60552978515625 ], [ -73.269447326660156, 64.593307495117188 ], [ -73.297233581542969, 64.65692138671875 ], [ -73.346687316894531, 64.641082763671875 ], [ -73.302230834960938, 64.5838623046875 ], [ -73.303359985351562, 64.538307189941406 ], [ -73.463363647460938, 64.502471923828125 ], [ -73.470573425292969, 64.570823669433594 ], [ -73.408340454101562, 64.546920776367188 ], [ -73.394203186035156, 64.566093444824219 ], [ -73.460861206054688, 64.612197875976562 ], [ -73.562240600585938, 64.58331298828125 ], [ -73.623916625976562, 64.653030395507812 ], [ -73.663909912109375, 64.640533447265625 ], [ -73.644203186035156, 64.566093444824219 ], [ -73.753890991210938, 64.535247802734375 ], [ -73.8961181640625, 64.578033447265625 ], [ -73.8447265625, 64.501922607421875 ], [ -73.785568237304688, 64.482757568359375 ], [ -73.815582275390625, 64.459136962890625 ], [ -73.863906860351562, 64.494140625 ], [ -73.970863342285156, 64.436920166015625 ], [ -73.993362426757812, 64.331092834472656 ], [ -74.1661376953125, 64.35498046875 ], [ -74.174186706542969, 64.363861083984375 ], [ -74.102226257324219, 64.367477416992188 ], [ -74.091690063476562, 64.429702758789062 ], [ -74.173072814941406, 64.458587646484375 ], [ -74.110023498535156, 64.464706420898438 ], [ -74.057533264160156, 64.432212829589844 ], [ -74.043899536132812, 64.451370239257812 ], [ -74.128082275390625, 64.533042907714844 ], [ -73.9605712890625, 64.511093139648438 ], [ -74.013351440429688, 64.547760009765625 ], [ -74.1580810546875, 64.562469482421875 ], [ -74.125312805175781, 64.587478637695312 ], [ -74.011138916015625, 64.577186584472656 ], [ -74.0836181640625, 64.631088256835938 ], [ -74.050857543945312, 64.724983215332031 ], [ -74.09613037109375, 64.751373291015625 ], [ -74.128631591796875, 64.728591918945312 ], [ -74.101966857910156, 64.694427490234375 ], [ -74.221412658691406, 64.67108154296875 ], [ -74.212799072265625, 64.602752685546875 ], [ -74.243362426757812, 64.580543518066406 ], [ -74.298896789550781, 64.625526428222656 ], [ -74.263351440429688, 64.648033142089844 ], [ -74.305862426757812, 64.67913818359375 ], [ -74.331680297851562, 64.628860473632812 ], [ -74.417793273925781, 64.65997314453125 ], [ -74.347518920898438, 64.5919189453125 ], [ -74.3819580078125, 64.569976806640625 ], [ -74.7044677734375, 64.735527038574219 ], [ -74.554176330566406, 64.8438720703125 ], [ -74.478912353515625, 64.835823059082031 ], [ -74.54583740234375, 64.892196655273438 ], [ -74.649436950683594, 64.902786254882812 ], [ -74.639739990234375, 64.861358642578125 ], [ -74.717529296875, 64.860527038574219 ], [ -74.743057250976562, 64.842193603515625 ], [ -74.706703186035156, 64.800537109375 ], [ -74.724746704101562, 64.7713623046875 ], [ -74.955001831054688, 64.804428100585938 ], [ -74.985580444335938, 64.790252685546875 ], [ -74.475303649902344, 64.561370849609375 ], [ -74.513633728027344, 64.533309936523438 ], [ -74.62835693359375, 64.545257568359375 ], [ -74.537246704101562, 64.510528564453125 ], [ -74.579742431640625, 64.479423522949219 ], [ -74.503341674804688, 64.462753295898438 ], [ -74.543083190917969, 64.422470092773438 ], [ -74.658340454101562, 64.406646728515625 ], [ -74.686111450195312, 64.37109375 ], [ -75.295303344726562, 64.466636657714844 ], [ -75.451423645019531, 64.53192138671875 ], [ -75.815582275390625, 64.565536499023438 ], [ -75.823623657226562, 64.535812377929688 ], [ -75.654190063476562, 64.448593139648438 ], [ -75.895576477050781, 64.488037109375 ], [ -75.720863342285156, 64.383323669433594 ], [ -75.736953735351562, 64.366363525390625 ], [ -75.9605712890625, 64.4044189453125 ], [ -76.276123046875, 64.351356506347656 ], [ -76.375022888183594, 64.356918334960938 ], [ -76.32391357421875, 64.315811157226562 ], [ -76.196670532226562, 64.310806274414062 ], [ -76.310287475585938, 64.278030395507812 ], [ -76.485000610351562, 64.266647338867188 ], [ -76.591957092285156, 64.310531616210938 ], [ -76.658363342285156, 64.276641845703125 ], [ -76.706123352050781, 64.300811767578125 ], [ -76.736953735351562, 64.285812377929688 ], [ -76.7216796875, 64.238311767578125 ], [ -76.660293579101562, 64.218307495117188 ], [ -76.658363342285156, 64.189971923828125 ], [ -76.841690063476562, 64.202186584472656 ], [ -76.825576782226562, 64.22747802734375 ], [ -77.122787475585938, 64.2955322265625 ], [ -77.339462280273438, 64.244712829589844 ], [ -77.369743347167969, 64.277763366699219 ], [ -77.44891357421875, 64.290252685546875 ], [ -77.386138916015625, 64.314971923828125 ], [ -77.652252197265625, 64.388031005859375 ], [ -77.65252685546875, 64.322196960449219 ], [ -77.870559692382812, 64.370246887207031 ], [ -77.905853271484375, 64.400527954101562 ], [ -77.831703186035156, 64.412483215332031 ], [ -77.850021362304688, 64.427749633789062 ], [ -77.94696044921875, 64.4063720703125 ], [ -78.014450073242188, 64.427467346191406 ], [ -77.97308349609375, 64.463592529296875 ], [ -78.183639526367188, 64.572479248046875 ], [ -78.164466857910156, 64.634979248046875 ], [ -78.19500732421875, 64.648590087890625 ], [ -78.156402587890625, 64.694427490234375 ], [ -78.297500610351562, 64.703033447265625 ], [ -78.122512817382812, 64.780258178710938 ], [ -78.064453125, 64.84942626953125 ], [ -78.1461181640625, 64.938308715820312 ], [ -78.14556884765625, 64.957473754882812 ], [ -77.638351440429688, 65.139976501464844 ], [ -77.344741821289062, 65.173309326171875 ], [ -77.313339233398438, 65.195823669433594 ], [ -77.513076782226562, 65.318862915039062 ], [ -77.461143493652344, 65.379150390625 ], [ -77.323333740234375, 65.357757568359375 ], [ -77.304466247558594, 65.387191772460938 ], [ -77.4344482421875, 65.456916809082031 ], [ -77.2105712890625, 65.454421997070312 ], [ -77.086692810058594, 65.407203674316406 ], [ -76.680023193359375, 65.411636352539062 ], [ -75.805557250976562, 65.229713439941406 ], [ -75.733352661132812, 65.152206420898438 ], [ -75.472518920898438, 65.085250854492188 ], [ -75.41058349609375, 65.024696350097656 ], [ -75.420303344726562, 64.972198486328125 ], [ -75.519203186035156, 64.936920166015625 ], [ -75.663093566894531, 64.94525146484375 ], [ -75.59417724609375, 64.860260009765625 ], [ -75.46307373046875, 64.843582153320312 ], [ -75.461410522460938, 64.811653137207031 ], [ -75.525009155273438, 64.795806884765625 ], [ -75.5311279296875, 64.775527954101562 ], [ -75.297523498535156, 64.725250244140625 ], [ -75.373916625976562, 64.833038330078125 ], [ -75.341667175292969, 64.916641235351562 ], [ -75.393623352050781, 64.91748046875 ], [ -75.470016479492188, 64.869422912597656 ], [ -75.479171752929688, 64.91802978515625 ], [ -75.384750366210938, 64.981918334960938 ], [ -75.255020141601562, 65.000259399414062 ], [ -75.185836791992188, 65.09136962890625 ], [ -75.237518310546875, 65.1080322265625 ], [ -75.3486328125, 65.003860473632812 ], [ -75.597793579101562, 65.18414306640625 ], [ -75.714736938476562, 65.186370849609375 ], [ -75.720863342285156, 65.220542907714844 ], [ -75.944168090820312, 65.312469482421875 ], [ -75.680557250976562, 65.310531616210938 ], [ -75.615013122558594, 65.342193603515625 ], [ -75.597793579101562, 65.291091918945312 ], [ -75.212249755859375, 65.250526428222656 ], [ -75.101959228515625, 65.2713623046875 ], [ -75.077529907226562, 65.340263366699219 ], [ -75.11138916015625, 65.388870239257812 ], [ -74.823638916015625, 65.377471923828125 ], [ -74.712600708007812, 65.431716918945312 ], [ -74.676406860351562, 65.353591918945312 ], [ -74.576400756835938, 65.331649780273438 ], [ -74.346122741699219, 65.407470703125 ], [ -74.306961059570312, 65.467758178710938 ], [ -74.111106872558594, 65.534416198730469 ], [ -73.747238159179688, 65.517471313476562 ], [ -73.703056335449219, 65.4669189453125 ], [ -73.490020751953125, 65.45025634765625 ], [ -73.504753112792969, 65.498870849609375 ], [ -73.631683349609375, 65.60748291015625 ], [ -73.606407165527344, 65.637481689453125 ], [ -73.702239990234375, 65.685806274414062 ], [ -73.701690673828125, 65.753036499023438 ], [ -74.058067321777344, 65.875526428222656 ], [ -74.45947265625, 66.1563720703125 ], [ -74.324188232421875, 66.232192993164062 ], [ -73.530853271484375, 66.517196655273438 ], [ -73.330291748046875, 66.659698486328125 ], [ -73.108627319335938, 66.723312377929688 ], [ -71.796127319335938, 66.623306274414062 ], [ -71.355850219726562, 66.555252075195312 ], [ -71.249473571777344, 66.451370239257812 ], [ -71.200576782226562, 66.367477416992188 ], [ -71.103912353515625, 66.334976196289062 ], [ -71.171127319335938, 66.2713623046875 ], [ -71.125022888183594, 66.217758178710938 ], [ -71.28363037109375, 66.088592529296875 ], [ -71.274749755859375, 66.072746276855469 ], [ -71.091140747070312, 66.090530395507812 ], [ -71.097793579101562, 66.052200317382812 ], [ -71.327529907226562, 65.976089477539062 ], [ -71.31585693359375, 65.957199096679688 ], [ -71.0955810546875, 65.9971923828125 ], [ -70.857803344726562, 66.176933288574219 ], [ -70.747238159179688, 66.163040161132812 ], [ -70.624191284179688, 66.283576965332031 ], [ -70.64251708984375, 66.328872680664062 ], [ -70.568359375, 66.308296203613281 ], [ -70.58447265625, 66.263031005859375 ], [ -70.466690063476562, 66.269973754882812 ], [ -70.462799072265625, 66.211639404296875 ], [ -70.331703186035156, 66.1644287109375 ], [ -70.103912353515625, 66.259407043457031 ], [ -69.795578002929688, 66.21441650390625 ], [ -69.740859985351562, 66.188583374023438 ], [ -69.675857543945312, 66.250526428222656 ], [ -69.636138916015625, 66.253311157226562 ], [ -69.660858154296875, 66.210823059082031 ], [ -69.595863342285156, 66.191093444824219 ], [ -69.514739990234375, 66.209701538085938 ], [ -69.515846252441406, 66.285247802734375 ], [ -69.1561279296875, 66.393043518066406 ], [ -69.1480712890625, 66.416641235351562 ], [ -69.240859985351562, 66.459426879882812 ], [ -69.42974853515625, 66.459136962890625 ], [ -69.428359985351562, 66.435806274414062 ], [ -69.567520141601562, 66.42108154296875 ], [ -69.701423645019531, 66.457199096679688 ], [ -69.544189453125, 66.485260009765625 ], [ -69.543350219726562, 66.45526123046875 ], [ -69.489471435546875, 66.458038330078125 ], [ -69.316131591796875, 66.538856506347656 ], [ -69.226966857910156, 66.563026428222656 ], [ -69.274749755859375, 66.584701538085938 ], [ -69.507522583007812, 66.513603210449219 ], [ -69.423896789550781, 66.563308715820312 ], [ -69.7427978515625, 66.621368408203125 ], [ -69.7427978515625, 66.649978637695312 ], [ -70.375022888183594, 66.733306884765625 ], [ -70.588638305664062, 66.789703369140625 ], [ -70.621963500976562, 66.824417114257812 ], [ -70.596687316894531, 66.85498046875 ], [ -70.656951904296875, 66.85498046875 ], [ -70.628082275390625, 66.897201538085938 ], [ -70.823638916015625, 66.937187194824219 ], [ -70.827796936035156, 66.959136962890625 ], [ -70.684188842773438, 66.976638793945312 ], [ -71.21502685546875, 67.039138793945312 ], [ -71.269737243652344, 66.993873596191406 ], [ -71.151962280273438, 66.967483520507812 ], [ -71.188919067382812, 66.836639404296875 ], [ -71.298896789550781, 66.79302978515625 ], [ -71.336410522460938, 66.712753295898438 ], [ -71.43585205078125, 66.609970092773438 ], [ -72.693359375, 66.709136962890625 ], [ -72.965850830078125, 66.751083374023438 ], [ -73.007797241210938, 66.783576965332031 ], [ -72.963638305664062, 66.861923217773438 ], [ -72.824188232421875, 67.0294189453125 ], [ -72.650863647460938, 67.08135986328125 ], [ -72.431137084960938, 67.096076965332031 ], [ -72.275299072265625, 67.176651000976562 ], [ -72.27752685546875, 67.225807189941406 ], [ -72.202796936035156, 67.278587341308594 ], [ -72.367523193359375, 67.321907043457031 ], [ -72.436416625976562, 67.472198486328125 ], [ -72.506126403808594, 67.496917724609375 ], [ -72.422523498535156, 67.529983520507812 ], [ -72.497528076171875, 67.633033752441406 ], [ -72.637237548828125, 67.669143676757812 ], [ -72.6763916015625, 67.693862915039062 ], [ -72.5855712890625, 67.753860473632812 ], [ -72.73834228515625, 67.86663818359375 ], [ -72.843917846679688, 67.850807189941406 ], [ -72.908363342285156, 67.903030395507812 ], [ -72.94024658203125, 67.942176818847656 ], [ -72.903060913085938, 67.9688720703125 ], [ -73.013923645019531, 68.24053955078125 ], [ -73.067230224609375, 68.201637268066406 ], [ -73.166671752929688, 68.239433288574219 ], [ -73.496139526367188, 68.275527954101562 ], [ -73.30780029296875, 68.32025146484375 ], [ -73.269203186035156, 68.374969482421875 ], [ -73.640289306640625, 68.254432678222656 ], [ -73.628067016601562, 68.294143676757812 ], [ -73.740859985351562, 68.311653137207031 ], [ -73.948638916015625, 68.41192626953125 ], [ -73.867523193359375, 68.493026733398438 ], [ -73.738906860351562, 68.514976501464844 ], [ -73.728912353515625, 68.538040161132812 ], [ -73.815582275390625, 68.570533752441406 ], [ -73.748916625976562, 68.581092834472656 ], [ -73.725860595703125, 68.618873596191406 ], [ -73.82391357421875, 68.620529174804688 ], [ -73.704727172851562, 68.656646728515625 ], [ -73.775016784667969, 68.689697265625 ], [ -74.17669677734375, 68.723587036132812 ], [ -74.051132202148438, 68.6705322265625 ], [ -73.881973266601562, 68.549697875976562 ], [ -73.921417236328125, 68.511917114257812 ], [ -73.990592956542969, 68.492752075195312 ], [ -74.505020141601562, 68.59442138671875 ], [ -74.528900146484375, 68.630813598632812 ], [ -74.727249145507812, 68.732192993164062 ], [ -74.719467163085938, 68.770538330078125 ], [ -74.577217102050781, 68.79302978515625 ], [ -74.551406860351562, 68.830543518066406 ], [ -74.689743041992188, 68.839141845703125 ], [ -74.635032653808594, 68.793296813964844 ], [ -74.778350830078125, 68.76580810546875 ], [ -74.9847412109375, 68.809417724609375 ], [ -74.682533264160156, 68.874687194824219 ], [ -74.704742431640625, 68.93414306640625 ], [ -75.03558349609375, 68.901641845703125 ], [ -74.846412658691406, 68.940536499023438 ], [ -75.017242431640625, 68.946372985839844 ], [ -74.842506408691406, 69.006927490234375 ], [ -74.797523498535156, 68.997482299804688 ], [ -74.638076782226562, 69.016082763671875 ], [ -74.660842895507812, 69.044418334960938 ], [ -74.834182739257812, 69.081649780273438 ], [ -74.952507019042969, 69.048576354980469 ], [ -75.140029907226562, 68.884696960449219 ], [ -75.202217102050781, 68.894416809082031 ], [ -75.454742431640625, 69.021087646484375 ], [ -75.581130981445312, 68.975540161132812 ], [ -75.501968383789062, 68.92608642578125 ], [ -76.420578002929688, 68.67913818359375 ], [ -76.575576782226562, 68.674148559570312 ], [ -76.660858154296875, 68.699417114257812 ], [ -76.689468383789062, 68.74053955078125 ], [ -76.666961669921875, 68.769149780273438 ], [ -76.5614013671875, 68.818038940429688 ], [ -76.523902893066406, 68.876373291015625 ], [ -76.655838012695312, 68.924697875976562 ], [ -76.640556335449219, 69.009140014648438 ], [ -76.578338623046875, 69.032203674316406 ], [ -76.332786560058594, 69.054428100585938 ], [ -75.996688842773438, 69.003860473632812 ], [ -75.934188842773438, 69.033042907714844 ], [ -75.598892211914062, 69.08941650390625 ], [ -75.569473266601562, 69.158309936523438 ], [ -75.603363037109375, 69.238861083984375 ], [ -75.694183349609375, 69.280258178710938 ], [ -76.16864013671875, 69.411361694335938 ], [ -76.402236938476562, 69.399978637695312 ], [ -76.6419677734375, 69.557479858398438 ], [ -76.620033264160156, 69.586357116699219 ], [ -76.459182739257812, 69.6544189453125 ], [ -76.205581665039062, 69.615806579589844 ], [ -76.188079833984375, 69.665252685546875 ], [ -76.570297241210938, 69.690536499023438 ], [ -76.631973266601562, 69.669692993164062 ], [ -76.543083190917969, 69.674697875976562 ], [ -76.535293579101562, 69.638603210449219 ], [ -76.70751953125, 69.559417724609375 ], [ -76.872802734375, 69.58135986328125 ], [ -76.8839111328125, 69.595809936523438 ], [ -76.8214111328125, 69.626083374023438 ], [ -76.967529296875, 69.5919189453125 ], [ -77.186126708984375, 69.637481689453125 ], [ -77.155853271484375, 69.680526733398438 ], [ -76.990859985351562, 69.701637268066406 ], [ -76.939468383789062, 69.679702758789062 ], [ -76.868072509765625, 69.6846923828125 ], [ -76.793907165527344, 69.718582153320312 ], [ -76.788360595703125, 69.752197265625 ], [ -76.8919677734375, 69.754432678222656 ], [ -76.90557861328125, 69.794692993164062 ], [ -76.76641845703125, 69.810531616210938 ], [ -76.7872314453125, 69.836090087890625 ], [ -77.309188842773438, 69.830810546875 ], [ -77.285018920898438, 69.860527038574219 ], [ -77.15252685546875, 69.894416809082031 ], [ -77.488906860351562, 69.861648559570312 ], [ -77.508636474609375, 69.826637268066406 ], [ -77.444473266601562, 69.7894287109375 ], [ -77.594192504882812, 69.740249633789062 ], [ -77.651687622070312, 69.776641845703125 ], [ -77.678359985351562, 70.187759399414062 ], [ -77.777252197265625, 70.235260009765625 ], [ -78.164176940917969, 70.254432678222656 ], [ -78.146682739257812, 70.231086730957031 ], [ -78.166412353515625, 70.191650390625 ], [ -78.364753723144531, 70.201103210449219 ], [ -78.540298461914062, 70.30914306640625 ], [ -78.389450073242188, 70.332199096679688 ], [ -78.504470825195312, 70.3580322265625 ], [ -78.579742431640625, 70.343032836914062 ], [ -78.704742431640625, 70.374687194824219 ], [ -78.743911743164062, 70.449142456054688 ], [ -78.820022583007812, 70.438873291015625 ], [ -78.889183044433594, 70.479141235351562 ], [ -78.873062133789062, 70.407470703125 ], [ -79.07086181640625, 70.469703674316406 ], [ -79.051971435546875, 70.53997802734375 ], [ -78.96307373046875, 70.533859252929688 ], [ -78.969192504882812, 70.550262451171875 ], [ -78.860313415527344, 70.596649169921875 ], [ -78.718902587890625, 70.547760009765625 ], [ -78.851966857910156, 70.638031005859375 ], [ -78.88641357421875, 70.62109375 ], [ -79.025299072265625, 70.680252075195312 ], [ -79.101676940917969, 70.647750854492188 ], [ -79.150016784667969, 70.613037109375 ], [ -79.001968383789062, 70.613311767578125 ], [ -79.142242431640625, 70.501922607421875 ], [ -79.160018920898438, 70.438026428222656 ], [ -79.21002197265625, 70.41802978515625 ], [ -79.293327331542969, 70.4447021484375 ], [ -79.301406860351562, 70.484420776367188 ], [ -79.227798461914062, 70.51885986328125 ], [ -79.23114013671875, 70.5535888671875 ], [ -79.309463500976562, 70.540817260742188 ], [ -79.279457092285156, 70.521636962890625 ], [ -79.320556640625, 70.47247314453125 ], [ -79.575576782226562, 70.429428100585938 ], [ -79.58917236328125, 70.399406433105469 ], [ -79.513900756835938, 70.375808715820312 ], [ -79.357803344726562, 70.369712829589844 ], [ -79.254470825195312, 70.332199096679688 ], [ -79.027252197265625, 70.33941650390625 ], [ -78.939193725585938, 70.311080932617188 ], [ -78.7630615234375, 70.18359375 ], [ -78.747528076171875, 70.12664794921875 ], [ -78.680572509765625, 70.040252685546875 ], [ -78.665023803710938, 69.961357116699219 ], [ -78.79974365234375, 69.876083374023438 ], [ -79.707237243652344, 69.85552978515625 ], [ -79.902252197265625, 69.976356506347656 ], [ -80.033912658691406, 69.944976806640625 ], [ -80.040863037109375, 69.994979858398438 ], [ -80.232803344726562, 70.00775146484375 ], [ -80.326141357421875, 69.980262756347656 ], [ -80.561416625976562, 70.046920776367188 ], [ -81.7286376953125, 70.1322021484375 ], [ -81.761962890625, 70.117477416992188 ], [ -81.670562744140625, 70.065261840820312 ], [ -81.299468994140625, 70.028030395507812 ], [ -80.9403076171875, 69.862762451171875 ], [ -80.763076782226562, 69.76080322265625 ], [ -80.967796325683594, 69.71441650390625 ], [ -81.354461669921875, 69.8802490234375 ], [ -81.769737243652344, 69.975540161132812 ], [ -81.978897094726562, 70.06414794921875 ], [ -83.048080444335938, 70.306922912597656 ], [ -82.71807861328125, 70.201637268066406 ], [ -81.710861206054688, 69.93414306640625 ], [ -81.75946044921875, 69.903030395507812 ], [ -81.9605712890625, 69.844146728515625 ], [ -82.02001953125, 69.873870849609375 ], [ -82.143630981445312, 69.7813720703125 ], [ -82.2730712890625, 69.805252075195312 ], [ -82.206680297851562, 69.828582763671875 ], [ -82.314178466796875, 69.85748291015625 ], [ -82.463912963867188, 69.841087341308594 ], [ -82.728912353515625, 69.9285888671875 ], [ -82.741409301757812, 69.910247802734375 ], [ -83.066970825195312, 70.01080322265625 ], [ -83.362518310546875, 69.975807189941406 ], [ -84.310577392578125, 69.980262756347656 ], [ -84.823638916015625, 70.028312683105469 ], [ -84.870849609375, 70.071640014648438 ], [ -84.806396484375, 70.086357116699219 ], [ -84.8114013671875, 70.10858154296875 ], [ -84.936683654785156, 70.065261840820312 ], [ -85.369453430175781, 70.103591918945312 ], [ -85.847518920898438, 70.0888671875 ], [ -85.851966857910156, 70.038307189941406 ], [ -85.5855712890625, 70.067466735839844 ], [ -85.243072509765625, 69.994979858398438 ], [ -85.245033264160156, 69.984420776367188 ], [ -85.839752197265625, 70.003036499023438 ], [ -86.301963806152344, 70.12164306640625 ], [ -86.556121826171875, 70.244712829589844 ], [ -86.552513122558594, 70.346916198730469 ], [ -86.591667175292969, 70.358306884765625 ], [ -86.295303344726562, 70.472747802734375 ], [ -86.293350219726562, 70.490249633789062 ], [ -86.374732971191406, 70.525253295898438 ], [ -86.340583801269531, 70.483871459960938 ], [ -86.634193420410156, 70.389976501464844 ], [ -86.647247314453125, 70.319427490234375 ], [ -86.876129150390625, 70.326103210449219 ], [ -86.8961181640625, 70.35302734375 ], [ -86.748062133789062, 70.388603210449219 ], [ -86.922233581542969, 70.388870239257812 ], [ -86.988906860351562, 70.435531616210938 ], [ -86.923896789550781, 70.456649780273438 ], [ -87.09918212890625, 70.450531005859375 ], [ -87.168907165527344, 70.386642456054688 ], [ -86.9727783203125, 70.3519287109375 ], [ -86.969192504882812, 70.312759399414062 ], [ -86.999473571777344, 70.280532836914062 ], [ -87.773361206054688, 70.33135986328125 ], [ -87.785568237304688, 70.30303955078125 ], [ -87.628631591796875, 70.29302978515625 ], [ -87.623916625976562, 70.278030395507812 ], [ -87.866386413574219, 70.238861083984375 ], [ -88.234451293945312, 70.320823669433594 ], [ -88.206703186035156, 70.35247802734375 ], [ -87.901962280273438, 70.304428100585938 ], [ -87.901962280273438, 70.326919555664062 ], [ -88.13641357421875, 70.388603210449219 ], [ -88.810562133789062, 70.495246887207031 ], [ -88.956947326660156, 70.5838623046875 ], [ -89.005279541015625, 70.65692138671875 ], [ -89.3330078125, 70.794647216796875 ], [ -89.448638916015625, 70.902481079101562 ], [ -89.432533264160156, 70.915252685546875 ], [ -89.20947265625, 70.93914794921875 ], [ -89.195281982421875, 70.968307495117188 ], [ -89.559463500976562, 71.090263366699219 ], [ -89.450302124023438, 71.089706420898438 ], [ -89.134452819824219, 71.02691650390625 ], [ -88.7205810546875, 71.045806884765625 ], [ -88.369171142578125, 71.007476806640625 ], [ -88.36029052734375, 70.977752685546875 ], [ -88.228622436523438, 70.946090698242188 ], [ -87.375663757324219, 70.943740844726562 ], [ -87.267242431640625, 71.006927490234375 ], [ -87.327507019042969, 71.03497314453125 ], [ -87.76055908203125, 71.143043518066406 ], [ -87.852523803710938, 71.197196960449219 ], [ -87.823348999023438, 71.223587036132812 ], [ -87.84417724609375, 71.264137268066406 ], [ -87.972236633300781, 71.250259399414062 ], [ -89.402252197265625, 71.2894287109375 ], [ -89.900009155273438, 71.351356506347656 ], [ -90.003082275390625, 71.4588623046875 ], [ -89.955856323242188, 71.527206420898438 ], [ -90.042236328125, 71.595542907714844 ], [ -89.795852661132812, 71.759696960449219 ], [ -90.119743347167969, 71.926361083984375 ], [ -90.049468994140625, 71.949981689453125 ], [ -89.993621826171875, 72.02581787109375 ], [ -89.6077880859375, 72.145248413085938 ], [ -89.585006713867188, 72.175811767578125 ], [ -89.847236633300781, 72.176361083984375 ], [ -89.9605712890625, 72.25164794921875 ], [ -89.8436279296875, 72.423027038574219 ], [ -89.890556335449219, 72.444976806640625 ], [ -89.793617248535156, 72.462753295898438 ], [ -89.745849609375, 72.611358642578125 ], [ -89.678337097167969, 72.629432678222656 ], [ -89.57305908203125, 72.616928100585938 ], [ -89.473617553710938, 72.672470092773438 ], [ -89.577796936035156, 72.70526123046875 ], [ -89.569473266601562, 72.78692626953125 ], [ -89.402786254882812, 72.755813598632812 ], [ -89.245559692382812, 72.785247802734375 ], [ -89.382247924804688, 72.801651000976562 ], [ -89.411392211914062, 72.831092834472656 ], [ -89.319168090820312, 72.876083374023438 ], [ -89.299179077148438, 72.936653137207031 ], [ -89.358352661132812, 72.965263366699219 ], [ -89.340560913085938, 73.000808715820312 ], [ -89.226409912109375, 73.012191772460938 ], [ -89.3072509765625, 73.04248046875 ], [ -89.136947631835938, 73.184982299804688 ], [ -88.888076782226562, 73.212753295898438 ], [ -89.025283813476562, 73.226089477539062 ], [ -89.035858154296875, 73.257476806640625 ], [ -88.886688232421875, 73.3035888671875 ], [ -88.702529907226562, 73.293586730957031 ], [ -88.85723876953125, 73.336090087890625 ], [ -88.409469604492188, 73.523590087890625 ], [ -87.974746704101562, 73.654693603515625 ], [ -87.406112670898438, 73.7652587890625 ], [ -86.155853271484375, 73.860809326171875 ], [ -85.069473266601562, 73.801933288574219 ], [ -84.84307861328125, 73.735809326171875 ], [ -84.956413269042969, 73.665252685546875 ], [ -85.220863342285156, 73.599700927734375 ], [ -85.915557861328125, 73.3660888671875 ], [ -86.404922485351562, 72.999443054199219 ], [ -86.658363342285156, 72.86358642578125 ], [ -86.740592956542969, 72.72247314453125 ], [ -86.68695068359375, 72.644699096679688 ], [ -86.255020141601562, 72.443588256835938 ], [ -86.246116638183594, 72.394973754882812 ], [ -86.396133422851562, 72.30914306640625 ], [ -86.438339233398438, 72.258033752441406 ], [ -86.420578002929688, 72.01275634765625 ], [ -86.110572814941406, 71.783042907714844 ], [ -85.573623657226562, 71.556922912597656 ], [ -84.9302978515625, 71.4144287109375 ], [ -84.951141357421875, 71.340812683105469 ], [ -84.872222900390625, 71.33331298828125 ], [ -84.833908081054688, 71.274139404296875 ], [ -85.148643493652344, 71.293296813964844 ], [ -85.472518920898438, 71.231369018554688 ], [ -85.420303344726562, 71.223587036132812 ], [ -85.390007019042969, 71.196640014648438 ], [ -85.515007019042969, 71.17608642578125 ], [ -85.729171752929688, 71.206092834472656 ], [ -86.820022583007812, 70.98858642578125 ], [ -86.591690063476562, 70.97247314453125 ], [ -85.478622436523438, 71.169143676757812 ], [ -85.163360595703125, 71.136642456054688 ], [ -85.042251586914062, 71.181640625 ], [ -84.944473266601562, 71.187187194824219 ], [ -84.845840454101562, 71.147750854492188 ], [ -84.879997253417969, 71.069427490234375 ], [ -84.980850219726562, 71.101089477539062 ], [ -84.960563659667969, 71.072196960449219 ], [ -85.003082275390625, 71.044418334960938 ], [ -84.949172973632812, 71.018310546875 ], [ -84.926971435546875, 70.988037109375 ], [ -84.97528076171875, 70.94525146484375 ], [ -84.958633422851562, 70.919418334960938 ], [ -84.799186706542969, 70.921653747558594 ], [ -84.748077392578125, 70.988037109375 ], [ -84.829742431640625, 71.07330322265625 ], [ -84.803619384765625, 71.174148559570312 ], [ -84.665863037109375, 71.220809936523438 ], [ -84.793327331542969, 71.278030395507812 ], [ -84.762802124023438, 71.406646728515625 ], [ -84.731956481933594, 71.424697875976562 ], [ -84.557533264160156, 71.444137573242188 ], [ -84.526138305664062, 71.4688720703125 ], [ -84.558349609375, 71.545806884765625 ], [ -84.658340454101562, 71.5838623046875 ], [ -84.606689453125, 71.649406433105469 ], [ -84.650016784667969, 71.672203063964844 ], [ -84.867523193359375, 71.66802978515625 ], [ -84.876129150390625, 71.627761840820312 ], [ -85.291397094726562, 71.672203063964844 ], [ -85.573638916015625, 71.790817260742188 ], [ -85.432792663574219, 71.806373596191406 ], [ -85.551132202148438, 71.886642456054688 ], [ -86.026947021484375, 71.981643676757812 ], [ -86.038093566894531, 72.01580810546875 ], [ -85.763076782226562, 72.02081298828125 ], [ -85.765029907226562, 72.04302978515625 ], [ -85.522781372070312, 72.063583374023438 ], [ -85.495010375976562, 72.089141845703125 ], [ -85.540863037109375, 72.124153137207031 ], [ -85.396682739257812, 72.137481689453125 ], [ -85.538093566894531, 72.235260009765625 ], [ -85.420578002929688, 72.215263366699219 ], [ -85.458076477050781, 72.244140625 ], [ -84.9202880859375, 72.232757568359375 ], [ -84.275558471679688, 72.023857116699219 ], [ -84.194473266601562, 71.930816650390625 ], [ -84.168907165527344, 71.944137573242188 ], [ -84.171127319335938, 72.024139404296875 ], [ -84.346687316894531, 72.0697021484375 ], [ -84.380020141601562, 72.108306884765625 ], [ -84.9263916015625, 72.282203674316406 ], [ -84.8013916015625, 72.354713439941406 ], [ -84.872787475585938, 72.369422912597656 ], [ -84.870849609375, 72.40081787109375 ], [ -84.786972045898438, 72.408859252929688 ], [ -84.777236938476562, 72.45831298828125 ], [ -85.127243041992188, 72.3519287109375 ], [ -85.115859985351562, 72.383033752441406 ], [ -85.248916625976562, 72.392196655273438 ], [ -85.535293579101562, 72.469703674316406 ], [ -85.613906860351562, 72.550262451171875 ], [ -85.48638916015625, 72.564971923828125 ], [ -85.48114013671875, 72.577476501464844 ], [ -85.623916625976562, 72.586906433105469 ], [ -85.705307006835938, 72.63775634765625 ], [ -85.664176940917969, 72.825813293457031 ], [ -85.672523498535156, 72.907470703125 ], [ -85.499732971191406, 72.974136352539062 ], [ -85.283363342285156, 72.96441650390625 ], [ -85.069183349609375, 73.003036499023438 ], [ -85.159736633300781, 73.032760620117188 ], [ -85.178359985351562, 73.006637573242188 ], [ -85.537246704101562, 73.028312683105469 ], [ -85.440582275390625, 73.125526428222656 ], [ -85.380020141601562, 73.133590698242188 ], [ -85.250839233398438, 73.061080932617188 ], [ -85.126419067382812, 73.050811767578125 ], [ -85.223068237304688, 73.134696960449219 ], [ -85.130020141601562, 73.14080810546875 ], [ -84.829742431640625, 73.085533142089844 ], [ -84.285858154296875, 73.051651000976562 ], [ -83.635452270507812, 72.98358154296875 ] ] ], [ [ [ -93.57086181640625, 77.437759399414062 ], [ -95.776962280273438, 77.47442626953125 ], [ -95.889717102050781, 77.46441650390625 ], [ -96.188606262207031, 77.54498291015625 ], [ -96.329193115234375, 77.60498046875 ], [ -96.276123046875, 77.6402587890625 ], [ -96.255569458007812, 77.689697265625 ], [ -95.496406555175781, 77.805526733398438 ], [ -95.428092956542969, 77.803306579589844 ], [ -95.406417846679688, 77.74609375 ], [ -95.118637084960938, 77.749687194824219 ], [ -94.752517700195312, 77.788589477539062 ], [ -93.852249145507812, 77.737762451171875 ], [ -93.656951904296875, 77.776641845703125 ], [ -93.174728393554688, 77.704147338867188 ], [ -93.101959228515625, 77.662483215332031 ], [ -93.474472045898438, 77.55609130859375 ], [ -93.475303649902344, 77.471359252929688 ], [ -93.57086181640625, 77.437759399414062 ] ] ], [ [ [ -118.583099365234375, 75.499420166015625 ], [ -118.927497863769531, 75.5294189453125 ], [ -118.877799987792969, 75.553306579589844 ], [ -119.340301513671875, 75.579421997070312 ], [ -119.397499084472656, 75.618316650390625 ], [ -118.716903686523438, 75.88275146484375 ], [ -118.404403686523438, 75.960823059082031 ], [ -118.168296813964844, 75.968307495117188 ], [ -118.105003356933594, 76.023857116699219 ], [ -117.623100280761719, 76.114433288574219 ], [ -117.471397399902344, 76.0888671875 ], [ -117.573097229003906, 75.981918334960938 ], [ -117.937202453613281, 75.785247802734375 ], [ -117.956398010253906, 75.759979248046875 ], [ -117.927497863769531, 75.734420776367188 ], [ -118.263603210449219, 75.616928100585938 ], [ -118.203903198242188, 75.598861694335938 ], [ -118.583099365234375, 75.499420166015625 ] ] ], [ [ [ -62.235000610351562, 49.061939239501953 ], [ -63.079730987548828, 49.225551605224609 ], [ -63.582511901855469, 49.387210845947266 ], [ -63.6461181640625, 49.516929626464844 ], [ -63.881950378417969, 49.659160614013672 ], [ -64.504997253417969, 49.855258941650391 ], [ -64.510566711425781, 49.868598937988281 ], [ -64.445556640625, 49.904430389404297 ], [ -64.211959838867188, 49.949989318847656 ], [ -63.492500305175781, 49.8408203125 ], [ -62.953350067138672, 49.734710693359375 ], [ -62.295280456542969, 49.463600158691406 ], [ -61.797508239746094, 49.279708862304688 ], [ -61.663341522216797, 49.149150848388672 ], [ -61.7005615234375, 49.090259552001953 ], [ -62.235000610351562, 49.061939239501953 ] ] ], [ [ [ -113.62860107421875, 76.708038330078125 ], [ -114.822502136230469, 76.753311157226562 ], [ -114.873100280761719, 76.76080322265625 ], [ -114.855300903320312, 76.794418334960938 ], [ -114.606399536132812, 76.865806579589844 ], [ -114.190299987792969, 76.885246276855469 ], [ -113.807502746582031, 76.889419555664062 ], [ -113.498100280761719, 76.83331298828125 ], [ -113.449203491210938, 76.777206420898438 ], [ -113.62860107421875, 76.708038330078125 ] ] ], [ [ [ -124.122802734375, 49.493598937988281 ], [ -124.223899841308594, 49.523601531982422 ], [ -124.654197692871094, 49.736099243164062 ], [ -124.656700134277344, 49.796939849853516 ], [ -124.6094970703125, 49.79193115234375 ], [ -124.501998901367188, 49.735820770263672 ], [ -124.381401062011719, 49.713329315185547 ], [ -124.134696960449219, 49.5252685546875 ], [ -124.122802734375, 49.493598937988281 ] ] ], [ [ [ -99.906951904296875, 77.778587341308594 ], [ -100.607803344726562, 77.859970092773438 ], [ -100.604202270507812, 77.89080810546875 ], [ -100.80780029296875, 77.992202758789062 ], [ -100.837799072265625, 78.03497314453125 ], [ -100.746902465820312, 78.071372985839844 ], [ -101.035598754882812, 78.196090698242188 ], [ -101.289497375488281, 78.182479858398438 ], [ -101.696701049804688, 78.252197265625 ], [ -102.133102416992188, 78.282760620117188 ], [ -102.590599060058594, 78.239700317382812 ], [ -102.781402587890625, 78.276092529296875 ], [ -102.81829833984375, 78.300262451171875 ], [ -102.666099548339844, 78.35858154296875 ], [ -102.806098937988281, 78.377761840820312 ], [ -103.906097412109375, 78.272750854492188 ], [ -103.898902893066406, 78.245796203613281 ], [ -104.363601684570312, 78.254432678222656 ], [ -104.820602416992188, 78.355796813964844 ], [ -105.05059814453125, 78.488037109375 ], [ -105.01190185546875, 78.521636962890625 ], [ -104.831398010253906, 78.569976806640625 ], [ -104.397796630859375, 78.569976806640625 ], [ -103.533302307128906, 78.496368408203125 ], [ -103.448898315429688, 78.534698486328125 ], [ -103.497802734375, 78.56414794921875 ], [ -103.401901245117188, 78.611648559570312 ], [ -104.033599853515625, 78.619712829589844 ], [ -103.98919677734375, 78.646087646484375 ], [ -103.358100891113281, 78.718582153320312 ], [ -103.319198608398438, 78.740249633789062 ], [ -103.439201354980469, 78.78497314453125 ], [ -103.796096801757812, 78.735809326171875 ], [ -103.788902282714844, 78.754966735839844 ], [ -103.695297241210938, 78.793869018554688 ], [ -103.870597839355469, 78.806373596191406 ], [ -103.905601501464844, 78.76885986328125 ], [ -104.170600891113281, 78.76580810546875 ], [ -104.219703674316406, 78.782203674316406 ], [ -104.167198181152344, 78.816360473632812 ], [ -103.827201843261719, 78.90386962890625 ], [ -104.081100463867188, 78.979423522949219 ], [ -104.233901977539062, 78.991928100585938 ], [ -104.471900939941406, 78.950531005859375 ], [ -104.564201354980469, 78.864700317382812 ], [ -104.817497253417969, 78.802200317382812 ], [ -104.988296508789062, 78.798309326171875 ], [ -105.028602600097656, 78.815261840820312 ], [ -105.012199401855469, 78.844703674316406 ], [ -104.6885986328125, 78.99359130859375 ], [ -104.681098937988281, 79.016647338867188 ], [ -104.919700622558594, 79.052467346191406 ], [ -105.395301818847656, 79.011642456054688 ], [ -105.5625, 79.024406433105469 ], [ -105.62860107421875, 79.161361694335938 ], [ -105.541702270507812, 79.239967346191406 ], [ -105.434196472167969, 79.273033142089844 ], [ -105.4385986328125, 79.295257568359375 ], [ -105.482803344726562, 79.306373596191406 ], [ -105.44000244140625, 79.329147338867188 ], [ -105.161102294921875, 79.297470092773438 ], [ -103.703102111816406, 79.352752685546875 ], [ -102.876998901367188, 79.2330322265625 ], [ -102.92669677734375, 79.211090087890625 ], [ -102.891998291015625, 79.166641235351562 ], [ -102.61199951171875, 79.092193603515625 ], [ -102.654403686523438, 78.994140625 ], [ -102.768096923828125, 78.955810546875 ], [ -102.7510986328125, 78.938873291015625 ], [ -102.583602905273438, 78.948593139648438 ], [ -102.578598022460938, 78.923576354980469 ], [ -102.6260986328125, 78.900253295898438 ], [ -102.56109619140625, 78.869712829589844 ], [ -102.37640380859375, 78.946372985839844 ], [ -102.418098449707031, 79.008033752441406 ], [ -101.923301696777344, 79.085823059082031 ], [ -101.648902893066406, 79.075813293457031 ], [ -101.231697082519531, 78.959426879882812 ], [ -101.005599975585938, 78.943038940429688 ], [ -101.003097534179688, 78.91998291015625 ], [ -101.200599670410156, 78.820823669433594 ], [ -101.1864013671875, 78.802749633789062 ], [ -100.613899230957031, 78.798027038574219 ], [ -100.351402282714844, 78.82830810546875 ], [ -100.323600769042969, 78.778030395507812 ], [ -99.952507019042969, 78.725540161132812 ], [ -99.913619995117188, 78.679702758789062 ], [ -100.062797546386719, 78.638870239257812 ], [ -100.016998291015625, 78.61663818359375 ], [ -99.601119995117188, 78.598312377929688 ], [ -99.533340454101562, 78.583587646484375 ], [ -99.6702880859375, 78.479713439941406 ], [ -99.859733581542969, 78.44219970703125 ], [ -99.753616333007812, 78.389686584472656 ], [ -99.741386413574219, 78.28997802734375 ], [ -99.5513916015625, 78.286087036132812 ], [ -98.946121215820312, 78.061653137207031 ], [ -98.9716796875, 77.997756958007812 ], [ -99.0947265625, 77.96636962890625 ], [ -99.013343811035156, 77.888313293457031 ], [ -99.351959228515625, 77.828582763671875 ], [ -99.906951904296875, 77.778587341308594 ] ] ], [ [ [ -92.011383056640625, 76.656646728515625 ], [ -91.535842895507812, 76.688873291015625 ], [ -91.009193420410156, 76.651641845703125 ], [ -90.563629150390625, 76.5596923828125 ], [ -90.468917846679688, 76.479141235351562 ], [ -90.538093566894531, 76.461357116699219 ], [ -90.826423645019531, 76.463027954101562 ], [ -91.414726257324219, 76.51275634765625 ], [ -91.564193725585938, 76.500808715820312 ], [ -91.40252685546875, 76.457473754882812 ], [ -90.730850219726562, 76.421920776367188 ], [ -89.305572509765625, 76.299148559570312 ], [ -89.208633422851562, 76.26080322265625 ], [ -89.192497253417969, 76.236076354980469 ], [ -89.3497314453125, 76.18359375 ], [ -90.418350219726562, 76.179428100585938 ], [ -90.438606262207031, 76.162200927734375 ], [ -90.064193725585938, 76.136917114257812 ], [ -90.122528076171875, 76.125259399414062 ], [ -91.253082275390625, 76.198028564453125 ], [ -91.40863037109375, 76.1513671875 ], [ -90.7005615234375, 76.119422912597656 ], [ -90.678627014160156, 76.1080322265625 ], [ -90.862518310546875, 76.069976806640625 ], [ -90.706413269042969, 76.057212829589844 ], [ -90.575286865234375, 76.090263366699219 ], [ -90.194473266601562, 76.062759399414062 ], [ -90.233917236328125, 76.041091918945312 ], [ -91.030006408691406, 75.996917724609375 ], [ -91.039459228515625, 75.980796813964844 ], [ -90.9505615234375, 75.962196350097656 ], [ -90.942253112792969, 75.945533752441406 ], [ -91.118896484375, 75.913856506347656 ], [ -91.136138916015625, 75.846076965332031 ], [ -91.091667175292969, 75.843307495117188 ], [ -91.044166564941406, 75.901641845703125 ], [ -90.903083801269531, 75.924697875976562 ], [ -90.793899536132812, 75.994712829589844 ], [ -90.681121826171875, 75.981369018554688 ], [ -90.733612060546875, 75.959701538085938 ], [ -90.464752197265625, 75.978591918945312 ], [ -90.442520141601562, 75.959701538085938 ], [ -90.526123046875, 75.930526733398438 ], [ -90.530006408691406, 75.898323059082031 ], [ -90.339752197265625, 75.968307495117188 ], [ -90.116119384765625, 75.93359375 ], [ -90.066390991210938, 75.999977111816406 ], [ -89.947532653808594, 76.0072021484375 ], [ -89.944732666015625, 75.971359252929688 ], [ -89.687812805175781, 75.899978637695312 ], [ -89.776412963867188, 75.792762756347656 ], [ -89.692497253417969, 75.796371459960938 ], [ -89.656967163085938, 75.829147338867188 ], [ -89.439193725585938, 75.845260620117188 ], [ -89.172813415527344, 75.780532836914062 ], [ -89.183349609375, 75.731643676757812 ], [ -89.25390625, 75.631088256835938 ], [ -89.567520141601562, 75.585823059082031 ], [ -89.568077087402344, 75.561920166015625 ], [ -89.551132202148438, 75.548858642578125 ], [ -89.403640747070312, 75.587196350097656 ], [ -89.217239379882812, 75.584976196289062 ], [ -88.96417236328125, 75.431922912597656 ], [ -88.76751708984375, 75.43414306640625 ], [ -88.747802734375, 75.470809936523438 ], [ -88.902236938476562, 75.604713439941406 ], [ -88.757522583007812, 75.644973754882812 ], [ -88.754997253417969, 75.676651000976562 ], [ -88.600860595703125, 75.659416198730469 ], [ -88.20391845703125, 75.531082153320312 ], [ -88.30584716796875, 75.492202758789062 ], [ -88.21307373046875, 75.470542907714844 ], [ -87.748916625976562, 75.57830810546875 ], [ -87.648353576660156, 75.561920166015625 ], [ -87.544456481933594, 75.497756958007812 ], [ -87.495559692382812, 75.485809326171875 ], [ -87.606407165527344, 75.449691772460938 ], [ -87.500312805175781, 75.452186584472656 ], [ -87.430557250976562, 75.501083374023438 ], [ -87.509193420410156, 75.534149169921875 ], [ -87.513351440429688, 75.559417724609375 ], [ -87.214187622070312, 75.612472534179688 ], [ -86.807533264160156, 75.479141235351562 ], [ -86.483352661132812, 75.456649780273438 ], [ -86.365859985351562, 75.423309326171875 ], [ -86.615592956542969, 75.36553955078125 ], [ -86.376129150390625, 75.376373291015625 ], [ -86.082496643066406, 75.421371459960938 ], [ -86.110000610351562, 75.481918334960938 ], [ -86.154457092285156, 75.500808715820312 ], [ -85.924179077148438, 75.542213439941406 ], [ -85.202529907226562, 75.598037719726562 ], [ -85.013076782226562, 75.6402587890625 ], [ -84.652252197265625, 75.675262451171875 ], [ -84.022506713867188, 75.767196655273438 ], [ -83.920852661132812, 75.8035888671875 ], [ -83.767242431640625, 75.824142456054688 ], [ -83.698638916015625, 75.790252685546875 ], [ -83.099746704101562, 75.732192993164062 ], [ -82.542793273925781, 75.819137573242188 ], [ -82.140029907226562, 75.826919555664062 ], [ -81.118072509765625, 75.775527954101562 ], [ -81.111968994140625, 75.7471923828125 ], [ -81.276962280273438, 75.668296813964844 ], [ -81.271133422851562, 75.6513671875 ], [ -80.317253112792969, 75.630538940429688 ], [ -80.068359375, 75.578872680664062 ], [ -80.089752197265625, 75.5455322265625 ], [ -79.95391845703125, 75.540252685546875 ], [ -80.371963500976562, 75.4688720703125 ], [ -80.320571899414062, 75.455810546875 ], [ -79.733352661132812, 75.471916198730469 ], [ -79.622238159179688, 75.402481079101562 ], [ -79.488082885742188, 75.383323669433594 ], [ -79.52752685546875, 75.322196960449219 ], [ -79.610023498535156, 75.310806274414062 ], [ -79.587799072265625, 75.287483215332031 ], [ -79.452529907226562, 75.2713623046875 ], [ -79.629730224609375, 75.174972534179688 ], [ -79.929466247558594, 75.140533447265625 ], [ -79.9605712890625, 75.094703674316406 ], [ -80.440582275390625, 75.038040161132812 ], [ -80.216423034667969, 74.976089477539062 ], [ -80.279190063476562, 74.959426879882812 ], [ -80.240859985351562, 74.946640014648438 ], [ -79.795303344726562, 75.027481079101562 ], [ -79.505020141601562, 74.998306274414062 ], [ -79.509193420410156, 74.959426879882812 ], [ -79.330757141113281, 74.896499633789062 ], [ -79.502243041992188, 74.859420776367188 ], [ -79.880577087402344, 74.813026428222656 ], [ -80.177803039550781, 74.867752075195312 ], [ -80.14251708984375, 74.898033142089844 ], [ -80.1661376953125, 74.932746887207031 ], [ -80.210861206054688, 74.93109130859375 ], [ -80.191131591796875, 74.894699096679688 ], [ -80.220863342285156, 74.871368408203125 ], [ -80.274192810058594, 74.881088256835938 ], [ -80.306411743164062, 74.93914794921875 ], [ -80.413093566894531, 74.897750854492188 ], [ -80.361396789550781, 74.868873596191406 ], [ -80.108627319335938, 74.824417114257812 ], [ -80.101966857910156, 74.789138793945312 ], [ -80.246963500976562, 74.757476806640625 ], [ -80.138076782226562, 74.724136352539062 ], [ -80.134170532226562, 74.704971313476562 ], [ -80.208633422851562, 74.694427490234375 ], [ -80.14666748046875, 74.626922607421875 ], [ -80.231689453125, 74.578033447265625 ], [ -81.21917724609375, 74.571372985839844 ], [ -81.759193420410156, 74.461090087890625 ], [ -82.081703186035156, 74.477203369140625 ], [ -82.482803344726562, 74.536361694335938 ], [ -82.592529296875, 74.510528564453125 ], [ -82.78363037109375, 74.520248413085938 ], [ -82.968917846679688, 74.570823669433594 ], [ -83.088912963867188, 74.636642456054688 ], [ -83.128082275390625, 74.717483520507812 ], [ -83.073638916015625, 74.80413818359375 ], [ -83.116127014160156, 74.828582763671875 ], [ -83.29974365234375, 74.835533142089844 ], [ -83.475593566894531, 74.896636962890625 ], [ -83.547523498535156, 74.897476196289062 ], [ -83.5572509765625, 74.875259399414062 ], [ -83.458633422851562, 74.808029174804688 ], [ -83.319168090820312, 74.774978637695312 ], [ -83.454742431640625, 74.591087341308594 ], [ -83.611953735351562, 74.540817260742188 ], [ -83.855583190917969, 74.550811767578125 ], [ -84.588638305664062, 74.503036499023438 ], [ -84.899749755859375, 74.503311157226562 ], [ -84.983078002929688, 74.570533752441406 ], [ -84.950843811035156, 74.672760009765625 ], [ -84.973342895507812, 74.696090698242188 ], [ -85.063919067382812, 74.651641845703125 ], [ -85.0372314453125, 74.535247802734375 ], [ -85.087799072265625, 74.504966735839844 ], [ -85.25946044921875, 74.49053955078125 ], [ -85.363906860351562, 74.501922607421875 ], [ -85.468917846679688, 74.658859252929688 ], [ -85.520858764648438, 74.688026428222656 ], [ -85.551971435546875, 74.660247802734375 ], [ -85.481956481933594, 74.55413818359375 ], [ -85.495849609375, 74.52581787109375 ], [ -85.581130981445312, 74.498306274414062 ], [ -86.082496643066406, 74.479141235351562 ], [ -86.105827331542969, 74.506927490234375 ], [ -86.077789306640625, 74.545257568359375 ], [ -86.153900146484375, 74.609153747558594 ], [ -86.215843200683594, 74.610809326171875 ], [ -86.243072509765625, 74.59136962890625 ], [ -86.22308349609375, 74.562187194824219 ], [ -86.245033264160156, 74.523857116699219 ], [ -86.374473571777344, 74.483306884765625 ], [ -86.615837097167969, 74.522201538085938 ], [ -86.753082275390625, 74.582473754882812 ], [ -86.751129150390625, 74.61358642578125 ], [ -86.799468994140625, 74.615249633789062 ], [ -86.797523498535156, 74.543586730957031 ], [ -86.601966857910156, 74.469970703125 ], [ -86.943626403808594, 74.461357116699219 ], [ -87.001968383789062, 74.50775146484375 ], [ -87.111953735351562, 74.468032836914062 ], [ -87.304168701171875, 74.471649169921875 ], [ -87.3719482421875, 74.514686584472656 ], [ -87.301406860351562, 74.544418334960938 ], [ -87.416397094726562, 74.52886962890625 ], [ -87.545028686523438, 74.464141845703125 ], [ -87.710853576660156, 74.460823059082031 ], [ -87.754997253417969, 74.513603210449219 ], [ -87.903923034667969, 74.472198486328125 ], [ -88.517227172851562, 74.499687194824219 ], [ -88.571403503417969, 74.549972534179688 ], [ -88.491409301757812, 74.654693603515625 ], [ -88.408363342285156, 74.74053955078125 ], [ -88.293350219726562, 74.769416809082031 ], [ -88.487228393554688, 74.791366577148438 ], [ -88.443893432617188, 74.838592529296875 ], [ -88.537246704101562, 74.90692138671875 ], [ -88.567253112792969, 74.8802490234375 ], [ -88.545303344726562, 74.848037719726562 ], [ -88.615859985351562, 74.815536499023438 ], [ -88.618072509765625, 74.846359252929688 ], [ -88.664726257324219, 74.844970703125 ], [ -88.805007934570312, 74.677749633789062 ], [ -88.862228393554688, 74.658859252929688 ], [ -88.917526245117188, 74.719703674316406 ], [ -88.906417846679688, 74.773033142089844 ], [ -89.088623046875, 74.837196350097656 ], [ -89.060028076171875, 74.797470092773438 ], [ -89.011123657226562, 74.780807495117188 ], [ -89.047523498535156, 74.72247314453125 ], [ -89.265029907226562, 74.756362915039062 ], [ -89.095863342285156, 74.688026428222656 ], [ -89.1380615234375, 74.606643676757812 ], [ -89.228622436523438, 74.578033447265625 ], [ -89.928627014160156, 74.530807495117188 ], [ -89.988906860351562, 74.584136962890625 ], [ -90.088348388671875, 74.548858642578125 ], [ -90.620010375976562, 74.619979858398438 ], [ -90.756126403808594, 74.705543518066406 ], [ -90.753082275390625, 74.731643676757812 ], [ -90.8961181640625, 74.681373596191406 ], [ -91.025009155273438, 74.7027587890625 ], [ -90.740859985351562, 74.84747314453125 ], [ -90.817230224609375, 74.883590698242188 ], [ -91.226142883300781, 74.73358154296875 ], [ -91.09808349609375, 74.633323669433594 ], [ -91.256668090820312, 74.628593444824219 ], [ -91.301406860351562, 74.6563720703125 ], [ -91.277236938476562, 74.688026428222656 ], [ -91.295562744140625, 74.712753295898438 ], [ -91.361679077148438, 74.708587646484375 ], [ -91.331703186035156, 74.672470092773438 ], [ -91.360000610351562, 74.643310546875 ], [ -91.540008544921875, 74.6463623046875 ], [ -91.676406860351562, 74.671920776367188 ], [ -91.671951293945312, 74.689697265625 ], [ -91.621963500976562, 74.70025634765625 ], [ -91.651962280273438, 74.719970703125 ], [ -91.779449462890625, 74.725807189941406 ], [ -91.833343505859375, 74.696090698242188 ], [ -91.859451293945312, 74.721076965332031 ], [ -91.807533264160156, 74.731918334960938 ], [ -92.045562744140625, 74.789703369140625 ], [ -92.066390991210938, 74.813308715820312 ], [ -92.013343811035156, 74.908309936523438 ], [ -92.228897094726562, 75.071090698242188 ], [ -92.030006408691406, 75.086357116699219 ], [ -92.038909912109375, 75.107192993164062 ], [ -92.112808227539062, 75.128860473632812 ], [ -92.055572509765625, 75.150253295898438 ], [ -92.384193420410156, 75.16998291015625 ], [ -92.503616333007812, 75.218032836914062 ], [ -92.328903198242188, 75.369422912597656 ], [ -92.4586181640625, 75.368873596191406 ], [ -92.320022583007812, 75.498306274414062 ], [ -92.013923645019531, 75.589141845703125 ], [ -92.0552978515625, 75.611648559570312 ], [ -92.03668212890625, 75.679428100585938 ], [ -92.174453735351562, 75.744422912597656 ], [ -92.104736328125, 75.805252075195312 ], [ -92.108612060546875, 75.858871459960938 ], [ -92.629180908203125, 76.008872985839844 ], [ -92.63751220703125, 76.115806579589844 ], [ -93.067253112792969, 76.299148559570312 ], [ -93.065567016601562, 76.347747802734375 ], [ -93.162246704101562, 76.367752075195312 ], [ -93.617782592773438, 76.291091918945312 ], [ -93.653633117675781, 76.302749633789062 ], [ -93.636138916015625, 76.326637268066406 ], [ -93.763343811035156, 76.280807495117188 ], [ -94.0977783203125, 76.259407043457031 ], [ -94.4202880859375, 76.281082153320312 ], [ -94.644737243652344, 76.277481079101562 ], [ -94.662246704101562, 76.310256958007812 ], [ -95.001106262207031, 76.245796203613281 ], [ -95.056121826171875, 76.219146728515625 ], [ -95.386947631835938, 76.235809326171875 ], [ -95.37445068359375, 76.297760009765625 ], [ -95.118362426757812, 76.298027038574219 ], [ -95.010848999023438, 76.331092834472656 ], [ -94.808639526367188, 76.311370849609375 ], [ -94.859451293945312, 76.337196350097656 ], [ -95.831680297851562, 76.394973754882812 ], [ -96.061683654785156, 76.467193603515625 ], [ -96.090583801269531, 76.510246276855469 ], [ -95.778900146484375, 76.51885986328125 ], [ -95.58416748046875, 76.598312377929688 ], [ -95.638900756835938, 76.604141235351562 ], [ -95.866119384765625, 76.55303955078125 ], [ -96.403640747070312, 76.639686584472656 ], [ -96.470573425292969, 76.685531616210938 ], [ -96.857803344726562, 76.701919555664062 ], [ -96.946952819824219, 76.73858642578125 ], [ -96.841400146484375, 76.766372680664062 ], [ -96.903900146484375, 76.784149169921875 ], [ -96.839736938476562, 76.810256958007812 ], [ -96.64251708984375, 76.748870849609375 ], [ -96.31195068359375, 76.751373291015625 ], [ -96.316703796386719, 76.801361083984375 ], [ -96.797500610351562, 76.861358642578125 ], [ -96.865837097167969, 76.898033142089844 ], [ -96.8577880859375, 76.924972534179688 ], [ -96.660842895507812, 76.947196960449219 ], [ -96.747787475585938, 76.982757568359375 ], [ -96.39111328125, 77.02691650390625 ], [ -95.7528076171875, 77.068588256835938 ], [ -94.52667236328125, 76.96942138671875 ], [ -94.447509765625, 76.916641235351562 ], [ -94.096389770507812, 76.888870239257812 ], [ -93.964752197265625, 76.932479858398438 ], [ -93.649749755859375, 76.908042907714844 ], [ -93.467216491699219, 76.827476501464844 ], [ -93.187522888183594, 76.745529174804688 ], [ -93.1864013671875, 76.660812377929688 ], [ -93.309463500976562, 76.57330322265625 ], [ -93.306953430175781, 76.546653747558594 ], [ -93.630020141601562, 76.451919555664062 ], [ -93.6319580078125, 76.4285888671875 ], [ -93.54833984375, 76.386093139648438 ], [ -93.463897705078125, 76.399406433105469 ], [ -93.58056640625, 76.423027038574219 ], [ -93.1219482421875, 76.574981689453125 ], [ -93.109176635742188, 76.616363525390625 ], [ -92.183349609375, 76.614700317382812 ], [ -92.011383056640625, 76.656646728515625 ] ] ], [ [ [ -53.574928283691406, 48.075260162353516 ], [ -53.796871185302734, 48.098049163818359 ], [ -53.873249053955078, 48.172771453857422 ], [ -53.870208740234375, 48.209430694580078 ], [ -53.653530120849609, 48.148880004882812 ], [ -53.457420349121094, 48.201930999755859 ], [ -53.471870422363281, 48.097759246826172 ], [ -53.574928283691406, 48.075260162353516 ] ] ], [ [ [ -99.880279541015625, 74.978317260742188 ], [ -100.328300476074219, 75.013870239257812 ], [ -100.389701843261719, 75.031082153320312 ], [ -100.398101806640625, 75.158576965332031 ], [ -100.544700622558594, 75.193038940429688 ], [ -100.463302612304688, 75.223587036132812 ], [ -100.007797241210938, 75.22802734375 ], [ -100.009498596191406, 75.242202758789062 ], [ -100.354202270507812, 75.25164794921875 ], [ -100.379501342773438, 75.273590087890625 ], [ -100.279403686523438, 75.286636352539062 ], [ -100.2572021484375, 75.313308715820312 ], [ -100.500297546386719, 75.29248046875 ], [ -100.765602111816406, 75.346359252929688 ], [ -100.676399230957031, 75.37664794921875 ], [ -100.51190185546875, 75.365249633789062 ], [ -100.43280029296875, 75.375259399414062 ], [ -100.584503173828125, 75.426361083984375 ], [ -99.973068237304688, 75.488311767578125 ], [ -99.986679077148438, 75.499687194824219 ], [ -100.283302307128906, 75.514976501464844 ], [ -99.712783813476562, 75.589141845703125 ], [ -99.686111450195312, 75.613861083984375 ], [ -99.863067626953125, 75.614433288574219 ], [ -99.817497253417969, 75.655258178710938 ], [ -102.351997375488281, 75.542213439941406 ], [ -102.599700927734375, 75.493316650390625 ], [ -102.765296936035156, 75.538307189941406 ], [ -102.728897094726562, 75.572479248046875 ], [ -102.866996765136719, 75.601089477539062 ], [ -102.860603332519531, 75.628311157226562 ], [ -102.6322021484375, 75.614700317382812 ], [ -102.689201354980469, 75.6705322265625 ], [ -102.402198791503906, 75.7269287109375 ], [ -102.078903198242188, 75.688308715820312 ], [ -102.052001953125, 75.704147338867188 ], [ -102.23699951171875, 75.744140625 ], [ -102.091903686523438, 75.785247802734375 ], [ -102.343902587890625, 75.78192138671875 ], [ -102.362503051757812, 75.818038940429688 ], [ -102.290298461914062, 75.857192993164062 ], [ -101.864501953125, 75.902206420898438 ], [ -101.456100463867188, 75.810806274414062 ], [ -101.468902587890625, 75.766372680664062 ], [ -101.281097412109375, 75.744979858398438 ], [ -101.032501220703125, 75.792762756347656 ], [ -101.347801208496094, 75.774978637695312 ], [ -101.325302124023438, 75.813308715820312 ], [ -101.378097534179688, 75.8519287109375 ], [ -101.527198791503906, 75.858306884765625 ], [ -101.597801208496094, 75.919692993164062 ], [ -101.392196655273438, 76.000526428222656 ], [ -101.666397094726562, 75.979423522949219 ], [ -101.819198608398438, 76.011367797851562 ], [ -101.900596618652344, 76.066650390625 ], [ -101.902198791503906, 76.107757568359375 ], [ -101.761100769042969, 76.174148559570312 ], [ -101.396102905273438, 76.243316650390625 ], [ -102.052001953125, 76.213592529296875 ], [ -102.160003662109375, 76.243026733398438 ], [ -102.06390380859375, 76.2552490234375 ], [ -102.0635986328125, 76.283576965332031 ], [ -102.097503662109375, 76.341636657714844 ], [ -101.957496643066406, 76.35748291015625 ], [ -102.052001953125, 76.386367797851562 ], [ -101.886100769042969, 76.444976806640625 ], [ -101.483100891113281, 76.437759399414062 ], [ -101.068099975585938, 76.331916809082031 ], [ -101.140602111816406, 76.240249633789062 ], [ -100.928298950195312, 76.225807189941406 ], [ -100.630302429199219, 76.133323669433594 ], [ -100.632003784179688, 76.115806579589844 ], [ -100.741096496582031, 76.094703674316406 ], [ -100.334999084472656, 76.053863525390625 ], [ -100.071403503417969, 75.945533752441406 ], [ -100.150299072265625, 75.913856506347656 ], [ -99.8013916015625, 75.90386962890625 ], [ -99.457496643066406, 75.961357116699219 ], [ -99.469451904296875, 75.974700927734375 ], [ -99.859733581542969, 75.935256958007812 ], [ -99.879997253417969, 75.972747802734375 ], [ -100.077499389648438, 76.038856506347656 ], [ -100.11199951171875, 76.101356506347656 ], [ -100.220802307128906, 76.1322021484375 ], [ -99.843902587890625, 76.139976501464844 ], [ -99.714447021484375, 76.114433288574219 ], [ -99.414459228515625, 76.158309936523438 ], [ -99.829727172851562, 76.163040161132812 ], [ -100.0010986328125, 76.201919555664062 ], [ -100.43890380859375, 76.212478637695312 ], [ -100.513099670410156, 76.249153137207031 ], [ -100.464996337890625, 76.274978637695312 ], [ -100.014999389648438, 76.316932678222656 ], [ -100.323600769042969, 76.384140014648438 ], [ -100.698600769042969, 76.376083374023438 ], [ -100.972503662109375, 76.485260009765625 ], [ -100.962799072265625, 76.510246276855469 ], [ -100.384498596191406, 76.628311157226562 ], [ -100.099502563476562, 76.634407043457031 ], [ -99.498062133789062, 76.580543518066406 ], [ -99.331680297851562, 76.509407043457031 ], [ -99.143890380859375, 76.50164794921875 ], [ -99.2569580078125, 76.470542907714844 ], [ -99.1844482421875, 76.415817260742188 ], [ -99.066116333007812, 76.398590087890625 ], [ -99.13751220703125, 76.451919555664062 ], [ -98.980827331542969, 76.471649169921875 ], [ -98.882781982421875, 76.431373596191406 ], [ -98.875839233398438, 76.441932678222656 ], [ -98.993057250976562, 76.528030395507812 ], [ -99.05084228515625, 76.536087036132812 ], [ -99.027236938476562, 76.601089477539062 ], [ -98.725570678710938, 76.610809326171875 ], [ -98.845840454101562, 76.672760009765625 ], [ -98.504997253417969, 76.68109130859375 ], [ -98.404167175292969, 76.661361694335938 ], [ -98.431121826171875, 76.629966735839844 ], [ -98.338348388671875, 76.562759399414062 ], [ -97.764739990234375, 76.510528564453125 ], [ -97.66278076171875, 76.481086730957031 ], [ -97.695846557617188, 76.460823059082031 ], [ -97.662513732910156, 76.419418334960938 ], [ -97.779190063476562, 76.32525634765625 ], [ -97.523063659667969, 76.205810546875 ], [ -97.495010375976562, 76.14385986328125 ], [ -97.644737243652344, 75.950531005859375 ], [ -97.5594482421875, 75.870796203613281 ], [ -97.664459228515625, 75.793296813964844 ], [ -97.930557250976562, 75.746917724609375 ], [ -97.425567626953125, 75.69219970703125 ], [ -97.370010375976562, 75.670806884765625 ], [ -97.424179077148438, 75.528587341308594 ], [ -97.3980712890625, 75.452476501464844 ], [ -97.281112670898438, 75.396926879882812 ], [ -97.341690063476562, 75.39385986328125 ], [ -97.487228393554688, 75.433029174804688 ], [ -97.487503051757812, 75.49609375 ], [ -97.824447631835938, 75.550537109375 ], [ -97.74334716796875, 75.471916198730469 ], [ -97.807533264160156, 75.456649780273438 ], [ -97.865570068359375, 75.507476806640625 ], [ -98.04168701171875, 75.483306884765625 ], [ -97.943336486816406, 75.467193603515625 ], [ -98.055557250976562, 75.452476501464844 ], [ -97.783073425292969, 75.428306579589844 ], [ -97.995010375976562, 75.388603210449219 ], [ -97.872787475585938, 75.370796203613281 ], [ -98.0694580078125, 75.349700927734375 ], [ -98.1077880859375, 75.371917724609375 ], [ -98.165283203125, 75.334136962890625 ], [ -98.08056640625, 75.329971313476562 ], [ -98.129180908203125, 75.301933288574219 ], [ -98.048072814941406, 75.284698486328125 ], [ -98.006118774414062, 75.3197021484375 ], [ -97.894180297851562, 75.329421997070312 ], [ -97.991958618164062, 75.284698486328125 ], [ -97.93695068359375, 75.263313293457031 ], [ -97.903900146484375, 75.305252075195312 ], [ -97.743621826171875, 75.224983215332031 ], [ -97.80029296875, 75.193862915039062 ], [ -97.5977783203125, 75.164703369140625 ], [ -97.582496643066406, 75.137481689453125 ], [ -97.820281982421875, 75.111076354980469 ], [ -98.025009155273438, 75.162483215332031 ], [ -98.025848388671875, 75.210823059082031 ], [ -98.14666748046875, 75.180816650390625 ], [ -98.081680297851562, 75.130538940429688 ], [ -97.960006713867188, 75.095542907714844 ], [ -97.946121215820312, 75.026641845703125 ], [ -98.724166870117188, 74.989433288574219 ], [ -98.861953735351562, 75.033042907714844 ], [ -98.837783813476562, 75.05859375 ], [ -98.960563659667969, 75.051933288574219 ], [ -98.928337097167969, 75.012191772460938 ], [ -99.354446411132812, 74.984420776367188 ], [ -99.392791748046875, 75.022476196289062 ], [ -99.272506713867188, 75.115806579589844 ], [ -99.325843811035156, 75.118316650390625 ], [ -99.4969482421875, 75.0263671875 ], [ -99.4263916015625, 74.991363525390625 ], [ -99.880279541015625, 74.978317260742188 ] ] ], [ [ [ -96.915283203125, 72.917762756347656 ], [ -97.017791748046875, 72.940536499023438 ], [ -97.130836486816406, 73.039703369140625 ], [ -97.14111328125, 73.085533142089844 ], [ -97.0594482421875, 73.142196655273438 ], [ -96.77197265625, 73.181640625 ], [ -96.730827331542969, 73.14276123046875 ], [ -96.7711181640625, 73.11358642578125 ], [ -96.650283813476562, 73.139976501464844 ], [ -96.568893432617188, 73.062187194824219 ], [ -96.636688232421875, 72.965812683105469 ], [ -96.743057250976562, 72.93359375 ], [ -96.915283203125, 72.917762756347656 ] ] ], [ [ [ -104.790298461914062, 77.108871459960938 ], [ -104.993598937988281, 77.16497802734375 ], [ -105.375602722167969, 77.206916809082031 ], [ -105.377197265625, 77.218582153320312 ], [ -105.316703796386719, 77.223312377929688 ], [ -105.571998596191406, 77.32330322265625 ], [ -105.548896789550781, 77.369422912597656 ], [ -105.689697265625, 77.41748046875 ], [ -105.655601501464844, 77.441932678222656 ], [ -105.764999389648438, 77.4638671875 ], [ -105.677803039550781, 77.5072021484375 ], [ -105.838096618652344, 77.570533752441406 ], [ -105.823898315429688, 77.596359252929688 ], [ -105.930801391601562, 77.663040161132812 ], [ -106.091697692871094, 77.715263366699219 ], [ -106.040603637695312, 77.744979858398438 ], [ -105.648902893066406, 77.748580932617188 ], [ -105.173599243164062, 77.612197875976562 ], [ -104.959197998046875, 77.508033752441406 ], [ -104.946701049804688, 77.479141235351562 ], [ -105.016403198242188, 77.417762756347656 ], [ -104.439201354980469, 77.314422607421875 ], [ -104.472503662109375, 77.284149169921875 ], [ -104.381401062011719, 77.264419555664062 ], [ -104.397201538085938, 77.183868408203125 ], [ -104.472503662109375, 77.137481689453125 ], [ -104.790298461914062, 77.108871459960938 ] ] ], [ [ [ -102.017196655273438, 77.679702758789062 ], [ -102.4364013671875, 77.729713439941406 ], [ -102.413902282714844, 77.753311157226562 ], [ -102.50469970703125, 77.779983520507812 ], [ -102.529701232910156, 77.834136962890625 ], [ -102.442497253417969, 77.87664794921875 ], [ -101.672203063964844, 77.893310546875 ], [ -101.191398620605469, 77.830810546875 ], [ -100.94830322265625, 77.753593444824219 ], [ -100.940597534179688, 77.7269287109375 ], [ -102.017196655273438, 77.679702758789062 ] ] ], [ [ [ -94.180557250976562, 74.631927490234375 ], [ -95.005569458007812, 74.671371459960938 ], [ -95.07305908203125, 74.702186584472656 ], [ -95.056396484375, 74.727752685546875 ], [ -95.345840454101562, 74.7955322265625 ], [ -95.472793579101562, 74.791641235351562 ], [ -95.4505615234375, 74.74163818359375 ], [ -95.541397094726562, 74.745796203613281 ], [ -95.542236328125, 74.807479858398438 ], [ -95.9505615234375, 74.857192993164062 ], [ -96.122787475585938, 74.912200927734375 ], [ -96.105827331542969, 74.938026428222656 ], [ -96.033340454101562, 74.949417114257812 ], [ -96.051132202148438, 74.972747802734375 ], [ -96.13555908203125, 74.951103210449219 ], [ -96.124740600585938, 74.975807189941406 ], [ -96.056396484375, 75.010246276855469 ], [ -96.142227172851562, 75.01776123046875 ], [ -96.210006713867188, 74.91552734375 ], [ -96.337509155273438, 74.903587341308594 ], [ -96.39666748046875, 74.919692993164062 ], [ -96.394180297851562, 74.978317260742188 ], [ -96.328079223632812, 74.974700927734375 ], [ -96.322250366210938, 75.001373291015625 ], [ -96.614181518554688, 74.984970092773438 ], [ -96.575302124023438, 75.096359252929688 ], [ -96.456680297851562, 75.196907043457031 ], [ -96.092216491699219, 75.255538940429688 ], [ -96.063056945800781, 75.276641845703125 ], [ -96.172500610351562, 75.285537719726562 ], [ -95.95916748046875, 75.374687194824219 ], [ -95.890296936035156, 75.349136352539062 ], [ -95.778923034667969, 75.369979858398438 ], [ -95.905563354492188, 75.396636962890625 ], [ -96.151138305664062, 75.374969482421875 ], [ -96.1622314453125, 75.395538330078125 ], [ -95.974456787109375, 75.436080932617188 ], [ -95.703346252441406, 75.402481079101562 ], [ -95.684722900390625, 75.428306579589844 ], [ -95.800857543945312, 75.431640625 ], [ -95.837226867675781, 75.453582763671875 ], [ -95.824172973632812, 75.477752685546875 ], [ -95.470291137695312, 75.566932678222656 ], [ -94.827507019042969, 75.631088256835938 ], [ -94.446403503417969, 75.605796813964844 ], [ -93.853622436523438, 75.392471313476562 ], [ -93.676963806152344, 75.356643676757812 ], [ -93.648063659667969, 75.301361083984375 ], [ -93.499183654785156, 75.264686584472656 ], [ -93.49334716796875, 75.2471923828125 ], [ -93.578338623046875, 75.197746276855469 ], [ -93.4586181640625, 75.128036499023438 ], [ -93.515289306640625, 75.038307189941406 ], [ -93.412803649902344, 74.908309936523438 ], [ -93.43890380859375, 74.75775146484375 ], [ -93.563629150390625, 74.743026733398438 ], [ -93.46307373046875, 74.729423522949219 ], [ -93.485000610351562, 74.687759399414062 ], [ -93.563606262207031, 74.659416198730469 ], [ -94.180557250976562, 74.631927490234375 ] ] ], [ [ [ -114.604499816894531, 72.599952697753906 ], [ -114.463302612304688, 72.560256958007812 ], [ -114.351402282714844, 72.557479858398438 ], [ -114.103103637695312, 72.6322021484375 ], [ -113.516098022460938, 72.701919555664062 ], [ -113.729202270507812, 72.61553955078125 ], [ -113.699699401855469, 72.604141235351562 ], [ -113.442802429199219, 72.672203063964844 ], [ -113.410003662109375, 72.729423522949219 ], [ -113.606399536132812, 72.758323669433594 ], [ -113.598899841308594, 72.782760620117188 ], [ -113.302803039550781, 72.948867797851562 ], [ -113.062797546386719, 73.007476806640625 ], [ -112.5635986328125, 72.959136962890625 ], [ -111.264999389648438, 72.732757568359375 ], [ -111.208297729492188, 72.680816650390625 ], [ -111.262802124023438, 72.579147338867188 ], [ -111.651100158691406, 72.408859252929688 ], [ -111.859703063964844, 72.373306274414062 ], [ -111.876701354980469, 72.33941650390625 ], [ -111.794403076171875, 72.323028564453125 ], [ -111.670600891113281, 72.354141235351562 ], [ -111.651702880859375, 72.319137573242188 ], [ -111.786102294921875, 72.222747802734375 ], [ -111.750297546386719, 72.197746276855469 ], [ -111.590797424316406, 72.299148559570312 ], [ -111.42449951171875, 72.337196350097656 ], [ -111.589202880859375, 72.342758178710938 ], [ -111.588302612304688, 72.376373291015625 ], [ -111.309402465820312, 72.460823059082031 ], [ -111.202499389648438, 72.460250854492188 ], [ -111.362197875976562, 72.36553955078125 ], [ -111.364501953125, 72.342483520507812 ], [ -111.277496337890625, 72.369979858398438 ], [ -111.033096313476562, 72.28192138671875 ], [ -111.095298767089844, 72.37969970703125 ], [ -111.084197998046875, 72.407760620117188 ], [ -110.987800598144531, 72.434417724609375 ], [ -111.001998901367188, 72.471359252929688 ], [ -110.7969970703125, 72.472747802734375 ], [ -110.833297729492188, 72.519149780273438 ], [ -110.715301513671875, 72.573028564453125 ], [ -110.478897094726562, 72.552200317382812 ], [ -110.601699829101562, 72.498870849609375 ], [ -110.514198303222656, 72.48858642578125 ], [ -110.511100769042969, 72.511642456054688 ], [ -110.384201049804688, 72.555526733398438 ], [ -110.05059814453125, 72.433868408203125 ], [ -109.971099853515625, 72.460250854492188 ], [ -109.782798767089844, 72.429428100585938 ], [ -110.236701965332031, 72.548858642578125 ], [ -110.242202758789062, 72.566932678222656 ], [ -109.888603210449219, 72.484703063964844 ], [ -109.8125, 72.514686584472656 ], [ -110.093101501464844, 72.6563720703125 ], [ -110.24169921875, 72.646087646484375 ], [ -110.263099670410156, 72.67608642578125 ], [ -110.178298950195312, 72.680816650390625 ], [ -110.212799072265625, 72.711639404296875 ], [ -110.076896667480469, 72.720993041992188 ], [ -109.832801818847656, 72.663307189941406 ], [ -109.830001831054688, 72.684982299804688 ], [ -109.856903076171875, 72.7027587890625 ], [ -109.770301818847656, 72.722198486328125 ], [ -110.252197265625, 72.731643676757812 ], [ -110.240798950195312, 72.752761840820312 ], [ -110.171401977539062, 72.774978637695312 ], [ -110.211700439453125, 72.818313598632812 ], [ -110.493598937988281, 72.837753295898438 ], [ -110.7427978515625, 72.957199096679688 ], [ -110.753898620605469, 72.977752685546875 ], [ -110.708297729492188, 73.002471923828125 ], [ -110.432502746582031, 73.014419555664062 ], [ -109.918899536132812, 72.968032836914062 ], [ -109.853897094726562, 72.91748046875 ], [ -109.735000610351562, 72.934417724609375 ], [ -109.61810302734375, 72.909416198730469 ], [ -109.75, 72.883872985839844 ], [ -109.658599853515625, 72.844703674316406 ], [ -108.963600158691406, 72.679428100585938 ], [ -108.957496643066406, 72.658309936523438 ], [ -109.033599853515625, 72.61553955078125 ], [ -109.043296813964844, 72.567466735839844 ], [ -108.851097106933594, 72.567466735839844 ], [ -108.888900756835938, 72.597747802734375 ], [ -108.703598022460938, 72.58026123046875 ], [ -108.62139892578125, 72.549972534179688 ], [ -108.588096618652344, 72.505538940429688 ], [ -108.663597106933594, 72.362762451171875 ], [ -108.536399841308594, 72.142196655273438 ], [ -108.403900146484375, 72.118316650390625 ], [ -108.412200927734375, 71.989967346191406 ], [ -108.293899536132812, 71.976356506347656 ], [ -108.332801818847656, 71.925811767578125 ], [ -108.2406005859375, 71.96441650390625 ], [ -108.191398620605469, 71.960533142089844 ], [ -108.189697265625, 71.933296203613281 ], [ -108.291397094726562, 71.881927490234375 ], [ -108.280799865722656, 71.78692626953125 ], [ -108.165298461914062, 71.75469970703125 ], [ -108.2427978515625, 71.718582153320312 ], [ -108.192497253417969, 71.699691772460938 ], [ -108.086898803710938, 71.719703674316406 ], [ -107.976097106933594, 71.666366577148438 ], [ -107.982803344726562, 71.633323669433594 ], [ -107.741096496582031, 71.613311767578125 ], [ -107.726097106933594, 71.629150390625 ], [ -107.831901550292969, 71.676933288574219 ], [ -107.823097229003906, 71.7169189453125 ], [ -107.751998901367188, 71.726638793945312 ], [ -107.695297241210938, 71.700531005859375 ], [ -107.535598754882812, 71.779693603515625 ], [ -107.278900146484375, 71.793296813964844 ], [ -107.278297424316406, 71.814697265625 ], [ -107.404403686523438, 71.837753295898438 ], [ -107.470802307128906, 71.870796203613281 ], [ -107.270797729492188, 71.879432678222656 ], [ -107.276901245117188, 71.908042907714844 ], [ -107.403297424316406, 71.924423217773438 ], [ -107.415000915527344, 71.970542907714844 ], [ -107.613899230957031, 72.012481689453125 ], [ -107.653297424316406, 72.066360473632812 ], [ -107.610000610351562, 72.088592529296875 ], [ -107.681396484375, 72.136093139648438 ], [ -107.778900146484375, 72.136642456054688 ], [ -107.790298461914062, 72.249977111816406 ], [ -107.864997863769531, 72.292762756347656 ], [ -107.828102111816406, 72.306373596191406 ], [ -107.747802734375, 72.283309936523438 ], [ -107.714698791503906, 72.295257568359375 ], [ -107.754501342773438, 72.33026123046875 ], [ -107.843902587890625, 72.354141235351562 ], [ -107.800003051757812, 72.37664794921875 ], [ -107.87359619140625, 72.414138793945312 ], [ -107.781402587890625, 72.45635986328125 ], [ -107.906402587890625, 72.473587036132812 ], [ -107.980598449707031, 72.511093139648438 ], [ -107.876998901367188, 72.524406433105469 ], [ -107.885597229003906, 72.586639404296875 ], [ -108.01190185546875, 72.619979858398438 ], [ -107.954498291015625, 72.639137268066406 ], [ -108.025299072265625, 72.666091918945312 ], [ -108.00579833984375, 72.702476501464844 ], [ -108.077796936035156, 72.743026733398438 ], [ -108.051101684570312, 72.7813720703125 ], [ -108.141998291015625, 72.868316650390625 ], [ -108.101402282714844, 72.901092529296875 ], [ -108.232803344726562, 73.033042907714844 ], [ -108.156097412109375, 73.048576354980469 ], [ -108.263603210449219, 73.0919189453125 ], [ -108.300003051757812, 73.135528564453125 ], [ -108.268600463867188, 73.171371459960938 ], [ -108.166397094726562, 73.203872680664062 ], [ -107.874198913574219, 73.18359375 ], [ -108.084503173828125, 73.247482299804688 ], [ -108.153602600097656, 73.302467346191406 ], [ -108.013099670410156, 73.30914306640625 ], [ -108.082496643066406, 73.344970703125 ], [ -108.012496948242188, 73.35247802734375 ], [ -107.441703796386719, 73.281082153320312 ], [ -107.105796813964844, 73.179428100585938 ], [ -107.025299072265625, 73.180526733398438 ], [ -107.020301818847656, 73.200813293457031 ], [ -107.118598937988281, 73.235527038574219 ], [ -107.030296325683594, 73.2955322265625 ], [ -106.882499694824219, 73.312187194824219 ], [ -106.750801086425781, 73.289138793945312 ], [ -106.696701049804688, 73.237472534179688 ], [ -106.582199096679688, 73.215263366699219 ], [ -106.500297546386719, 73.228591918945312 ], [ -106.398597717285156, 73.149139404296875 ], [ -106.06390380859375, 73.047760009765625 ], [ -105.855598449707031, 73.056922912597656 ], [ -105.76080322265625, 72.9769287109375 ], [ -105.532203674316406, 72.87969970703125 ], [ -105.326103210449219, 72.746368408203125 ], [ -105.356101989746094, 72.727203369140625 ], [ -105.498298645019531, 72.780807495117188 ], [ -105.457199096679688, 72.7027587890625 ], [ -105.305000305175781, 72.660247802734375 ], [ -105.31829833984375, 72.557479858398438 ], [ -105.23809814453125, 72.547760009765625 ], [ -105.199699401855469, 72.460533142089844 ], [ -105.302001953125, 72.45526123046875 ], [ -104.957496643066406, 72.181373596191406 ], [ -104.969200134277344, 72.153030395507812 ], [ -105.037498474121094, 72.118316650390625 ], [ -104.790000915527344, 71.84136962890625 ], [ -104.593597412109375, 71.759140014648438 ], [ -104.366401672363281, 71.5888671875 ], [ -104.359199523925781, 71.563308715820312 ], [ -104.403602600097656, 71.508590698242188 ], [ -104.278602600097656, 71.356369018554688 ], [ -104.293601989746094, 71.34136962890625 ], [ -104.408096313476562, 71.364967346191406 ], [ -104.471397399902344, 71.351089477539062 ], [ -104.496902465820312, 71.322746276855469 ], [ -104.43890380859375, 71.25775146484375 ], [ -104.448898315429688, 71.2188720703125 ], [ -104.648597717285156, 71.119140625 ], [ -104.413299560546875, 70.998870849609375 ], [ -104.122802734375, 70.914703369140625 ], [ -104.000297546386719, 70.7572021484375 ], [ -103.656997680664062, 70.66552734375 ], [ -103.624702453613281, 70.628036499023438 ], [ -103.4906005859375, 70.587478637695312 ], [ -103.309402465820312, 70.595260620117188 ], [ -103.121902465820312, 70.501922607421875 ], [ -102.93060302734375, 70.49053955078125 ], [ -102.915000915527344, 70.5052490234375 ], [ -103.108299255371094, 70.560531616210938 ], [ -103.155799865722656, 70.654983520507812 ], [ -103.136703491210938, 70.674423217773438 ], [ -103.025299072265625, 70.660247802734375 ], [ -102.848297119140625, 70.5938720703125 ], [ -102.860000610351562, 70.51275634765625 ], [ -102.281402587890625, 70.384140014648438 ], [ -101.92559814453125, 70.260528564453125 ], [ -101.849502563476562, 70.256637573242188 ], [ -101.727798461914062, 70.307212829589844 ], [ -101.588600158691406, 70.271926879882812 ], [ -101.650802612304688, 70.221359252929688 ], [ -101.55999755859375, 70.11358642578125 ], [ -101.413398742675781, 70.124420166015625 ], [ -101.3760986328125, 70.177749633789062 ], [ -101.238899230957031, 70.133033752441406 ], [ -101.11199951171875, 70.197196960449219 ], [ -100.999702453613281, 70.172760009765625 ], [ -100.973297119140625, 70.155532836914062 ], [ -101.002799987792969, 70.0888671875 ], [ -100.922203063964844, 69.965263366699219 ], [ -100.961402893066406, 69.93914794921875 ], [ -100.870002746582031, 69.814422607421875 ], [ -100.878097534179688, 69.771636962890625 ], [ -100.9385986328125, 69.672470092773438 ], [ -101.064498901367188, 69.648590087890625 ], [ -101.329696655273438, 69.66998291015625 ], [ -101.468299865722656, 69.823028564453125 ], [ -101.416397094726562, 69.886917114257812 ], [ -101.445297241210938, 69.909149169921875 ], [ -101.664497375488281, 69.649406433105469 ], [ -101.856399536132812, 69.743026733398438 ], [ -101.9302978515625, 69.73358154296875 ], [ -102.035003662109375, 69.84747314453125 ], [ -102.138900756835938, 69.823028564453125 ], [ -102.177001953125, 69.849136352539062 ], [ -102.166099548339844, 69.8822021484375 ], [ -102.217498779296875, 69.916923522949219 ], [ -102.253097534179688, 69.901092529296875 ], [ -102.237197875976562, 69.850807189941406 ], [ -102.332199096679688, 69.841087341308594 ], [ -102.29949951171875, 69.794418334960938 ], [ -102.349700927734375, 69.756362915039062 ], [ -102.3760986328125, 69.809417724609375 ], [ -102.576400756835938, 69.737472534179688 ], [ -102.673301696777344, 69.766372680664062 ], [ -102.67449951171875, 69.750259399414062 ], [ -102.592201232910156, 69.693862915039062 ], [ -102.491996765136719, 69.696372985839844 ], [ -102.507797241210938, 69.56414794921875 ], [ -102.798103332519531, 69.529983520507812 ], [ -103.186698913574219, 69.629432678222656 ], [ -103.297500610351562, 69.696907043457031 ], [ -103.476997375488281, 69.693588256835938 ], [ -103.5072021484375, 69.617752075195312 ], [ -103.216697692871094, 69.55108642578125 ], [ -103.136100769042969, 69.436370849609375 ], [ -103.091903686523438, 69.473861694335938 ], [ -103.096099853515625, 69.515533447265625 ], [ -103.046401977539062, 69.516921997070312 ], [ -102.991401672363281, 69.424697875976562 ], [ -103.023101806640625, 69.271636962890625 ], [ -103.204696655273438, 69.200813293457031 ], [ -103.217796325683594, 69.137191772460938 ], [ -103.182502746582031, 69.111076354980469 ], [ -102.841102600097656, 69.383323669433594 ], [ -102.530799865722656, 69.409416198730469 ], [ -102.481101989746094, 69.474700927734375 ], [ -102.093299865722656, 69.487762451171875 ], [ -101.947502136230469, 69.431373596191406 ], [ -101.931098937988281, 69.407470703125 ], [ -102.024200439453125, 69.352752685546875 ], [ -102.160598754882812, 69.354713439941406 ], [ -102.172798156738281, 69.322479248046875 ], [ -102.045799255371094, 69.29608154296875 ], [ -102.067497253417969, 69.239151000976562 ], [ -102.201400756835938, 69.279136657714844 ], [ -102.217201232910156, 69.225250244140625 ], [ -102.106697082519531, 69.179702758789062 ], [ -101.963096618652344, 69.2572021484375 ], [ -101.785301208496094, 69.196372985839844 ], [ -101.751998901367188, 69.16552734375 ], [ -101.779998779296875, 69.103866577148438 ], [ -101.8677978515625, 69.04248046875 ], [ -101.806396484375, 69.003860473632812 ], [ -101.899398803710938, 68.975250244140625 ], [ -102.379997253417969, 68.954971313476562 ], [ -102.485603332519531, 68.871368408203125 ], [ -102.620002746582031, 68.861076354980469 ], [ -102.730300903320312, 68.896636962890625 ], [ -102.765800476074219, 68.88275146484375 ], [ -102.700599670410156, 68.845260620117188 ], [ -102.990798950195312, 68.794418334960938 ], [ -103.291900634765625, 68.829971313476562 ], [ -103.360000610351562, 68.813873291015625 ], [ -103.353302001953125, 68.784149169921875 ], [ -103.494499206542969, 68.798576354980469 ], [ -104.263603210449219, 68.94158935546875 ], [ -104.270797729492188, 68.900527954101562 ], [ -104.445297241210938, 68.938873291015625 ], [ -104.511703491210938, 68.873031616210938 ], [ -104.834503173828125, 68.869712829589844 ], [ -105.274200439453125, 68.948867797851562 ], [ -104.945297241210938, 69.02581787109375 ], [ -104.911697387695312, 69.065811157226562 ], [ -105.083297729492188, 69.106369018554688 ], [ -105.035797119140625, 69.057479858398438 ], [ -105.466697692871094, 69.09747314453125 ], [ -105.553901672363281, 69.152481079101562 ], [ -105.830299377441406, 69.172203063964844 ], [ -106.177803039550781, 69.144149780273438 ], [ -106.406097412109375, 69.180526733398438 ], [ -106.410301208496094, 69.217758178710938 ], [ -106.273597717285156, 69.2813720703125 ], [ -106.310302734375, 69.40386962890625 ], [ -106.555000305175781, 69.496368408203125 ], [ -106.733100891113281, 69.441650390625 ], [ -106.753303527832031, 69.379150390625 ], [ -106.955001831054688, 69.357192993164062 ], [ -106.997200012207031, 69.335250854492188 ], [ -106.925003051757812, 69.239433288574219 ], [ -106.93609619140625, 69.211090087890625 ], [ -107.138099670410156, 69.150527954101562 ], [ -107.30419921875, 69.032470703125 ], [ -107.553901672363281, 68.975540161132812 ], [ -108.17559814453125, 68.93109130859375 ], [ -108.492202758789062, 68.947479248046875 ], [ -108.563301086425781, 68.93359375 ], [ -108.529701232910156, 68.9013671875 ], [ -108.551399230957031, 68.879432678222656 ], [ -108.9375, 68.7410888671875 ], [ -110.013198852539062, 68.621170043945312 ], [ -110.220001220703125, 68.629150390625 ], [ -110.363601684570312, 68.574691772460938 ], [ -110.56109619140625, 68.61663818359375 ], [ -110.850303649902344, 68.591087341308594 ], [ -110.87750244140625, 68.60748291015625 ], [ -111.391998291015625, 68.582473754882812 ], [ -111.389198303222656, 68.565811157226562 ], [ -111.218299865722656, 68.552749633789062 ], [ -111.211097717285156, 68.526092529296875 ], [ -111.25360107421875, 68.514419555664062 ], [ -111.600601196289062, 68.543586730957031 ], [ -113.25140380859375, 68.452186584472656 ], [ -113.309402465820312, 68.467193603515625 ], [ -113.291397094726562, 68.489151000976562 ], [ -113.037803649902344, 68.488311767578125 ], [ -113.043601989746094, 68.504150390625 ], [ -113.421096801757812, 68.628311157226562 ], [ -113.587799072265625, 68.773857116699219 ], [ -113.677001953125, 68.811080932617188 ], [ -113.617202758789062, 68.845260620117188 ], [ -113.6781005859375, 68.888870239257812 ], [ -113.544998168945312, 69.048027038574219 ], [ -113.672500610351562, 69.11663818359375 ], [ -113.702003479003906, 69.210250854492188 ], [ -114.3114013671875, 69.28497314453125 ], [ -114.797798156738281, 69.252471923828125 ], [ -114.991996765136719, 69.280258178710938 ], [ -115.12860107421875, 69.239433288574219 ], [ -115.955902099609375, 69.292213439941406 ], [ -116.538597106933594, 69.410247802734375 ], [ -116.618896484375, 69.474983215332031 ], [ -116.5614013671875, 69.48858642578125 ], [ -116.581398010253906, 69.560531616210938 ], [ -116.75, 69.574981689453125 ], [ -116.74169921875, 69.543296813964844 ], [ -116.918601989746094, 69.594146728515625 ], [ -116.846099853515625, 69.643043518066406 ], [ -117.238899230957031, 69.753036499023438 ], [ -117.431999206542969, 69.996658325195312 ], [ -117.25140380859375, 70.072746276855469 ], [ -116.510597229003906, 70.164138793945312 ], [ -115.030296325683594, 70.279983520507812 ], [ -114.254997253417969, 70.31719970703125 ], [ -113.68389892578125, 70.263031005859375 ], [ -113.168296813964844, 70.259140014648438 ], [ -112.564697265625, 70.19830322265625 ], [ -112.543296813964844, 70.212196350097656 ], [ -112.565803527832031, 70.231369018554688 ], [ -112.150299072265625, 70.26885986328125 ], [ -111.468101501464844, 70.278312683105469 ], [ -111.452796936035156, 70.293869018554688 ], [ -111.583602905273438, 70.30108642578125 ], [ -111.4844970703125, 70.331649780273438 ], [ -111.591697692871094, 70.35498046875 ], [ -111.963096618652344, 70.368873596191406 ], [ -112.061698913574219, 70.405258178710938 ], [ -112.115303039550781, 70.474136352539062 ], [ -112.345298767089844, 70.519699096679688 ], [ -112.528099060058594, 70.514137268066406 ], [ -112.709701538085938, 70.567466735839844 ], [ -112.8822021484375, 70.538589477539062 ], [ -113.206703186035156, 70.644149780273438 ], [ -113.974197387695312, 70.715530395507812 ], [ -114.171096801757812, 70.664703369140625 ], [ -114.392799377441406, 70.674697875976562 ], [ -114.75360107421875, 70.616928100585938 ], [ -116.567001342773438, 70.634407043457031 ], [ -116.901100158691406, 70.597198486328125 ], [ -117.543601989746094, 70.595260620117188 ], [ -117.724700927734375, 70.641372680664062 ], [ -117.74169921875, 70.661361694335938 ], [ -117.709503173828125, 70.693862915039062 ], [ -118.178596496582031, 70.832473754882812 ], [ -118.408599853515625, 70.970260620117188 ], [ -118.415000915527344, 70.998031616210938 ], [ -117.796699523925781, 71.166366577148438 ], [ -116.81610107421875, 71.261917114257812 ], [ -116.824699401855469, 71.280532836914062 ], [ -116.208900451660156, 71.364151000976562 ], [ -116.169197082519531, 71.348312377929688 ], [ -115.76080322265625, 71.365806579589844 ], [ -115.726699829101562, 71.381362915039062 ], [ -116.211097717285156, 71.4205322265625 ], [ -116.151397705078125, 71.435531616210938 ], [ -115.620796203613281, 71.498580932617188 ], [ -115.415603637695312, 71.449691772460938 ], [ -115.066703796386719, 71.518592834472656 ], [ -115.425003051757812, 71.48858642578125 ], [ -115.555801391601562, 71.513603210449219 ], [ -115.456100463867188, 71.527763366699219 ], [ -115.637802124023438, 71.556922912597656 ], [ -117.377197265625, 71.38275146484375 ], [ -117.416702270507812, 71.391372680664062 ], [ -117.378303527832031, 71.454147338867188 ], [ -117.562797546386719, 71.499687194824219 ], [ -117.631698608398438, 71.45635986328125 ], [ -117.483299255371094, 71.432479858398438 ], [ -117.517196655273438, 71.379432678222656 ], [ -118.168899536132812, 71.378036499023438 ], [ -118.283599853515625, 71.404693603515625 ], [ -118.314697265625, 71.452186584472656 ], [ -118.263298034667969, 71.494140625 ], [ -118.086097717285156, 71.540252685546875 ], [ -117.720298767089844, 71.574691772460938 ], [ -117.957199096679688, 71.598587036132812 ], [ -117.946998596191406, 71.633872985839844 ], [ -117.706901550292969, 71.662483215332031 ], [ -117.770599365234375, 71.672760009765625 ], [ -118.102798461914062, 71.654693603515625 ], [ -118.285797119140625, 71.585533142089844 ], [ -118.428298950195312, 71.578872680664062 ], [ -118.386100769042969, 71.619712829589844 ], [ -118.566398620605469, 71.662750244140625 ], [ -118.855598449707031, 71.662483215332031 ], [ -118.868301391601562, 71.58026123046875 ], [ -119.040603637695312, 71.623031616210938 ], [ -119.120002746582031, 71.71331787109375 ], [ -119.105598449707031, 71.87664794921875 ], [ -118.94580078125, 71.991363525390625 ], [ -118.716697692871094, 72.066650390625 ], [ -118.717498779296875, 72.116928100585938 ], [ -118.588600158691406, 72.17608642578125 ], [ -118.128303527832031, 72.222198486328125 ], [ -118.105300903320312, 72.244712829589844 ], [ -118.12139892578125, 72.308029174804688 ], [ -118.177001953125, 72.337753295898438 ], [ -118.446701049804688, 72.345260620117188 ], [ -118.555000305175781, 72.380813598632812 ], [ -118.588600158691406, 72.416641235351562 ], [ -118.550300598144531, 72.483306884765625 ], [ -118.040802001953125, 72.673027038574219 ], [ -117.890800476074219, 72.6927490234375 ], [ -117.391098022460938, 72.90692138671875 ], [ -114.540802001953125, 73.373580932617188 ], [ -114.275001525878906, 73.332199096679688 ], [ -114.056098937988281, 73.23358154296875 ], [ -113.956901550292969, 73.142471313476562 ], [ -114.055000305175781, 72.883590698242188 ], [ -113.968902587890625, 72.824981689453125 ], [ -113.985801696777344, 72.80303955078125 ], [ -114.328102111816406, 72.754432678222656 ], [ -114.357498168945312, 72.741363525390625 ], [ -114.327796936035156, 72.688873291015625 ], [ -114.279701232910156, 72.676361083984375 ], [ -114.604499816894531, 72.599952697753906 ] ] ], [ [ [ -75.485000610351562, 44.724700927734375 ], [ -75.879989624023438, 44.393318176269531 ], [ -76.053329467773438, 44.346649169921875 ], [ -76.434722900390625, 44.104709625244141 ], [ -76.793327331542969, 43.646099090576172 ], [ -78.702499389648438, 43.638038635253906 ], [ -79.184722900390625, 43.465541839599609 ], [ -79.061660766601562, 43.270820617675781 ], [ -79.065567016601562, 43.099720001220703 ], [ -78.979949951171875, 42.97406005859375 ], [ -78.917068481445312, 42.916160583496094 ], [ -78.942489624023438, 42.852489471435547 ], [ -79.009452819824219, 42.811649322509766 ], [ -80.09722900390625, 42.396381378173828 ], [ -81.249160766601562, 42.224979400634766 ], [ -82.425277709960938, 41.675540924072266 ], [ -82.696662902832031, 41.683868408203125 ], [ -83.071952819824219, 41.859710693359375 ], [ -83.168609619140625, 42.046100616455078 ], [ -83.137969970703125, 42.112339019775391 ], [ -83.113243103027344, 42.251308441162109 ], [ -83.0877685546875, 42.292209625244141 ], [ -82.923049926757812, 42.364990234375 ], [ -82.650726318359375, 42.555099487304688 ], [ -82.586402893066406, 42.558589935302734 ], [ -82.521392822265625, 42.618869781494141 ], [ -82.474716186523438, 42.751659393310547 ], [ -82.481109619140625, 42.829429626464844 ], [ -82.413330078125, 42.964710235595703 ], [ -82.420623779296875, 43.014068603515625 ], [ -82.130279541015625, 43.585258483886719 ], [ -82.543327331542969, 45.355819702148438 ], [ -83.597747802734375, 45.826969146728516 ], [ -83.448036193847656, 46.011928558349609 ], [ -83.610549926757812, 46.119148254394531 ], [ -83.71221923828125, 46.123870849609375 ], [ -83.958892822265625, 46.071659088134766 ], [ -84.099441528320312, 46.232761383056641 ], [ -84.1602783203125, 46.424991607666016 ], [ -84.118331909179688, 46.518039703369141 ], [ -84.141952514648438, 46.535259246826172 ], [ -84.435127258300781, 46.48638916015625 ], [ -84.480003356933594, 46.460269927978516 ], [ -84.565277099609375, 46.466381072998047 ], [ -84.775283813476562, 46.653041839599609 ], [ -84.863616943359375, 46.905258178710938 ], [ -86.53167724609375, 47.593318939208984 ], [ -88.368057250976562, 48.312198638916016 ], [ -88.6885986328125, 48.257488250732422 ], [ -89.356658935546875, 47.979709625244141 ], [ -89.6744384765625, 48.015541076660156 ], [ -89.904167175292969, 47.989151000976562 ], [ -89.993057250976562, 48.022758483886719 ], [ -90.065277099609375, 48.108318328857422 ], [ -90.156387329101562, 48.122478485107422 ], [ -90.389999389648438, 48.097240447998047 ], [ -90.740829467773438, 48.0908203125 ], [ -90.778610229492188, 48.107490539550781 ], [ -90.838058471679688, 48.208599090576172 ], [ -90.881942749023438, 48.237209320068359 ], [ -91.440689086914062, 48.046470642089844 ], [ -91.696662902832031, 48.100540161132812 ], [ -91.734443664550781, 48.190540313720703 ], [ -91.956390380859375, 48.235820770263672 ], [ -92.05194091796875, 48.353870391845703 ], [ -92.261123657226562, 48.345260620117188 ], [ -92.300552368164062, 48.304988861083984 ], [ -92.290283203125, 48.246650695800781 ], [ -92.3638916015625, 48.233600616455078 ], [ -92.498611450195312, 48.446651458740234 ], [ -92.6905517578125, 48.444980621337891 ], [ -92.702499389648438, 48.482479095458984 ], [ -92.620269775390625, 48.498039245605469 ], [ -92.6260986328125, 48.532199859619141 ], [ -93.245002746582031, 48.640541076660156 ], [ -93.456672668457031, 48.594989776611328 ], [ -93.454452514648438, 48.559711456298828 ], [ -93.650558471679688, 48.516101837158203 ], [ -93.793327331542969, 48.51776123046875 ], [ -93.88555908203125, 48.630260467529297 ], [ -94.251106262207031, 48.671100616455078 ], [ -94.278877258300781, 48.702480316162109 ], [ -94.492767333984375, 48.695529937744141 ], [ -94.690277099609375, 48.774700164794922 ], [ -94.7005615234375, 48.899711608886719 ], [ -94.831680297851562, 49.316089630126953 ], [ -95.152786254882812, 49.376651763916016 ], [ -95.154167175292969, 48.999431610107422 ], [ -122.757301330566406, 48.998661041259766 ], [ -122.871696472167969, 49.053050994873047 ], [ -122.862503051757812, 49.079429626464844 ], [ -122.918899536132812, 49.087211608886719 ], [ -123.039199829101562, 49.042488098144531 ], [ -123.036697387695312, 48.999710083007812 ], [ -123.106300354003906, 48.999710083007812 ], [ -123.145797729492188, 49.058601379394531 ], [ -123.037200927734375, 49.147491455078125 ], [ -123.138900756835938, 49.107208251953125 ], [ -123.209701538085938, 49.127208709716797 ], [ -123.203300476074219, 49.194438934326172 ], [ -123.127197265625, 49.195819854736328 ], [ -123.233299255371094, 49.242210388183594 ], [ -123.2489013671875, 49.273601531982422 ], [ -122.94329833984375, 49.284160614013672 ], [ -122.881698608398438, 49.335269927978516 ], [ -122.877197265625, 49.436378479003906 ], [ -122.901397705078125, 49.360538482666016 ], [ -122.953102111816406, 49.310260772705078 ], [ -123.049697875976562, 49.299709320068359 ], [ -123.271697998046875, 49.343040466308594 ], [ -123.208099365234375, 49.644161224365234 ], [ -123.173896789550781, 49.690269470214844 ], [ -123.241996765136719, 49.660549163818359 ], [ -123.245796203613281, 49.596931457519531 ], [ -123.483100891113281, 49.516651153564453 ], [ -123.49420166015625, 49.468601226806641 ], [ -123.476097106933594, 49.421939849853516 ], [ -123.512802124023438, 49.386379241943359 ], [ -123.959701538085938, 49.510540008544922 ], [ -124.070602416992188, 49.638050079345703 ], [ -124.028602600097656, 49.719150543212891 ], [ -123.975303649902344, 49.745269775390625 ], [ -123.876998901367188, 49.683319091796875 ], [ -123.794403076171875, 49.510269165039062 ], [ -123.766403198242188, 49.506649017333984 ], [ -123.770301818847656, 49.588039398193359 ], [ -123.528800964355469, 49.703971862792969 ], [ -123.803901672363281, 49.640819549560547 ], [ -123.9375, 49.772769927978516 ], [ -123.87640380859375, 49.842208862304688 ], [ -123.885002136230469, 49.914989471435547 ], [ -123.954696655273438, 49.953041076660156 ], [ -123.956901550292969, 49.985538482666016 ], [ -123.753303527832031, 50.076381683349609 ], [ -123.749496459960938, 50.096660614013672 ], [ -123.977798461914062, 50.213871002197266 ], [ -123.988296508789062, 50.207489013671875 ], [ -123.809196472167969, 50.099990844726562 ], [ -123.903602600097656, 50.04193115234375 ], [ -123.99530029296875, 50.011661529541016 ], [ -123.991096496582031, 49.937210083007812 ], [ -123.911102294921875, 49.869709014892578 ], [ -123.972801208496094, 49.804710388183594 ], [ -124.007797241210938, 49.814990997314453 ], [ -124.018096923828125, 49.909160614013672 ], [ -124.042198181152344, 49.921379089355469 ], [ -124.084503173828125, 49.799160003662109 ], [ -124.404197692871094, 49.763320922851562 ], [ -124.51190185546875, 49.796100616455078 ], [ -124.642196655273438, 49.913051605224609 ], [ -124.741996765136719, 49.958320617675781 ], [ -124.825599670410156, 50.051380157470703 ], [ -124.821403503417969, 50.069149017333984 ], [ -124.692001342773438, 49.982769012451172 ], [ -124.666900634765625, 50.138320922851562 ], [ -124.601997375488281, 50.234989166259766 ], [ -124.713600158691406, 50.321929931640625 ], [ -124.657798767089844, 50.386100769042969 ], [ -124.44110107421875, 50.429439544677734 ], [ -124.351997375488281, 50.487491607666016 ], [ -124.355300903320312, 50.504989624023438 ], [ -124.563102722167969, 50.420818328857422 ], [ -124.671401977539062, 50.425819396972656 ], [ -124.803298950195312, 50.317760467529297 ], [ -124.939201354980469, 50.325260162353516 ], [ -124.988601684570312, 50.405818939208984 ], [ -124.9927978515625, 50.357208251953125 ], [ -125.06390380859375, 50.317760467529297 ], [ -125.088897705078125, 50.346370697021484 ], [ -125.05670166015625, 50.476940155029297 ], [ -124.891403198242188, 50.553600311279297 ], [ -124.823097229003906, 50.719440460205078 ], [ -124.911697387695312, 50.781940460205078 ], [ -124.787002563476562, 50.884429931640625 ], [ -124.805801391601562, 50.920818328857422 ], [ -124.854202270507812, 50.935550689697266 ], [ -124.912803649902344, 50.841098785400391 ], [ -124.980598449707031, 50.809158325195312 ], [ -124.897003173828125, 50.729709625244141 ], [ -124.970298767089844, 50.583881378173828 ], [ -125.112800598144531, 50.487491607666016 ], [ -125.114700317382812, 50.436939239501953 ], [ -125.177803039550781, 50.411380767822266 ], [ -125.246101379394531, 50.462211608886719 ], [ -125.241096496582031, 50.499988555908203 ], [ -125.298301696777344, 50.458320617675781 ], [ -125.343597412109375, 50.488319396972656 ], [ -125.344703674316406, 50.532211303710938 ], [ -125.37640380859375, 50.539150238037109 ], [ -125.395301818847656, 50.480819702148438 ], [ -125.442802429199219, 50.459430694580078 ], [ -125.56719970703125, 50.456100463867188 ], [ -125.532203674316406, 50.627208709716797 ], [ -125.4281005859375, 50.705539703369141 ], [ -125.480598449707031, 50.700550079345703 ], [ -125.558296203613281, 50.648040771484375 ], [ -125.611099243164062, 50.470829010009766 ], [ -125.692497253417969, 50.429988861083984 ], [ -125.795600891113281, 50.496101379394531 ], [ -125.738601684570312, 50.516101837158203 ], [ -125.815803527832031, 50.534160614013672 ], [ -125.9302978515625, 50.473598480224609 ], [ -126.259201049804688, 50.503318786621094 ], [ -126.276901245117188, 50.524711608886719 ], [ -125.959197998046875, 50.613319396972656 ], [ -125.960899353027344, 50.641651153564453 ], [ -126.189498901367188, 50.589710235595703 ], [ -126.264198303222656, 50.615550994873047 ], [ -126.266998291015625, 50.634708404541016 ], [ -125.722198486328125, 50.669990539550781 ], [ -125.6177978515625, 50.754161834716797 ], [ -125.647796630859375, 50.838329315185547 ], [ -125.622802734375, 50.861370086669922 ], [ -125.558097839355469, 50.854709625244141 ], [ -125.5072021484375, 50.926929473876953 ], [ -125.55169677734375, 51.042209625244141 ], [ -125.633903503417969, 51.096931457519531 ], [ -125.593902587890625, 50.991649627685547 ], [ -125.543296813964844, 50.938041687011719 ], [ -125.566703796386719, 50.901100158691406 ], [ -125.661399841308594, 50.878040313720703 ], [ -125.683296203613281, 50.830818176269531 ], [ -125.641403198242188, 50.789989471435547 ], [ -125.739997863769531, 50.710540771484375 ], [ -126.205802917480469, 50.664989471435547 ], [ -126.222198486328125, 50.69110107421875 ], [ -126.028900146484375, 50.782768249511719 ], [ -126.06829833984375, 50.791660308837891 ], [ -126.150596618652344, 50.770259857177734 ], [ -126.191703796386719, 50.785549163818359 ], [ -126.197799682617188, 50.854988098144531 ], [ -126.493301391601562, 50.816379547119141 ], [ -126.556999206542969, 50.838871002197266 ], [ -126.557502746582031, 50.876659393310547 ], [ -126.5010986328125, 50.916099548339844 ], [ -126.225898742675781, 50.898601531982422 ], [ -126.1759033203125, 50.952159881591797 ], [ -126.308601379394531, 50.925270080566406 ], [ -126.463600158691406, 50.948040008544922 ], [ -126.512199401855469, 51.067489624023438 ], [ -126.547798156738281, 51.019989013671875 ], [ -126.523101806640625, 50.940818786621094 ], [ -126.661399841308594, 50.868038177490234 ], [ -127.164199829101562, 50.932491302490234 ], [ -127.153297424316406, 50.914989471435547 ], [ -126.922798156738281, 50.880260467529297 ], [ -127.014701843261719, 50.819438934326172 ], [ -127.398597717285156, 50.926380157470703 ], [ -127.418601989746094, 50.961101531982422 ], [ -127.535301208496094, 51.000541687011719 ], [ -127.477500915527344, 51.097488403320312 ], [ -127.500602722167969, 51.118038177490234 ], [ -127.632003784179688, 51.091930389404297 ], [ -127.790000915527344, 51.165538787841797 ], [ -127.784698486328125, 51.231380462646484 ], [ -127.599700927734375, 51.289440155029297 ], [ -127.231101989746094, 51.286098480224609 ], [ -127.137802124023438, 51.321659088134766 ], [ -127.109703063964844, 51.383319854736328 ], [ -127.208297729492188, 51.315818786621094 ], [ -127.499702453613281, 51.309429168701172 ], [ -127.456901550292969, 51.350269317626953 ], [ -127.763900756835938, 51.319438934326172 ], [ -127.778297424316406, 51.361099243164062 ], [ -127.55169677734375, 51.468318939208984 ], [ -127.500602722167969, 51.613601684570312 ], [ -127.095802307128906, 51.668048858642578 ], [ -126.708099365234375, 51.641929626464844 ], [ -126.624702453613281, 51.675819396972656 ], [ -126.605300903320312, 51.713039398193359 ], [ -126.662200927734375, 51.796379089355469 ], [ -126.639999389648438, 51.709991455078125 ], [ -126.693099975585938, 51.664710998535156 ], [ -127.336700439453125, 51.7127685546875 ], [ -127.400001525878906, 51.669708251953125 ], [ -127.435600280761719, 51.688880920410156 ], [ -127.364501953125, 51.768318176269531 ], [ -127.337196350097656, 51.85137939453125 ], [ -127.364997863769531, 51.836929321289062 ], [ -127.474502563476562, 51.704990386962891 ], [ -127.644203186035156, 51.698040008544922 ], [ -127.465301513671875, 51.671100616455078 ], [ -127.480003356933594, 51.647209167480469 ], [ -127.547500610351562, 51.628318786621094 ], [ -127.6322021484375, 51.464431762695312 ], [ -127.716400146484375, 51.457210540771484 ], [ -127.76080322265625, 51.489711761474609 ], [ -127.658897399902344, 51.504989624023438 ], [ -127.68280029296875, 51.529430389404297 ], [ -127.795600891113281, 51.526100158691406 ], [ -127.839698791503906, 51.641380310058594 ], [ -127.8760986328125, 51.667488098144531 ], [ -127.871101379394531, 51.889148712158203 ], [ -127.796401977539062, 51.9385986328125 ], [ -127.672500610351562, 51.946380615234375 ], [ -127.629501342773438, 52.088329315185547 ], [ -127.525596618652344, 52.147209167480469 ], [ -127.470802307128906, 52.147491455078125 ], [ -127.462501525878906, 52.112491607666016 ], [ -127.575798034667969, 52.064708709716797 ], [ -127.422798156738281, 52.084148406982422 ], [ -127.453102111816406, 52.179988861083984 ], [ -127.171699523925781, 52.312480926513672 ], [ -127.012496948242188, 52.306381225585938 ], [ -126.94110107421875, 52.2510986328125 ], [ -126.937202453613281, 52.196098327636719 ], [ -126.704696655273438, 52.066928863525391 ], [ -126.928596496582031, 52.285820007324219 ], [ -126.93609619140625, 52.322490692138672 ], [ -126.797500610351562, 52.391380310058594 ], [ -127.072502136230469, 52.335540771484375 ], [ -127.157798767089844, 52.352489471435547 ], [ -127.236099243164062, 52.505550384521484 ], [ -126.922203063964844, 52.718879699707031 ], [ -126.966903686523438, 52.828601837158203 ], [ -127.071098327636719, 52.883880615234375 ], [ -126.982803344726562, 52.729988098144531 ], [ -127.042503356933594, 52.647769927978516 ], [ -127.273399353027344, 52.518600463867188 ], [ -127.25830078125, 52.473049163818359 ], [ -127.714401245117188, 52.277488708496094 ], [ -127.746101379394531, 52.276660919189453 ], [ -127.714202880859375, 52.353599548339844 ], [ -127.781997680664062, 52.301380157470703 ], [ -127.852500915527344, 52.209991455078125 ], [ -127.925796508789062, 52.293048858642578 ], [ -127.910003662109375, 52.342208862304688 ], [ -127.845802307128906, 52.368320465087891 ], [ -127.914497375488281, 52.440269470214844 ], [ -127.889999389648438, 52.384990692138672 ], [ -127.963897705078125, 52.321659088134766 ], [ -128.048599243164062, 52.386379241943359 ], [ -128.068405151367188, 52.447769165039062 ], [ -128.032501220703125, 52.495269775390625 ], [ -127.896102905273438, 52.542209625244141 ], [ -127.904998779296875, 52.567760467529297 ], [ -128.093902587890625, 52.506378173828125 ], [ -128.278594970703125, 52.280818939208984 ], [ -128.386093139648438, 52.289150238037109 ], [ -128.224502563476562, 52.459709167480469 ], [ -128.24200439453125, 52.554710388183594 ], [ -128.125900268554688, 52.792488098144531 ], [ -128.137802124023438, 52.837779998779297 ], [ -128.128097534179688, 52.880550384521484 ], [ -128.031402587890625, 52.901931762695312 ], [ -128.139205932617188, 52.924430847167969 ], [ -128.165603637695312, 52.862491607666016 ], [ -128.235305786132812, 52.805820465087891 ], [ -128.43609619140625, 52.818878173828125 ], [ -128.511398315429688, 52.988601684570312 ], [ -128.552001953125, 53.124980926513672 ], [ -128.663604736328125, 53.239429473876953 ], [ -128.667205810546875, 53.187480926513672 ], [ -128.848907470703125, 53.275829315185547 ], [ -128.878402709960938, 53.316379547119141 ], [ -128.889205932617188, 53.430271148681641 ], [ -128.829498291015625, 53.477771759033203 ], [ -128.8656005859375, 53.486370086669922 ], [ -128.915298461914062, 53.450820922851562 ], [ -128.973403930664062, 53.547489166259766 ], [ -128.80499267578125, 53.569988250732422 ], [ -128.523605346679688, 53.396648406982422 ], [ -128.48199462890625, 53.339710235595703 ], [ -128.504196166992188, 53.407768249511719 ], [ -128.352493286132812, 53.475818634033203 ], [ -128.105300903320312, 53.440540313720703 ], [ -128.0614013671875, 53.364711761474609 ], [ -127.958297729492188, 53.329708099365234 ], [ -127.951103210449219, 53.256378173828125 ], [ -127.881401062011719, 53.249710083007812 ], [ -127.930000305175781, 53.284709930419922 ], [ -127.925003051757812, 53.329151153564453 ], [ -128.110305786132812, 53.463329315185547 ], [ -128.37139892578125, 53.499710083007812 ], [ -128.580001831054688, 53.462211608886719 ], [ -128.813095092773438, 53.619159698486328 ], [ -128.791107177734375, 53.776660919189453 ], [ -128.658401489257812, 53.859439849853516 ], [ -128.68359375, 53.886100769042969 ], [ -128.673904418945312, 53.925540924072266 ], [ -128.598403930664062, 54.026931762695312 ], [ -128.685302734375, 54.000820159912109 ], [ -128.750595092773438, 53.912490844726562 ], [ -128.935897827148438, 53.811378479003906 ], [ -128.990798950195312, 53.759990692138672 ], [ -129.056900024414062, 53.811939239501953 ], [ -129.033599853515625, 53.743881225585938 ], [ -129.217498779296875, 53.640270233154297 ], [ -129.261993408203125, 53.517768859863281 ], [ -129.235000610351562, 53.466930389404297 ], [ -129.272796630859375, 53.379161834716797 ], [ -129.49560546875, 53.494709014892578 ], [ -129.734695434570312, 53.675270080566406 ], [ -129.80450439453125, 53.748878479003906 ], [ -129.989501953125, 53.845829010009766 ], [ -129.967498779296875, 53.88970947265625 ], [ -130.015304565429688, 53.870540618896484 ], [ -130.099197387695312, 53.941928863525391 ], [ -130.076995849609375, 54.114429473876953 ], [ -130.039993286132812, 54.156379699707031 ], [ -129.922500610351562, 54.122760772705078 ], [ -129.811996459960938, 54.039710998535156 ], [ -129.92889404296875, 54.161380767822266 ], [ -129.929702758789062, 54.183040618896484 ], [ -129.840896606445312, 54.218879699707031 ], [ -129.62359619140625, 54.179439544677734 ], [ -129.470901489257812, 54.235820770263672 ], [ -129.5614013671875, 54.226940155029297 ], [ -129.60809326171875, 54.194709777832031 ], [ -129.836700439453125, 54.238319396972656 ], [ -130.104507446289062, 54.154430389404297 ], [ -130.273101806640625, 54.204990386962891 ], [ -130.285903930664062, 54.239711761474609 ], [ -130.195602416992188, 54.259990692138672 ], [ -130.260299682617188, 54.337490081787109 ], [ -130.451705932617188, 54.336650848388672 ], [ -130.483901977539062, 54.401660919189453 ], [ -130.456405639648438, 54.447769165039062 ], [ -130.384506225585938, 54.451381683349609 ], [ -130.43359375, 54.496658325195312 ], [ -130.4324951171875, 54.557209014892578 ], [ -130.375900268554688, 54.571659088134766 ], [ -130.439697265625, 54.612209320068359 ], [ -130.42559814453125, 54.629711151123047 ], [ -130.318893432617188, 54.562770843505859 ], [ -130.063095092773438, 54.339988708496094 ], [ -130.049697875976562, 54.360538482666016 ], [ -130.089797973632812, 54.402759552001953 ], [ -130.0592041015625, 54.479160308837891 ], [ -130.078094482421875, 54.485271453857422 ], [ -130.082794189453125, 54.434711456298828 ], [ -130.123397827148438, 54.427490234375 ], [ -130.351394653320312, 54.618038177490234 ], [ -130.37420654296875, 54.654991149902344 ], [ -130.339797973632812, 54.687480926513672 ], [ -130.18170166015625, 54.703880310058594 ], [ -130.000595092773438, 54.614711761474609 ], [ -129.968399047851562, 54.621929168701172 ], [ -130.201705932617188, 54.726940155029297 ], [ -130.155593872070312, 54.815269470214844 ], [ -130.05889892578125, 54.875541687011719 ], [ -130.061996459960938, 54.893318176269531 ], [ -130.169204711914062, 54.843601226806641 ], [ -130.058303833007812, 54.952770233154297 ], [ -129.998397827148438, 54.969989776611328 ], [ -129.922195434570312, 54.939990997314453 ], [ -129.720901489257812, 54.982490539550781 ], [ -129.780899047851562, 55.004711151123047 ], [ -129.971405029296875, 54.998878479003906 ], [ -129.9989013671875, 55.012489318847656 ], [ -129.699203491210938, 55.408329010009766 ], [ -129.797805786132812, 55.618038177490234 ], [ -129.81640625, 55.602771759033203 ], [ -129.788406372070312, 55.429988861083984 ], [ -129.839797973632812, 55.391929626464844 ], [ -129.780303955078125, 55.359710693359375 ], [ -130.063400268554688, 55.001659393310547 ], [ -130.100601196289062, 54.990550994873047 ], [ -130.160293579101562, 55.069709777832031 ], [ -130.080795288085938, 55.184711456298828 ], [ -129.948104858398438, 55.276371002197266 ], [ -130.101699829101562, 55.556381225585938 ], [ -130.07470703125, 55.672489166259766 ], [ -130.12890625, 55.722209930419922 ], [ -130.11279296875, 55.781650543212891 ], [ -129.966705322265625, 55.912208557128906 ], [ -130.005096435546875, 55.923069000244141 ], [ -130.016204833984375, 55.912410736083984 ], [ -130.014205932617188, 56.023868560791016 ], [ -130.088592529296875, 56.118038177490234 ], [ -130.229202270507812, 56.090259552001953 ], [ -130.414199829101562, 56.128868103027344 ], [ -130.461898803710938, 56.235260009765625 ], [ -130.627197265625, 56.258598327636719 ], [ -130.774398803710938, 56.366100311279297 ], [ -131.12579345703125, 56.424160003662109 ], [ -131.539505004882812, 56.596649169921875 ], [ -131.81610107421875, 56.594989776611328 ], [ -131.861404418945312, 56.799709320068359 ], [ -132.103103637695312, 56.866649627685547 ], [ -132.027496337890625, 57.036380767822266 ], [ -132.336898803710938, 57.088321685791016 ], [ -132.226699829101562, 57.204700469970703 ], [ -133.084396362304688, 58.029430389404297 ], [ -133.136993408203125, 58.135818481445312 ], [ -133.44720458984375, 58.377201080322266 ], [ -133.36639404296875, 58.424160003662109 ], [ -133.683303833007812, 58.595539093017578 ], [ -133.826904296875, 58.726089477539062 ], [ -134.245498657226562, 58.856929779052734 ], [ -134.332199096679688, 58.929710388183594 ], [ -134.3114013671875, 58.964431762695312 ], [ -134.395294189453125, 58.983039855957031 ], [ -134.37750244140625, 59.043880462646484 ], [ -134.461395263671875, 59.126651763916016 ], [ -134.56640625, 59.130538940429688 ], [ -134.688003540039062, 59.243320465087891 ], [ -134.947494506835938, 59.27886962890625 ], [ -135.016098022460938, 59.347759246826172 ], [ -134.98919677734375, 59.389980316162109 ], [ -135.091705322265625, 59.426929473876953 ], [ -135.021102905273438, 59.471088409423828 ], [ -135.014495849609375, 59.567489624023438 ], [ -135.473602294921875, 59.801929473876953 ], [ -136.343902587890625, 59.602771759033203 ], [ -136.23919677734375, 59.561370849609375 ], [ -136.233901977539062, 59.525821685791016 ], [ -136.300003051757812, 59.471088409423828 ], [ -136.463592529296875, 59.469699859619141 ], [ -136.480804443359375, 59.261928558349609 ], [ -136.583892822265625, 59.163311004638672 ], [ -136.80889892578125, 59.165260314941406 ], [ -137.427505493164062, 58.911369323730469 ], [ -137.495803833007812, 58.911930084228516 ], [ -137.5072021484375, 58.937759399414062 ], [ -137.479705810546875, 58.998039245605469 ], [ -137.590805053710938, 59.238590240478516 ], [ -138.584396362304688, 59.756649017333984 ], [ -138.654693603515625, 59.814701080322266 ], [ -138.6903076171875, 59.906929016113281 ], [ -139.047805786132812, 59.997478485107422 ], [ -139.18890380859375, 60.088871002197266 ], [ -139.0657958984375, 60.316928863525391 ], [ -139.068099975585938, 60.352210998535156 ], [ -139.67669677734375, 60.340541839599609 ], [ -139.979400634765625, 60.187759399414062 ], [ -140.4508056640625, 60.309711456298828 ], [ -140.521392822265625, 60.222209930419922 ], [ -140.996902465820312, 60.307590484619141 ], [ -140.999099731445312, 69.644561767578125 ], [ -140.488296508789062, 69.59942626953125 ], [ -139.766403198242188, 69.599983215332031 ], [ -139.68780517578125, 69.574417114257812 ], [ -139.12860107421875, 69.508323669433594 ], [ -138.939498901367188, 69.399978637695312 ], [ -138.651702880859375, 69.295257568359375 ], [ -138.600601196289062, 69.236648559570312 ], [ -138.407501220703125, 69.27691650390625 ], [ -138.409698486328125, 69.303863525390625 ], [ -138.356399536132812, 69.298309326171875 ], [ -138.335006713867188, 69.239151000976562 ], [ -138.218902587890625, 69.173309326171875 ], [ -137.2550048828125, 68.94830322265625 ], [ -136.88720703125, 68.916641235351562 ], [ -136.652496337890625, 68.87109375 ], [ -136.522201538085938, 68.909149169921875 ], [ -136.027801513671875, 68.873031616210938 ], [ -135.326095581054688, 68.669143676757812 ], [ -135.186996459960938, 68.687759399414062 ], [ -135.322494506835938, 68.725250244140625 ], [ -135.506103515625, 68.832473754882812 ], [ -135.341903686523438, 68.831649780273438 ], [ -135.604507446289062, 68.873031616210938 ], [ -135.600006103515625, 68.890533447265625 ], [ -135.24169921875, 68.926933288574219 ], [ -134.992202758789062, 68.87969970703125 ], [ -134.845596313476562, 68.929428100585938 ], [ -134.676406860351562, 68.877197265625 ], [ -134.473907470703125, 68.711357116699219 ], [ -134.35809326171875, 68.680526733398438 ], [ -134.223403930664062, 68.699691772460938 ], [ -134.614501953125, 68.983306884765625 ], [ -134.629196166992188, 69.008872985839844 ], [ -134.55499267578125, 69.087753295898438 ], [ -134.264694213867188, 69.159698486328125 ], [ -134.162796020507812, 69.25469970703125 ], [ -133.905593872070312, 69.287483215332031 ], [ -133.770004272460938, 69.350807189941406 ], [ -133.7008056640625, 69.3338623046875 ], [ -133.670303344726562, 69.386642456054688 ], [ -133.00860595703125, 69.477752685546875 ], [ -132.952194213867188, 69.563308715820312 ], [ -132.988601684570312, 69.595260620117188 ], [ -132.892196655273438, 69.655868530273438 ], [ -132.417495727539062, 69.635528564453125 ], [ -132.332504272460938, 69.67108154296875 ], [ -132.363906860351562, 69.687759399414062 ], [ -132.449493408203125, 69.6544189453125 ], [ -132.44110107421875, 69.702476501464844 ], [ -132.602203369140625, 69.666923522949219 ], [ -132.603103637695312, 69.687187194824219 ], [ -132.540603637695312, 69.740806579589844 ], [ -132.147003173828125, 69.685256958007812 ], [ -131.934402465820312, 69.761917114257812 ], [ -131.765594482421875, 69.794692993164062 ], [ -131.645004272460938, 69.864967346191406 ], [ -131.418594360351562, 69.90191650390625 ], [ -131.4324951171875, 69.934982299804688 ], [ -131.410293579101562, 69.957199096679688 ], [ -131.24609375, 69.93109130859375 ], [ -131.203292846679688, 69.889137268066406 ], [ -131.220596313476562, 69.843032836914062 ], [ -131.18499755859375, 69.824142456054688 ], [ -131.151901245117188, 69.859970092773438 ], [ -131.170303344726562, 69.881927490234375 ], [ -131.080596923828125, 69.884979248046875 ], [ -131.00469970703125, 70.003860473632812 ], [ -130.93060302734375, 70.0213623046875 ], [ -131.019500732421875, 70.027763366699219 ], [ -130.713592529296875, 70.125526428222656 ], [ -130.748397827148438, 70.081916809082031 ], [ -130.664505004882812, 70.09136962890625 ], [ -130.656997680664062, 70.134140014648438 ], [ -130.472198486328125, 70.173858642578125 ], [ -130.547195434570312, 70.127471923828125 ], [ -130.524200439453125, 70.103866577148438 ], [ -130.400299072265625, 70.166366577148438 ], [ -130.285293579101562, 70.101638793945312 ], [ -130.329696655273438, 70.078872680664062 ], [ -130.170806884765625, 70.105262756347656 ], [ -130.193603515625, 70.057479858398438 ], [ -130.157501220703125, 70.056373596191406 ], [ -130.104995727539062, 70.109703063964844 ], [ -130.090896606445312, 70.08331298828125 ], [ -129.868606567382812, 70.099136352539062 ], [ -129.789993286132812, 70.219970703125 ], [ -129.661102294921875, 70.252471923828125 ], [ -129.591903686523438, 70.188583374023438 ], [ -129.629501342773438, 70.160812377929688 ], [ -129.459197998046875, 70.147476196289062 ], [ -129.50390625, 70.109420776367188 ], [ -129.457199096679688, 70.092483520507812 ], [ -129.432296752929688, 70.126922607421875 ], [ -129.404693603515625, 70.123031616210938 ], [ -129.410003662109375, 70.09442138671875 ], [ -129.469497680664062, 70.049423217773438 ], [ -129.553604125976562, 70.042762756347656 ], [ -129.49420166015625, 70.026641845703125 ], [ -130.088302612304688, 69.8721923828125 ], [ -130.522003173828125, 69.782470703125 ], [ -130.578292846679688, 69.708038330078125 ], [ -130.81219482421875, 69.648323059082031 ], [ -130.919204711914062, 69.56719970703125 ], [ -131.026702880859375, 69.593032836914062 ], [ -131.039993286132812, 69.64080810546875 ], [ -132.012802124023438, 69.5213623046875 ], [ -132.080001831054688, 69.480796813964844 ], [ -132.094192504882812, 69.41802978515625 ], [ -132.081695556640625, 69.374687194824219 ], [ -132.339401245117188, 69.311080932617188 ], [ -132.315902709960938, 69.247756958007812 ], [ -132.392807006835938, 69.30859375 ], [ -132.443405151367188, 69.293586730957031 ], [ -132.43170166015625, 69.256362915039062 ], [ -132.485305786132812, 69.162750244140625 ], [ -132.515594482421875, 69.268310546875 ], [ -132.580001831054688, 69.287483215332031 ], [ -132.829193115234375, 69.221359252929688 ], [ -132.907196044921875, 69.124420166015625 ], [ -132.829696655273438, 69.106918334960938 ], [ -132.898101806640625, 69.077186584472656 ], [ -132.8822021484375, 68.985527038574219 ], [ -132.922805786132812, 68.985809326171875 ], [ -132.919204711914062, 69.074981689453125 ], [ -133.183303833007812, 69.040817260742188 ], [ -133.216705322265625, 69.001922607421875 ], [ -133.226104736328125, 68.913589477539062 ], [ -133.334701538085938, 68.8660888671875 ], [ -133.461105346679688, 68.89276123046875 ], [ -133.425796508789062, 68.851638793945312 ], [ -133.484695434570312, 68.850250244140625 ], [ -133.484207153320312, 68.811653137207031 ], [ -133.272003173828125, 68.734420776367188 ], [ -132.918304443359375, 68.690261840820312 ], [ -133.220901489257812, 68.771636962890625 ], [ -133.204696655273438, 68.786636352539062 ], [ -133.381103515625, 68.835533142089844 ], [ -133.265792846679688, 68.859420776367188 ], [ -132.938095092773438, 68.795806884765625 ], [ -132.961898803710938, 68.851638793945312 ], [ -132.784698486328125, 68.818588256835938 ], [ -132.722503662109375, 68.78692626953125 ], [ -132.707000732421875, 68.813873291015625 ], [ -132.42449951171875, 68.835250854492188 ], [ -132.392807006835938, 68.859970092773438 ], [ -132.506698608398438, 68.892196655273438 ], [ -132.538894653320312, 68.877471923828125 ], [ -132.638900756835938, 68.883590698242188 ], [ -132.646392822265625, 68.84942626953125 ], [ -132.775802612304688, 68.844146728515625 ], [ -132.705001831054688, 68.880813598632812 ], [ -132.815902709960938, 68.904693603515625 ], [ -132.815902709960938, 68.931922912597656 ], [ -132.675796508789062, 68.926651000976562 ], [ -132.855804443359375, 68.984420776367188 ], [ -132.8656005859375, 69.068313598632812 ], [ -132.506393432617188, 69.129150390625 ], [ -132.448104858398438, 69.1705322265625 ], [ -132.435302734375, 69.230262756347656 ], [ -132.408401489257812, 69.2269287109375 ], [ -132.423904418945312, 69.150253295898438 ], [ -132.467498779296875, 69.107192993164062 ], [ -132.384994506835938, 69.139137268066406 ], [ -132.339797973632812, 69.226638793945312 ], [ -132.294692993164062, 69.231369018554688 ], [ -132.291702270507812, 69.203872680664062 ], [ -132.197006225585938, 69.212196350097656 ], [ -131.814498901367188, 69.312187194824219 ], [ -131.714401245117188, 69.397750854492188 ], [ -131.964996337890625, 69.397201538085938 ], [ -131.879501342773438, 69.428306579589844 ], [ -131.645797729492188, 69.421653747558594 ], [ -131.67999267578125, 69.451919555664062 ], [ -131.607498168945312, 69.473312377929688 ], [ -131.422500610351562, 69.439697265625 ], [ -131.534698486328125, 69.33331298828125 ], [ -131.420806884765625, 69.361648559570312 ], [ -131.37640380859375, 69.449981689453125 ], [ -131.322006225585938, 69.493316650390625 ], [ -131.25140380859375, 69.4044189453125 ], [ -131.2572021484375, 69.50164794921875 ], [ -131.216094970703125, 69.44830322265625 ], [ -131.207199096679688, 69.399978637695312 ], [ -131.414993286132812, 69.301361083984375 ], [ -131.193405151367188, 69.365249633789062 ], [ -131.146392822265625, 69.443313598632812 ], [ -131.222503662109375, 69.574691772460938 ], [ -131.113601684570312, 69.513313293457031 ], [ -131.145797729492188, 69.374687194824219 ], [ -131.100006103515625, 69.394416809082031 ], [ -131.06219482421875, 69.510246276855469 ], [ -131.1947021484375, 69.578872680664062 ], [ -131.18389892578125, 69.60247802734375 ], [ -131.12359619140625, 69.614700317382812 ], [ -131.083099365234375, 69.600540161132812 ], [ -131.104507446289062, 69.571640014648438 ], [ -131.038604736328125, 69.511917114257812 ], [ -131.033905029296875, 69.42913818359375 ], [ -131.11639404296875, 69.322479248046875 ], [ -131.005599975585938, 69.412483215332031 ], [ -130.99029541015625, 69.5394287109375 ], [ -130.942001342773438, 69.51776123046875 ], [ -130.92950439453125, 69.425262451171875 ], [ -131.047805786132812, 69.336090087890625 ], [ -131.027801513671875, 69.306640625 ], [ -130.927505493164062, 69.393310546875 ], [ -130.897003173828125, 69.369712829589844 ], [ -130.911697387695312, 69.322196960449219 ], [ -131.024703979492188, 69.209701538085938 ], [ -131.014205932617188, 69.136917114257812 ], [ -130.922805786132812, 69.135246276855469 ], [ -130.956695556640625, 69.16192626953125 ], [ -130.94720458984375, 69.264137268066406 ], [ -130.771392822265625, 69.398857116699219 ], [ -130.668106079101562, 69.424697875976562 ], [ -130.645294189453125, 69.454696655273438 ], [ -130.747802734375, 69.449142456054688 ], [ -130.338302612304688, 69.678306579589844 ], [ -129.9447021484375, 69.756088256835938 ], [ -129.148605346679688, 69.849983215332031 ], [ -129.05889892578125, 69.873870849609375 ], [ -128.965301513671875, 69.962478637695312 ], [ -128.898895263671875, 69.962753295898438 ], [ -128.898300170898438, 69.9144287109375 ], [ -128.956100463867188, 69.889686584472656 ], [ -128.934402465820312, 69.844146728515625 ], [ -129.109695434570312, 69.847747802734375 ], [ -129.16949462890625, 69.824691772460938 ], [ -129.12969970703125, 69.749420166015625 ], [ -129.153900146484375, 69.70025634765625 ], [ -128.977493286132812, 69.674697875976562 ], [ -128.925003051757812, 69.680816650390625 ], [ -128.973403930664062, 69.721649169921875 ], [ -128.324203491210938, 69.94830322265625 ], [ -128.30859375, 70.008033752441406 ], [ -128.361404418945312, 70.058868408203125 ], [ -128.368301391601562, 70.101638793945312 ], [ -128.109207153320312, 70.182212829589844 ], [ -127.514999389648438, 70.221649169921875 ], [ -127.716697692871094, 70.259696960449219 ], [ -128.028396606445312, 70.286361694335938 ], [ -128.112197875976562, 70.359703063964844 ], [ -127.972503662109375, 70.345260620117188 ], [ -127.901901245117188, 70.393310546875 ], [ -128.157806396484375, 70.37109375 ], [ -128.196701049804688, 70.391921997070312 ], [ -128.160598754882812, 70.491363525390625 ], [ -128.082794189453125, 70.552749633789062 ], [ -127.996696472167969, 70.590530395507812 ], [ -127.274696350097656, 70.326103210449219 ], [ -127.06109619140625, 70.182479858398438 ], [ -126.893302917480469, 70.008872985839844 ], [ -126.765296936035156, 69.932479858398438 ], [ -126.81109619140625, 69.916366577148438 ], [ -126.705802917480469, 69.766082763671875 ], [ -125.988899230957031, 69.430526733398438 ], [ -125.426399230957031, 69.312187194824219 ], [ -125.392196655273438, 69.359420776367188 ], [ -125.460601806640625, 69.401092529296875 ], [ -125.165298461914062, 69.381637573242188 ], [ -125.11199951171875, 69.415817260742188 ], [ -125.089401245117188, 69.449691772460938 ], [ -125.2344970703125, 69.462196350097656 ], [ -125.6094970703125, 69.415252685546875 ], [ -125.578102111816406, 69.471649169921875 ], [ -125.324203491210938, 69.523857116699219 ], [ -125.131698608398438, 69.484703063964844 ], [ -125.292800903320312, 69.549148559570312 ], [ -125.217796325683594, 69.578033447265625 ], [ -125.410003662109375, 69.628036499023438 ], [ -125.378097534179688, 69.6785888671875 ], [ -125.079498291015625, 69.742752075195312 ], [ -124.975303649902344, 69.730796813964844 ], [ -124.938301086425781, 69.64581298828125 ], [ -124.821998596191406, 69.714981079101562 ], [ -124.897499084472656, 69.750526428222656 ], [ -125.241401672363281, 69.760246276855469 ], [ -125.276397705078125, 69.808296203613281 ], [ -125.184402465820312, 69.855796813964844 ], [ -125.157203674316406, 69.823593139648438 ], [ -125.073097229003906, 69.791641235351562 ], [ -124.893302917480469, 69.940261840820312 ], [ -124.658302307128906, 69.965530395507812 ], [ -124.627799987792969, 69.984970092773438 ], [ -124.668601989746094, 70.016082763671875 ], [ -124.764503479003906, 69.970809936523438 ], [ -124.822196960449219, 69.99609375 ], [ -124.827003479003906, 70.012481689453125 ], [ -125.110603332519531, 69.969970703125 ], [ -125.190803527832031, 69.931922912597656 ], [ -125.202201843261719, 69.997756958007812 ], [ -125.016998291015625, 70.078872680664062 ], [ -124.981697082519531, 70.074417114257812 ], [ -124.986701965332031, 70.041641235351562 ], [ -124.956901550292969, 70.032203674316406 ], [ -124.645301818847656, 70.071907043457031 ], [ -124.597801208496094, 70.0152587890625 ], [ -124.533599853515625, 70.019416809082031 ], [ -124.548599243164062, 70.047203063964844 ], [ -124.43609619140625, 70.036361694335938 ], [ -124.441398620605469, 70.076103210449219 ], [ -124.743896484375, 70.112197875976562 ], [ -124.743896484375, 70.127197265625 ], [ -124.550003051757812, 70.157470703125 ], [ -124.393898010253906, 70.148590087890625 ], [ -124.446098327636719, 70.108871459960938 ], [ -124.36669921875, 70.078033447265625 ], [ -124.371902465820312, 70.0294189453125 ], [ -124.534400939941406, 69.968582153320312 ], [ -124.433097839355469, 69.948028564453125 ], [ -124.463897705078125, 69.913589477539062 ], [ -124.442497253417969, 69.832748413085938 ], [ -124.50360107421875, 69.730796813964844 ], [ -124.328598022460938, 69.698593139648438 ], [ -124.0697021484375, 69.723587036132812 ], [ -124.035301208496094, 69.678863525390625 ], [ -124.203598022460938, 69.619712829589844 ], [ -124.2406005859375, 69.550262451171875 ], [ -124.395301818847656, 69.486923217773438 ], [ -124.436698913574219, 69.451637268066406 ], [ -124.414497375488281, 69.412750244140625 ], [ -124.512199401855469, 69.408309936523438 ], [ -124.472198486328125, 69.374153137207031 ], [ -124.233596801757812, 69.347747802734375 ], [ -123.992500305175781, 69.345542907714844 ], [ -124.016403198242188, 69.379150390625 ], [ -123.984703063964844, 69.404983520507812 ], [ -123.889503479003906, 69.365249633789062 ], [ -123.746101379394531, 69.378311157226562 ], [ -123.680000305175781, 69.353317260742188 ], [ -123.391403198242188, 69.40692138671875 ], [ -123.450798034667969, 69.446907043457031 ], [ -123.428596496582031, 69.476356506347656 ], [ -123.301101684570312, 69.506637573242188 ], [ -123.180000305175781, 69.492477416992188 ], [ -123.126701354980469, 69.571090698242188 ], [ -123.162200927734375, 69.61859130859375 ], [ -123.096397399902344, 69.6705322265625 ], [ -123.152198791503906, 69.768043518066406 ], [ -122.959197998046875, 69.833587646484375 ], [ -122.808097839355469, 69.793586730957031 ], [ -122.74859619140625, 69.825157165527344 ], [ -122.183097839355469, 69.794692993164062 ], [ -121.93060302734375, 69.814422607421875 ], [ -120.934196472167969, 69.648590087890625 ], [ -120.275299072265625, 69.404136657714844 ], [ -119.982200622558594, 69.344703674316406 ], [ -118.855598449707031, 69.252471923828125 ], [ -118.644699096679688, 69.212478637695312 ], [ -118.468299865722656, 69.120796203613281 ], [ -117.520797729492188, 68.961639404296875 ], [ -116.978897094726562, 68.899978637695312 ], [ -116.970001220703125, 68.916923522949219 ], [ -116.920303344726562, 68.930252075195312 ], [ -116.756698608398438, 68.883323669433594 ], [ -116.43609619140625, 68.85858154296875 ], [ -116.381401062011719, 68.882476806640625 ], [ -116.010299682617188, 68.808296203613281 ], [ -115.941398620605469, 68.811920166015625 ], [ -116.324203491210938, 68.951637268066406 ], [ -116.261398315429688, 68.97998046875 ], [ -115.778099060058594, 68.936370849609375 ], [ -115.446403503417969, 68.937759399414062 ], [ -114.821701049804688, 68.8096923828125 ], [ -114.749198913574219, 68.751373291015625 ], [ -114.44830322265625, 68.689697265625 ], [ -114.410003662109375, 68.619422912597656 ], [ -114.121696472167969, 68.517471313476562 ], [ -114.060600280761719, 68.456649780273438 ], [ -114.057502746582031, 68.433868408203125 ], [ -114.117500305175781, 68.435531616210938 ], [ -114.124496459960938, 68.418586730957031 ], [ -114.048301696777344, 68.390533447265625 ], [ -113.974700927734375, 68.435531616210938 ], [ -113.910301208496094, 68.400253295898438 ], [ -114.041702270507812, 68.317466735839844 ], [ -114.050003051757812, 68.287483215332031 ], [ -114.011100769042969, 68.250259399414062 ], [ -114.12860107421875, 68.23858642578125 ], [ -114.959999084472656, 68.285812377929688 ], [ -114.755302429199219, 68.189697265625 ], [ -114.896400451660156, 68.146926879882812 ], [ -115.224998474121094, 68.18414306640625 ], [ -115.173896789550781, 68.134140014648438 ], [ -115.2427978515625, 68.047470092773438 ], [ -115.220596313476562, 68.023857116699219 ], [ -115.113899230957031, 68.017471313476562 ], [ -115.204696655273438, 67.97802734375 ], [ -115.527496337890625, 67.930252075195312 ], [ -115.537002563476562, 67.905258178710938 ], [ -115.423599243164062, 67.878311157226562 ], [ -115.253097534179688, 67.883033752441406 ], [ -115.257003784179688, 67.85498046875 ], [ -115.113601684570312, 67.798576354980469 ], [ -114.530296325683594, 67.791641235351562 ], [ -114.297798156738281, 67.718582153320312 ], [ -114.180801391601562, 67.738037109375 ], [ -113.360801696777344, 67.694427490234375 ], [ -112.395797729492188, 67.67913818359375 ], [ -112.333602905273438, 67.696372985839844 ], [ -112.366996765136719, 67.734420776367188 ], [ -112.011100769042969, 67.742477416992188 ], [ -111.906997680664062, 67.681922912597656 ], [ -111.933296203613281, 67.748306274414062 ], [ -111.642196655273438, 67.731643676757812 ], [ -111.549697875976562, 67.748870849609375 ], [ -111.520797729492188, 67.768043518066406 ], [ -111.458602905273438, 67.763031005859375 ], [ -111.474197387695312, 67.735527038574219 ], [ -111.409698486328125, 67.740249633789062 ], [ -111.322502136230469, 67.806922912597656 ], [ -111.175796508789062, 67.837478637695312 ], [ -111.143898010253906, 67.828872680664062 ], [ -111.208099365234375, 67.764137268066406 ], [ -110.851699829101562, 67.798027038574219 ], [ -110.657798767089844, 67.883323669433594 ], [ -110.339996337890625, 67.965530395507812 ], [ -110.153900146484375, 67.915252685546875 ], [ -110.149398803710938, 67.932479858398438 ], [ -110.199699401855469, 67.95526123046875 ], [ -110.180000305175781, 67.994422912597656 ], [ -110.116996765136719, 68.008872985839844 ], [ -109.985801696777344, 67.971649169921875 ], [ -109.967498779296875, 67.941360473632812 ], [ -110.00360107421875, 67.860527038574219 ], [ -109.963096618652344, 67.83026123046875 ], [ -109.917198181152344, 67.839141845703125 ], [ -109.953102111816406, 67.881927490234375 ], [ -109.823097229003906, 67.8660888671875 ], [ -109.69580078125, 67.80413818359375 ], [ -109.743896484375, 67.7813720703125 ], [ -109.623100280761719, 67.74053955078125 ], [ -109.745597839355469, 67.739433288574219 ], [ -109.697799682617188, 67.711906433105469 ], [ -109.534698486328125, 67.685806274414062 ], [ -109.48809814453125, 67.703872680664062 ], [ -109.51080322265625, 67.726638793945312 ], [ -109.408897399902344, 67.766647338867188 ], [ -109.37030029296875, 67.729141235351562 ], [ -109.065803527832031, 67.714141845703125 ], [ -108.919197082519531, 67.535812377929688 ], [ -109.021400451660156, 67.488311767578125 ], [ -109.002197265625, 67.443588256835938 ], [ -108.858901977539062, 67.408859252929688 ], [ -108.824996948242188, 67.34942626953125 ], [ -108.790603637695312, 67.36358642578125 ], [ -108.736396789550781, 67.481086730957031 ], [ -108.73919677734375, 67.596916198730469 ], [ -108.696098327636719, 67.626373291015625 ], [ -108.610000610351562, 67.62109375 ], [ -108.511398315429688, 67.487472534179688 ], [ -108.522796630859375, 67.440811157226562 ], [ -108.498100280761719, 67.363037109375 ], [ -108.458099365234375, 67.347198486328125 ], [ -108.4219970703125, 67.370246887207031 ], [ -108.44000244140625, 67.427467346191406 ], [ -108.366996765136719, 67.444976806640625 ], [ -108.015296936035156, 67.29302978515625 ], [ -107.875, 67.14080810546875 ], [ -107.914497375488281, 67.132476806640625 ], [ -107.875297546386719, 67.052749633789062 ], [ -108.177001953125, 67.056373596191406 ], [ -108.203903198242188, 67.01885986328125 ], [ -108.460601806640625, 67.086906433105469 ], [ -108.590599060058594, 67.153587341308594 ], [ -108.594200134277344, 67.133872985839844 ], [ -108.524200439453125, 67.038307189941406 ], [ -108.456100463867188, 67.070533752441406 ], [ -108.330596923828125, 66.986923217773438 ], [ -108.176399230957031, 66.965530395507812 ], [ -108.114700317382812, 66.928863525390625 ], [ -108.11810302734375, 66.862197875976562 ], [ -108.227500915527344, 66.849983215332031 ], [ -108.1875, 66.833038330078125 ], [ -108.003303527832031, 66.835823059082031 ], [ -107.941398620605469, 66.788307189941406 ], [ -107.94940185546875, 66.720542907714844 ], [ -107.882797241210938, 66.663307189941406 ], [ -107.853302001953125, 66.756362915039062 ], [ -107.600898742675781, 66.54608154296875 ], [ -107.510299682617188, 66.542213439941406 ], [ -107.291099548339844, 66.368316650390625 ], [ -107.235000610351562, 66.348587036132812 ], [ -107.196701049804688, 66.360809326171875 ], [ -107.797203063964844, 66.756088256835938 ], [ -107.702499389648438, 66.751922607421875 ], [ -107.698600769042969, 66.813026428222656 ], [ -107.765800476074219, 66.990249633789062 ], [ -107.748298645019531, 67.010246276855469 ], [ -107.637496948242188, 66.961906433105469 ], [ -107.606903076171875, 66.970542907714844 ], [ -107.668098449707031, 67.068313598632812 ], [ -107.636100769042969, 67.073867797851562 ], [ -107.523902893066406, 67.020248413085938 ], [ -107.483901977539062, 66.924148559570312 ], [ -107.579696655273438, 66.916366577148438 ], [ -107.666702270507812, 66.957748413085938 ], [ -107.672500610351562, 66.928863525390625 ], [ -107.438301086425781, 66.808029174804688 ], [ -107.410301208496094, 66.816093444824219 ], [ -107.486396789550781, 66.877197265625 ], [ -107.393898010253906, 66.885246276855469 ], [ -107.4447021484375, 66.962478637695312 ], [ -107.406097412109375, 66.971359252929688 ], [ -107.210296630859375, 66.89080810546875 ], [ -107.137802124023438, 66.823593139648438 ], [ -107.108596801757812, 66.837196350097656 ], [ -107.297500610351562, 67.001922607421875 ], [ -107.400299072265625, 67.03692626953125 ], [ -107.384696960449219, 67.056373596191406 ], [ -107.206901550292969, 67.114700317382812 ], [ -107.216400146484375, 67.125808715820312 ], [ -107.388099670410156, 67.144416809082031 ], [ -107.503097534179688, 67.1927490234375 ], [ -107.721900939941406, 67.410812377929688 ], [ -107.644401550292969, 67.398323059082031 ], [ -107.573898315429688, 67.481643676757812 ], [ -107.7406005859375, 67.585250854492188 ], [ -107.983596801757812, 67.6846923828125 ], [ -108.015296936035156, 67.744979858398438 ], [ -107.94830322265625, 67.841087341308594 ], [ -107.704696655273438, 67.89581298828125 ], [ -107.651100158691406, 67.940536499023438 ], [ -107.910301208496094, 67.98858642578125 ], [ -107.890602111816406, 68.081649780273438 ], [ -107.851699829101562, 68.106086730957031 ], [ -107.69940185546875, 68.075813293457031 ], [ -107.833297729492188, 68.013031005859375 ], [ -107.791900634765625, 67.988037109375 ], [ -107.610298156738281, 68.05859375 ], [ -107.362197875976562, 68.046920776367188 ], [ -107.050796508789062, 68.099136352539062 ], [ -106.755096435546875, 68.106109619140625 ], [ -106.753097534179688, 68.157760620117188 ], [ -106.809402465820312, 68.207199096679688 ], [ -106.699996948242188, 68.223587036132812 ], [ -106.663597106933594, 68.169418334960938 ], [ -106.625602722167969, 68.184417724609375 ], [ -106.639999389648438, 68.236648559570312 ], [ -106.599502563476562, 68.247482299804688 ], [ -106.4447021484375, 68.151641845703125 ], [ -106.344703674316406, 68.183296203613281 ], [ -106.489997863769531, 68.221359252929688 ], [ -106.464996337890625, 68.335823059082031 ], [ -106.24420166015625, 68.389976501464844 ], [ -105.993301391601562, 68.391647338867188 ], [ -105.821998596191406, 68.449981689453125 ], [ -105.782203674316406, 68.413856506347656 ], [ -105.730300903320312, 68.419143676757812 ], [ -105.697196960449219, 68.486648559570312 ], [ -105.772003173828125, 68.538040161132812 ], [ -105.644996643066406, 68.633872985839844 ], [ -106.130599975585938, 68.587196350097656 ], [ -106.537803649902344, 68.501373291015625 ], [ -106.535003662109375, 68.482192993164062 ], [ -106.504203796386719, 68.466087341308594 ], [ -106.528602600097656, 68.443038940429688 ], [ -106.61419677734375, 68.470542907714844 ], [ -106.615798950195312, 68.437759399414062 ], [ -106.487800598144531, 68.404983520507812 ], [ -106.487503051757812, 68.383323669433594 ], [ -106.564498901367188, 68.342758178710938 ], [ -106.527198791503906, 68.300811767578125 ], [ -106.572799682617188, 68.291091918945312 ], [ -106.778900146484375, 68.408042907714844 ], [ -106.802497863769531, 68.389976501464844 ], [ -106.796096801757812, 68.370529174804688 ], [ -107.013603210449219, 68.369422912597656 ], [ -107.132003784179688, 68.272476196289062 ], [ -107.258903503417969, 68.259979248046875 ], [ -107.327201843261719, 68.312469482421875 ], [ -107.813301086425781, 68.342483520507812 ], [ -107.885299682617188, 68.26885986328125 ], [ -107.602500915527344, 68.175262451171875 ], [ -107.825798034667969, 68.180526733398438 ], [ -107.895599365234375, 68.146636962890625 ], [ -108.161399841308594, 68.172760009765625 ], [ -108.332199096679688, 68.117202758789062 ], [ -108.403099060058594, 68.114967346191406 ], [ -108.43280029296875, 68.131088256835938 ], [ -108.4281005859375, 68.154136657714844 ], [ -108.366996765136719, 68.161087036132812 ], [ -108.338600158691406, 68.14581298828125 ], [ -108.32440185546875, 68.1927490234375 ], [ -108.353897094726562, 68.231086730957031 ], [ -108.392501831054688, 68.2188720703125 ], [ -108.391998291015625, 68.180252075195312 ], [ -108.453300476074219, 68.185531616210938 ], [ -108.397201538085938, 68.278587341308594 ], [ -108.443603515625, 68.308029174804688 ], [ -108.715599060058594, 68.231369018554688 ], [ -108.815299987792969, 68.262191772460938 ], [ -108.368896484375, 68.587196350097656 ], [ -108.279197692871094, 68.618316650390625 ], [ -107.318603515625, 68.695823669433594 ], [ -106.82080078125, 68.811370849609375 ], [ -106.468101501464844, 68.861648559570312 ], [ -106.229202270507812, 68.940811157226562 ], [ -105.798103332519531, 68.879432678222656 ], [ -105.48699951171875, 68.729423522949219 ], [ -105.478302001953125, 68.698593139648438 ], [ -105.544700622558594, 68.66192626953125 ], [ -105.407501220703125, 68.519149780273438 ], [ -105.326103210449219, 68.51080322265625 ], [ -105.325302124023438, 68.468032836914062 ], [ -105.423103332519531, 68.491928100585938 ], [ -105.538101196289062, 68.445533752441406 ], [ -105.548103332519531, 68.422203063964844 ], [ -105.338302612304688, 68.412200927734375 ], [ -105.294998168945312, 68.339141845703125 ], [ -105.088096618652344, 68.263031005859375 ], [ -105.003898620605469, 68.26275634765625 ], [ -105.082496643066406, 68.308029174804688 ], [ -104.893898010253906, 68.348861694335938 ], [ -104.835899353027344, 68.310806274414062 ], [ -104.853103637695312, 68.276641845703125 ], [ -104.952796936035156, 68.252471923828125 ], [ -104.914497375488281, 68.227203369140625 ], [ -104.687797546386719, 68.250259399414062 ], [ -104.609703063964844, 68.241363525390625 ], [ -104.597198486328125, 68.222198486328125 ], [ -104.667198181152344, 68.149978637695312 ], [ -104.5, 68.03192138671875 ], [ -103.843299865722656, 68.02081298828125 ], [ -103.544700622558594, 68.059982299804688 ], [ -103.558097839355469, 68.104423522949219 ], [ -103.457199096679688, 68.160537719726562 ], [ -103.389999389648438, 68.161361694335938 ], [ -103.341697692871094, 68.1160888671875 ], [ -103.369499206542969, 68.01080322265625 ], [ -102.353897094726562, 67.747756958007812 ], [ -102.227500915527344, 67.686920166015625 ], [ -102.221099853515625, 67.718582153320312 ], [ -102.141998291015625, 67.769149780273438 ], [ -102.039497375488281, 67.742202758789062 ], [ -101.978897094726562, 67.787750244140625 ], [ -101.572502136230469, 67.68414306640625 ], [ -101.410003662109375, 67.687759399414062 ], [ -101.456100463867188, 67.720542907714844 ], [ -100.904197692871094, 67.756927490234375 ], [ -100.918601989746094, 67.802749633789062 ], [ -100.876701354980469, 67.820533752441406 ], [ -100.851097106933594, 67.79302978515625 ], [ -100.61199951171875, 67.842193603515625 ], [ -100.581703186035156, 67.834136962890625 ], [ -100.587799072265625, 67.793296813964844 ], [ -100.445297241210938, 67.842483520507812 ], [ -99.909446716308594, 67.819427490234375 ], [ -99.308616638183594, 67.760528564453125 ], [ -99.171112060546875, 67.711357116699219 ], [ -99.017227172851562, 67.721359252929688 ], [ -98.930557250976562, 67.696090698242188 ], [ -98.8961181640625, 67.748306274414062 ], [ -98.761123657226562, 67.743873596191406 ], [ -98.693618774414062, 67.807746887207031 ], [ -98.411956787109375, 67.784416198730469 ], [ -98.354446411132812, 67.79608154296875 ], [ -98.449447631835938, 67.865806579589844 ], [ -98.656112670898438, 67.916366577148438 ], [ -98.734451293945312, 67.998580932617188 ], [ -98.7327880859375, 68.07025146484375 ], [ -98.585563659667969, 68.0919189453125 ], [ -98.179458618164062, 67.85247802734375 ], [ -98.088623046875, 67.756637573242188 ], [ -97.9989013671875, 67.753036499023438 ], [ -97.7388916015625, 67.642196655273438 ], [ -97.532791137695312, 67.597198486328125 ], [ -97.060562133789062, 67.679702758789062 ], [ -97.219451904296875, 67.708038330078125 ], [ -97.117233276367188, 67.777481079101562 ], [ -97.240570068359375, 67.92608642578125 ], [ -97.324447631835938, 67.87664794921875 ], [ -97.403633117675781, 67.879966735839844 ], [ -97.643890380859375, 68.008323669433594 ], [ -97.695281982421875, 68.017196655273438 ], [ -97.793060302734375, 67.970809936523438 ], [ -98.030006408691406, 67.941932678222656 ], [ -98.057510375976562, 67.912483215332031 ], [ -98.049179077148438, 67.836357116699219 ], [ -98.095573425292969, 67.83331298828125 ], [ -98.581390380859375, 68.139976501464844 ], [ -98.473892211914062, 68.186920166015625 ], [ -98.428337097167969, 68.162200927734375 ], [ -98.439453125, 68.104141235351562 ], [ -98.394180297851562, 68.079147338867188 ], [ -98.350852966308594, 68.092193603515625 ], [ -98.317497253417969, 68.162200927734375 ], [ -98.704452514648438, 68.352752685546875 ], [ -98.714736938476562, 68.3721923828125 ], [ -98.637222290039062, 68.379150390625 ], [ -98.4827880859375, 68.345809936523438 ], [ -98.471389770507812, 68.373580932617188 ], [ -98.543617248535156, 68.405258178710938 ], [ -98.539459228515625, 68.42108154296875 ], [ -98.126678466796875, 68.319976806640625 ], [ -98.07305908203125, 68.321640014648438 ], [ -98.114730834960938, 68.360527038574219 ], [ -97.743057250976562, 68.370529174804688 ], [ -97.781951904296875, 68.406646728515625 ], [ -97.943336486816406, 68.460250854492188 ], [ -98.009742736816406, 68.498031616210938 ], [ -97.994453430175781, 68.541091918945312 ], [ -97.723892211914062, 68.523033142089844 ], [ -97.658340454101562, 68.500526428222656 ], [ -97.6461181640625, 68.450813293457031 ], [ -97.53778076171875, 68.418296813964844 ], [ -97.4989013671875, 68.430252075195312 ], [ -97.615280151367188, 68.453582763671875 ], [ -97.5977783203125, 68.48358154296875 ], [ -97.531402587890625, 68.501922607421875 ], [ -97.283073425292969, 68.474136352539062 ], [ -97.001953125, 68.345260620117188 ], [ -97.018890380859375, 68.295257568359375 ], [ -97.07000732421875, 68.300262451171875 ], [ -97.089736938476562, 68.263313293457031 ], [ -96.925003051757812, 68.239151000976562 ], [ -96.694168090820312, 68.280258178710938 ], [ -96.625289916992188, 68.25164794921875 ], [ -96.6944580078125, 68.227203369140625 ], [ -96.630836486816406, 68.178863525390625 ], [ -96.63250732421875, 68.225540161132812 ], [ -96.470840454101562, 68.305526733398438 ], [ -96.404167175292969, 68.311370849609375 ], [ -96.690567016601562, 68.079971313476562 ], [ -96.779167175292969, 68.071372985839844 ], [ -96.812232971191406, 68.043869018554688 ], [ -96.789459228515625, 68.017196655273438 ], [ -96.696121215820312, 68.009979248046875 ], [ -96.634452819824219, 68.060531616210938 ], [ -96.453056335449219, 68.0394287109375 ], [ -96.480293273925781, 68.090263366699219 ], [ -96.547233581542969, 68.079421997070312 ], [ -96.510009765625, 68.119422912597656 ], [ -95.892227172851562, 68.294143676757812 ], [ -96.075286865234375, 68.155532836914062 ], [ -96.019180297851562, 68.111076354980469 ], [ -96.215286254882812, 67.823593139648438 ], [ -96.220291137695312, 67.693038940429688 ], [ -96.168327331542969, 67.694976806640625 ], [ -96.185287475585938, 67.626373291015625 ], [ -96.2469482421875, 67.623306274414062 ], [ -96.310836791992188, 67.692466735839844 ], [ -96.343902587890625, 67.66497802734375 ], [ -96.329727172851562, 67.610260009765625 ], [ -96.461402893066406, 67.508872985839844 ], [ -96.46112060546875, 67.473312377929688 ], [ -96.3961181640625, 67.494422912597656 ], [ -96.2227783203125, 67.421920776367188 ], [ -96.1077880859375, 67.469146728515625 ], [ -96.101959228515625, 67.418586730957031 ], [ -96.166671752929688, 67.341636657714844 ], [ -96.226959228515625, 67.316650390625 ], [ -96.25250244140625, 67.247482299804688 ], [ -96.114463806152344, 67.21331787109375 ], [ -95.740280151367188, 67.37664794921875 ], [ -95.67584228515625, 67.32830810546875 ], [ -95.603347778320312, 67.383323669433594 ], [ -95.528900146484375, 67.35552978515625 ], [ -95.561683654785156, 67.307212829589844 ], [ -95.807510375976562, 67.186080932617188 ], [ -95.809173583984375, 67.161636352539062 ], [ -95.569168090820312, 67.210533142089844 ], [ -95.48779296875, 67.203872680664062 ], [ -95.4888916015625, 67.138031005859375 ], [ -95.379753112792969, 67.154693603515625 ], [ -95.421951293945312, 67.063873291015625 ], [ -95.329727172851562, 67.03192138671875 ], [ -95.35028076171875, 66.9638671875 ], [ -95.5977783203125, 66.948867797851562 ], [ -95.6077880859375, 66.985260009765625 ], [ -95.876106262207031, 66.945823669433594 ], [ -95.9364013671875, 66.956649780273438 ], [ -95.993896484375, 67.009696960449219 ], [ -95.932510375976562, 67.0697021484375 ], [ -95.986679077148438, 67.05609130859375 ], [ -96.051681518554688, 67.01080322265625 ], [ -96.025283813476562, 66.973312377929688 ], [ -96.123611450195312, 66.95025634765625 ], [ -96.134170532226562, 66.989700317382812 ], [ -96.214736938476562, 66.976638793945312 ], [ -96.2852783203125, 67.003593444824219 ], [ -96.261123657226562, 67.041091918945312 ], [ -96.288070678710938, 67.068313598632812 ], [ -96.452507019042969, 67.068313598632812 ], [ -96.397506713867188, 66.993873596191406 ], [ -96.146392822265625, 66.894699096679688 ], [ -96.108901977539062, 66.832748413085938 ], [ -95.862228393554688, 66.761093139648438 ], [ -95.777511596679688, 66.654983520507812 ], [ -95.819732666015625, 66.5838623046875 ], [ -95.629997253417969, 66.675537109375 ], [ -95.652236938476562, 66.728591918945312 ], [ -95.691390991210938, 66.679428100585938 ], [ -95.766677856445312, 66.68359375 ], [ -95.785003662109375, 66.737197875976562 ], [ -96.087783813476562, 66.907470703125 ], [ -96.085563659667969, 66.926933288574219 ], [ -96.026123046875, 66.95025634765625 ], [ -95.3114013671875, 66.889976501464844 ], [ -95.2247314453125, 66.962753295898438 ], [ -95.232513427734375, 66.987197875976562 ], [ -95.3477783203125, 67.073867797851562 ], [ -95.322776794433594, 67.106086730957031 ], [ -95.352226257324219, 67.148323059082031 ], [ -95.26611328125, 67.212753295898438 ], [ -95.2489013671875, 67.2652587890625 ], [ -95.166397094726562, 67.27691650390625 ], [ -95.172233581542969, 67.291366577148438 ], [ -95.31500244140625, 67.330543518066406 ], [ -95.419166564941406, 67.45526123046875 ], [ -95.331680297851562, 67.505813598632812 ], [ -95.323333740234375, 67.53192138671875 ], [ -95.466667175292969, 67.637191772460938 ], [ -95.693069458007812, 67.704421997070312 ], [ -95.708343505859375, 67.7330322265625 ], [ -95.55029296875, 67.803863525390625 ], [ -95.522506713867188, 67.852752685546875 ], [ -95.580291748046875, 67.898590087890625 ], [ -95.445472717285156, 68.006103515625 ], [ -95.461402893066406, 68.063873291015625 ], [ -95.101959228515625, 68.086906433105469 ], [ -95.009170532226562, 68.044418334960938 ], [ -94.767227172851562, 68.04608154296875 ], [ -94.192497253417969, 68.2763671875 ], [ -94.20806884765625, 68.350250244140625 ], [ -93.375839233398438, 68.633323669433594 ], [ -93.752227783203125, 68.61358642578125 ], [ -93.566116333007812, 68.84942626953125 ], [ -93.644180297851562, 68.895538330078125 ], [ -93.635009765625, 68.931373596191406 ], [ -93.666946411132812, 68.972198486328125 ], [ -93.845291137695312, 68.959426879882812 ], [ -93.837226867675781, 69.006362915039062 ], [ -93.9091796875, 68.998031616210938 ], [ -94.069168090820312, 68.891082763671875 ], [ -94.068069458007812, 68.864151000976562 ], [ -94.0341796875, 68.83331298828125 ], [ -94.108062744140625, 68.7552490234375 ], [ -94.250312805175781, 68.755813598632812 ], [ -94.410842895507812, 68.715530395507812 ], [ -94.63250732421875, 68.754150390625 ], [ -94.5452880859375, 68.884696960449219 ], [ -94.58612060546875, 68.943588256835938 ], [ -94.587509155273438, 68.9688720703125 ], [ -94.424728393554688, 68.945533752441406 ], [ -94.352226257324219, 69.020538330078125 ], [ -94.220573425292969, 69.0294189453125 ], [ -94.011947631835938, 69.158042907714844 ], [ -94.248611450195312, 69.120529174804688 ], [ -94.329452514648438, 69.161361694335938 ], [ -94.260276794433594, 69.274406433105469 ], [ -94.3094482421875, 69.294143676757812 ], [ -94.284446716308594, 69.318862915039062 ], [ -94.152236938476562, 69.343032836914062 ], [ -93.866958618164062, 69.3438720703125 ], [ -93.755279541015625, 69.39385986328125 ], [ -93.554733276367188, 69.440536499023438 ], [ -93.54779052734375, 69.4205322265625 ], [ -93.801963806152344, 69.310806274414062 ], [ -93.876106262207031, 69.218032836914062 ], [ -93.812789916992188, 69.214981079101562 ], [ -93.837509155273438, 69.1644287109375 ], [ -93.365570068359375, 69.376083374023438 ], [ -93.588623046875, 69.368316650390625 ], [ -93.441390991210938, 69.48052978515625 ], [ -93.541122436523438, 69.523323059082031 ], [ -93.684173583984375, 69.522201538085938 ], [ -93.789459228515625, 69.476356506347656 ], [ -93.83306884765625, 69.4910888671875 ], [ -93.872787475585938, 69.446907043457031 ], [ -93.928619384765625, 69.431922912597656 ], [ -94.313339233398438, 69.446640014648438 ], [ -94.451683044433594, 69.518592834472656 ], [ -94.5694580078125, 69.645248413085938 ], [ -94.600013732910156, 69.633872985839844 ], [ -94.639450073242188, 69.683296203613281 ], [ -94.766952514648438, 69.651092529296875 ], [ -94.730827331542969, 69.602752685546875 ], [ -94.831390380859375, 69.565811157226562 ], [ -95.7247314453125, 69.78997802734375 ], [ -95.7872314453125, 69.741363525390625 ], [ -95.829177856445312, 69.7652587890625 ], [ -95.806121826171875, 69.788040161132812 ], [ -95.884452819824219, 69.774696350097656 ], [ -96.2005615234375, 69.864967346191406 ], [ -96.082229614257812, 69.873580932617188 ], [ -96.116119384765625, 69.953872680664062 ], [ -96.220840454101562, 69.957473754882812 ], [ -96.509170532226562, 70.10858154296875 ], [ -96.571670532226562, 70.234420776367188 ], [ -96.54833984375, 70.328872680664062 ], [ -96.434722900390625, 70.40997314453125 ], [ -96.340286254882812, 70.415252685546875 ], [ -96.286956787109375, 70.528312683105469 ], [ -96.243057250976562, 70.5697021484375 ], [ -96.171951293945312, 70.529693603515625 ], [ -96.069732666015625, 70.587753295898438 ], [ -95.813629150390625, 70.5313720703125 ], [ -95.799453735351562, 70.549148559570312 ], [ -96.043617248535156, 70.598312377929688 ], [ -96.055557250976562, 70.643043518066406 ], [ -96.202789306640625, 70.62164306640625 ], [ -96.611953735351562, 70.794418334960938 ], [ -96.6138916015625, 70.821090698242188 ], [ -96.498062133789062, 71.002761840820312 ], [ -96.370010375976562, 71.089981079101562 ], [ -96.409446716308594, 71.119422912597656 ], [ -96.461402893066406, 71.080543518066406 ], [ -96.560836791992188, 71.126373291015625 ], [ -96.539726257324219, 71.142196655273438 ], [ -96.376678466796875, 71.149139404296875 ], [ -96.459457397460938, 71.197196960449219 ], [ -96.446670532226562, 71.260528564453125 ], [ -96.293327331542969, 71.300262451171875 ], [ -96.241119384765625, 71.359420776367188 ], [ -96.134170532226562, 71.409698486328125 ], [ -95.980827331542969, 71.409698486328125 ], [ -95.658889770507812, 71.285537719726562 ], [ -95.533073425292969, 71.30108642578125 ], [ -95.588623046875, 71.354423522949219 ], [ -95.470863342285156, 71.363861083984375 ], [ -95.548896789550781, 71.428306579589844 ], [ -95.376693725585938, 71.509407043457031 ], [ -95.799728393554688, 71.50469970703125 ], [ -95.943069458007812, 71.5535888671875 ], [ -95.87750244140625, 71.618316650390625 ], [ -95.7247314453125, 71.625808715820312 ], [ -95.6622314453125, 71.67108154296875 ], [ -95.2630615234375, 71.723861694335938 ], [ -95.285842895507812, 71.767196655273438 ], [ -95.226959228515625, 71.826637268066406 ], [ -94.700286865234375, 71.830810546875 ], [ -94.615570068359375, 71.868873596191406 ], [ -95.213348388671875, 71.843032836914062 ], [ -95.2569580078125, 71.866928100585938 ], [ -95.217506408691406, 71.944976806640625 ], [ -94.880279541015625, 71.982192993164062 ], [ -94.49945068359375, 71.988037109375 ], [ -94.388633728027344, 71.924148559570312 ], [ -94.4747314453125, 71.889137268066406 ], [ -94.460563659667969, 71.84942626953125 ], [ -94.649726867675781, 71.815536499023438 ], [ -94.584457397460938, 71.74359130859375 ], [ -94.392227172851562, 71.814422607421875 ], [ -94.354736328125, 71.79248046875 ], [ -94.390838623046875, 71.774406433105469 ], [ -94.406951904296875, 71.660812377929688 ], [ -94.181953430175781, 71.791923522949219 ], [ -93.910003662109375, 71.744979858398438 ], [ -93.819168090820312, 71.774696350097656 ], [ -93.711669921875, 71.761367797851562 ], [ -93.696670532226562, 71.710823059082031 ], [ -93.818893432617188, 71.65191650390625 ], [ -93.230850219726562, 71.473587036132812 ], [ -93.208892822265625, 71.446640014648438 ], [ -92.974166870117188, 71.340812683105469 ], [ -92.854446411132812, 71.1513671875 ], [ -92.908363342285156, 70.903587341308594 ], [ -92.855010986328125, 70.85302734375 ], [ -92.94500732421875, 70.835823059082031 ], [ -93.021957397460938, 70.878036499023438 ], [ -93.046127319335938, 70.867202758789062 ], [ -92.968612670898438, 70.820533752441406 ], [ -92.780838012695312, 70.796920776367188 ], [ -92.639717102050781, 70.709976196289062 ], [ -92.689178466796875, 70.686370849609375 ], [ -92.592788696289062, 70.685806274414062 ], [ -92.297523498535156, 70.62969970703125 ], [ -92.3114013671875, 70.569976806640625 ], [ -92.276123046875, 70.572479248046875 ], [ -92.257247924804688, 70.619979858398438 ], [ -92.208343505859375, 70.610260009765625 ], [ -92.15667724609375, 70.573028564453125 ], [ -92.2489013671875, 70.571640014648438 ], [ -92.187232971191406, 70.50469970703125 ], [ -92.285568237304688, 70.487762451171875 ], [ -92.041946411132812, 70.4205322265625 ], [ -91.978912353515625, 70.359703063964844 ], [ -92.0855712890625, 70.298309326171875 ], [ -91.952507019042969, 70.2552490234375 ], [ -91.883636474609375, 70.319137573242188 ], [ -91.890289306640625, 70.354423522949219 ], [ -91.737228393554688, 70.35858154296875 ], [ -91.693893432617188, 70.336357116699219 ], [ -91.693893432617188, 70.197479248046875 ], [ -91.636123657226562, 70.231643676757812 ], [ -91.512413024902344, 70.153839111328125 ], [ -91.542800903320312, 70.14080810546875 ], [ -92.0361328125, 70.126922607421875 ], [ -92.294723510742188, 70.250808715820312 ], [ -92.309722900390625, 70.221359252929688 ], [ -92.268623352050781, 70.190811157226562 ], [ -92.42279052734375, 70.168296813964844 ], [ -92.3961181640625, 70.139686584472656 ], [ -92.565292358398438, 70.070823669433594 ], [ -92.268623352050781, 70.090530395507812 ], [ -91.993057250976562, 70.05859375 ], [ -91.94000244140625, 70.020248413085938 ], [ -92.254997253417969, 69.877761840820312 ], [ -92.555007934570312, 69.808296203613281 ], [ -92.5452880859375, 69.774696350097656 ], [ -92.579177856445312, 69.759407043457031 ], [ -92.656951904296875, 69.788856506347656 ], [ -92.65863037109375, 69.761093139648438 ], [ -92.868057250976562, 69.702186584472656 ], [ -92.341400146484375, 69.697196960449219 ], [ -92.371673583984375, 69.663040161132812 ], [ -92.277236938476562, 69.663589477539062 ], [ -92.090843200683594, 69.6160888671875 ], [ -92.279449462890625, 69.628593444824219 ], [ -91.799453735351562, 69.484703063964844 ], [ -91.475303649902344, 69.6644287109375 ], [ -91.125, 69.637191772460938 ], [ -91.101959228515625, 69.620796203613281 ], [ -91.360862731933594, 69.5455322265625 ], [ -91.514717102050781, 69.534149169921875 ], [ -91.553886413574219, 69.505538940429688 ], [ -91.192497253417969, 69.562759399414062 ], [ -91.103057861328125, 69.508872985839844 ], [ -90.883346557617188, 69.5313720703125 ], [ -90.884742736816406, 69.483306884765625 ], [ -90.758903503417969, 69.482757568359375 ], [ -90.698623657226562, 69.5394287109375 ], [ -90.370826721191406, 69.457199096679688 ], [ -90.358062744140625, 69.429702758789062 ], [ -90.691116333007812, 69.451370239257812 ], [ -90.585006713867188, 69.414138793945312 ], [ -90.799179077148438, 69.359703063964844 ], [ -90.822242736816406, 69.25164794921875 ], [ -90.9444580078125, 69.258872985839844 ], [ -90.920562744140625, 69.299697875976562 ], [ -91.070556640625, 69.26580810546875 ], [ -90.956413269042969, 69.356369018554688 ], [ -91.193077087402344, 69.287483215332031 ], [ -90.654457092285156, 69.070533752441406 ], [ -90.705307006835938, 69.036087036132812 ], [ -90.69140625, 68.991928100585938 ], [ -90.6219482421875, 68.9910888671875 ], [ -90.578338623046875, 68.946907043457031 ], [ -90.625839233398438, 68.913307189941406 ], [ -90.517501831054688, 68.905258178710938 ], [ -90.436683654785156, 68.8660888671875 ], [ -90.520858764648438, 68.837196350097656 ], [ -90.438919067382812, 68.82330322265625 ], [ -90.464736938476562, 68.77081298828125 ], [ -90.507232666015625, 68.779693603515625 ], [ -90.527786254882812, 68.736648559570312 ], [ -90.479736328125, 68.701919555664062 ], [ -90.526962280273438, 68.652206420898438 ], [ -90.489730834960938, 68.586906433105469 ], [ -90.538909912109375, 68.565261840820312 ], [ -90.474746704101562, 68.530807495117188 ], [ -90.603897094726562, 68.455810546875 ], [ -90.601669311523438, 68.436370849609375 ], [ -90.315841674804688, 68.369140625 ], [ -90.319168090820312, 68.346359252929688 ], [ -90.272781372070312, 68.237762451171875 ], [ -90.178619384765625, 68.235809326171875 ], [ -90.118057250976562, 68.262191772460938 ], [ -90.167793273925781, 68.312469482421875 ], [ -90.029716491699219, 68.357757568359375 ], [ -90.001129150390625, 68.4144287109375 ], [ -89.898361206054688, 68.454421997070312 ], [ -89.838623046875, 68.5313720703125 ], [ -89.9202880859375, 68.5535888671875 ], [ -89.95001220703125, 68.607757568359375 ], [ -89.809738159179688, 68.710250854492188 ], [ -89.780853271484375, 68.705810546875 ], [ -89.746688842773438, 68.664703369140625 ], [ -89.766677856445312, 68.621917724609375 ], [ -89.717506408691406, 68.645538330078125 ], [ -89.7247314453125, 68.671653747558594 ], [ -89.691963195800781, 68.759407043457031 ], [ -89.7569580078125, 68.939971923828125 ], [ -89.716690063476562, 69.006088256835938 ], [ -89.306961059570312, 69.251373291015625 ], [ -89.101959228515625, 69.273590087890625 ], [ -88.942520141601562, 69.22998046875 ], [ -88.870292663574219, 69.148590087890625 ], [ -88.279167175292969, 68.939697265625 ], [ -87.962516784667969, 68.755538940429688 ], [ -87.78778076171875, 68.327476501464844 ], [ -87.936111450195312, 68.195823669433594 ], [ -88.039459228515625, 68.235809326171875 ], [ -88.155006408691406, 68.231369018554688 ], [ -88.181121826171875, 68.3388671875 ], [ -88.215843200683594, 68.371917724609375 ], [ -88.395843505859375, 68.285247802734375 ], [ -88.342529296875, 68.223587036132812 ], [ -88.277786254882812, 68.10552978515625 ], [ -88.381118774414062, 68.025253295898438 ], [ -88.365432739257812, 68.002983093261719 ], [ -88.370826721191406, 67.959136962890625 ], [ -88.269203186035156, 67.793586730957031 ], [ -88.125, 67.655532836914062 ], [ -87.714447021484375, 67.48052978515625 ], [ -87.446403503417969, 67.291091918945312 ], [ -87.3577880859375, 67.262191772460938 ], [ -87.429168701171875, 67.208587646484375 ], [ -87.505577087402344, 67.185256958007812 ], [ -87.517242431640625, 67.11553955078125 ], [ -87.455291748046875, 67.134696960449219 ], [ -87.427803039550781, 67.170806884765625 ], [ -87.341400146484375, 67.176361083984375 ], [ -87.297523498535156, 67.095542907714844 ], [ -87.23779296875, 67.221076965332031 ], [ -87.154167175292969, 67.239967346191406 ], [ -87.116386413574219, 67.178306579589844 ], [ -87.073348999023438, 67.21441650390625 ], [ -87.075843811035156, 67.253593444824219 ], [ -86.968917846679688, 67.245246887207031 ], [ -87.086669921875, 67.336357116699219 ], [ -87.041671752929688, 67.350807189941406 ], [ -86.9747314453125, 67.316650390625 ], [ -86.88555908203125, 67.399406433105469 ], [ -86.792251586914062, 67.422470092773438 ], [ -86.647232055664062, 67.358306884765625 ], [ -86.610862731933594, 67.402481079101562 ], [ -86.543907165527344, 67.344970703125 ], [ -86.503082275390625, 67.377761840820312 ], [ -86.532791137695312, 67.434982299804688 ], [ -86.474166870117188, 67.468582153320312 ], [ -86.488632202148438, 67.546371459960938 ], [ -86.451423645019531, 67.59747314453125 ], [ -86.525848388671875, 67.676361083984375 ], [ -86.2872314453125, 67.869979858398438 ], [ -86.129753112792969, 67.949981689453125 ], [ -86.133056640625, 68.008590698242188 ], [ -86.108612060546875, 67.992202758789062 ], [ -85.992507934570312, 68.009140014648438 ], [ -85.892501831054688, 68.051361083984375 ], [ -85.914466857910156, 68.104141235351562 ], [ -85.859733581542969, 68.132476806640625 ], [ -85.890579223632812, 68.174697875976562 ], [ -85.785018920898438, 68.21636962890625 ], [ -85.842506408691406, 68.230262756347656 ], [ -85.788909912109375, 68.335533142089844 ], [ -85.706123352050781, 68.407203674316406 ], [ -85.748916625976562, 68.429702758789062 ], [ -85.668083190917969, 68.44830322265625 ], [ -85.733917236328125, 68.461639404296875 ], [ -85.693893432617188, 68.666091918945312 ], [ -85.663909912109375, 68.7269287109375 ], [ -85.481948852539062, 68.739433288574219 ], [ -85.478912353515625, 68.760246276855469 ], [ -85.553627014160156, 68.781082153320312 ], [ -85.371688842773438, 68.762191772460938 ], [ -85.384193420410156, 68.737197875976562 ], [ -85.228897094726562, 68.710250854492188 ], [ -85.226966857910156, 68.73358154296875 ], [ -85.250846862792969, 68.756088256835938 ], [ -84.787246704101562, 68.73358154296875 ], [ -84.761138916015625, 68.77691650390625 ], [ -84.846687316894531, 68.823867797851562 ], [ -85.003631591796875, 68.808296203613281 ], [ -85.144203186035156, 68.83026123046875 ], [ -85.192779541015625, 68.862197875976562 ], [ -85.178070068359375, 68.873580932617188 ], [ -85.018630981445312, 68.874969482421875 ], [ -84.997528076171875, 68.925811767578125 ], [ -85.129730224609375, 68.937469482421875 ], [ -85.101409912109375, 68.95831298828125 ], [ -84.819183349609375, 68.927749633789062 ], [ -84.809463500976562, 68.957199096679688 ], [ -84.985580444335938, 69.002471923828125 ], [ -84.818618774414062, 69.032203674316406 ], [ -84.591667175292969, 68.994422912597656 ], [ -84.532241821289062, 69.012481689453125 ], [ -85.123062133789062, 69.11553955078125 ], [ -85.110023498535156, 69.149406433105469 ], [ -84.987518310546875, 69.168586730957031 ], [ -85.1591796875, 69.171653747558594 ], [ -85.197532653808594, 69.13275146484375 ], [ -85.308326721191406, 69.143592834472656 ], [ -85.296127319335938, 69.162483215332031 ], [ -85.204727172851562, 69.175537109375 ], [ -85.466690063476562, 69.267196655273438 ], [ -85.503082275390625, 69.314422607421875 ], [ -85.345573425292969, 69.306922912597656 ], [ -85.50335693359375, 69.39080810546875 ], [ -85.494453430175781, 69.410812377929688 ], [ -85.339462280273438, 69.438873291015625 ], [ -85.408912658691406, 69.461906433105469 ], [ -85.491409301757812, 69.436653137207031 ], [ -85.539176940917969, 69.4669189453125 ], [ -85.52752685546875, 69.526092529296875 ], [ -85.381683349609375, 69.561920166015625 ], [ -85.539466857910156, 69.633033752441406 ], [ -85.539459228515625, 69.662483215332031 ], [ -85.4464111328125, 69.691093444824219 ], [ -85.439727783203125, 69.734420776367188 ], [ -85.515579223632812, 69.763313293457031 ], [ -85.423362731933594, 69.788856506347656 ], [ -85.406417846679688, 69.750526428222656 ], [ -85.333343505859375, 69.774139404296875 ], [ -85.349456787109375, 69.817466735839844 ], [ -85.586441040039062, 69.827072143554688 ], [ -85.571952819824219, 69.856086730957031 ], [ -85.377517700195312, 69.851089477539062 ], [ -85.0794677734375, 69.771087646484375 ], [ -84.882522583007812, 69.85552978515625 ], [ -84.750312805175781, 69.832748413085938 ], [ -84.546417236328125, 69.859420776367188 ], [ -84.229751586914062, 69.834701538085938 ], [ -83.7489013671875, 69.7088623046875 ], [ -83.346412658691406, 69.67608642578125 ], [ -83.25335693359375, 69.70526123046875 ], [ -82.6702880859375, 69.67803955078125 ], [ -82.678359985351562, 69.701103210449219 ], [ -82.255020141601562, 69.636367797851562 ], [ -82.407806396484375, 69.60858154296875 ], [ -82.4727783203125, 69.636093139648438 ], [ -82.640579223632812, 69.626373291015625 ], [ -82.652801513671875, 69.618316650390625 ], [ -82.55169677734375, 69.593032836914062 ], [ -82.743362426757812, 69.577476501464844 ], [ -82.499183654785156, 69.511642456054688 ], [ -82.500839233398438, 69.492202758789062 ], [ -83.241119384765625, 69.556640625 ], [ -83.291412353515625, 69.544418334960938 ], [ -82.324188232421875, 69.418869018554688 ], [ -82.22528076171875, 69.3963623046875 ], [ -82.3355712890625, 69.37109375 ], [ -82.144203186035156, 69.300262451171875 ], [ -82.289749145507812, 69.25164794921875 ], [ -82.2589111328125, 69.233871459960938 ], [ -81.708076477050781, 69.264686584472656 ], [ -81.360000610351562, 69.196640014648438 ], [ -81.2730712890625, 69.091636657714844 ], [ -81.462799072265625, 69.072746276855469 ], [ -81.570297241210938, 68.992477416992188 ], [ -81.964752197265625, 68.883872985839844 ], [ -81.686416625976562, 68.905258178710938 ], [ -81.58807373046875, 68.869712829589844 ], [ -81.581413269042969, 68.830810546875 ], [ -81.438629150390625, 68.874969482421875 ], [ -81.296127319335938, 68.81719970703125 ], [ -81.234733581542969, 68.769973754882812 ], [ -81.268341064453125, 68.715812683105469 ], [ -81.252517700195312, 68.653030395507812 ], [ -81.357803344726562, 68.599136352539062 ], [ -81.646682739257812, 68.505538940429688 ], [ -81.797813415527344, 68.525527954101562 ], [ -81.816703796386719, 68.469703674316406 ], [ -81.970840454101562, 68.42108154296875 ], [ -82.047813415527344, 68.475250244140625 ], [ -82.201950073242188, 68.525527954101562 ], [ -82.26947021484375, 68.532470703125 ], [ -82.176132202148438, 68.491363525390625 ], [ -82.190582275390625, 68.466087341308594 ], [ -82.382797241210938, 68.4669189453125 ], [ -82.600593566894531, 68.492477416992188 ], [ -82.49334716796875, 68.463592529296875 ], [ -82.515846252441406, 68.44525146484375 ], [ -82.6480712890625, 68.44525146484375 ], [ -82.63446044921875, 68.407760620117188 ], [ -82.436973571777344, 68.375808715820312 ], [ -82.356666564941406, 68.345809936523438 ], [ -82.356666564941406, 68.321640014648438 ], [ -82.501106262207031, 68.317466735839844 ], [ -82.483627319335938, 68.299423217773438 ], [ -82.386962890625, 68.266372680664062 ], [ -82.273361206054688, 68.288856506347656 ], [ -82.2589111328125, 68.255538940429688 ], [ -82.345840454101562, 68.170257568359375 ], [ -82.206413269042969, 68.115806579589844 ], [ -82.100860595703125, 68.149978637695312 ], [ -82.0572509765625, 68.204696655273438 ], [ -82.011688232421875, 68.214706420898438 ], [ -81.985580444335938, 68.201637268066406 ], [ -82.027252197265625, 68.122756958007812 ], [ -82.14251708984375, 68.047470092773438 ], [ -82.17584228515625, 67.997482299804688 ], [ -81.948348999023438, 67.8277587890625 ], [ -81.433059692382812, 67.611358642578125 ], [ -81.243072509765625, 67.474983215332031 ], [ -81.24530029296875, 67.426361083984375 ], [ -81.347793579101562, 67.292762756347656 ], [ -81.432533264160156, 67.066650390625 ], [ -81.524459838867188, 66.99053955078125 ], [ -81.8336181640625, 66.997756958007812 ], [ -82.038887023925781, 66.923027038574219 ], [ -82.014183044433594, 66.899406433105469 ], [ -82.180282592773438, 66.76885986328125 ], [ -82.153961181640625, 66.711807250976562 ], [ -82.357803344726562, 66.728866577148438 ], [ -82.5855712890625, 66.564697265625 ], [ -83.017242431640625, 66.546920776367188 ], [ -83.015289306640625, 66.506088256835938 ], [ -83.357803344726562, 66.35302734375 ], [ -83.573623657226562, 66.343582153320312 ], [ -83.636962890625, 66.427467346191406 ], [ -83.618362426757812, 66.440811157226562 ], [ -83.545303344726562, 66.381362915039062 ], [ -83.529167175292969, 66.394699096679688 ], [ -83.672500610351562, 66.520538330078125 ], [ -84.0089111328125, 66.624687194824219 ], [ -84.014739990234375, 66.6927490234375 ], [ -83.93280029296875, 66.701103210449219 ], [ -83.900863647460938, 66.644699096679688 ], [ -83.856117248535156, 66.680816650390625 ], [ -83.955307006835938, 66.747756958007812 ], [ -83.886138916015625, 66.813873291015625 ], [ -83.890296936035156, 66.857757568359375 ], [ -83.916397094726562, 66.881088256835938 ], [ -83.945556640625, 66.813583374023438 ], [ -84.105300903320312, 66.70831298828125 ], [ -84.260566711425781, 66.71636962890625 ], [ -84.313346862792969, 66.74609375 ], [ -84.267242431640625, 66.780807495117188 ], [ -84.436416625976562, 66.818313598632812 ], [ -84.239753723144531, 66.8338623046875 ], [ -84.382522583007812, 66.864700317382812 ], [ -84.420303344726562, 66.90191650390625 ], [ -84.389739990234375, 66.923858642578125 ], [ -84.578079223632812, 66.971916198730469 ], [ -84.3677978515625, 66.968582153320312 ], [ -84.903900146484375, 67.024406433105469 ], [ -84.640029907226562, 66.97802734375 ], [ -85.048606872558594, 66.96331787109375 ], [ -85.228622436523438, 66.878311157226562 ], [ -85.146133422851562, 66.83941650390625 ], [ -84.948623657226562, 66.85858154296875 ], [ -84.900848388671875, 66.898033142089844 ], [ -84.88555908203125, 66.935806274414062 ], [ -84.755287170410156, 66.951637268066406 ], [ -84.562232971191406, 66.9013671875 ], [ -84.746688842773438, 66.897476196289062 ], [ -84.545852661132812, 66.845542907714844 ], [ -84.529167175292969, 66.821090698242188 ], [ -84.684463500976562, 66.844146728515625 ], [ -84.599456787109375, 66.815811157226562 ], [ -84.328056335449219, 66.778312683105469 ], [ -84.445297241210938, 66.720260620117188 ], [ -84.324462890625, 66.676933288574219 ], [ -84.254997253417969, 66.696907043457031 ], [ -84.153060913085938, 66.685806274414062 ], [ -84.14251708984375, 66.647201538085938 ], [ -84.218917846679688, 66.594146728515625 ], [ -83.916412353515625, 66.446640014648438 ], [ -83.871406555175781, 66.394973754882812 ], [ -83.864181518554688, 66.312469482421875 ], [ -83.79168701171875, 66.3035888671875 ], [ -83.681137084960938, 66.210823059082031 ], [ -83.767242431640625, 66.169418334960938 ], [ -83.847793579101562, 66.153312683105469 ], [ -83.839187622070312, 66.17608642578125 ], [ -83.786956787109375, 66.197746276855469 ], [ -83.8013916015625, 66.216636657714844 ], [ -83.9403076171875, 66.193313598632812 ], [ -84.178337097167969, 66.315536499023438 ], [ -84.305862426757812, 66.30303955078125 ], [ -84.32196044921875, 66.274139404296875 ], [ -84.392227172851562, 66.291366577148438 ], [ -84.426971435546875, 66.363037109375 ], [ -84.517242431640625, 66.404693603515625 ], [ -84.636138916015625, 66.328872680664062 ], [ -84.407806396484375, 66.215530395507812 ], [ -84.372528076171875, 66.168296813964844 ], [ -84.4605712890625, 66.159149169921875 ], [ -84.628631591796875, 66.214706420898438 ], [ -84.73529052734375, 66.206649780273438 ], [ -84.869461059570312, 66.266647338867188 ], [ -85.066131591796875, 66.275527954101562 ], [ -85.118072509765625, 66.324691772460938 ], [ -85.178337097167969, 66.262191772460938 ], [ -85.25250244140625, 66.273033142089844 ], [ -85.306686401367188, 66.31414794921875 ], [ -85.29888916015625, 66.362197875976562 ], [ -85.338058471679688, 66.394149780273438 ], [ -85.343612670898438, 66.486923217773438 ], [ -85.466667175292969, 66.57830810546875 ], [ -85.9202880859375, 66.503311157226562 ], [ -86.256973266601562, 66.513313293457031 ], [ -86.3336181640625, 66.549972534179688 ], [ -86.381973266601562, 66.513031005859375 ], [ -86.581413269042969, 66.555816650390625 ], [ -86.587799072265625, 66.5152587890625 ], [ -86.775283813476562, 66.526092529296875 ], [ -86.777236938476562, 66.511093139648438 ], [ -86.633903503417969, 66.436370849609375 ], [ -86.807510375976562, 66.446090698242188 ], [ -86.645278930664062, 66.3197021484375 ], [ -85.940567016601562, 66.189422607421875 ], [ -85.897247314453125, 66.168296813964844 ], [ -86.011123657226562, 66.105262756347656 ], [ -85.973907470703125, 66.038856506347656 ], [ -86.099472045898438, 65.989700317382812 ], [ -86.421401977539062, 65.902206420898438 ], [ -86.464736938476562, 65.771087646484375 ], [ -86.454452514648438, 65.742202758789062 ], [ -87.077789306640625, 65.484970092773438 ], [ -87.118621826171875, 65.443313598632812 ], [ -87.0594482421875, 65.414138793945312 ], [ -87.361953735351562, 65.324417114257812 ], [ -87.966667175292969, 65.333038330078125 ], [ -88.212783813476562, 65.402763366699219 ], [ -88.539459228515625, 65.578582763671875 ], [ -88.4122314453125, 65.6302490234375 ], [ -89.0997314453125, 65.725250244140625 ], [ -89.416946411132812, 65.863037109375 ], [ -89.818893432617188, 65.94219970703125 ], [ -89.991119384765625, 65.947479248046875 ], [ -89.731666564941406, 65.869140625 ], [ -89.729171752929688, 65.834701538085938 ], [ -89.793327331542969, 65.822479248046875 ], [ -90.04888916015625, 65.888313293457031 ], [ -90.315292358398438, 65.862197875976562 ], [ -90.427513122558594, 65.878036499023438 ], [ -90.39306640625, 65.896087646484375 ], [ -90.225570678710938, 65.900527954101562 ], [ -90.235000610351562, 65.922470092773438 ], [ -90.574172973632812, 65.896636962890625 ], [ -91.316390991210938, 65.969970703125 ], [ -91.4444580078125, 65.930816650390625 ], [ -91.046951293945312, 65.809417724609375 ], [ -91.023353576660156, 65.824691772460938 ], [ -91.123336791992188, 65.904693603515625 ], [ -91.0997314453125, 65.91998291015625 ], [ -90.078056335449219, 65.812469482421875 ], [ -89.745010375976562, 65.724700927734375 ], [ -89.45556640625, 65.596359252929688 ], [ -89.438056945800781, 65.538589477539062 ], [ -89.372512817382812, 65.489151000976562 ], [ -89.18890380859375, 65.436653137207031 ], [ -89.065567016601562, 65.333038330078125 ], [ -87.0513916015625, 65.236358642578125 ], [ -87.051963806152344, 65.199981689453125 ], [ -86.94500732421875, 65.15692138671875 ], [ -86.9364013671875, 65.133033752441406 ], [ -86.997222900390625, 65.096649169921875 ], [ -86.967506408691406, 65.059417724609375 ], [ -87.236679077148438, 64.884696960449219 ], [ -87.385833740234375, 64.73358154296875 ], [ -87.451400756835938, 64.707473754882812 ], [ -87.479461669921875, 64.744979858398438 ], [ -87.525299072265625, 64.714141845703125 ], [ -87.51141357421875, 64.636642456054688 ], [ -87.58612060546875, 64.562759399414062 ], [ -87.807510375976562, 64.514419555664062 ], [ -87.878890991210938, 64.349136352539062 ], [ -88.0352783203125, 64.258033752441406 ], [ -88.03472900390625, 64.221649169921875 ], [ -87.985572814941406, 64.200813293457031 ], [ -88.113616943359375, 64.136093139648438 ], [ -88.227508544921875, 64.1402587890625 ], [ -88.464736938476562, 64.043296813964844 ], [ -88.682510375976562, 64.004150390625 ], [ -88.726959228515625, 63.971370697021484 ], [ -89.065292358398438, 64.022201538085938 ], [ -89.198333740234375, 64.094703674316406 ], [ -89.251106262207031, 64.159416198730469 ], [ -89.286666870117188, 64.136642456054688 ], [ -89.02362060546875, 63.950260162353516 ], [ -89.181121826171875, 63.969150543212891 ], [ -89.2841796875, 64.014686584472656 ], [ -89.2469482421875, 63.959709167480469 ], [ -89.374732971191406, 64.041366577148438 ], [ -89.444732666015625, 64.021636962890625 ], [ -89.538070678710938, 64.073867797851562 ], [ -89.565567016601562, 64.019149780273438 ], [ -89.497222900390625, 63.943050384521484 ], [ -89.67388916015625, 64.063873291015625 ], [ -89.706390380859375, 64.05609130859375 ], [ -89.78558349609375, 64.076919555664062 ], [ -89.822509765625, 64.103317260742188 ], [ -89.73834228515625, 64.1402587890625 ], [ -89.755569458007812, 64.22747802734375 ], [ -89.784446716308594, 64.244712829589844 ], [ -89.884170532226562, 64.200531005859375 ], [ -89.816390991210938, 64.172760009765625 ], [ -89.816390991210938, 64.148033142089844 ], [ -90.124183654785156, 64.128593444824219 ], [ -89.914726257324219, 64.106918334960938 ], [ -89.9505615234375, 64.086906433105469 ], [ -89.820281982421875, 63.971099853515625 ], [ -89.815567016601562, 63.931930541992188 ], [ -89.977783203125, 63.920818328857422 ], [ -89.946670532226562, 63.965259552001953 ], [ -90.01806640625, 63.987491607666016 ], [ -90.093902587890625, 63.950550079345703 ], [ -90.182510375976562, 64.008590698242188 ], [ -90.279167175292969, 64.003593444824219 ], [ -90.090560913085938, 63.924160003662109 ], [ -90.105560302734375, 63.888320922851562 ], [ -89.975013732910156, 63.825820922851562 ], [ -89.968612670898438, 63.782211303710938 ], [ -90.115837097167969, 63.777488708496094 ], [ -90.057792663574219, 63.749149322509766 ], [ -90.148902893066406, 63.629161834716797 ], [ -90.258903503417969, 63.607208251953125 ], [ -90.262222290039062, 63.62860107421875 ], [ -90.289459228515625, 63.647769927978516 ], [ -90.429458618164062, 63.615821838378906 ], [ -90.486679077148438, 63.632209777832031 ], [ -90.48834228515625, 63.672489166259766 ], [ -90.6239013671875, 63.704151153564453 ], [ -90.701400756835938, 63.662208557128906 ], [ -90.6239013671875, 63.657768249511719 ], [ -90.602783203125, 63.679439544677734 ], [ -90.54583740234375, 63.626659393310547 ], [ -90.561111450195312, 63.597488403320312 ], [ -90.918327331542969, 63.563880920410156 ], [ -91.652236938476562, 63.746101379394531 ], [ -91.693893432617188, 63.774711608886719 ], [ -91.8094482421875, 63.741939544677734 ], [ -91.910568237304688, 63.740550994873047 ], [ -91.9747314453125, 63.762760162353516 ], [ -91.9827880859375, 63.781650543212891 ], [ -91.889183044433594, 63.796649932861328 ], [ -91.985000610351562, 63.819149017333984 ], [ -92.045562744140625, 63.745269775390625 ], [ -92.37640380859375, 63.777210235595703 ], [ -92.965286254882812, 63.936649322509766 ], [ -93.413070678710938, 64.009979248046875 ], [ -93.612228393554688, 64.093032836914062 ], [ -93.636123657226562, 64.120246887207031 ], [ -93.612228393554688, 64.153030395507812 ], [ -93.773063659667969, 64.193588256835938 ], [ -93.547500610351562, 64.003860473632812 ], [ -93.581680297851562, 63.984989166259766 ], [ -93.764717102050781, 63.988319396972656 ], [ -93.650009155273438, 63.877208709716797 ], [ -93.301963806152344, 63.827770233154297 ], [ -93.216400146484375, 63.843601226806641 ], [ -93.333892822265625, 63.859149932861328 ], [ -93.452507019042969, 63.954429626464844 ], [ -93.402236938476562, 63.972209930419922 ], [ -92.622512817382812, 63.771648406982422 ], [ -92.161666870117188, 63.720268249511719 ], [ -92.126106262207031, 63.688320159912109 ], [ -92.190567016601562, 63.682491302490234 ], [ -92.206947326660156, 63.651660919189453 ], [ -92.252792358398438, 63.623878479003906 ], [ -92.337783813476562, 63.644710540771484 ], [ -92.4586181640625, 63.571659088134766 ], [ -92.539459228515625, 63.555820465087891 ], [ -92.47222900390625, 63.523319244384766 ], [ -92.320556640625, 63.572769165039062 ], [ -92.230560302734375, 63.534709930419922 ], [ -92.202789306640625, 63.611370086669922 ], [ -91.82000732421875, 63.714160919189453 ], [ -91.706680297851562, 63.694438934326172 ], [ -91.617782592773438, 63.648880004882812 ], [ -91.6077880859375, 63.584991455078125 ], [ -91.387222290039062, 63.521099090576172 ], [ -91.406402587890625, 63.493320465087891 ], [ -90.906402587890625, 63.428321838378906 ], [ -90.786392211914062, 63.395549774169922 ], [ -90.87750244140625, 63.395549774169922 ], [ -90.968612670898438, 63.423038482666016 ], [ -90.950843811035156, 63.397209167480469 ], [ -90.696952819824219, 63.359149932861328 ], [ -90.696952819824219, 63.322769165039062 ], [ -90.741668701171875, 63.324161529541016 ], [ -90.6844482421875, 63.218879699707031 ], [ -90.730560302734375, 63.178050994873047 ], [ -90.672500610351562, 63.157768249511719 ], [ -90.690567016601562, 63.118320465087891 ], [ -90.647781372070312, 63.041660308837891 ], [ -90.7569580078125, 62.993320465087891 ], [ -90.770278930664062, 62.947490692138672 ], [ -90.982513427734375, 62.94110107421875 ], [ -91.173072814941406, 62.908599853515625 ], [ -91.249183654785156, 62.843318939208984 ], [ -91.410842895507812, 62.819709777832031 ], [ -91.350570678710938, 62.794158935546875 ], [ -91.600570678710938, 62.799709320068359 ], [ -92.1319580078125, 62.852771759033203 ], [ -92.084457397460938, 62.809158325195312 ], [ -92.1763916015625, 62.805271148681641 ], [ -92.340011596679688, 62.843601226806641 ], [ -92.42083740234375, 62.831378936767578 ], [ -92.459457397460938, 62.810260772705078 ], [ -92.3336181640625, 62.709991455078125 ], [ -92.090286254882812, 62.653049468994141 ], [ -91.948898315429688, 62.651931762695312 ], [ -91.882781982421875, 62.624149322509766 ], [ -91.890289306640625, 62.588600158691406 ], [ -91.948333740234375, 62.531379699707031 ], [ -92.162513732910156, 62.542209625244141 ], [ -92.170013427734375, 62.572208404541016 ], [ -92.153060913085938, 62.598049163818359 ], [ -92.26611328125, 62.595268249511719 ], [ -92.245559692382812, 62.564708709716797 ], [ -92.384742736816406, 62.529991149902344 ], [ -92.476959228515625, 62.548599243164062 ], [ -92.467216491699219, 62.591381072998047 ], [ -92.601959228515625, 62.624710083007812 ], [ -92.59722900390625, 62.591381072998047 ], [ -92.546951293945312, 62.546379089355469 ], [ -92.56390380859375, 62.498600006103516 ], [ -92.5322265625, 62.467491149902344 ], [ -92.5372314453125, 62.440269470214844 ], [ -92.710281372070312, 62.4658203125 ], [ -92.7247314453125, 62.358600616455078 ], [ -92.585281372070312, 62.302211761474609 ], [ -92.634170532226562, 62.253879547119141 ], [ -92.47222900390625, 62.147029876708984 ], [ -92.603897094726562, 62.156379699707031 ], [ -92.741119384765625, 62.286930084228516 ], [ -92.790283203125, 62.240821838378906 ], [ -92.782501220703125, 62.210269927978516 ], [ -92.8013916015625, 62.172771453857422 ], [ -93.057510375976562, 62.175540924072266 ], [ -93.114463806152344, 62.154148101806641 ], [ -93.126953125, 62.132488250732422 ], [ -93.081680297851562, 62.10443115234375 ], [ -92.952507019042969, 62.117210388183594 ], [ -92.931396484375, 62.104160308837891 ], [ -93.008621215820312, 62.064708709716797 ], [ -93.067497253417969, 62.076930999755859 ], [ -93.109176635742188, 62.036651611328125 ], [ -93.152511596679688, 62.051380157470703 ], [ -93.1622314453125, 61.978870391845703 ], [ -93.390556335449219, 62.031940460205078 ], [ -93.222503662109375, 61.957489013671875 ], [ -93.383056640625, 61.949161529541016 ], [ -93.2822265625, 61.898319244384766 ], [ -93.3094482421875, 61.883598327636719 ], [ -93.590560913085938, 61.953601837158203 ], [ -93.59722900390625, 61.932769775390625 ], [ -93.499183654785156, 61.893039703369141 ], [ -93.612503051757812, 61.871379852294922 ], [ -93.578056335449219, 61.851940155029297 ], [ -93.356399536132812, 61.818050384521484 ], [ -93.436111450195312, 61.808879852294922 ], [ -93.368057250976562, 61.784160614013672 ], [ -93.2489013671875, 61.784709930419922 ], [ -93.255569458007812, 61.742488861083984 ], [ -93.452507019042969, 61.769161224365234 ], [ -93.433616638183594, 61.729709625244141 ], [ -93.3114013671875, 61.72943115234375 ], [ -93.869171142578125, 61.532489776611328 ], [ -93.968902587890625, 61.430538177490234 ], [ -93.968902587890625, 61.396648406982422 ], [ -93.8577880859375, 61.385540008544922 ], [ -93.835563659667969, 61.326930999755859 ], [ -93.940567016601562, 61.294990539550781 ], [ -94.105827331542969, 61.324710845947266 ], [ -94.010833740234375, 61.199989318847656 ], [ -94.098617553710938, 61.165271759033203 ], [ -94.039459228515625, 61.156940460205078 ], [ -94.064453125, 61.110271453857422 ], [ -93.981117248535156, 61.100818634033203 ], [ -94.201133728027344, 60.964431762695312 ], [ -94.410568237304688, 60.768039703369141 ], [ -94.395843505859375, 60.725551605224609 ], [ -94.511947631835938, 60.593879699707031 ], [ -94.504997253417969, 60.549991607666016 ], [ -94.575843811035156, 60.520259857177734 ], [ -94.706680297851562, 60.542488098144531 ], [ -94.706947326660156, 60.527488708496094 ], [ -94.652511596679688, 60.515541076660156 ], [ -94.652511596679688, 60.492488861083984 ], [ -94.682792663574219, 60.474430084228516 ], [ -94.614730834960938, 60.389991760253906 ], [ -94.6844482421875, 60.208599090576172 ], [ -94.707496643066406, 60.083599090576172 ], [ -94.80084228515625, 60.014430999755859 ], [ -94.789169311523438, 59.813880920410156 ], [ -94.768623352050781, 59.782489776611328 ], [ -94.811111450195312, 59.603321075439453 ], [ -94.710853576660156, 59.371379852294922 ], [ -94.658622741699219, 59.350551605224609 ], [ -94.781402587890625, 59.263599395751953 ], [ -94.805007934570312, 59.01470947265625 ], [ -94.687232971191406, 58.980258941650391 ], [ -94.6763916015625, 58.934429168701172 ], [ -94.745292663574219, 58.833049774169922 ], [ -94.676116943359375, 58.878040313720703 ], [ -94.586402893066406, 58.874980926513672 ], [ -94.477783203125, 58.806659698486328 ], [ -94.437232971191406, 58.723049163818359 ], [ -94.351669311523438, 58.713871002197266 ], [ -94.213058471679688, 58.791370391845703 ], [ -94.239181518554688, 58.724430084228516 ], [ -94.200843811035156, 58.685260772705078 ], [ -94.291122436523438, 58.606658935546875 ], [ -94.3638916015625, 58.223880767822266 ], [ -94.231117248535156, 58.390541076660156 ], [ -94.24639892578125, 58.586650848388672 ], [ -94.140556335449219, 58.733318328857422 ], [ -94.177230834960938, 58.771381378173828 ], [ -93.501953125, 58.771099090576172 ], [ -93.452507019042969, 58.711929321289062 ], [ -93.400283813476562, 58.700260162353516 ], [ -93.327789306640625, 58.757209777832031 ], [ -93.157417297363281, 58.741218566894531 ], [ -93.095573425292969, 58.467208862304688 ], [ -92.8013916015625, 58.032489776611328 ], [ -92.781402587890625, 57.834709167480469 ], [ -92.710281372070312, 57.783599853515625 ], [ -92.4263916015625, 57.35137939453125 ], [ -92.428337097167969, 57.258041381835938 ], [ -92.56390380859375, 57.068878173828125 ], [ -92.731399536132812, 56.922489166259766 ], [ -92.47528076171875, 57.037490844726562 ], [ -92.235572814941406, 57.06610107421875 ], [ -92.23779296875, 57.044990539550781 ], [ -92.469451904296875, 56.934989929199219 ], [ -92.303337097167969, 56.967491149902344 ], [ -92.204727172851562, 57.024150848388672 ], [ -91.389450073242188, 57.188320159912109 ], [ -90.9444580078125, 57.257209777832031 ], [ -90.451133728027344, 57.193878173828125 ], [ -89.843612670898438, 56.981109619140625 ], [ -88.9444580078125, 56.844150543212891 ], [ -88.839736938476562, 56.841098785400391 ], [ -88.831123352050781, 56.801658630371094 ], [ -88.239463806152344, 56.511928558349609 ], [ -87.9827880859375, 56.441661834716797 ], [ -87.5836181640625, 56.076099395751953 ], [ -87.572242736816406, 56.047210693359375 ], [ -87.368896484375, 56.000820159912109 ], [ -87.280838012695312, 55.956378936767578 ], [ -86.468612670898438, 55.805820465087891 ], [ -86.277236938476562, 55.728870391845703 ], [ -85.731948852539062, 55.636928558349609 ], [ -85.5322265625, 55.528049468994141 ], [ -85.49945068359375, 55.472209930419922 ], [ -85.272232055664062, 55.374710083007812 ], [ -85.1461181640625, 55.354988098144531 ], [ -85.116668701171875, 55.323040008544922 ], [ -85.129463195800781, 55.297771453857422 ], [ -85.2711181640625, 55.219989776611328 ], [ -85.425003051757812, 55.000270843505859 ], [ -85.393341064453125, 55.002490997314453 ], [ -85.241119384765625, 55.202770233154297 ], [ -85.180007934570312, 55.25360107421875 ], [ -85.043899536132812, 55.292758941650391 ], [ -84.599456787109375, 55.241649627685547 ], [ -84.206947326660156, 55.295551300048828 ], [ -84.098342895507812, 55.272209167480469 ], [ -83.951950073242188, 55.317489624023438 ], [ -83.601669311523438, 55.224151611328125 ], [ -83.593902587890625, 55.236930847167969 ], [ -83.696403503417969, 55.261661529541016 ], [ -83.68084716796875, 55.279708862304688 ], [ -83.180007934570312, 55.197208404541016 ], [ -83.037513732910156, 55.238319396972656 ], [ -82.948623657226562, 55.228870391845703 ], [ -82.884170532226562, 55.1533203125 ], [ -82.456680297851562, 55.142208099365234 ], [ -82.341667175292969, 55.072769165039062 ], [ -82.307510375976562, 55.115821838378906 ], [ -82.350013732910156, 55.166370391845703 ], [ -82.254463195800781, 55.111370086669922 ], [ -82.2469482421875, 55.084148406982422 ], [ -82.2872314453125, 55.036651611328125 ], [ -82.196121215820312, 54.850818634033203 ], [ -82.424728393554688, 54.307209014892578 ], [ -82.4344482421875, 54.209430694580078 ], [ -82.217506408691406, 54.004161834716797 ], [ -82.1319580078125, 53.817760467529297 ], [ -82.136672973632812, 53.749149322509766 ], [ -82.216667175292969, 53.603870391845703 ], [ -82.1138916015625, 53.286651611328125 ], [ -82.1602783203125, 53.245269775390625 ], [ -82.2469482421875, 53.216648101806641 ], [ -82.301681518554688, 53.041660308837891 ], [ -82.261398315429688, 52.937210083007812 ], [ -82.004997253417969, 52.809169769287109 ], [ -81.9888916015625, 52.762210845947266 ], [ -81.478347778320312, 52.302211761474609 ], [ -81.633903503417969, 52.301101684570312 ], [ -81.851119995117188, 52.244991302490234 ], [ -81.883903503417969, 52.187480926513672 ], [ -81.758621215820312, 52.239429473876953 ], [ -81.501678466796875, 52.233318328857422 ], [ -81.365570068359375, 52.107208251953125 ], [ -80.994743347167969, 52.011379241943359 ], [ -80.914726257324219, 51.906650543212891 ], [ -80.620292663574219, 51.733879089355469 ], [ -80.4263916015625, 51.358879089355469 ], [ -80.652511596679688, 51.2783203125 ], [ -80.904716491699219, 51.089160919189453 ], [ -80.981117248535156, 51.0635986328125 ], [ -80.98529052734375, 51.036380767822266 ], [ -80.932792663574219, 51.049709320068359 ], [ -80.932243347167969, 51.013599395751953 ], [ -80.855087280273438, 51.108879089355469 ], [ -80.610000610351562, 51.214160919189453 ], [ -80.530838012695312, 51.283599853515625 ], [ -80.400283813476562, 51.337211608886719 ], [ -80.017227172851562, 51.263050079345703 ], [ -79.331756591796875, 50.722270965576172 ], [ -79.384170532226562, 50.836380004882812 ], [ -79.621673583984375, 51.033329010009766 ], [ -79.698623657226562, 51.075550079345703 ], [ -79.751953125, 51.178878784179688 ], [ -79.698333740234375, 51.401371002197266 ], [ -79.519729614257812, 51.461101531982422 ], [ -79.556396484375, 51.549430847167969 ], [ -79.331680297851562, 51.661930084228516 ], [ -79.239730834960938, 51.634990692138672 ], [ -79.275009155273438, 51.530540466308594 ], [ -79.127792358398438, 51.538051605224609 ], [ -79.01251220703125, 51.464988708496094 ], [ -78.951400756835938, 51.215549468994141 ], [ -78.853622436523438, 51.165538787841797 ], [ -78.918327331542969, 51.226100921630859 ], [ -78.908340454101562, 51.299991607666016 ], [ -78.823623657226562, 51.349430084228516 ], [ -78.885009765625, 51.374980926513672 ], [ -78.827789306640625, 51.443050384521484 ], [ -78.688606262207031, 51.484439849853516 ], [ -78.820281982421875, 51.513050079345703 ], [ -78.791671752929688, 51.603870391845703 ], [ -79.035003662109375, 51.76470947265625 ], [ -79.008621215820312, 51.795818328857422 ], [ -78.910842895507812, 51.796649932861328 ], [ -78.837226867675781, 51.841381072998047 ], [ -78.896392822265625, 51.932491302490234 ], [ -78.696121215820312, 52.008041381835938 ], [ -78.704452514648438, 52.053600311279297 ], [ -78.6380615234375, 52.057209014892578 ], [ -78.537513732910156, 52.180820465087891 ], [ -78.559722900390625, 52.230258941650391 ], [ -78.501106262207031, 52.255821228027344 ], [ -78.406112670898438, 52.237770080566406 ], [ -78.451950073242188, 52.271381378173828 ], [ -78.553337097167969, 52.267768859863281 ], [ -78.51055908203125, 52.408870697021484 ], [ -78.5452880859375, 52.51470947265625 ], [ -78.585563659667969, 52.538600921630859 ], [ -78.763343811035156, 52.564430236816406 ], [ -78.692230224609375, 52.596099853515625 ], [ -78.779167175292969, 52.653598785400391 ], [ -78.753067016601562, 52.690269470214844 ], [ -78.85028076171875, 52.758598327636719 ], [ -78.7247314453125, 52.785549163818359 ], [ -78.75750732421875, 52.814430236816406 ], [ -78.725570678710938, 52.862209320068359 ], [ -78.900009155273438, 52.922771453857422 ], [ -78.786956787109375, 52.969440460205078 ], [ -78.979446411132812, 53.019161224365234 ], [ -78.918350219726562, 53.052761077880859 ], [ -78.9747314453125, 53.069438934326172 ], [ -78.915847778320312, 53.165271759033203 ], [ -78.9188232421875, 53.249080657958984 ], [ -78.980827331542969, 53.434711456298828 ], [ -79.1077880859375, 53.497211456298828 ], [ -79.061683654785156, 53.529148101806641 ], [ -79.018890380859375, 53.491378784179688 ], [ -78.962783813476562, 53.508880615234375 ], [ -79.031402587890625, 53.554710388183594 ], [ -79.004997253417969, 53.564430236816406 ], [ -78.946952819824219, 53.544158935546875 ], [ -78.916122436523438, 53.560550689697266 ], [ -78.985000610351562, 53.614711761474609 ], [ -79.063339233398438, 53.596931457519531 ], [ -79.007232666015625, 53.679149627685547 ], [ -79.15167236328125, 53.704990386962891 ], [ -79.051681518554688, 53.768318176269531 ], [ -79.067779541015625, 53.802490234375 ], [ -79.039459228515625, 53.8377685546875 ], [ -78.90167236328125, 53.815269470214844 ], [ -79.101387023925781, 53.901660919189453 ], [ -78.99334716796875, 53.911930084228516 ], [ -79.072509765625, 53.999149322509766 ], [ -78.964736938476562, 53.996658325195312 ], [ -79.033340454101562, 54.046649932861328 ], [ -79.227783203125, 54.088871002197266 ], [ -79.103897094726562, 54.124980926513672 ], [ -79.046401977539062, 54.178321838378906 ], [ -79.27667236328125, 54.16693115234375 ], [ -79.338623046875, 54.238319396972656 ], [ -79.4202880859375, 54.274429321289062 ], [ -79.498611450195312, 54.401931762695312 ], [ -79.488067626953125, 54.458599090576172 ], [ -79.602783203125, 54.555271148681641 ], [ -79.528633117675781, 54.571098327636719 ], [ -79.525283813476562, 54.591381072998047 ], [ -79.6864013671875, 54.627208709716797 ], [ -79.662521362304688, 54.667758941650391 ], [ -79.240837097167969, 54.812210083007812 ], [ -78.976959228515625, 54.843040466308594 ], [ -78.7227783203125, 54.939159393310547 ], [ -78.50140380859375, 55.001659393310547 ], [ -77.783073425292969, 55.269161224365234 ], [ -77.665008544921875, 55.366378784179688 ], [ -77.225852966308594, 55.588329315185547 ], [ -77.1844482421875, 55.674160003662109 ], [ -77.131393432617188, 55.719150543212891 ], [ -76.682243347167969, 56.033870697021484 ], [ -76.538352966308594, 56.297771453857422 ], [ -76.5069580078125, 56.808601379394531 ], [ -76.555557250976562, 57.026100158691406 ], [ -76.529739379882812, 57.105819702148438 ], [ -76.8961181640625, 57.761100769042969 ], [ -77.182243347167969, 58.039150238037109 ], [ -77.71917724609375, 58.292758941650391 ], [ -78.0594482421875, 58.433040618896484 ], [ -78.073272705078125, 58.455070495605469 ], [ -78.186683654785156, 58.488601684570312 ], [ -78.397506713867188, 58.620819091796875 ], [ -78.4202880859375, 58.601650238037109 ], [ -78.321670532226562, 58.540271759033203 ], [ -78.438339233398438, 58.572208404541016 ], [ -78.471389770507812, 58.611660003662109 ], [ -78.549453735351562, 58.603870391845703 ], [ -78.573898315429688, 58.630550384521484 ], [ -78.513900756835938, 58.692489624023438 ], [ -78.4697265625, 58.695541381835938 ], [ -78.48529052734375, 58.730548858642578 ], [ -78.547500610351562, 58.764148712158203 ], [ -78.5452880859375, 58.785549163818359 ], [ -78.495010375976562, 58.777210235595703 ], [ -78.4888916015625, 58.825550079345703 ], [ -78.570556640625, 58.961380004882812 ], [ -78.481407165527344, 58.936100006103516 ], [ -78.450843811035156, 58.909988403320312 ], [ -78.437232971191406, 58.95220947265625 ], [ -78.3447265625, 58.946659088134766 ], [ -78.3638916015625, 58.912490844726562 ], [ -78.305007934570312, 58.931098937988281 ], [ -78.245010375976562, 58.992488861083984 ], [ -78.317230224609375, 58.985538482666016 ], [ -78.218902587890625, 59.051929473876953 ], [ -78.220840454101562, 59.102210998535156 ], [ -78.127792358398438, 59.108318328857422 ], [ -78.153633117675781, 59.152210235595703 ], [ -78.086936950683594, 59.156650543212891 ], [ -78.103897094726562, 59.205818176269531 ], [ -77.774436950683594, 59.328041076660156 ], [ -77.801116943359375, 59.368598937988281 ], [ -77.723892211914062, 59.403598785400391 ], [ -77.897232055664062, 59.397209167480469 ], [ -77.89501953125, 59.437770843505859 ], [ -77.848617553710938, 59.446098327636719 ], [ -77.87445068359375, 59.490550994873047 ], [ -77.721389770507812, 59.539710998535156 ], [ -77.769729614257812, 59.644161224365234 ], [ -77.8013916015625, 59.675270080566406 ], [ -77.732223510742188, 59.707759857177734 ], [ -77.6702880859375, 59.674430847167969 ], [ -77.517227172851562, 59.660820007324219 ], [ -77.473068237304688, 59.634990692138672 ], [ -77.464736938476562, 59.587211608886719 ], [ -77.353897094726562, 59.5635986328125 ], [ -77.34417724609375, 59.576930999755859 ], [ -77.440567016601562, 59.599708557128906 ], [ -77.452507019042969, 59.663051605224609 ], [ -77.541671752929688, 59.694988250732422 ], [ -77.493057250976562, 59.709148406982422 ], [ -77.541946411132812, 59.743881225585938 ], [ -77.2952880859375, 59.794429779052734 ], [ -77.386138916015625, 59.943050384521484 ], [ -77.236686706542969, 59.994709014892578 ], [ -77.31390380859375, 60.012489318847656 ], [ -77.3477783203125, 60.058879852294922 ], [ -77.626106262207031, 60.063041687011719 ], [ -77.581680297851562, 60.118881225585938 ], [ -77.406112670898438, 60.126659393310547 ], [ -77.5513916015625, 60.194709777832031 ], [ -77.470573425292969, 60.213329315185547 ], [ -77.623611450195312, 60.268318176269531 ], [ -77.594451904296875, 60.315269470214844 ], [ -77.748062133789062, 60.408039093017578 ], [ -77.692230224609375, 60.466648101806641 ], [ -77.413619995117188, 60.544158935546875 ], [ -77.52166748046875, 60.570270538330078 ], [ -77.6702880859375, 60.549709320068359 ], [ -77.829727172851562, 60.633598327636719 ], [ -77.610000610351562, 60.755550384521484 ], [ -77.7388916015625, 60.767768859863281 ], [ -77.515838623046875, 60.830539703369141 ], [ -77.781402587890625, 60.787769317626953 ], [ -77.890289306640625, 60.749988555908203 ], [ -77.85833740234375, 60.79193115234375 ], [ -77.966140747070312, 60.791370391845703 ], [ -77.886466979980469, 60.824550628662109 ], [ -78.180007934570312, 60.786930084228516 ], [ -78.171951293945312, 60.854709625244141 ], [ -77.793617248535156, 61.112770080566406 ], [ -77.776123046875, 61.165821075439453 ], [ -77.699172973632812, 61.193321228027344 ], [ -77.696670532226562, 61.213871002197266 ], [ -77.75250244140625, 61.22943115234375 ], [ -77.740013122558594, 61.298599243164062 ], [ -77.793060302734375, 61.453880310058594 ], [ -77.563606262207031, 61.466648101806641 ], [ -77.567497253417969, 61.490261077880859 ], [ -77.6702880859375, 61.519161224365234 ], [ -77.621116638183594, 61.561100006103516 ], [ -77.478897094726562, 61.536380767822266 ], [ -77.495010375976562, 61.555820465087891 ], [ -77.710563659667969, 61.605819702148438 ], [ -77.783340454101562, 61.698600769042969 ], [ -77.898902893066406, 61.686378479003906 ], [ -77.982513427734375, 61.706661224365234 ], [ -78.143890380859375, 62.031379699707031 ], [ -78.160003662109375, 62.273040771484375 ], [ -78.023902893066406, 62.393318176269531 ], [ -77.861953735351562, 62.429149627685547 ], [ -77.482513427734375, 62.591930389404297 ], [ -76.650558471679688, 62.471660614013672 ], [ -75.595840454101562, 62.273040771484375 ], [ -75.43084716796875, 62.299709320068359 ], [ -75.1844482421875, 62.292209625244141 ], [ -75.136947631835938, 62.271930694580078 ], [ -75.132781982421875, 62.230258941650391 ], [ -75.088348388671875, 62.265541076660156 ], [ -74.928337097167969, 62.249149322509766 ], [ -74.676963806152344, 62.121929168701172 ], [ -74.556411743164062, 62.104709625244141 ], [ -74.751129150390625, 62.19110107421875 ], [ -74.725852966308594, 62.244991302490234 ], [ -74.345573425292969, 62.277488708496094 ], [ -73.696403503417969, 62.478599548339844 ], [ -73.6138916015625, 62.433601379394531 ], [ -73.5625, 62.377769470214844 ], [ -73.387786865234375, 62.369159698486328 ], [ -72.800003051757812, 62.108879089355469 ], [ -72.815292358398438, 62.137760162353516 ], [ -72.626678466796875, 62.115550994873047 ], [ -72.617782592773438, 62.091930389404297 ], [ -72.6622314453125, 62.056659698486328 ], [ -72.601669311523438, 62.023880004882812 ], [ -72.604446411132812, 61.971099853515625 ], [ -72.79779052734375, 61.834430694580078 ], [ -72.668327331542969, 61.879161834716797 ], [ -72.628341674804688, 61.818050384521484 ], [ -72.596122741699219, 61.805538177490234 ], [ -72.607223510742188, 61.940818786621094 ], [ -72.144447326660156, 61.807491302490234 ], [ -72.22528076171875, 61.765541076660156 ], [ -72.216133117675781, 61.740261077880859 ], [ -72.0755615234375, 61.741649627685547 ], [ -71.990570068359375, 61.676380157470703 ], [ -72.08056640625, 61.601940155029297 ], [ -71.980560302734375, 61.599990844726562 ], [ -71.93389892578125, 61.663600921630859 ], [ -71.958343505859375, 61.706928253173828 ], [ -71.675308227539062, 61.658870697021484 ], [ -71.548629760742188, 61.576381683349609 ], [ -71.549453735351562, 61.558879852294922 ], [ -71.831680297851562, 61.519989013671875 ], [ -71.78167724609375, 61.508041381835938 ], [ -71.746688842773438, 61.471370697021484 ], [ -71.873062133789062, 61.419708251953125 ], [ -71.587799072265625, 61.408039093017578 ], [ -71.689193725585938, 61.368320465087891 ], [ -71.809738159179688, 61.354160308837891 ], [ -71.664459228515625, 61.327770233154297 ], [ -71.725852966308594, 61.285820007324219 ], [ -71.61029052734375, 61.236370086669922 ], [ -71.578338623046875, 61.155269622802734 ], [ -71.51251220703125, 61.161651611328125 ], [ -71.5330810546875, 61.208881378173828 ], [ -71.490837097167969, 61.223880767822266 ], [ -71.374191284179688, 61.119709014892578 ], [ -71.2205810546875, 61.167488098144531 ], [ -71.196670532226562, 61.118320465087891 ], [ -71.053337097167969, 61.125541687011719 ], [ -70.928337097167969, 61.102489471435547 ], [ -70.798896789550781, 61.052761077880859 ], [ -70.773353576660156, 61.081661224365234 ], [ -70.547523498535156, 61.007488250732422 ], [ -70.539726257324219, 61.055820465087891 ], [ -70.116119384765625, 61.067489624023438 ], [ -70.160018920898438, 61.014430999755859 ], [ -70.092796325683594, 60.968879699707031 ], [ -70.088058471679688, 60.897769927978516 ], [ -70.061416625976562, 60.844440460205078 ], [ -69.90252685546875, 60.85443115234375 ], [ -69.7569580078125, 60.918880462646484 ], [ -69.720291137695312, 60.875820159912109 ], [ -69.65863037109375, 60.876930236816406 ], [ -69.644203186035156, 60.9033203125 ], [ -69.689468383789062, 60.956100463867188 ], [ -69.65667724609375, 61.053600311279297 ], [ -69.600021362304688, 61.081928253173828 ], [ -69.519729614257812, 61.073318481445312 ], [ -69.374473571777344, 60.826381683349609 ], [ -69.380577087402344, 60.794708251953125 ], [ -69.7086181640625, 60.686939239501953 ], [ -69.654167175292969, 60.584991455078125 ], [ -69.704742431640625, 60.544708251953125 ], [ -69.822250366210938, 60.527759552001953 ], [ -69.721687316894531, 60.368881225585938 ], [ -69.7489013671875, 60.300819396972656 ], [ -69.606399536132812, 60.232769012451172 ], [ -69.624732971191406, 60.067489624023438 ], [ -69.832778930664062, 60.068321228027344 ], [ -69.843917846679688, 60.026931762695312 ], [ -69.793327331542969, 59.988880157470703 ], [ -70.4122314453125, 60.003040313720703 ], [ -70.325302124023438, 59.974430084228516 ], [ -69.759193420410156, 59.967769622802734 ], [ -69.718902587890625, 59.959709167480469 ], [ -69.721389770507812, 59.918048858642578 ], [ -69.759170532226562, 59.902488708496094 ], [ -69.563056945800781, 59.868038177490234 ], [ -69.61224365234375, 59.784431457519531 ], [ -69.545852661132812, 59.763599395751953 ], [ -69.654167175292969, 59.697769165039062 ], [ -69.521957397460938, 59.669708251953125 ], [ -69.5452880859375, 59.609710693359375 ], [ -69.718902587890625, 59.537769317626953 ], [ -69.75946044921875, 59.493881225585938 ], [ -69.649726867675781, 59.428878784179688 ], [ -69.63641357421875, 59.366378784179688 ], [ -69.744171142578125, 59.343318939208984 ], [ -69.738906860351562, 59.305271148681641 ], [ -69.424468994140625, 59.355548858642578 ], [ -69.36834716796875, 59.314159393310547 ], [ -69.25946044921875, 59.326648712158203 ], [ -69.235000610351562, 59.233879089355469 ], [ -69.285842895507812, 59.208320617675781 ], [ -69.365859985351562, 59.242771148681641 ], [ -69.35919189453125, 59.194709777832031 ], [ -69.419166564941406, 59.192489624023438 ], [ -69.42083740234375, 59.223049163818359 ], [ -69.519203186035156, 59.189159393310547 ], [ -69.537246704101562, 59.123050689697266 ], [ -69.501129150390625, 59.105819702148438 ], [ -69.463058471679688, 59.129428863525391 ], [ -69.360023498535156, 59.112770080566406 ], [ -69.365837097167969, 59.073879241943359 ], [ -69.44000244140625, 59.022769927978516 ], [ -69.495010375976562, 59.071929931640625 ], [ -69.454193115234375, 58.895820617675781 ], [ -69.474746704101562, 58.873600006103516 ], [ -69.528350830078125, 58.865550994873047 ], [ -69.543327331542969, 58.811939239501953 ], [ -69.656402587890625, 58.787769317626953 ], [ -69.716400146484375, 58.864711761474609 ], [ -69.672500610351562, 58.891380310058594 ], [ -69.671951293945312, 58.930538177490234 ], [ -69.712226867675781, 58.918880462646484 ], [ -69.70947265625, 58.972759246826172 ], [ -69.827507019042969, 59.011928558349609 ], [ -69.848342895507812, 59.047210693359375 ], [ -69.872802734375, 59.050819396972656 ], [ -69.895858764648438, 58.957759857177734 ], [ -69.825851440429688, 58.948600769042969 ], [ -69.796951293945312, 58.838039398193359 ], [ -69.898353576660156, 58.873321533203125 ], [ -69.892791748046875, 58.831378936767578 ], [ -70.252243041992188, 58.771381378173828 ], [ -69.920013427734375, 58.773880004882812 ], [ -69.933326721191406, 58.705268859863281 ], [ -69.910568237304688, 58.688041687011719 ], [ -69.809722900390625, 58.709709167480469 ], [ -69.798080444335938, 58.689430236816406 ], [ -69.876678466796875, 58.643600463867188 ], [ -69.819183349609375, 58.588600158691406 ], [ -69.608078002929688, 58.754711151123047 ], [ -69.134193420410156, 58.901371002197266 ], [ -68.889190673828125, 58.876930236816406 ], [ -68.668327331542969, 58.901100158691406 ], [ -68.368362426757812, 58.785820007324219 ], [ -68.350593566894531, 58.60443115234375 ], [ -68.274726867675781, 58.590549468994141 ], [ -68.295013427734375, 58.529708862304688 ], [ -68.196136474609375, 58.544708251953125 ], [ -68.238906860351562, 58.351100921630859 ], [ -68.34417724609375, 58.127490997314453 ], [ -68.477226257324219, 58.039989471435547 ], [ -69.127517700195312, 57.899429321289062 ], [ -69.3697509765625, 57.764991760253906 ], [ -68.786911010742188, 57.971298217773438 ], [ -68.416946411132812, 58.034431457519531 ], [ -68.309188842773438, 58.108051300048828 ], [ -68.295303344726562, 58.209991455078125 ], [ -68.188606262207031, 58.353870391845703 ], [ -68.126129150390625, 58.526371002197266 ], [ -68.029739379882812, 58.511928558349609 ], [ -68.0130615234375, 58.573600769042969 ], [ -67.894203186035156, 58.496658325195312 ], [ -67.908363342285156, 58.360820770263672 ], [ -67.857803344726562, 58.320270538330078 ], [ -67.887237548828125, 58.263320922851562 ], [ -68.095840454101562, 58.138599395751953 ], [ -68.129997253417969, 58.078880310058594 ], [ -68.057510375976562, 58.109439849853516 ], [ -67.8013916015625, 58.296649932861328 ], [ -67.830841064453125, 58.331378936767578 ], [ -67.787521362304688, 58.464431762695312 ], [ -67.677253723144531, 58.434989929199219 ], [ -67.730827331542969, 58.283599853515625 ], [ -67.646133422851562, 58.253318786621094 ], [ -67.703056335449219, 58.161930084228516 ], [ -67.690292358398438, 58.023880004882812 ], [ -67.735862731933594, 57.966381072998047 ], [ -67.735000610351562, 57.939990997314453 ], [ -67.635848999023438, 58.042758941650391 ], [ -67.65972900390625, 58.110271453857422 ], [ -67.499191284179688, 58.262210845947266 ], [ -67.16864013671875, 58.378040313720703 ], [ -67.095840454101562, 58.348880767822266 ], [ -66.951423645019531, 58.498600006103516 ], [ -66.887237548828125, 58.485538482666016 ], [ -66.898063659667969, 58.445270538330078 ], [ -66.824722290039062, 58.451381683349609 ], [ -66.754203796386719, 58.501659393310547 ], [ -66.6239013671875, 58.486370086669922 ], [ -66.626129150390625, 58.592491149902344 ], [ -66.551971435546875, 58.711380004882812 ], [ -66.468902587890625, 58.711650848388672 ], [ -66.452529907226562, 58.739429473876953 ], [ -66.489753723144531, 58.754428863525391 ], [ -66.388633728027344, 58.850551605224609 ], [ -66.1138916015625, 58.699428558349609 ], [ -66.067779541015625, 58.648880004882812 ], [ -65.945571899414062, 58.616939544677734 ], [ -65.942230224609375, 58.582759857177734 ], [ -66.02197265625, 58.486930847167969 ], [ -65.986679077148438, 58.423320770263672 ], [ -66.051406860351562, 58.352489471435547 ], [ -65.9202880859375, 58.445819854736328 ], [ -65.9827880859375, 58.474151611328125 ], [ -65.884193420410156, 58.580818176269531 ], [ -65.873611450195312, 58.619159698486328 ], [ -66.103897094726562, 58.773601531982422 ], [ -66.022781372070312, 58.861660003662109 ], [ -65.833358764648438, 58.829708099365234 ], [ -65.790298461914062, 58.857769012451172 ], [ -65.973892211914062, 58.882209777832031 ], [ -65.964752197265625, 58.915271759033203 ], [ -65.853897094726562, 58.943878173828125 ], [ -65.885833740234375, 59.001930236816406 ], [ -65.763076782226562, 58.971370697021484 ], [ -65.678359985351562, 58.926929473876953 ], [ -65.670303344726562, 58.956378936767578 ], [ -65.777511596679688, 59.029991149902344 ], [ -65.673080444335938, 59.046100616455078 ], [ -65.543327331542969, 59.015541076660156 ], [ -65.570297241210938, 59.048599243164062 ], [ -65.317520141601562, 59.041370391845703 ], [ -65.413093566894531, 59.064159393310547 ], [ -65.655288696289062, 59.083320617675781 ], [ -65.732803344726562, 59.269161224365234 ], [ -65.6580810546875, 59.251380920410156 ], [ -65.591690063476562, 59.188041687011719 ], [ -65.573638916015625, 59.241939544677734 ], [ -65.492782592773438, 59.254989624023438 ], [ -65.565582275390625, 59.301380157470703 ], [ -65.571670532226562, 59.377769470214844 ], [ -65.428337097167969, 59.339710235595703 ], [ -65.446136474609375, 59.365261077880859 ], [ -65.430862426757812, 59.403598785400391 ], [ -65.5230712890625, 59.481380462646484 ], [ -64.983352661132812, 59.376380920410156 ], [ -65.426406860351562, 59.525829315185547 ], [ -65.543350219726562, 59.730258941650391 ], [ -65.489967346191406, 59.790569305419922 ], [ -65.325302124023438, 59.845829010009766 ], [ -65.115592956542969, 59.793048858642578 ], [ -65.226966857910156, 59.877208709716797 ], [ -65.134193420410156, 59.868598937988281 ], [ -65.143630981445312, 59.898601531982422 ], [ -65.128082275390625, 59.951381683349609 ], [ -65.063629150390625, 59.974151611328125 ], [ -65.110023498535156, 60.043048858642578 ], [ -65.071693420410156, 60.035259246826172 ], [ -65.027236938476562, 60.067489624023438 ], [ -65.063629150390625, 60.092769622802734 ], [ -64.876129150390625, 60.202491760253906 ], [ -64.956413269042969, 60.252208709716797 ], [ -64.834182739257812, 60.323040008544922 ], [ -64.857528686523438, 60.359439849853516 ], [ -64.601409912109375, 60.332759857177734 ], [ -64.381973266601562, 60.242488861083984 ], [ -64.613082885742188, 60.289440155029297 ], [ -64.72113037109375, 60.261100769042969 ], [ -64.7528076171875, 60.228599548339844 ], [ -64.634193420410156, 60.268878936767578 ], [ -64.468353271484375, 60.233318328857422 ], [ -64.56085205078125, 60.174160003662109 ], [ -64.404190063476562, 60.194149017333984 ], [ -64.376968383789062, 60.160549163818359 ], [ -64.805007934570312, 60.007209777832031 ], [ -64.803092956542969, 59.979709625244141 ], [ -64.392242431640625, 60.124149322509766 ], [ -64.372238159179688, 60.086101531982422 ], [ -64.415023803710938, 60.070270538330078 ], [ -64.382522583007812, 60.020259857177734 ], [ -64.590301513671875, 60.001659393310547 ], [ -64.416412353515625, 59.983600616455078 ], [ -64.392807006835938, 59.949428558349609 ], [ -64.514739990234375, 59.897491455078125 ], [ -64.368072509765625, 59.920269012451172 ], [ -64.352249145507812, 59.971099853515625 ], [ -64.224746704101562, 59.995269775390625 ], [ -64.307243347167969, 60.045269012451172 ], [ -64.173896789550781, 60.0283203125 ], [ -64.150299072265625, 59.985271453857422 ], [ -64.291412353515625, 59.951648712158203 ], [ -64.201972961425781, 59.934158325195312 ], [ -64.184463500976562, 59.911380767822266 ], [ -64.249740600585938, 59.872211456298828 ], [ -64.137802124023438, 59.912769317626953 ], [ -64.180862426757812, 59.781650543212891 ], [ -64.264739990234375, 59.787490844726562 ], [ -64.197799682617188, 59.705268859863281 ], [ -64.139472961425781, 59.678321838378906 ], [ -63.926399230957031, 59.656940460205078 ], [ -63.956119537353516, 59.636379241943359 ], [ -64.023361206054688, 59.644161224365234 ], [ -64.118072509765625, 59.529708862304688 ], [ -64.047523498535156, 59.549709320068359 ], [ -64.011138916015625, 59.624980926513672 ], [ -63.880008697509766, 59.617210388183594 ], [ -63.868621826171875, 59.586650848388672 ], [ -63.954730987548828, 59.546379089355469 ], [ -63.983898162841797, 59.508041381835938 ], [ -63.871681213378906, 59.566379547119141 ], [ -63.731681823730469, 59.526100158691406 ], [ -63.785289764404297, 59.426101684570312 ], [ -64.017242431640625, 59.384708404541016 ], [ -63.715839385986328, 59.367488861083984 ], [ -63.762229919433594, 59.265541076660156 ], [ -63.741119384765625, 59.256378173828125 ], [ -63.640850067138672, 59.361099243164062 ], [ -63.535289764404297, 59.344440460205078 ], [ -63.529460906982422, 59.277210235595703 ], [ -63.618061065673828, 59.212490081787109 ], [ -63.533618927001953, 59.223320007324219 ], [ -63.455570220947266, 59.2783203125 ], [ -63.386119842529297, 59.286098480224609 ], [ -63.458889007568359, 59.203041076660156 ], [ -63.369998931884766, 59.2127685546875 ], [ -63.358070373535156, 59.198040008544922 ], [ -63.425838470458984, 59.126380920410156 ], [ -63.688621520996094, 59.059429168701172 ], [ -63.934459686279297, 59.081100463867188 ], [ -64.043327331542969, 59.025829315185547 ], [ -64.019180297851562, 59.014991760253906 ], [ -63.945289611816406, 59.058319091796875 ], [ -63.910839080810547, 59.031940460205078 ], [ -63.89862060546875, 58.976940155029297 ], [ -63.868350982666016, 58.953319549560547 ], [ -63.877780914306641, 59.0252685546875 ], [ -63.796958923339844, 59.038600921630859 ], [ -63.758621215820312, 59.012210845947266 ], [ -63.256961822509766, 59.075820922851562 ], [ -63.125011444091797, 59.055271148681641 ], [ -63.133621215820312, 59.038051605224609 ], [ -63.33612060546875, 59.024990081787109 ], [ -63.228900909423828, 59.004989624023438 ], [ -63.258899688720703, 58.959430694580078 ], [ -63.181121826171875, 58.980258941650391 ], [ -63.170570373535156, 58.954708099365234 ], [ -63.214740753173828, 58.893600463867188 ], [ -63.313899993896484, 58.853321075439453 ], [ -63.160289764404297, 58.823040008544922 ], [ -63.071949005126953, 58.902759552001953 ], [ -62.991008758544922, 58.877300262451172 ], [ -63.053070068359375, 58.864990234375 ], [ -62.918338775634766, 58.817489624023438 ], [ -62.916679382324219, 58.747760772705078 ], [ -63.027240753173828, 58.703041076660156 ], [ -62.868061065673828, 58.711380004882812 ], [ -62.842231750488281, 58.669990539550781 ], [ -62.960849761962891, 58.583599090576172 ], [ -63.318069458007812, 58.492210388183594 ], [ -63.404170989990234, 58.404430389404297 ], [ -63.577510833740234, 58.315540313720703 ], [ -63.561679840087891, 58.303321838378906 ], [ -63.261119842529297, 58.463871002197266 ], [ -63.132789611816406, 58.477210998535156 ], [ -63.086109161376953, 58.454990386962891 ], [ -63.153068542480469, 58.374149322509766 ], [ -63.050838470458984, 58.450260162353516 ], [ -63.015010833740234, 58.425270080566406 ], [ -62.801399230957031, 58.493038177490234 ], [ -62.699459075927734, 58.485538482666016 ], [ -62.610008239746094, 58.503879547119141 ], [ -62.5614013671875, 58.487491607666016 ], [ -62.630008697509766, 58.354160308837891 ], [ -62.619739532470703, 58.310260772705078 ], [ -62.821678161621094, 58.251930236816406 ], [ -62.610008239746094, 58.256649017333984 ], [ -62.581401824951172, 58.226100921630859 ], [ -62.653068542480469, 58.175270080566406 ], [ -63.068069458007812, 58.153049468994141 ], [ -63.012218475341797, 58.135540008544922 ], [ -63.154170989990234, 58.073600769042969 ], [ -63.146129608154297, 58.036098480224609 ], [ -63.341670989990234, 57.981098175048828 ], [ -63.0977783203125, 58.019710540771484 ], [ -63.094730377197266, 58.057491302490234 ], [ -62.886390686035156, 58.137489318847656 ], [ -62.6461181640625, 58.119159698486328 ], [ -62.573619842529297, 58.164710998535156 ], [ -62.5614013671875, 58.121379852294922 ], [ -62.515850067138672, 58.169158935546875 ], [ -62.459728240966797, 58.151931762695312 ], [ -62.529170989990234, 58.102771759033203 ], [ -62.514728546142578, 58.057491302490234 ], [ -62.468608856201172, 58.101940155029297 ], [ -62.368900299072266, 58.111660003662109 ], [ -62.365291595458984, 58.092208862304688 ], [ -62.392230987548828, 58.067211151123047 ], [ -62.325839996337891, 58.061378479003906 ], [ -62.307239532470703, 58.031101226806641 ], [ -62.386669158935547, 57.993881225585938 ], [ -62.519168853759766, 58.006938934326172 ], [ -62.620838165283203, 57.947490692138672 ], [ -62.532230377197266, 57.971660614013672 ], [ -62.428611755371094, 57.960269927978516 ], [ -62.425830841064453, 57.873600006103516 ], [ -62.401679992675781, 57.868598937988281 ], [ -62.376110076904297, 57.953601837158203 ], [ -62.335838317871094, 57.977489471435547 ], [ -62.341388702392578, 57.907489776611328 ], [ -62.146400451660156, 57.974430084228516 ], [ -62.079730987548828, 57.942760467529297 ], [ -62.061111450195312, 57.889991760253906 ], [ -62.135570526123047, 57.839710235595703 ], [ -62.117778778076172, 57.798038482666016 ], [ -62.001399993896484, 57.7752685546875 ], [ -61.883609771728516, 57.645549774169922 ], [ -61.898059844970703, 57.616378784179688 ], [ -62.030559539794922, 57.596370697021484 ], [ -62.15972900390625, 57.5252685546875 ], [ -62.265010833740234, 57.535259246826172 ], [ -62.329730987548828, 57.458881378173828 ], [ -62.541389465332031, 57.507488250732422 ], [ -62.464729309082031, 57.454429626464844 ], [ -62.353889465332031, 57.418319702148438 ], [ -62.156398773193359, 57.463329315185547 ], [ -61.833629608154297, 57.382209777832031 ], [ -61.803340911865234, 57.358879089355469 ], [ -61.920009613037109, 57.365550994873047 ], [ -61.862789154052734, 57.28887939453125 ], [ -61.937778472900391, 57.252208709716797 ], [ -62.026668548583984, 57.255821228027344 ], [ -61.852508544921875, 57.165271759033203 ], [ -61.781398773193359, 57.195270538330078 ], [ -61.781398773193359, 57.148880004882812 ], [ -61.656681060791016, 57.207210540771484 ], [ -61.700839996337891, 57.159709930419922 ], [ -61.478889465332031, 57.159431457519531 ], [ -61.380290985107422, 57.117210388183594 ], [ -61.346118927001953, 56.951099395751953 ], [ -61.378059387207031, 56.982208251953125 ], [ -61.495571136474609, 56.97943115234375 ], [ -61.640010833740234, 56.883880615234375 ], [ -61.6461181640625, 56.821098327636719 ], [ -61.809459686279297, 56.787769317626953 ], [ -61.906398773193359, 56.795269012451172 ], [ -61.900279998779297, 56.707210540771484 ], [ -61.869739532470703, 56.713600158691406 ], [ -61.855838775634766, 56.753879547119141 ], [ -61.759178161621094, 56.751930236816406 ], [ -61.696949005126953, 56.724708557128906 ], [ -61.734729766845703, 56.697208404541016 ], [ -61.802230834960938, 56.686378479003906 ], [ -61.650291442871094, 56.635269165039062 ], [ -61.797229766845703, 56.630260467529297 ], [ -61.928340911865234, 56.647209167480469 ], [ -61.895278930664062, 56.680820465087891 ], [ -62.009178161621094, 56.664150238037109 ], [ -62.494739532470703, 56.778049468994141 ], [ -62.468898773193359, 56.798599243164062 ], [ -62.059459686279297, 56.818599700927734 ], [ -62.067230224609375, 56.834430694580078 ], [ -62.508609771728516, 56.849990844726562 ], [ -62.585559844970703, 56.792758941650391 ], [ -62.021949768066406, 56.618038177490234 ], [ -62.241111755371094, 56.623321533203125 ], [ -62.094459533691406, 56.594711303710938 ], [ -61.719730377197266, 56.573318481445312 ], [ -61.655559539794922, 56.533870697021484 ], [ -61.6622314453125, 56.506099700927734 ], [ -61.755008697509766, 56.484989166259766 ], [ -61.995571136474609, 56.483879089355469 ], [ -61.946949005126953, 56.471099853515625 ], [ -61.984458923339844, 56.45220947265625 ], [ -62.125, 56.457210540771484 ], [ -62.117790222167969, 56.435550689697266 ], [ -61.798061370849609, 56.395259857177734 ], [ -61.774730682373047, 56.339431762695312 ], [ -61.652229309082031, 56.293048858642578 ], [ -61.811668395996094, 56.305271148681641 ], [ -61.661670684814453, 56.270259857177734 ], [ -61.778629302978516, 56.254428863525391 ], [ -61.753070831298828, 56.277759552001953 ], [ -62.029731750488281, 56.305271148681641 ], [ -62.067218780517578, 56.281101226806641 ], [ -61.956951141357422, 56.220829010009766 ], [ -61.388069152832031, 56.220829010009766 ], [ -61.335010528564453, 56.186378479003906 ], [ -61.406398773193359, 56.146099090576172 ], [ -61.341670989990234, 56.110538482666016 ], [ -61.452510833740234, 56.062770843505859 ], [ -61.411670684814453, 56.037490844726562 ], [ -61.315570831298828, 56.065540313720703 ], [ -61.265838623046875, 56.022769927978516 ], [ -61.490009307861328, 56.020259857177734 ], [ -61.4747314453125, 56.003318786621094 ], [ -61.390850067138672, 55.998321533203125 ], [ -61.395839691162109, 55.972488403320312 ], [ -61.460849761962891, 55.988319396972656 ], [ -61.415000915527344, 55.960269927978516 ], [ -61.143890380859375, 55.970539093017578 ], [ -61.078060150146484, 55.932769775390625 ], [ -61.079441070556641, 55.893039703369141 ], [ -61.181949615478516, 55.899150848388672 ], [ -61.198619842529297, 55.876380920410156 ], [ -61.001949310302734, 55.853870391845703 ], [ -60.782791137695312, 55.854160308837891 ], [ -60.736949920654297, 55.838329315185547 ], [ -60.733070373535156, 55.802490234375 ], [ -60.865840911865234, 55.752490997314453 ], [ -60.765010833740234, 55.728038787841797 ], [ -60.640010833740234, 55.825550079345703 ], [ -60.611400604248047, 55.794708251953125 ], [ -60.592781066894531, 55.704151153564453 ], [ -60.657508850097656, 55.660820007324219 ], [ -60.628620147705078, 55.633598327636719 ], [ -60.526119232177734, 55.740550994873047 ], [ -60.519451141357422, 55.788051605224609 ], [ -60.458339691162109, 55.798599243164062 ], [ -60.43389892578125, 55.770820617675781 ], [ -60.340011596679688, 55.786380767822266 ], [ -60.329730987548828, 55.761379241943359 ], [ -60.3719482421875, 55.678321838378906 ], [ -60.487789154052734, 55.661098480224609 ], [ -60.532791137695312, 55.587211608886719 ], [ -60.481399536132812, 55.627769470214844 ], [ -60.400848388671875, 55.608600616455078 ], [ -60.390010833740234, 55.586380004882812 ], [ -60.455009460449219, 55.506938934326172 ], [ -60.432231903076172, 55.504711151123047 ], [ -60.353900909423828, 55.574428558349609 ], [ -60.316390991210938, 55.573879241943359 ], [ -60.354728698730469, 55.490821838378906 ], [ -60.452228546142578, 55.419429779052734 ], [ -60.478610992431641, 55.347488403320312 ], [ -60.420841217041016, 55.382209777832031 ], [ -60.423900604248047, 55.421379089355469 ], [ -60.320289611816406, 55.480548858642578 ], [ -60.318069458007812, 55.440540313720703 ], [ -60.285289764404297, 55.438041687011719 ], [ -60.281120300292969, 55.493320465087891 ], [ -60.218891143798828, 55.491100311279297 ], [ -60.193340301513672, 55.427211761474609 ], [ -60.354740142822266, 55.394989013671875 ], [ -60.399730682373047, 55.289989471435547 ], [ -60.518619537353516, 55.234989166259766 ], [ -60.613899230957031, 55.164710998535156 ], [ -60.3739013671875, 55.260540008544922 ], [ -60.365840911865234, 55.236930847167969 ], [ -60.670570373535156, 55.044708251953125 ], [ -60.683330535888672, 54.994991302490234 ], [ -60.160289764404297, 55.285549163818359 ], [ -60.194450378417969, 55.192211151123047 ], [ -60.040569305419922, 55.272209167480469 ], [ -60.040840148925781, 55.252490997314453 ], [ -60.288349151611328, 55.053321838378906 ], [ -60.275291442871094, 55.034431457519531 ], [ -59.811958312988281, 55.321659088134766 ], [ -59.776168823242188, 55.327930450439453 ], [ -59.712230682373047, 55.269710540771484 ], [ -59.793338775634766, 55.179710388183594 ], [ -59.888629913330078, 55.151660919189453 ], [ -59.962779998779297, 55.161098480224609 ], [ -59.968341827392578, 55.119159698486328 ], [ -59.541679382324219, 55.166099548339844 ], [ -59.519741058349609, 55.209709167480469 ], [ -59.488899230957031, 55.185260772705078 ], [ -59.501670837402344, 55.141929626464844 ], [ -59.430561065673828, 55.151931762695312 ], [ -59.432231903076172, 55.129428863525391 ], [ -59.827510833740234, 54.846931457519531 ], [ -59.854740142822266, 54.794429779052734 ], [ -59.944461822509766, 54.755550384521484 ], [ -59.90972900390625, 54.740821838378906 ], [ -59.791400909423828, 54.785549163818359 ], [ -59.808071136474609, 54.836101531982422 ], [ -59.402240753173828, 55.028049468994141 ], [ -59.243061065673828, 55.212490081787109 ], [ -59.217220306396484, 55.164989471435547 ], [ -59.161670684814453, 55.236930847167969 ], [ -59.131389617919922, 55.215549468994141 ], [ -59.127780914306641, 55.170551300048828 ], [ -59.358619689941406, 54.999988555908203 ], [ -59.035568237304688, 55.156379699707031 ], [ -58.956401824951172, 55.130260467529297 ], [ -58.961681365966797, 55.085269927978516 ], [ -59.030849456787109, 54.994991302490234 ], [ -58.990840911865234, 55.021099090576172 ], [ -58.894180297851562, 54.952770233154297 ], [ -58.919460296630859, 54.916660308837891 ], [ -58.876110076904297, 54.913318634033203 ], [ -58.916400909423828, 54.852771759033203 ], [ -58.833339691162109, 54.831378936767578 ], [ -58.805011749267578, 54.857208251953125 ], [ -58.552509307861328, 54.800819396972656 ], [ -58.565559387207031, 54.766101837158203 ], [ -58.438621520996094, 54.770549774169922 ], [ -58.438339233398438, 54.748878479003906 ], [ -58.388629913330078, 54.741100311279297 ], [ -58.398899078369141, 54.784709930419922 ], [ -58.196678161621094, 54.795269012451172 ], [ -58.184459686279297, 54.751659393310547 ], [ -57.946949005126953, 54.739429473876953 ], [ -57.803340911865234, 54.707759857177734 ], [ -57.668338775634766, 54.629161834716797 ], [ -57.456680297851562, 54.650829315185547 ], [ -57.347789764404297, 54.579429626464844 ], [ -57.385570526123047, 54.503318786621094 ], [ -57.472511291503906, 54.473598480224609 ], [ -57.589740753173828, 54.399990081787109 ], [ -57.669170379638672, 54.3760986328125 ], [ -58.098628997802734, 54.32720947265625 ], [ -58.566120147705078, 54.204151153564453 ], [ -58.716670989990234, 54.146930694580078 ], [ -59.434459686279297, 54.047210693359375 ], [ -59.587230682373047, 54.043048858642578 ], [ -59.517230987548828, 53.997211456298828 ], [ -58.803340911865234, 54.109439849853516 ], [ -58.411399841308594, 54.22943115234375 ], [ -58.399440765380859, 54.212490081787109 ], [ -58.600849151611328, 54.046939849853516 ], [ -58.922508239746094, 54.013881683349609 ], [ -58.980831146240234, 53.966381072998047 ], [ -59.671951293945312, 53.826930999755859 ], [ -59.852790832519531, 53.839431762695312 ], [ -59.874729156494141, 53.818878173828125 ], [ -59.803070068359375, 53.806098937988281 ], [ -59.829181671142578, 53.788600921630859 ], [ -60.128070831298828, 53.769161224365234 ], [ -60.017780303955078, 53.708049774169922 ], [ -60.079730987548828, 53.700550079345703 ], [ -60.121391296386719, 53.625270843505859 ], [ -60.063621520996094, 53.565818786621094 ], [ -60.134170532226562, 53.5283203125 ], [ -60.503070831298828, 53.705818176269531 ], [ -60.803058624267578, 53.768878936767578 ], [ -60.870559692382812, 53.832210540771484 ], [ -60.857231140136719, 53.792758941650391 ], [ -60.933071136474609, 53.728599548339844 ], [ -60.907501220703125, 53.707210540771484 ], [ -60.653060913085938, 53.699428558349609 ], [ -60.369178771972656, 53.609989166259766 ], [ -60.069461822509766, 53.455539703369141 ], [ -60.1380615234375, 53.453601837158203 ], [ -60.406108856201172, 53.364158630371094 ], [ -60.383350372314453, 53.332210540771484 ], [ -60.188610076904297, 53.350551605224609 ], [ -60.174739837646484, 53.338039398193359 ], [ -60.283340454101562, 53.289440155029297 ], [ -60.418331146240234, 53.269428253173828 ], [ -60.261119842529297, 53.268600463867188 ], [ -60.164451599121094, 53.309429168701172 ], [ -60.118900299072266, 53.269989013671875 ], [ -60.091121673583984, 53.294990539550781 ], [ -60.152240753173828, 53.321929931640625 ], [ -59.954181671142578, 53.406940460205078 ], [ -59.874168395996094, 53.484989166259766 ], [ -59.785011291503906, 53.485271453857422 ], [ -59.899181365966797, 53.516929626464844 ], [ -59.8719482421875, 53.534988403320312 ], [ -59.621120452880859, 53.527210235595703 ], [ -59.389720916748047, 53.621658325195312 ], [ -59.303611755371094, 53.686100006103516 ], [ -59.08612060546875, 53.679988861083984 ], [ -59.023899078369141, 53.713871002197266 ], [ -59.043060302734375, 53.774711608886719 ], [ -59.066398620605469, 53.794990539550781 ], [ -58.849170684814453, 53.939990997314453 ], [ -58.130008697509766, 54.096931457519531 ], [ -57.815570831298828, 54.06610107421875 ], [ -57.805561065673828, 54.086650848388672 ], [ -58.1591796875, 54.135818481445312 ], [ -58.299739837646484, 54.086101531982422 ], [ -58.415279388427734, 54.135269165039062 ], [ -58.379730224609375, 54.193878173828125 ], [ -58.031120300292969, 54.235538482666016 ], [ -57.511959075927734, 54.177211761474609 ], [ -57.430561065673828, 54.183040618896484 ], [ -57.190280914306641, 53.950550079345703 ], [ -57.221118927001953, 53.918319702148438 ], [ -57.215290069580078, 53.877490997314453 ], [ -57.101398468017578, 53.804710388183594 ], [ -57.160011291503906, 53.758598327636719 ], [ -57.119998931884766, 53.741100311279297 ], [ -57.493621826171875, 53.609439849853516 ], [ -57.328350067138672, 53.584148406982422 ], [ -57.313350677490234, 53.483879089355469 ], [ -57.375011444091797, 53.432209014892578 ], [ -57.289459228515625, 53.433879852294922 ], [ -57.2852783203125, 53.477489471435547 ], [ -57.14556884765625, 53.54193115234375 ], [ -57.152790069580078, 53.56610107421875 ], [ -57.005008697509766, 53.712490081787109 ], [ -56.694728851318359, 53.742771148681641 ], [ -56.633899688720703, 53.714988708496094 ], [ -56.557788848876953, 53.767490386962891 ], [ -56.464450836181641, 53.781940460205078 ], [ -56.414169311523438, 53.727771759033203 ], [ -56.720840454101562, 53.683879852294922 ], [ -56.543338775634766, 53.630260467529297 ], [ -56.078899383544922, 53.583881378173828 ], [ -55.981399536132812, 53.539150238037109 ], [ -56.008899688720703, 53.499988555908203 ], [ -56.146129608154297, 53.553050994873047 ], [ -56.258621215820312, 53.559158325195312 ], [ -56.263339996337891, 53.540271759033203 ], [ -56.056400299072266, 53.475269317626953 ], [ -55.965839385986328, 53.409160614013672 ], [ -56.038608551025391, 53.367488861083984 ], [ -55.918338775634766, 53.395549774169922 ], [ -55.877239227294922, 53.353870391845703 ], [ -55.808071136474609, 53.340549468994141 ], [ -55.860008239746094, 53.248050689697266 ], [ -55.797779083251953, 53.230548858642578 ], [ -55.767230987548828, 53.262760162353516 ], [ -55.746120452880859, 53.249439239501953 ], [ -55.791118621826172, 53.198879241943359 ], [ -55.747509002685547, 53.143600463867188 ], [ -55.830009460449219, 53.097209930419922 ], [ -55.9364013671875, 53.116939544677734 ], [ -55.881118774414062, 53.064708709716797 ], [ -55.9122314453125, 53.0283203125 ], [ -56.131950378417969, 52.985538482666016 ], [ -56.090839385986328, 52.970539093017578 ], [ -55.889720916748047, 52.969150543212891 ], [ -55.805011749267578, 52.877208709716797 ], [ -55.844169616699219, 52.821380615234375 ], [ -55.988071441650391, 52.806098937988281 ], [ -55.964729309082031, 52.790821075439453 ], [ -55.996669769287109, 52.773319244384766 ], [ -56.160568237304688, 52.819438934326172 ], [ -56.1602783203125, 52.793880462646484 ], [ -55.960559844970703, 52.679149627685547 ], [ -55.779170989990234, 52.682491302490234 ], [ -55.738899230957031, 52.642768859863281 ], [ -55.794731140136719, 52.593040466308594 ], [ -56.033069610595703, 52.654708862304688 ], [ -56.120010375976562, 52.643318176269531 ], [ -55.972789764404297, 52.610820770263672 ], [ -56.262508392333984, 52.531650543212891 ], [ -55.761398315429688, 52.498878479003906 ], [ -55.734458923339844, 52.474708557128906 ], [ -55.766681671142578, 52.447769165039062 ], [ -55.64862060546875, 52.439708709716797 ], [ -55.643619537353516, 52.358318328857422 ], [ -55.782779693603516, 52.334148406982422 ], [ -55.984729766845703, 52.373600006103516 ], [ -55.766399383544922, 52.275829315185547 ], [ -55.787788391113281, 52.248321533203125 ], [ -55.640289306640625, 52.228038787841797 ], [ -55.652240753173828, 52.208881378173828 ], [ -55.760570526123047, 52.219711303710938 ], [ -55.745288848876953, 52.1885986328125 ], [ -55.688899993896484, 52.181098937988281 ], [ -55.713619232177734, 52.139991760253906 ], [ -55.6864013671875, 52.109439849853516 ], [ -55.701950073242188, 52.082210540771484 ], [ -55.793071746826172, 52.083881378173828 ], [ -55.762790679931641, 52.050819396972656 ], [ -55.891109466552734, 51.999988555908203 ], [ -55.959178924560547, 52.019161224365234 ], [ -55.894451141357422, 51.962211608886719 ], [ -55.915569305419922, 51.932209014892578 ], [ -56.348899841308594, 51.773601531982422 ], [ -56.400279998779297, 51.733600616455078 ], [ -56.433071136474609, 51.746379852294922 ], [ -56.583900451660156, 51.6502685546875 ], [ -56.682239532470703, 51.642208099365234 ], [ -56.851108551025391, 51.470539093017578 ], [ -56.926670074462891, 51.494430541992188 ], [ -56.942790985107422, 51.427490234375 ], [ -57.201679229736328, 51.412208557128906 ], [ -57.232509613037109, 51.498600006103516 ], [ -57.430850982666016, 51.482490539550781 ], [ -57.510009765625, 51.440818786621094 ], [ -57.602230072021484, 51.428050994873047 ], [ -57.739730834960938, 51.471931457519531 ], [ -57.849449157714844, 51.403881072998047 ], [ -58.130001068115234, 51.289150238037109 ], [ -58.227230072021484, 51.271381378173828 ], [ -58.261119842529297, 51.288051605224609 ], [ -58.249179840087891, 51.332759857177734 ], [ -58.297508239746094, 51.268600463867188 ], [ -58.430561065673828, 51.309711456298828 ], [ -58.674999237060547, 51.255260467529297 ], [ -58.675830841064453, 51.224990844726562 ], [ -58.592231750488281, 51.184711456298828 ], [ -58.769729614257812, 51.089710235595703 ], [ -58.890010833740234, 50.992210388183594 ], [ -58.906391143798828, 51.053878784179688 ], [ -59.003341674804688, 51.015541076660156 ], [ -58.952781677246094, 50.912769317626953 ], [ -58.948341369628906, 50.828319549560547 ], [ -59.015289306640625, 50.748600006103516 ], [ -59.087509155273438, 50.7752685546875 ], [ -59.063899993896484, 50.88970947265625 ], [ -59.193901062011719, 50.729709625244141 ], [ -59.321399688720703, 50.703880310058594 ], [ -59.350288391113281, 50.662769317626953 ], [ -59.448619842529297, 50.625541687011719 ], [ -59.585559844970703, 50.478038787841797 ], [ -59.810569763183594, 50.437480926513672 ], [ -59.858898162841797, 50.351100921630859 ], [ -59.815280914306641, 50.349151611328125 ], [ -59.833889007568359, 50.319149017333984 ], [ -60.251670837402344, 50.266651153564453 ], [ -60.716960906982422, 50.236660003662109 ], [ -61.162509918212891, 50.177490234375 ], [ -61.289459228515625, 50.199161529541016 ], [ -61.574459075927734, 50.165538787841797 ], [ -61.589450836181641, 50.188880920410156 ], [ -61.747509002685547, 50.131938934326172 ], [ -61.797500610351562, 50.136928558349609 ], [ -61.797229766845703, 50.174709320068359 ], [ -61.898338317871094, 50.233600616455078 ], [ -62.210559844970703, 50.234149932861328 ], [ -62.397781372070312, 50.294429779052734 ], [ -62.503059387207031, 50.269428253173828 ], [ -62.994998931884766, 50.311939239501953 ], [ -63.394729614257812, 50.213329315185547 ], [ -63.803340911865234, 50.311649322509766 ], [ -64.197799682617188, 50.264148712158203 ], [ -64.455001831054688, 50.319438934326172 ], [ -64.872238159179688, 50.267208099365234 ], [ -65.310287475585938, 50.309429168701172 ], [ -65.829727172851562, 50.253318786621094 ], [ -65.918327331542969, 50.288318634033203 ], [ -65.986968994140625, 50.2783203125 ], [ -66.056411743164062, 50.216098785400391 ], [ -66.0936279296875, 50.244430541992188 ], [ -66.0836181640625, 50.193599700927734 ], [ -66.369453430175781, 50.193321228027344 ], [ -66.423072814941406, 50.267768859863281 ], [ -66.4827880859375, 50.255821228027344 ], [ -66.541671752929688, 50.214160919189453 ], [ -66.543350219726562, 50.180820465087891 ], [ -66.428092956542969, 50.164710998535156 ], [ -66.493896484375, 50.143318176269531 ], [ -66.638076782226562, 50.181381225585938 ], [ -66.620033264160156, 50.149150848388672 ], [ -66.700843811035156, 50.102489471435547 ], [ -66.741119384765625, 50.042209625244141 ], [ -66.908363342285156, 50.006378173828125 ], [ -66.963638305664062, 49.969150543212891 ], [ -67.028923034667969, 49.830539703369141 ], [ -67.095840454101562, 49.843601226806641 ], [ -67.15167236328125, 49.806930541992188 ], [ -67.180007934570312, 49.745269775390625 ], [ -67.163070678710938, 49.679710388183594 ], [ -67.23114013671875, 49.609989166259766 ], [ -67.230827331542969, 49.476940155029297 ], [ -67.375022888183594, 49.32720947265625 ], [ -68.111686706542969, 49.270820617675781 ], [ -68.215301513671875, 49.19110107421875 ], [ -68.299453735351562, 49.195541381835938 ], [ -68.183059692382812, 49.143878936767578 ], [ -68.189743041992188, 49.112209320068359 ], [ -68.408340454101562, 49.055538177490234 ], [ -68.422233581542969, 49.073879241943359 ], [ -68.37335205078125, 49.109710693359375 ], [ -68.406112670898438, 49.180538177490234 ], [ -68.404167175292969, 49.122760772705078 ], [ -68.590583801269531, 49.054149627685547 ], [ -68.696670532226562, 48.939990997314453 ], [ -68.642227172851562, 48.916660308837891 ], [ -68.950843811035156, 48.819438934326172 ], [ -68.966667175292969, 48.782768249511719 ], [ -69.061111450195312, 48.767490386962891 ], [ -69.120010375976562, 48.620269775390625 ], [ -69.160003662109375, 48.585269927978516 ], [ -69.226959228515625, 48.588871002197266 ], [ -69.428359985351562, 48.312480926513672 ], [ -69.684188842773438, 48.137760162353516 ], [ -69.810287475585938, 48.155818939208984 ], [ -69.959457397460938, 48.269428253173828 ], [ -70.463623046875, 48.368881225585938 ], [ -70.78558349609375, 48.395820617675781 ], [ -70.887527465820312, 48.358600616455078 ], [ -70.871673583984375, 48.320270538330078 ], [ -70.595863342285156, 48.354709625244141 ], [ -70.355827331542969, 48.325820922851562 ], [ -70.180557250976562, 48.241378784179688 ], [ -69.93695068359375, 48.221931457519531 ], [ -69.735000610351562, 48.113601684570312 ], [ -69.926116943359375, 47.773040771484375 ], [ -70.190567016601562, 47.599151611328125 ], [ -70.225570678710938, 47.496379852294922 ], [ -70.5, 47.434989929199219 ], [ -70.574172973632812, 47.274429321289062 ], [ -70.7216796875, 47.10137939453125 ], [ -71.101959228515625, 46.918598175048828 ], [ -71.298629760742188, 46.742271423339844 ], [ -71.150283813476562, 46.842491149902344 ], [ -70.772232055664062, 46.915821075439453 ], [ -70.6380615234375, 46.981658935546875 ], [ -70.530288696289062, 47.007770538330078 ], [ -70.273063659667969, 47.213600158691406 ], [ -70.201400756835938, 47.312480926513672 ], [ -70.0836181640625, 47.358051300048828 ], [ -70.041122436523438, 47.397209167480469 ], [ -70.039726257324219, 47.462211608886719 ], [ -69.549453735351562, 47.847488403320312 ], [ -69.556396484375, 47.866649627685547 ], [ -69.4505615234375, 47.979160308837891 ], [ -69.144180297851562, 48.141929626464844 ], [ -69.016693115234375, 48.254161834716797 ], [ -68.434463500976562, 48.541660308837891 ], [ -67.7086181640625, 48.794158935546875 ], [ -67.03558349609375, 48.979160308837891 ], [ -66.55029296875, 49.135540008544922 ], [ -65.46417236328125, 49.261928558349609 ], [ -64.8255615234375, 49.187770843505859 ], [ -64.308059692382812, 48.961650848388672 ], [ -64.214736938476562, 48.889430999755859 ], [ -64.152236938476562, 48.764991760253906 ], [ -64.557510375976562, 48.880260467529297 ], [ -64.513076782226562, 48.829990386962891 ], [ -64.401123046875, 48.816928863525391 ], [ -64.3961181640625, 48.788318634033203 ], [ -64.162246704101562, 48.627490997314453 ], [ -64.261123657226562, 48.615821838378906 ], [ -64.283363342285156, 48.5635986328125 ], [ -64.189178466796875, 48.520820617675781 ], [ -64.315582275390625, 48.419158935546875 ], [ -64.71917724609375, 48.338329315185547 ], [ -64.693893432617188, 48.311100006103516 ], [ -64.771392822265625, 48.196380615234375 ], [ -64.96002197265625, 48.187210083007812 ], [ -64.946136474609375, 48.143039703369141 ], [ -65.269996643066406, 48.012760162353516 ], [ -65.45556640625, 48.000270843505859 ], [ -65.8919677734375, 48.171100616455078 ], [ -65.893623352050781, 48.219440460205078 ], [ -66.066680908203125, 48.099990844726562 ], [ -66.276138305664062, 48.103870391845703 ], [ -66.275299072265625, 48.071380615234375 ], [ -66.470840454101562, 48.119430541992188 ], [ -66.755279541015625, 48.010540008544922 ], [ -66.848251342773438, 47.998519897460938 ], [ -66.75, 47.979988098144531 ], [ -66.420303344726562, 48.070541381835938 ], [ -66.351142883300781, 48.069709777832031 ], [ -66.35418701171875, 48.024711608886719 ], [ -65.9888916015625, 47.923870086669922 ], [ -65.843917846679688, 47.911380767822266 ], [ -65.75750732421875, 47.865261077880859 ], [ -65.628631591796875, 47.669708251953125 ], [ -65.671417236328125, 47.651660919189453 ], [ -65.634742736816406, 47.620819091796875 ], [ -65.606689453125, 47.659988403320312 ], [ -65.181671142578125, 47.823040008544922 ], [ -65.0211181640625, 47.844989776611328 ], [ -65.006668090820312, 47.823600769042969 ], [ -65.071952819824219, 47.776931762695312 ], [ -64.823638916015625, 47.811378479003906 ], [ -64.786956787109375, 47.793048858642578 ], [ -64.7952880859375, 47.762760162353516 ], [ -64.7811279296875, 47.713329315185547 ], [ -64.73333740234375, 47.761928558349609 ], [ -64.676681518554688, 47.735538482666016 ], [ -64.679466247558594, 47.716648101806641 ], [ -64.811691284179688, 47.654708862304688 ], [ -64.905029296875, 47.522769927978516 ], [ -64.886138916015625, 47.486930847167969 ], [ -64.904190063476562, 47.393039703369141 ], [ -64.9375, 47.379428863525391 ], [ -64.962509155273438, 47.293598175048828 ], [ -65.370010375976562, 47.086650848388672 ], [ -64.805557250976562, 47.083049774169922 ], [ -64.803359985351562, 46.987491607666016 ], [ -64.892227172851562, 46.914440155029297 ], [ -64.905006408691406, 46.851100921630859 ], [ -64.831947326660156, 46.746929168701172 ], [ -64.854446411132812, 46.672210693359375 ], [ -64.817497253417969, 46.696380615234375 ], [ -64.726669311523438, 46.696380615234375 ], [ -64.705856323242188, 46.644161224365234 ], [ -64.7236328125, 46.580539703369141 ], [ -64.673606872558594, 46.500820159912109 ], [ -64.711402893066406, 46.479988098144531 ], [ -64.64111328125, 46.448040008544922 ], [ -64.611953735351562, 46.409709930419922 ], [ -64.627792358398438, 46.342769622802734 ], [ -64.5794677734375, 46.328041076660156 ], [ -64.559722900390625, 46.366100311279297 ], [ -64.518913269042969, 46.326381683349609 ], [ -64.568626403808594, 46.287490844726562 ], [ -64.5594482421875, 46.219989776611328 ], [ -64.438339233398438, 46.239158630371094 ], [ -64.174728393554688, 46.20220947265625 ], [ -64.08197021484375, 46.151371002197266 ], [ -64.057510375976562, 46.180271148681641 ], [ -63.830280303955078, 46.146381378173828 ], [ -63.772781372070312, 46.108051300048828 ], [ -63.919731140136719, 46.053050994873047 ], [ -64.068069458007812, 46.059429168701172 ], [ -64.093902587890625, 46.021648406982422 ], [ -63.823619842529297, 45.922210693359375 ], [ -63.749179840087891, 45.835819244384766 ], [ -63.482780456542969, 45.877208709716797 ], [ -63.4263916015625, 45.829708099365234 ], [ -63.523609161376953, 45.809989929199219 ], [ -63.235008239746094, 45.808601379394531 ], [ -63.313899993896484, 45.769428253173828 ], [ -63.380001068115234, 45.766101837158203 ], [ -63.294731140136719, 45.721931457519531 ], [ -63.186958312988281, 45.772209167480469 ], [ -63.198619842529297, 45.736660003662109 ], [ -63.065559387207031, 45.755550384521484 ], [ -63.118610382080078, 45.802211761474609 ], [ -62.7388916015625, 45.758598327636719 ], [ -62.6380615234375, 45.719150543212891 ], [ -62.728340148925781, 45.631649017333984 ], [ -62.609729766845703, 45.684158325195312 ], [ -62.473621368408203, 45.655540466308594 ], [ -62.509731292724609, 45.616100311279297 ], [ -62.486671447753906, 45.603599548339844 ], [ -62.361671447753906, 45.667209625244141 ], [ -62.397220611572266, 45.670551300048828 ], [ -61.925559997558594, 45.886100769042969 ], [ -61.888069152832031, 45.695541381835938 ], [ -61.735008239746094, 45.623321533203125 ], [ -61.590839385986328, 45.638320922851562 ], [ -61.559459686279297, 45.676658630371094 ], [ -61.4888916015625, 45.686939239501953 ], [ -61.229171752929688, 45.501930236816406 ], [ -61.234451293945312, 45.458599090576172 ], [ -61.477508544921875, 45.373050689697266 ], [ -61.457241058349609, 45.343601226806641 ], [ -61.063350677490234, 45.336929321289062 ], [ -60.970840454101562, 45.321659088134766 ], [ -60.970558166503906, 45.269710540771484 ], [ -61.043891906738281, 45.252769470214844 ], [ -61.110000610351562, 45.210819244384766 ], [ -61.152229309082031, 45.228038787841797 ], [ -61.174449920654297, 45.202770233154297 ], [ -61.268329620361328, 45.254711151123047 ], [ -61.373889923095703, 45.196380615234375 ], [ -61.344181060791016, 45.178050994873047 ], [ -61.580001831054688, 45.141651153564453 ], [ -61.696399688720703, 45.177761077880859 ], [ -61.6380615234375, 45.088600158691406 ], [ -61.853889465332031, 45.077770233154297 ], [ -61.838340759277344, 45.044708251953125 ], [ -62.051399230957031, 45.006378173828125 ], [ -62.062229156494141, 44.9658203125 ], [ -62.286670684814453, 44.928050994873047 ], [ -62.457229614257812, 44.829708099365234 ], [ -62.476680755615234, 44.895549774169922 ], [ -62.590000152587891, 44.827770233154297 ], [ -62.820278167724609, 44.748878479003906 ], [ -62.801670074462891, 44.720829010009766 ], [ -62.997779846191406, 44.703601837158203 ], [ -63.003059387207031, 44.765819549560547 ], [ -63.062778472900391, 44.771381378173828 ], [ -63.012790679931641, 44.713329315185547 ], [ -63.04833984375, 44.676101684570312 ], [ -63.106391906738281, 44.783329010009766 ], [ -63.142780303955078, 44.6885986328125 ], [ -63.164169311523438, 44.725551605224609 ], [ -63.204730987548828, 44.673038482666016 ], [ -63.2388916015625, 44.733600616455078 ], [ -63.283340454101562, 44.627208709716797 ], [ -63.403900146484375, 44.641651153564453 ], [ -63.397510528564453, 44.681098937988281 ], [ -63.451389312744141, 44.672210693359375 ], [ -63.413059234619141, 44.636661529541016 ], [ -63.434169769287109, 44.592769622802734 ], [ -63.606121063232422, 44.668880462646484 ], [ -63.541950225830078, 44.591098785400391 ], [ -63.520278930664062, 44.507770538330078 ], [ -63.564449310302734, 44.464710235595703 ], [ -63.791671752929688, 44.466381072998047 ], [ -63.829730987548828, 44.523319244384766 ], [ -63.867778778076172, 44.489429473876953 ], [ -63.928340911865234, 44.509429931640625 ], [ -63.938610076904297, 44.616100311279297 ], [ -63.886680603027344, 44.685550689697266 ], [ -64.0594482421875, 44.638320922851562 ], [ -64.009170532226562, 44.513320922851562 ], [ -64.083343505859375, 44.466648101806641 ], [ -64.166946411132812, 44.581928253173828 ], [ -64.306396484375, 44.543598175048828 ], [ -64.297500610351562, 44.463871002197266 ], [ -64.355827331542969, 44.448600769042969 ], [ -64.331123352050781, 44.408870697021484 ], [ -64.2569580078125, 44.408039093017578 ], [ -64.310302734375, 44.380260467529297 ], [ -64.337783813476562, 44.331378936767578 ], [ -64.260848999023438, 44.324161529541016 ], [ -64.287513732910156, 44.292209625244141 ], [ -64.239463806152344, 44.294158935546875 ], [ -64.283340454101562, 44.253040313720703 ], [ -64.356666564941406, 44.283599853515625 ], [ -64.4888916015625, 44.143318176269531 ], [ -64.549453735351562, 44.124980926513672 ], [ -64.556396484375, 44.07720947265625 ], [ -64.715560913085938, 44.052211761474609 ], [ -64.6602783203125, 44.019710540771484 ], [ -64.732513427734375, 43.951648712158203 ], [ -64.83917236328125, 43.924709320068359 ], [ -64.814178466796875, 43.850830078125 ], [ -64.841400146484375, 43.822208404541016 ], [ -64.898902893066406, 43.8760986328125 ], [ -64.886123657226562, 43.803600311279297 ], [ -64.944168090820312, 43.783870697021484 ], [ -64.965286254882812, 43.751659393310547 ], [ -65.040283203125, 43.826648712158203 ], [ -65.025283813476562, 43.713600158691406 ], [ -65.074447631835938, 43.698879241943359 ], [ -65.076133728027344, 43.752208709716797 ], [ -65.124732971191406, 43.670551300048828 ], [ -65.139739990234375, 43.716930389404297 ], [ -65.17584228515625, 43.702491760253906 ], [ -65.230827331542969, 43.795551300048828 ], [ -65.2569580078125, 43.776100158691406 ], [ -65.223342895507812, 43.712490081787109 ], [ -65.262786865234375, 43.665271759033203 ], [ -65.323898315429688, 43.693050384521484 ], [ -65.318069458007812, 43.758880615234375 ], [ -65.365837097167969, 43.741378784179688 ], [ -65.3255615234375, 43.669990539550781 ], [ -65.386123657226562, 43.561939239501953 ], [ -65.4505615234375, 43.599708557128906 ], [ -65.4747314453125, 43.464988708496094 ], [ -65.5594482421875, 43.568050384521484 ], [ -65.700302124023438, 43.501380920410156 ], [ -65.729736328125, 43.506938934326172 ], [ -65.783340454101562, 43.571098327636719 ], [ -65.769180297851562, 43.674709320068359 ], [ -65.796112060546875, 43.670269012451172 ], [ -65.793327331542969, 43.611660003662109 ], [ -65.818336486816406, 43.630260467529297 ], [ -65.86083984375, 43.804439544677734 ], [ -65.865837097167969, 43.761379241943359 ], [ -65.918617248535156, 43.828319549560547 ], [ -65.962783813476562, 43.774711608886719 ], [ -65.986679077148438, 43.847209930419922 ], [ -66.0, 43.799709320068359 ], [ -65.966667175292969, 43.736660003662109 ], [ -66.013351440429688, 43.691661834716797 ], [ -66.081123352050781, 43.768051147460938 ], [ -66.115837097167969, 43.737491607666016 ], [ -66.137786865234375, 43.794158935546875 ], [ -66.182243347167969, 44.083881378173828 ], [ -66.212249755859375, 44.089710235595703 ], [ -66.037513732910156, 44.423320770263672 ], [ -65.865837097167969, 44.53887939453125 ], [ -65.86279296875, 44.586929321289062 ], [ -65.993621826171875, 44.54193115234375 ], [ -66.190567016601562, 44.383319854736328 ], [ -66.171951293945312, 44.438880920410156 ], [ -65.791122436523438, 44.688320159912109 ], [ -65.753067016601562, 44.642780303955078 ], [ -65.753067016601562, 44.605819702148438 ], [ -65.625556945800781, 44.658870697021484 ], [ -65.428359985351562, 44.776660919189453 ], [ -65.7216796875, 44.667758941650391 ], [ -65.749732971191406, 44.699161529541016 ], [ -64.81500244140625, 45.158039093017578 ], [ -64.475013732910156, 45.240550994873047 ], [ -64.397781372070312, 45.281101226806641 ], [ -64.393081665039062, 45.303321838378906 ], [ -64.489181518554688, 45.335269927978516 ], [ -64.353347778320312, 45.31610107421875 ], [ -64.321670532226562, 45.294708251953125 ], [ -64.3638916015625, 45.10137939453125 ], [ -64.269180297851562, 45.127769470214844 ], [ -64.166412353515625, 45.064990997314453 ], [ -64.156402587890625, 44.978321075439453 ], [ -64.09918212890625, 45.057491302490234 ], [ -64.188606262207031, 45.104709625244141 ], [ -64.196121215820312, 45.150539398193359 ], [ -63.914451599121094, 45.266929626464844 ], [ -63.539451599121094, 45.333320617675781 ], [ -63.470851898193359, 45.290538787841797 ], [ -63.416389465332031, 45.341381072998047 ], [ -63.465278625488281, 45.375820159912109 ], [ -63.755561828613281, 45.398040771484375 ], [ -64.002517700195312, 45.382770538330078 ], [ -64.163352966308594, 45.403881072998047 ], [ -64.485000610351562, 45.393878936767578 ], [ -64.563629150390625, 45.411651611328125 ], [ -64.679168701171875, 45.380550384521484 ], [ -64.754997253417969, 45.292488098144531 ], [ -64.8094482421875, 45.345539093017578 ], [ -64.937232971191406, 45.326930999755859 ], [ -64.918083190917969, 45.408599853515625 ], [ -64.446670532226562, 45.689708709716797 ], [ -64.380279541015625, 45.788600921630859 ], [ -64.305862426757812, 45.820819854736328 ], [ -64.290008544921875, 45.804988861083984 ], [ -64.3355712890625, 45.740821838378906 ], [ -64.279167175292969, 45.793598175048828 ], [ -64.271392822265625, 45.834430694580078 ], [ -64.32501220703125, 45.879989624023438 ], [ -64.524726867675781, 45.733879089355469 ], [ -64.48834228515625, 45.801101684570312 ], [ -64.698623657226562, 46.029708862304688 ], [ -64.706680297851562, 45.994709014892578 ], [ -64.57415771484375, 45.855869293212891 ], [ -64.756668090820312, 45.622489929199219 ], [ -64.897781372070312, 45.629428863525391 ], [ -65.079727172851562, 45.531650543212891 ], [ -65.339736938476562, 45.45220947265625 ], [ -65.739730834960938, 45.245269775390625 ], [ -65.793083190917969, 45.258319854736328 ], [ -65.890007019042969, 45.207489013671875 ], [ -65.999191284179688, 45.228599548339844 ], [ -66.039459228515625, 45.288318634033203 ], [ -66.10833740234375, 45.293598175048828 ], [ -66.08917236328125, 45.338329315185547 ], [ -66.029457092285156, 45.364158630371094 ], [ -66.001106262207031, 45.401100158691406 ], [ -65.9947509765625, 45.460819244384766 ], [ -66.0794677734375, 45.389430999755859 ], [ -66.088348388671875, 45.355258941650391 ], [ -66.190567016601562, 45.339431762695312 ], [ -66.14556884765625, 45.279148101806641 ], [ -66.063606262207031, 45.266658782958984 ], [ -66.147506713867188, 45.192211151123047 ], [ -66.216667175292969, 45.159160614013672 ], [ -66.239181518554688, 45.205539703369141 ], [ -66.321952819824219, 45.198040008544922 ], [ -66.253341674804688, 45.191661834716797 ], [ -66.250289916992188, 45.161380767822266 ], [ -66.440582275390625, 45.073318481445312 ], [ -66.531402587890625, 45.147209167480469 ], [ -66.6480712890625, 45.083599090576172 ], [ -66.792793273925781, 45.055271148681641 ], [ -66.817520141601562, 45.090549468994141 ], [ -66.879997253417969, 45.057209014892578 ], [ -66.908622741699219, 45.100818634033203 ], [ -66.844451904296875, 45.127490997314453 ], [ -66.958358764648438, 45.189159393310547 ], [ -67.033363342285156, 45.088600158691406 ], [ -67.122222900390625, 45.158599853515625 ], [ -67.1622314453125, 45.235271453857422 ], [ -67.200759887695312, 45.192150115966797 ], [ -67.281387329101562, 45.196929931640625 ], [ -67.319168090820312, 45.148601531982422 ], [ -67.359451293945312, 45.160541534423828 ], [ -67.465011596679688, 45.281101226806641 ], [ -67.450302124023438, 45.317489624023438 ], [ -67.4827880859375, 45.500270843505859 ], [ -67.41082763671875, 45.529979705810547 ], [ -67.424041748046875, 45.594440460205078 ], [ -67.539199829101562, 45.608501434326172 ], [ -67.796966552734375, 45.696090698242188 ], [ -67.804443359375, 45.731369018554688 ], [ -67.757232666015625, 45.833320617675781 ], [ -67.792861938476562, 47.0706787109375 ], [ -68.118621826171875, 47.289710998535156 ], [ -68.323333740234375, 47.365821838378906 ], [ -68.368057250976562, 47.351100921630859 ], [ -68.405006408691406, 47.293598175048828 ], [ -68.504463195800781, 47.304149627685547 ], [ -68.888442993164062, 47.188030242919922 ], [ -69.047500610351562, 47.269710540771484 ], [ -69.055557250976562, 47.438591003417969 ], [ -69.23248291015625, 47.470890045166016 ], [ -70.009193420410156, 46.698040008544922 ], [ -70.0511474609375, 46.439170837402344 ], [ -70.139183044433594, 46.375820159912109 ], [ -70.287216186523438, 46.197761535644531 ], [ -70.234443664550781, 46.150821685791016 ], [ -70.309722900390625, 45.980808258056641 ], [ -70.248626708984375, 45.964710235595703 ], [ -70.246109008789062, 45.940818786621094 ], [ -70.411392211914062, 45.804428100585938 ], [ -70.388900756835938, 45.752769470214844 ], [ -70.416946411132812, 45.718318939208984 ], [ -70.466667175292969, 45.711929321289062 ], [ -70.696662902832031, 45.565261840820312 ], [ -70.718887329101562, 45.485820770263672 ], [ -70.634170532226562, 45.428321838378906 ], [ -70.639999389648438, 45.404979705810547 ], [ -70.668876647949219, 45.391929626464844 ], [ -70.769172668457031, 45.436649322509766 ], [ -70.824172973632812, 45.416088104248047 ], [ -70.8255615234375, 45.316661834716797 ], [ -70.886123657226562, 45.238040924072266 ], [ -70.95501708984375, 45.353870391845703 ], [ -71.010566711425781, 45.355258941650391 ], [ -71.170272827148438, 45.253879547119141 ], [ -71.303047180175781, 45.30303955078125 ], [ -71.440567016601562, 45.238590240478516 ], [ -71.398643493652344, 45.199420928955078 ], [ -71.496658325195312, 45.068878173828125 ], [ -71.495002746582031, 45.020900726318359 ], [ -73.694717407226562, 45.004711151123047 ], [ -74.85028076171875, 45.016651153564453 ], [ -75.125267028808594, 44.920269012451172 ], [ -75.485000610351562, 44.724700927734375 ] ] ] ] } },
{ "type": "Feature", "properties": { }, "geometry": { "type": "MultiPolygon", "coordinates": [ [ [ [ -135.688095092773438, 57.362770080566406 ], [ -135.887802124023438, 57.428050994873047 ], [ -136.010604858398438, 57.511928558349609 ], [ -135.919692993164062, 57.500820159912109 ], [ -135.788894653320312, 57.431381225585938 ], [ -135.805801391601562, 57.466648101806641 ], [ -136.060897827148438, 57.591648101806641 ], [ -136.034698486328125, 57.611099243164062 ], [ -135.953399658203125, 57.608879089355469 ], [ -136.075302124023438, 57.647209167480469 ], [ -136.109207153320312, 57.614711761474609 ], [ -136.141403198242188, 57.632209777832031 ], [ -136.088592529296875, 57.682769775390625 ], [ -136.412200927734375, 57.815818786621094 ], [ -136.343597412109375, 57.987209320068359 ], [ -136.270004272460938, 57.969989776611328 ], [ -136.432296752929688, 58.107769012451172 ], [ -136.383102416992188, 58.135269165039062 ], [ -136.270599365234375, 58.104709625244141 ], [ -136.354507446289062, 58.207210540771484 ], [ -136.275604248046875, 58.218879699707031 ], [ -136.153900146484375, 58.085540771484375 ], [ -136.18170166015625, 58.171649932861328 ], [ -136.132003784179688, 58.221931457519531 ], [ -135.965896606445312, 58.159988403320312 ], [ -135.92999267578125, 58.224990844726562 ], [ -135.804702758789062, 58.276371002197266 ], [ -135.5072021484375, 58.175819396972656 ], [ -135.482498168945312, 58.155540466308594 ], [ -135.603897094726562, 58.043880462646484 ], [ -135.771697998046875, 58.047771453857422 ], [ -135.751693725585938, 58.022491455078125 ], [ -135.630294799804688, 58.012760162353516 ], [ -135.636993408203125, 57.993320465087891 ], [ -135.749496459960938, 57.976940155029297 ], [ -135.610595703125, 57.980258941650391 ], [ -135.423095703125, 58.085540771484375 ], [ -135.457000732421875, 58.118881225585938 ], [ -135.399200439453125, 58.139430999755859 ], [ -134.965301513671875, 58.044990539550781 ], [ -134.908905029296875, 57.995269775390625 ], [ -134.905899047851562, 57.929149627685547 ], [ -134.970001220703125, 57.885269165039062 ], [ -135.197494506835938, 57.943599700927734 ], [ -135.144699096679688, 57.893878936767578 ], [ -134.93499755859375, 57.811100006103516 ], [ -135.052200317382812, 57.777759552001953 ], [ -135.223403930664062, 57.778049468994141 ], [ -135.360000610351562, 57.797210693359375 ], [ -135.352493286132812, 57.740550994873047 ], [ -135.216705322265625, 57.698318481445312 ], [ -134.963302612304688, 57.761100769042969 ], [ -134.915298461914062, 57.753318786621094 ], [ -134.81109619140625, 57.486099243164062 ], [ -134.988296508789062, 57.450550079345703 ], [ -135.542205810546875, 57.657211303710938 ], [ -135.730606079101562, 57.747760772705078 ], [ -135.81390380859375, 57.762210845947266 ], [ -135.703094482421875, 57.674160003662109 ], [ -135.80389404296875, 57.645259857177734 ], [ -135.646697998046875, 57.619991302490234 ], [ -135.565597534179688, 57.584709167480469 ], [ -135.656692504882812, 57.551380157470703 ], [ -135.581405639648438, 57.553050994873047 ], [ -135.552505493164062, 57.534160614013672 ], [ -135.688095092773438, 57.362770080566406 ] ] ], [ [ [ -153.961395263671875, 56.742771148681641 ], [ -154.149398803710938, 56.746101379394531 ], [ -154.071395874023438, 56.843879699707031 ], [ -153.839202880859375, 56.968879699707031 ], [ -153.827194213867188, 57.010269165039062 ], [ -153.854705810546875, 57.019710540771484 ], [ -153.882003784179688, 56.968318939208984 ], [ -153.963592529296875, 56.956661224365234 ], [ -153.949203491210938, 57.009159088134766 ], [ -153.782196044921875, 57.121101379394531 ], [ -153.784194946289062, 57.1533203125 ], [ -154.00750732421875, 57.035259246826172 ], [ -154.069198608398438, 56.968318939208984 ], [ -154.13360595703125, 56.991378784179688 ], [ -154.083892822265625, 57.064159393310547 ], [ -153.962799072265625, 57.109439849853516 ], [ -154.224502563476562, 57.154708862304688 ], [ -154.466400146484375, 57.126930236816406 ], [ -154.485000610351562, 57.103599548339844 ], [ -154.453903198242188, 57.058319091796875 ], [ -154.375595092773438, 57.046649932861328 ], [ -154.283905029296875, 57.112209320068359 ], [ -154.115798950195312, 57.121929168701172 ], [ -154.100601196289062, 57.109439849853516 ], [ -154.161102294921875, 56.956928253173828 ], [ -154.297805786132812, 56.848880767822266 ], [ -154.300796508789062, 56.906940460205078 ], [ -154.488296508789062, 56.988601684570312 ], [ -154.529998779296875, 56.990550994873047 ], [ -154.526092529296875, 57.141101837158203 ], [ -154.598602294921875, 57.251380920410156 ], [ -154.802505493164062, 57.335269927978516 ], [ -154.783096313476562, 57.359149932861328 ], [ -154.704696655273438, 57.335540771484375 ], [ -154.727798461914062, 57.422210693359375 ], [ -154.6033935546875, 57.5252685546875 ], [ -154.240798950195312, 57.66693115234375 ], [ -154.029998779296875, 57.651371002197266 ], [ -153.99609375, 57.635269165039062 ], [ -153.894699096679688, 57.414440155029297 ], [ -153.748092651367188, 57.302761077880859 ], [ -153.768295288085938, 57.373878479003906 ], [ -153.80810546875, 57.400539398193359 ], [ -153.851394653320312, 57.567489624023438 ], [ -153.832504272460938, 57.581661224365234 ], [ -153.761093139648438, 57.546379089355469 ], [ -153.68170166015625, 57.544708251953125 ], [ -153.840606689453125, 57.608879089355469 ], [ -153.880294799804688, 57.643039703369141 ], [ -153.782501220703125, 57.650829315185547 ], [ -153.587493896484375, 57.599151611328125 ], [ -153.61749267578125, 57.641380310058594 ], [ -153.926406860351562, 57.724990844726562 ], [ -153.9302978515625, 57.805538177490234 ], [ -153.752197265625, 57.897209167480469 ], [ -153.641693115234375, 57.889991760253906 ], [ -153.509506225585938, 57.664440155029297 ], [ -153.50360107421875, 57.708320617675781 ], [ -153.44000244140625, 57.689430236816406 ], [ -153.439193725585938, 57.704429626464844 ], [ -153.509506225585938, 57.742210388183594 ], [ -153.498092651367188, 57.767768859863281 ], [ -153.420806884765625, 57.767208099365234 ], [ -153.378402709960938, 57.713039398193359 ], [ -153.328094482421875, 57.712490081787109 ], [ -153.31719970703125, 57.731658935546875 ], [ -153.464797973632812, 57.797489166259766 ], [ -153.465301513671875, 57.841930389404297 ], [ -153.213104248046875, 57.788318634033203 ], [ -153.16180419921875, 57.755580902099609 ], [ -153.239700317382812, 57.896381378173828 ], [ -153.056900024414062, 57.825260162353516 ], [ -153.261093139648438, 58.002490997314453 ], [ -153.011398315429688, 57.926101684570312 ], [ -152.949996948242188, 57.947208404541016 ], [ -152.817001342773438, 57.91693115234375 ], [ -152.826995849609375, 57.895549774169922 ], [ -152.900604248046875, 57.849990844726562 ], [ -152.924697875976562, 57.768878936767578 ], [ -152.885604858398438, 57.728870391845703 ], [ -152.857803344726562, 57.734989166259766 ], [ -152.85809326171875, 57.818878173828125 ], [ -152.813400268554688, 57.856098175048828 ], [ -152.730804443359375, 57.822490692138672 ], [ -152.691696166992188, 57.880550384521484 ], [ -152.62030029296875, 57.856380462646484 ], [ -152.628097534179688, 57.926380157470703 ], [ -152.43719482421875, 57.873050689697266 ], [ -152.421707153320312, 57.817211151123047 ], [ -152.329696655273438, 57.824989318847656 ], [ -152.337493896484375, 57.806659698486328 ], [ -152.543899536132812, 57.711101531982422 ], [ -152.533905029296875, 57.695541381835938 ], [ -152.44610595703125, 57.722488403320312 ], [ -152.49249267578125, 57.651931762695312 ], [ -152.398605346679688, 57.685821533203125 ], [ -152.436996459960938, 57.609439849853516 ], [ -152.181106567382812, 57.628318786621094 ], [ -152.150604248046875, 57.610538482666016 ], [ -152.330596923828125, 57.429710388183594 ], [ -152.482803344726562, 57.424160003662109 ], [ -152.451995849609375, 57.454708099365234 ], [ -152.494796752929688, 57.466930389404297 ], [ -152.577194213867188, 57.445541381835938 ], [ -152.610000610351562, 57.476100921630859 ], [ -152.714797973632812, 57.478038787841797 ], [ -152.729507446289062, 57.504989624023438 ], [ -152.948898315429688, 57.504161834716797 ], [ -152.910293579101562, 57.483879089355469 ], [ -153.022796630859375, 57.473598480224609 ], [ -153.043304443359375, 57.431381225585938 ], [ -152.846694946289062, 57.472209930419922 ], [ -152.612503051757812, 57.387210845947266 ], [ -152.633895874023438, 57.317760467529297 ], [ -152.704193115234375, 57.273880004882812 ], [ -152.722000122070312, 57.304988861083984 ], [ -152.886993408203125, 57.291660308837891 ], [ -152.87469482421875, 57.343318939208984 ], [ -153.162002563476562, 57.348598480224609 ], [ -153.165298461914062, 57.297771453857422 ], [ -152.959503173828125, 57.263320922851562 ], [ -153.05810546875, 57.218601226806641 ], [ -153.388900756835938, 57.207210540771484 ], [ -153.37060546875, 57.174991607666016 ], [ -153.455596923828125, 57.112491607666016 ], [ -153.489501953125, 57.176929473876953 ], [ -153.522201538085938, 57.134429931640625 ], [ -153.49560546875, 57.068050384521484 ], [ -153.598098754882812, 57.048038482666016 ], [ -153.587203979492188, 57.028598785400391 ], [ -153.6033935546875, 56.937770843505859 ], [ -153.66949462890625, 56.932491302490234 ], [ -153.774398803710938, 56.890270233154297 ], [ -153.763900756835938, 56.861930847167969 ], [ -153.694503784179688, 56.881099700927734 ], [ -153.711898803710938, 56.855819702148438 ], [ -153.899703979492188, 56.784431457519531 ], [ -153.961395263671875, 56.742771148681641 ] ] ], [ [ [ -135.826995849609375, 56.985820770263672 ], [ -135.826705932617188, 57.076648712158203 ], [ -135.708892822265625, 57.161380767822266 ], [ -135.81170654296875, 57.169158935546875 ], [ -135.847000122070312, 57.316661834716797 ], [ -135.700302124023438, 57.316928863525391 ], [ -135.589797973632812, 57.263320922851562 ], [ -135.55389404296875, 57.224151611328125 ], [ -135.62469482421875, 57.231658935546875 ], [ -135.546401977539062, 57.134990692138672 ], [ -135.62249755859375, 57.007770538330078 ], [ -135.826995849609375, 56.985820770263672 ] ] ], [ [ [ -153.315597534179688, 56.989711761474609 ], [ -153.347793579101562, 57.040821075439453 ], [ -153.407501220703125, 57.072769165039062 ], [ -153.272796630859375, 57.198600769042969 ], [ -153.17529296875, 57.184158325195312 ], [ -153.210006713867188, 57.132770538330078 ], [ -152.990005493164062, 57.174430847167969 ], [ -152.894699096679688, 57.135818481445312 ], [ -153.191696166992188, 57.082489013671875 ], [ -153.244796752929688, 57.000541687011719 ], [ -153.315597534179688, 56.989711761474609 ] ] ], [ [ [ -133.63250732421875, 56.437210083007812 ], [ -133.660903930664062, 56.518039703369141 ], [ -133.645004272460938, 56.5635986328125 ], [ -133.659194946289062, 56.631099700927734 ], [ -133.707000732421875, 56.677761077880859 ], [ -133.671401977539062, 56.848320007324219 ], [ -133.773895263671875, 56.821380615234375 ], [ -133.87969970703125, 56.878040313720703 ], [ -133.86279296875, 56.898319244384766 ], [ -133.756393432617188, 56.873878479003906 ], [ -134.018096923828125, 57.01470947265625 ], [ -134.007797241210938, 57.057491302490234 ], [ -133.883407592773438, 57.086101531982422 ], [ -133.325302124023438, 56.996929168701172 ], [ -133.280303955078125, 56.927211761474609 ], [ -133.253402709960938, 56.946098327636719 ], [ -133.2969970703125, 56.993598937988281 ], [ -133.099700927734375, 56.996379852294922 ], [ -133.05169677734375, 56.977489471435547 ], [ -132.92779541015625, 56.860271453857422 ], [ -132.989501953125, 56.812770843505859 ], [ -132.924697875976562, 56.659988403320312 ], [ -132.9364013671875, 56.624980926513672 ], [ -133.011398315429688, 56.599708557128906 ], [ -133.1875, 56.716648101806641 ], [ -133.222000122070312, 56.788600921630859 ], [ -133.342498779296875, 56.839431762695312 ], [ -133.30859375, 56.735820770263672 ], [ -133.233901977539062, 56.740821838378906 ], [ -133.211700439453125, 56.708881378173828 ], [ -133.24200439453125, 56.636379241943359 ], [ -133.104995727539062, 56.618881225585938 ], [ -133.113906860351562, 56.600551605224609 ], [ -133.081100463867188, 56.528598785400391 ], [ -133.129196166992188, 56.524150848388672 ], [ -133.119400024414062, 56.488319396972656 ], [ -133.148605346679688, 56.458599090576172 ], [ -133.334701538085938, 56.470829010009766 ], [ -133.42919921875, 56.501930236816406 ], [ -133.418899536132812, 56.454708099365234 ], [ -133.63250732421875, 56.437210083007812 ] ] ], [ [ [ -134.106704711914062, 55.999149322509766 ], [ -134.162002563476562, 56.022209167480469 ], [ -134.236404418945312, 56.112491607666016 ], [ -134.19219970703125, 56.155818939208984 ], [ -134.245803833007812, 56.165821075439453 ], [ -134.266098022460938, 56.249988555908203 ], [ -134.160003662109375, 56.296100616455078 ], [ -134.199493408203125, 56.319149017333984 ], [ -134.281097412109375, 56.291370391845703 ], [ -134.231704711914062, 56.419158935546875 ], [ -134.18359375, 56.406940460205078 ], [ -134.155303955078125, 56.364429473876953 ], [ -134.10809326171875, 56.405269622802734 ], [ -134.04949951171875, 56.359439849853516 ], [ -134.032806396484375, 56.420269012451172 ], [ -134.069198608398438, 56.464710235595703 ], [ -134.028594970703125, 56.472488403320312 ], [ -134.068405151367188, 56.555271148681641 ], [ -134.12420654296875, 56.4869384765625 ], [ -134.227005004882812, 56.557491302490234 ], [ -134.306396484375, 56.560260772705078 ], [ -134.094696044921875, 56.625541687011719 ], [ -134.12750244140625, 56.649711608886719 ], [ -134.24859619140625, 56.641929626464844 ], [ -134.208099365234375, 56.670269012451172 ], [ -134.223403930664062, 56.693321228027344 ], [ -134.307296752929688, 56.657489776611328 ], [ -134.37469482421875, 56.693599700927734 ], [ -134.408905029296875, 56.829429626464844 ], [ -134.393295288085938, 56.856380462646484 ], [ -134.352005004882812, 56.856380462646484 ], [ -134.291702270507812, 56.786098480224609 ], [ -134.272003173828125, 56.801658630371094 ], [ -134.333602905273438, 56.871658325195312 ], [ -134.314697265625, 56.897209167480469 ], [ -134.11529541015625, 56.841381072998047 ], [ -134.151397705078125, 56.890541076660156 ], [ -134.263595581054688, 56.936939239501953 ], [ -133.987503051757812, 56.870819091796875 ], [ -133.919692993164062, 56.727210998535156 ], [ -133.967498779296875, 56.654991149902344 ], [ -133.945907592773438, 56.646381378173828 ], [ -133.862197875976562, 56.723598480224609 ], [ -133.87469482421875, 56.804149627685547 ], [ -133.7283935546875, 56.774429321289062 ], [ -133.726104736328125, 56.627769470214844 ], [ -133.69140625, 56.599708557128906 ], [ -133.7528076171875, 56.554710388183594 ], [ -133.822006225585938, 56.608318328857422 ], [ -133.92059326171875, 56.614158630371094 ], [ -133.845001220703125, 56.57720947265625 ], [ -133.919204711914062, 56.506378173828125 ], [ -133.828598022460938, 56.440540313720703 ], [ -133.902496337890625, 56.394989013671875 ], [ -133.914703369140625, 56.370540618896484 ], [ -133.844497680664062, 56.348880767822266 ], [ -133.849197387695312, 56.284160614013672 ], [ -133.968597412109375, 56.361099243164062 ], [ -133.984207153320312, 56.268878936767578 ], [ -133.922500610351562, 56.279430389404297 ], [ -133.890792846679688, 56.233600616455078 ], [ -133.947799682617188, 56.199710845947266 ], [ -133.9364013671875, 56.116649627685547 ], [ -133.955001831054688, 56.083320617675781 ], [ -134.031402587890625, 56.10137939453125 ], [ -134.026702880859375, 56.287208557128906 ], [ -134.052505493164062, 56.312480926513672 ], [ -134.094497680664062, 56.179710388183594 ], [ -134.181396484375, 56.183040618896484 ], [ -134.156097412109375, 56.131099700927734 ], [ -134.105606079101562, 56.142490386962891 ], [ -134.087203979492188, 56.081100463867188 ], [ -134.106704711914062, 55.999149322509766 ] ] ], [ [ [ -132.773101806640625, 56.494709014892578 ], [ -132.92669677734375, 56.502769470214844 ], [ -132.956405639648438, 56.594150543212891 ], [ -132.883407592773438, 56.630821228027344 ], [ -132.963897705078125, 56.796379089355469 ], [ -132.92059326171875, 56.819149017333984 ], [ -132.802001953125, 56.786380767822266 ], [ -132.533401489257812, 56.599430084228516 ], [ -132.530899047851562, 56.577770233154297 ], [ -132.68359375, 56.520259857177734 ], [ -132.74249267578125, 56.555271148681641 ], [ -132.735000610351562, 56.523040771484375 ], [ -132.773101806640625, 56.494709014892578 ] ] ], [ [ [ -161.085296630859375, 58.554710388183594 ], [ -161.07470703125, 58.686378479003906 ], [ -160.947799682617188, 58.740261077880859 ], [ -160.709701538085938, 58.792209625244141 ], [ -160.911697387695312, 58.569709777832031 ], [ -161.085296630859375, 58.554710388183594 ] ] ], [ [ [ -132.834197998046875, 56.230819702148438 ], [ -133.05780029296875, 56.347488403320312 ], [ -132.9403076171875, 56.447769165039062 ], [ -132.703094482421875, 56.456100463867188 ], [ -132.61419677734375, 56.396381378173828 ], [ -132.663406372070312, 56.350551605224609 ], [ -132.63470458984375, 56.298320770263672 ], [ -132.662200927734375, 56.270549774169922 ], [ -132.834197998046875, 56.230819702148438 ] ] ], [ [ [ -132.056106567382812, 56.111370086669922 ], [ -132.331100463867188, 56.256378173828125 ], [ -132.348403930664062, 56.364429473876953 ], [ -132.326095581054688, 56.399150848388672 ], [ -132.375900268554688, 56.472488403320312 ], [ -132.336105346679688, 56.479988098144531 ], [ -132.009506225585938, 56.340549468994141 ], [ -131.920303344726562, 56.207489013671875 ], [ -132.056106567382812, 56.111370086669922 ] ] ], [ [ [ -159.538894653320312, 21.891939163208008 ], [ -159.751998901367188, 21.97776985168457 ], [ -159.789993286132812, 22.032770156860352 ], [ -159.716903686523438, 22.152769088745117 ], [ -159.488296508789062, 22.225269317626953 ], [ -159.327499389648438, 22.20166015625 ], [ -159.288894653320312, 22.12693977355957 ], [ -159.3883056640625, 21.901660919189453 ], [ -159.538894653320312, 21.891939163208008 ] ] ], [ [ [ -132.265594482421875, 55.918319702148438 ], [ -132.42559814453125, 55.956100463867188 ], [ -132.375595092773438, 56.022209167480469 ], [ -132.594192504882812, 56.081378936767578 ], [ -132.625595092773438, 56.047771453857422 ], [ -132.695907592773438, 56.107769012451172 ], [ -132.694503784179688, 56.222209930419922 ], [ -132.6033935546875, 56.231380462646484 ], [ -132.529205322265625, 56.331928253173828 ], [ -132.390304565429688, 56.336101531982422 ], [ -132.386993408203125, 56.241378784179688 ], [ -132.4783935546875, 56.189990997314453 ], [ -132.396697998046875, 56.184719085693359 ], [ -132.3594970703125, 56.216648101806641 ], [ -132.123397827148438, 56.127490997314453 ], [ -132.090301513671875, 56.099151611328125 ], [ -132.178604125976562, 56.041099548339844 ], [ -132.1156005859375, 55.955539703369141 ], [ -132.1278076171875, 55.928321838378906 ], [ -132.166702270507812, 55.931381225585938 ], [ -132.17999267578125, 55.966098785400391 ], [ -132.265594482421875, 55.918319702148438 ] ] ], [ [ [ -133.695297241210938, 55.896381378173828 ], [ -133.785598754882812, 55.91693115234375 ], [ -133.793106079101562, 55.948318481445312 ], [ -133.685592651367188, 56.062210083007812 ], [ -133.489700317382812, 56.081100463867188 ], [ -133.62030029296875, 56.114158630371094 ], [ -133.610305786132812, 56.133319854736328 ], [ -133.500595092773438, 56.115821838378906 ], [ -133.314498901367188, 56.149150848388672 ], [ -133.285598754882812, 56.128879547119141 ], [ -133.31390380859375, 56.081378936767578 ], [ -133.287796020507812, 56.033870697021484 ], [ -133.30450439453125, 56.000270843505859 ], [ -133.477203369140625, 56.022769927978516 ], [ -133.585601806640625, 55.945270538330078 ], [ -133.61700439453125, 55.959430694580078 ], [ -133.695297241210938, 55.896381378173828 ] ] ], [ [ [ -177.642196655273438, 51.649429321289062 ], [ -177.704498291015625, 51.700820922851562 ], [ -177.243301391601562, 51.793319702148438 ], [ -177.19970703125, 51.844711303710938 ], [ -177.195602416992188, 51.920551300048828 ], [ -177.146392822265625, 51.938320159912109 ], [ -177.045806884765625, 51.888599395751953 ], [ -177.133895874023438, 51.764430999755859 ], [ -177.130294799804688, 51.718879699707031 ], [ -177.315902709960938, 51.682209014892578 ], [ -177.37420654296875, 51.72637939453125 ], [ -177.620803833007812, 51.696098327636719 ], [ -177.642196655273438, 51.649429321289062 ] ] ], [ [ [ -131.211105346679688, 55.187770843505859 ], [ -131.30670166015625, 55.234989166259766 ], [ -131.19610595703125, 55.349151611328125 ], [ -131.19610595703125, 55.393318176269531 ], [ -131.261093139648438, 55.391380310058594 ], [ -131.274703979492188, 55.359439849853516 ], [ -131.25390625, 55.321659088134766 ], [ -131.293106079101562, 55.273880004882812 ], [ -131.388900756835938, 55.254989624023438 ], [ -131.455001831054688, 55.277210235595703 ], [ -131.457000732421875, 55.303050994873047 ], [ -131.2908935546875, 55.411098480224609 ], [ -131.281402587890625, 55.489158630371094 ], [ -131.341903686523438, 55.641651153564453 ], [ -131.36749267578125, 55.605819702148438 ], [ -131.3153076171875, 55.462211608886719 ], [ -131.394500732421875, 55.352771759033203 ], [ -131.455596923828125, 55.325550079345703 ], [ -131.419204711914062, 55.375820159912109 ], [ -131.470001220703125, 55.476100921630859 ], [ -131.418899536132812, 55.519710540771484 ], [ -131.4906005859375, 55.507209777832031 ], [ -131.520004272460938, 55.47637939453125 ], [ -131.460601806640625, 55.367771148681641 ], [ -131.515304565429688, 55.296100616455078 ], [ -131.67999267578125, 55.35137939453125 ], [ -131.818405151367188, 55.446098327636719 ], [ -131.82000732421875, 55.467491149902344 ], [ -131.61669921875, 55.591381072998047 ], [ -131.699996948242188, 55.615550994873047 ], [ -131.700302124023438, 55.665271759033203 ], [ -131.513107299804688, 55.72637939453125 ], [ -131.629501342773438, 55.730819702148438 ], [ -131.69610595703125, 55.698600769042969 ], [ -131.715606689453125, 55.720268249511719 ], [ -131.594192504882812, 55.770549774169922 ], [ -131.49029541015625, 55.778598785400391 ], [ -131.522003173828125, 55.818599700927734 ], [ -131.679702758789062, 55.791370391845703 ], [ -131.68389892578125, 55.833320617675781 ], [ -131.458297729492188, 55.824161529541016 ], [ -131.465301513671875, 55.844989776611328 ], [ -131.546401977539062, 55.855258941650391 ], [ -131.577194213867188, 55.901371002197266 ], [ -131.231704711914062, 55.953880310058594 ], [ -130.967803955078125, 55.698318481445312 ], [ -130.93670654296875, 55.579151153564453 ], [ -130.982192993164062, 55.474708557128906 ], [ -130.964401245117188, 55.397491455078125 ], [ -131.021697998046875, 55.410549163818359 ], [ -131.042800903320312, 55.277210235595703 ], [ -131.142807006835938, 55.196929931640625 ], [ -131.211105346679688, 55.187770843505859 ] ] ], [ [ [ -132.00390625, 54.690540313720703 ], [ -132.284194946289062, 54.711929321289062 ], [ -132.297500610351562, 54.756649017333984 ], [ -132.213592529296875, 54.788600921630859 ], [ -132.231094360351562, 54.816379547119141 ], [ -132.3533935546875, 54.799430847167969 ], [ -132.265594482421875, 54.839431762695312 ], [ -132.387496948242188, 54.964431762695312 ], [ -132.395004272460938, 55.018878936767578 ], [ -132.418594360351562, 54.921649932861328 ], [ -132.475296020507812, 54.900829315185547 ], [ -132.5028076171875, 54.918598175048828 ], [ -132.4508056640625, 54.942489624023438 ], [ -132.445297241210938, 54.977771759033203 ], [ -132.488296508789062, 54.999149322509766 ], [ -132.506393432617188, 54.947490692138672 ], [ -132.540298461914062, 54.932769775390625 ], [ -132.597503662109375, 54.968601226806641 ], [ -132.532196044921875, 55.016101837158203 ], [ -132.572799682617188, 55.037208557128906 ], [ -132.458602905273438, 55.043598175048828 ], [ -132.542007446289062, 55.060821533203125 ], [ -132.511993408203125, 55.106380462646484 ], [ -132.55670166015625, 55.121929168701172 ], [ -132.609695434570312, 55.058319091796875 ], [ -132.619796752929688, 55.087490081787109 ], [ -132.5596923828125, 55.165538787841797 ], [ -132.641403198242188, 55.250270843505859 ], [ -132.647201538085938, 55.205818176269531 ], [ -132.609207153320312, 55.168048858642578 ], [ -132.648605346679688, 55.139430999755859 ], [ -132.766693115234375, 55.175270080566406 ], [ -132.8074951171875, 55.248050689697266 ], [ -132.837493896484375, 55.271648406982422 ], [ -132.8656005859375, 55.224151611328125 ], [ -133.024200439453125, 55.204708099365234 ], [ -133.005599975585938, 55.226650238037109 ], [ -132.906402587890625, 55.264148712158203 ], [ -132.900604248046875, 55.279708862304688 ], [ -133.199493408203125, 55.273880004882812 ], [ -133.26220703125, 55.332489013671875 ], [ -133.217498779296875, 55.379161834716797 ], [ -132.847503662109375, 55.351650238037109 ], [ -133.064498901367188, 55.422771453857422 ], [ -133.12860107421875, 55.494709014892578 ], [ -133.011703491210938, 55.605258941650391 ], [ -132.912506103515625, 55.622211456298828 ], [ -132.957199096679688, 55.638881683349609 ], [ -133.25360107421875, 55.573600769042969 ], [ -133.3677978515625, 55.616378784179688 ], [ -133.384994506835938, 55.655540466308594 ], [ -133.336105346679688, 55.680820465087891 ], [ -133.30999755859375, 55.756938934326172 ], [ -133.250595092773438, 55.741939544677734 ], [ -133.144195556640625, 55.811939239501953 ], [ -133.153900146484375, 55.872760772705078 ], [ -133.18719482421875, 55.860538482666016 ], [ -133.257003784179688, 55.944149017333984 ], [ -133.243301391601562, 56.031650543212891 ], [ -133.279693603515625, 56.087211608886719 ], [ -133.255294799804688, 56.147769927978516 ], [ -133.364700317382812, 56.171939849853516 ], [ -133.569198608398438, 56.179710388183594 ], [ -133.632797241210938, 56.271099090576172 ], [ -133.5653076171875, 56.296939849853516 ], [ -133.585601806640625, 56.349708557128906 ], [ -133.323898315429688, 56.326381683349609 ], [ -133.29949951171875, 56.28887939453125 ], [ -133.266998291015625, 56.325820922851562 ], [ -133.1781005859375, 56.328041076660156 ], [ -133.023895263671875, 56.176658630371094 ], [ -133.06280517578125, 56.118038177490234 ], [ -133.138107299804688, 56.116939544677734 ], [ -133.078094482421875, 56.052490234375 ], [ -132.836898803710938, 56.032489776611328 ], [ -132.565902709960938, 55.879711151123047 ], [ -132.452804565429688, 55.72943115234375 ], [ -132.435897827148438, 55.623321533203125 ], [ -132.399200439453125, 55.670818328857422 ], [ -132.350006103515625, 55.645549774169922 ], [ -132.294998168945312, 55.540821075439453 ], [ -132.182296752929688, 55.512489318847656 ], [ -132.137496948242188, 55.4658203125 ], [ -132.159194946289062, 55.444438934326172 ], [ -132.519699096679688, 55.618320465087891 ], [ -132.560104370117188, 55.573040008544922 ], [ -132.509506225585938, 55.556098937988281 ], [ -132.580307006835938, 55.488040924072266 ], [ -132.669998168945312, 55.462211608886719 ], [ -132.653106689453125, 55.418598175048828 ], [ -132.504501342773438, 55.511379241943359 ], [ -132.281402587890625, 55.457759857177734 ], [ -132.283905029296875, 55.429149627685547 ], [ -132.4447021484375, 55.421379089355469 ], [ -132.48309326171875, 55.401100158691406 ], [ -132.458297729492188, 55.382488250732422 ], [ -132.426101684570312, 55.408599853515625 ], [ -132.153396606445312, 55.363319396972656 ], [ -132.085006713867188, 55.268039703369141 ], [ -132.130905151367188, 55.239990234375 ], [ -132.239501953125, 55.254711151123047 ], [ -132.24749755859375, 55.201381683349609 ], [ -132.222793579101562, 55.188320159912109 ], [ -132.205596923828125, 55.221931457519531 ], [ -132.109695434570312, 55.196098327636719 ], [ -132.010604858398438, 55.272769927978516 ], [ -131.968597412109375, 55.22637939453125 ], [ -131.992202758789062, 55.105819702148438 ], [ -132.050796508789062, 55.076648712158203 ], [ -132.12060546875, 55.065818786621094 ], [ -132.072799682617188, 55.039150238037109 ], [ -132.218597412109375, 54.992488861083984 ], [ -132.088897705078125, 54.974708557128906 ], [ -131.978607177734375, 55.031940460205078 ], [ -131.972000122070312, 54.894989013671875 ], [ -132.038894653320312, 54.904430389404297 ], [ -132.050796508789062, 54.884990692138672 ], [ -131.955307006835938, 54.821929931640625 ], [ -131.949493408203125, 54.788318634033203 ], [ -132.006393432617188, 54.779708862304688 ], [ -132.00390625, 54.690540313720703 ] ] ], [ [ [ 179.252197265625, 51.347488403320312 ], [ 178.898300170898438, 51.560260772705078 ], [ 178.666595458984375, 51.615001678466797 ], [ 178.660797119140625, 51.651378631591797 ], [ 178.981399536132812, 51.581378936767578 ], [ 179.111297607421875, 51.482498168945312 ], [ 179.402999877929688, 51.374160766601562 ], [ 179.252197265625, 51.347488403320312 ] ] ], [ [ [ -157.703598022460938, 21.266109466552734 ], [ -157.868896484375, 21.296939849853516 ], [ -157.902496337890625, 21.336940765380859 ], [ -157.949203491210938, 21.319719314575195 ], [ -157.967498779296875, 21.344440460205078 ], [ -157.9385986328125, 21.36638069152832 ], [ -157.980300903320312, 21.392490386962891 ], [ -158.026092529296875, 21.374719619750977 ], [ -157.978103637695312, 21.343330383300781 ], [ -157.979995727539062, 21.301380157470703 ], [ -158.103607177734375, 21.295270919799805 ], [ -158.189193725585938, 21.443599700927734 ], [ -158.235000610351562, 21.476940155029297 ], [ -158.273300170898438, 21.580549240112305 ], [ -158.11810302734375, 21.586940765380859 ], [ -157.982803344726562, 21.707769393920898 ], [ -157.852005004882812, 21.557500839233398 ], [ -157.805801391601562, 21.435829162597656 ], [ -157.722000122070312, 21.464439392089844 ], [ -157.708297729492188, 21.368610382080078 ], [ -157.639694213867188, 21.313880920410156 ], [ -157.703598022460938, 21.266109466552734 ] ] ], [ [ [ -160.8114013671875, 55.117488861083984 ], [ -160.848403930664062, 55.330268859863281 ], [ -160.731399536132812, 55.406379699707031 ], [ -160.695602416992188, 55.399990081787109 ], [ -160.661407470703125, 55.387210845947266 ], [ -160.660003662109375, 55.340259552001953 ], [ -160.696701049804688, 55.319438934326172 ], [ -160.668594360351562, 55.297210693359375 ], [ -160.574996948242188, 55.387489318847656 ], [ -160.543899536132812, 55.385540008544922 ], [ -160.533905029296875, 55.350269317626953 ], [ -160.582794189453125, 55.316928863525391 ], [ -160.572494506835938, 55.228321075439453 ], [ -160.462203979492188, 55.193321228027344 ], [ -160.613601684570312, 55.150539398193359 ], [ -160.67919921875, 55.16387939453125 ], [ -160.681106567382812, 55.208599090576172 ], [ -160.8114013671875, 55.117488861083984 ] ] ], [ [ [ 166.662994384765625, 54.674160003662109 ], [ 166.565200805664062, 54.726940155029297 ], [ 166.485504150390625, 54.828609466552734 ], [ 166.357498168945312, 54.829151153564453 ], [ 166.07049560546875, 55.062480926513672 ], [ 166.08160400390625, 55.108879089355469 ], [ 166.0155029296875, 55.174709320068359 ], [ 165.742706298828125, 55.290538787841797 ], [ 165.9447021484375, 55.362770080566406 ], [ 166.040206909179688, 55.3408203125 ], [ 166.249496459960938, 55.3255615234375 ], [ 166.222702026367188, 55.232769012451172 ], [ 166.264694213867188, 55.127490997314453 ], [ 166.645797729492188, 54.843040466308594 ], [ 166.662994384765625, 54.674160003662109 ] ] ], [ [ [ -160.204498291015625, 54.872211456298828 ], [ -160.225601196289062, 54.875270843505859 ], [ -160.246902465820312, 54.919158935546875 ], [ -160.091400146484375, 55.043598175048828 ], [ -160.171401977539062, 55.054710388183594 ], [ -160.118606567382812, 55.068321228027344 ], [ -160.194198608398438, 55.112209320068359 ], [ -160.105804443359375, 55.156101226806641 ], [ -160.0133056640625, 55.10443115234375 ], [ -160.026092529296875, 55.151931762695312 ], [ -160.0625, 55.188880920410156 ], [ -160.038604736328125, 55.199161529541016 ], [ -159.960800170898438, 55.161651611328125 ], [ -159.949493408203125, 55.247211456298828 ], [ -159.8717041015625, 55.278049468994141 ], [ -159.856399536132812, 55.242771148681641 ], [ -159.908599853515625, 55.187770843505859 ], [ -159.911407470703125, 55.148040771484375 ], [ -159.832199096679688, 55.183040618896484 ], [ -159.839401245117188, 55.136928558349609 ], [ -159.88360595703125, 55.097209930419922 ], [ -159.976394653320312, 55.101650238037109 ], [ -159.94720458984375, 55.073600769042969 ], [ -160.168304443359375, 54.934989929199219 ], [ -160.204498291015625, 54.872211456298828 ] ] ], [ [ [ -131.57330322265625, 54.995540618896484 ], [ -131.6217041015625, 55.015541076660156 ], [ -131.579498291015625, 55.123050689697266 ], [ -131.523101806640625, 55.116649627685547 ], [ -131.519500732421875, 55.138881683349609 ], [ -131.576995849609375, 55.198040008544922 ], [ -131.583602905273438, 55.251930236816406 ], [ -131.486404418945312, 55.254428863525391 ], [ -131.382797241210938, 55.210540771484375 ], [ -131.342803955078125, 55.067211151123047 ], [ -131.3721923828125, 55.013599395751953 ], [ -131.475296020507812, 55.000831604003906 ], [ -131.528106689453125, 55.089160919189453 ], [ -131.57330322265625, 54.995540618896484 ] ] ], [ [ [ -132.75750732421875, 54.670269012451172 ], [ -132.863906860351562, 54.726100921630859 ], [ -132.905303955078125, 54.836650848388672 ], [ -133.025802612304688, 54.871101379394531 ], [ -133.098602294921875, 54.921649932861328 ], [ -133.213592529296875, 55.089431762695312 ], [ -133.118606567382812, 55.098049163818359 ], [ -133.214202880859375, 55.169990539550781 ], [ -133.155593872070312, 55.193321228027344 ], [ -133.197494506835938, 55.2127685546875 ], [ -133.12530517578125, 55.248878479003906 ], [ -133.102203369140625, 55.245540618896484 ], [ -133.0653076171875, 55.144428253173828 ], [ -132.981399536132812, 55.087211608886719 ], [ -133.073104858398438, 55.100269317626953 ], [ -133.033905029296875, 55.075260162353516 ], [ -133.044998168945312, 55.042488098144531 ], [ -132.9447021484375, 55.016651153564453 ], [ -132.898605346679688, 54.910549163818359 ], [ -132.723098754882812, 54.784709930419922 ], [ -132.7572021484375, 54.739711761474609 ], [ -132.667800903320312, 54.679149627685547 ], [ -132.75750732421875, 54.670269012451172 ] ] ], [ [ [ -164.75860595703125, 54.394989013671875 ], [ -164.841094970703125, 54.418598175048828 ], [ -164.948593139648438, 54.569988250732422 ], [ -164.928298950195312, 54.60137939453125 ], [ -164.75390625, 54.640541076660156 ], [ -164.631393432617188, 54.746379852294922 ], [ -164.544998168945312, 54.881099700927734 ], [ -164.43280029296875, 54.930538177490234 ], [ -164.219497680664062, 54.887489318847656 ], [ -164.141693115234375, 54.962211608886719 ], [ -163.999496459960938, 54.985271453857422 ], [ -163.786407470703125, 55.054710388183594 ], [ -163.545806884765625, 55.049991607666016 ], [ -163.422500610351562, 54.922210693359375 ], [ -163.3778076171875, 54.796100616455078 ], [ -163.320907592773438, 54.758041381835938 ], [ -163.189498901367188, 54.779708862304688 ], [ -163.12030029296875, 54.743598937988281 ], [ -163.048599243164062, 54.668319702148438 ], [ -163.159698486328125, 54.658870697021484 ], [ -163.11529541015625, 54.686939239501953 ], [ -163.347793579101562, 54.755550384521484 ], [ -163.4324951171875, 54.709148406982422 ], [ -163.4364013671875, 54.658329010009766 ], [ -163.600006103515625, 54.610820770263672 ], [ -164.008407592773438, 54.629989624023438 ], [ -164.213897705078125, 54.592491149902344 ], [ -164.32110595703125, 54.534431457519531 ], [ -164.336395263671875, 54.475818634033203 ], [ -164.43719482421875, 54.421379089355469 ], [ -164.75860595703125, 54.394989013671875 ] ] ], [ [ [ 168.08380126953125, 54.498878479003906 ], [ 167.736297607421875, 54.660549163818359 ], [ 167.435195922851562, 54.82720947265625 ], [ 167.433303833007812, 54.862548828125 ], [ 167.665206909179688, 54.781379699707031 ], [ 168.092193603515625, 54.520820617675781 ], [ 168.08380126953125, 54.498878479003906 ] ] ], [ [ [ -165.889999389648438, 54.029708862304688 ], [ -165.973602294921875, 54.065540313720703 ], [ -166.038894653320312, 54.036098480224609 ], [ -166.123092651367188, 54.116378784179688 ], [ -165.988906860351562, 54.211929321289062 ], [ -165.872802734375, 54.209148406982422 ], [ -165.868301391601562, 54.167758941650391 ], [ -165.760299682617188, 54.161380767822266 ], [ -165.766403198242188, 54.138320922851562 ], [ -165.722198486328125, 54.118320465087891 ], [ -165.658905029296875, 54.116649627685547 ], [ -165.7633056640625, 54.064430236816406 ], [ -165.841705322265625, 54.080539703369141 ], [ -165.889999389648438, 54.029708862304688 ] ] ], [ [ [ -167.542800903320312, 53.271648406982422 ], [ -167.830307006835938, 53.297771453857422 ], [ -167.718093872070312, 53.373600006103516 ], [ -167.160903930664062, 53.466098785400391 ], [ -167.182296752929688, 53.519710540771484 ], [ -166.969696044921875, 53.523880004882812 ], [ -166.982192993164062, 53.544990539550781 ], [ -167.070907592773438, 53.526660919189453 ], [ -167.150299072265625, 53.574428558349609 ], [ -167.152297973632812, 53.617488861083984 ], [ -167.098098754882812, 53.631378173828125 ], [ -166.99609375, 53.615550994873047 ], [ -167.06640625, 53.674430847167969 ], [ -167.022506713867188, 53.704151153564453 ], [ -166.908096313476562, 53.710540771484375 ], [ -166.801406860351562, 53.625541687011719 ], [ -166.825607299804688, 53.700550079345703 ], [ -166.716094970703125, 53.710819244384766 ], [ -166.718902587890625, 53.724151611328125 ], [ -167.089996337890625, 53.785549163818359 ], [ -167.159698486328125, 53.848049163818359 ], [ -167.024200439453125, 53.955539703369141 ], [ -166.676406860351562, 54.010818481445312 ], [ -166.61529541015625, 53.991649627685547 ], [ -166.589996337890625, 53.960540771484375 ], [ -166.627197265625, 53.942760467529297 ], [ -166.636398315429688, 53.874980926513672 ], [ -166.581100463867188, 53.876659393310547 ], [ -166.607498168945312, 53.829708099365234 ], [ -166.419998168945312, 53.941928863525391 ], [ -166.380294799804688, 53.999439239501953 ], [ -166.37530517578125, 53.948318481445312 ], [ -166.258102416992188, 53.967491149902344 ], [ -166.239700317382812, 53.886100769042969 ], [ -166.310897827148438, 53.863880157470703 ], [ -166.343093872070312, 53.884708404541016 ], [ -166.380905151367188, 53.835269927978516 ], [ -166.544692993164062, 53.746101379394531 ], [ -166.550003051757812, 53.685550689697266 ], [ -166.50970458984375, 53.723049163818359 ], [ -166.483901977539062, 53.689708709716797 ], [ -166.446395874023438, 53.748600006103516 ], [ -166.387802124023438, 53.736099243164062 ], [ -166.350601196289062, 53.777759552001953 ], [ -166.317001342773438, 53.767208099365234 ], [ -166.273605346679688, 53.683879852294922 ], [ -166.531997680664062, 53.630550384521484 ], [ -166.530593872070312, 53.602210998535156 ], [ -166.578598022460938, 53.575820922851562 ], [ -166.590896606445312, 53.535259246826172 ], [ -166.663894653320312, 53.593318939208984 ], [ -166.6322021484375, 53.531101226806641 ], [ -166.658599853515625, 53.482769012451172 ], [ -166.789199829101562, 53.5635986328125 ], [ -166.788894653320312, 53.515270233154297 ], [ -166.74420166015625, 53.468601226806641 ], [ -166.760299682617188, 53.444149017333984 ], [ -166.885604858398438, 53.477489471435547 ], [ -166.913406372070312, 53.436939239501953 ], [ -166.9425048828125, 53.466381072998047 ], [ -166.975006103515625, 53.419708251953125 ], [ -166.98919677734375, 53.448600769042969 ], [ -167.542800903320312, 53.271648406982422 ] ] ], [ [ [ -169.005294799804688, 52.867210388183594 ], [ -168.779205322265625, 53.052761077880859 ], [ -168.764999389648438, 53.086929321289062 ], [ -168.796401977539062, 53.102771759033203 ], [ -168.764205932617188, 53.179439544677734 ], [ -168.62139892578125, 53.272209167480469 ], [ -168.37060546875, 53.253040313720703 ], [ -168.345306396484375, 53.294708251953125 ], [ -168.427505493164062, 53.327491760253906 ], [ -168.391693115234375, 53.375270843505859 ], [ -168.410598754882812, 53.409709930419922 ], [ -168.24639892578125, 53.525539398193359 ], [ -168.005599975585938, 53.5635986328125 ], [ -167.9375, 53.521930694580078 ], [ -167.795303344726562, 53.495540618896484 ], [ -167.848907470703125, 53.380821228027344 ], [ -168.32470703125, 53.211101531982422 ], [ -168.464797973632812, 53.050819396972656 ], [ -168.761703491210938, 52.960269927978516 ], [ -168.756698608398438, 52.925540924072266 ], [ -169.005294799804688, 52.867210388183594 ] ] ], [ [ [ -156.86749267578125, 21.045829772949219 ], [ -157.200302124023438, 21.100830078125 ], [ -157.294692993164062, 21.08888053894043 ], [ -157.294998168945312, 21.140829086303711 ], [ -157.257003784179688, 21.227489471435547 ], [ -157.174697875976562, 21.203329086303711 ], [ -156.707504272460938, 21.158880233764648 ], [ -156.751998901367188, 21.08888053894043 ], [ -156.86749267578125, 21.045829772949219 ] ] ], [ [ [ 172.9385986328125, 52.745540618896484 ], [ 172.76080322265625, 52.793880462646484 ], [ 172.8135986328125, 52.878330230712891 ], [ 172.6282958984375, 52.861660003662109 ], [ 172.660202026367188, 52.919429779052734 ], [ 172.494094848632812, 52.914440155029297 ], [ 172.511398315429688, 52.942760467529297 ], [ 172.660507202148438, 53.0030517578125 ], [ 173.12359619140625, 52.992771148681641 ], [ 173.181106567382812, 52.966381072998047 ], [ 173.164901733398438, 52.916099548339844 ], [ 173.284698486328125, 52.925819396972656 ], [ 173.32269287109375, 52.908039093017578 ], [ 173.2633056640625, 52.869430541992188 ], [ 173.436904907226562, 52.851940155029297 ], [ 173.364105224609375, 52.825260162353516 ], [ 173.178298950195312, 52.819988250732422 ], [ 173.148300170898438, 52.779430389404297 ], [ 173.084701538085938, 52.828601837158203 ], [ 172.9385986328125, 52.745540618896484 ] ] ], [ [ [ -173.56390380859375, 52.026931762695312 ], [ -173.684402465820312, 52.063320159912109 ], [ -173.827499389648438, 52.035259246826172 ], [ -174.042205810546875, 52.127490997314453 ], [ -172.964401245117188, 52.087211608886719 ], [ -173.157196044921875, 52.055271148681641 ], [ -173.56390380859375, 52.026931762695312 ] ] ], [ [ [ -175.273895263671875, 52.006649017333984 ], [ -175.332199096679688, 52.018878936767578 ], [ -174.931106567382812, 52.072769165039062 ], [ -174.868301391601562, 52.099708557128906 ], [ -174.585006713867188, 52.098880767822266 ], [ -174.596099853515625, 52.129989624023438 ], [ -174.417800903320312, 52.2127685546875 ], [ -174.279205322265625, 52.209991455078125 ], [ -174.225296020507812, 52.252490997314453 ], [ -174.329498291015625, 52.311939239501953 ], [ -174.354202270507812, 52.277210235595703 ], [ -174.435897827148438, 52.294990539550781 ], [ -174.43389892578125, 52.319149017333984 ], [ -174.372802734375, 52.314708709716797 ], [ -174.158905029296875, 52.418598175048828 ], [ -173.99249267578125, 52.326099395751953 ], [ -173.99530029296875, 52.291099548339844 ], [ -174.063095092773438, 52.223598480224609 ], [ -174.18499755859375, 52.231098175048828 ], [ -174.194503784179688, 52.194988250732422 ], [ -174.089797973632812, 52.130550384521484 ], [ -174.098602294921875, 52.103870391845703 ], [ -174.215301513671875, 52.120819091796875 ], [ -174.25750732421875, 52.093318939208984 ], [ -174.4241943359375, 52.107769012451172 ], [ -174.390594482421875, 52.084430694580078 ], [ -174.408905029296875, 52.041370391845703 ], [ -174.444198608398438, 52.04193115234375 ], [ -174.521102905273438, 52.090549468994141 ], [ -174.485305786132812, 52.034988403320312 ], [ -174.547500610351562, 52.058601379394531 ], [ -174.6094970703125, 52.024990081787109 ], [ -175.273895263671875, 52.006649017333984 ] ] ], [ [ [ 177.332199096679688, 51.82666015625 ], [ 177.226593017578125, 51.878040313720703 ], [ 177.366592407226562, 51.969989776611328 ], [ 177.498794555664062, 51.983058929443359 ], [ 177.589096069335938, 52.121929168701172 ], [ 177.638595581054688, 52.118610382080078 ], [ 177.684097290039062, 52.091648101806641 ], [ 177.551101684570312, 51.974430084228516 ], [ 177.593307495117188, 51.946659088134766 ], [ 177.565200805664062, 51.911651611328125 ], [ 177.46380615234375, 51.937221527099609 ], [ 177.351104736328125, 51.894428253173828 ], [ 177.332199096679688, 51.82666015625 ] ] ], [ [ [ -176.92889404296875, 51.585269927978516 ], [ -176.975006103515625, 51.595829010009766 ], [ -176.972198486328125, 51.657768249511719 ], [ -176.8175048828125, 51.764430999755859 ], [ -176.9158935546875, 51.787208557128906 ], [ -176.8616943359375, 51.820541381835938 ], [ -176.838897705078125, 51.787769317626953 ], [ -176.702499389648438, 51.783329010009766 ], [ -176.779205322265625, 51.824710845947266 ], [ -176.772003173828125, 51.844711303710938 ], [ -176.703598022460938, 51.847759246826172 ], [ -176.776397705078125, 51.901660919189453 ], [ -176.780303955078125, 51.936939239501953 ], [ -176.724502563476562, 51.957210540771484 ], [ -176.5491943359375, 51.971931457519531 ], [ -176.546096801757812, 51.909988403320312 ], [ -176.642196655273438, 51.857208251953125 ], [ -176.426406860351562, 51.836380004882812 ], [ -176.416702270507812, 51.749710083007812 ], [ -176.466903686523438, 51.719150543212891 ], [ -176.48809814453125, 51.752769470214844 ], [ -176.707504272460938, 51.679149627685547 ], [ -176.798095703125, 51.604160308837891 ], [ -176.820907592773438, 51.712211608886719 ], [ -176.92889404296875, 51.585269927978516 ] ] ], [ [ [ -177.893905639648438, 51.596931457519531 ], [ -177.945602416992188, 51.602210998535156 ], [ -178.029403686523438, 51.662769317626953 ], [ -178.100906372070312, 51.664710998535156 ], [ -178.090606689453125, 51.698879241943359 ], [ -177.964202880859375, 51.716381072998047 ], [ -177.94830322265625, 51.733879089355469 ], [ -177.960006713867188, 51.768878936767578 ], [ -178.214202880859375, 51.861660003662109 ], [ -178.189697265625, 51.895259857177734 ], [ -177.957199096679688, 51.918880462646484 ], [ -177.924697875976562, 51.909160614013672 ], [ -177.834197998046875, 51.832210540771484 ], [ -177.619400024414062, 51.852210998535156 ], [ -177.648605346679688, 51.813320159912109 ], [ -177.797195434570312, 51.78887939453125 ], [ -177.8031005859375, 51.698600769042969 ], [ -177.911102294921875, 51.659431457519531 ], [ -177.893905639648438, 51.596931457519531 ] ] ], [ [ [ -156.37420654296875, 20.580829620361328 ], [ -156.443099975585938, 20.609439849853516 ], [ -156.470596313476562, 20.785829544067383 ], [ -156.68359375, 20.880270004272461 ], [ -156.702194213867188, 20.924440383911133 ], [ -156.637802124023438, 21.034999847412109 ], [ -156.594192504882812, 21.05055046081543 ], [ -156.478607177734375, 20.900550842285156 ], [ -156.270004272460938, 20.93943977355957 ], [ -156.024703979492188, 20.809989929199219 ], [ -155.987503051757812, 20.767490386962891 ], [ -156.001693725585938, 20.717220306396484 ], [ -156.13250732421875, 20.631099700927734 ], [ -156.37420654296875, 20.580829620361328 ] ] ], [ [ [ -122.372200012207031, 47.919429779052734 ], [ -122.606697082519531, 48.087490081787109 ], [ -122.599502563476562, 48.146648406982422 ], [ -122.741401672363281, 48.210540771484375 ], [ -122.757797241210938, 48.233879089355469 ], [ -122.659698486328125, 48.390541076660156 ], [ -122.588302612304688, 48.392208099365234 ], [ -122.50469970703125, 48.309711456298828 ], [ -122.546401977539062, 48.283599853515625 ], [ -122.651100158691406, 48.291660308837891 ], [ -122.653602600097656, 48.251380920410156 ], [ -122.719497680664062, 48.228870391845703 ], [ -122.624198913574219, 48.219711303710938 ], [ -122.571701049804688, 48.179439544677734 ], [ -122.527900695800781, 48.045749664306641 ], [ -122.506698608398438, 48.024711608886719 ], [ -122.514999389648438, 48.098880767822266 ], [ -122.365303039550781, 48.037490844726562 ], [ -122.334503173828125, 47.970539093017578 ], [ -122.372200012207031, 47.919429779052734 ] ] ], [ [ [ -155.660293579101562, 18.924720764160156 ], [ -155.791397094726562, 19.029159545898438 ], [ -155.861404418945312, 19.036380767822266 ], [ -155.900802612304688, 19.088329315185547 ], [ -155.914703369140625, 19.486940383911133 ], [ -156.050003051757812, 19.735830307006836 ], [ -156.036697387695312, 19.788330078125 ], [ -155.8197021484375, 19.990270614624023 ], [ -155.816696166992188, 20.054719924926758 ], [ -155.86749267578125, 20.103050231933594 ], [ -155.895004272460938, 20.171659469604492 ], [ -155.881103515625, 20.243330001831055 ], [ -155.82330322265625, 20.272499084472656 ], [ -155.336105346679688, 20.059989929199219 ], [ -155.088302612304688, 19.884439468383789 ], [ -155.075607299804688, 19.741939544677734 ], [ -154.987503051757812, 19.745269775390625 ], [ -154.9302978515625, 19.61305046081543 ], [ -154.796401977539062, 19.542219161987305 ], [ -154.81390380859375, 19.479999542236328 ], [ -155.005599975585938, 19.328880310058594 ], [ -155.377197265625, 19.211940765380859 ], [ -155.534194946289062, 19.111110687255859 ], [ -155.588302612304688, 18.989719390869141 ], [ -155.660293579101562, 18.924720764160156 ] ] ], [ [ [ -73.914459228515625, 40.563041687011719 ], [ -73.764450073242188, 40.615821838378906 ], [ -73.767501831054688, 40.641651153564453 ], [ -73.843902587890625, 40.659709930419922 ], [ -73.900009155273438, 40.635818481445312 ], [ -73.8719482421875, 40.608600616455078 ], [ -74.007781982421875, 40.580268859863281 ], [ -74.003890991210938, 40.69110107421875 ], [ -73.922500610351562, 40.789710998535156 ], [ -73.710006713867188, 40.809158325195312 ], [ -73.720840454101562, 40.870540618896484 ], [ -73.684722900390625, 40.867488861083984 ], [ -73.653633117675781, 40.819988250732422 ], [ -73.643341064453125, 40.893318176269531 ], [ -73.589736938476562, 40.920551300048828 ], [ -73.470840454101562, 40.890819549560547 ], [ -73.484733581542969, 40.946098327636719 ], [ -73.428337097167969, 40.9385986328125 ], [ -73.361953735351562, 40.9033203125 ], [ -73.357513427734375, 40.929988861083984 ], [ -73.396957397460938, 40.958049774169922 ], [ -73.226959228515625, 40.910549163818359 ], [ -73.155838012695312, 40.934989929199219 ], [ -73.1219482421875, 40.975551605224609 ], [ -72.647506713867188, 40.979709625244141 ], [ -72.2852783203125, 41.161930084228516 ], [ -72.239730834960938, 41.160549163818359 ], [ -72.26251220703125, 41.125270843505859 ], [ -72.32000732421875, 41.133880615234375 ], [ -72.551681518554688, 40.953880310058594 ], [ -72.6219482421875, 40.918319702148438 ], [ -72.498336791992188, 40.904148101806641 ], [ -72.24334716796875, 41.047210693359375 ], [ -72.065567016601562, 41.012760162353516 ], [ -71.924179077148438, 41.081928253173828 ], [ -71.859451293945312, 41.073600769042969 ], [ -72.446670532226562, 40.868320465087891 ], [ -72.495826721191406, 40.887760162353516 ], [ -72.492233276367188, 40.846660614013672 ], [ -72.698623657226562, 40.789710998535156 ], [ -72.658340454101562, 40.814708709716797 ], [ -73.682510375976562, 40.633598327636719 ], [ -73.678070068359375, 40.603870391845703 ], [ -73.914459228515625, 40.563041687011719 ] ] ], [ [ [ -76.434722900390625, 44.104709625244141 ], [ -76.053329467773438, 44.346649169921875 ], [ -75.879989624023438, 44.393318176269531 ], [ -75.485000610351562, 44.724700927734375 ], [ -75.125267028808594, 44.920269012451172 ], [ -74.85028076171875, 45.016651153564453 ], [ -73.694717407226562, 45.004711151123047 ], [ -71.495002746582031, 45.020900726318359 ], [ -71.496658325195312, 45.068878173828125 ], [ -71.398643493652344, 45.199420928955078 ], [ -71.440567016601562, 45.238590240478516 ], [ -71.303047180175781, 45.30303955078125 ], [ -71.170272827148438, 45.253879547119141 ], [ -71.010566711425781, 45.355258941650391 ], [ -70.95501708984375, 45.353870391845703 ], [ -70.886123657226562, 45.238040924072266 ], [ -70.8255615234375, 45.316661834716797 ], [ -70.824172973632812, 45.416088104248047 ], [ -70.769172668457031, 45.436649322509766 ], [ -70.668876647949219, 45.391929626464844 ], [ -70.639999389648438, 45.404979705810547 ], [ -70.634170532226562, 45.428321838378906 ], [ -70.718887329101562, 45.485820770263672 ], [ -70.696662902832031, 45.565261840820312 ], [ -70.466667175292969, 45.711929321289062 ], [ -70.416946411132812, 45.718318939208984 ], [ -70.388900756835938, 45.752769470214844 ], [ -70.411392211914062, 45.804428100585938 ], [ -70.246109008789062, 45.940818786621094 ], [ -70.248626708984375, 45.964710235595703 ], [ -70.309722900390625, 45.980808258056641 ], [ -70.234443664550781, 46.150821685791016 ], [ -70.287216186523438, 46.197761535644531 ], [ -70.139183044433594, 46.375820159912109 ], [ -70.0511474609375, 46.439170837402344 ], [ -70.009193420410156, 46.698040008544922 ], [ -69.23248291015625, 47.470890045166016 ], [ -69.055557250976562, 47.438591003417969 ], [ -69.047500610351562, 47.269710540771484 ], [ -68.888442993164062, 47.188030242919922 ], [ -68.504463195800781, 47.304149627685547 ], [ -68.405006408691406, 47.293598175048828 ], [ -68.368057250976562, 47.351100921630859 ], [ -68.323333740234375, 47.365821838378906 ], [ -68.118621826171875, 47.289710998535156 ], [ -67.792861938476562, 47.0706787109375 ], [ -67.757232666015625, 45.833320617675781 ], [ -67.804443359375, 45.731369018554688 ], [ -67.796966552734375, 45.696090698242188 ], [ -67.539199829101562, 45.608501434326172 ], [ -67.424041748046875, 45.594440460205078 ], [ -67.41082763671875, 45.529979705810547 ], [ -67.4827880859375, 45.500270843505859 ], [ -67.450302124023438, 45.317489624023438 ], [ -67.465011596679688, 45.281101226806641 ], [ -67.359451293945312, 45.160541534423828 ], [ -67.319168090820312, 45.148601531982422 ], [ -67.281387329101562, 45.196929931640625 ], [ -67.200759887695312, 45.192150115966797 ], [ -67.03472900390625, 44.984989166259766 ], [ -67.065841674804688, 44.941661834716797 ], [ -67.106399536132812, 44.963871002197266 ], [ -67.10833740234375, 44.915821075439453 ], [ -67.19500732421875, 44.928321838378906 ], [ -67.143623352050781, 44.835269927978516 ], [ -67.092216491699219, 44.904148101806641 ], [ -67.057510375976562, 44.836650848388672 ], [ -67.039726257324219, 44.886379241943359 ], [ -66.968902587890625, 44.831100463867188 ], [ -67.18695068359375, 44.661930084228516 ], [ -67.320281982421875, 44.671379089355469 ], [ -67.29779052734375, 44.719440460205078 ], [ -67.3819580078125, 44.7158203125 ], [ -67.3961181640625, 44.620540618896484 ], [ -67.435562133789062, 44.680271148681641 ], [ -67.433059692382812, 44.624980926513672 ], [ -67.523063659667969, 44.634708404541016 ], [ -67.5452880859375, 44.668048858642578 ], [ -67.560836791992188, 44.554710388183594 ], [ -67.628067016601562, 44.541099548339844 ], [ -67.644737243652344, 44.581928253173828 ], [ -67.732223510742188, 44.518600463867188 ], [ -67.735000610351562, 44.612770080566406 ], [ -67.781402587890625, 44.543880462646484 ], [ -67.7730712890625, 44.594711303710938 ], [ -67.866668701171875, 44.558879852294922 ], [ -67.839736938476562, 44.498600006103516 ], [ -67.884452819824219, 44.496101379394531 ], [ -67.893890380859375, 44.416660308837891 ], [ -67.916946411132812, 44.439990997314453 ], [ -67.953338623046875, 44.437480926513672 ], [ -67.956390380859375, 44.509990692138672 ], [ -68.01806640625, 44.486930847167969 ], [ -67.964736938476562, 44.414989471435547 ], [ -68.05255126953125, 44.345909118652344 ], [ -68.136947631835938, 44.512771606445312 ], [ -68.170562744140625, 44.475269317626953 ], [ -68.1844482421875, 44.53887939453125 ], [ -68.204727172851562, 44.534988403320312 ], [ -68.213897705078125, 44.481098175048828 ], [ -68.2841796875, 44.522209167480469 ], [ -68.265007019042969, 44.469989776611328 ], [ -68.379730224609375, 44.444149017333984 ], [ -68.418060302734375, 44.412769317626953 ], [ -68.414169311523438, 44.498878479003906 ], [ -68.471389770507812, 44.506378173828125 ], [ -68.4505615234375, 44.403598785400391 ], [ -68.5594482421875, 44.426380157470703 ], [ -68.508621215820312, 44.258319854736328 ], [ -68.529449462890625, 44.249439239501953 ], [ -68.741668701171875, 44.359149932861328 ], [ -68.8114013671875, 44.328319549560547 ], [ -68.7872314453125, 44.389148712158203 ], [ -68.691963195800781, 44.418880462646484 ], [ -68.713058471679688, 44.457489013671875 ], [ -68.799728393554688, 44.406379699707031 ], [ -68.804733276367188, 44.441928863525391 ], [ -68.729446411132812, 44.560550689697266 ], [ -68.788909912109375, 44.580818176269531 ], [ -68.803070068359375, 44.483879089355469 ], [ -68.980560302734375, 44.442760467529297 ], [ -68.930282592773438, 44.35137939453125 ], [ -69.082778930664062, 44.131649017333984 ], [ -69.089447021484375, 44.098320007324219 ], [ -69.063606262207031, 44.068878173828125 ], [ -69.248611450195312, 43.938041687011719 ], [ -69.220291137695312, 44.026660919189453 ], [ -69.352508544921875, 43.984710693359375 ], [ -69.340560913085938, 44.070270538330078 ], [ -69.397781372070312, 44.043048858642578 ], [ -69.497787475585938, 43.851940155029297 ], [ -69.559722900390625, 43.948318481445312 ], [ -69.58306884765625, 43.933319091796875 ], [ -69.601959228515625, 43.852489471435547 ], [ -69.672233581542969, 43.8760986328125 ], [ -69.606948852539062, 44.034988403320312 ], [ -69.630569458007812, 44.038318634033203 ], [ -69.7489013671875, 43.912769317626953 ], [ -69.698623657226562, 43.851650238037109 ], [ -69.725852966308594, 43.780269622802734 ], [ -69.753616333007812, 43.770820617675781 ], [ -69.800003051757812, 43.996658325195312 ], [ -69.759742736816406, 44.069988250732422 ], [ -69.87139892578125, 44.000820159912109 ], [ -69.849166870117188, 43.972499847412109 ], [ -69.817497253417969, 43.987491607666016 ], [ -69.775283813476562, 43.7510986328125 ], [ -69.831390380859375, 43.714160919189453 ], [ -69.870292663574219, 43.85443115234375 ], [ -69.878067016601562, 43.808601379394531 ], [ -69.978897094726562, 43.740261077880859 ], [ -69.915283203125, 43.859710693359375 ], [ -69.994743347167969, 43.756649017333984 ], [ -70.007232666015625, 43.7752685546875 ], [ -69.943618774414062, 43.859710693359375 ], [ -70.085861206054688, 43.829990386962891 ], [ -70.227226257324219, 43.719150543212891 ], [ -70.23529052734375, 43.668880462646484 ], [ -70.189453125, 43.580818176269531 ], [ -70.325843811035156, 43.563880920410156 ], [ -70.366668701171875, 43.499710083007812 ], [ -70.353897094726562, 43.461650848388672 ], [ -70.375839233398438, 43.409160614013672 ], [ -70.523063659667969, 43.350818634033203 ], [ -70.58306884765625, 43.273601531982422 ], [ -70.615280151367188, 43.156650543212891 ], [ -70.667510986328125, 43.083881378173828 ], [ -70.72222900390625, 43.123878479003906 ], [ -70.751106262207031, 43.058319091796875 ], [ -70.703903198242188, 43.060550689697266 ], [ -70.860572814941406, 42.821659088134766 ], [ -70.793060302734375, 42.781101226806641 ], [ -70.755279541015625, 42.659431457519531 ], [ -70.669166564941406, 42.630821228027344 ], [ -70.637786865234375, 42.683879852294922 ], [ -70.580291748046875, 42.662769317626953 ], [ -70.626106262207031, 42.597209930419922 ], [ -70.658622741699219, 42.613601684570312 ], [ -70.760276794433594, 42.56610107421875 ], [ -70.868621826171875, 42.54193115234375 ], [ -70.835281372070312, 42.502769470214844 ], [ -70.956390380859375, 42.446380615234375 ], [ -70.963623046875, 42.374721527099609 ], [ -71.043327331542969, 42.369991302490234 ], [ -71.0372314453125, 42.301380157470703 ], [ -70.889183044433594, 42.246658325195312 ], [ -70.861953735351562, 42.265541076660156 ], [ -70.904716491699219, 42.304149627685547 ], [ -70.759742736816406, 42.247211456298828 ], [ -70.587783813476562, 42.014430999755859 ], [ -70.629730224609375, 42.004428863525391 ], [ -70.639450073242188, 42.053878784179688 ], [ -70.6944580078125, 42.014148712158203 ], [ -70.617782592773438, 41.954429626464844 ], [ -70.531402587890625, 41.932769775390625 ], [ -70.5352783203125, 41.815818786621094 ], [ -70.457496643066406, 41.757209777832031 ], [ -70.293617248535156, 41.708881378173828 ], [ -70.02166748046875, 41.789989471435547 ], [ -69.9888916015625, 41.836391448974609 ], [ -70.025848388671875, 41.933879852294922 ], [ -70.063056945800781, 41.888599395751953 ], [ -70.086402893066406, 42.008598327636719 ], [ -70.128067016601562, 42.058040618896484 ], [ -70.1702880859375, 42.058319091796875 ], [ -70.184173583984375, 42.022769927978516 ], [ -70.24639892578125, 42.064430236816406 ], [ -70.2327880859375, 42.088600158691406 ], [ -70.144180297851562, 42.087490081787109 ], [ -70.039459228515625, 42.028598785400391 ], [ -69.934722900390625, 41.856658935546875 ], [ -69.942779541015625, 41.678321838378906 ], [ -70.457496643066406, 41.586650848388672 ], [ -70.656402587890625, 41.526660919189453 ], [ -70.6480712890625, 41.721099853515625 ], [ -70.710563659667969, 41.746101379394531 ], [ -70.765556335449219, 41.646930694580078 ], [ -70.850570678710938, 41.630821228027344 ], [ -70.851959228515625, 41.586650848388672 ], [ -70.899726867675781, 41.639148712158203 ], [ -70.985572814941406, 41.523040771484375 ], [ -71.041397094726562, 41.497760772705078 ], [ -71.093902587890625, 41.542209625244141 ], [ -71.186111450195312, 41.466648101806641 ], [ -71.207229614257812, 41.632209777832031 ], [ -71.111396789550781, 41.794990539550781 ], [ -71.2952880859375, 41.658329010009766 ], [ -71.2952880859375, 41.710819244384766 ], [ -71.385276794433594, 41.808879852294922 ], [ -71.391952514648438, 41.740550994873047 ], [ -71.364463806152344, 41.7127685546875 ], [ -71.385276794433594, 41.673320770263672 ], [ -71.421951293945312, 41.692760467529297 ], [ -71.424453735351562, 41.517768859863281 ], [ -71.481399536132812, 41.374710083007812 ], [ -72.0452880859375, 41.329429626464844 ], [ -72.085563659667969, 41.351100921630859 ], [ -72.109733581542969, 41.305271148681641 ], [ -72.30889892578125, 41.286098480224609 ], [ -72.374183654785156, 41.363319396972656 ], [ -72.350013732910156, 41.284160614013672 ], [ -72.878067016601562, 41.249710083007812 ], [ -72.905288696289062, 41.302211761474609 ], [ -73.104446411132812, 41.166660308837891 ], [ -73.392227172851562, 41.092769622802734 ], [ -73.741958618164062, 40.931098937988281 ], [ -73.799453735351562, 40.823318481445312 ], [ -73.921768188476562, 40.812061309814453 ], [ -73.991783142089844, 40.730381011962891 ], [ -73.996673583984375, 40.756378173828125 ], [ -73.891952514648438, 40.943599700927734 ], [ -73.872222900390625, 41.151100158691406 ], [ -73.943893432617188, 41.302211761474609 ], [ -73.980827331542969, 41.279991149902344 ], [ -73.970291137695312, 41.215549468994141 ], [ -73.915557861328125, 41.165538787841797 ], [ -73.904167175292969, 40.959430694580078 ], [ -74.082496643066406, 40.674160003662109 ], [ -74.111953735351562, 40.715259552001953 ], [ -74.281539916992188, 40.574810028076172 ], [ -74.256439208984375, 40.509929656982422 ], [ -74.269180297851562, 40.474708557128906 ], [ -74.1944580078125, 40.435821533203125 ], [ -74.121673583984375, 40.446659088134766 ], [ -73.956680297851562, 40.400829315185547 ], [ -74.015007019042969, 40.132488250732422 ], [ -74.045013427734375, 40.054710388183594 ], [ -74.133621215820312, 39.931381225585938 ], [ -74.091949462890625, 39.919158935546875 ], [ -74.178070068359375, 39.760269165039062 ], [ -74.148902893066406, 39.708881378173828 ], [ -74.316963195800781, 39.565818786621094 ], [ -74.288070678710938, 39.512489318847656 ], [ -74.405288696289062, 39.551929473876953 ], [ -74.392227172851562, 39.443878173828125 ], [ -74.430282592773438, 39.458320617675781 ], [ -74.470291137695312, 39.396930694580078 ], [ -74.431121826171875, 39.393600463867188 ], [ -74.413887023925781, 39.360538482666016 ], [ -74.523063659667969, 39.308040618896484 ], [ -74.484451293945312, 39.362491607666016 ], [ -74.549453735351562, 39.338039398193359 ], [ -74.567497253417969, 39.305820465087891 ], [ -74.644447326660156, 39.304988861083984 ], [ -74.628067016601562, 39.283329010009766 ], [ -74.546676635742188, 39.286651611328125 ], [ -74.73834228515625, 39.115821838378906 ], [ -74.710853576660156, 39.090549468994141 ], [ -74.87640380859375, 38.938320159912109 ], [ -74.948898315429688, 38.923038482666016 ], [ -74.958892822265625, 38.980819702148438 ], [ -74.883903503417969, 39.131938934326172 ], [ -74.892791748046875, 39.167758941650391 ], [ -74.930007934570312, 39.191661834716797 ], [ -75.13555908203125, 39.181098937988281 ], [ -75.329727172851562, 39.339431762695312 ], [ -75.413070678710938, 39.3760986328125 ], [ -75.53167724609375, 39.494709014892578 ], [ -75.510833740234375, 39.558879852294922 ], [ -75.557510375976562, 39.618038177490234 ], [ -75.3336181640625, 39.794979095458984 ], [ -75.106948852539062, 39.897491455078125 ], [ -75.120292663574219, 39.943050384521484 ], [ -75.133903503417969, 39.945819854736328 ], [ -75.136123657226562, 39.904708862304688 ], [ -75.452507019042969, 39.792488098144531 ], [ -75.603897094726562, 39.606098175048828 ], [ -75.547500610351562, 39.556381225585938 ], [ -75.578338623046875, 39.475269317626953 ], [ -75.398902893066406, 39.254989624023438 ], [ -75.390007019042969, 39.079990386962891 ], [ -75.188606262207031, 38.816661834716797 ], [ -75.077217102050781, 38.796649932861328 ], [ -75.071121215820312, 38.669429779052734 ], [ -75.088058471679688, 38.699161529541016 ], [ -75.140007019042969, 38.694988250732422 ], [ -75.095573425292969, 38.631649017333984 ], [ -75.204727172851562, 38.566661834716797 ], [ -75.064727783203125, 38.616649627685547 ], [ -75.041397094726562, 38.45220947265625 ], [ -75.060012817382812, 38.415271759033203 ], [ -75.068336486816406, 38.456378936767578 ], [ -75.114730834960938, 38.441379547119141 ], [ -75.095840454101562, 38.404148101806641 ], [ -75.130836486816406, 38.379161834716797 ], [ -75.092788696289062, 38.336101531982422 ], [ -75.158340454101562, 38.237770080566406 ], [ -75.195556640625, 38.223598480224609 ], [ -75.190567016601562, 38.260540008544922 ], [ -75.428337097167969, 37.931098937988281 ], [ -75.6138916015625, 37.578880310058594 ], [ -75.591667175292969, 37.563880920410156 ], [ -75.65972900390625, 37.495540618896484 ], [ -75.702507019042969, 37.554988861083984 ], [ -75.7388916015625, 37.527210235595703 ], [ -75.696403503417969, 37.506649017333984 ], [ -75.783340454101562, 37.47943115234375 ], [ -75.869171142578125, 37.216648101806641 ], [ -75.86138916015625, 37.175540924072266 ], [ -75.961936950683594, 37.152488708496094 ], [ -76.018341064453125, 37.267208099365234 ], [ -75.956390380859375, 37.492771148681641 ], [ -75.8819580078125, 37.649711608886719 ], [ -75.771957397460938, 37.761661529541016 ], [ -75.797233581542969, 37.795551300048828 ], [ -75.664169311523438, 37.839431762695312 ], [ -75.69500732421875, 37.910549163818359 ], [ -75.731948852539062, 37.917209625244141 ], [ -75.636123657226562, 37.949710845947266 ], [ -75.6844482421875, 37.977771759033203 ], [ -75.782501220703125, 37.971660614013672 ], [ -75.85028076171875, 37.927211761474609 ], [ -75.882232666015625, 37.953319549560547 ], [ -75.745559692382812, 38.096370697021484 ], [ -75.845840454101562, 38.083599090576172 ], [ -75.817230224609375, 38.135269165039062 ], [ -75.890007019042969, 38.152210235595703 ], [ -75.927513122558594, 38.121658325195312 ], [ -75.94000244140625, 38.153049468994141 ], [ -75.926963806152344, 38.196659088134766 ], [ -75.821670532226562, 38.226100921630859 ], [ -75.8961181640625, 38.250270843505859 ], [ -75.849166870117188, 38.380550384521484 ], [ -75.952507019042969, 38.269989013671875 ], [ -75.999732971191406, 38.320819854736328 ], [ -75.960563659667969, 38.333320617675781 ], [ -75.962783813476562, 38.371101379394531 ], [ -76.033340454101562, 38.314159393310547 ], [ -76.021957397460938, 38.243881225585938 ], [ -76.043327331542969, 38.228321075439453 ], [ -76.223068237304688, 38.386928558349609 ], [ -76.212783813476562, 38.314708709716797 ], [ -76.325286865234375, 38.483318328857422 ], [ -76.291946411132812, 38.500820159912109 ], [ -76.2711181640625, 38.456661224365234 ], [ -76.166397094726562, 38.564430236816406 ], [ -76.203338623046875, 38.580818176269531 ], [ -76.2630615234375, 38.549709320068359 ], [ -76.286956787109375, 38.574710845947266 ], [ -76.165008544921875, 38.630821228027344 ], [ -76.056953430175781, 38.575820922851562 ], [ -75.977508544921875, 38.591648101806641 ], [ -75.956680297851562, 38.648601531982422 ], [ -76.0130615234375, 38.603599548339844 ], [ -76.148063659667969, 38.648601531982422 ], [ -76.164726257324219, 38.721370697021484 ], [ -76.198898315429688, 38.682491302490234 ], [ -76.226387023925781, 38.718601226806641 ], [ -76.214447021484375, 38.768318176269531 ], [ -76.26806640625, 38.721370697021484 ], [ -76.272232055664062, 38.771930694580078 ], [ -76.304168701171875, 38.753040313720703 ], [ -76.310287475585938, 38.684711456298828 ], [ -76.343612670898438, 38.684711456298828 ], [ -76.301116943359375, 38.818321228027344 ], [ -76.2569580078125, 38.843879699707031 ], [ -76.167510986328125, 38.763881683349609 ], [ -76.1077880859375, 38.790821075439453 ], [ -76.164726257324219, 38.787490844726562 ], [ -76.1763916015625, 38.837490081787109 ], [ -76.152236938476562, 38.894989013671875 ], [ -76.192230224609375, 38.900829315185547 ], [ -76.216949462890625, 38.963329315185547 ], [ -76.326133728027344, 38.915821075439453 ], [ -76.310287475585938, 38.877769470214844 ], [ -76.356399536132812, 38.851650238037109 ], [ -76.342216491699219, 38.958320617675781 ], [ -76.305557250976562, 39.027488708496094 ], [ -76.23529052734375, 38.982208251953125 ], [ -76.150009155273438, 39.021648406982422 ], [ -76.133621215820312, 39.078880310058594 ], [ -76.062232971191406, 39.142768859863281 ], [ -76.1864013671875, 39.112209320068359 ], [ -76.196121215820312, 39.037769317626953 ], [ -76.224166870117188, 39.038318634033203 ], [ -76.261398315429688, 39.150829315185547 ], [ -76.166397094726562, 39.319709777832031 ], [ -75.984733581542969, 39.367488861083984 ], [ -75.8477783203125, 39.381378173828125 ], [ -76.01251220703125, 39.413600921630859 ], [ -75.918327331542969, 39.474708557128906 ], [ -75.843612670898438, 39.456928253173828 ], [ -75.8961181640625, 39.5010986328125 ], [ -75.838348388671875, 39.557769775390625 ], [ -75.841667175292969, 39.581100463867188 ], [ -75.98779296875, 39.469150543212891 ], [ -75.989181518554688, 39.497760772705078 ], [ -75.9364013671875, 39.601650238037109 ], [ -76.079727172851562, 39.556098937988281 ], [ -76.120010375976562, 39.489711761474609 ], [ -76.0594482421875, 39.461650848388672 ], [ -76.214736938476562, 39.364990234375 ], [ -76.230010986328125, 39.396648406982422 ], [ -76.214736938476562, 39.466648101806641 ], [ -76.246673583984375, 39.457210540771484 ], [ -76.26806640625, 39.378879547119141 ], [ -76.243057250976562, 39.345829010009766 ], [ -76.281951904296875, 39.309989929199219 ], [ -76.301116943359375, 39.388599395751953 ], [ -76.338058471679688, 39.403598785400391 ], [ -76.399726867675781, 39.388599395751953 ], [ -76.3336181640625, 39.364158630371094 ], [ -76.363067626953125, 39.306659698486328 ], [ -76.416671752929688, 39.325550079345703 ], [ -76.430557250976562, 39.306930541992188 ], [ -76.414169311523438, 39.256938934326172 ], [ -76.4727783203125, 39.304710388183594 ], [ -76.451683044433594, 39.258598327636719 ], [ -76.386672973632812, 39.227771759033203 ], [ -76.470291137695312, 39.212211608886719 ], [ -76.596389770507812, 39.260540008544922 ], [ -76.433326721191406, 39.076099395751953 ], [ -76.515007019042969, 39.098880767822266 ], [ -76.499732971191406, 39.074428558349609 ], [ -76.4102783203125, 39.041370391845703 ], [ -76.392501831054688, 39.010818481445312 ], [ -76.452217102050781, 38.989429473876953 ], [ -76.555282592773438, 39.074428558349609 ], [ -76.553337097167969, 39.037769317626953 ], [ -76.446952819824219, 38.945541381835938 ], [ -76.452507019042969, 38.913051605224609 ], [ -76.528343200683594, 38.9627685546875 ], [ -76.526397705078125, 38.928050994873047 ], [ -76.49639892578125, 38.885540008544922 ], [ -76.536117553710938, 38.838871002197266 ], [ -76.487228393554688, 38.843318939208984 ], [ -76.48638916015625, 38.819149017333984 ], [ -76.539459228515625, 38.732769012451172 ], [ -76.505279541015625, 38.635818481445312 ], [ -76.504997253417969, 38.531101226806641 ], [ -76.382232666015625, 38.389430999755859 ], [ -76.380279541015625, 38.356929779052734 ], [ -76.416122436523438, 38.334991455078125 ], [ -76.6319580078125, 38.483600616455078 ], [ -76.677230834960938, 38.675270080566406 ], [ -76.666397094726562, 38.480548858642578 ], [ -76.581947326660156, 38.395549774169922 ], [ -76.370826721191406, 38.300270080566406 ], [ -76.393341064453125, 38.243598937988281 ], [ -76.317497253417969, 38.153049468994141 ], [ -76.317497253417969, 38.047771453857422 ], [ -76.416122436523438, 38.113319396972656 ], [ -76.425567626953125, 38.188320159912109 ], [ -76.450843811035156, 38.177211761474609 ], [ -76.460563659667969, 38.134708404541016 ], [ -76.629997253417969, 38.239429473876953 ], [ -76.767227172851562, 38.239158630371094 ], [ -76.807243347167969, 38.289710998535156 ], [ -76.823898315429688, 38.368598937988281 ], [ -76.882781982421875, 38.391929626464844 ], [ -76.832496643066406, 38.291099548339844 ], [ -76.852226257324219, 38.269710540771484 ], [ -76.968902587890625, 38.356380462646484 ], [ -77.022506713867188, 38.480819702148438 ], [ -77.0755615234375, 38.415821075439453 ], [ -77.096389770507812, 38.418598175048828 ], [ -77.190567016601562, 38.365550994873047 ], [ -77.244743347167969, 38.398319244384766 ], [ -77.250289916992188, 38.518318176269531 ], [ -77.0594482421875, 38.696380615234375 ], [ -77.02166748046875, 38.700550079345703 ], [ -77.033622741699219, 38.884708404541016 ], [ -77.057510375976562, 38.717208862304688 ], [ -77.150558471679688, 38.668048858642578 ], [ -77.192497253417969, 38.627208709716797 ], [ -77.199172973632812, 38.658329010009766 ], [ -77.226959228515625, 38.659988403320312 ], [ -77.331680297851562, 38.434158325195312 ], [ -77.247467041015625, 38.331798553466797 ], [ -77.02362060546875, 38.399150848388672 ], [ -76.998611450195312, 38.357208251953125 ], [ -77.046401977539062, 38.317211151123047 ], [ -76.955291748046875, 38.258598327636719 ], [ -76.949172973632812, 38.204151153564453 ], [ -76.557510375976562, 38.093318939208984 ], [ -76.519996643066406, 38.062210083007812 ], [ -76.530006408691406, 38.020820617675781 ], [ -76.290847778320312, 37.934989929199219 ], [ -76.228347778320312, 37.886100769042969 ], [ -76.2489013671875, 37.823600769042969 ], [ -76.321403503417969, 37.850551605224609 ], [ -76.30584716796875, 37.626659393310547 ], [ -76.413070678710938, 37.645820617675781 ], [ -76.468902587890625, 37.703041076660156 ], [ -76.490837097167969, 37.655540466308594 ], [ -76.565841674804688, 37.743038177490234 ], [ -76.8819580078125, 38.002208709716797 ], [ -76.960853576660156, 38.105548858642578 ], [ -77.064178466796875, 38.146930694580078 ], [ -76.549453735351562, 37.644428253173828 ], [ -76.288070678710938, 37.568321228027344 ], [ -76.398902893066406, 37.534160614013672 ], [ -76.307792663574219, 37.488040924072266 ], [ -76.289726257324219, 37.524429321289062 ], [ -76.245292663574219, 37.495269775390625 ], [ -76.275848388671875, 37.462211608886719 ], [ -76.236679077148438, 37.429710388183594 ], [ -76.263633728027344, 37.31304931640625 ], [ -76.4122314453125, 37.409988403320312 ], [ -76.4444580078125, 37.379161834716797 ], [ -76.37139892578125, 37.290821075439453 ], [ -76.381393432617188, 37.273880004882812 ], [ -76.479446411132812, 37.268318176269531 ], [ -76.777236938476562, 37.529430389404297 ], [ -76.798072814941406, 37.506649017333984 ], [ -76.589736938476562, 37.294990539550781 ], [ -76.457496643066406, 37.226100921630859 ], [ -76.37750244140625, 37.233318328857422 ], [ -76.378067016601562, 37.167488098144531 ], [ -76.296951293945312, 37.142768859863281 ], [ -76.339736938476562, 37.097488403320312 ], [ -76.275558471679688, 37.105548858642578 ], [ -76.2872314453125, 37.009708404541016 ], [ -76.412513732910156, 36.966098785400391 ], [ -76.654449462890625, 37.224151611328125 ], [ -76.832496643066406, 37.243598937988281 ], [ -76.860572814941406, 37.315818786621094 ], [ -76.908073425292969, 37.238040924072266 ], [ -76.938606262207031, 37.244709014892578 ], [ -76.992782592773438, 37.314708709716797 ], [ -77.228897094726562, 37.323040008544922 ], [ -77.2469482421875, 37.343318939208984 ], [ -77.278060913085938, 37.318599700927734 ], [ -77.176681518554688, 37.285820007324219 ], [ -77.004997253417969, 37.289710998535156 ], [ -76.916397094726562, 37.210269927978516 ], [ -76.793617248535156, 37.202491760253906 ], [ -76.727226257324219, 37.147491455078125 ], [ -76.676116943359375, 37.191379547119141 ], [ -76.580291748046875, 37.001380920410156 ], [ -76.480293273925781, 36.961101531982422 ], [ -76.523063659667969, 36.863040924072266 ], [ -76.445556640625, 36.885540008544922 ], [ -76.3194580078125, 36.883319854736328 ], [ -76.315841674804688, 36.945270538330078 ], [ -75.976387023925781, 36.891380310058594 ], [ -75.731948852539062, 36.164440155029297 ], [ -75.523063659667969, 35.789989471435547 ], [ -75.586402893066406, 35.846931457519531 ], [ -75.6622314453125, 35.977489471435547 ], [ -75.707778930664062, 36.011661529541016 ], [ -75.676963806152344, 36.032489776611328 ], [ -75.726959228515625, 36.057209014892578 ], [ -75.930282592773438, 36.706378936767578 ], [ -75.952507019042969, 36.714431762695312 ], [ -75.978057861328125, 36.576381683349609 ], [ -75.959732055664062, 36.53887939453125 ], [ -75.913887023925781, 36.574428558349609 ], [ -75.899436950683594, 36.488601684570312 ], [ -75.9969482421875, 36.531101226806641 ], [ -76.038887023925781, 36.520549774169922 ], [ -75.946403503417969, 36.382770538330078 ], [ -75.930557250976562, 36.428878784179688 ], [ -75.783889770507812, 36.080268859863281 ], [ -75.791397094726562, 36.069149017333984 ], [ -75.851959228515625, 36.108318328857422 ], [ -75.962783813476562, 36.304149627685547 ], [ -75.96112060546875, 36.202491760253906 ], [ -75.936111450195312, 36.167209625244141 ], [ -76.082229614257812, 36.238040924072266 ], [ -76.19000244140625, 36.318878173828125 ], [ -76.2247314453125, 36.293598175048828 ], [ -76.058326721191406, 36.164150238037109 ], [ -76.129997253417969, 36.1260986328125 ], [ -76.180007934570312, 36.124980926513672 ], [ -76.283073425292969, 36.210540771484375 ], [ -76.195556640625, 36.105819702148438 ], [ -76.218902587890625, 36.093040466308594 ], [ -76.4586181640625, 36.203319549560547 ], [ -76.329727172851562, 36.088871002197266 ], [ -76.497787475585938, 36.008319854736328 ], [ -76.591133117675781, 36.014430999755859 ], [ -76.710853576660156, 36.114158630371094 ], [ -76.7247314453125, 36.1885986328125 ], [ -76.67083740234375, 36.283599853515625 ], [ -76.728897094726562, 36.317760467529297 ], [ -76.698623657226562, 36.279991149902344 ], [ -76.7569580078125, 36.209709167480469 ], [ -76.732513427734375, 36.065818786621094 ], [ -76.684722900390625, 36.003879547119141 ], [ -76.729736328125, 35.939159393310547 ], [ -76.315567016601562, 35.929988861083984 ], [ -76.18084716796875, 35.994709014892578 ], [ -76.071121215820312, 35.991939544677734 ], [ -76.02362060546875, 35.958320617675781 ], [ -76.0694580078125, 35.924709320068359 ], [ -76.019729614257812, 35.926658630371094 ], [ -76.059722900390625, 35.834991455078125 ], [ -76.039169311523438, 35.685260772705078 ], [ -76.13873291015625, 35.697158813476562 ], [ -76.100570678710938, 35.659160614013672 ], [ -76.031112670898438, 35.649711608886719 ], [ -75.9888916015625, 35.770259857177734 ], [ -75.98638916015625, 35.886661529541016 ], [ -75.9344482421875, 35.922210693359375 ], [ -75.838058471679688, 35.921939849853516 ], [ -75.854736328125, 35.971099853515625 ], [ -75.791671752929688, 35.927211761474609 ], [ -75.7216796875, 35.818321228027344 ], [ -75.721122741699219, 35.690269470214844 ], [ -75.769180297851562, 35.700260162353516 ], [ -75.782791137695312, 35.579990386962891 ], [ -75.854171752929688, 35.583049774169922 ], [ -75.884170532226562, 35.631378173828125 ], [ -76.025848388671875, 35.41693115234375 ], [ -76.06195068359375, 35.437770843505859 ], [ -76.143890380859375, 35.338600158691406 ], [ -76.2872314453125, 35.350551605224609 ], [ -76.355293273925781, 35.412208557128906 ], [ -76.354736328125, 35.338329315185547 ], [ -76.42083740234375, 35.366649627685547 ], [ -76.378341674804688, 35.371379852294922 ], [ -76.400848388671875, 35.455268859863281 ], [ -76.4586181640625, 35.372211456298828 ], [ -76.522781372070312, 35.404148101806641 ], [ -76.573333740234375, 35.507770538330078 ], [ -76.479171752929688, 35.533599853515625 ], [ -76.644180297851562, 35.519161224365234 ], [ -76.581680297851562, 35.393039703369141 ], [ -76.635276794433594, 35.398880004882812 ], [ -76.698623657226562, 35.429988861083984 ], [ -76.9202880859375, 35.463039398193359 ], [ -77.051116943359375, 35.530269622802734 ], [ -76.978347778320312, 35.437480926513672 ], [ -76.868057250976562, 35.427211761474609 ], [ -76.471946716308594, 35.275829315185547 ], [ -76.48834228515625, 35.222209930419922 ], [ -76.561683654785156, 35.236660003662109 ], [ -76.620010375976562, 35.188041687011719 ], [ -76.671951293945312, 35.168880462646484 ], [ -76.567497253417969, 35.168880462646484 ], [ -76.5513916015625, 35.143878936767578 ], [ -76.650009155273438, 35.046649932861328 ], [ -76.778343200683594, 34.981929779052734 ], [ -76.850570678710938, 34.991649627685547 ], [ -77.064178466796875, 35.153049468994141 ], [ -76.947776794433594, 34.980258941650391 ], [ -76.753067016601562, 34.905269622802734 ], [ -76.636672973632812, 34.982208251953125 ], [ -76.5452880859375, 34.925540924072266 ], [ -76.57000732421875, 34.981380462646484 ], [ -76.533340454101562, 35.004711151123047 ], [ -76.48583984375, 34.970539093017578 ], [ -76.464447021484375, 35.067760467529297 ], [ -76.442497253417969, 35.061939239501953 ], [ -76.421951293945312, 34.981929779052734 ], [ -76.466949462890625, 34.955268859863281 ], [ -76.4586181640625, 34.933879852294922 ], [ -76.327507019042969, 34.968040466308594 ], [ -76.353347778320312, 35.023319244384766 ], [ -76.275848388671875, 34.969989776611328 ], [ -76.296112060546875, 34.933601379394531 ], [ -76.338623046875, 34.936100006103516 ], [ -76.333343505859375, 34.890541076660156 ], [ -76.499732971191406, 34.773040771484375 ], [ -76.4989013671875, 34.736370086669922 ], [ -76.5694580078125, 34.728870391845703 ], [ -76.606117248535156, 34.815269470214844 ], [ -76.623336791992188, 34.710540771484375 ], [ -76.6844482421875, 34.799430847167969 ], [ -76.759452819824219, 34.749988555908203 ], [ -76.725570678710938, 34.759429931640625 ], [ -76.699447631835938, 34.723049163818359 ], [ -77.092216491699219, 34.675270080566406 ], [ -77.12445068359375, 34.723880767822266 ], [ -77.134170532226562, 34.682209014892578 ], [ -77.314178466796875, 34.557491302490234 ], [ -77.394180297851562, 34.584991455078125 ], [ -77.330001831054688, 34.63970947265625 ], [ -77.433197021484375, 34.751308441162109 ], [ -77.3739013671875, 34.636661529541016 ], [ -77.390838623046875, 34.611930847167969 ], [ -77.440567016601562, 34.618881225585938 ], [ -77.440567016601562, 34.592769622802734 ], [ -77.370559692382812, 34.523601531982422 ], [ -77.636672973632812, 34.398040771484375 ], [ -77.844451904296875, 34.179149627685547 ], [ -78.013633728027344, 33.891929626464844 ], [ -78.466400146484375, 33.895259857177734 ], [ -78.775283813476562, 33.761661529541016 ], [ -78.9969482421875, 33.573051452636719 ], [ -79.140007019042969, 33.411930084228516 ], [ -79.182510375976562, 33.214988708496094 ], [ -79.269447326660156, 33.310821533203125 ], [ -79.1875, 33.434719085693359 ], [ -79.271392822265625, 33.373321533203125 ], [ -79.293899536132812, 33.280269622802734 ], [ -79.188606262207031, 33.174160003662109 ], [ -79.342033386230469, 33.151081085205078 ], [ -79.289459228515625, 33.126380920410156 ], [ -79.361679077148438, 33.064708709716797 ], [ -79.386398315429688, 33.007770538330078 ], [ -79.526123046875, 33.035549163818359 ], [ -79.594451904296875, 32.996109008789062 ], [ -79.613616943359375, 32.918319702148438 ], [ -79.736953735351562, 32.800281524658203 ], [ -79.8497314453125, 32.757770538330078 ], [ -79.900283813476562, 32.790538787841797 ], [ -79.924179077148438, 32.848598480224609 ], [ -79.970573425292969, 32.791938781738281 ], [ -79.870292663574219, 32.704990386962891 ], [ -79.9505615234375, 32.643318176269531 ], [ -80.024726867675781, 32.638881683349609 ], [ -79.98779296875, 32.618328094482422 ], [ -80.242782592773438, 32.532489776611328 ], [ -80.326400756835938, 32.480258941650391 ], [ -80.361679077148438, 32.526931762695312 ], [ -80.384170532226562, 32.478599548339844 ], [ -80.485000610351562, 32.501659393310547 ], [ -80.543617248535156, 32.557209014892578 ], [ -80.533889770507812, 32.516651153564453 ], [ -80.678337097167969, 32.498878479003906 ], [ -80.519447326660156, 32.490261077880859 ], [ -80.509170532226562, 32.464160919189453 ], [ -80.45556640625, 32.422489166259766 ], [ -80.467216491699219, 32.379161834716797 ], [ -80.428337097167969, 32.405818939208984 ], [ -80.459457397460938, 32.323318481445312 ], [ -80.631668090820312, 32.256389617919922 ], [ -80.641403198242188, 32.341098785400391 ], [ -80.664459228515625, 32.388320922851562 ], [ -80.648063659667969, 32.453319549560547 ], [ -80.6763916015625, 32.426101684570312 ], [ -80.663352966308594, 32.305271148681641 ], [ -80.706947326660156, 32.316928863525391 ], [ -80.796951293945312, 32.456661224365234 ], [ -80.777236938476562, 32.492210388183594 ], [ -80.837783813476562, 32.53887939453125 ], [ -80.773353576660156, 32.296939849853516 ], [ -80.671676635742188, 32.228321075439453 ], [ -80.718902587890625, 32.158329010009766 ], [ -80.819732666015625, 32.101940155029297 ], [ -80.78778076171875, 32.216381072998047 ], [ -80.894729614257812, 32.055538177490234 ], [ -80.857513427734375, 32.019710540771484 ], [ -80.852783203125, 31.97637939453125 ], [ -80.904716491699219, 31.949710845947266 ], [ -80.940292358398438, 31.975269317626953 ], [ -80.966667175292969, 31.929159164428711 ], [ -80.925567626953125, 31.904439926147461 ], [ -80.9827880859375, 31.859159469604492 ], [ -81.122787475585938, 31.869720458984375 ], [ -81.047500610351562, 31.807220458984375 ], [ -81.1219482421875, 31.728609085083008 ], [ -81.268623352050781, 31.771110534667969 ], [ -81.189453125, 31.703880310058594 ], [ -81.235572814941406, 31.662220001220703 ], [ -81.129463195800781, 31.698610305786133 ], [ -81.1380615234375, 31.608600616455078 ], [ -81.169723510742188, 31.56304931640625 ], [ -81.19805908203125, 31.623600006103516 ], [ -81.2247314453125, 31.564720153808594 ], [ -81.322242736816406, 31.558879852294922 ], [ -81.291122436523438, 31.490829467773438 ], [ -81.1844482421875, 31.53887939453125 ], [ -81.198898315429688, 31.482770919799805 ], [ -81.267227172851562, 31.384159088134766 ], [ -81.329727172851562, 31.436660766601562 ], [ -81.273902893066406, 31.341939926147461 ], [ -81.289726257324219, 31.323049545288086 ], [ -81.490913391113281, 31.362279891967773 ], [ -81.280288696289062, 31.283599853515625 ], [ -81.267227172851562, 31.259719848632812 ], [ -81.385276794433594, 31.138879776000977 ], [ -81.421676635742188, 31.144439697265625 ], [ -81.408340454101562, 31.205549240112305 ], [ -81.444732666015625, 31.208879470825195 ], [ -81.4969482421875, 31.12554931640625 ], [ -81.434722900390625, 31.072490692138672 ], [ -81.401947021484375, 31.113609313964844 ], [ -81.421676635742188, 31.024160385131836 ], [ -81.5069580078125, 31.092489242553711 ], [ -81.448623657226562, 31.01416015625 ], [ -81.517227172851562, 30.978879928588867 ], [ -81.454727172851562, 30.965549468994141 ], [ -81.515289306640625, 30.818050384521484 ], [ -81.506118774414062, 30.710269927978516 ], [ -81.438606262207031, 30.696659088134766 ], [ -81.435836791992188, 30.529159545898438 ], [ -81.46417236328125, 30.549999237060547 ], [ -81.47528076171875, 30.614160537719727 ], [ -81.495292663574219, 30.615270614624023 ], [ -81.503341674804688, 30.551109313964844 ], [ -81.413887023925781, 30.469440460205078 ], [ -81.318336486816406, 30.028329849243164 ], [ -81.182243347167969, 29.609439849853516 ], [ -80.981117248535156, 29.195270538330078 ], [ -80.557243347167969, 28.534160614013672 ], [ -80.529716491699219, 28.456659317016602 ], [ -80.59722900390625, 28.402219772338867 ], [ -80.560943603515625, 28.15863037109375 ], [ -80.447509765625, 27.86444091796875 ], [ -80.581390380859375, 28.08721923828125 ], [ -80.620292663574219, 28.305830001831055 ], [ -80.616493225097656, 28.540079116821289 ], [ -80.637451171875, 28.586200714111328 ], [ -80.745010375976562, 28.60028076171875 ], [ -80.78472900390625, 28.64055061340332 ], [ -80.742782592773438, 28.715269088745117 ], [ -80.840011596679688, 28.788330078125 ], [ -80.759170532226562, 28.42555046081543 ], [ -80.3719482421875, 27.632219314575195 ], [ -80.217788696289062, 27.225269317626953 ], [ -80.260833740234375, 27.209440231323242 ], [ -80.117507934570312, 27.068050384521484 ], [ -80.073623657226562, 26.949169158935547 ], [ -80.0322265625, 26.579439163208008 ], [ -80.128890991210938, 25.901939392089844 ], [ -80.1763916015625, 25.851669311523438 ], [ -80.19000244140625, 25.745000839233398 ], [ -80.303337097167969, 25.619440078735352 ], [ -80.338058471679688, 25.403329849243164 ], [ -80.315567016601562, 25.371669769287109 ], [ -80.426116943359375, 25.241100311279297 ], [ -80.399337768554688, 25.185659408569336 ], [ -80.473342895507812, 25.215549468994141 ], [ -80.501106262207031, 25.198329925537109 ], [ -80.55889892578125, 25.241390228271484 ], [ -80.716949462890625, 25.135549545288086 ], [ -80.8577880859375, 25.179439544677734 ], [ -81.088058471679688, 25.115549087524414 ], [ -81.1763916015625, 25.228609085083008 ], [ -81.13250732421875, 25.329160690307617 ], [ -81.003341674804688, 25.211109161376953 ], [ -80.946670532226562, 25.211940765380859 ], [ -80.918617248535156, 25.231380462646484 ], [ -80.977226257324219, 25.316940307617188 ], [ -81.13751220703125, 25.378330230712891 ], [ -81.275283813476562, 25.695829391479492 ], [ -81.348617553710938, 25.746110916137695 ], [ -81.322242736816406, 25.77610969543457 ], [ -81.378890991210938, 25.836660385131836 ], [ -81.6219482421875, 25.942489624023438 ], [ -81.72222900390625, 25.901660919189453 ], [ -81.736953735351562, 25.959440231323242 ], [ -81.688606262207031, 25.939720153808594 ], [ -81.664459228515625, 25.976110458374023 ], [ -81.712783813476562, 25.974990844726562 ], [ -81.805282592773438, 26.11305046081543 ], [ -81.881759643554688, 26.446859359741211 ], [ -82.009742736816406, 26.476940155029297 ], [ -81.903060913085938, 26.565549850463867 ], [ -81.838348388671875, 26.675090789794922 ], [ -81.916397094726562, 26.627220153808594 ], [ -81.946670532226562, 26.542219161987305 ], [ -82.0594482421875, 26.540000915527344 ], [ -82.098068237304688, 26.897220611572266 ], [ -82.059722900390625, 26.957500457763672 ], [ -82.153900146484375, 26.920829772949219 ], [ -82.264717102050781, 26.999719619750977 ], [ -82.168327331542969, 26.883329391479492 ], [ -82.161117553710938, 26.81443977355957 ], [ -82.288619995117188, 26.828329086303711 ], [ -82.4586181640625, 27.093879699707031 ], [ -82.567230224609375, 27.379440307617188 ], [ -82.662513732910156, 27.45305061340332 ], [ -82.691390991210938, 27.445829391479492 ], [ -82.7327880859375, 27.526660919189453 ], [ -82.668899536132812, 27.513330459594727 ], [ -82.593612670898438, 27.524440765380859 ], [ -82.547500610351562, 27.64055061340332 ], [ -82.392227172851562, 27.809719085693359 ], [ -82.4202880859375, 27.912769317626953 ], [ -82.449172973632812, 27.933050155639648 ], [ -82.484733581542969, 27.903329849243164 ], [ -82.478622436523438, 27.819999694824219 ], [ -82.530563354492188, 27.825830459594727 ], [ -82.5322265625, 27.933050155639648 ], [ -82.687789916992188, 28.032220840454102 ], [ -82.691116333007812, 27.969160079956055 ], [ -82.71917724609375, 27.928049087524414 ], [ -82.561111450195312, 27.886379241943359 ], [ -82.6844482421875, 27.719440460205078 ], [ -82.805007934570312, 27.801109313964844 ], [ -82.855560302734375, 27.861379623413086 ], [ -82.769180297851562, 28.105270385742188 ], [ -82.794723510742188, 28.181659698486328 ], [ -82.704177856445312, 28.360269546508789 ], [ -82.640838623046875, 28.577220916748047 ], [ -82.631393432617188, 28.885000228881836 ], [ -82.716667175292969, 28.942489624023438 ], [ -82.80029296875, 29.170829772949219 ], [ -83.005279541015625, 29.164440155029297 ], [ -83.068069458007812, 29.206380844116211 ], [ -83.076400756835938, 29.259439468383789 ], [ -83.154167175292969, 29.301109313964844 ], [ -83.216667175292969, 29.415550231933594 ], [ -83.394729614257812, 29.520830154418945 ], [ -83.3961181640625, 29.650270462036133 ], [ -83.576400756835938, 29.758050918579102 ], [ -83.626106262207031, 29.869440078735352 ], [ -83.855827331542969, 30.006940841674805 ], [ -84.112228393554688, 30.091659545898438 ], [ -84.329452514648438, 30.070829391479492 ], [ -84.3739013671875, 29.995269775390625 ], [ -84.416397094726562, 29.979160308837891 ], [ -84.333892822265625, 29.940269470214844 ], [ -84.343902587890625, 29.896379470825195 ], [ -84.509170532226562, 29.915279388427734 ], [ -84.87750244140625, 29.725830078125 ], [ -84.865837097167969, 29.803600311279297 ], [ -85.014450073242188, 29.704439163208008 ], [ -85.202507019042969, 29.699989318847656 ], [ -85.354171752929688, 29.676660537719727 ], [ -85.400558471679688, 29.751659393310547 ], [ -85.411956787109375, 29.847219467163086 ], [ -85.359451293945312, 29.693330764770508 ], [ -85.314178466796875, 29.694999694824219 ], [ -85.304733276367188, 29.802780151367188 ], [ -85.399726867675781, 29.92888069152832 ], [ -85.633621215820312, 30.089990615844727 ], [ -85.656951904296875, 30.132770538330078 ], [ -85.452217102050781, 30.015270233154297 ], [ -85.393890380859375, 30.037769317626953 ], [ -85.428070068359375, 30.070829391479492 ], [ -85.460006713867188, 30.034999847412109 ], [ -85.482513427734375, 30.048330307006836 ], [ -85.495010375976562, 30.136100769042969 ], [ -85.641677856445312, 30.140270233154297 ], [ -85.721122741699219, 30.186939239501953 ], [ -85.609733581542969, 30.279989242553711 ], [ -85.833343505859375, 30.291109085083008 ], [ -85.848068237304688, 30.25 ], [ -85.8336181640625, 30.226669311523438 ], [ -85.76251220703125, 30.240829467773438 ], [ -85.7227783203125, 30.130270004272461 ], [ -86.354736328125, 30.394439697265625 ], [ -86.249183654785156, 30.433050155639648 ], [ -86.108062744140625, 30.375 ], [ -86.120292663574219, 30.421670913696289 ], [ -86.2569580078125, 30.495000839233398 ], [ -86.410568237304688, 30.457490921020508 ], [ -86.428070068359375, 30.499719619750977 ], [ -86.48638916015625, 30.520830154418945 ], [ -86.485000610351562, 30.476940155029297 ], [ -86.591400146484375, 30.415830612182617 ], [ -87.168327331542969, 30.359159469604492 ], [ -87.1219482421875, 30.393049240112305 ], [ -86.892501831054688, 30.435829162597656 ], [ -86.906402587890625, 30.459720611572266 ], [ -87.01055908203125, 30.503879547119141 ], [ -86.9969482421875, 30.584720611572266 ], [ -87.040008544921875, 30.544160842895508 ], [ -87.071670532226562, 30.450830459594727 ], [ -87.099166870117188, 30.450830459594727 ], [ -87.0997314453125, 30.521379470825195 ], [ -87.158340454101562, 30.579439163208008 ], [ -87.181396484375, 30.578609466552734 ], [ -87.153343200683594, 30.483329772949219 ], [ -87.204452514648438, 30.413890838623047 ], [ -87.306671142578125, 30.321390151977539 ], [ -87.485000610351562, 30.304439544677734 ], [ -87.422233581542969, 30.333879470825195 ], [ -87.410568237304688, 30.395000457763672 ], [ -87.341667175292969, 30.429159164428711 ], [ -87.353347778320312, 30.456100463867188 ], [ -87.421401977539062, 30.481380462646484 ], [ -87.394180297851562, 30.444160461425781 ], [ -87.517227172851562, 30.326940536499023 ], [ -87.580001831054688, 30.314720153808594 ], [ -87.568893432617188, 30.279439926147461 ], [ -87.843902587890625, 30.232219696044922 ], [ -87.757232666015625, 30.279989242553711 ], [ -87.825286865234375, 30.410549163818359 ], [ -87.8497314453125, 30.376659393310547 ], [ -87.9102783203125, 30.410270690917969 ], [ -87.942497253417969, 30.483879089355469 ], [ -87.910568237304688, 30.578609466552734 ], [ -87.967506408691406, 30.676660537719727 ], [ -88.0352783203125, 30.694440841674805 ], [ -88.129997253417969, 30.318330764770508 ], [ -88.338348388671875, 30.403610229492188 ], [ -88.406112670898438, 30.385829925537109 ], [ -88.449172973632812, 30.322769165039062 ], [ -88.562789916992188, 30.347770690917969 ], [ -88.593902587890625, 30.392499923706055 ], [ -88.684173583984375, 30.348049163818359 ], [ -88.857223510742188, 30.404439926147461 ], [ -89.251106262207031, 30.317489624023438 ], [ -89.29888916015625, 30.372489929199219 ], [ -89.347503662109375, 30.361379623413086 ], [ -89.324722290039062, 30.299720764160156 ], [ -89.488616943359375, 30.183610916137695 ], [ -89.710281372070312, 30.176389694213867 ], [ -89.946952819824219, 30.26416015625 ], [ -90.057792663574219, 30.356939315795898 ], [ -90.199172973632812, 30.38916015625 ], [ -90.420013427734375, 30.198329925537109 ], [ -90.426681518554688, 30.129709243774414 ], [ -90.366119384765625, 30.069999694824219 ], [ -90.07000732421875, 30.031660079956055 ], [ -89.973617553710938, 30.059440612792969 ], [ -89.859733581542969, 30.154439926147461 ], [ -89.793617248535156, 30.091939926147461 ], [ -89.65972900390625, 30.153049468994141 ], [ -89.681121826171875, 30.076379776000977 ], [ -89.826683044433594, 30.034160614013672 ], [ -89.843902587890625, 30.008890151977539 ], [ -89.8194580078125, 29.944999694824219 ], [ -89.709732055664062, 29.956939697265625 ], [ -89.729446411132812, 29.92555046081543 ], [ -89.692230224609375, 29.882770538330078 ], [ -89.6239013671875, 29.872779846191406 ], [ -89.568336486816406, 29.955829620361328 ], [ -89.571670532226562, 29.995550155639648 ], [ -89.479736328125, 30.076389312744141 ], [ -89.365280151367188, 30.052219390869141 ], [ -89.394447326660156, 30.026939392089844 ], [ -89.438606262207031, 30.016660690307617 ], [ -89.444168090820312, 29.964719772338867 ], [ -89.375839233398438, 29.971109390258789 ], [ -89.372222900390625, 29.933330535888672 ], [ -89.416671752929688, 29.903329849243164 ], [ -89.365837097167969, 29.91278076171875 ], [ -89.34417724609375, 29.855270385742188 ], [ -89.376106262207031, 29.82666015625 ], [ -89.347503662109375, 29.790000915527344 ], [ -89.421951293945312, 29.786109924316406 ], [ -89.470840454101562, 29.832490921020508 ], [ -89.598068237304688, 29.731380462646484 ], [ -89.597503662109375, 29.689720153808594 ], [ -89.510833740234375, 29.661380767822266 ], [ -89.61083984375, 29.663330078125 ], [ -89.696670532226562, 29.706100463867188 ], [ -89.615837097167969, 29.618890762329102 ], [ -89.726959228515625, 29.600549697875977 ], [ -89.606399536132812, 29.495830535888672 ], [ -89.520278930664062, 29.465269088745117 ], [ -89.5452880859375, 29.397769927978516 ], [ -89.280006408691406, 29.353879928588867 ], [ -89.24945068359375, 29.310550689697266 ], [ -89.174453735351562, 29.319160461425781 ], [ -89.111679077148438, 29.257219314575195 ], [ -89.098892211914062, 29.213050842285156 ], [ -89.011672973632812, 29.180830001831055 ], [ -89.049453735351562, 29.162500381469727 ], [ -89.0513916015625, 29.089719772338867 ], [ -89.144996643066406, 29.046100616455078 ], [ -89.132781982421875, 28.984439849853516 ], [ -89.238616943359375, 29.103889465332031 ], [ -89.4102783203125, 28.92694091796875 ], [ -89.2952880859375, 29.127500534057617 ], [ -89.359176635742188, 29.084720611572266 ], [ -89.399436950683594, 29.096389770507812 ], [ -89.460563659667969, 29.253889083862305 ], [ -89.599166870117188, 29.247219085693359 ], [ -89.636123657226562, 29.295829772949219 ], [ -89.618621826171875, 29.329439163208008 ], [ -89.8114013671875, 29.319440841674805 ], [ -89.753341674804688, 29.354719161987305 ], [ -89.771392822265625, 29.413330078125 ], [ -89.829452514648438, 29.426380157470703 ], [ -89.813339233398438, 29.468879699707031 ], [ -89.950286865234375, 29.459720611572266 ], [ -90.178337097167969, 29.572490692138672 ], [ -90.201950073242188, 29.534719467163086 ], [ -90.137786865234375, 29.469440460205078 ], [ -90.059173583984375, 29.460830688476562 ], [ -90.025848388671875, 29.42527961730957 ], [ -90.055282592773438, 29.401660919189453 ], [ -90.017227172851562, 29.297769546508789 ], [ -90.093902587890625, 29.284160614013672 ], [ -90.087783813476562, 29.165550231933594 ], [ -90.236953735351562, 29.090549468994141 ], [ -90.297500610351562, 29.252220153808594 ], [ -90.345291137695312, 29.309169769287109 ], [ -90.392791748046875, 29.242219924926758 ], [ -90.424453735351562, 29.351940155029297 ], [ -90.519180297851562, 29.291389465332031 ], [ -90.5977783203125, 29.306390762329102 ], [ -90.638900756835938, 29.139999389648438 ], [ -90.658340454101562, 29.163049697875977 ], [ -90.749732971191406, 29.110830307006836 ], [ -90.803619384765625, 29.129159927368164 ], [ -90.774436950683594, 29.16193962097168 ], [ -90.886947631835938, 29.136379241943359 ], [ -90.9969482421875, 29.218889236450195 ], [ -91.194732666015625, 29.226940155029297 ], [ -91.273063659667969, 29.252769470214844 ], [ -91.337783813476562, 29.334440231323242 ], [ -91.317497253417969, 29.313610076904297 ], [ -91.227783203125, 29.378049850463867 ], [ -91.195281982421875, 29.320829391479492 ], [ -91.164169311523438, 29.334999084472656 ], [ -91.154449462890625, 29.25054931640625 ], [ -91.118057250976562, 29.260829925537109 ], [ -91.115837097167969, 29.330270767211914 ], [ -91.261672973632812, 29.452770233154297 ], [ -91.254463195800781, 29.539159774780273 ], [ -91.215560913085938, 29.568330764770508 ], [ -91.222503662109375, 29.60276985168457 ], [ -91.252227783203125, 29.611379623413086 ], [ -91.29888916015625, 29.483329772949219 ], [ -91.417236328125, 29.557769775390625 ], [ -91.5452880859375, 29.528879165649414 ], [ -91.558326721191406, 29.635549545288086 ], [ -91.644180297851562, 29.631940841674805 ], [ -91.625556945800781, 29.732500076293945 ], [ -91.753067016601562, 29.75054931640625 ], [ -91.855560302734375, 29.710550308227539 ], [ -91.879997253417969, 29.760829925537109 ], [ -91.8466796875, 29.828609466552734 ], [ -92.197509765625, 29.761940002441406 ], [ -92.172500610351562, 29.68998908996582 ], [ -92.1077880859375, 29.710550308227539 ], [ -92.140007019042969, 29.679159164428711 ], [ -92.10028076171875, 29.620550155639648 ], [ -92.032791137695312, 29.636940002441406 ], [ -92.055557250976562, 29.586940765380859 ], [ -92.5341796875, 29.571939468383789 ], [ -92.813606262207031, 29.643890380859375 ], [ -93.0997314453125, 29.758050918579102 ], [ -93.293060302734375, 29.786659240722656 ], [ -93.832496643066406, 29.704439163208008 ], [ -93.886611938476562, 29.745819091796875 ], [ -93.90167236328125, 29.806659698486328 ], [ -93.7841796875, 29.883329391479492 ], [ -93.7630615234375, 29.967489242553711 ], [ -93.78778076171875, 29.994440078735352 ], [ -93.855827331542969, 29.983060836791992 ], [ -93.958892822265625, 29.819719314575195 ], [ -93.853897094726562, 29.690549850463867 ], [ -93.902236938476562, 29.674440383911133 ], [ -94.036666870117188, 29.679159164428711 ], [ -94.726959228515625, 29.432779312133789 ], [ -94.57501220703125, 29.528610229492188 ], [ -94.503067016601562, 29.516670227050781 ], [ -94.475852966308594, 29.561389923095703 ], [ -94.783340454101562, 29.549720764160156 ], [ -94.7247314453125, 29.625270843505859 ], [ -94.7086181640625, 29.75054931640625 ], [ -94.753616333007812, 29.787769317626953 ], [ -94.837509155273438, 29.752500534057617 ], [ -94.879997253417969, 29.674160003662109 ], [ -94.926681518554688, 29.656940460205078 ], [ -95.040847778320312, 29.717220306396484 ], [ -94.983901977539062, 29.596939086914062 ], [ -95.0211181640625, 29.556110382080078 ], [ -95.003067016601562, 29.522769927978516 ], [ -94.921112060546875, 29.50248908996582 ], [ -94.948623657226562, 29.424720764160156 ], [ -94.823623657226562, 29.372499465942383 ], [ -94.892227172851562, 29.373050689697266 ], [ -94.902786254882812, 29.31443977355957 ], [ -95.011947631835938, 29.25054931640625 ], [ -95.089447021484375, 29.180549621582031 ], [ -95.166122436523438, 29.206659317016602 ], [ -95.140556335449219, 29.061380386352539 ], [ -95.4888916015625, 28.830549240112305 ], [ -95.715286254882812, 28.734439849853516 ], [ -95.92529296875, 28.695829391479492 ], [ -95.954727172851562, 28.631940841674805 ], [ -95.916397094726562, 28.630550384521484 ], [ -95.994171142578125, 28.605270385742188 ], [ -95.980560302734375, 28.636379241943359 ], [ -96.016677856445312, 28.646659851074219 ], [ -96.186111450195312, 28.601940155029297 ], [ -96.185562133789062, 28.692209243774414 ], [ -96.265007019042969, 28.68610954284668 ], [ -96.3497314453125, 28.627500534057617 ], [ -96.438606262207031, 28.760280609130859 ], [ -96.428619384765625, 28.708049774169922 ], [ -96.370010375976562, 28.623329162597656 ], [ -96.436111450195312, 28.59943962097168 ], [ -96.448623657226562, 28.634439468383789 ], [ -96.544448852539062, 28.642219543457031 ], [ -96.580291748046875, 28.714439392089844 ], [ -96.649726867675781, 28.722770690917969 ], [ -96.5977783203125, 28.565280914306641 ], [ -96.519996643066406, 28.553329467773438 ], [ -96.490280151367188, 28.509439468383789 ], [ -96.5513916015625, 28.486110687255859 ], [ -96.527236938476562, 28.465269088745117 ], [ -96.484733581542969, 28.493610382080078 ], [ -96.408889770507812, 28.460550308227539 ], [ -96.398353576660156, 28.43610954284668 ], [ -96.650848388671875, 28.316110610961914 ], [ -96.697509765625, 28.331939697265625 ], [ -96.799728393554688, 28.474990844726562 ], [ -96.7630615234375, 28.408599853515625 ], [ -96.777236938476562, 28.396379470825195 ], [ -96.837783813476562, 28.423049926757812 ], [ -96.844451904296875, 28.401939392089844 ], [ -96.781402587890625, 28.346109390258789 ], [ -96.780288696289062, 28.233879089355469 ], [ -96.882781982421875, 28.140270233154297 ], [ -96.9344482421875, 28.154159545898438 ], [ -96.906402587890625, 28.253330230712891 ], [ -96.95361328125, 28.218050003051758 ], [ -96.965011596679688, 28.131660461425781 ], [ -97.021392822265625, 28.136669158935547 ], [ -97.000556945800781, 28.187770843505859 ], [ -97.0594482421875, 28.174160003662109 ], [ -97.2086181640625, 28.08721923828125 ], [ -97.148902893066406, 28.002769470214844 ], [ -97.0372314453125, 28.113609313964844 ], [ -97.022781372070312, 28.039440155029297 ], [ -97.216667175292969, 27.828329086303711 ], [ -97.247222900390625, 27.873329162597656 ], [ -97.492782592773438, 27.878049850463867 ], [ -97.497222900390625, 27.844999313354492 ], [ -97.415557861328125, 27.828609466552734 ], [ -97.3255615234375, 27.719999313354492 ], [ -97.254730224609375, 27.70166015625 ], [ -97.424453735351562, 27.323600769042969 ], [ -97.517501831054688, 27.276100158691406 ], [ -97.515007019042969, 27.298879623413086 ], [ -97.456680297851562, 27.337499618530273 ], [ -97.488067626953125, 27.396390914916992 ], [ -97.602783203125, 27.296110153198242 ], [ -97.764183044433594, 27.46360969543457 ], [ -97.711936950683594, 27.321939468383789 ], [ -97.667510986328125, 27.315549850463867 ], [ -97.672233581542969, 27.294170379638672 ], [ -97.639450073242188, 27.254720687866211 ], [ -97.5352783203125, 27.234439849853516 ], [ -97.43389892578125, 27.269990921020508 ], [ -97.474166870117188, 27.019170761108398 ], [ -97.555557250976562, 27.008609771728516 ], [ -97.560562133789062, 26.95111083984375 ], [ -97.481117248535156, 26.877220153808594 ], [ -97.516677856445312, 26.871110916137695 ], [ -97.544448852539062, 26.89971923828125 ], [ -97.5614013671875, 26.848049163818359 ], [ -97.488067626953125, 26.769990921020508 ], [ -97.417793273925781, 26.51055908203125 ], [ -97.446670532226562, 26.454439163208008 ], [ -97.446952819824219, 26.408050537109375 ], [ -97.343902587890625, 26.347219467163086 ], [ -97.35833740234375, 26.282499313354492 ], [ -97.314453125, 26.255550384521484 ], [ -97.317497253417969, 26.16139030456543 ], [ -97.293060302734375, 26.103609085083008 ], [ -97.21417236328125, 26.087770462036133 ], [ -97.266677856445312, 26.024440765380859 ], [ -97.253067016601562, 25.984720230102539 ], [ -97.188056945800781, 26.009159088134766 ], [ -97.167526245117188, 26.077180862426758 ], [ -97.1368408203125, 25.964710235595703 ], [ -97.351936340332031, 25.912490844726562 ], [ -97.343887329101562, 25.858610153198242 ], [ -97.36749267578125, 25.839439392089844 ], [ -97.479721069335938, 25.885829925537109 ], [ -97.619720458984375, 26.007770538330078 ], [ -97.713333129882812, 26.027500152587891 ], [ -97.788597106933594, 26.06443977355957 ], [ -98.066673278808594, 26.038330078125 ], [ -98.083328247070312, 26.069719314575195 ], [ -98.147506713867188, 26.059160232543945 ], [ -98.300277709960938, 26.106380462646484 ], [ -98.523902893066406, 26.23944091796875 ], [ -98.932220458984375, 26.392770767211914 ], [ -99.005569458007812, 26.386659622192383 ], [ -99.106658935546875, 26.422489166259766 ], [ -99.0897216796875, 26.495269775390625 ], [ -99.172500610351562, 26.563610076904297 ], [ -99.2711181640625, 26.86138916015625 ], [ -99.349166870117188, 26.881660461425781 ], [ -99.380828857421875, 27.003879547119141 ], [ -99.4586181640625, 27.046939849853516 ], [ -99.440826416015625, 27.253610610961914 ], [ -99.48388671875, 27.282779693603516 ], [ -99.503067016601562, 27.565830230712891 ], [ -99.544158935546875, 27.610820770263672 ], [ -99.707229614257812, 27.661659240722656 ], [ -99.745002746582031, 27.721380233764648 ], [ -99.835563659667969, 27.775270462036133 ], [ -99.881942749023438, 27.906379699707031 ], [ -99.994720458984375, 27.999439239501953 ], [ -100.013099670410156, 28.068609237670898 ], [ -100.196701049804688, 28.208890914916992 ], [ -100.331703186035156, 28.405550003051758 ], [ -100.327499389648438, 28.509159088134766 ], [ -100.44000244140625, 28.616939544677734 ], [ -100.495796203613281, 28.740270614624023 ], [ -100.565597534179688, 28.839710235595703 ], [ -100.668296813964844, 29.113330841064453 ], [ -100.766098022460938, 29.174440383911133 ], [ -100.775299072265625, 29.233049392700195 ], [ -101.018096923828125, 29.388599395751953 ], [ -101.034202575683594, 29.453039169311523 ], [ -101.141998291015625, 29.491939544677734 ], [ -101.235000610351562, 29.616100311279297 ], [ -101.301902770996094, 29.576379776000977 ], [ -101.306098937988281, 29.631109237670898 ], [ -101.355796813964844, 29.660549163818359 ], [ -101.404998779296875, 29.772769927978516 ], [ -101.531402587890625, 29.76416015625 ], [ -101.541702270507812, 29.814720153808594 ], [ -101.575599670410156, 29.773330688476562 ], [ -101.833602905273438, 29.795829772949219 ], [ -102.314697265625, 29.883329391479492 ], [ -102.385002136230469, 29.769710540771484 ], [ -102.670303344726562, 29.742769241333008 ], [ -102.761100769042969, 29.592769622802734 ], [ -102.819503784179688, 29.396659851074219 ], [ -102.886100769042969, 29.340549468994141 ], [ -102.862503051757812, 29.224159240722656 ], [ -102.904403686523438, 29.216100692749023 ], [ -103.035301208496094, 29.098600387573242 ], [ -103.077499389648438, 29.091100692749023 ], [ -103.110496520996094, 29.003330230712891 ], [ -103.154197692871094, 28.981380462646484 ], [ -103.401100158691406, 29.036380767822266 ], [ -103.543296813964844, 29.149160385131836 ], [ -103.63580322265625, 29.158330917358398 ], [ -103.761100769042969, 29.224720001220703 ], [ -103.999198913574219, 29.313610076904297 ], [ -104.442497253417969, 29.588050842285156 ], [ -104.6802978515625, 29.945550918579102 ], [ -104.682197570800781, 30.187490463256836 ], [ -104.8114013671875, 30.349720001220703 ], [ -104.867202758789062, 30.502220153808594 ], [ -105.125, 30.749719619750977 ], [ -105.266700744628906, 30.799720764160156 ], [ -105.49749755859375, 30.954160690307617 ], [ -105.87139892578125, 31.291940689086914 ], [ -106.214401245117188, 31.475269317626953 ], [ -106.335800170898438, 31.68943977355957 ], [ -106.520301818847656, 31.780550003051758 ], [ -108.208602905273438, 31.783330917358398 ], [ -108.208297729492188, 31.333049774169922 ], [ -111.045799255371094, 31.333049774169922 ], [ -112.870002746582031, 31.914159774780273 ], [ -114.809402465820312, 32.503879547119141 ], [ -114.718597412109375, 32.718318939208984 ], [ -117.12359619140625, 32.536788940429688 ], [ -117.213302612304688, 32.687770843505859 ], [ -117.171699523925781, 32.672218322753906 ], [ -117.152496337890625, 32.621101379394531 ], [ -117.114700317382812, 32.614711761474609 ], [ -117.132499694824219, 32.669990539550781 ], [ -117.200302124023438, 32.728050231933594 ], [ -117.231697082519531, 32.7127685546875 ], [ -117.245796203613281, 32.659160614013672 ], [ -117.268302917480469, 32.689430236816406 ], [ -117.27960205078125, 32.999309539794922 ], [ -117.400802612304688, 33.231098175048828 ], [ -117.648101806640625, 33.456108093261719 ], [ -118.105796813964844, 33.756099700927734 ], [ -118.218902587890625, 33.784721374511719 ], [ -118.270301818847656, 33.765819549560547 ], [ -118.269699096679688, 33.724708557128906 ], [ -118.3052978515625, 33.717208862304688 ], [ -118.400299072265625, 33.749439239501953 ], [ -118.421096801757812, 33.778598785400391 ], [ -118.385002136230469, 33.831928253173828 ], [ -118.429702758789062, 33.934989929199219 ], [ -118.516700744628906, 34.038318634033203 ], [ -118.646697998046875, 34.049709320068359 ], [ -118.801399230957031, 34.011379241943359 ], [ -119.214202880859375, 34.160549163818359 ], [ -119.341903686523438, 34.306930541992188 ], [ -119.541702270507812, 34.414150238037109 ], [ -119.654701232910156, 34.423320770263672 ], [ -119.709503173828125, 34.394428253173828 ], [ -120.123298645019531, 34.478870391845703 ], [ -120.446998596191406, 34.453601837158203 ], [ -120.489700317382812, 34.526371002197266 ], [ -120.609199523925781, 34.559429168701172 ], [ -120.628303527832031, 34.623600006103516 ], [ -120.591102600097656, 34.698600769042969 ], [ -120.655601501464844, 34.930271148681641 ], [ -120.604499816894531, 35.056381225585938 ], [ -120.61199951171875, 35.131099700927734 ], [ -120.703598022460938, 35.180820465087891 ], [ -120.743301391601562, 35.164440155029297 ], [ -120.851097106933594, 35.221370697021484 ], [ -120.870002746582031, 35.260269165039062 ], [ -120.841102600097656, 35.355258941650391 ], [ -120.849502563476562, 35.419158935546875 ], [ -121.044197082519531, 35.521099090576172 ], [ -121.11309814453125, 35.620819091796875 ], [ -121.290603637695312, 35.726661682128906 ], [ -121.4447021484375, 35.936378479003906 ], [ -121.477500915527344, 36.003318786621094 ], [ -121.567497253417969, 36.048320770263672 ], [ -121.647796630859375, 36.16693115234375 ], [ -121.851997375488281, 36.297771453857422 ], [ -121.923103332519531, 36.523601531982422 ], [ -121.893302917480469, 36.540538787841797 ], [ -121.946701049804688, 36.579990386962891 ], [ -121.908897399902344, 36.639430999755859 ], [ -121.855003356933594, 36.613040924072266 ], [ -121.813301086425781, 36.641651153564453 ], [ -121.745002746582031, 36.730548858642578 ], [ -121.774696350097656, 36.759159088134766 ], [ -121.758399963378906, 36.821929931640625 ], [ -121.854400634765625, 36.954429626464844 ], [ -121.907798767089844, 36.981098175048828 ], [ -122.034202575683594, 36.953041076660156 ], [ -122.175300598144531, 37.014148712158203 ], [ -122.376701354980469, 37.195541381835938 ], [ -122.394699096679688, 37.248878479003906 ], [ -122.37249755859375, 37.335540771484375 ], [ -122.422203063964844, 37.477489471435547 ], [ -122.485603332519531, 37.513599395751953 ], [ -122.487800598144531, 37.778881072998047 ], [ -122.456398010253906, 37.808040618896484 ], [ -122.379997253417969, 37.815269470214844 ], [ -122.334701538085938, 37.734149932861328 ], [ -122.36309814453125, 37.674709320068359 ], [ -122.356697082519531, 37.613319396972656 ], [ -122.029701232910156, 37.47943115234375 ], [ -122.227203369140625, 37.740550994873047 ], [ -122.302001953125, 37.795818328857422 ], [ -122.293296813964844, 37.891651153564453 ], [ -122.390800476074219, 37.952770233154297 ], [ -122.345596313476562, 38.017208099365234 ], [ -122.023597717285156, 38.065540313720703 ], [ -121.685798645019531, 38.031650543212891 ], [ -121.647201538085938, 38.062309265136719 ], [ -121.575103759765625, 38.075229644775391 ], [ -121.42919921875, 38.003318786621094 ], [ -121.44940185546875, 38.037208557128906 ], [ -121.555801391601562, 38.111930847167969 ], [ -121.653602600097656, 38.103599548339844 ], [ -121.67559814453125, 38.064159393310547 ], [ -121.762199401855469, 38.064990997314453 ], [ -121.981903076171875, 38.100551605224609 ], [ -121.960899353027344, 38.142208099365234 ], [ -121.998298645019531, 38.152759552001953 ], [ -122.119003295898438, 38.082820892333984 ], [ -122.383102416992188, 38.168880462646484 ], [ -122.403900146484375, 38.129428863525391 ], [ -122.481399536132812, 38.118598937988281 ], [ -122.448097229003906, 37.846660614013672 ], [ -122.475601196289062, 37.828880310058594 ], [ -122.637199401855469, 37.912208557128906 ], [ -122.678901672363281, 37.901660919189453 ], [ -122.908897399902344, 38.085269927978516 ], [ -122.949203491210938, 37.998878479003906 ], [ -122.980796813964844, 38.023319244384766 ], [ -122.92669677734375, 38.143878936767578 ], [ -123.022499084472656, 38.331928253173828 ], [ -123.034400939941406, 38.307460784912109 ], [ -123.098602294921875, 38.452770233154297 ], [ -123.379997253417969, 38.644428253173828 ], [ -123.703598022460938, 38.932491302490234 ], [ -123.714698791503906, 38.968601226806641 ], [ -123.666702270507812, 39.019161224365234 ], [ -123.796096801757812, 39.353038787841797 ], [ -123.776901245117188, 39.488040924072266 ], [ -123.736396789550781, 39.553050994873047 ], [ -123.822196960449219, 39.828601837158203 ], [ -124.176101684570312, 40.159709930419922 ], [ -124.324996948242188, 40.258041381835938 ], [ -124.354202270507812, 40.515819549560547 ], [ -124.243301391601562, 40.721931457519531 ], [ -124.211700439453125, 40.695270538330078 ], [ -124.161399841308594, 40.798320770263672 ], [ -124.068901062011719, 40.838600158691406 ], [ -124.06500244140625, 40.858318328857422 ], [ -124.125, 40.861370086669922 ], [ -124.199996948242188, 40.774150848388672 ], [ -124.098899841308594, 40.991939544677734 ], [ -124.139999389648438, 41.142768859863281 ], [ -124.045799255371094, 41.394428253173828 ], [ -124.087196350097656, 41.608051300048828 ], [ -124.140800476074219, 41.743038177490234 ], [ -124.240402221679688, 41.792751312255859 ], [ -124.194999694824219, 41.853038787841797 ], [ -124.183296203613281, 41.987209320068359 ], [ -124.323898315429688, 42.101940155029297 ], [ -124.428596496582031, 42.3408203125 ], [ -124.3822021484375, 42.628879547119141 ], [ -124.545303344726562, 42.845829010009766 ], [ -124.393302917480469, 43.171939849853516 ], [ -124.361701965332031, 43.352489471435547 ], [ -124.31610107421875, 43.360538482666016 ], [ -124.306396484375, 43.298870086669922 ], [ -124.269996643066406, 43.352771759033203 ], [ -124.254203796386719, 43.413318634033203 ], [ -124.215301513671875, 43.430271148681641 ], [ -124.201400756835938, 43.385818481445312 ], [ -124.147003173828125, 43.363601684570312 ], [ -124.1802978515625, 43.435550689697266 ], [ -124.18060302734375, 43.478321075439453 ], [ -124.061996459960938, 43.717208862304688 ], [ -124.11920166015625, 43.757209777832031 ], [ -124.167503356933594, 43.696929931640625 ], [ -124.179702758789062, 43.708599090576172 ], [ -124.095001220703125, 44.228038787841797 ], [ -124.056396484375, 44.606658935546875 ], [ -124.014701843261719, 44.617210388183594 ], [ -124.056098937988281, 44.687210083007812 ], [ -123.996696472167969, 44.920269012451172 ], [ -123.993598937988281, 45.061378479003906 ], [ -123.927200317382812, 45.284999847412109 ], [ -123.946403503417969, 45.415821075439453 ], [ -123.919403076171875, 45.396381378173828 ], [ -123.904403686523438, 45.420269012451172 ], [ -123.954498291015625, 45.474151611328125 ], [ -123.943901062011719, 45.520820617675781 ], [ -123.869499206542969, 45.485820770263672 ], [ -123.868598937988281, 45.526371002197266 ], [ -123.931098937988281, 45.591930389404297 ], [ -123.896102905273438, 45.691928863525391 ], [ -123.974998474121094, 45.776100158691406 ], [ -123.937202453613281, 45.882209777832031 ], [ -123.975303649902344, 45.956661224365234 ], [ -123.917800903320312, 45.991939544677734 ], [ -123.910598754882812, 46.059711456298828 ], [ -123.970001220703125, 46.229988098144531 ], [ -123.822799682617188, 46.188320159912109 ], [ -123.759201049804688, 46.223320007324219 ], [ -123.719497680664062, 46.189430236816406 ], [ -123.56109619140625, 46.219440460205078 ], [ -123.506103515625, 46.250270843505859 ], [ -123.43389892578125, 46.219440460205078 ], [ -123.398597717285156, 46.174991607666016 ], [ -123.259498596191406, 46.144428253173828 ], [ -123.163597106933594, 46.195270538330078 ], [ -123.266700744628906, 46.170551300048828 ], [ -123.371696472167969, 46.222759246826172 ], [ -123.414703369140625, 46.280269622802734 ], [ -123.778602600097656, 46.297771453857422 ], [ -123.853103637695312, 46.259990692138672 ], [ -124.070602416992188, 46.286930084228516 ], [ -124.033096313476562, 46.638599395751953 ], [ -123.989997863769531, 46.397769927978516 ], [ -123.941703796386719, 46.391101837158203 ], [ -123.909202575683594, 46.456928253173828 ], [ -123.831703186035156, 46.414440155029297 ], [ -123.832199096679688, 46.435821533203125 ], [ -123.921401977539062, 46.492210388183594 ], [ -123.87969970703125, 46.554988861083984 ], [ -123.916702270507812, 46.657768249511719 ], [ -123.894203186035156, 46.697490692138672 ], [ -123.833297729492188, 46.716381072998047 ], [ -123.955802917480469, 46.744709014892578 ], [ -124.045600891113281, 46.733879089355469 ], [ -124.077201843261719, 46.746379852294922 ], [ -124.086898803710938, 46.895820617675781 ], [ -124.016998291015625, 46.849990844726562 ], [ -124.041099548339844, 46.891380310058594 ], [ -123.796699523925781, 46.976100921630859 ], [ -123.966903686523438, 46.988601684570312 ], [ -124.043899536132812, 47.059989929199219 ], [ -124.107498168945312, 47.061939239501953 ], [ -124.135002136230469, 47.039440155029297 ], [ -124.108901977539062, 46.97637939453125 ], [ -124.154998779296875, 46.938880920410156 ], [ -124.221397399902344, 47.304988861083984 ], [ -124.300796508789062, 47.371101379394531 ], [ -124.397796630859375, 47.748050689697266 ], [ -124.61669921875, 47.922210693359375 ], [ -124.712799072265625, 48.160820007324219 ], [ -124.650802612304688, 48.336380004882812 ], [ -124.710700988769531, 48.401519775390625 ], [ -124.56610107421875, 48.379711151123047 ], [ -124.040298461914062, 48.193050384521484 ], [ -123.298301696777344, 48.132209777832031 ], [ -123.223098754882812, 48.134708404541016 ], [ -123.150299072265625, 48.161380767822266 ], [ -123.086700439453125, 48.1502685546875 ], [ -123.000602722167969, 48.048599243164062 ], [ -122.977203369140625, 48.111370086669922 ], [ -122.862800598144531, 48.070270538330078 ], [ -122.86199951171875, 48.008041381835938 ], [ -122.827003479003906, 48.022491455078125 ], [ -122.816703796386719, 48.056381225585938 ], [ -122.871902465820312, 48.100818634033203 ], [ -122.844497680664062, 48.137489318847656 ], [ -122.759498596191406, 48.162490844726562 ], [ -122.739997863769531, 48.135269165039062 ], [ -122.781402587890625, 48.108318328857422 ], [ -122.604400634765625, 47.899429321289062 ], [ -122.716400146484375, 47.824710845947266 ], [ -122.762802124023438, 47.709430694580078 ], [ -122.804496765136719, 47.696929931640625 ], [ -122.793098449707031, 47.854709625244141 ], [ -122.849502563476562, 47.836380004882812 ], [ -122.871696472167969, 47.711101531982422 ], [ -123.104400634765625, 47.469440460205078 ], [ -123.148399353027344, 47.374710083007812 ], [ -123.122802734375, 47.357208251953125 ], [ -122.904701232910156, 47.403881072998047 ], [ -122.832199096679688, 47.443321228027344 ], [ -122.830802917480469, 47.454429626464844 ], [ -123.095802307128906, 47.390541076660156 ], [ -123.084197998046875, 47.443050384521484 ], [ -122.909400939941406, 47.631649017333984 ], [ -122.749702453613281, 47.677211761474609 ], [ -122.724998474121094, 47.755550384521484 ], [ -122.616401672363281, 47.856098175048828 ], [ -122.556396484375, 47.834148406982422 ], [ -122.572196960449219, 47.926380157470703 ], [ -122.526397705078125, 47.931098937988281 ], [ -122.454696655273438, 47.774429321289062 ], [ -122.480796813964844, 47.749988555908203 ], [ -122.539703369140625, 47.763599395751953 ], [ -122.569999694824219, 47.713039398193359 ], [ -122.645599365234375, 47.746658325195312 ], [ -122.583602905273438, 47.619991302490234 ], [ -122.588203430175781, 47.599540710449219 ], [ -122.669700622558594, 47.663600921630859 ], [ -122.680000305175781, 47.624980926513672 ], [ -122.620002746582031, 47.587490081787109 ], [ -122.666900634765625, 47.543319702148438 ], [ -122.541900634765625, 47.602771759033203 ], [ -122.487503051757812, 47.527759552001953 ], [ -122.571403503417969, 47.35137939453125 ], [ -122.541397094726562, 47.297771453857422 ], [ -122.563102722167969, 47.277488708496094 ], [ -122.674201965332031, 47.310550689697266 ], [ -122.612800598144531, 47.397769927978516 ], [ -122.675796508789062, 47.377490997314453 ], [ -122.745796203613281, 47.299991607666016 ], [ -122.727500915527344, 47.218318939208984 ], [ -122.744499206542969, 47.188320159912109 ], [ -122.787498474121094, 47.217769622802734 ], [ -122.811698913574219, 47.273319244384766 ], [ -122.765602111816406, 47.361660003662109 ], [ -122.793899536132812, 47.41387939453125 ], [ -122.939201354980469, 47.205818176269531 ], [ -123.0625, 47.122760772705078 ], [ -123.025596618652344, 47.124149322509766 ], [ -122.92449951171875, 47.192489624023438 ], [ -122.950599670410156, 47.123321533203125 ], [ -122.87860107421875, 47.064159393310547 ], [ -122.887802124023438, 47.156101226806641 ], [ -122.831901550292969, 47.145549774169922 ], [ -122.80670166015625, 47.184429168701172 ], [ -122.710601806640625, 47.104160308837891 ], [ -122.55670166015625, 47.233879089355469 ], [ -122.523101806640625, 47.330539703369141 ], [ -122.419998168945312, 47.276371002197266 ], [ -122.386100769042969, 47.294158935546875 ], [ -122.420303344726562, 47.319709777832031 ], [ -122.312797546386719, 47.369991302490234 ], [ -122.399398803710938, 47.592491149902344 ], [ -122.349998474121094, 47.593601226806641 ], [ -122.326103210449219, 47.610538482666016 ], [ -122.418296813964844, 47.672210693359375 ], [ -122.349502563476562, 47.728870391845703 ], [ -122.377197265625, 47.817211151123047 ], [ -122.289497375488281, 47.960540771484375 ], [ -122.184196472167969, 48.009571075439453 ], [ -122.339202880859375, 48.0877685546875 ], [ -122.367500305175781, 48.208320617675781 ], [ -122.442001342773438, 48.227771759033203 ], [ -122.471900939941406, 48.167209625244141 ], [ -122.349197387695312, 48.057491302490234 ], [ -122.394203186035156, 48.071098327636719 ], [ -122.520797729492188, 48.165271759033203 ], [ -122.529403686523438, 48.223049163818359 ], [ -122.50140380859375, 48.249988555908203 ], [ -122.391403198242188, 48.227771759033203 ], [ -122.379203796386719, 48.291660308837891 ], [ -122.587501525878906, 48.429149627685547 ], [ -122.6322021484375, 48.401931762695312 ], [ -122.677803039550781, 48.416099548339844 ], [ -122.702201843261719, 48.494709014892578 ], [ -122.6156005859375, 48.510818481445312 ], [ -122.585899353027344, 48.454708099365234 ], [ -122.569198608398438, 48.488601684570312 ], [ -122.49749755859375, 48.449161529541016 ], [ -122.474700927734375, 48.467769622802734 ], [ -122.507499694824219, 48.550540924072266 ], [ -122.442497253417969, 48.566661834716797 ], [ -122.44000244140625, 48.603038787841797 ], [ -122.523597717285156, 48.693321228027344 ], [ -122.496101379394531, 48.736370086669922 ], [ -122.556098937988281, 48.774150848388672 ], [ -122.651901245117188, 48.713600158691406 ], [ -122.698898315429688, 48.822769165039062 ], [ -122.766700744628906, 48.866649627685547 ], [ -122.763603210449219, 48.934429168701172 ], [ -122.80999755859375, 48.932769775390625 ], [ -122.780296325683594, 48.963039398193359 ], [ -122.731903076171875, 48.957210540771484 ], [ -122.757301330566406, 48.998661041259766 ], [ -95.154167175292969, 48.999431610107422 ], [ -95.152786254882812, 49.376651763916016 ], [ -94.831680297851562, 49.316089630126953 ], [ -94.7005615234375, 48.899711608886719 ], [ -94.690277099609375, 48.774700164794922 ], [ -94.492767333984375, 48.695529937744141 ], [ -94.278877258300781, 48.702480316162109 ], [ -94.251106262207031, 48.671100616455078 ], [ -93.88555908203125, 48.630260467529297 ], [ -93.793327331542969, 48.51776123046875 ], [ -93.650558471679688, 48.516101837158203 ], [ -93.454452514648438, 48.559711456298828 ], [ -93.456672668457031, 48.594989776611328 ], [ -93.245002746582031, 48.640541076660156 ], [ -92.6260986328125, 48.532199859619141 ], [ -92.620269775390625, 48.498039245605469 ], [ -92.702499389648438, 48.482479095458984 ], [ -92.6905517578125, 48.444980621337891 ], [ -92.498611450195312, 48.446651458740234 ], [ -92.3638916015625, 48.233600616455078 ], [ -92.290283203125, 48.246650695800781 ], [ -92.300552368164062, 48.304988861083984 ], [ -92.261123657226562, 48.345260620117188 ], [ -92.05194091796875, 48.353870391845703 ], [ -91.956390380859375, 48.235820770263672 ], [ -91.734443664550781, 48.190540313720703 ], [ -91.696662902832031, 48.100540161132812 ], [ -91.440689086914062, 48.046470642089844 ], [ -90.881942749023438, 48.237209320068359 ], [ -90.838058471679688, 48.208599090576172 ], [ -90.778610229492188, 48.107490539550781 ], [ -90.740829467773438, 48.0908203125 ], [ -90.389999389648438, 48.097240447998047 ], [ -90.156387329101562, 48.122478485107422 ], [ -90.065277099609375, 48.108318328857422 ], [ -89.993057250976562, 48.022758483886719 ], [ -89.904167175292969, 47.989151000976562 ], [ -89.6744384765625, 48.015541076660156 ], [ -89.356658935546875, 47.979709625244141 ], [ -88.6885986328125, 48.257488250732422 ], [ -88.368057250976562, 48.312198638916016 ], [ -86.53167724609375, 47.593318939208984 ], [ -84.863616943359375, 46.905258178710938 ], [ -84.775283813476562, 46.653041839599609 ], [ -84.565277099609375, 46.466381072998047 ], [ -84.480003356933594, 46.460269927978516 ], [ -84.435127258300781, 46.48638916015625 ], [ -84.141952514648438, 46.535259246826172 ], [ -84.118331909179688, 46.518039703369141 ], [ -84.1602783203125, 46.424991607666016 ], [ -84.099441528320312, 46.232761383056641 ], [ -83.958892822265625, 46.071659088134766 ], [ -83.71221923828125, 46.123870849609375 ], [ -83.610549926757812, 46.119148254394531 ], [ -83.448036193847656, 46.011928558349609 ], [ -83.597747802734375, 45.826969146728516 ], [ -82.543327331542969, 45.355819702148438 ], [ -82.130279541015625, 43.585258483886719 ], [ -82.420623779296875, 43.014068603515625 ], [ -82.413330078125, 42.964710235595703 ], [ -82.481109619140625, 42.829429626464844 ], [ -82.474716186523438, 42.751659393310547 ], [ -82.521392822265625, 42.618869781494141 ], [ -82.586402893066406, 42.558589935302734 ], [ -82.650726318359375, 42.555099487304688 ], [ -82.923049926757812, 42.364990234375 ], [ -83.0877685546875, 42.292209625244141 ], [ -83.113243103027344, 42.251308441162109 ], [ -83.137969970703125, 42.112339019775391 ], [ -83.168609619140625, 42.046100616455078 ], [ -83.071952819824219, 41.859710693359375 ], [ -82.696662902832031, 41.683868408203125 ], [ -82.425277709960938, 41.675540924072266 ], [ -81.249160766601562, 42.224979400634766 ], [ -80.09722900390625, 42.396381378173828 ], [ -79.009452819824219, 42.811649322509766 ], [ -78.942489624023438, 42.852489471435547 ], [ -78.917068481445312, 42.916160583496094 ], [ -78.979949951171875, 42.97406005859375 ], [ -79.065567016601562, 43.099720001220703 ], [ -79.061660766601562, 43.270820617675781 ], [ -79.184722900390625, 43.465541839599609 ], [ -78.702499389648438, 43.638038635253906 ], [ -76.793327331542969, 43.646099090576172 ], [ -76.434722900390625, 44.104709625244141 ] ] ], [ [ [ -134.606704711914062, 57.008041381835938 ], [ -134.635604858398438, 57.209430694580078 ], [ -134.62359619140625, 57.224990844726562 ], [ -134.526092529296875, 57.213039398193359 ], [ -134.521102905273438, 57.236370086669922 ], [ -134.578903198242188, 57.255550384521484 ], [ -134.576705932617188, 57.275829315185547 ], [ -134.452499389648438, 57.312480926513672 ], [ -134.55450439453125, 57.3408203125 ], [ -134.555801391601562, 57.391651153564453 ], [ -134.330596923828125, 57.328319549560547 ], [ -134.339797973632812, 57.374980926513672 ], [ -134.509506225585938, 57.431098937988281 ], [ -134.572494506835938, 57.489711761474609 ], [ -134.360794067382812, 57.535549163818359 ], [ -134.378402709960938, 57.549160003662109 ], [ -134.56280517578125, 57.506099700927734 ], [ -134.654403686523438, 57.598320007324219 ], [ -134.803604125976562, 58.044158935546875 ], [ -134.726394653320312, 58.176101684570312 ], [ -134.743896484375, 58.185260772705078 ], [ -134.779205322265625, 58.105548858642578 ], [ -134.912506103515625, 58.205268859863281 ], [ -134.8800048828125, 58.254428863525391 ], [ -134.927001953125, 58.253879547119141 ], [ -134.972000122070312, 58.364158630371094 ], [ -134.956695556640625, 58.407768249511719 ], [ -134.8721923828125, 58.362770080566406 ], [ -134.685897827148438, 58.162769317626953 ], [ -134.169204711914062, 58.159709930419922 ], [ -134.160903930664062, 58.122760772705078 ], [ -134.17779541015625, 58.083599090576172 ], [ -134.00360107421875, 57.936100006103516 ], [ -133.840301513671875, 57.610271453857422 ], [ -133.988601684570312, 57.743038177490234 ], [ -134.00750732421875, 57.805271148681641 ], [ -134.095001220703125, 57.850269317626953 ], [ -134.148101806640625, 57.963039398193359 ], [ -134.3031005859375, 58.095268249511719 ], [ -134.223602294921875, 57.969440460205078 ], [ -134.3125, 57.992771148681641 ], [ -134.288894653320312, 57.831661224365234 ], [ -134.23699951171875, 57.858879089355469 ], [ -134.043594360351562, 57.683601379394531 ], [ -134.079193115234375, 57.649429321289062 ], [ -133.949203491210938, 57.628318786621094 ], [ -133.840301513671875, 57.460540771484375 ], [ -134.089797973632812, 57.471099853515625 ], [ -133.99530029296875, 57.408039093017578 ], [ -133.910598754882812, 57.433319091796875 ], [ -133.863296508789062, 57.376380920410156 ], [ -133.867202758789062, 57.348320007324219 ], [ -133.946395874023438, 57.301101684570312 ], [ -134.167007446289062, 57.384990692138672 ], [ -134.142501831054688, 57.300270080566406 ], [ -134.076705932617188, 57.275539398193359 ], [ -134.094696044921875, 57.246929168701172 ], [ -134.129196166992188, 57.260540008544922 ], [ -134.147506713867188, 57.202491760253906 ], [ -134.606704711914062, 57.008041381835938 ] ] ], [ [ [ -152.771697998046875, 57.998321533203125 ], [ -152.895294189453125, 58.007209777832031 ], [ -153.032501220703125, 58.049709320068359 ], [ -153.05450439453125, 58.110538482666016 ], [ -153.148605346679688, 58.102210998535156 ], [ -153.229507446289062, 58.163051605224609 ], [ -153.219497680664062, 58.196098327636719 ], [ -153.181106567382812, 58.216648101806641 ], [ -152.904693603515625, 58.165271759033203 ], [ -153.102798461914062, 58.258880615234375 ], [ -153.047805786132812, 58.301929473876953 ], [ -152.764999389648438, 58.256649017333984 ], [ -152.767196655273438, 58.366378784179688 ], [ -152.876998901367188, 58.397491455078125 ], [ -152.727203369140625, 58.455268859863281 ], [ -152.692001342773438, 58.422489166259766 ], [ -152.658096313476562, 58.477210998535156 ], [ -152.496902465820312, 58.4627685546875 ], [ -152.526397705078125, 58.413600921630859 ], [ -152.468093872070312, 58.405269622802734 ], [ -152.474700927734375, 58.351940155029297 ], [ -152.42950439453125, 58.375270843505859 ], [ -152.399200439453125, 58.315818786621094 ], [ -152.302001953125, 58.424160003662109 ], [ -152.243301391601562, 58.387760162353516 ], [ -152.221405029296875, 58.353321075439453 ], [ -152.091094970703125, 58.360271453857422 ], [ -152.147796630859375, 58.262489318847656 ], [ -152.130294799804688, 58.232769012451172 ], [ -152.099502563476562, 58.303321838378906 ], [ -152.068893432617188, 58.314990997314453 ], [ -152.06390380859375, 58.2752685546875 ], [ -151.9949951171875, 58.347488403320312 ], [ -151.966705322265625, 58.328041076660156 ], [ -151.972793579101562, 58.233051300048828 ], [ -152.080307006835938, 58.156379699707031 ], [ -152.191696166992188, 58.174430847167969 ], [ -152.270294189453125, 58.263050079345703 ], [ -152.327499389648438, 58.219711303710938 ], [ -152.329696655273438, 58.157489776611328 ], [ -152.274398803710938, 58.127769470214844 ], [ -152.542800903320312, 58.085269927978516 ], [ -152.560302734375, 58.181659698486328 ], [ -152.601104736328125, 58.156940460205078 ], [ -152.62640380859375, 58.078601837158203 ], [ -152.751693725585938, 58.052761077880859 ], [ -152.771697998046875, 57.998321533203125 ] ] ], [ [ [ -146.585006713867188, 60.243038177490234 ], [ -146.667007446289062, 60.267768859863281 ], [ -146.677505493164062, 60.287769317626953 ], [ -146.485000610351562, 60.363880157470703 ], [ -146.592193603515625, 60.373600006103516 ], [ -146.639205932617188, 60.335819244384766 ], [ -146.715896606445312, 60.358879089355469 ], [ -146.708892822265625, 60.402210235595703 ], [ -146.61529541015625, 60.473598480224609 ], [ -146.386398315429688, 60.477210998535156 ], [ -146.339996337890625, 60.407211303710938 ], [ -146.154693603515625, 60.435550689697266 ], [ -146.097000122070312, 60.392768859863281 ], [ -146.585006713867188, 60.243038177490234 ] ] ], [ [ [ -172.279998779296875, 60.302761077880859 ], [ -172.343902587890625, 60.339431762695312 ], [ -172.599197387695312, 60.324989318847656 ], [ -173.048294067382812, 60.494430541992188 ], [ -173.032501220703125, 60.560260772705078 ], [ -172.914199829101562, 60.585540771484375 ], [ -172.9281005859375, 60.558601379394531 ], [ -172.86419677734375, 60.495819091796875 ], [ -172.586105346679688, 60.398319244384766 ], [ -172.397201538085938, 60.396099090576172 ], [ -172.209197998046875, 60.317211151123047 ], [ -172.279998779296875, 60.302761077880859 ] ] ], [ [ [ -166.193099975585938, 59.754428863525391 ], [ -166.284500122070312, 59.822490692138672 ], [ -166.746902465820312, 59.892208099365234 ], [ -167.069198608398438, 60.015270233154297 ], [ -167.114700317382812, 59.995819091796875 ], [ -167.315902709960938, 60.071659088134766 ], [ -167.328903198242188, 60.127490997314453 ], [ -167.4508056640625, 60.207489013671875 ], [ -166.955001831054688, 60.224151611328125 ], [ -166.839202880859375, 60.204708099365234 ], [ -166.792205810546875, 60.238040924072266 ], [ -166.80810546875, 60.280269622802734 ], [ -166.679702758789062, 60.324428558349609 ], [ -166.582794189453125, 60.310821533203125 ], [ -166.464797973632812, 60.384429931640625 ], [ -166.405303955078125, 60.372489929199219 ], [ -166.396392822265625, 60.3408203125 ], [ -166.19140625, 60.394161224365234 ], [ -166.143600463867188, 60.380550384521484 ], [ -166.109207153320312, 60.410259246826172 ], [ -166.071701049804688, 60.331661224365234 ], [ -165.926101684570312, 60.317489624023438 ], [ -165.880294799804688, 60.343601226806641 ], [ -165.68719482421875, 60.298320770263672 ], [ -165.669204711914062, 60.042488098144531 ], [ -165.5531005859375, 59.945270538330078 ], [ -165.570907592773438, 59.914989471435547 ], [ -166.266098022460938, 59.8377685546875 ], [ -166.11669921875, 59.811378479003906 ], [ -166.083297729492188, 59.775829315185547 ], [ -166.102493286132812, 59.758041381835938 ], [ -166.193099975585938, 59.754428863525391 ] ] ], [ [ [ -147.860794067382812, 59.775829315185547 ], [ -147.891693115234375, 59.806381225585938 ], [ -147.895004272460938, 59.841930389404297 ], [ -147.741104125976562, 59.893878936767578 ], [ -147.80169677734375, 59.909160614013672 ], [ -147.758102416992188, 59.948040008544922 ], [ -147.667495727539062, 59.970268249511719 ], [ -147.699996948242188, 59.994709014892578 ], [ -147.404205322265625, 60.111370086669922 ], [ -147.30419921875, 60.225269317626953 ], [ -147.206100463867188, 60.238319396972656 ], [ -147.199493408203125, 60.349430084228516 ], [ -147.112197875976562, 60.380821228027344 ], [ -147.120803833007812, 60.344150543212891 ], [ -147.015304565429688, 60.346099853515625 ], [ -147.104995727539062, 60.274429321289062 ], [ -146.93780517578125, 60.286380767822266 ], [ -146.984695434570312, 60.241649627685547 ], [ -147.297805786132812, 60.082759857177734 ], [ -147.3656005859375, 60.026660919189453 ], [ -147.352005004882812, 59.975269317626953 ], [ -147.441696166992188, 59.968318939208984 ], [ -147.48779296875, 59.936378479003906 ], [ -147.44500732421875, 59.904991149902344 ], [ -147.483901977539062, 59.861930847167969 ], [ -147.860794067382812, 59.775829315185547 ] ] ], [ [ [ -169.666107177734375, 62.943321228027344 ], [ -169.746902465820312, 62.960269927978516 ], [ -169.758102416992188, 63.008880615234375 ], [ -169.710296630859375, 63.020549774169922 ], [ -169.710601806640625, 63.055271148681641 ], [ -169.8883056640625, 63.150539398193359 ], [ -169.931396484375, 63.133319854736328 ], [ -170.082504272460938, 63.198879241943359 ], [ -170.2510986328125, 63.193878173828125 ], [ -170.211700439453125, 63.247760772705078 ], [ -170.237197875976562, 63.282489776611328 ], [ -170.844696044921875, 63.459991455078125 ], [ -171.080307006835938, 63.438041687011719 ], [ -171.538894653320312, 63.326648712158203 ], [ -171.799697875976562, 63.414150238037109 ], [ -171.850906372070312, 63.508598327636719 ], [ -171.808303833007812, 63.635818481445312 ], [ -171.74420166015625, 63.662208557128906 ], [ -171.736404418945312, 63.789710998535156 ], [ -171.666397094726562, 63.792488098144531 ], [ -171.623397827148438, 63.757770538330078 ], [ -171.639999389648438, 63.698879241943359 ], [ -171.402801513671875, 63.643039703369141 ], [ -171.520599365234375, 63.619991302490234 ], [ -171.37469482421875, 63.604709625244141 ], [ -171.365798950195312, 63.632488250732422 ], [ -171.06719970703125, 63.598880767822266 ], [ -171.090896606445312, 63.57720947265625 ], [ -170.794998168945312, 63.611099243164062 ], [ -170.485794067382812, 63.703319549560547 ], [ -170.238906860351562, 63.666660308837891 ], [ -170.037002563476562, 63.540821075439453 ], [ -170.037796020507812, 63.483879089355469 ], [ -169.76080322265625, 63.447208404541016 ], [ -169.5010986328125, 63.369159698486328 ], [ -169.271102905273438, 63.356098175048828 ], [ -169.200302124023438, 63.302761077880859 ], [ -169.110794067382812, 63.299160003662109 ], [ -169.070297241210938, 63.315269470214844 ], [ -169.218399047851562, 63.344711303710938 ], [ -168.6903076171875, 63.303050994873047 ], [ -168.780303955078125, 63.185260772705078 ], [ -168.850006103515625, 63.155269622802734 ], [ -169.197006225585938, 63.203880310058594 ], [ -169.404205322265625, 63.1502685546875 ], [ -169.568405151367188, 63.053321838378906 ], [ -169.556900024414062, 62.999988555908203 ], [ -169.666107177734375, 62.943321228027344 ] ] ], [ [ [ -134.647201538085938, 56.181098937988281 ], [ -134.67529296875, 56.213600158691406 ], [ -134.79949951171875, 56.260540008544922 ], [ -135.038894653320312, 56.561649322509766 ], [ -134.845901489257812, 56.681659698486328 ], [ -134.88720703125, 56.683319091796875 ], [ -134.953292846679688, 56.623050689697266 ], [ -134.982498168945312, 56.635818481445312 ], [ -134.93719482421875, 56.709991455078125 ], [ -134.99530029296875, 56.693599700927734 ], [ -135.0408935546875, 56.615261077880859 ], [ -135.099502563476562, 56.593879699707031 ], [ -135.12530517578125, 56.658039093017578 ], [ -135.042495727539062, 56.754989624023438 ], [ -135.161407470703125, 56.678600311279297 ], [ -135.1947021484375, 56.696929931640625 ], [ -135.1199951171875, 56.827491760253906 ], [ -135.367202758789062, 56.828041076660156 ], [ -135.365005493164062, 56.880260467529297 ], [ -135.290298461914062, 56.880821228027344 ], [ -135.30889892578125, 56.913318634033203 ], [ -135.37640380859375, 56.940269470214844 ], [ -135.158905029296875, 57.008041381835938 ], [ -135.199203491210938, 57.044708251953125 ], [ -135.243606567382812, 57.030540466308594 ], [ -135.330001831054688, 57.052211761474609 ], [ -135.378097534179688, 57.098598480224609 ], [ -135.3717041015625, 57.132770538330078 ], [ -135.264999389648438, 57.159160614013672 ], [ -135.337493896484375, 57.177761077880859 ], [ -135.3717041015625, 57.145549774169922 ], [ -135.406097412109375, 57.149711608886719 ], [ -135.333099365234375, 57.244430541992188 ], [ -135.532196044921875, 57.229709625244141 ], [ -135.672500610351562, 57.346370697021484 ], [ -135.654998779296875, 57.363880157470703 ], [ -135.475906372070312, 57.347488403320312 ], [ -135.51080322265625, 57.369991302490234 ], [ -135.603607177734375, 57.381649017333984 ], [ -135.514205932617188, 57.507209777832031 ], [ -135.407501220703125, 57.553321838378906 ], [ -135.319198608398438, 57.536380767822266 ], [ -135.280899047851562, 57.509429931640625 ], [ -135.405899047851562, 57.447490692138672 ], [ -135.18609619140625, 57.483318328857422 ], [ -135.153594970703125, 57.448600769042969 ], [ -134.98199462890625, 57.38970947265625 ], [ -134.905899047851562, 57.329708099365234 ], [ -134.976394653320312, 57.304988861083984 ], [ -134.819198608398438, 57.192760467529297 ], [ -134.7969970703125, 57.160549163818359 ], [ -134.792007446289062, 57.075820922851562 ], [ -134.756698608398438, 57.070541381835938 ], [ -134.610000610351562, 56.575550079345703 ], [ -134.656402587890625, 56.580268859863281 ], [ -134.647201538085938, 56.181098937988281 ] ] ], [ [ [ -140.999099731445312, 69.644561767578125 ], [ -140.996902465820312, 60.307590484619141 ], [ -140.521392822265625, 60.222209930419922 ], [ -140.4508056640625, 60.309711456298828 ], [ -139.979400634765625, 60.187759399414062 ], [ -139.67669677734375, 60.340541839599609 ], [ -139.068099975585938, 60.352210998535156 ], [ -139.0657958984375, 60.316928863525391 ], [ -139.18890380859375, 60.088871002197266 ], [ -139.047805786132812, 59.997478485107422 ], [ -138.6903076171875, 59.906929016113281 ], [ -138.654693603515625, 59.814701080322266 ], [ -138.584396362304688, 59.756649017333984 ], [ -137.590805053710938, 59.238590240478516 ], [ -137.479705810546875, 58.998039245605469 ], [ -137.5072021484375, 58.937759399414062 ], [ -137.495803833007812, 58.911930084228516 ], [ -137.427505493164062, 58.911369323730469 ], [ -136.80889892578125, 59.165260314941406 ], [ -136.583892822265625, 59.163311004638672 ], [ -136.480804443359375, 59.261928558349609 ], [ -136.463592529296875, 59.469699859619141 ], [ -136.300003051757812, 59.471088409423828 ], [ -136.233901977539062, 59.525821685791016 ], [ -136.23919677734375, 59.561370849609375 ], [ -136.343902587890625, 59.602771759033203 ], [ -135.473602294921875, 59.801929473876953 ], [ -135.014495849609375, 59.567489624023438 ], [ -135.021102905273438, 59.471088409423828 ], [ -135.091705322265625, 59.426929473876953 ], [ -134.98919677734375, 59.389980316162109 ], [ -135.016098022460938, 59.347759246826172 ], [ -134.947494506835938, 59.27886962890625 ], [ -134.688003540039062, 59.243320465087891 ], [ -134.56640625, 59.130538940429688 ], [ -134.461395263671875, 59.126651763916016 ], [ -134.37750244140625, 59.043880462646484 ], [ -134.395294189453125, 58.983039855957031 ], [ -134.3114013671875, 58.964431762695312 ], [ -134.332199096679688, 58.929710388183594 ], [ -134.245498657226562, 58.856929779052734 ], [ -133.826904296875, 58.726089477539062 ], [ -133.683303833007812, 58.595539093017578 ], [ -133.36639404296875, 58.424160003662109 ], [ -133.44720458984375, 58.377201080322266 ], [ -133.136993408203125, 58.135818481445312 ], [ -133.084396362304688, 58.029430389404297 ], [ -132.226699829101562, 57.204700469970703 ], [ -132.336898803710938, 57.088321685791016 ], [ -132.027496337890625, 57.036380767822266 ], [ -132.103103637695312, 56.866649627685547 ], [ -131.861404418945312, 56.799709320068359 ], [ -131.81610107421875, 56.594989776611328 ], [ -131.539505004882812, 56.596649169921875 ], [ -131.12579345703125, 56.424160003662109 ], [ -130.774398803710938, 56.366100311279297 ], [ -130.627197265625, 56.258598327636719 ], [ -130.461898803710938, 56.235260009765625 ], [ -130.414199829101562, 56.128868103027344 ], [ -130.229202270507812, 56.090259552001953 ], [ -130.088592529296875, 56.118038177490234 ], [ -130.014205932617188, 56.023868560791016 ], [ -130.016204833984375, 55.912410736083984 ], [ -130.1741943359375, 55.759990692138672 ], [ -130.143600463867188, 55.558040618896484 ], [ -129.99139404296875, 55.286930084228516 ], [ -130.209701538085938, 55.081928253173828 ], [ -130.349502563476562, 54.917758941650391 ], [ -130.579498291015625, 54.796100616455078 ], [ -130.604507446289062, 54.800540924072266 ], [ -130.5758056640625, 54.857769012451172 ], [ -130.672195434570312, 54.767208099365234 ], [ -130.712799072265625, 54.767768859863281 ], [ -130.7283935546875, 54.790538787841797 ], [ -130.68280029296875, 54.796939849853516 ], [ -130.724197387695312, 54.944149017333984 ], [ -130.747802734375, 54.963329315185547 ], [ -130.787002563476562, 54.794158935546875 ], [ -130.819198608398438, 54.767768859863281 ], [ -130.893905639648438, 54.780540466308594 ], [ -130.984695434570312, 55.045818328857422 ], [ -130.839401245117188, 55.103038787841797 ], [ -130.727798461914062, 55.076099395751953 ], [ -130.81640625, 55.142768859863281 ], [ -130.912200927734375, 55.090549468994141 ], [ -131.01220703125, 55.086650848388672 ], [ -131.07000732421875, 55.173599243164062 ], [ -131.050003051757812, 55.204990386962891 ], [ -130.93719482421875, 55.283039093017578 ], [ -130.633102416992188, 55.287769317626953 ], [ -130.650299072265625, 55.333599090576172 ], [ -130.843093872070312, 55.300819396972656 ], [ -130.86669921875, 55.313320159912109 ], [ -130.88580322265625, 55.705268859863281 ], [ -131.19830322265625, 55.969150543212891 ], [ -131.010299682617188, 56.106380462646484 ], [ -131.322494506835938, 55.964988708496094 ], [ -131.373397827148438, 55.962490081787109 ], [ -131.409698486328125, 56.005550384521484 ], [ -131.852798461914062, 55.864990234375 ], [ -131.915603637695312, 55.858318328857422 ], [ -131.75360107421875, 55.813041687011719 ], [ -131.787002563476562, 55.743598937988281 ], [ -131.86309814453125, 55.725269317626953 ], [ -131.8153076171875, 55.669429779052734 ], [ -131.879501342773438, 55.598598480224609 ], [ -131.99859619140625, 55.664989471435547 ], [ -131.922805786132812, 55.551380157470703 ], [ -131.955001831054688, 55.5010986328125 ], [ -132.143096923828125, 55.567489624023438 ], [ -132.19110107421875, 55.613319396972656 ], [ -132.266403198242188, 55.750541687011719 ], [ -132.168304443359375, 55.721931457519531 ], [ -132.183303833007812, 55.789440155029297 ], [ -132.047805786132812, 55.805820465087891 ], [ -132.082794189453125, 55.844711303710938 ], [ -132.032196044921875, 55.890819549560547 ], [ -132.06109619140625, 55.937210083007812 ], [ -131.943603515625, 55.995540618896484 ], [ -131.963104248046875, 56.160259246826172 ], [ -131.769699096679688, 56.196929931640625 ], [ -131.597503662109375, 56.169158935546875 ], [ -131.49029541015625, 56.220829010009766 ], [ -131.905593872070312, 56.228599548339844 ], [ -131.970306396484375, 56.357208251953125 ], [ -132.236099243164062, 56.484989166259766 ], [ -132.331405639648438, 56.515541076660156 ], [ -132.351394653320312, 56.542488098144531 ], [ -132.30499267578125, 56.633880615234375 ], [ -132.447494506835938, 56.603599548339844 ], [ -132.547805786132812, 56.627769470214844 ], [ -132.539199829101562, 56.658329010009766 ], [ -132.455001831054688, 56.671939849853516 ], [ -132.526092529296875, 56.708599090576172 ], [ -132.4949951171875, 56.750820159912109 ], [ -132.74639892578125, 56.834148406982422 ], [ -132.923294067382812, 56.976940155029297 ], [ -132.774200439453125, 56.958320617675781 ], [ -132.766403198242188, 56.989711761474609 ], [ -132.791397094726562, 57.088039398193359 ], [ -132.972198486328125, 57.031940460205078 ], [ -133.164505004882812, 57.083881378173828 ], [ -133.114501953125, 57.144428253173828 ], [ -133.157196044921875, 57.164440155029297 ], [ -133.203094482421875, 57.136379241943359 ], [ -133.2344970703125, 57.174709320068359 ], [ -133.26080322265625, 57.111370086669922 ], [ -133.296401977539062, 57.096660614013672 ], [ -133.5469970703125, 57.175540924072266 ], [ -133.472000122070312, 57.279430389404297 ], [ -133.05889892578125, 57.327770233154297 ], [ -133.033401489257812, 57.348049163818359 ], [ -133.341903686523438, 57.327770233154297 ], [ -133.432296752929688, 57.346931457519531 ], [ -133.451995849609375, 57.374439239501953 ], [ -133.340896606445312, 57.406379699707031 ], [ -133.356094360351562, 57.429710388183594 ], [ -133.434402465820312, 57.419158935546875 ], [ -133.49530029296875, 57.4627685546875 ], [ -133.4967041015625, 57.531940460205078 ], [ -133.44610595703125, 57.569438934326172 ], [ -133.32110595703125, 57.579708099365234 ], [ -133.357498168945312, 57.591930389404297 ], [ -133.5491943359375, 57.565818786621094 ], [ -133.648300170898438, 57.609439849853516 ], [ -133.643600463867188, 57.700820922851562 ], [ -133.400299072265625, 57.714710235595703 ], [ -133.517807006835938, 57.745819091796875 ], [ -133.549697875976562, 57.809429168701172 ], [ -133.556900024414062, 57.902488708496094 ], [ -133.132797241210938, 57.850551605224609 ], [ -133.166397094726562, 57.882770538330078 ], [ -133.548095703125, 57.924430847167969 ], [ -133.588104248046875, 57.913051605224609 ], [ -133.589401245117188, 57.859710693359375 ], [ -133.638900756835938, 57.878318786621094 ], [ -133.6221923828125, 57.810550689697266 ], [ -133.647003173828125, 57.785820007324219 ], [ -133.700607299804688, 57.790271759033203 ], [ -133.855804443359375, 57.953880310058594 ], [ -133.783599853515625, 57.991649627685547 ], [ -133.69970703125, 57.935550689697266 ], [ -133.699996948242188, 57.971370697021484 ], [ -133.669204711914062, 58.013881683349609 ], [ -133.725601196289062, 58.007209777832031 ], [ -133.766403198242188, 58.050540924072266 ], [ -133.670806884765625, 58.141929626464844 ], [ -133.74200439453125, 58.135818481445312 ], [ -133.797805786132812, 58.009708404541016 ], [ -133.898300170898438, 57.97637939453125 ], [ -134.05029296875, 58.067760467529297 ], [ -134.069503784179688, 58.101100921630859 ], [ -134.06640625, 58.276931762695312 ], [ -133.979995727539062, 58.312210083007812 ], [ -134.011398315429688, 58.391380310058594 ], [ -133.920806884765625, 58.497760772705078 ], [ -133.769500732421875, 58.517490386962891 ], [ -133.959197998046875, 58.504711151123047 ], [ -134.145294189453125, 58.294708251953125 ], [ -134.096099853515625, 58.247760772705078 ], [ -134.154205322265625, 58.197769165039062 ], [ -134.24029541015625, 58.208599090576172 ], [ -134.60699462890625, 58.364711761474609 ], [ -134.633102416992188, 58.342491149902344 ], [ -134.652297973632812, 58.380550384521484 ], [ -134.737503051757812, 58.372760772705078 ], [ -134.764999389648438, 58.386661529541016 ], [ -134.775802612304688, 58.491100311279297 ], [ -134.935592651367188, 58.607490539550781 ], [ -134.988906860351562, 58.675540924072266 ], [ -134.915298461914062, 58.652759552001953 ], [ -134.94720458984375, 58.814708709716797 ], [ -135.027297973632812, 58.787769317626953 ], [ -135.022796630859375, 58.736930847167969 ], [ -135.140594482421875, 58.831928253173828 ], [ -135.158096313476562, 58.982769012451172 ], [ -135.362503051757812, 59.263320922851562 ], [ -135.322799682617188, 59.449710845947266 ], [ -135.359695434570312, 59.453880310058594 ], [ -135.399200439453125, 59.305271148681641 ], [ -135.547500610351562, 59.321380615234375 ], [ -135.30780029296875, 59.120269775390625 ], [ -135.304702758789062, 59.083599090576172 ], [ -135.426300048828125, 59.186508178710938 ], [ -135.54559326171875, 59.233879089355469 ], [ -135.541702270507812, 59.214710235595703 ], [ -135.375595092773438, 59.081100463867188 ], [ -135.391098022460938, 58.964160919189453 ], [ -135.237503051757812, 58.780818939208984 ], [ -135.201400756835938, 58.680820465087891 ], [ -135.162796020507812, 58.636661529541016 ], [ -135.223602294921875, 58.608879089355469 ], [ -135.04949951171875, 58.340549468994141 ], [ -135.05389404296875, 58.293598175048828 ], [ -135.089996337890625, 58.269161224365234 ], [ -135.085601806640625, 58.233051300048828 ], [ -135.151901245117188, 58.206661224365234 ], [ -135.329193115234375, 58.252769470214844 ], [ -135.468597412109375, 58.418048858642578 ], [ -135.460601806640625, 58.380550384521484 ], [ -135.494796752929688, 58.372760772705078 ], [ -135.609695434570312, 58.420269012451172 ], [ -135.910598754882812, 58.379161834716797 ], [ -135.836105346679688, 58.532489776611328 ], [ -135.889495849609375, 58.571929931640625 ], [ -135.820297241210938, 58.599708557128906 ], [ -135.919998168945312, 58.648040771484375 ], [ -136.069503784179688, 58.811649322509766 ], [ -135.9281005859375, 58.874710083007812 ], [ -135.92529296875, 58.855548858642578 ], [ -135.758895874023438, 58.883041381835938 ], [ -135.769500732421875, 58.9002685546875 ], [ -135.963592529296875, 58.916370391845703 ], [ -135.966705322265625, 58.876380920410156 ], [ -136.033905029296875, 58.851650238037109 ], [ -136.097000122070312, 59.006938934326172 ], [ -136.152297973632812, 59.034431457519531 ], [ -136.135299682617188, 58.950550079345703 ], [ -136.093399047851562, 58.868598937988281 ], [ -136.158905029296875, 58.761379241943359 ], [ -136.222000122070312, 58.749439239501953 ], [ -136.465606689453125, 58.827770233154297 ], [ -136.508102416992188, 58.904708862304688 ], [ -136.488906860351562, 58.965549468994141 ], [ -136.539993286132812, 58.963039398193359 ], [ -136.570907592773438, 58.913600921630859 ], [ -136.699493408203125, 59.020259857177734 ], [ -136.608306884765625, 58.907768249511719 ], [ -136.649200439453125, 58.890270233154297 ], [ -137.00469970703125, 59.020259857177734 ], [ -136.912796020507812, 58.953041076660156 ], [ -136.906692504882812, 58.920551300048828 ], [ -137.098907470703125, 58.856929779052734 ], [ -137.115798950195312, 58.819709777832031 ], [ -136.852005004882812, 58.880260467529297 ], [ -136.635299682617188, 58.808879852294922 ], [ -136.498092651367188, 58.743598937988281 ], [ -136.382003784179688, 58.720829010009766 ], [ -136.337493896484375, 58.683879852294922 ], [ -136.443405151367188, 58.607490539550781 ], [ -136.289703369140625, 58.625270843505859 ], [ -136.2969970703125, 58.657211303710938 ], [ -136.1925048828125, 58.616649627685547 ], [ -136.154205322265625, 58.529430389404297 ], [ -136.0596923828125, 58.468318939208984 ], [ -136.027496337890625, 58.387210845947266 ], [ -136.083297729492188, 58.338329315185547 ], [ -136.254501342773438, 58.307769775390625 ], [ -136.283401489257812, 58.318599700927734 ], [ -136.260299682617188, 58.349430084228516 ], [ -136.323593139648438, 58.401660919189453 ], [ -136.328292846679688, 58.373050689697266 ], [ -136.466094970703125, 58.408870697021484 ], [ -136.55389404296875, 58.376380920410156 ], [ -136.473907470703125, 58.382488250732422 ], [ -136.376998901367188, 58.361660003662109 ], [ -136.354705810546875, 58.340259552001953 ], [ -136.36199951171875, 58.298599243164062 ], [ -136.592498779296875, 58.359149932861328 ], [ -136.632797241210938, 58.317489624023438 ], [ -136.56109619140625, 58.272769927978516 ], [ -136.587493896484375, 58.225551605224609 ], [ -136.654205322265625, 58.215259552001953 ], [ -136.705001831054688, 58.238040924072266 ], [ -136.732192993164062, 58.308319091796875 ], [ -136.781402587890625, 58.294990539550781 ], [ -136.772003173828125, 58.332759857177734 ], [ -136.843093872070312, 58.317489624023438 ], [ -136.831695556640625, 58.353870391845703 ], [ -136.865005493164062, 58.381649017333984 ], [ -136.892807006835938, 58.3408203125 ], [ -136.922500610351562, 58.388320922851562 ], [ -137.276199340820312, 58.457759857177734 ], [ -137.62640380859375, 58.598880767822266 ], [ -137.74920654296875, 58.708049774169922 ], [ -137.910598754882812, 58.784988403320312 ], [ -137.964996337890625, 58.904708862304688 ], [ -138.287796020507812, 59.073600769042969 ], [ -138.595001220703125, 59.114429473876953 ], [ -138.578598022460938, 59.1260986328125 ], [ -138.498397827148438, 59.119709014892578 ], [ -138.435897827148438, 59.182491302490234 ], [ -138.5133056640625, 59.186649322509766 ], [ -138.625900268554688, 59.139430999755859 ], [ -138.978607177734375, 59.269428253173828 ], [ -139.227203369140625, 59.341648101806641 ], [ -139.225296020507812, 59.377769470214844 ], [ -139.298599243164062, 59.343879699707031 ], [ -139.345596313476562, 59.380821228027344 ], [ -139.345306396484375, 59.398880004882812 ], [ -139.852294921875, 59.544460296630859 ], [ -139.585296630859375, 59.603870391845703 ], [ -139.537506103515625, 59.672489166259766 ], [ -139.473098754882812, 59.701930999755859 ], [ -139.606094360351562, 59.847759246826172 ], [ -139.6156005859375, 59.896648406982422 ], [ -139.493896484375, 59.982208251953125 ], [ -139.443099975585938, 59.976940155029297 ], [ -139.292800903320312, 59.854988098144531 ], [ -139.336395263671875, 59.814430236816406 ], [ -139.338302612304688, 59.718601226806641 ], [ -139.26220703125, 59.622760772705078 ], [ -139.337493896484375, 59.610820770263672 ], [ -139.322799682617188, 59.587490081787109 ], [ -139.265304565429688, 59.570541381835938 ], [ -139.224502563476562, 59.616100311279297 ], [ -139.29449462890625, 59.730819702148438 ], [ -139.274200439453125, 59.831378936767578 ], [ -139.0552978515625, 59.845829010009766 ], [ -139.222503662109375, 59.866649627685547 ], [ -139.504501342773438, 60.049430847167969 ], [ -139.585800170898438, 60.003318786621094 ], [ -139.582199096679688, 59.953319549560547 ], [ -139.681900024414062, 59.931659698486328 ], [ -139.834503173828125, 59.823318481445312 ], [ -140.239501953125, 59.708599090576172 ], [ -140.650802612304688, 59.714988708496094 ], [ -141.430801391601562, 59.8760986328125 ], [ -141.466094970703125, 59.898880004882812 ], [ -141.282501220703125, 59.936378479003906 ], [ -141.2572021484375, 59.989711761474609 ], [ -141.279693603515625, 60.071659088134766 ], [ -141.37890625, 60.137210845947266 ], [ -141.469192504882812, 60.125820159912109 ], [ -141.461700439453125, 60.086101531982422 ], [ -141.382797241210938, 60.043319702148438 ], [ -141.37860107421875, 60.028049468994141 ], [ -141.705596923828125, 59.953880310058594 ], [ -142.212203979492188, 60.056659698486328 ], [ -142.743301391601562, 60.110538482666016 ], [ -143.786697387695312, 60.017490386962891 ], [ -143.886993408203125, 59.990550994873047 ], [ -144.250595092773438, 60.145549774169922 ], [ -144.18310546875, 60.198600769042969 ], [ -144.574203491210938, 60.185821533203125 ], [ -144.831100463867188, 60.300540924072266 ], [ -144.912506103515625, 60.286380767822266 ], [ -144.9364013671875, 60.301658630371094 ], [ -144.791107177734375, 60.481380462646484 ], [ -144.87060546875, 60.464710235595703 ], [ -144.87640380859375, 60.497489929199219 ], [ -144.816696166992188, 60.549430847167969 ], [ -144.761703491210938, 60.663318634033203 ], [ -144.63360595703125, 60.665821075439453 ], [ -144.611404418945312, 60.715549468994141 ], [ -144.75390625, 60.678050994873047 ], [ -145.23699951171875, 60.361930847167969 ], [ -145.349502563476562, 60.352210998535156 ], [ -145.644195556640625, 60.464988708496094 ], [ -145.886703491210938, 60.486370086669922 ], [ -145.763595581054688, 60.541099548339844 ], [ -145.619400024414062, 60.658039093017578 ], [ -145.636993408203125, 60.673870086669922 ], [ -145.835601806640625, 60.622760772705078 ], [ -145.836105346679688, 60.694988250732422 ], [ -145.952194213867188, 60.630821228027344 ], [ -145.981399536132812, 60.654430389404297 ], [ -145.92059326171875, 60.693321228027344 ], [ -145.923095703125, 60.706378936767578 ], [ -146.1741943359375, 60.635269165039062 ], [ -146.25360107421875, 60.638320922851562 ], [ -146.261093139648438, 60.658039093017578 ], [ -146.016693115234375, 60.743320465087891 ], [ -146.032806396484375, 60.795818328857422 ], [ -146.2550048828125, 60.723598480224609 ], [ -146.30389404296875, 60.725551605224609 ], [ -146.282806396484375, 60.774711608886719 ], [ -146.485794067382812, 60.678600311279297 ], [ -146.580001831054688, 60.701930999755859 ], [ -146.633407592773438, 60.689159393310547 ], [ -146.690902709960938, 60.742210388183594 ], [ -146.199203491210938, 60.81610107421875 ], [ -146.242202758789062, 60.833599090576172 ], [ -146.207794189453125, 60.851100921630859 ], [ -146.088592529296875, 60.834148406982422 ], [ -146.231094360351562, 60.892768859863281 ], [ -146.3096923828125, 60.834991455078125 ], [ -146.515792846679688, 60.816379547119141 ], [ -146.722793579101562, 60.911651611328125 ], [ -146.756698608398438, 60.955268859863281 ], [ -146.583297729492188, 60.937480926513672 ], [ -146.702194213867188, 60.975269317626953 ], [ -146.667800903320312, 61.033039093017578 ], [ -146.573593139648438, 61.025829315185547 ], [ -146.593902587890625, 61.051101684570312 ], [ -146.642196655273438, 61.062480926513672 ], [ -146.527801513671875, 61.083320617675781 ], [ -146.243606567382812, 61.085540771484375 ], [ -146.272796630859375, 61.116939544677734 ], [ -146.423904418945312, 61.137489318847656 ], [ -146.585006713867188, 61.131378173828125 ], [ -146.935302734375, 60.947208404541016 ], [ -147.025604248046875, 60.950550079345703 ], [ -146.974700927734375, 60.994991302490234 ], [ -147.01220703125, 61.003318786621094 ], [ -147.155303955078125, 60.984710693359375 ], [ -147.142501831054688, 60.95220947265625 ], [ -147.1864013671875, 60.951099395751953 ], [ -147.272506713867188, 61.001930236816406 ], [ -147.24859619140625, 60.936649322509766 ], [ -147.420806884765625, 60.901100158691406 ], [ -147.435592651367188, 60.928878784179688 ], [ -147.37860107421875, 60.984149932861328 ], [ -147.454498291015625, 60.955539703369141 ], [ -147.4219970703125, 61.009708404541016 ], [ -147.472503662109375, 60.997489929199219 ], [ -147.50860595703125, 60.914440155029297 ], [ -147.539703369140625, 60.929988861083984 ], [ -147.525802612304688, 61.055820465087891 ], [ -147.479202270507812, 61.074161529541016 ], [ -147.5552978515625, 61.151931762695312 ], [ -147.595001220703125, 61.023601531982422 ], [ -147.63470458984375, 60.964988708496094 ], [ -147.603103637695312, 60.914710998535156 ], [ -147.598403930664062, 60.864990234375 ], [ -147.668106079101562, 60.853038787841797 ], [ -147.666397094726562, 60.897491455078125 ], [ -147.729202270507812, 60.887489318847656 ], [ -147.703598022460938, 60.947769165039062 ], [ -147.785903930664062, 60.923870086669922 ], [ -147.74639892578125, 60.842769622802734 ], [ -147.787200927734375, 60.821659088134766 ], [ -147.86529541015625, 60.832489013671875 ], [ -148.048294067382812, 60.944988250732422 ], [ -147.791702270507812, 61.166660308837891 ], [ -147.699493408203125, 61.204151153564453 ], [ -147.7344970703125, 61.212211608886719 ], [ -147.725601196289062, 61.277488708496094 ], [ -148.034698486328125, 61.028598785400391 ], [ -148.076400756835938, 61.018878936767578 ], [ -148.138595581054688, 61.116649627685547 ], [ -148.391098022460938, 61.061939239501953 ], [ -148.356704711914062, 61.045818328857422 ], [ -148.44970703125, 60.994991302490234 ], [ -148.417800903320312, 60.983051300048828 ], [ -148.24249267578125, 61.062210083007812 ], [ -148.165298461914062, 61.046649932861328 ], [ -148.24420166015625, 60.951099395751953 ], [ -148.325302124023438, 60.968318939208984 ], [ -148.300796508789062, 60.870540618896484 ], [ -148.31219482421875, 60.841381072998047 ], [ -148.462799072265625, 60.810550689697266 ], [ -148.472198486328125, 60.788051605224609 ], [ -148.631103515625, 60.750270843505859 ], [ -148.699996948242188, 60.676658630371094 ], [ -148.600006103515625, 60.695541381835938 ], [ -148.524200439453125, 60.758598327636719 ], [ -148.394195556640625, 60.777759552001953 ], [ -148.357803344726562, 60.749439239501953 ], [ -148.443405151367188, 60.658870697021484 ], [ -148.421096801757812, 60.625270843505859 ], [ -148.275802612304688, 60.754989624023438 ], [ -148.2528076171875, 60.740550994873047 ], [ -148.197494506835938, 60.6260986328125 ], [ -148.322494506835938, 60.536380767822266 ], [ -148.435897827148438, 60.584709167480469 ], [ -148.56610107421875, 60.539710998535156 ], [ -148.676101684570312, 60.477489471435547 ], [ -148.6842041015625, 60.448318481445312 ], [ -148.463104248046875, 60.539989471435547 ], [ -148.337799072265625, 60.506378173828125 ], [ -148.266098022460938, 60.443599700927734 ], [ -148.224700927734375, 60.461380004882812 ], [ -148.196395874023438, 60.544990539550781 ], [ -148.18280029296875, 60.492771148681641 ], [ -148.094192504882812, 60.60137939453125 ], [ -147.956405639648438, 60.504711151123047 ], [ -147.99749755859375, 60.469711303710938 ], [ -147.936996459960938, 60.462211608886719 ], [ -147.952804565429688, 60.429710388183594 ], [ -148.17999267578125, 60.414440155029297 ], [ -148.124496459960938, 60.367488861083984 ], [ -148.154693603515625, 60.349430084228516 ], [ -148.23919677734375, 60.347209930419922 ], [ -148.213302612304688, 60.338600158691406 ], [ -148.232192993164062, 60.299430847167969 ], [ -148.3135986328125, 60.251930236816406 ], [ -148.37249755859375, 60.289440155029297 ], [ -148.37969970703125, 60.254161834716797 ], [ -148.358596801757812, 60.231929779052734 ], [ -148.435302734375, 60.188041687011719 ], [ -148.423599243164062, 60.176380157470703 ], [ -148.234207153320312, 60.238040924072266 ], [ -148.2406005859375, 60.220268249511719 ], [ -148.18359375, 60.201930999755859 ], [ -148.12530517578125, 60.234439849853516 ], [ -148.112197875976562, 60.194149017333984 ], [ -148.163406372070312, 60.143039703369141 ], [ -148.259994506835938, 60.116378784179688 ], [ -148.293899536132812, 60.126930236816406 ], [ -148.320297241210938, 60.174430847167969 ], [ -148.435897827148438, 59.948879241943359 ], [ -148.523895263671875, 60.0283203125 ], [ -148.547805786132812, 59.955539703369141 ], [ -148.643600463867188, 59.921100616455078 ], [ -148.74609375, 59.961650848388672 ], [ -148.860595703125, 59.931930541992188 ], [ -148.92919921875, 59.973320007324219 ], [ -149.070602416992188, 59.961650848388672 ], [ -149.101104736328125, 59.997760772705078 ], [ -149.039505004882812, 60.042488098144531 ], [ -149.077499389648438, 60.056381225585938 ], [ -149.194198608398438, 60.005260467529297 ], [ -149.261398315429688, 59.874149322509766 ], [ -149.291397094726562, 59.873050689697266 ], [ -149.292800903320312, 60.009990692138672 ], [ -149.368896484375, 60.115821838378906 ], [ -149.417007446289062, 60.118320465087891 ], [ -149.439697265625, 60.067760467529297 ], [ -149.443099975585938, 59.958881378173828 ], [ -149.461395263671875, 59.926929473876953 ], [ -149.531097412109375, 59.926658630371094 ], [ -149.628097534179688, 59.824710845947266 ], [ -149.522796630859375, 59.736930847167969 ], [ -149.525802612304688, 59.716648101806641 ], [ -149.62469482421875, 59.739429473876953 ], [ -149.597198486328125, 59.771930694580078 ], [ -149.663604736328125, 59.804149627685547 ], [ -149.643600463867188, 59.884708404541016 ], [ -149.689498901367188, 59.954151153564453 ], [ -149.73199462890625, 59.960540771484375 ], [ -149.75469970703125, 59.840549468994141 ], [ -149.859695434570312, 59.850818634033203 ], [ -149.75, 59.727489471435547 ], [ -149.743606567382812, 59.658599853515625 ], [ -149.792495727539062, 59.669708251953125 ], [ -149.9158935546875, 59.772769927978516 ], [ -150.024703979492188, 59.798599243164062 ], [ -150.028594970703125, 59.767768859863281 ], [ -149.919998168945312, 59.719440460205078 ], [ -149.956695556640625, 59.66693115234375 ], [ -150.013595581054688, 59.627490997314453 ], [ -150.108901977539062, 59.695541381835938 ], [ -150.086898803710938, 59.588039398193359 ], [ -150.19110107421875, 59.588600158691406 ], [ -150.175796508789062, 59.530540466308594 ], [ -150.343093872070312, 59.504428863525391 ], [ -150.359695434570312, 59.533039093017578 ], [ -150.217498779296875, 59.704990386962891 ], [ -150.232498168945312, 59.718040466308594 ], [ -150.473602294921875, 59.464431762695312 ], [ -150.545806884765625, 59.511100769042969 ], [ -150.55169677734375, 59.533039093017578 ], [ -150.49169921875, 59.591098785400391 ], [ -150.518905639648438, 59.600551605224609 ], [ -150.654693603515625, 59.546100616455078 ], [ -150.57110595703125, 59.488601684570312 ], [ -150.606399536132812, 59.430538177490234 ], [ -150.914703369140625, 59.321098327636719 ], [ -150.87969970703125, 59.263320922851562 ], [ -150.957199096679688, 59.20220947265625 ], [ -151.001998901367188, 59.226940155029297 ], [ -150.99249267578125, 59.269428253173828 ], [ -151.242202758789062, 59.314159393310547 ], [ -151.267196655273438, 59.298320770263672 ], [ -151.096405029296875, 59.242488861083984 ], [ -151.104705810546875, 59.217491149902344 ], [ -151.30169677734375, 59.216930389404297 ], [ -151.402496337890625, 59.259429931640625 ], [ -151.513595581054688, 59.226940155029297 ], [ -151.476394653320312, 59.20220947265625 ], [ -151.723403930664062, 59.160820007324219 ], [ -151.75860595703125, 59.169990539550781 ], [ -151.75860595703125, 59.221660614013672 ], [ -151.86639404296875, 59.209991455078125 ], [ -151.884201049804688, 59.239711761474609 ], [ -151.972000122070312, 59.271099090576172 ], [ -151.983306884765625, 59.305820465087891 ], [ -151.93060302734375, 59.347488403320312 ], [ -151.8125, 59.353321075439453 ], [ -151.901092529296875, 59.396930694580078 ], [ -151.8699951171875, 59.420551300048828 ], [ -151.673599243164062, 59.479160308837891 ], [ -151.389694213867188, 59.438041687011719 ], [ -151.385604858398438, 59.468318939208984 ], [ -151.446395874023438, 59.499710083007812 ], [ -151.443603515625, 59.528881072998047 ], [ -151.177001953125, 59.594150543212891 ], [ -151.199996948242188, 59.635818481445312 ], [ -150.9967041015625, 59.772209167480469 ], [ -151.008102416992188, 59.790538787841797 ], [ -151.111099243164062, 59.774711608886719 ], [ -151.44219970703125, 59.653598785400391 ], [ -151.454193115234375, 59.618038177490234 ], [ -151.780899047851562, 59.692489624023438 ], [ -151.86920166015625, 59.743881225585938 ], [ -151.880905151367188, 59.779708862304688 ], [ -151.67059326171875, 60.065269470214844 ], [ -151.453292846679688, 60.189990997314453 ], [ -151.386398315429688, 60.298870086669922 ], [ -151.391693115234375, 60.360271453857422 ], [ -151.30389404296875, 60.385540008544922 ], [ -151.274993896484375, 60.532489776611328 ], [ -151.416397094726562, 60.705539703369141 ], [ -151.408905029296875, 60.727489471435547 ], [ -151.052001953125, 60.787769317626953 ], [ -150.66949462890625, 60.963871002197266 ], [ -150.409194946289062, 61.036380767822266 ], [ -150.339797973632812, 61.031940460205078 ], [ -150.271102905273438, 60.955818176269531 ], [ -150.053604125976562, 60.905540466308594 ], [ -149.836395263671875, 60.973598480224609 ], [ -149.043594360351562, 60.844440460205078 ], [ -149.042495727539062, 60.879711151123047 ], [ -149.145294189453125, 60.939159393310547 ], [ -149.615798950195312, 60.990261077880859 ], [ -150.056900024414062, 61.150829315185547 ], [ -150.031402587890625, 61.198600769042969 ], [ -149.904693603515625, 61.223880767822266 ], [ -149.826095581054688, 61.316379547119141 ], [ -149.393600463867188, 61.463039398193359 ], [ -149.2467041015625, 61.488040924072266 ], [ -149.257797241210938, 61.499149322509766 ], [ -149.60699462890625, 61.490821838378906 ], [ -149.76220703125, 61.442211151123047 ], [ -149.905899047851562, 61.353870391845703 ], [ -149.93310546875, 61.26470947265625 ], [ -149.995803833007812, 61.240261077880859 ], [ -150.477493286132812, 61.249439239501953 ], [ -150.546401977539062, 61.284709930419922 ], [ -150.539199829101562, 61.364990234375 ], [ -150.576400756835938, 61.360820770263672 ], [ -150.582199096679688, 61.288600921630859 ], [ -151.0010986328125, 61.185550689697266 ], [ -151.134506225585938, 61.093040466308594 ], [ -151.154403686523438, 61.056930541992188 ], [ -151.740798950195312, 60.915340423583984 ], [ -151.80279541015625, 60.853038787841797 ], [ -151.784500122070312, 60.801929473876953 ], [ -151.709197998046875, 60.734989166259766 ], [ -151.725296020507812, 60.716930389404297 ], [ -151.920806884765625, 60.728599548339844 ], [ -152.322006225585938, 60.498878479003906 ], [ -152.340301513671875, 60.461101531982422 ], [ -152.31610107421875, 60.417209625244141 ], [ -152.24420166015625, 60.398601531982422 ], [ -152.570907592773438, 60.229709625244141 ], [ -152.790603637695312, 60.245819091796875 ], [ -152.818603515625, 60.264991760253906 ], [ -152.886398315429688, 60.250541687011719 ], [ -152.895294189453125, 60.303050994873047 ], [ -153.006698608398438, 60.311378479003906 ], [ -153.081100463867188, 60.279148101806641 ], [ -152.999496459960938, 60.293880462646484 ], [ -152.93780517578125, 60.284431457519531 ], [ -152.92950439453125, 60.238880157470703 ], [ -152.596099853515625, 60.094440460205078 ], [ -152.574996948242188, 60.070270538330078 ], [ -152.712203979492188, 59.918048858642578 ], [ -152.92779541015625, 59.878879547119141 ], [ -153.218093872070312, 59.868038177490234 ], [ -153.281997680664062, 59.825550079345703 ], [ -153.140304565429688, 59.814430236816406 ], [ -153.019195556640625, 59.831100463867188 ], [ -152.9971923828125, 59.801380157470703 ], [ -153.04449462890625, 59.706928253173828 ], [ -153.226104736328125, 59.643878936767578 ], [ -153.30169677734375, 59.678321838378906 ], [ -153.30389404296875, 59.634429931640625 ], [ -153.426101684570312, 59.647769927978516 ], [ -153.323104858398438, 59.716648101806641 ], [ -153.443603515625, 59.789440155029297 ], [ -153.463302612304688, 59.664710998535156 ], [ -153.555801391601562, 59.62860107421875 ], [ -153.591400146484375, 59.693878173828125 ], [ -153.702194213867188, 59.637760162353516 ], [ -153.563095092773438, 59.608051300048828 ], [ -153.588897705078125, 59.556098937988281 ], [ -153.848602294921875, 59.553050994873047 ], [ -153.735000610351562, 59.494159698486328 ], [ -153.739501953125, 59.4385986328125 ], [ -154.142501831054688, 59.377490997314453 ], [ -154.100006103515625, 59.349430084228516 ], [ -153.9508056640625, 59.362770080566406 ], [ -154.11199951171875, 59.303878784179688 ], [ -154.148895263671875, 59.243320465087891 ], [ -154.12640380859375, 59.202491760253906 ], [ -154.26080322265625, 59.142208099365234 ], [ -154.17559814453125, 59.089710235595703 ], [ -154.200607299804688, 59.055820465087891 ], [ -154.177001953125, 59.026100158691406 ], [ -154.040603637695312, 59.079429626464844 ], [ -153.712203979492188, 59.070819854736328 ], [ -153.590896606445312, 58.995819091796875 ], [ -153.331405639648438, 58.929149627685547 ], [ -153.290603637695312, 58.878879547119141 ], [ -153.2572021484375, 58.863319396972656 ], [ -153.2908935546875, 58.839988708496094 ], [ -153.348907470703125, 58.849990844726562 ], [ -153.508407592773438, 58.698318481445312 ], [ -153.648605346679688, 58.627490997314453 ], [ -153.896392822265625, 58.579990386962891 ], [ -153.92999267578125, 58.505260467529297 ], [ -154.097000122070312, 58.485538482666016 ], [ -154.066696166992188, 58.407211303710938 ], [ -154.00250244140625, 58.395549774169922 ], [ -154.0469970703125, 58.360820770263672 ], [ -154.354507446289062, 58.287769317626953 ], [ -154.354705810546875, 58.248050689697266 ], [ -154.19219970703125, 58.317211151123047 ], [ -154.11529541015625, 58.286930084228516 ], [ -154.13360595703125, 58.265819549560547 ], [ -154.243301391601562, 58.255821228027344 ], [ -154.155593872070312, 58.22943115234375 ], [ -154.189193725585938, 58.194988250732422 ], [ -154.30169677734375, 58.189159393310547 ], [ -154.226104736328125, 58.145820617675781 ], [ -154.240798950195312, 58.128318786621094 ], [ -154.336700439453125, 58.155818939208984 ], [ -154.327194213867188, 58.080818176269531 ], [ -154.426101684570312, 58.132770538330078 ], [ -154.49139404296875, 58.196098327636719 ], [ -154.460006713867188, 58.103599548339844 ], [ -154.470306396484375, 58.082759857177734 ], [ -154.600601196289062, 58.124439239501953 ], [ -154.540603637695312, 58.063880920410156 ], [ -154.568099975585938, 58.0252685546875 ], [ -154.63360595703125, 58.031101226806641 ], [ -154.656692504882812, 58.068599700927734 ], [ -154.717193603515625, 58.055271148681641 ], [ -154.74920654296875, 58.012489318847656 ], [ -155.018096923828125, 58.0252685546875 ], [ -155.1199951171875, 57.950550079345703 ], [ -155.063095092773438, 57.897491455078125 ], [ -155.181900024414062, 57.862491607666016 ], [ -155.24749755859375, 57.878318786621094 ], [ -155.219192504882812, 57.843879699707031 ], [ -155.358306884765625, 57.798870086669922 ], [ -155.295303344726562, 57.757770538330078 ], [ -155.363601684570312, 57.723320007324219 ], [ -155.56109619140625, 57.793598175048828 ], [ -155.620803833007812, 57.763320922851562 ], [ -155.634506225585938, 57.7127685546875 ], [ -155.583892822265625, 57.684989929199219 ], [ -155.587799072265625, 57.669158935546875 ], [ -155.764205932617188, 57.647209167480469 ], [ -155.734100341796875, 57.545150756835938 ], [ -155.803298950195312, 57.541370391845703 ], [ -155.82000732421875, 57.580268859863281 ], [ -155.921096801757812, 57.526931762695312 ], [ -156.0758056640625, 57.533039093017578 ], [ -156.025604248046875, 57.455268859863281 ], [ -156.044998168945312, 57.433879852294922 ], [ -156.26080322265625, 57.433319091796875 ], [ -156.545806884765625, 57.315818786621094 ], [ -156.55810546875, 57.271381378173828 ], [ -156.368896484375, 57.310550689697266 ], [ -156.346694946289062, 57.270820617675781 ], [ -156.446395874023438, 57.224990844726562 ], [ -156.343093872070312, 57.179710388183594 ], [ -156.368301391601562, 57.141929626464844 ], [ -156.473403930664062, 57.121379852294922 ], [ -156.50140380859375, 57.052761077880859 ], [ -156.56170654296875, 57.043319702148438 ], [ -156.640304565429688, 57.056930541992188 ], [ -156.54559326171875, 56.982490539550781 ], [ -156.6846923828125, 56.996929168701172 ], [ -156.760299682617188, 57.042758941650391 ], [ -156.794998168945312, 57.033329010009766 ], [ -156.759201049804688, 56.997489929199219 ], [ -156.798294067382812, 56.909431457519531 ], [ -156.831695556640625, 56.893318176269531 ], [ -156.94720458984375, 56.976650238037109 ], [ -156.94000244140625, 56.912490844726562 ], [ -157.022003173828125, 56.894161224365234 ], [ -157.087493896484375, 56.823600769042969 ], [ -157.188095092773438, 56.848049163818359 ], [ -157.145599365234375, 56.811939239501953 ], [ -157.168106079101562, 56.7783203125 ], [ -157.277496337890625, 56.791660308837891 ], [ -157.36639404296875, 56.851650238037109 ], [ -157.450302124023438, 56.849430084228516 ], [ -157.465301513671875, 56.818878173828125 ], [ -157.396392822265625, 56.765270233154297 ], [ -157.511703491210938, 56.758319854736328 ], [ -157.600296020507812, 56.718879699707031 ], [ -157.460800170898438, 56.651371002197266 ], [ -157.481094360351562, 56.615821838378906 ], [ -157.68499755859375, 56.609149932861328 ], [ -157.747802734375, 56.674430847167969 ], [ -157.903106689453125, 56.650829315185547 ], [ -158.110305786132812, 56.568050384521484 ], [ -158.112197875976562, 56.526100158691406 ], [ -157.92529296875, 56.574161529541016 ], [ -157.848907470703125, 56.557209014892578 ], [ -157.835296630859375, 56.510818481445312 ], [ -157.876998901367188, 56.467491149902344 ], [ -158.128402709960938, 56.492488861083984 ], [ -158.134201049804688, 56.462490081787109 ], [ -158.414993286132812, 56.446659088134766 ], [ -158.650299072265625, 56.281650543212891 ], [ -158.6094970703125, 56.255821228027344 ], [ -158.537796020507812, 56.247211456298828 ], [ -158.5653076171875, 56.284431457519531 ], [ -158.5010986328125, 56.328880310058594 ], [ -158.447799682617188, 56.340259552001953 ], [ -158.408599853515625, 56.294158935546875 ], [ -158.26080322265625, 56.300270080566406 ], [ -158.211105346679688, 56.288600921630859 ], [ -158.235305786132812, 56.258880615234375 ], [ -158.387496948242188, 56.208049774169922 ], [ -158.320602416992188, 56.202491760253906 ], [ -158.329498291015625, 56.170818328857422 ], [ -158.134201049804688, 56.239429473876953 ], [ -158.203598022460938, 56.183879852294922 ], [ -158.357498168945312, 56.124980926513672 ], [ -158.395294189453125, 56.177211761474609 ], [ -158.439498901367188, 56.126659393310547 ], [ -158.404693603515625, 56.088329315185547 ], [ -158.416107177734375, 56.062770843505859 ], [ -158.49200439453125, 56.101650238037109 ], [ -158.489501953125, 56.043048858642578 ], [ -158.428298950195312, 56.039989471435547 ], [ -158.419998168945312, 56.009429931640625 ], [ -158.44000244140625, 55.993598937988281 ], [ -158.4967041015625, 56.031650543212891 ], [ -158.496902465820312, 55.990261077880859 ], [ -158.604705810546875, 56.045269012451172 ], [ -158.549697875976562, 56.143600463867188 ], [ -158.471405029296875, 56.178878784179688 ], [ -158.62860107421875, 56.199989318847656 ], [ -158.563400268554688, 56.164710998535156 ], [ -158.647201538085938, 56.111099243164062 ], [ -158.689697265625, 56.148601531982422 ], [ -158.697799682617188, 56.10443115234375 ], [ -158.659194946289062, 56.06610107421875 ], [ -158.736099243164062, 56.036930084228516 ], [ -158.647796630859375, 56.018600463867188 ], [ -158.646102905273438, 55.989711761474609 ], [ -158.735305786132812, 55.949989318847656 ], [ -158.74029541015625, 56.002208709716797 ], [ -158.854705810546875, 56.010818481445312 ], [ -158.927505493164062, 55.914440155029297 ], [ -158.956695556640625, 55.932769775390625 ], [ -159.359695434570312, 55.875270843505859 ], [ -159.416397094726562, 55.826381683349609 ], [ -159.411407470703125, 55.793048858642578 ], [ -159.442001342773438, 55.787769317626953 ], [ -159.475906372070312, 55.872211456298828 ], [ -159.473098754882812, 55.899990081787109 ], [ -159.55389404296875, 55.873321533203125 ], [ -159.50390625, 55.765541076660156 ], [ -159.62359619140625, 55.573318481445312 ], [ -159.738601684570312, 55.565269470214844 ], [ -159.615005493164062, 55.634990692138672 ], [ -159.707504272460938, 55.661651611328125 ], [ -159.631698608398438, 55.694988250732422 ], [ -159.679702758789062, 55.738040924072266 ], [ -159.62060546875, 55.803600311279297 ], [ -159.704193115234375, 55.841098785400391 ], [ -159.841094970703125, 55.851100921630859 ], [ -159.850601196289062, 55.790271759033203 ], [ -159.904693603515625, 55.781379699707031 ], [ -159.965896606445312, 55.816379547119141 ], [ -159.974502563476562, 55.775539398193359 ], [ -160.032806396484375, 55.791370391845703 ], [ -160.05810546875, 55.765541076660156 ], [ -160.023101806640625, 55.727210998535156 ], [ -160.0758056640625, 55.696380615234375 ], [ -160.154205322265625, 55.731098175048828 ], [ -160.134201049804688, 55.671100616455078 ], [ -160.289703369140625, 55.634708404541016 ], [ -160.418106079101562, 55.651660919189453 ], [ -160.412796020507812, 55.628040313720703 ], [ -160.36529541015625, 55.607208251953125 ], [ -160.463302612304688, 55.537490844726562 ], [ -160.473098754882812, 55.493881225585938 ], [ -160.529693603515625, 55.474151611328125 ], [ -160.589401245117188, 55.551101684570312 ], [ -160.592193603515625, 55.608318328857422 ], [ -160.766403198242188, 55.541099548339844 ], [ -160.659500122070312, 55.509429931640625 ], [ -160.666702270507812, 55.4658203125 ], [ -160.785598754882812, 55.446380615234375 ], [ -160.841903686523438, 55.468318939208984 ], [ -160.833099365234375, 55.513320922851562 ], [ -160.92059326171875, 55.515541076660156 ], [ -161.243606567382812, 55.348880767822266 ], [ -161.503097534179688, 55.359439849853516 ], [ -161.485595703125, 55.481098175048828 ], [ -161.3739013671875, 55.572769165039062 ], [ -161.186996459960938, 55.518039703369141 ], [ -161.141693115234375, 55.522209167480469 ], [ -161.147796630859375, 55.542488098144531 ], [ -161.412796020507812, 55.631938934326172 ], [ -161.5625, 55.622760772705078 ], [ -161.711395263671875, 55.514148712158203 ], [ -161.699203491210938, 55.405540466308594 ], [ -161.918594360351562, 55.219150543212891 ], [ -162.010604858398438, 55.236660003662109 ], [ -162.044204711914062, 55.227489471435547 ], [ -161.955307006835938, 55.120819091796875 ], [ -162.046096801757812, 55.074428558349609 ], [ -162.118606567382812, 55.095829010009766 ], [ -162.096405029296875, 55.162208557128906 ], [ -162.171096801757812, 55.149429321289062 ], [ -162.226699829101562, 55.106658935546875 ], [ -162.193603515625, 55.053878784179688 ], [ -162.224197387695312, 55.024711608886719 ], [ -162.278900146484375, 55.017490386962891 ], [ -162.320907592773438, 55.068050384521484 ], [ -162.354995727539062, 55.035820007324219 ], [ -162.454193115234375, 55.038318634033203 ], [ -162.524993896484375, 55.090549468994141 ], [ -162.513595581054688, 55.115261077880859 ], [ -162.369400024414062, 55.094150543212891 ], [ -162.56219482421875, 55.293319702148438 ], [ -162.636993408203125, 55.297489166259766 ], [ -162.706695556640625, 55.254428863525391 ], [ -162.721694946289062, 55.219440460205078 ], [ -162.596405029296875, 55.133598327636719 ], [ -162.646392822265625, 55.072208404541016 ], [ -162.597198486328125, 55.044990539550781 ], [ -162.55780029296875, 54.959430694580078 ], [ -162.656692504882812, 55.005550384521484 ], [ -162.611404418945312, 55.011379241943359 ], [ -162.643600463867188, 55.049430847167969 ], [ -162.74920654296875, 54.941661834716797 ], [ -162.8699951171875, 54.929988861083984 ], [ -162.974700927734375, 54.994991302490234 ], [ -162.916702270507812, 55.013320922851562 ], [ -163.06500244140625, 55.101100921630859 ], [ -163.184402465820312, 55.13970947265625 ], [ -163.220306396484375, 55.044158935546875 ], [ -163.203903198242188, 55.011100769042969 ], [ -163.0614013671875, 54.968318939208984 ], [ -163.042800903320312, 54.942489624023438 ], [ -163.325607299804688, 54.809158325195312 ], [ -163.381698608398438, 54.85137939453125 ], [ -163.274703979492188, 54.912769317626953 ], [ -163.352203369140625, 54.919158935546875 ], [ -163.331100463867188, 54.9627685546875 ], [ -163.258407592773438, 54.941928863525391 ], [ -163.239501953125, 54.963871002197266 ], [ -163.288604736328125, 54.999988555908203 ], [ -163.325897216796875, 55.114040374755859 ], [ -163.039703369140625, 55.214431762695312 ], [ -163.078598022460938, 55.182769775390625 ], [ -162.966094970703125, 55.164150238037109 ], [ -162.839401245117188, 55.218040466308594 ], [ -162.845596313476562, 55.242488861083984 ], [ -162.88470458984375, 55.239429473876953 ], [ -162.890304565429688, 55.266101837158203 ], [ -162.663894653320312, 55.348320007324219 ], [ -162.49420166015625, 55.371101379394531 ], [ -162.49859619140625, 55.438880920410156 ], [ -162.595901489257812, 55.436649322509766 ], [ -162.089202880859375, 55.759708404541016 ], [ -161.645004272460938, 55.913318634033203 ], [ -161.318405151367188, 55.950820922851562 ], [ -161.068405151367188, 55.934989929199219 ], [ -160.889495849609375, 55.995269775390625 ], [ -160.86279296875, 55.938320159912109 ], [ -160.962493896484375, 55.936649322509766 ], [ -161.021697998046875, 55.906940460205078 ], [ -161.016998291015625, 55.878879547119141 ], [ -160.697494506835938, 55.697208404541016 ], [ -160.660293579101562, 55.726100921630859 ], [ -160.797500610351562, 55.872211456298828 ], [ -160.481399536132812, 55.849708557128906 ], [ -160.471099853515625, 55.796649932861328 ], [ -160.24969482421875, 55.770549774169922 ], [ -160.314697265625, 55.822208404541016 ], [ -160.233596801757812, 55.836929321289062 ], [ -160.516998291015625, 55.935821533203125 ], [ -160.569503784179688, 55.929710388183594 ], [ -160.533905029296875, 55.968879699707031 ], [ -160.575302124023438, 55.992771148681641 ], [ -160.36749267578125, 56.269989013671875 ], [ -159.771697998046875, 56.562770843505859 ], [ -159.239501953125, 56.723598480224609 ], [ -159.029693603515625, 56.806381225585938 ], [ -158.981094360351562, 56.779148101806641 ], [ -158.958297729492188, 56.833881378173828 ], [ -158.640594482421875, 56.761100769042969 ], [ -158.699996948242188, 56.977210998535156 ], [ -158.5408935546875, 57.143600463867188 ], [ -158.285293579101562, 57.324161529541016 ], [ -158.043304443359375, 57.413600921630859 ], [ -157.81610107421875, 57.538318634033203 ], [ -157.678604125976562, 57.567489624023438 ], [ -157.68670654296875, 57.53887939453125 ], [ -157.657196044921875, 57.474708557128906 ], [ -157.412002563476562, 57.484989166259766 ], [ -157.388900756835938, 57.559158325195312 ], [ -157.4447021484375, 57.549430847167969 ], [ -157.436203002929688, 57.503520965576172 ], [ -157.584197998046875, 57.486930847167969 ], [ -157.62139892578125, 57.618320465087891 ], [ -157.682296752929688, 57.613319396972656 ], [ -157.706695556640625, 57.643318176269531 ], [ -157.642501831054688, 57.869159698486328 ], [ -157.598602294921875, 58.109439849853516 ], [ -157.541107177734375, 58.169158935546875 ], [ -157.4364013671875, 58.169158935546875 ], [ -157.391006469726562, 58.189609527587891 ], [ -157.138595581054688, 58.162490844726562 ], [ -157.232803344726562, 58.213329315185547 ], [ -157.457000732421875, 58.209991455078125 ], [ -157.56500244140625, 58.303600311279297 ], [ -157.500595092773438, 58.465259552001953 ], [ -157.05499267578125, 58.722488403320312 ], [ -157.07470703125, 58.740550994873047 ], [ -156.983901977539062, 58.939708709716797 ], [ -156.860000610351562, 58.994159698486328 ], [ -156.778594970703125, 59.151248931884766 ], [ -156.860305786132812, 59.108051300048828 ], [ -156.87890625, 59.013881683349609 ], [ -157.1846923828125, 58.852489471435547 ], [ -158.092498779296875, 58.621379852294922 ], [ -158.198898315429688, 58.606929779052734 ], [ -158.318405151367188, 58.645820617675781 ], [ -158.350906372070312, 58.734439849853516 ], [ -158.565597534179688, 58.832489013671875 ], [ -158.517807006835938, 58.854709625244141 ], [ -158.494796752929688, 58.949161529541016 ], [ -158.419998168945312, 58.971931457519531 ], [ -158.490798950195312, 58.987770080566406 ], [ -158.43890380859375, 59.020820617675781 ], [ -158.363906860351562, 59.037490844726562 ], [ -158.145599365234375, 59.000541687011719 ], [ -158.0614013671875, 58.946098327636719 ], [ -158.077194213867188, 58.921649932861328 ], [ -158.023605346679688, 58.870819091796875 ], [ -157.9927978515625, 58.904991149902344 ], [ -158.043594360351562, 58.910820007324219 ], [ -158.0614013671875, 58.979160308837891 ], [ -158.129501342773438, 59.0283203125 ], [ -158.423294067382812, 59.076930999755859 ], [ -158.6925048828125, 58.884429931640625 ], [ -158.739700317382812, 58.896930694580078 ], [ -158.730606079101562, 58.928600311279297 ], [ -158.788604736328125, 58.961650848388672 ], [ -158.772003173828125, 58.861099243164062 ], [ -158.786407470703125, 58.761661529541016 ], [ -158.837493896484375, 58.727210998535156 ], [ -158.884506225585938, 58.733600616455078 ], [ -158.886993408203125, 58.763599395751953 ], [ -158.806106567382812, 58.786651611328125 ], [ -158.816696166992188, 58.811100006103516 ], [ -158.881698608398438, 58.805271148681641 ], [ -158.912200927734375, 58.768878936767578 ], [ -158.80810546875, 58.57720947265625 ], [ -158.704193115234375, 58.492210388183594 ], [ -158.795806884765625, 58.415821075439453 ], [ -158.897506713867188, 58.395549774169922 ], [ -159.05670166015625, 58.424991607666016 ], [ -159.345596313476562, 58.719440460205078 ], [ -159.542495727539062, 58.841930389404297 ], [ -159.650604248046875, 58.836380004882812 ], [ -159.602798461914062, 58.898601531982422 ], [ -159.62249755859375, 58.949428558349609 ], [ -159.768600463867188, 58.934429168701172 ], [ -159.745803833007812, 58.916099548339844 ], [ -159.849700927734375, 58.78887939453125 ], [ -159.909500122070312, 58.769710540771484 ], [ -159.99859619140625, 58.876659393310547 ], [ -160.079498291015625, 58.887489318847656 ], [ -160.105606079101562, 58.862770080566406 ], [ -160.163101196289062, 58.871379852294922 ], [ -160.161697387695312, 58.911380767822266 ], [ -160.32000732421875, 58.950550079345703 ], [ -160.253097534179688, 58.982208251953125 ], [ -160.318893432617188, 59.056930541992188 ], [ -160.385604858398438, 59.062480926513672 ], [ -160.729507446289062, 58.922489166259766 ], [ -160.841400146484375, 58.822490692138672 ], [ -160.826995849609375, 58.852771759033203 ], [ -160.866104125976562, 58.882770538330078 ], [ -161.250900268554688, 58.790538787841797 ], [ -161.267196655273438, 58.815269470214844 ], [ -161.31390380859375, 58.798038482666016 ], [ -161.280899047851562, 58.775539398193359 ], [ -161.368606567382812, 58.717769622802734 ], [ -161.384994506835938, 58.670818328857422 ], [ -161.693099975585938, 58.562480926513672 ], [ -161.763107299804688, 58.552490234375 ], [ -161.710601806640625, 58.613319396972656 ], [ -161.7489013671875, 58.643878936767578 ], [ -161.758102416992188, 58.588329315185547 ], [ -161.843093872070312, 58.6260986328125 ], [ -162.076095581054688, 58.619430541992188 ], [ -162.171401977539062, 58.649711608886719 ], [ -161.994796752929688, 58.680538177490234 ], [ -161.934402465820312, 58.645820617675781 ], [ -161.853897094726562, 58.668598175048828 ], [ -161.793899536132812, 58.757488250732422 ], [ -161.704498291015625, 58.759429931640625 ], [ -161.655593872070312, 58.800540924072266 ], [ -161.698898315429688, 58.824428558349609 ], [ -161.770599365234375, 58.783039093017578 ], [ -161.753097534179688, 58.818050384521484 ], [ -161.794692993164062, 58.895259857177734 ], [ -161.788406372070312, 58.969150543212891 ], [ -161.854202270507812, 59.022769927978516 ], [ -161.833602905273438, 59.044708251953125 ], [ -161.805801391601562, 59.016101837158203 ], [ -161.569503784179688, 59.099151611328125 ], [ -161.618606567382812, 59.138881683349609 ], [ -161.943893432617188, 59.103599548339844 ], [ -162.05029296875, 59.255821228027344 ], [ -162.00970458984375, 59.234710693359375 ], [ -161.961395263671875, 59.304988861083984 ], [ -161.962203979492188, 59.375541687011719 ], [ -161.713302612304688, 59.487770080566406 ], [ -162.236099243164062, 60.060550689697266 ], [ -162.19720458984375, 60.13970947265625 ], [ -162.25140380859375, 60.197769165039062 ], [ -162.162002563476562, 60.217769622802734 ], [ -162.151397705078125, 60.245540618896484 ], [ -162.290603637695312, 60.190540313720703 ], [ -162.269699096679688, 60.161380767822266 ], [ -162.324996948242188, 60.133319854736328 ], [ -162.36700439453125, 60.162769317626953 ], [ -162.332000732421875, 60.203319549560547 ], [ -162.472198486328125, 60.297771453857422 ], [ -162.37469482421875, 60.3408203125 ], [ -162.222000122070312, 60.581661224365234 ], [ -161.879501342773438, 60.70220947265625 ], [ -162.083602905273438, 60.658599853515625 ], [ -162.131103515625, 60.713039398193359 ], [ -162.124496459960938, 60.649990081787109 ], [ -162.268096923828125, 60.612770080566406 ], [ -162.381103515625, 60.434711456298828 ], [ -162.43609619140625, 60.430820465087891 ], [ -162.417007446289062, 60.381378173828125 ], [ -162.538101196289062, 60.347759246826172 ], [ -162.597000122070312, 60.299991607666016 ], [ -162.548294067382812, 60.283599853515625 ], [ -162.556396484375, 60.257209777832031 ], [ -162.699996948242188, 60.261100769042969 ], [ -162.472793579101562, 60.204708099365234 ], [ -162.447006225585938, 60.180820465087891 ], [ -162.4989013671875, 60.122489929199219 ], [ -162.471099853515625, 60.069149017333984 ], [ -162.509201049804688, 60.000270843505859 ], [ -162.604995727539062, 59.981380462646484 ], [ -162.751693725585938, 60.002769470214844 ], [ -162.773101806640625, 59.950550079345703 ], [ -163.30389404296875, 59.828601837158203 ], [ -163.832000732421875, 59.799709320068359 ], [ -164.091705322265625, 59.830268859863281 ], [ -164.157501220703125, 59.859710693359375 ], [ -164.218597412109375, 59.945819854736328 ], [ -164.11529541015625, 59.998050689697266 ], [ -164.410293579101562, 60.084430694580078 ], [ -164.6781005859375, 60.295818328857422 ], [ -164.651199340820312, 60.327320098876953 ], [ -164.740798950195312, 60.291099548339844 ], [ -164.974197387695312, 60.335540771484375 ], [ -165.142807006835938, 60.439430236816406 ], [ -164.971405029296875, 60.511928558349609 ], [ -164.983596801757812, 60.544158935546875 ], [ -165.350006103515625, 60.508880615234375 ], [ -165.420303344726562, 60.544708251953125 ], [ -165.375900268554688, 60.579990386962891 ], [ -165.202194213867188, 60.621379852294922 ], [ -165.004501342773438, 60.701099395751953 ], [ -164.982498168945312, 60.721660614013672 ], [ -165.033401489257812, 60.780269622802734 ], [ -164.880905151367188, 60.829429626464844 ], [ -164.869796752929688, 60.848880767822266 ], [ -164.957000732421875, 60.899429321289062 ], [ -164.945907592773438, 60.924430847167969 ], [ -164.839202880859375, 60.866939544677734 ], [ -164.703292846679688, 60.909709930419922 ], [ -164.635604858398438, 60.907211303710938 ], [ -164.697494506835938, 60.847488403320312 ], [ -164.680801391601562, 60.827770233154297 ], [ -164.285293579101562, 60.789989471435547 ], [ -164.218399047851562, 60.688880920410156 ], [ -164.440597534179688, 60.56610107421875 ], [ -164.406097412109375, 60.553050994873047 ], [ -164.268600463867188, 60.647209167480469 ], [ -164.12969970703125, 60.663318634033203 ], [ -164.042007446289062, 60.756378173828125 ], [ -163.87060546875, 60.774711608886719 ], [ -163.809402465820312, 60.749710083007812 ], [ -163.835296630859375, 60.631378173828125 ], [ -163.79949951171875, 60.581378936767578 ], [ -163.66949462890625, 60.587211608886719 ], [ -163.451400756835938, 60.678600311279297 ], [ -163.423095703125, 60.709991455078125 ], [ -163.469192504882812, 60.751380920410156 ], [ -163.409698486328125, 60.756649017333984 ], [ -163.723907470703125, 60.840549468994141 ], [ -163.914505004882812, 60.845268249511719 ], [ -163.870803833007812, 60.874149322509766 ], [ -163.668594360351562, 60.865550994873047 ], [ -163.575302124023438, 60.912490844726562 ], [ -163.755905151367188, 60.933879852294922 ], [ -163.668899536132812, 60.989429473876953 ], [ -163.801101684570312, 60.971099853515625 ], [ -163.957794189453125, 60.855548858642578 ], [ -164.5574951171875, 60.850818634033203 ], [ -164.6094970703125, 60.922771453857422 ], [ -164.728103637695312, 60.932209014892578 ], [ -164.80169677734375, 60.897491455078125 ], [ -164.851104736328125, 60.944438934326172 ], [ -164.948593139648438, 60.951930999755859 ], [ -165.04949951171875, 60.908039093017578 ], [ -165.135299682617188, 60.921379089355469 ], [ -165.1947021484375, 60.966381072998047 ], [ -165.131698608398438, 61.004428863525391 ], [ -164.947494506835938, 61.013599395751953 ], [ -164.939498901367188, 61.084991455078125 ], [ -164.783401489257812, 61.099430084228516 ], [ -164.778396606445312, 61.119430541992188 ], [ -164.993301391601562, 61.112770080566406 ], [ -165.01220703125, 61.058040618896484 ], [ -165.105804443359375, 61.07720947265625 ], [ -165.18499755859375, 61.123600006103516 ], [ -165.0625, 61.211380004882812 ], [ -165.12530517578125, 61.204990386962891 ], [ -165.144195556640625, 61.159709930419922 ], [ -165.211898803710938, 61.149150848388672 ], [ -165.364700317382812, 61.195819854736328 ], [ -165.218597412109375, 61.255550384521484 ], [ -165.19720458984375, 61.317489624023438 ], [ -165.257003784179688, 61.328319549560547 ], [ -165.154693603515625, 61.359149932861328 ], [ -165.17559814453125, 61.396099090576172 ], [ -164.695907592773438, 61.595539093017578 ], [ -164.716094970703125, 61.625541687011719 ], [ -164.860305786132812, 61.531940460205078 ], [ -165.19500732421875, 61.408599853515625 ], [ -165.289505004882812, 61.328880310058594 ], [ -165.222000122070312, 61.274711608886719 ], [ -165.398605346679688, 61.217208862304688 ], [ -165.404998779296875, 61.197490692138672 ], [ -165.341400146484375, 61.157211303710938 ], [ -165.357192993164062, 61.076930999755859 ], [ -165.493606567382812, 61.075260162353516 ], [ -165.593093872070312, 61.108879089355469 ], [ -165.6383056640625, 61.173038482666016 ], [ -165.608901977539062, 61.280818939208984 ], [ -165.842498779296875, 61.310550689697266 ], [ -165.918594360351562, 61.389991760253906 ], [ -165.891403198242188, 61.426101684570312 ], [ -165.786697387695312, 61.443321228027344 ], [ -165.76080322265625, 61.479988098144531 ], [ -165.87359619140625, 61.549709320068359 ], [ -166.078598022460938, 61.534160614013672 ], [ -166.057296752929688, 61.498878479003906 ], [ -166.114501953125, 61.489158630371094 ], [ -166.19610595703125, 61.582759857177734 ], [ -166.162506103515625, 61.713871002197266 ], [ -166.143905639648438, 61.638881683349609 ], [ -165.788894653320312, 61.679149627685547 ], [ -165.99969482421875, 61.727210998535156 ], [ -166.096694946289062, 61.809989929199219 ], [ -165.596405029296875, 61.847488403320312 ], [ -165.7449951171875, 61.973598480224609 ], [ -165.756103515625, 62.015270233154297 ], [ -165.679702758789062, 62.135269165039062 ], [ -165.335601806640625, 62.360271453857422 ], [ -165.3092041015625, 62.403598785400391 ], [ -165.080795288085938, 62.529708862304688 ], [ -164.8739013671875, 62.536098480224609 ], [ -164.858596801757812, 62.474708557128906 ], [ -164.573593139648438, 62.425270080566406 ], [ -164.590301513671875, 62.456378936767578 ], [ -164.673294067382812, 62.459148406982422 ], [ -164.73779296875, 62.491378784179688 ], [ -164.833297729492188, 62.481658935546875 ], [ -164.789703369140625, 62.534988403320312 ], [ -164.852203369140625, 62.559989929199219 ], [ -164.839996337890625, 62.578041076660156 ], [ -164.570907592773438, 62.682769775390625 ], [ -164.479202270507812, 62.745819091796875 ], [ -164.768096923828125, 62.614990234375 ], [ -164.80810546875, 62.618320465087891 ], [ -164.887496948242188, 62.781379699707031 ], [ -164.764205932617188, 62.789440155029297 ], [ -164.871902465820312, 62.823600769042969 ], [ -164.767501831054688, 62.969150543212891 ], [ -164.701095581054688, 63.018600463867188 ], [ -164.537796020507812, 63.032489776611328 ], [ -164.3258056640625, 63.003318786621094 ], [ -164.31390380859375, 63.016929626464844 ], [ -164.360794067382812, 63.06610107421875 ], [ -164.583099365234375, 63.124149322509766 ], [ -164.410598754882812, 63.211929321289062 ], [ -164.159698486328125, 63.258880615234375 ], [ -163.74560546875, 63.218318939208984 ], [ -163.636093139648438, 63.149150848388672 ], [ -163.662002563476562, 63.111930847167969 ], [ -163.552200317382812, 63.135540008544922 ], [ -163.5614013671875, 63.111660003662109 ], [ -163.550003051757812, 63.103599548339844 ], [ -163.401397705078125, 63.068599700927734 ], [ -163.341705322265625, 63.021930694580078 ], [ -162.933303833007812, 63.119430541992188 ], [ -162.799301147460938, 63.214809417724609 ], [ -162.6802978515625, 63.230548858642578 ], [ -162.273101806640625, 63.489429473876953 ], [ -162.318099975585938, 63.536930084228516 ], [ -162.091903686523438, 63.51470947265625 ], [ -162.014495849609375, 63.481658935546875 ], [ -162.163406372070312, 63.435550689697266 ], [ -162.142196655273438, 63.425270080566406 ], [ -161.11749267578125, 63.537208557128906 ], [ -160.79449462890625, 63.732490539550781 ], [ -160.764205932617188, 63.799160003662109 ], [ -160.777496337890625, 63.868598937988281 ], [ -160.956695556640625, 64.14276123046875 ], [ -160.945907592773438, 64.22247314453125 ], [ -161.250595092773438, 64.39276123046875 ], [ -161.396102905273438, 64.428306579589844 ], [ -161.538406372070312, 64.386367797851562 ], [ -161.466705322265625, 64.507476806640625 ], [ -161.3883056640625, 64.53692626953125 ], [ -161.158401489257812, 64.501083374023438 ], [ -161.018295288085938, 64.509407043457031 ], [ -161.027297973632812, 64.532203674316406 ], [ -161.00250244140625, 64.551361083984375 ], [ -160.830596923828125, 64.607757568359375 ], [ -160.783905029296875, 64.70526123046875 ], [ -160.8822021484375, 64.812469482421875 ], [ -161.138900756835938, 64.90997314453125 ], [ -161.12359619140625, 64.920806884765625 ], [ -161.070602416992188, 64.910812377929688 ], [ -160.99029541015625, 64.938583374023438 ], [ -161.1824951171875, 64.937469482421875 ], [ -161.412200927734375, 64.775527954101562 ], [ -161.547805786132812, 64.745529174804688 ], [ -161.715896606445312, 64.816650390625 ], [ -161.801101684570312, 64.821907043457031 ], [ -161.715301513671875, 64.788307189941406 ], [ -161.87860107421875, 64.735527038574219 ], [ -161.879501342773438, 64.714706420898438 ], [ -162.168899536132812, 64.688583374023438 ], [ -162.576400756835938, 64.52081298828125 ], [ -162.641693115234375, 64.417213439941406 ], [ -162.631698608398438, 64.387481689453125 ], [ -162.790298461914062, 64.336090087890625 ], [ -162.86279296875, 64.47802734375 ], [ -162.943893432617188, 64.542213439941406 ], [ -163.136993408203125, 64.61553955078125 ], [ -163.154403686523438, 64.656646728515625 ], [ -163.388107299804688, 64.593032836914062 ], [ -163.154205322265625, 64.513870239257812 ], [ -163.043899536132812, 64.520538330078125 ], [ -163.043594360351562, 64.491363525390625 ], [ -163.13470458984375, 64.413040161132812 ], [ -163.197006225585938, 64.411087036132812 ], [ -163.400299072265625, 64.523590087890625 ], [ -163.731704711914062, 64.5777587890625 ], [ -164.31280517578125, 64.584426879882812 ], [ -164.889999389648438, 64.485809326171875 ], [ -164.928298950195312, 64.533859252929688 ], [ -164.962203979492188, 64.49609375 ], [ -164.909698486328125, 64.455810546875 ], [ -164.972793579101562, 64.446090698242188 ], [ -166.085601806640625, 64.571907043457031 ], [ -166.348403930664062, 64.629150390625 ], [ -166.484695434570312, 64.729141235351562 ], [ -166.477203369140625, 64.796920776367188 ], [ -166.385604858398438, 64.821090698242188 ], [ -166.422195434570312, 64.919143676757812 ], [ -166.697799682617188, 64.993026733398438 ], [ -166.714996337890625, 65.051361083984375 ], [ -166.854995727539062, 65.091636657714844 ], [ -166.943099975585938, 65.152763366699219 ], [ -166.958602905273438, 65.210533142089844 ], [ -166.908599853515625, 65.2652587890625 ], [ -166.855804443359375, 65.283859252929688 ], [ -166.847000122070312, 65.269149780273438 ], [ -166.919998168945312, 65.226638793945312 ], [ -166.930801391601562, 65.157470703125 ], [ -166.80999755859375, 65.1221923828125 ], [ -166.6116943359375, 65.12109375 ], [ -166.478607177734375, 65.172760009765625 ], [ -166.4844970703125, 65.234703063964844 ], [ -166.26080322265625, 65.259696960449219 ], [ -166.05419921875, 65.236923217773438 ], [ -166.051406860351562, 65.251922607421875 ], [ -166.195602416992188, 65.302467346191406 ], [ -166.701400756835938, 65.33941650390625 ], [ -167.585800170898438, 65.451919555664062 ], [ -167.863296508789062, 65.549972534179688 ], [ -168.064697265625, 65.58026123046875 ], [ -168.129501342773438, 65.643043518066406 ], [ -168.1217041015625, 65.674423217773438 ], [ -167.846405029296875, 65.761367797851562 ], [ -168.0491943359375, 65.676361083984375 ], [ -168.041702270507812, 65.634696960449219 ], [ -167.832504272460938, 65.68914794921875 ], [ -167.81719970703125, 65.718032836914062 ], [ -167.639694213867188, 65.71441650390625 ], [ -167.508102416992188, 65.73358154296875 ], [ -167.49859619140625, 65.769149780273438 ], [ -167.57110595703125, 65.785247802734375 ], [ -167.55810546875, 65.804428100585938 ], [ -167.30169677734375, 65.903030395507812 ], [ -167.203292846679688, 65.860527038574219 ], [ -167.058303833007812, 65.873580932617188 ], [ -166.872802734375, 65.934417724609375 ], [ -166.969696044921875, 65.969970703125 ], [ -166.291702270507812, 66.173576354980469 ], [ -166.211105346679688, 66.18109130859375 ], [ -166.091903686523438, 66.15081787109375 ], [ -166.152297973632812, 66.141921997070312 ], [ -165.780303955078125, 66.102203369140625 ], [ -165.500900268554688, 66.144973754882812 ], [ -165.631393432617188, 66.189971923828125 ], [ -165.867202758789062, 66.219146728515625 ], [ -165.86810302734375, 66.25775146484375 ], [ -165.652496337890625, 66.357757568359375 ], [ -165.161102294921875, 66.443313598632812 ], [ -165.074493408203125, 66.435256958007812 ], [ -165.06500244140625, 66.406646728515625 ], [ -164.975906372070312, 66.43109130859375 ], [ -164.717498779296875, 66.549423217773438 ], [ -163.99530029296875, 66.606086730957031 ], [ -163.704696655273438, 66.58941650390625 ], [ -163.625, 66.56719970703125 ], [ -163.829696655273438, 66.5677490234375 ], [ -163.767807006835938, 66.536361694335938 ], [ -163.756103515625, 66.501083374023438 ], [ -163.894195556640625, 66.392471313476562 ], [ -163.853897094726562, 66.282470703125 ], [ -163.953094482421875, 66.227752685546875 ], [ -164.179702758789062, 66.199691772460938 ], [ -164.134506225585938, 66.188873291015625 ], [ -163.904403686523438, 66.201103210449219 ], [ -163.844192504882812, 66.12164306640625 ], [ -163.713897705078125, 66.078872680664062 ], [ -162.880294799804688, 66.0919189453125 ], [ -162.75750732421875, 66.107192993164062 ], [ -162.681396484375, 66.004432678222656 ], [ -162.477005004882812, 66.063873291015625 ], [ -162.385604858398438, 66.032470703125 ], [ -162.0625, 66.068862915039062 ], [ -161.916107177734375, 66.038589477539062 ], [ -161.918594360351562, 65.982757568359375 ], [ -161.81640625, 65.974983215332031 ], [ -161.81500244140625, 65.994712829589844 ], [ -161.838302612304688, 66.013031005859375 ], [ -161.578292846679688, 66.251083374023438 ], [ -161.368606567382812, 66.269973754882812 ], [ -161.332000732421875, 66.23248291015625 ], [ -161.087203979492188, 66.24163818359375 ], [ -161.107803344726562, 66.134696960449219 ], [ -161.091094970703125, 66.122482299804688 ], [ -161.015594482421875, 66.183868408203125 ], [ -160.99859619140625, 66.23858642578125 ], [ -161.119400024414062, 66.335250854492188 ], [ -161.50750732421875, 66.40081787109375 ], [ -161.886398315429688, 66.37164306640625 ], [ -161.923294067382812, 66.334701538085938 ], [ -161.858901977539062, 66.287200927734375 ], [ -161.88470458984375, 66.272201538085938 ], [ -161.961898803710938, 66.332748413085938 ], [ -161.87249755859375, 66.437469482421875 ], [ -161.87109375, 66.495796203613281 ], [ -161.949493408203125, 66.561370849609375 ], [ -162.223907470703125, 66.710533142089844 ], [ -162.5010986328125, 66.738037109375 ], [ -162.636093139648438, 66.868873596191406 ], [ -162.63360595703125, 66.903312683105469 ], [ -162.336898803710938, 66.95831298828125 ], [ -162.014694213867188, 66.77691650390625 ], [ -162.077194213867188, 66.696372985839844 ], [ -162.075302124023438, 66.658042907714844 ], [ -161.884994506835938, 66.538040161132812 ], [ -161.600601196289062, 66.447746276855469 ], [ -161.342498779296875, 66.482757568359375 ], [ -161.228103637695312, 66.53497314453125 ], [ -160.662002563476562, 66.36859130859375 ], [ -160.25250244140625, 66.394149780273438 ], [ -160.215896606445312, 66.424148559570312 ], [ -160.209701538085938, 66.524406433105469 ], [ -160.31719970703125, 66.623306274414062 ], [ -160.24029541015625, 66.644149780273438 ], [ -160.334197998046875, 66.648590087890625 ], [ -160.542205810546875, 66.586906433105469 ], [ -160.838592529296875, 66.662750244140625 ], [ -161.140304565429688, 66.647476196289062 ], [ -161.2344970703125, 66.591087341308594 ], [ -161.228607177734375, 66.560806274414062 ], [ -161.306106567382812, 66.535247802734375 ], [ -161.506698608398438, 66.533859252929688 ], [ -161.875900268554688, 66.706649780273438 ], [ -161.8883056640625, 66.799972534179688 ], [ -161.798904418945312, 66.846076965332031 ], [ -161.80029296875, 66.899696350097656 ], [ -161.651397705078125, 66.9638671875 ], [ -161.507003784179688, 66.952476501464844 ], [ -161.5010986328125, 66.979141235351562 ], [ -161.840606689453125, 67.050262451171875 ], [ -162.2344970703125, 67.0072021484375 ], [ -162.273101806640625, 67.065811157226562 ], [ -162.31719970703125, 67.032470703125 ], [ -162.296401977539062, 67.003311157226562 ], [ -162.452194213867188, 66.988861083984375 ], [ -162.466903686523438, 67.004432678222656 ], [ -162.331695556640625, 67.144699096679688 ], [ -162.350601196289062, 67.161361694335938 ], [ -162.618606567382812, 67.010528564453125 ], [ -162.93359375, 67.045257568359375 ], [ -162.844497680664062, 67.00164794921875 ], [ -163.722000122070312, 67.110809326171875 ], [ -163.763107299804688, 67.130813598632812 ], [ -163.793304443359375, 67.300811767578125 ], [ -163.98779296875, 67.521636962890625 ], [ -164.12420654296875, 67.609970092773438 ], [ -164.756500244140625, 67.84002685546875 ], [ -165.392807006835938, 68.047760009765625 ], [ -165.919204711914062, 68.130813598632812 ], [ -166.218093872070312, 68.269699096679688 ], [ -166.819503784179688, 68.346649169921875 ], [ -166.757003784179688, 68.363311767578125 ], [ -166.589202880859375, 68.350250244140625 ], [ -166.318603515625, 68.395248413085938 ], [ -166.36669921875, 68.43914794921875 ], [ -166.30670166015625, 68.48248291015625 ], [ -166.30670166015625, 68.522201538085938 ], [ -166.225906372070312, 68.572479248046875 ], [ -166.236404418945312, 68.870246887207031 ], [ -166.199203491210938, 68.883872985839844 ], [ -165.089202880859375, 68.87969970703125 ], [ -164.272003173828125, 68.935531616210938 ], [ -163.702804565429688, 69.085533142089844 ], [ -163.24609375, 69.3338623046875 ], [ -163.1842041015625, 69.418869018554688 ], [ -163.175003051757812, 69.398857116699219 ], [ -163.271102905273438, 69.298576354980469 ], [ -163.2449951171875, 69.297203063964844 ], [ -163.12030029296875, 69.384696960449219 ], [ -163.109695434570312, 69.489151000976562 ], [ -163.07000732421875, 69.498306274414062 ], [ -163.0653076171875, 69.568038940429688 ], [ -163.143905639648438, 69.596359252929688 ], [ -162.935897827148438, 69.697479248046875 ], [ -162.944198608398438, 69.71942138671875 ], [ -163.026092529296875, 69.728591918945312 ], [ -162.828598022460938, 69.840812683105469 ], [ -162.575302124023438, 69.938026428222656 ], [ -162.484695434570312, 69.999420166015625 ], [ -162.486404418945312, 70.047203063964844 ], [ -162.338592529296875, 70.0888671875 ], [ -162.354995727539062, 70.108306884765625 ], [ -161.856704711914062, 70.28997802734375 ], [ -161.701400756835938, 70.266372680664062 ], [ -161.791702270507812, 70.250259399414062 ], [ -161.895599365234375, 70.256362915039062 ], [ -161.843597412109375, 70.21600341796875 ], [ -161.893798828125, 70.18865966796875 ], [ -162.022506713867188, 70.190261840820312 ], [ -162.120803833007812, 70.155532836914062 ], [ -161.700302124023438, 70.193038940429688 ], [ -161.651092529296875, 70.246917724609375 ], [ -160.949203491210938, 70.28997802734375 ], [ -160.981704711914062, 70.3197021484375 ], [ -160.612197875976562, 70.427749633789062 ], [ -160.630905151367188, 70.437187194824219 ], [ -160.219696044921875, 70.568313598632812 ], [ -160.150299072265625, 70.604713439941406 ], [ -160.13470458984375, 70.578582763671875 ], [ -159.9375, 70.593307495117188 ], [ -159.93359375, 70.51885986328125 ], [ -160.198593139648438, 70.471649169921875 ], [ -160.096099853515625, 70.463592529296875 ], [ -159.92669677734375, 70.488861083984375 ], [ -160.128097534179688, 70.33026123046875 ], [ -160.068893432617188, 70.328582763671875 ], [ -159.981704711914062, 70.368316650390625 ], [ -159.93359375, 70.359703063964844 ], [ -159.769699096679688, 70.19219970703125 ], [ -159.771102905273438, 70.2330322265625 ], [ -159.847503662109375, 70.30914306640625 ], [ -159.886703491210938, 70.391647338867188 ], [ -159.820297241210938, 70.490806579589844 ], [ -159.6741943359375, 70.466636657714844 ], [ -159.294204711914062, 70.526641845703125 ], [ -159.564697265625, 70.524406433105469 ], [ -159.676406860351562, 70.495529174804688 ], [ -159.794204711914062, 70.5294189453125 ], [ -159.918899536132812, 70.625259399414062 ], [ -159.9967041015625, 70.635246276855469 ], [ -160.1177978515625, 70.60498046875 ], [ -160.093597412109375, 70.638031005859375 ], [ -159.332199096679688, 70.859153747558594 ], [ -159.168594360351562, 70.851638793945312 ], [ -159.158599853515625, 70.816650390625 ], [ -159.44500732421875, 70.779693603515625 ], [ -159.217193603515625, 70.687759399414062 ], [ -159.279693603515625, 70.751083374023438 ], [ -159.24969482421875, 70.768043518066406 ], [ -159.017196655273438, 70.770538330078125 ], [ -158.991104125976562, 70.787200927734375 ], [ -159.077499389648438, 70.813583374023438 ], [ -158.556900024414062, 70.798027038574219 ], [ -158.338897705078125, 70.817466735839844 ], [ -158.513595581054688, 70.835250854492188 ], [ -158.480606079101562, 70.844970703125 ], [ -158.235000610351562, 70.824691772460938 ], [ -157.99530029296875, 70.835533142089844 ], [ -157.397506713867188, 71.006362915039062 ], [ -157.145599365234375, 71.11553955078125 ], [ -156.81640625, 71.300262451171875 ], [ -156.482192993164062, 71.406646728515625 ], [ -156.472793579101562, 71.39581298828125 ], [ -156.601394653320312, 71.349983215332031 ], [ -156.447006225585938, 71.263603210449219 ], [ -156.139205932617188, 71.249687194824219 ], [ -156.043106079101562, 71.209701538085938 ], [ -156.1094970703125, 71.171920776367188 ], [ -155.806900024414062, 71.204971313476562 ], [ -155.631698608398438, 71.183296203613281 ], [ -155.5469970703125, 71.117752075195312 ], [ -155.547805786132812, 71.08831787109375 ], [ -155.823593139648438, 70.981369018554688 ], [ -156.095306396484375, 70.967193603515625 ], [ -156.013595581054688, 70.94525146484375 ], [ -156.019500732421875, 70.92913818359375 ], [ -156.17559814453125, 70.922760009765625 ], [ -155.955795288085938, 70.866363525390625 ], [ -155.94110107421875, 70.84942626953125 ], [ -155.982803344726562, 70.829147338867188 ], [ -155.981094360351562, 70.760528564453125 ], [ -155.901397705078125, 70.767196655273438 ], [ -155.924697875976562, 70.810531616210938 ], [ -155.720001220703125, 70.839141845703125 ], [ -155.650299072265625, 70.821640014648438 ], [ -155.662796020507812, 70.864151000976562 ], [ -155.595001220703125, 70.838027954101562 ], [ -155.533599853515625, 70.870529174804688 ], [ -155.535293579101562, 70.935806274414062 ], [ -155.283096313476562, 71.032470703125 ], [ -155.236099243164062, 70.990249633789062 ], [ -155.18060302734375, 70.998870849609375 ], [ -155.19110107421875, 71.035537719726562 ], [ -155.289993286132812, 71.079971313476562 ], [ -155.18609619140625, 71.121368408203125 ], [ -155.095001220703125, 71.084426879882812 ], [ -155.12109375, 71.134979248046875 ], [ -155.087493896484375, 71.1513671875 ], [ -155.039703369140625, 71.131362915039062 ], [ -155.092193603515625, 71.016647338867188 ], [ -155.016693115234375, 71.019149780273438 ], [ -155.014999389648438, 71.113861083984375 ], [ -154.845001220703125, 71.100540161132812 ], [ -154.609695434570312, 71.019416809082031 ], [ -154.592803955078125, 70.997482299804688 ], [ -154.654403686523438, 70.91748046875 ], [ -154.728103637695312, 70.878593444824219 ], [ -154.648101806640625, 70.86663818359375 ], [ -154.6177978515625, 70.827476501464844 ], [ -154.351104736328125, 70.83026123046875 ], [ -154.212799072265625, 70.776641845703125 ], [ -154.1300048828125, 70.7894287109375 ], [ -153.914993286132812, 70.889137268066406 ], [ -152.94500732421875, 70.902206420898438 ], [ -152.919998168945312, 70.867477416992188 ], [ -152.855300903320312, 70.855262756347656 ], [ -152.810302734375, 70.886642456054688 ], [ -152.713897705078125, 70.813308715820312 ], [ -152.662002563476562, 70.83831787109375 ], [ -152.67529296875, 70.866928100585938 ], [ -152.74029541015625, 70.881927490234375 ], [ -152.435302734375, 70.869979858398438 ], [ -152.216796875, 70.81201171875 ], [ -152.431396484375, 70.739433288574219 ], [ -152.409194946289062, 70.720260620117188 ], [ -152.50750732421875, 70.693862915039062 ], [ -152.49859619140625, 70.649406433105469 ], [ -152.189498901367188, 70.58331298828125 ], [ -152.608901977539062, 70.571090698242188 ], [ -152.610595703125, 70.550262451171875 ], [ -151.740798950195312, 70.559982299804688 ], [ -151.784194946289062, 70.519973754882812 ], [ -151.960601806640625, 70.470260620117188 ], [ -151.94830322265625, 70.444427490234375 ], [ -151.537796020507812, 70.440536499023438 ], [ -151.220306396484375, 70.37109375 ], [ -151.197494506835938, 70.394973754882812 ], [ -151.209197998046875, 70.424697875976562 ], [ -150.793899536132812, 70.493316650390625 ], [ -150.525604248046875, 70.5052490234375 ], [ -150.368896484375, 70.486076354980469 ], [ -150.417495727539062, 70.411361694335938 ], [ -150.116104125976562, 70.437759399414062 ], [ -149.888107299804688, 70.514976501464844 ], [ -149.579193115234375, 70.50469970703125 ], [ -149.059402465820312, 70.468032836914062 ], [ -148.82220458984375, 70.411087036132812 ], [ -148.607192993164062, 70.398590087890625 ], [ -148.511703491210938, 70.362197875976562 ], [ -148.5050048828125, 70.311370849609375 ], [ -148.147506713867188, 70.35552978515625 ], [ -147.985000610351562, 70.298309326171875 ], [ -147.81610107421875, 70.297203063964844 ], [ -147.802505493164062, 70.22998046875 ], [ -147.166107177734375, 70.163856506347656 ], [ -145.839401245117188, 70.1705322265625 ], [ -145.607803344726562, 70.064971923828125 ], [ -145.533401489257812, 70.093307495117188 ], [ -145.30560302734375, 69.998580932617188 ], [ -144.707504272460938, 69.972198486328125 ], [ -144.11419677734375, 70.064422607421875 ], [ -144.06500244140625, 70.016372680664062 ], [ -144.027496337890625, 70.032470703125 ], [ -144.06500244140625, 70.079147338867188 ], [ -143.348602294921875, 70.108871459960938 ], [ -143.30560302734375, 70.04498291015625 ], [ -143.30029296875, 70.111358642578125 ], [ -143.017807006835938, 70.085456848144531 ], [ -142.431396484375, 69.941932678222656 ], [ -142.269195556640625, 69.848587036132812 ], [ -142.111404418945312, 69.850250244140625 ], [ -141.565902709960938, 69.728317260742188 ], [ -141.3883056640625, 69.641082763671875 ], [ -141.260299682617188, 69.634407043457031 ], [ -141.218597412109375, 69.66802978515625 ], [ -140.999099731445312, 69.644561767578125 ] ] ] ] } }
]
}
