{
"type": "FeatureCollection",
"name": "westasia_boundary",
"crs": { "type": "name", "properties": { "name": "urn:ogc:def:crs:OGC:1.3:CRS84" } },
"features": [
{ "type": "Feature", "properties": { }, "geometry": { "type": "Polygon", "coordinates": [ [ [ 43.473239898681641, 41.106212615966797 ], [ 43.561698913574219, 41.136398315429688 ], [ 43.782199859619141, 41.115798950195312 ], [ 43.862499237060547, 41.162200927734375 ], [ 43.985599517822266, 41.163101196289062 ], [ 44.069999694824219, 41.191699981689453 ], [ 44.157501220703125, 41.188301086425781 ], [ 44.178298950195312, 41.199199676513672 ], [ 44.192798614501953, 41.236400604248047 ], [ 44.301898956298828, 41.194999694824219 ], [ 44.3656005859375, 41.219699859619141 ], [ 44.460800170898438, 41.1864013671875 ], [ 44.529201507568359, 41.214199066162109 ], [ 44.55419921875, 41.1864013671875 ], [ 44.577499389648438, 41.1864013671875 ], [ 44.6343994140625, 41.231700897216797 ], [ 44.711399078369141, 41.212799072265625 ], [ 44.863601684570312, 41.214698791503906 ], [ 44.877799987792969, 41.228599548339844 ], [ 44.8218994140625, 41.26190185546875 ], [ 44.833900451660156, 41.286899566650391 ], [ 44.955299377441406, 41.261699676513672 ], [ 45.022499084472656, 41.298599243164062 ], [ 45.060298919677734, 41.24530029296875 ], [ 45.052799224853516, 41.203300476074219 ], [ 45.147800445556641, 41.201099395751953 ], [ 45.222801208496094, 41.141899108886719 ], [ 45.194698333740234, 41.116901397705078 ], [ 45.081401824951172, 41.116100311279297 ], [ 45.073299407958984, 41.101100921630859 ], [ 45.091400146484375, 41.062801361083984 ], [ 45.132801055908203, 41.05670166015625 ], [ 45.138599395751953, 41.082801818847656 ], [ 45.156898498535156, 41.085601806640625 ], [ 45.232799530029297, 41.021701812744141 ], [ 45.345001220703125, 41.000598907470703 ], [ 45.438899993896484, 41.022499084472656 ], [ 45.437198638916016, 40.956901550292969 ], [ 45.487800598144531, 40.946701049804688 ], [ 45.56610107421875, 40.877799987792969 ], [ 45.618099212646484, 40.871898651123047 ], [ 45.620800018310547, 40.843898773193359 ], [ 45.594200134277344, 40.787799835205078 ], [ 45.42919921875, 40.729198455810547 ], [ 45.388301849365234, 40.671100616455078 ], [ 45.420600891113281, 40.599998474121094 ], [ 45.459201812744141, 40.581100463867188 ], [ 45.469200134277344, 40.538101196289062 ], [ 45.506900787353516, 40.512500762939453 ], [ 45.540298461914062, 40.453300476074219 ], [ 45.662799835205078, 40.375801086425781 ], [ 45.841400146484375, 40.303298950195312 ], [ 45.875801086425781, 40.269699096679688 ], [ 45.958301544189453, 40.272201538085938 ], [ 46.002799987792969, 40.220298767089844 ], [ 45.976898193359375, 40.116901397705078 ], [ 45.924400329589844, 40.092498779296875 ], [ 45.905601501464844, 40.020599365234375 ], [ 45.638099670410156, 40.021701812744141 ], [ 45.603900909423828, 40.007801055908203 ], [ 45.592800140380859, 39.982498168945312 ], [ 45.784198760986328, 39.9375 ], [ 45.816398620605469, 39.8656005859375 ], [ 45.856700897216797, 39.823600769042969 ], [ 45.926399230957031, 39.788101196289062 ], [ 46.006099700927734, 39.773101806640625 ], [ 46.067798614501953, 39.689399719238281 ], [ 46.153598785400391, 39.657798767089844 ], [ 46.204200744628906, 39.598098754882812 ], [ 46.250301361083984, 39.595001220703125 ], [ 46.349998474121094, 39.628101348876953 ], [ 46.413898468017578, 39.583900451660156 ], [ 46.513301849365234, 39.583599090576172 ], [ 46.541400909423828, 39.564399719238281 ], [ 46.546398162841797, 39.538600921630859 ], [ 46.509700775146484, 39.513301849365234 ], [ 46.516700744628906, 39.475799560546875 ], [ 46.400798797607422, 39.450801849365234 ], [ 46.380599975585938, 39.424999237060547 ], [ 46.403900146484375, 39.37860107421875 ], [ 46.518100738525391, 39.330299377441406 ], [ 46.544200897216797, 39.278900146484375 ], [ 46.622501373291016, 39.224700927734375 ], [ 46.545600891113281, 39.189399719238281 ], [ 46.452201843261719, 39.218601226806641 ], [ 46.416099548339844, 39.201400756835938 ], [ 46.423900604248047, 39.163898468017578 ], [ 46.493598937988281, 39.12860107421875 ], [ 46.510799407958984, 39.096900939941406 ], [ 46.523601531982422, 39.044200897216797 ], [ 46.494701385498047, 38.959701538085938 ], [ 46.539924621582031, 38.876720428466797 ], [ 46.354709625244141, 38.910541534423828 ], [ 46.177959442138672, 38.844219207763672 ], [ 46.107200622558594, 38.936100006103516 ], [ 46.042800903320312, 39.078300476074219 ], [ 45.970298767089844, 39.166400909423828 ], [ 45.971900939941406, 39.206699371337891 ], [ 46.008899688720703, 39.250801086425781 ], [ 45.855598449707031, 39.348098754882812 ], [ 45.795600891113281, 39.356399536132812 ], [ 45.776100158691406, 39.374698638916016 ], [ 45.830001831054688, 39.44940185546875 ], [ 45.814701080322266, 39.494998931884766 ], [ 45.823101043701172, 39.545299530029297 ], [ 45.783298492431641, 39.569198608398438 ], [ 45.732200622558594, 39.580600738525391 ], [ 45.626701354980469, 39.560001373291016 ], [ 45.457500457763672, 39.493598937988281 ], [ 45.408599853515625, 39.529998779296875 ], [ 45.326099395751953, 39.538299560546875 ], [ 45.307498931884766, 39.588100433349609 ], [ 45.281898498535156, 39.608600616455078 ], [ 45.253898620605469, 39.607799530029297 ], [ 45.204399108886719, 39.572200775146484 ], [ 45.171100616455078, 39.579200744628906 ], [ 45.175800323486328, 39.672500610351562 ], [ 45.061901092529297, 39.778900146484375 ], [ 44.933101654052734, 39.721401214599609 ], [ 44.858299255371094, 39.724998474121094 ], [ 44.778583526611328, 39.706649780273438 ], [ 44.625259399414062, 39.814990997314453 ], [ 44.540271759033203, 39.919979095458984 ], [ 44.280269622802734, 40.046649932861328 ], [ 44.016929626464844, 40.008598327636719 ], [ 43.657760620117188, 40.108600616455078 ], [ 43.652759552001953, 40.134159088134766 ], [ 43.721088409423828, 40.167209625244141 ], [ 43.594429016113281, 40.337490081787109 ], [ 43.618038177490234, 40.395538330078125 ], [ 43.592758178710938, 40.440261840820312 ], [ 43.753528594970703, 40.675930023193359 ], [ 43.735820770263672, 40.782489776611328 ], [ 43.606380462646484, 40.988319396972656 ], [ 43.554149627685547, 40.998039245605469 ], [ 43.473590850830078, 41.04193115234375 ], [ 43.473239898681641, 41.106212615966797 ] ] ] } },
{ "type": "Feature", "properties": { }, "geometry": { "type": "MultiPolygon", "coordinates": [ [ [ [ 44.810489654541016, 39.642730712890625 ], [ 44.778583526611328, 39.706649780273438 ], [ 44.858299255371094, 39.724998474121094 ], [ 44.933101654052734, 39.721401214599609 ], [ 45.061901092529297, 39.778900146484375 ], [ 45.175800323486328, 39.672500610351562 ], [ 45.171100616455078, 39.579200744628906 ], [ 45.204399108886719, 39.572200775146484 ], [ 45.253898620605469, 39.607799530029297 ], [ 45.281898498535156, 39.608600616455078 ], [ 45.307498931884766, 39.588100433349609 ], [ 45.326099395751953, 39.538299560546875 ], [ 45.408599853515625, 39.529998779296875 ], [ 45.457500457763672, 39.493598937988281 ], [ 45.626701354980469, 39.560001373291016 ], [ 45.732200622558594, 39.580600738525391 ], [ 45.783298492431641, 39.569198608398438 ], [ 45.823101043701172, 39.545299530029297 ], [ 45.814701080322266, 39.494998931884766 ], [ 45.830001831054688, 39.44940185546875 ], [ 45.776100158691406, 39.374698638916016 ], [ 45.795600891113281, 39.356399536132812 ], [ 45.855598449707031, 39.348098754882812 ], [ 46.008899688720703, 39.250801086425781 ], [ 45.971900939941406, 39.206699371337891 ], [ 45.970298767089844, 39.166400909423828 ], [ 46.042800903320312, 39.078300476074219 ], [ 46.107200622558594, 38.936100006103516 ], [ 46.177959442138672, 38.844219207763672 ], [ 45.871929168701172, 38.879978179931641 ], [ 45.430538177490234, 39.004711151123047 ], [ 45.337760925292969, 39.172489166259766 ], [ 45.187480926513672, 39.210269927978516 ], [ 45.115821838378906, 39.312198638916016 ], [ 44.950260162353516, 39.435810089111328 ], [ 44.888599395751953, 39.605819702148438 ], [ 44.810489654541016, 39.642730712890625 ] ] ], [ [ [ 46.45208740234375, 41.896572113037109 ], [ 46.56829833984375, 41.882499694824219 ], [ 46.566699981689453, 41.80780029296875 ], [ 46.591701507568359, 41.792198181152344 ], [ 46.725601196289062, 41.835601806640625 ], [ 46.760799407958984, 41.863899230957031 ], [ 46.770801544189453, 41.796699523925781 ], [ 46.872798919677734, 41.728900909423828 ], [ 46.92559814453125, 41.717800140380859 ], [ 46.932498931884766, 41.691398620605469 ], [ 47.015598297119141, 41.627201080322266 ], [ 47.043098449707031, 41.558300018310547 ], [ 47.127799987792969, 41.578098297119141 ], [ 47.160598754882812, 41.561100006103516 ], [ 47.1781005859375, 41.510601043701172 ], [ 47.212799072265625, 41.488601684570312 ], [ 47.258899688720703, 41.424701690673828 ], [ 47.265800476074219, 41.331100463867188 ], [ 47.285598754882812, 41.312198638916016 ], [ 47.371101379394531, 41.271900177001953 ], [ 47.521900177001953, 41.254199981689453 ], [ 47.571701049804688, 41.211101531982422 ], [ 47.659698486328125, 41.235599517822266 ], [ 47.766899108886719, 41.196098327636719 ], [ 47.919998168945312, 41.226398468017578 ], [ 47.908298492431641, 41.290798187255859 ], [ 47.953899383544922, 41.32440185546875 ], [ 47.962501525878906, 41.359401702880859 ], [ 48.022800445556641, 41.361900329589844 ], [ 48.07440185546875, 41.467800140380859 ], [ 48.231399536132812, 41.502498626708984 ], [ 48.399700164794922, 41.589199066162109 ], [ 48.471401214599609, 41.723598480224609 ], [ 48.531398773193359, 41.767200469970703 ], [ 48.589042663574219, 41.842365264892578 ], [ 48.788318634033203, 41.665821075439453 ], [ 49.136100769042969, 41.277759552001953 ], [ 49.154991149902344, 41.151660919189453 ], [ 49.251380920410156, 40.987209320068359 ], [ 49.537769317626953, 40.778598785400391 ], [ 49.513320922851562, 40.678050994873047 ], [ 49.57720947265625, 40.625270843505859 ], [ 49.745819091796875, 40.574161529541016 ], [ 49.999149322509766, 40.586380004882812 ], [ 50.236099243164062, 40.490261077880859 ], [ 50.363601684570312, 40.355548858642578 ], [ 50.384990692138672, 40.221370697021484 ], [ 50.308879852294922, 40.307769775390625 ], [ 50.211380004882812, 40.339431762695312 ], [ 49.885269165039062, 40.363319396972656 ], [ 49.562210083007812, 40.206378936767578 ], [ 49.425540924072266, 40.048320770263672 ], [ 49.482769012451172, 39.983600616455078 ], [ 49.419990539550781, 39.924160003662109 ], [ 49.444438934326172, 39.868598937988281 ], [ 49.412769317626953, 39.8377685546875 ], [ 49.421379089355469, 39.701099395751953 ], [ 49.313320159912109, 39.614711761474609 ], [ 49.287490844726562, 39.480819702148438 ], [ 49.413600921630859, 39.383880615234375 ], [ 49.395549774169922, 39.350269317626953 ], [ 49.406379699707031, 39.283329010009766 ], [ 49.297210693359375, 39.343318939208984 ], [ 49.258041381835938, 39.319438934326172 ], [ 49.201930999755859, 39.024711608886719 ], [ 49.140541076660156, 38.977210998535156 ], [ 49.072208404541016, 38.963871002197266 ], [ 49.051658630371094, 39.001380920410156 ], [ 49.123050689697266, 39.026100158691406 ], [ 49.149990081787109, 39.081661224365234 ], [ 49.134708404541016, 39.103321075439453 ], [ 49.067211151123047, 39.107769012451172 ], [ 49.052490234375, 39.172771453857422 ], [ 49.002769470214844, 39.189430236816406 ], [ 48.961380004882812, 39.174430847167969 ], [ 48.930271148681641, 39.058601379394531 ], [ 48.935550689697266, 38.963600158691406 ], [ 48.905540466308594, 38.896648406982422 ], [ 48.832210540771484, 38.864990234375 ], [ 48.860500335693359, 38.440250396728516 ], [ 48.665531158447266, 38.390541076660156 ], [ 48.610538482666016, 38.405818939208984 ], [ 48.429988861083984, 38.626091003417969 ], [ 48.333599090576172, 38.601100921630859 ], [ 48.243598937988281, 38.667209625244141 ], [ 48.243869781494141, 38.727760314941406 ], [ 48.103038787841797, 38.783599853515625 ], [ 48.013881683349609, 38.856929779052734 ], [ 48.018878936767578, 38.909149169921875 ], [ 48.276088714599609, 38.981651306152344 ], [ 48.323879241943359, 39.026371002197266 ], [ 48.293880462646484, 39.112491607666016 ], [ 48.134990692138672, 39.208881378173828 ], [ 48.119979858398438, 39.263599395751953 ], [ 48.150260925292969, 39.309150695800781 ], [ 48.359710693359375, 39.384708404541016 ], [ 48.338871002197266, 39.425540924072266 ], [ 47.976371765136719, 39.719699859619141 ], [ 47.806648254394531, 39.677211761474609 ], [ 47.746929168701172, 39.621089935302734 ], [ 47.454429626464844, 39.496379852294922 ], [ 47.099708557128906, 39.304428100585938 ], [ 47.025539398193359, 39.189418792724609 ], [ 46.838321685791016, 39.155258178710938 ], [ 46.539924621582031, 38.876720428466797 ], [ 46.494701385498047, 38.959701538085938 ], [ 46.523601531982422, 39.044200897216797 ], [ 46.510799407958984, 39.096900939941406 ], [ 46.493598937988281, 39.12860107421875 ], [ 46.423900604248047, 39.163898468017578 ], [ 46.416099548339844, 39.201400756835938 ], [ 46.452201843261719, 39.218601226806641 ], [ 46.545600891113281, 39.189399719238281 ], [ 46.622501373291016, 39.224700927734375 ], [ 46.544200897216797, 39.278900146484375 ], [ 46.518100738525391, 39.330299377441406 ], [ 46.403900146484375, 39.37860107421875 ], [ 46.380599975585938, 39.424999237060547 ], [ 46.400798797607422, 39.450801849365234 ], [ 46.516700744628906, 39.475799560546875 ], [ 46.509700775146484, 39.513301849365234 ], [ 46.546398162841797, 39.538600921630859 ], [ 46.541400909423828, 39.564399719238281 ], [ 46.513301849365234, 39.583599090576172 ], [ 46.413898468017578, 39.583900451660156 ], [ 46.349998474121094, 39.628101348876953 ], [ 46.250301361083984, 39.595001220703125 ], [ 46.204200744628906, 39.598098754882812 ], [ 46.153598785400391, 39.657798767089844 ], [ 46.067798614501953, 39.689399719238281 ], [ 46.006099700927734, 39.773101806640625 ], [ 45.926399230957031, 39.788101196289062 ], [ 45.856700897216797, 39.823600769042969 ], [ 45.816398620605469, 39.8656005859375 ], [ 45.784198760986328, 39.9375 ], [ 45.592800140380859, 39.982498168945312 ], [ 45.603900909423828, 40.007801055908203 ], [ 45.638099670410156, 40.021701812744141 ], [ 45.905601501464844, 40.020599365234375 ], [ 45.924400329589844, 40.092498779296875 ], [ 45.976898193359375, 40.116901397705078 ], [ 46.002799987792969, 40.220298767089844 ], [ 45.958301544189453, 40.272201538085938 ], [ 45.875801086425781, 40.269699096679688 ], [ 45.841400146484375, 40.303298950195312 ], [ 45.662799835205078, 40.375801086425781 ], [ 45.540298461914062, 40.453300476074219 ], [ 45.506900787353516, 40.512500762939453 ], [ 45.469200134277344, 40.538101196289062 ], [ 45.459201812744141, 40.581100463867188 ], [ 45.420600891113281, 40.599998474121094 ], [ 45.388301849365234, 40.671100616455078 ], [ 45.42919921875, 40.729198455810547 ], [ 45.594200134277344, 40.787799835205078 ], [ 45.620800018310547, 40.843898773193359 ], [ 45.618099212646484, 40.871898651123047 ], [ 45.56610107421875, 40.877799987792969 ], [ 45.487800598144531, 40.946701049804688 ], [ 45.437198638916016, 40.956901550292969 ], [ 45.438899993896484, 41.022499084472656 ], [ 45.345001220703125, 41.000598907470703 ], [ 45.232799530029297, 41.021701812744141 ], [ 45.156898498535156, 41.085601806640625 ], [ 45.138599395751953, 41.082801818847656 ], [ 45.132801055908203, 41.05670166015625 ], [ 45.091400146484375, 41.062801361083984 ], [ 45.073299407958984, 41.101100921630859 ], [ 45.081401824951172, 41.116100311279297 ], [ 45.194698333740234, 41.116901397705078 ], [ 45.222801208496094, 41.141899108886719 ], [ 45.147800445556641, 41.201099395751953 ], [ 45.052799224853516, 41.203300476074219 ], [ 45.060298919677734, 41.24530029296875 ], [ 45.022499084472656, 41.298599243164062 ], [ 45.278900146484375, 41.455600738525391 ], [ 45.336700439453125, 41.462501525878906 ], [ 45.401100158691406, 41.428298950195312 ], [ 45.476699829101562, 41.440799713134766 ], [ 45.538299560546875, 41.398601531982422 ], [ 45.770599365234375, 41.343299865722656 ], [ 45.719699859619141, 41.320598602294922 ], [ 45.708599090576172, 41.290298461914062 ], [ 45.813098907470703, 41.226398468017578 ], [ 46.031398773193359, 41.170299530029297 ], [ 46.140300750732422, 41.203899383544922 ], [ 46.243301391601562, 41.205600738525391 ], [ 46.378299713134766, 41.104198455810547 ], [ 46.440299987792969, 41.096401214599609 ], [ 46.483898162841797, 41.055599212646484 ], [ 46.520801544189453, 41.049999237060547 ], [ 46.545299530029297, 41.095298767089844 ], [ 46.572200775146484, 41.108100891113281 ], [ 46.622501373291016, 41.100601196289062 ], [ 46.669998168945312, 41.154998779296875 ], [ 46.710800170898438, 41.255298614501953 ], [ 46.693901062011719, 41.312198638916016 ], [ 46.628299713134766, 41.340000152587891 ], [ 46.621101379394531, 41.365001678466797 ], [ 46.593299865722656, 41.379398345947266 ], [ 46.499198913574219, 41.397201538085938 ], [ 46.413600921630859, 41.462501525878906 ], [ 46.330001831054688, 41.485298156738281 ], [ 46.335300445556641, 41.516899108886719 ], [ 46.299198150634766, 41.550300598144531 ], [ 46.343601226806641, 41.557498931884766 ], [ 46.347198486328125, 41.57080078125 ], [ 46.324199676513672, 41.593601226806641 ], [ 46.286399841308594, 41.589199066162109 ], [ 46.282798767089844, 41.615299224853516 ], [ 46.264999389648438, 41.611900329589844 ], [ 46.256698608398438, 41.589401245117188 ], [ 46.237201690673828, 41.595001220703125 ], [ 46.201698303222656, 41.659400939941406 ], [ 46.198101043701172, 41.724998474121094 ], [ 46.218898773193359, 41.757198333740234 ], [ 46.331901550292969, 41.759201049804688 ], [ 46.420600891113281, 41.837799072265625 ], [ 46.45208740234375, 41.896572113037109 ] ] ] ] } },
{ "type": "Feature", "properties": { }, "geometry": { "type": "Polygon", "coordinates": [ [ [ 50.570541381835938, 25.790550231933594 ], [ 50.466098785400391, 25.949440002441406 ], [ 50.501930236816406, 26.240280151367188 ], [ 50.600269317626953, 26.215829849243164 ], [ 50.554149627685547, 26.191379547119141 ], [ 50.613040924072266, 26.127769470214844 ], [ 50.607490539550781, 25.862770080566406 ], [ 50.570541381835938, 25.790550231933594 ] ] ] } },
{ "type": "Feature", "properties": { }, "geometry": { "type": "Polygon", "coordinates": [ [ [ 33.031101226806641, 34.563320159912109 ], [ 32.941379547119141, 34.5635986328125 ], [ 32.909988403320312, 34.652210235595703 ], [ 32.72943115234375, 34.645259857177734 ], [ 32.491939544677734, 34.70220947265625 ], [ 32.404148101806641, 34.750820159912109 ], [ 32.390541076660156, 34.838039398193359 ], [ 32.323040008544922, 34.893039703369141 ], [ 32.269161224365234, 35.074428558349609 ], [ 32.304710388183594, 35.084148406982422 ], [ 32.369159698486328, 35.039710998535156 ], [ 32.428050994873047, 35.045269012451172 ], [ 32.618598937988281, 35.182491302490234 ], [ 32.721931457519531, 35.180820465087891 ], [ 32.830539703369141, 35.142208099365234 ], [ 32.901931762695312, 35.174160003662109 ], [ 32.940269470214844, 35.302761077880859 ], [ 32.919708251953125, 35.390541076660156 ], [ 33.346931457519531, 35.333320617675781 ], [ 33.631649017333984, 35.350269317626953 ], [ 34.021930694580078, 35.461101531982422 ], [ 34.356658935546875, 35.610538482666016 ], [ 34.581661224365234, 35.671649932861328 ], [ 34.513050079345703, 35.619159698486328 ], [ 34.186378479003906, 35.443050384521484 ], [ 33.903881072998047, 35.229160308837891 ], [ 33.902488708496094, 35.161651611328125 ], [ 34.083320617675781, 34.959430694580078 ], [ 33.969440460205078, 34.984710693359375 ], [ 33.855258941650391, 34.938880920410156 ], [ 33.810260772705078, 34.966930389404297 ], [ 33.685260772705078, 34.968040466308594 ], [ 33.646099090576172, 34.935550689697266 ], [ 33.608600616455078, 34.823318481445312 ], [ 33.280269622802734, 34.714710235595703 ], [ 33.066661834716797, 34.682209014892578 ], [ 33.009708404541016, 34.637489318847656 ], [ 33.031101226806641, 34.563320159912109 ] ] ] } },
{ "type": "Feature", "properties": { }, "geometry": { "type": "Polygon", "coordinates": [ [ [ 40.006511688232422, 43.398197174072266 ], [ 40.084999084472656, 43.555000305175781 ], [ 40.177501678466797, 43.582500457763672 ], [ 40.26190185546875, 43.580001831054688 ], [ 40.543098449707031, 43.508598327636719 ], [ 40.642501831054688, 43.544399261474609 ], [ 40.69219970703125, 43.544200897216797 ], [ 40.749698638916016, 43.504398345947266 ], [ 40.882499694824219, 43.470001220703125 ], [ 41.044200897216797, 43.375 ], [ 41.168098449707031, 43.387199401855469 ], [ 41.295600891113281, 43.336101531982422 ], [ 41.393299102783203, 43.346099853515625 ], [ 41.435600280761719, 43.296100616455078 ], [ 41.523101806640625, 43.269401550292969 ], [ 41.564998626708984, 43.232200622558594 ], [ 41.605300903320312, 43.220298767089844 ], [ 41.730598449707031, 43.227798461914062 ], [ 41.822498321533203, 43.204200744628906 ], [ 41.939701080322266, 43.217498779296875 ], [ 42.05780029296875, 43.186100006103516 ], [ 42.12030029296875, 43.200298309326172 ], [ 42.181098937988281, 43.235599517822266 ], [ 42.415298461914062, 43.239200592041016 ], [ 42.478599548339844, 43.222801208496094 ], [ 42.534400939941406, 43.181098937988281 ], [ 42.625801086425781, 43.143100738525391 ], [ 42.701099395751953, 43.182498931884766 ], [ 42.849998474121094, 43.17919921875 ], [ 42.9364013671875, 43.1260986328125 ], [ 43.021099090576172, 43.104400634765625 ], [ 43.010799407958984, 43.05670166015625 ], [ 43.213600158691406, 42.93170166015625 ], [ 43.560600280761719, 42.860801696777344 ], [ 43.670799255371094, 42.791099548339844 ], [ 43.832500457763672, 42.748298645019531 ], [ 43.836101531982422, 42.727798461914062 ], [ 43.735298156738281, 42.645301818847656 ], [ 43.778301239013672, 42.603099822998047 ], [ 43.867500305175781, 42.599201202392578 ], [ 43.969398498535156, 42.558101654052734 ], [ 44.053600311279297, 42.618099212646484 ], [ 44.220798492431641, 42.63690185546875 ], [ 44.286701202392578, 42.712799072265625 ], [ 44.376899719238281, 42.708900451660156 ], [ 44.549701690673828, 42.7593994140625 ], [ 44.689701080322266, 42.736400604248047 ], [ 44.75469970703125, 42.688899993896484 ], [ 44.797199249267578, 42.615798950195312 ], [ 44.808300018310547, 42.665298461914062 ], [ 44.854999542236328, 42.743301391601562 ], [ 44.886699676513672, 42.760299682617188 ], [ 44.94110107421875, 42.757801055908203 ], [ 45.060298919677734, 42.692501068115234 ], [ 45.158901214599609, 42.705799102783203 ], [ 45.241901397705078, 42.650798797607422 ], [ 45.351699829101562, 42.529399871826172 ], [ 45.552799224853516, 42.550300598144531 ], [ 45.700599670410156, 42.516101837158203 ], [ 45.756900787353516, 42.482200622558594 ], [ 45.638599395751953, 42.228900909423828 ], [ 45.647499084472656, 42.204700469970703 ], [ 45.738899230957031, 42.173599243164062 ], [ 45.809200286865234, 42.1239013671875 ], [ 45.910301208496094, 42.104999542236328 ], [ 45.960601806640625, 42.023899078369141 ], [ 46.010799407958984, 42.043098449707031 ], [ 46.039199829101562, 42.023300170898438 ], [ 46.078098297119141, 42.034198760986328 ], [ 46.103900909423828, 41.99420166015625 ], [ 46.240001678466797, 42.001399993896484 ], [ 46.319999694824219, 41.938899993896484 ], [ 46.394199371337891, 41.940601348876953 ], [ 46.45208740234375, 41.896572113037109 ], [ 46.420600891113281, 41.837799072265625 ], [ 46.331901550292969, 41.759201049804688 ], [ 46.218898773193359, 41.757198333740234 ], [ 46.198101043701172, 41.724998474121094 ], [ 46.201698303222656, 41.659400939941406 ], [ 46.237201690673828, 41.595001220703125 ], [ 46.256698608398438, 41.589401245117188 ], [ 46.264999389648438, 41.611900329589844 ], [ 46.282798767089844, 41.615299224853516 ], [ 46.286399841308594, 41.589199066162109 ], [ 46.324199676513672, 41.593601226806641 ], [ 46.347198486328125, 41.57080078125 ], [ 46.343601226806641, 41.557498931884766 ], [ 46.299198150634766, 41.550300598144531 ], [ 46.335300445556641, 41.516899108886719 ], [ 46.330001831054688, 41.485298156738281 ], [ 46.413600921630859, 41.462501525878906 ], [ 46.499198913574219, 41.397201538085938 ], [ 46.621101379394531, 41.365001678466797 ], [ 46.628299713134766, 41.340000152587891 ], [ 46.693901062011719, 41.312198638916016 ], [ 46.710800170898438, 41.255298614501953 ], [ 46.669998168945312, 41.154998779296875 ], [ 46.622501373291016, 41.100601196289062 ], [ 46.572200775146484, 41.108100891113281 ], [ 46.545299530029297, 41.095298767089844 ], [ 46.520801544189453, 41.049999237060547 ], [ 46.483898162841797, 41.055599212646484 ], [ 46.440299987792969, 41.096401214599609 ], [ 46.378299713134766, 41.104198455810547 ], [ 46.243301391601562, 41.205600738525391 ], [ 46.140300750732422, 41.203899383544922 ], [ 46.031398773193359, 41.170299530029297 ], [ 45.813098907470703, 41.226398468017578 ], [ 45.708599090576172, 41.290298461914062 ], [ 45.719699859619141, 41.320598602294922 ], [ 45.770599365234375, 41.343299865722656 ], [ 45.538299560546875, 41.398601531982422 ], [ 45.476699829101562, 41.440799713134766 ], [ 45.401100158691406, 41.428298950195312 ], [ 45.336700439453125, 41.462501525878906 ], [ 45.278900146484375, 41.455600738525391 ], [ 44.955299377441406, 41.261699676513672 ], [ 44.833900451660156, 41.286899566650391 ], [ 44.8218994140625, 41.26190185546875 ], [ 44.877799987792969, 41.228599548339844 ], [ 44.863601684570312, 41.214698791503906 ], [ 44.711399078369141, 41.212799072265625 ], [ 44.6343994140625, 41.231700897216797 ], [ 44.577499389648438, 41.1864013671875 ], [ 44.55419921875, 41.1864013671875 ], [ 44.529201507568359, 41.214199066162109 ], [ 44.460800170898438, 41.1864013671875 ], [ 44.3656005859375, 41.219699859619141 ], [ 44.301898956298828, 41.194999694824219 ], [ 44.192798614501953, 41.236400604248047 ], [ 44.178298950195312, 41.199199676513672 ], [ 44.157501220703125, 41.188301086425781 ], [ 44.069999694824219, 41.191699981689453 ], [ 43.985599517822266, 41.163101196289062 ], [ 43.862499237060547, 41.162200927734375 ], [ 43.782199859619141, 41.115798950195312 ], [ 43.561698913574219, 41.136398315429688 ], [ 43.473239898681641, 41.106212615966797 ], [ 43.473041534423828, 41.143039703369141 ], [ 43.375259399414062, 41.20220947265625 ], [ 43.233039855957031, 41.178321838378906 ], [ 43.199420928955078, 41.255260467529297 ], [ 43.123600006103516, 41.255260467529297 ], [ 43.207759857177734, 41.306930541992188 ], [ 43.160808563232422, 41.312759399414062 ], [ 42.888599395751953, 41.508041381835938 ], [ 42.847209930419922, 41.473041534423828 ], [ 42.786380767822266, 41.510269165039062 ], [ 42.831928253173828, 41.583320617675781 ], [ 42.726371765136719, 41.591091156005859 ], [ 42.588039398193359, 41.576381683349609 ], [ 42.506649017333984, 41.441928863525391 ], [ 41.954990386962891, 41.516380310058594 ], [ 41.833320617675781, 41.428321838378906 ], [ 41.531200408935547, 41.523479461669922 ], [ 41.736370086669922, 41.741649627685547 ], [ 41.762489318847656, 41.992210388183594 ], [ 41.654148101806641, 42.135540008544922 ], [ 41.644989013671875, 42.224430084228516 ], [ 41.553321838378906, 42.385818481445312 ], [ 41.522491455078125, 42.561378479003906 ], [ 41.4385986328125, 42.731658935546875 ], [ 41.364158630371094, 42.759159088134766 ], [ 41.155818939208984, 42.789150238037109 ], [ 41.094711303710938, 42.850818634033203 ], [ 41.072769165039062, 42.928050994873047 ], [ 40.830539703369141, 43.071929931640625 ], [ 40.674160003662109, 43.0877685546875 ], [ 40.384708404541016, 43.165538787841797 ], [ 40.326381683349609, 43.141929626464844 ], [ 40.218349456787109, 43.318901062011719 ], [ 40.051380157470703, 43.370269775390625 ], [ 40.006511688232422, 43.398197174072266 ] ] ] } },
{ "type": "Feature", "properties": { }, "geometry": { "type": "MultiPolygon", "coordinates": [ [ [ [ 55.304988861083984, 26.54026985168457 ], [ 55.274990081787109, 26.650829315185547 ], [ 55.45220947265625, 26.680000305175781 ], [ 55.769989013671875, 26.792770385742188 ], [ 55.768600463867188, 26.881099700927734 ], [ 55.736370086669922, 26.921939849853516 ], [ 55.752208709716797, 26.951940536499023 ], [ 55.883319854736328, 26.901660919189453 ], [ 56.155540466308594, 26.99860954284668 ], [ 56.273040771484375, 26.975830078125 ], [ 56.288330078125, 26.95005989074707 ], [ 56.183601379394531, 26.918329238891602 ], [ 56.090259552001953, 26.788610458374023 ], [ 55.951648712158203, 26.689159393310547 ], [ 55.878318786621094, 26.736379623413086 ], [ 55.304988861083984, 26.54026985168457 ] ] ], [ [ [ 44.794651031494141, 39.650650024414062 ], [ 44.888599395751953, 39.605819702148438 ], [ 44.950260162353516, 39.435810089111328 ], [ 45.115821838378906, 39.312198638916016 ], [ 45.187480926513672, 39.210269927978516 ], [ 45.337760925292969, 39.172489166259766 ], [ 45.430538177490234, 39.004711151123047 ], [ 45.871929168701172, 38.879978179931641 ], [ 46.166660308837891, 38.839981079101562 ], [ 46.354709625244141, 38.910541534423828 ], [ 46.533599853515625, 38.870819091796875 ], [ 46.838321685791016, 39.155258178710938 ], [ 47.025539398193359, 39.189418792724609 ], [ 47.099708557128906, 39.304428100585938 ], [ 47.454429626464844, 39.496379852294922 ], [ 47.746929168701172, 39.621089935302734 ], [ 47.806648254394531, 39.677211761474609 ], [ 47.976371765136719, 39.719699859619141 ], [ 48.338871002197266, 39.425540924072266 ], [ 48.359710693359375, 39.384708404541016 ], [ 48.150260925292969, 39.309150695800781 ], [ 48.119979858398438, 39.263599395751953 ], [ 48.134990692138672, 39.208881378173828 ], [ 48.293880462646484, 39.112491607666016 ], [ 48.323879241943359, 39.026371002197266 ], [ 48.276088714599609, 38.981651306152344 ], [ 48.018878936767578, 38.909149169921875 ], [ 48.013881683349609, 38.856929779052734 ], [ 48.103038787841797, 38.783599853515625 ], [ 48.243869781494141, 38.727760314941406 ], [ 48.243598937988281, 38.667209625244141 ], [ 48.333599090576172, 38.601100921630859 ], [ 48.429988861083984, 38.626091003417969 ], [ 48.610538482666016, 38.405818939208984 ], [ 48.665531158447266, 38.390541076660156 ], [ 48.860500335693359, 38.440250396728516 ], [ 48.871379852294922, 38.28887939453125 ], [ 49.0010986328125, 37.759429931640625 ], [ 49.069709777832031, 37.671649932861328 ], [ 49.274711608886719, 37.545818328857422 ], [ 49.478870391845703, 37.483600616455078 ], [ 50.077491760253906, 37.411651611328125 ], [ 50.20220947265625, 37.383880615234375 ], [ 50.315269470214844, 37.153049468994141 ], [ 50.740821838378906, 36.900829315185547 ], [ 51.087490081787109, 36.732490539550781 ], [ 51.798599243164062, 36.601940155029297 ], [ 51.972759246826172, 36.579990386962891 ], [ 53.244709014892578, 36.850269317626953 ], [ 53.949161529541016, 36.914710998535156 ], [ 54.008598327636719, 36.948318481445312 ], [ 54.002208709716797, 36.904991149902344 ], [ 53.634429931640625, 36.853321075439453 ], [ 53.668598175048828, 36.820819854736328 ], [ 53.894710540771484, 36.793598175048828 ], [ 54.019161224365234, 36.818599700927734 ], [ 54.031650543212891, 36.948318481445312 ], [ 53.988319396972656, 36.982208251953125 ], [ 54.015819549560547, 37.021930694580078 ], [ 53.909420013427734, 37.351520538330078 ], [ 54.231651306152344, 37.32720947265625 ], [ 54.551651000976562, 37.446090698242188 ], [ 54.691650390625, 37.467479705810547 ], [ 54.805820465087891, 37.561649322509766 ], [ 54.833049774169922, 37.746379852294922 ], [ 55.442760467529297, 38.086101531982422 ], [ 55.798599243164062, 38.122478485107422 ], [ 55.982761383056641, 38.072490692138672 ], [ 56.326648712158203, 38.084148406982422 ], [ 56.352771759033203, 38.132759094238281 ], [ 56.318878173828125, 38.173320770263672 ], [ 56.385540008544922, 38.231369018554688 ], [ 56.53887939453125, 38.266101837158203 ], [ 56.695259094238281, 38.266929626464844 ], [ 56.756378173828125, 38.284988403320312 ], [ 56.857208251953125, 38.231369018554688 ], [ 57.050819396972656, 38.193599700927734 ], [ 57.176090240478516, 38.280269622802734 ], [ 57.239151000976562, 38.273868560791016 ], [ 57.371089935302734, 38.093040466308594 ], [ 57.348320007324219, 37.998870849609375 ], [ 57.505260467529297, 37.929988861083984 ], [ 57.7783203125, 37.907760620117188 ], [ 58.198040008544922, 37.786380767822266 ], [ 58.223869323730469, 37.684711456298828 ], [ 58.451648712158203, 37.641368865966797 ], [ 58.498039245605469, 37.647769927978516 ], [ 58.544429779052734, 37.703601837158203 ], [ 58.778591156005859, 37.661930084228516 ], [ 58.926090240478516, 37.669979095458984 ], [ 59.171649932861328, 37.563041687011719 ], [ 59.249988555908203, 37.513320922851562 ], [ 59.322761535644531, 37.541370391845703 ], [ 59.371089935302734, 37.503879547119141 ], [ 59.38970947265625, 37.333049774169922 ], [ 59.519710540771484, 37.196090698242188 ], [ 59.566928863525391, 37.208881378173828 ], [ 59.620258331298828, 37.131931304931641 ], [ 59.774429321289062, 37.131649017333984 ], [ 60.029430389404297, 37.036930084228516 ], [ 60.364711761474609, 36.645538330078125 ], [ 61.157199859619141, 36.649990081787109 ], [ 61.189701080322266, 36.561370849609375 ], [ 61.142490386962891, 36.39276123046875 ], [ 61.226089477539062, 36.115261077880859 ], [ 61.125259399414062, 35.970821380615234 ], [ 61.244991302490234, 35.897209167480469 ], [ 61.231090545654297, 35.667488098144531 ], [ 61.278720855712891, 35.60675048828125 ], [ 61.277759552001953, 35.520259857177734 ], [ 61.239151000976562, 35.481090545654297 ], [ 61.186100006103516, 35.296939849853516 ], [ 61.10443115234375, 35.279148101806641 ], [ 61.113880157470703, 35.201648712158203 ], [ 61.065261840820312, 34.812759399414062 ], [ 60.863601684570312, 34.576389312744141 ], [ 60.733600616455078, 34.541660308837891 ], [ 60.756649017333984, 34.483318328857422 ], [ 60.897769927978516, 34.345821380615234 ], [ 60.911090850830078, 34.316379547119141 ], [ 60.671649932861328, 34.3135986328125 ], [ 60.513599395751953, 34.150821685791016 ], [ 60.521369934082031, 33.999149322509766 ], [ 60.554149627685547, 33.813320159912109 ], [ 60.505260467529297, 33.739151000976562 ], [ 60.522758483886719, 33.653041839599609 ], [ 60.649150848388672, 33.574989318847656 ], [ 60.901649475097656, 33.554428100585938 ], [ 60.928600311279297, 33.504428863525391 ], [ 60.858318328857422, 33.493869781494141 ], [ 60.851650238037109, 33.418048858642578 ], [ 60.591091156005859, 33.163040161132812 ], [ 60.581928253173828, 33.071659088134766 ], [ 60.857769012451172, 32.234718322753906 ], [ 60.810260772705078, 31.873600006103516 ], [ 60.843868255615234, 31.498329162597656 ], [ 61.713600158691406, 31.383329391479492 ], [ 61.771099090576172, 31.318330764770508 ], [ 61.765819549560547, 31.245269775390625 ], [ 61.847209930419922, 31.048879623413086 ], [ 61.803871154785156, 30.945819854736328 ], [ 61.812759399414062, 30.843610763549805 ], [ 60.866870880126953, 29.862430572509766 ], [ 61.355258941650391, 29.388330459594727 ], [ 61.419979095458984, 29.164440155029297 ], [ 61.511100769042969, 29.088600158691406 ], [ 61.547580718994141, 28.984939575195312 ], [ 61.651371002197266, 28.785270690917969 ], [ 62.039710998535156, 28.50054931640625 ], [ 62.394710540771484, 28.421659469604492 ], [ 62.592479705810547, 28.233600616455078 ], [ 62.781368255615234, 28.266939163208008 ], [ 62.757770538330078, 28.000270843505859 ], [ 62.821929931640625, 27.760269165039062 ], [ 62.839710235595703, 27.47443962097168 ], [ 62.76470947265625, 27.271940231323242 ], [ 62.919708251953125, 27.214990615844727 ], [ 63.198040008544922, 27.267770767211914 ], [ 63.317760467529297, 27.169439315795898 ], [ 63.341930389404297, 27.122489929199219 ], [ 63.278591156005859, 27.121940612792969 ], [ 63.254169464111328, 27.018640518188477 ], [ 63.286930084228516, 26.881099700927734 ], [ 63.206378936767578, 26.842220306396484 ], [ 63.181098937988281, 26.633880615234375 ], [ 62.772480010986328, 26.64971923828125 ], [ 62.613601684570312, 26.579990386962891 ], [ 62.371368408203125, 26.542490005493164 ], [ 62.273319244384766, 26.429439544677734 ], [ 62.276668548583984, 26.354059219360352 ], [ 62.135818481445312, 26.380830764770508 ], [ 62.123600006103516, 26.318330764770508 ], [ 61.858039855957031, 26.234710693359375 ], [ 61.832759857177734, 26.179439544677734 ], [ 61.769428253173828, 25.809719085693359 ], [ 61.686370849609375, 25.794990539550781 ], [ 61.646930694580078, 25.306110382080078 ], [ 61.610969543457031, 25.193319320678711 ], [ 61.549709320068359, 25.25 ], [ 61.510540008544922, 25.147220611572266 ], [ 61.423038482666016, 25.097499847412109 ], [ 61.4385986328125, 25.07526969909668 ], [ 60.615821838378906, 25.275829315185547 ], [ 60.598049163818359, 25.409439086914062 ], [ 60.554710388183594, 25.440549850463867 ], [ 60.488040924072266, 25.440549850463867 ], [ 60.427761077880859, 25.415830612182617 ], [ 60.393600463867188, 25.369440078735352 ], [ 60.405540466308594, 25.333879470825195 ], [ 60.441928863525391, 25.327220916748047 ], [ 60.44110107421875, 25.268329620361328 ], [ 60.279708862304688, 25.378610610961914 ], [ 60.189159393310547, 25.358600616455078 ], [ 60.195541381835938, 25.321659088134766 ], [ 60.109149932861328, 25.338329315185547 ], [ 60.086101531982422, 25.377220153808594 ], [ 60.00360107421875, 25.379440307617188 ], [ 59.893878936767578, 25.344989776611328 ], [ 59.838871002197266, 25.410829544067383 ], [ 59.599151611328125, 25.395549774169922 ], [ 59.516101837158203, 25.460550308227539 ], [ 59.450550079345703, 25.47776985168457 ], [ 59.102210998535156, 25.396659851074219 ], [ 58.898319244384766, 25.524169921875 ], [ 58.542209625244141, 25.593330383300781 ], [ 58.134990692138672, 25.541379928588867 ], [ 58.045551300048828, 25.576940536499023 ], [ 57.974430084228516, 25.687219619750977 ], [ 57.933319091796875, 25.70026969909668 ], [ 57.769428253173828, 25.635269165039062 ], [ 57.786930084228516, 25.698329925537109 ], [ 57.753879547119141, 25.743330001831055 ], [ 57.310550689697266, 25.777769088745117 ], [ 57.263881683349609, 25.932769775390625 ], [ 57.198040008544922, 25.995000839233398 ], [ 57.16693115234375, 26.095830917358398 ], [ 57.213871002197266, 26.172489166259766 ], [ 57.074161529541016, 26.447219848632812 ], [ 57.091098785400391, 26.496669769287109 ], [ 57.064430236816406, 26.716110229492188 ], [ 56.961101531982422, 26.914989471435547 ], [ 56.969711303710938, 27.0 ], [ 56.923870086669922, 26.982500076293945 ], [ 56.841098785400391, 27.034439086914062 ], [ 56.885269165039062, 27.070829391479492 ], [ 56.843601226806641, 27.079999923706055 ], [ 56.806598663330078, 27.138959884643555 ], [ 56.438320159912109, 27.17527961730957 ], [ 56.132770538330078, 27.160270690917969 ], [ 56.076381683349609, 27.112499237060547 ], [ 55.637210845947266, 26.976940155029297 ], [ 55.587211608886719, 26.905269622802734 ], [ 55.582759857177734, 26.792219161987305 ], [ 55.243881225585938, 26.781660079956055 ], [ 54.841648101806641, 26.516380310058594 ], [ 54.617488861083984, 26.500270843505859 ], [ 54.557209014892578, 26.582220077514648 ], [ 54.399711608886719, 26.596660614013672 ], [ 54.290821075439453, 26.718330383300781 ], [ 54.154148101806641, 26.70166015625 ], [ 54.0252685546875, 26.745279312133789 ], [ 53.713329315185547, 26.70166015625 ], [ 53.475269317626953, 26.868610382080078 ], [ 53.465259552001953, 26.948879241943359 ], [ 53.423870086669922, 26.982490539550781 ], [ 53.186378479003906, 27.052499771118164 ], [ 52.985271453857422, 27.143600463867188 ], [ 52.603038787841797, 27.350830078125 ], [ 52.577770233154297, 27.39777946472168 ], [ 52.668048858642578, 27.409999847412109 ], [ 52.670818328857422, 27.444160461425781 ], [ 52.479709625244141, 27.619440078735352 ], [ 52.372211456298828, 27.645830154418945 ], [ 52.020259857177734, 27.830270767211914 ], [ 51.582210540771484, 27.849159240722656 ], [ 51.476940155029297, 27.931659698486328 ], [ 51.31610107421875, 28.105550765991211 ], [ 51.303321838378906, 28.055269241333008 ], [ 51.263320922851562, 28.154090881347656 ], [ 51.283329010009766, 28.235549926757812 ], [ 51.142208099365234, 28.398609161376953 ], [ 51.057491302490234, 28.734439849853516 ], [ 51.004161834716797, 28.803600311279297 ], [ 50.885269165039062, 28.825830459594727 ], [ 50.838600158691406, 28.880830764770508 ], [ 50.800540924072266, 28.972499847412109 ], [ 50.830268859863281, 28.993049621582031 ], [ 50.895549774169922, 28.943330764770508 ], [ 50.928878784179688, 29.013330459594727 ], [ 50.922210693359375, 29.066669464111328 ], [ 50.817489624023438, 29.13916015625 ], [ 50.674709320068359, 29.118330001831055 ], [ 50.634990692138672, 29.152769088745117 ], [ 50.668598175048828, 29.408599853515625 ], [ 50.621379852294922, 29.495830535888672 ], [ 50.606929779052734, 29.467489242553711 ], [ 50.132770538330078, 29.952770233154297 ], [ 50.143039703369141, 30.056659698486328 ], [ 50.062480926513672, 30.198329925537109 ], [ 50.006378173828125, 30.218879699707031 ], [ 49.915271759033203, 30.204170227050781 ], [ 49.551380157470703, 30.007499694824219 ], [ 49.501380920410156, 30.05388069152832 ], [ 49.487491607666016, 30.148330688476562 ], [ 49.455539703369141, 30.16278076171875 ], [ 49.231929779052734, 30.157770156860352 ], [ 49.216648101806641, 30.264720916748047 ], [ 49.154708862304688, 30.224990844726562 ], [ 48.923870086669922, 30.380830764770508 ], [ 48.957489013671875, 30.398050308227539 ], [ 49.211101531982422, 30.355270385742188 ], [ 49.260540008544922, 30.443050384521484 ], [ 49.100269317626953, 30.516109466552734 ], [ 48.953041076660156, 30.499719619750977 ], [ 48.943878173828125, 30.476659774780273 ], [ 49.023601531982422, 30.454990386962891 ], [ 49.005260467529297, 30.408599853515625 ], [ 48.914150238037109, 30.408050537109375 ], [ 48.863880157470703, 30.347219467163086 ], [ 48.918048858642578, 30.248600006103516 ], [ 48.943321228027344, 30.16278076171875 ], [ 48.917209625244141, 30.03887939453125 ], [ 48.861370086669922, 30.019720077514648 ], [ 48.636661529541016, 30.049720764160156 ], [ 48.659988403320312, 29.988880157470703 ], [ 48.626659393310547, 29.955549240112305 ], [ 48.537300109863281, 29.963830947875977 ], [ 48.545181274414062, 29.944540023803711 ], [ 48.447761535644531, 29.993049621582031 ], [ 48.379428863525391, 30.129440307617188 ], [ 48.402759552001953, 30.202770233154297 ], [ 48.274150848388672, 30.329160690307617 ], [ 48.198040008544922, 30.317770004272461 ], [ 48.153591156005859, 30.421659469604492 ], [ 48.069591522216797, 30.460729598999023 ], [ 48.033329010009766, 30.553600311279297 ], [ 48.036930084228516, 30.994710922241211 ], [ 47.693870544433594, 31.001110076904297 ], [ 47.697200775146484, 31.407770156860352 ], [ 47.864429473876953, 31.798599243164062 ], [ 47.517200469970703, 32.148319244384766 ], [ 47.503040313720703, 32.25360107421875 ], [ 47.413311004638672, 32.341091156005859 ], [ 47.440818786621094, 32.383319854736328 ], [ 47.362491607666016, 32.474700927734375 ], [ 47.154701232910156, 32.457759857177734 ], [ 46.638038635253906, 32.819988250732422 ], [ 46.423870086669922, 32.937480926513672 ], [ 46.283599853515625, 32.966659545898438 ], [ 46.148040771484375, 32.953041076660156 ], [ 46.103321075439453, 32.971088409423828 ], [ 46.097480773925781, 33.005550384521484 ], [ 46.144989013671875, 33.048038482666016 ], [ 46.146381378173828, 33.069438934326172 ], [ 46.049160003662109, 33.0908203125 ], [ 46.055538177490234, 33.121650695800781 ], [ 46.111370086669922, 33.112758636474609 ], [ 46.198589324951172, 33.191089630126953 ], [ 45.996929168701172, 33.495540618896484 ], [ 45.874698638916016, 33.491649627685547 ], [ 45.948589324951172, 33.556648254394531 ], [ 45.905490875244141, 33.633190155029297 ], [ 45.751930236816406, 33.588871002197266 ], [ 45.550258636474609, 33.888599395751953 ], [ 45.405818939208984, 33.971088409423828 ], [ 45.567489624023438, 34.219699859619141 ], [ 45.584709167480469, 34.302478790283203 ], [ 45.551929473876953, 34.344150543212891 ], [ 45.487758636474609, 34.335819244384766 ], [ 45.435539245605469, 34.448589324951172 ], [ 45.522758483886719, 34.497760772705078 ], [ 45.513320922851562, 34.581661224365234 ], [ 45.531929016113281, 34.600540161132812 ], [ 45.714710235595703, 34.557209014892578 ], [ 45.708320617675781, 34.659149169921875 ], [ 45.651088714599609, 34.7269287109375 ], [ 45.691928863525391, 34.819149017333984 ], [ 45.766101837158203, 34.845821380615234 ], [ 45.772480010986328, 34.9144287109375 ], [ 45.870258331298828, 34.909709930419922 ], [ 45.921371459960938, 35.078601837158203 ], [ 45.941928863525391, 35.095539093017578 ], [ 46.032489776611328, 35.057758331298828 ], [ 46.155258178710938, 35.099151611328125 ], [ 46.193038940429688, 35.211101531982422 ], [ 46.119148254394531, 35.244430541992188 ], [ 46.148040771484375, 35.301651000976562 ], [ 45.992210388183594, 35.481090545654297 ], [ 45.97998046875, 35.584709167480469 ], [ 46.020259857177734, 35.576099395751953 ], [ 46.019149780273438, 35.675540924072266 ], [ 46.134429931640625, 35.697200775146484 ], [ 46.318599700927734, 35.769710540771484 ], [ 46.348869323730469, 35.799991607666016 ], [ 46.340259552001953, 35.825550079345703 ], [ 45.785259246826172, 35.814990997314453 ], [ 45.743320465087891, 35.828041076660156 ], [ 45.634990692138672, 35.965541839599609 ], [ 45.505550384521484, 36.020538330078125 ], [ 45.384708404541016, 35.981929779052734 ], [ 45.334980010986328, 36.004428863525391 ], [ 45.369148254394531, 36.080268859863281 ], [ 45.250820159912109, 36.420269012451172 ], [ 45.121368408203125, 36.411930084228516 ], [ 45.01470947265625, 36.535259246826172 ], [ 45.066661834716797, 36.673870086669922 ], [ 45.016929626464844, 36.749988555908203 ], [ 44.867198944091797, 36.785259246826172 ], [ 44.841648101806641, 36.819709777832031 ], [ 44.906650543212891, 36.888320922851562 ], [ 44.909709930419922, 37.023868560791016 ], [ 44.768039703369141, 37.105258941650391 ], [ 44.794429779052734, 37.163871765136719 ], [ 44.773319244384766, 37.227481842041016 ], [ 44.821929931640625, 37.271099090576172 ], [ 44.801651000976562, 37.321659088134766 ], [ 44.592758178710938, 37.436931610107422 ], [ 44.558040618896484, 37.648040771484375 ], [ 44.618869781494141, 37.716091156005859 ], [ 44.538040161132812, 37.780540466308594 ], [ 44.419151306152344, 37.817760467529297 ], [ 44.344989776611328, 37.880260467529297 ], [ 44.245540618896484, 37.883869171142578 ], [ 44.222209930419922, 37.906368255615234 ], [ 44.477760314941406, 38.323040008544922 ], [ 44.440818786621094, 38.393318176269531 ], [ 44.325260162353516, 38.378040313720703 ], [ 44.303600311279297, 38.430538177490234 ], [ 44.317211151123047, 38.613040924072266 ], [ 44.260818481445312, 38.721649169921875 ], [ 44.304988861083984, 38.815540313720703 ], [ 44.291099548339844, 38.859710693359375 ], [ 44.210819244384766, 38.891101837158203 ], [ 44.159420013427734, 39.002208709716797 ], [ 44.216648101806641, 39.129150390625 ], [ 44.034160614013672, 39.379711151123047 ], [ 44.070270538330078, 39.411651611328125 ], [ 44.307758331298828, 39.386928558349609 ], [ 44.416088104248047, 39.425258636474609 ], [ 44.471088409423828, 39.698871612548828 ], [ 44.605819702148438, 39.780540466308594 ], [ 44.794651031494141, 39.650650024414062 ] ] ] ] } },
{ "type": "Feature", "properties": { }, "geometry": { "type": "Polygon", "coordinates": [ [ [ 42.373851776123047, 37.059638977050781 ], [ 42.3660888671875, 37.110179901123047 ], [ 42.601100921630859, 37.186649322509766 ], [ 42.726650238037109, 37.355548858642578 ], [ 42.786098480224609, 37.384429931640625 ], [ 42.950538635253906, 37.322490692138672 ], [ 43.144428253173828, 37.378040313720703 ], [ 43.306369781494141, 37.309978485107422 ], [ 43.345821380615234, 37.331928253173828 ], [ 43.623039245605469, 37.22998046875 ], [ 43.903591156005859, 37.221649169921875 ], [ 44.003879547119141, 37.314990997314453 ], [ 44.116378784179688, 37.316379547119141 ], [ 44.231090545654297, 37.276371002197266 ], [ 44.261661529541016, 37.241928100585938 ], [ 44.26776123046875, 37.167488098144531 ], [ 44.197761535644531, 37.111099243164062 ], [ 44.255260467529297, 36.986648559570312 ], [ 44.317211151123047, 36.970539093017578 ], [ 44.351100921630859, 37.048320770263672 ], [ 44.529148101806641, 37.120258331298828 ], [ 44.638038635253906, 37.187480926513672 ], [ 44.786670684814453, 37.148151397705078 ], [ 44.768039703369141, 37.105258941650391 ], [ 44.909709930419922, 37.023868560791016 ], [ 44.906650543212891, 36.888320922851562 ], [ 44.841648101806641, 36.819709777832031 ], [ 44.867198944091797, 36.785259246826172 ], [ 45.016929626464844, 36.749988555908203 ], [ 45.066661834716797, 36.673870086669922 ], [ 45.01470947265625, 36.535259246826172 ], [ 45.121368408203125, 36.411930084228516 ], [ 45.250820159912109, 36.420269012451172 ], [ 45.369148254394531, 36.080268859863281 ], [ 45.334980010986328, 36.004428863525391 ], [ 45.384708404541016, 35.981929779052734 ], [ 45.505550384521484, 36.020538330078125 ], [ 45.634990692138672, 35.965541839599609 ], [ 45.743320465087891, 35.828041076660156 ], [ 45.785259246826172, 35.814990997314453 ], [ 46.340259552001953, 35.825550079345703 ], [ 46.348869323730469, 35.799991607666016 ], [ 46.318599700927734, 35.769710540771484 ], [ 46.134429931640625, 35.697200775146484 ], [ 46.019149780273438, 35.675540924072266 ], [ 46.020259857177734, 35.576099395751953 ], [ 45.97998046875, 35.584709167480469 ], [ 45.992210388183594, 35.481090545654297 ], [ 46.148040771484375, 35.301651000976562 ], [ 46.119148254394531, 35.244430541992188 ], [ 46.193038940429688, 35.211101531982422 ], [ 46.155258178710938, 35.099151611328125 ], [ 46.032489776611328, 35.057758331298828 ], [ 45.941928863525391, 35.095539093017578 ], [ 45.921371459960938, 35.078601837158203 ], [ 45.870258331298828, 34.909709930419922 ], [ 45.772480010986328, 34.9144287109375 ], [ 45.766101837158203, 34.845821380615234 ], [ 45.691928863525391, 34.819149017333984 ], [ 45.651088714599609, 34.7269287109375 ], [ 45.708320617675781, 34.659149169921875 ], [ 45.714710235595703, 34.557209014892578 ], [ 45.531929016113281, 34.600540161132812 ], [ 45.513320922851562, 34.581661224365234 ], [ 45.522758483886719, 34.497760772705078 ], [ 45.435539245605469, 34.448589324951172 ], [ 45.487758636474609, 34.335819244384766 ], [ 45.551929473876953, 34.344150543212891 ], [ 45.584709167480469, 34.302478790283203 ], [ 45.567489624023438, 34.219699859619141 ], [ 45.405818939208984, 33.971088409423828 ], [ 45.550258636474609, 33.888599395751953 ], [ 45.751930236816406, 33.588871002197266 ], [ 45.905490875244141, 33.633190155029297 ], [ 45.948589324951172, 33.556648254394531 ], [ 45.874698638916016, 33.491649627685547 ], [ 45.996929168701172, 33.495540618896484 ], [ 46.198589324951172, 33.191089630126953 ], [ 46.111370086669922, 33.112758636474609 ], [ 46.055538177490234, 33.121650695800781 ], [ 46.049160003662109, 33.0908203125 ], [ 46.146381378173828, 33.069438934326172 ], [ 46.144989013671875, 33.048038482666016 ], [ 46.097480773925781, 33.005550384521484 ], [ 46.103321075439453, 32.971088409423828 ], [ 46.148040771484375, 32.953041076660156 ], [ 46.283599853515625, 32.966659545898438 ], [ 46.423870086669922, 32.937480926513672 ], [ 46.638038635253906, 32.819988250732422 ], [ 47.154701232910156, 32.457759857177734 ], [ 47.362491607666016, 32.474700927734375 ], [ 47.440818786621094, 32.383319854736328 ], [ 47.413311004638672, 32.341091156005859 ], [ 47.503040313720703, 32.25360107421875 ], [ 47.517200469970703, 32.148319244384766 ], [ 47.864429473876953, 31.798599243164062 ], [ 47.697200775146484, 31.407770156860352 ], [ 47.693870544433594, 31.001110076904297 ], [ 48.036930084228516, 30.994710922241211 ], [ 48.033329010009766, 30.553600311279297 ], [ 48.069591522216797, 30.460729598999023 ], [ 48.153591156005859, 30.421659469604492 ], [ 48.198040008544922, 30.317770004272461 ], [ 48.274150848388672, 30.329160690307617 ], [ 48.402759552001953, 30.202770233154297 ], [ 48.379428863525391, 30.129440307617188 ], [ 48.447761535644531, 29.993049621582031 ], [ 48.545181274414062, 29.944540023803711 ], [ 48.501659393310547, 29.924160003662109 ], [ 48.093879699707031, 30.045549392700195 ], [ 47.950439453125, 30.013019561767578 ], [ 47.731369018554688, 30.083879470825195 ], [ 47.356929779052734, 30.082210540771484 ], [ 47.169979095458984, 30.015270233154297 ], [ 47.128868103027344, 29.974710464477539 ], [ 46.883598327636719, 29.502769470214844 ], [ 46.541610717773438, 29.104160308837891 ], [ 45.464988708496094, 29.474430084228516 ], [ 44.714889526367188, 29.205379486083984 ], [ 43.5908203125, 29.607770919799805 ], [ 43.612758636474609, 30.10276985168457 ], [ 43.658321380615234, 30.379440307617188 ], [ 43.062480926513672, 30.41472053527832 ], [ 42.977481842041016, 30.72776985168457 ], [ 41.222209930419922, 31.471099853515625 ], [ 40.002490997314453, 32.061100006103516 ], [ 39.303081512451172, 32.237339019775391 ], [ 38.794551849365234, 33.377231597900391 ], [ 41.003879547119141, 34.419429779052734 ], [ 41.229148864746094, 34.788318634033203 ], [ 41.211368560791016, 35.194698333740234 ], [ 41.277759552001953, 35.495540618896484 ], [ 41.383869171142578, 35.625259399414062 ], [ 41.378040313720703, 35.838588714599609 ], [ 41.254989624023438, 36.054988861083984 ], [ 41.290271759033203, 36.355548858642578 ], [ 41.403041839599609, 36.525539398193359 ], [ 41.835258483886719, 36.598869323730469 ], [ 42.373851776123047, 37.059638977050781 ] ] ] } },
{ "type": "Feature", "properties": { }, "geometry": { "type": "Polygon", "coordinates": [ [ [ 44.714889526367188, 29.205379486083984 ], [ 45.464988708496094, 29.474430084228516 ], [ 46.541610717773438, 29.104160308837891 ], [ 45.508880615234375, 28.77471923828125 ], [ 44.714889526367188, 29.205379486083984 ] ] ] } },
{ "type": "Feature", "properties": { }, "geometry": { "type": "Polygon", "coordinates": [ [ [ 35.097061157226562, 33.092109680175781 ], [ 35.316928863525391, 33.107208251953125 ], [ 35.349151611328125, 33.063041687011719 ], [ 35.504711151123047, 33.094150543212891 ], [ 35.566661834716797, 33.290271759033203 ], [ 35.619281768798828, 33.248661041259766 ], [ 35.669708251953125, 33.251659393310547 ], [ 35.639430999755859, 33.049709320068359 ], [ 35.590541839599609, 33.01776123046875 ], [ 35.622478485107422, 32.987758636474609 ], [ 35.614818572998047, 32.897159576416016 ], [ 35.639400482177734, 32.814479827880859 ], [ 35.631649017333984, 32.749988555908203 ], [ 35.599170684814453, 32.715030670166016 ], [ 35.633449554443359, 32.686508178710938 ], [ 35.5635986328125, 32.651920318603516 ], [ 35.552928924560547, 32.393791198730469 ], [ 35.432209014892578, 32.416099548339844 ], [ 35.412200927734375, 32.500820159912109 ], [ 35.222759246826172, 32.551929473876953 ], [ 35.079990386962891, 32.470539093017578 ], [ 34.985820770263672, 32.132480621337891 ], [ 35.000850677490234, 31.985580444335938 ], [ 35.030540466308594, 31.883880615234375 ], [ 34.963321685791016, 31.858890533447266 ], [ 34.971088409423828, 31.824710845947266 ], [ 35.108921051025391, 31.833419799804688 ], [ 35.219978332519531, 31.808330535888672 ], [ 35.226371765136719, 31.747770309448242 ], [ 35.020259857177734, 31.658050537109375 ], [ 34.953601837158203, 31.594720840454102 ], [ 34.884429931640625, 31.40471076965332 ], [ 34.904148101806641, 31.363609313964844 ], [ 35.138599395751953, 31.361940383911133 ], [ 35.320270538330078, 31.439159393310547 ], [ 35.394710540771484, 31.491659164428711 ], [ 35.478649139404297, 31.497829437255859 ], [ 35.4658203125, 31.380550384521484 ], [ 35.399429321289062, 31.268329620361328 ], [ 35.462200164794922, 31.149440765380859 ], [ 35.392208099365234, 30.943330764770508 ], [ 35.337760925292969, 30.886940002441406 ], [ 35.284709930419922, 30.718599319458008 ], [ 35.200260162353516, 30.567770004272461 ], [ 35.157268524169922, 30.415660858154297 ], [ 35.181930541992188, 30.366939544677734 ], [ 35.140541076660156, 30.239709854125977 ], [ 35.16693115234375, 30.151660919189453 ], [ 34.961921691894531, 29.55109977722168 ], [ 34.901538848876953, 29.493789672851562 ], [ 34.865821838378906, 29.584159851074219 ], [ 34.862209320068359, 29.673879623413086 ], [ 34.833320617675781, 29.777769088745117 ], [ 34.713600158691406, 30.112770080566406 ], [ 34.622478485107422, 30.338329315185547 ], [ 34.543598175048828, 30.429990768432617 ], [ 34.5010986328125, 30.653049468994141 ], [ 34.394149780273438, 30.878879547119141 ], [ 34.267078399658203, 31.21626091003418 ], [ 34.370540618896484, 31.294719696044922 ], [ 34.364151000976562, 31.360820770263672 ], [ 34.558589935302734, 31.533050537109375 ], [ 34.490261077880859, 31.596660614013672 ], [ 34.635269165039062, 31.810550689697266 ], [ 34.715549468994141, 31.965549468994141 ], [ 34.838039398193359, 32.308040618896484 ], [ 34.963871002197266, 32.833320617675781 ], [ 35.017208099365234, 32.815269470214844 ], [ 35.068878173828125, 32.858051300048828 ], [ 35.097061157226562, 33.092109680175781 ] ] ] } },
{ "type": "Feature", "properties": { }, "geometry": { "type": "Polygon", "coordinates": [ [ [ 35.000850677490234, 31.985580444335938 ], [ 34.985820770263672, 32.132480621337891 ], [ 35.079990386962891, 32.470539093017578 ], [ 35.222759246826172, 32.551929473876953 ], [ 35.412200927734375, 32.500820159912109 ], [ 35.432209014892578, 32.416099548339844 ], [ 35.552928924560547, 32.393791198730469 ], [ 35.5635986328125, 32.651920318603516 ], [ 35.793598175048828, 32.744148254394531 ], [ 35.939979553222656, 32.699161529541016 ], [ 36.080268859863281, 32.53887939453125 ], [ 36.324989318847656, 32.451099395751953 ], [ 36.400260925292969, 32.381938934326172 ], [ 36.837760925292969, 32.3135986328125 ], [ 37.367488861083984, 32.618038177490234 ], [ 38.794551849365234, 33.377231597900391 ], [ 39.303081512451172, 32.237339019775391 ], [ 39.004989624023438, 32.005550384521484 ], [ 37.005260467529297, 31.505550384521484 ], [ 38.001380920410156, 30.504169464111328 ], [ 37.667488098144531, 30.336380004882812 ], [ 37.510540008544922, 30.018049240112305 ], [ 36.743598937988281, 29.864719390869141 ], [ 36.549160003662109, 29.57526969909668 ], [ 36.328041076660156, 29.377220153808594 ], [ 36.069980621337891, 29.188880920410156 ], [ 34.960960388183594, 29.362430572509766 ], [ 35.004989624023438, 29.530830383300781 ], [ 34.961921691894531, 29.55109977722168 ], [ 35.16693115234375, 30.151660919189453 ], [ 35.140541076660156, 30.239709854125977 ], [ 35.181930541992188, 30.366939544677734 ], [ 35.157268524169922, 30.415660858154297 ], [ 35.200260162353516, 30.567770004272461 ], [ 35.284709930419922, 30.718599319458008 ], [ 35.337760925292969, 30.886940002441406 ], [ 35.392208099365234, 30.943330764770508 ], [ 35.462200164794922, 31.149440765380859 ], [ 35.399429321289062, 31.268329620361328 ], [ 35.4658203125, 31.380550384521484 ], [ 35.478649139404297, 31.497829437255859 ], [ 35.394710540771484, 31.491659164428711 ], [ 35.320270538330078, 31.439159393310547 ], [ 35.138599395751953, 31.361940383911133 ], [ 34.904148101806641, 31.363609313964844 ], [ 34.884429931640625, 31.40471076965332 ], [ 34.953601837158203, 31.594720840454102 ], [ 35.020259857177734, 31.658050537109375 ], [ 35.226371765136719, 31.747770309448242 ], [ 35.219978332519531, 31.808330535888672 ], [ 35.108921051025391, 31.833419799804688 ], [ 34.971088409423828, 31.824710845947266 ], [ 34.963321685791016, 31.858890533447266 ], [ 35.030540466308594, 31.883880615234375 ], [ 35.000850677490234, 31.985580444335938 ] ] ] } },
{ "type": "Feature", "properties": { }, "geometry": { "type": "MultiPolygon", "coordinates": [ [ [ [ 48.224708557128906, 29.594720840454102 ], [ 48.178321838378906, 29.601100921630859 ], [ 48.045551300048828, 29.791109085083008 ], [ 48.114429473876953, 29.867219924926758 ], [ 48.156650543212891, 29.87554931640625 ], [ 48.200550079345703, 29.923879623413086 ], [ 48.116939544677734, 29.968610763549805 ], [ 48.152210235595703, 29.991939544677734 ], [ 48.186691284179688, 29.982410430908203 ], [ 48.347759246826172, 29.782220840454102 ], [ 48.359989166259766, 29.731939315795898 ], [ 48.2783203125, 29.623880386352539 ], [ 48.224708557128906, 29.594720840454102 ] ] ], [ [ [ 46.541610717773438, 29.104160308837891 ], [ 46.883598327636719, 29.502769470214844 ], [ 47.128868103027344, 29.974710464477539 ], [ 47.169979095458984, 30.015270233154297 ], [ 47.356929779052734, 30.082210540771484 ], [ 47.731369018554688, 30.083879470825195 ], [ 47.950439453125, 30.013019561767578 ], [ 48.009159088134766, 29.799440383911133 ], [ 48.081928253173828, 29.735830307006836 ], [ 48.167209625244141, 29.553049087524414 ], [ 48.138320922851562, 29.547220230102539 ], [ 48.003879547119141, 29.631389617919922 ], [ 47.948600769042969, 29.619720458984375 ], [ 47.918048858642578, 29.569719314575195 ], [ 47.702770233154297, 29.405550003051758 ], [ 47.707210540771484, 29.375829696655273 ], [ 47.829708099365234, 29.393049240112305 ], [ 47.81610107421875, 29.329990386962891 ], [ 47.877208709716797, 29.33527946472168 ], [ 47.978599548339844, 29.397769927978516 ], [ 48.086101531982422, 29.353050231933594 ], [ 48.090549468994141, 29.229999542236328 ], [ 48.314708709716797, 28.771390914916992 ], [ 48.391101837158203, 28.739160537719727 ], [ 48.378040313720703, 28.694160461425781 ], [ 48.419731140136719, 28.54435920715332 ], [ 47.684150695800781, 28.561939239501953 ], [ 47.575260162353516, 28.699989318847656 ], [ 47.539150238037109, 28.856100082397461 ], [ 47.460819244384766, 28.998880386352539 ], [ 46.541610717773438, 29.104160308837891 ] ] ] ] } },
{ "type": "Feature", "properties": { }, "geometry": { "type": "Polygon", "coordinates": [ [ [ 35.970718383789062, 34.649509429931641 ], [ 36.153591156005859, 34.638599395751953 ], [ 36.305538177490234, 34.668048858642578 ], [ 36.308589935302734, 34.682758331298828 ], [ 36.344429016113281, 34.689151763916016 ], [ 36.378040313720703, 34.638599395751953 ], [ 36.429149627685547, 34.606929779052734 ], [ 36.338871002197266, 34.519710540771484 ], [ 36.424430847167969, 34.501659393310547 ], [ 36.551090240478516, 34.426090240478516 ], [ 36.559150695800781, 34.323600769042969 ], [ 36.600540161132812, 34.309429168701172 ], [ 36.589710235595703, 34.238040924072266 ], [ 36.624980926513672, 34.203868865966797 ], [ 36.420818328857422, 34.051651000976562 ], [ 36.283329010009766, 33.917758941650391 ], [ 36.382511138916016, 33.833309173583984 ], [ 36.111099243164062, 33.834709167480469 ], [ 35.971088409423828, 33.718868255615234 ], [ 35.934978485107422, 33.646099090576172 ], [ 36.052761077880859, 33.598041534423828 ], [ 36.059150695800781, 33.579429626464844 ], [ 35.824428558349609, 33.402210235595703 ], [ 35.810539245605469, 33.360820770263672 ], [ 35.619281768798828, 33.248661041259766 ], [ 35.566661834716797, 33.290271759033203 ], [ 35.504711151123047, 33.094150543212891 ], [ 35.349151611328125, 33.063041687011719 ], [ 35.316928863525391, 33.107208251953125 ], [ 35.097061157226562, 33.092109680175781 ], [ 35.206100463867188, 33.224990844726562 ], [ 35.244991302490234, 33.369159698486328 ], [ 35.325260162353516, 33.493038177490234 ], [ 35.476940155029297, 33.794708251953125 ], [ 35.469989776611328, 33.903049468994141 ], [ 35.547771453857422, 33.901660919189453 ], [ 35.607208251953125, 33.978870391845703 ], [ 35.643878936767578, 34.119991302490234 ], [ 35.648319244384766, 34.2783203125 ], [ 35.827770233154297, 34.456661224365234 ], [ 35.936939239501953, 34.50360107421875 ], [ 35.992210388183594, 34.568599700927734 ], [ 35.970718383789062, 34.649509429931641 ] ] ] } },
{ "type": "Feature", "properties": { }, "geometry": { "type": "MultiPolygon", "coordinates": [ [ [ [ 58.654991149902344, 20.168329238891602 ], [ 58.634708404541016, 20.234989166259766 ], [ 58.639430999755859, 20.345550537109375 ], [ 58.711101531982422, 20.433610916137695 ], [ 58.750541687011719, 20.430549621582031 ], [ 58.901931762695312, 20.692499160766602 ], [ 58.95220947265625, 20.516939163208008 ], [ 58.806098937988281, 20.370830535888672 ], [ 58.728038787841797, 20.218050003051758 ], [ 58.654991149902344, 20.168329238891602 ] ] ], [ [ [ 55.694011688232422, 22.288589477539062 ], [ 55.694011688232422, 23.796150207519531 ], [ 56.024620056152344, 24.206100463867188 ], [ 56.024620056152344, 25.039220809936523 ], [ 56.375820159912109, 24.964439392089844 ], [ 56.594711303710938, 24.518329620361328 ], [ 56.907489776611328, 24.14055061340332 ], [ 57.117210388183594, 23.970270156860352 ], [ 57.324161529541016, 23.886940002441406 ], [ 57.887210845947266, 23.718050003051758 ], [ 58.100269317626953, 23.717220306396484 ], [ 58.333881378173828, 23.616659164428711 ], [ 58.455818176269531, 23.622499465942383 ], [ 58.500820159912109, 23.656940460205078 ], [ 58.609439849853516, 23.633050918579102 ], [ 58.635540008544922, 23.578329086303711 ], [ 58.773319244384766, 23.527769088745117 ], [ 58.799709320068359, 23.424440383911133 ], [ 58.860820770263672, 23.370000839233398 ], [ 59.032768249511719, 23.118610382080078 ], [ 59.242488861083984, 22.929990768432617 ], [ 59.295269012451172, 22.795560836791992 ], [ 59.524429321289062, 22.566659927368164 ], [ 59.665538787841797, 22.559989929199219 ], [ 59.722759246826172, 22.50054931640625 ], [ 59.763881683349609, 22.494159698486328 ], [ 59.746658325195312, 22.535270690917969 ], [ 59.804988861083984, 22.535829544067383 ], [ 59.836101531982422, 22.479160308837891 ], [ 59.834991455078125, 22.354999542236328 ], [ 59.783870697021484, 22.188329696655273 ], [ 59.595539093017578, 21.888879776000977 ], [ 59.346099853515625, 21.441669464111328 ], [ 59.159988403320312, 21.351940155029297 ], [ 58.898319244384766, 21.115280151367188 ], [ 58.792758941650391, 20.927490234375 ], [ 58.676929473876953, 20.824440002441406 ], [ 58.669990539550781, 20.758609771728516 ], [ 58.708320617675781, 20.76055908203125 ], [ 58.594440460205078, 20.649990081787109 ], [ 58.530818939208984, 20.460269927978516 ], [ 58.47637939453125, 20.391109466552734 ], [ 58.274429321289062, 20.36638069152832 ], [ 58.197769165039062, 20.414989471435547 ], [ 58.2127685546875, 20.458610534667969 ], [ 58.238319396972656, 20.429159164428711 ], [ 58.258041381835938, 20.601110458374023 ], [ 58.205818176269531, 20.610269546508789 ], [ 57.960819244384766, 20.407779693603516 ], [ 57.963600158691406, 20.322219848632812 ], [ 57.855548858642578, 20.259439468383789 ], [ 57.821098327636719, 20.182220458984375 ], [ 57.844989776611328, 20.138330459594727 ], [ 57.81475830078125, 20.002719879150391 ], [ 57.687770843505859, 19.705549240112305 ], [ 57.773880004882812, 19.39055061340332 ], [ 57.744430541992188, 19.27638053894043 ], [ 57.841648101806641, 19.019439697265625 ], [ 57.813320159912109, 18.981939315795898 ], [ 57.247211456298828, 18.914159774780273 ], [ 56.884429931640625, 18.788330078125 ], [ 56.641929626464844, 18.573879241943359 ], [ 56.554988861083984, 18.128049850463867 ], [ 56.461380004882812, 18.080270767211914 ], [ 56.353321075439453, 17.934169769287109 ], [ 56.198318481445312, 17.953880310058594 ], [ 55.627769470214844, 17.886940002441406 ], [ 55.430271148681641, 17.821659088134766 ], [ 55.365261077880859, 17.683050155639648 ], [ 55.262760162353516, 17.609989166259766 ], [ 55.228870391845703, 17.47528076171875 ], [ 55.285259246826172, 17.442770004272461 ], [ 55.303050994873047, 17.375829696655273 ], [ 55.204151153564453, 17.173610687255859 ], [ 55.065269470214844, 17.036659240722656 ], [ 54.795818328857422, 16.945550918579102 ], [ 54.651100158691406, 17.024999618530273 ], [ 54.085540771484375, 17.011390686035156 ], [ 53.971370697021484, 16.903329849243164 ], [ 53.822208404541016, 16.884719848632812 ], [ 53.654708862304688, 16.775270462036133 ], [ 53.171379089355469, 16.67694091796875 ], [ 53.078250885009766, 16.64385986328125 ], [ 52.710269927978516, 17.080270767211914 ], [ 52.746379852294922, 17.336940765380859 ], [ 51.904148101806641, 18.545280456542969 ], [ 51.999149322509766, 18.998880386352539 ], [ 56.011390686035156, 21.230649948120117 ], [ 56.011390686035156, 22.288589477539062 ], [ 55.694011688232422, 22.288589477539062 ] ] ] ] } },
{ "type": "Feature", "properties": { }, "geometry": { "type": "Polygon", "coordinates": [ [ [ 51.291660308837891, 24.646110534667969 ], [ 51.108619689941406, 24.55558967590332 ], [ 50.969429016113281, 24.577770233154297 ], [ 50.827640533447266, 24.753860473632812 ], [ 50.857490539550781, 24.876110076904297 ], [ 50.796100616455078, 24.990280151367188 ], [ 50.752490997314453, 25.438329696655273 ], [ 50.784709930419922, 25.523880004882812 ], [ 50.844711303710938, 25.464160919189453 ], [ 50.830818176269531, 25.576379776000977 ], [ 50.798599243164062, 25.616659164428711 ], [ 50.874980926513672, 25.632499694824219 ], [ 50.862491607666016, 25.569160461425781 ], [ 50.897769927978516, 25.526660919189453 ], [ 50.975551605224609, 25.640829086303711 ], [ 50.904708862304688, 25.639999389648438 ], [ 50.889148712158203, 25.718610763549805 ], [ 50.941928863525391, 25.798330307006836 ], [ 50.975269317626953, 25.802499771118164 ], [ 50.948318481445312, 25.856380462646484 ], [ 51.042488098144531, 26.049440383911133 ], [ 51.254428863525391, 26.152769088745117 ], [ 51.343879699707031, 26.10276985168457 ], [ 51.343879699707031, 26.040830612182617 ], [ 51.420551300048828, 25.946109771728516 ], [ 51.51470947265625, 25.943880081176758 ], [ 51.573040008544922, 25.893049240112305 ], [ 51.5877685546875, 25.740549087524414 ], [ 51.557769775390625, 25.759719848632812 ], [ 51.543880462646484, 25.72528076171875 ], [ 51.582210540771484, 25.727209091186523 ], [ 51.584709167480469, 25.689159393310547 ], [ 51.531379699707031, 25.671659469604492 ], [ 51.538318634033203, 25.617490768432617 ], [ 51.489158630371094, 25.614999771118164 ], [ 51.513050079345703, 25.294719696044922 ], [ 51.606380462646484, 25.269159317016602 ], [ 51.611660003662109, 25.010280609130859 ], [ 51.433879852294922, 24.659160614013672 ], [ 51.331661224365234, 24.572500228881836 ], [ 51.346660614013672, 24.636110305786133 ], [ 51.291660308837891, 24.646110534667969 ] ] ] } },
{ "type": "Feature", "properties": { }, "geometry": { "type": "MultiPolygon", "coordinates": [ [ [ [ 56.271900177001953, 25.634899139404297 ], [ 56.214710235595703, 25.615270614624023 ], [ 56.143600463867188, 25.67609977722168 ], [ 56.185539245605469, 26.014720916748047 ], [ 56.158870697021484, 26.083599090576172 ], [ 56.081211090087891, 26.066440582275391 ], [ 56.209991455078125, 26.26555061340332 ], [ 56.234439849853516, 26.218050003051758 ], [ 56.296939849853516, 26.193599700927734 ], [ 56.405818939208984, 26.220830917358398 ], [ 56.307209014892578, 26.226940155029297 ], [ 56.366649627685547, 26.382499694824219 ], [ 56.408329010009766, 26.343610763549805 ], [ 56.503318786621094, 26.351110458374023 ], [ 56.513050079345703, 26.316940307617188 ], [ 56.466381072998047, 26.319999694824219 ], [ 56.403598785400391, 26.279989242553711 ], [ 56.481929779052734, 26.239160537719727 ], [ 56.463329315185547, 26.141939163208008 ], [ 56.372249603271484, 26.205959320068359 ], [ 56.321098327636719, 26.164159774780273 ], [ 56.366378784179688, 26.143049240112305 ], [ 56.389430999755859, 26.104999542236328 ], [ 56.466930389404297, 26.082780838012695 ], [ 56.385540008544922, 26.046659469604492 ], [ 56.425819396972656, 26.017770767211914 ], [ 56.399150848388672, 25.976110458374023 ], [ 56.448600769042969, 25.945550918579102 ], [ 56.301658630371094, 25.747219085693359 ], [ 56.271900177001953, 25.634899139404297 ] ] ], [ [ [ 39.303081512451172, 32.237339019775391 ], [ 40.002490997314453, 32.061100006103516 ], [ 41.222209930419922, 31.471099853515625 ], [ 42.977481842041016, 30.72776985168457 ], [ 43.062480926513672, 30.41472053527832 ], [ 43.658321380615234, 30.379440307617188 ], [ 43.612758636474609, 30.10276985168457 ], [ 43.5908203125, 29.607770919799805 ], [ 44.714889526367188, 29.205379486083984 ], [ 45.508880615234375, 28.77471923828125 ], [ 46.541610717773438, 29.104160308837891 ], [ 47.460819244384766, 28.998880386352539 ], [ 47.539150238037109, 28.856100082397461 ], [ 47.575260162353516, 28.699989318847656 ], [ 47.684150695800781, 28.561939239501953 ], [ 48.419731140136719, 28.54435920715332 ], [ 48.536651611328125, 28.407499313354492 ], [ 48.531650543212891, 28.298610687255859 ], [ 48.624439239501953, 28.208610534667969 ], [ 48.60137939453125, 28.126110076904297 ], [ 48.656379699707031, 28.033050537109375 ], [ 48.750820159912109, 28.017219543457031 ], [ 48.772491455078125, 27.979160308837891 ], [ 48.742771148681641, 27.96027946472168 ], [ 48.826099395751953, 27.878049850463867 ], [ 48.876930236816406, 27.765829086303711 ], [ 48.847209930419922, 27.76555061340332 ], [ 48.814159393310547, 27.79026985168457 ], [ 48.774711608886719, 27.714439392089844 ], [ 48.816379547119141, 27.686100006103516 ], [ 48.846370697021484, 27.700000762939453 ], [ 48.858051300048828, 27.632770538330078 ], [ 48.903049468994141, 27.566379547119141 ], [ 48.961929321289062, 27.624719619750977 ], [ 49.046100616455078, 27.567770004272461 ], [ 49.249710083007812, 27.53693962097168 ], [ 49.307769775390625, 27.442209243774414 ], [ 49.140819549560547, 27.442770004272461 ], [ 49.223880767822266, 27.398050308227539 ], [ 49.262210845947266, 27.404159545898438 ], [ 49.219440460205078, 27.327220916748047 ], [ 49.307209014892578, 27.344440460205078 ], [ 49.330539703369141, 27.195829391479492 ], [ 49.378879547119141, 27.219440460205078 ], [ 49.414440155029297, 27.202220916748047 ], [ 49.390270233154297, 27.154989242553711 ], [ 49.520820617675781, 27.132219314575195 ], [ 49.494430541992188, 27.177219390869141 ], [ 49.529430389404297, 27.180549621582031 ], [ 49.568878173828125, 27.105270385742188 ], [ 49.680820465087891, 26.965829849243164 ], [ 49.962211608886719, 26.844999313354492 ], [ 50.150829315185547, 26.669439315795898 ], [ 50.037490844726562, 26.681659698486328 ], [ 50.014148712158203, 26.719169616699219 ], [ 49.983051300048828, 26.699440002441406 ], [ 50.000541687011719, 26.565000534057617 ], [ 50.051380157470703, 26.462770462036133 ], [ 50.183879852294922, 26.412220001220703 ], [ 50.218879699707031, 26.294990539550781 ], [ 50.189159393310547, 26.156660079956055 ], [ 50.165821075439453, 26.178329467773438 ], [ 50.129161834716797, 26.037769317626953 ], [ 50.064430236816406, 26.177770614624023 ], [ 50.022769927978516, 26.196109771728516 ], [ 49.97943115234375, 26.13776969909668 ], [ 49.992488861083984, 25.996660232543945 ], [ 50.011379241943359, 25.992219924926758 ], [ 50.029991149902344, 26.033330917358398 ], [ 50.114711761474609, 25.97637939453125 ], [ 50.117771148681641, 25.858600616455078 ], [ 50.213329315185547, 25.733329772949219 ], [ 50.254161834716797, 25.62693977355957 ], [ 50.183879852294922, 25.700550079345703 ], [ 50.367210388183594, 25.456100463867188 ], [ 50.379989624023438, 25.513330459594727 ], [ 50.484710693359375, 25.408889770507812 ], [ 50.515819549560547, 25.228330612182617 ], [ 50.583049774169922, 25.062770843505859 ], [ 50.652210235595703, 24.981380462646484 ], [ 50.776931762695312, 24.719720840454102 ], [ 50.826099395751953, 24.74751091003418 ], [ 50.847339630126953, 24.25238037109375 ], [ 51.495319366455078, 23.604389190673828 ], [ 52.090408325195312, 22.520009994506836 ], [ 55.50225830078125, 22.057159423828125 ], [ 55.694011688232422, 22.288589477539062 ], [ 56.011390686035156, 22.288589477539062 ], [ 56.011390686035156, 21.230649948120117 ], [ 51.999149322509766, 18.998880386352539 ], [ 47.461940765380859, 17.574150085449219 ], [ 45.5908203125, 15.105549812316895 ], [ 44.498870849609375, 17.395820617675781 ], [ 44.340541839599609, 17.41387939453125 ], [ 44.173320770263672, 17.41193962097168 ], [ 44.114711761474609, 17.343050003051758 ], [ 44.023868560791016, 17.374990463256836 ], [ 43.956928253173828, 17.308050155639648 ], [ 43.909709930419922, 17.313329696655273 ], [ 43.909709930419922, 17.358879089355469 ], [ 43.792209625244141, 17.346099853515625 ], [ 43.526371002197266, 17.516670227050781 ], [ 43.449150085449219, 17.527500152587891 ], [ 43.270820617675781, 17.42555046081543 ], [ 43.180538177490234, 17.332500457763672 ], [ 43.256099700927734, 17.307220458984375 ], [ 43.273868560791016, 17.26361083984375 ], [ 43.173038482666016, 17.211099624633789 ], [ 43.153591156005859, 16.848600387573242 ], [ 43.228031158447266, 16.809719085693359 ], [ 43.230541229248047, 16.776660919189453 ], [ 43.185260772705078, 16.752220153808594 ], [ 43.206089019775391, 16.672210693359375 ], [ 43.102489471435547, 16.679439544677734 ], [ 43.066661834716797, 16.549440383911133 ], [ 42.790271759033203, 16.377220153808594 ], [ 42.720268249511719, 16.567209243774414 ], [ 42.738601684570312, 16.669160842895508 ], [ 42.539150238037109, 16.874990463256836 ], [ 42.548038482666016, 17.003330230712891 ], [ 42.436649322509766, 17.064720153808594 ], [ 42.41387939453125, 17.157489776611328 ], [ 42.358051300048828, 17.176109313964844 ], [ 42.363601684570312, 17.093330383300781 ], [ 42.317489624023438, 17.408050537109375 ], [ 41.935260772705078, 17.760269165039062 ], [ 41.785259246826172, 17.832220077514648 ], [ 41.648880004882812, 18.01361083984375 ], [ 41.591930389404297, 18.127769470214844 ], [ 41.495269775390625, 18.221660614013672 ], [ 41.508598327636719, 18.269990921020508 ], [ 41.469989776611328, 18.279439926147461 ], [ 41.444149017333984, 18.397499084472656 ], [ 41.354160308837891, 18.566940307617188 ], [ 41.29193115234375, 18.572490692138672 ], [ 41.205539703369141, 18.70026969909668 ], [ 41.250541687011719, 18.831100463867188 ], [ 41.217208862304688, 18.848329544067383 ], [ 41.133598327636719, 18.952770233154297 ], [ 41.174430847167969, 19.072219848632812 ], [ 41.059158325195312, 19.143329620361328 ], [ 41.033599853515625, 19.262210845947266 ], [ 40.952491760253906, 19.332490921020508 ], [ 40.942489624023438, 19.503049850463867 ], [ 40.758880615234375, 19.608600616455078 ], [ 40.798038482666016, 19.604999542236328 ], [ 40.789440155029297, 19.712770462036133 ], [ 40.728038787841797, 19.791940689086914 ], [ 40.654708862304688, 19.793609619140625 ], [ 40.643600463867188, 19.773880004882812 ], [ 40.521381378173828, 19.969720840454102 ], [ 40.335540771484375, 20.073600769042969 ], [ 40.094440460205078, 20.273050308227539 ], [ 40.011379241943359, 20.272499084472656 ], [ 39.76470947265625, 20.346380233764648 ], [ 39.570579528808594, 20.565530776977539 ], [ 39.518878936767578, 20.678049087524414 ], [ 39.429149627685547, 20.760269165039062 ], [ 39.425819396972656, 20.807220458984375 ], [ 39.389991760253906, 20.83888053894043 ], [ 39.081928253173828, 21.31304931640625 ], [ 39.170269012451172, 21.404159545898438 ], [ 39.159709930419922, 21.504440307617188 ], [ 39.109989166259766, 21.518329620361328 ], [ 39.075260162353516, 21.687490463256836 ], [ 39.114158630371094, 21.740829467773438 ], [ 39.062480926513672, 21.723880767822266 ], [ 38.944988250732422, 21.911380767822266 ], [ 38.992488861083984, 21.907220840454102 ], [ 39.000820159912109, 21.867769241333008 ], [ 39.033870697021484, 21.837770462036133 ], [ 39.019161224365234, 22.134439468383789 ], [ 39.144989013671875, 22.403610229492188 ], [ 39.088600158691406, 22.373600006103516 ], [ 39.078601837158203, 22.570270538330078 ], [ 38.978870391845703, 22.724990844726562 ], [ 39.017490386962891, 22.762489318847656 ], [ 38.964710235595703, 22.789440155029297 ], [ 38.968601226806641, 22.748050689697266 ], [ 38.858318328857422, 22.91526985168457 ], [ 38.948600769042969, 22.845270156860352 ], [ 38.961380004882812, 22.868330001831055 ], [ 38.893039703369141, 22.962490081787109 ], [ 38.811939239501953, 22.978609085083008 ], [ 38.781101226806641, 23.038330078125 ], [ 38.802490234375, 23.09889030456543 ], [ 38.598880767822266, 23.560829162597656 ], [ 38.559158325195312, 23.541109085083008 ], [ 38.442489624023438, 23.793609619140625 ], [ 37.917488098144531, 24.160270690917969 ], [ 37.933601379394531, 24.220279693603516 ], [ 37.890270233154297, 24.205549240112305 ], [ 37.896099090576172, 24.169719696044922 ], [ 37.842769622802734, 24.174160003662109 ], [ 37.668880462646484, 24.299160003662109 ], [ 37.598880767822266, 24.25 ], [ 37.515819549560547, 24.288330078125 ], [ 37.421379089355469, 24.497219085693359 ], [ 37.22943115234375, 24.727779388427734 ], [ 37.22637939453125, 24.800830841064453 ], [ 37.186378479003906, 24.789440155029297 ], [ 37.151371002197266, 24.846660614013672 ], [ 37.212490081787109, 24.839160919189453 ], [ 37.255550384521484, 24.865549087524414 ], [ 37.278598785400391, 24.975830078125 ], [ 37.235538482666016, 25.182500839233398 ], [ 37.120269775390625, 25.302219390869141 ], [ 37.074989318847656, 25.440830230712891 ], [ 36.823318481445312, 25.748329162597656 ], [ 36.790821075439453, 25.755279541015625 ], [ 36.800270080566406, 25.716939926147461 ], [ 36.718879699707031, 25.75248908996582 ], [ 36.6533203125, 25.861660003662109 ], [ 36.702491760253906, 25.944719314575195 ], [ 36.706100463867188, 26.000829696655273 ], [ 36.670818328857422, 26.046939849853516 ], [ 36.586650848388672, 26.061100006103516 ], [ 36.499439239501953, 26.123600006103516 ], [ 36.305271148681641, 26.50054931640625 ], [ 36.028598785400391, 26.90138053894043 ], [ 35.821659088134766, 27.095550537109375 ], [ 35.725269317626953, 27.310550689697266 ], [ 35.631099700927734, 27.364990234375 ], [ 35.508041381835938, 27.542770385742188 ], [ 35.507488250732422, 27.602489471435547 ], [ 35.335819244384766, 27.854999542236328 ], [ 35.232490539550781, 27.964160919189453 ], [ 35.163051605224609, 28.002500534057617 ], [ 35.195819854736328, 28.026939392089844 ], [ 35.101650238037109, 28.082220077514648 ], [ 35.008598327636719, 28.108879089355469 ], [ 34.863319396972656, 28.080270767211914 ], [ 34.840259552001953, 28.110549926757812 ], [ 34.789710998535156, 28.099720001220703 ], [ 34.705940246582031, 28.137050628662109 ], [ 34.676929473876953, 28.12748908996582 ], [ 34.664150238037109, 28.065830230712891 ], [ 34.613880157470703, 28.028879165649414 ], [ 34.603038787841797, 28.091659545898438 ], [ 34.631378173828125, 28.174999237060547 ], [ 34.807769775390625, 28.53639030456543 ], [ 34.791099548339844, 28.641389846801758 ], [ 34.832759857177734, 28.904720306396484 ], [ 34.912769317626953, 29.232770919799805 ], [ 34.960960388183594, 29.362430572509766 ], [ 36.069980621337891, 29.188880920410156 ], [ 36.328041076660156, 29.377220153808594 ], [ 36.549160003662109, 29.57526969909668 ], [ 36.743598937988281, 29.864719390869141 ], [ 37.510540008544922, 30.018049240112305 ], [ 37.667488098144531, 30.336380004882812 ], [ 38.001380920410156, 30.504169464111328 ], [ 37.005260467529297, 31.505550384521484 ], [ 39.004989624023438, 32.005550384521484 ], [ 39.303081512451172, 32.237339019775391 ] ] ] ] } },
{ "type": "Feature", "properties": { }, "geometry": { "type": "Polygon", "coordinates": [ [ [ 42.345260620117188, 37.238590240478516 ], [ 42.373851776123047, 37.059638977050781 ], [ 41.835258483886719, 36.598869323730469 ], [ 41.403041839599609, 36.525539398193359 ], [ 41.290271759033203, 36.355548858642578 ], [ 41.254989624023438, 36.054988861083984 ], [ 41.378040313720703, 35.838588714599609 ], [ 41.383869171142578, 35.625259399414062 ], [ 41.277759552001953, 35.495540618896484 ], [ 41.211368560791016, 35.194698333740234 ], [ 41.229148864746094, 34.788318634033203 ], [ 41.003879547119141, 34.419429779052734 ], [ 38.794551849365234, 33.377231597900391 ], [ 37.367488861083984, 32.618038177490234 ], [ 36.837760925292969, 32.3135986328125 ], [ 36.400260925292969, 32.381938934326172 ], [ 36.324989318847656, 32.451099395751953 ], [ 36.080268859863281, 32.53887939453125 ], [ 35.939979553222656, 32.699161529541016 ], [ 35.793598175048828, 32.744148254394531 ], [ 35.633449554443359, 32.686508178710938 ], [ 35.599170684814453, 32.715030670166016 ], [ 35.631649017333984, 32.749988555908203 ], [ 35.639400482177734, 32.814479827880859 ], [ 35.614818572998047, 32.897159576416016 ], [ 35.622478485107422, 32.987758636474609 ], [ 35.590541839599609, 33.01776123046875 ], [ 35.639430999755859, 33.049709320068359 ], [ 35.669708251953125, 33.251659393310547 ], [ 35.619281768798828, 33.248661041259766 ], [ 35.810539245605469, 33.360820770263672 ], [ 35.824428558349609, 33.402210235595703 ], [ 36.059150695800781, 33.579429626464844 ], [ 36.052761077880859, 33.598041534423828 ], [ 35.934978485107422, 33.646099090576172 ], [ 35.971088409423828, 33.718868255615234 ], [ 36.111099243164062, 33.834709167480469 ], [ 36.382511138916016, 33.833309173583984 ], [ 36.283329010009766, 33.917758941650391 ], [ 36.420818328857422, 34.051651000976562 ], [ 36.624980926513672, 34.203868865966797 ], [ 36.589710235595703, 34.238040924072266 ], [ 36.600540161132812, 34.309429168701172 ], [ 36.559150695800781, 34.323600769042969 ], [ 36.551090240478516, 34.426090240478516 ], [ 36.424430847167969, 34.501659393310547 ], [ 36.338871002197266, 34.519710540771484 ], [ 36.429149627685547, 34.606929779052734 ], [ 36.378040313720703, 34.638599395751953 ], [ 36.344429016113281, 34.689151763916016 ], [ 36.308589935302734, 34.682758331298828 ], [ 36.305538177490234, 34.668048858642578 ], [ 36.153591156005859, 34.638599395751953 ], [ 35.970718383789062, 34.649509429931641 ], [ 35.874710083007812, 34.908329010009766 ], [ 35.924991607666016, 35.171100616455078 ], [ 35.959430694580078, 35.198318481445312 ], [ 35.919990539550781, 35.421100616455078 ], [ 35.725269317626953, 35.573600769042969 ], [ 35.783039093017578, 35.622760772705078 ], [ 35.802211761474609, 35.681930541992188 ], [ 35.845539093017578, 35.741649627685547 ], [ 35.799160003662109, 35.843879699707031 ], [ 35.856658935546875, 35.844711303710938 ], [ 35.923240661621094, 35.926769256591797 ], [ 36.005821228027344, 35.930538177490234 ], [ 36.017200469970703, 35.878318786621094 ], [ 36.174160003662109, 35.821659088134766 ], [ 36.219150543212891, 35.960269927978516 ], [ 36.373889923095703, 36.013210296630859 ], [ 36.382511138916016, 36.222858428955078 ], [ 36.440818786621094, 36.206378936767578 ], [ 36.493598937988281, 36.230808258056641 ], [ 36.554988861083984, 36.223041534423828 ], [ 36.692211151123047, 36.239151000976562 ], [ 36.690261840820312, 36.286380767822266 ], [ 36.580818176269531, 36.400539398193359 ], [ 36.553600311279297, 36.498600006103516 ], [ 36.660259246826172, 36.833599090576172 ], [ 36.955539703369141, 36.771099090576172 ], [ 37.043048858642578, 36.714431762695312 ], [ 37.024429321289062, 36.658039093017578 ], [ 37.076930999755859, 36.621650695800781 ], [ 37.127479553222656, 36.659149169921875 ], [ 37.442478179931641, 36.639980316162109 ], [ 37.818599700927734, 36.760818481445312 ], [ 38.181098937988281, 36.905818939208984 ], [ 38.390819549560547, 36.896648406982422 ], [ 38.726371765136719, 36.70220947265625 ], [ 39.205818176269531, 36.665531158447266 ], [ 39.809978485107422, 36.751380920410156 ], [ 40.048320770263672, 36.835540771484375 ], [ 40.400260925292969, 36.990261077880859 ], [ 40.775539398193359, 37.118320465087891 ], [ 41.400539398193359, 37.076930999755859 ], [ 41.840259552001953, 37.129978179931641 ], [ 42.0635986328125, 37.196651458740234 ], [ 42.207870483398438, 37.322181701660156 ], [ 42.249710083007812, 37.27886962890625 ], [ 42.345260620117188, 37.238590240478516 ] ] ] } },
{ "type": "Feature", "properties": { }, "geometry": { "type": "MultiPolygon", "coordinates": [ [ [ [ 26.361879348754883, 41.701549530029297 ], [ 26.332769393920898, 41.753040313720703 ], [ 26.37748908996582, 41.821929931640625 ], [ 26.544990539550781, 41.830818176269531 ], [ 26.625270843505859, 41.983318328857422 ], [ 26.843330383300781, 41.972209930419922 ], [ 27.070270538330078, 42.089981079101562 ], [ 27.20166015625, 42.060539245605469 ], [ 27.243600845336914, 42.107208251953125 ], [ 27.566659927368164, 41.907760620117188 ], [ 27.579719543457031, 41.937480926513672 ], [ 27.821659088134766, 41.966648101806641 ], [ 27.834720611572266, 42.001930236816406 ], [ 28.013050079345703, 41.982200622558594 ], [ 28.047489166259766, 41.889430999755859 ], [ 27.983879089355469, 41.891380310058594 ], [ 27.963329315185547, 41.856658935546875 ], [ 28.051109313964844, 41.710269927978516 ], [ 28.199710845947266, 41.528881072998047 ], [ 28.635549545288086, 41.354988098144531 ], [ 29.103609085083008, 41.237770080566406 ], [ 29.073049545288086, 41.176658630371094 ], [ 29.038330078125, 41.156940460205078 ], [ 29.056659698486328, 41.086101531982422 ], [ 28.905830383300781, 40.979709625244141 ], [ 28.642770767211914, 40.960540771484375 ], [ 28.597499847412109, 40.969150543212891 ], [ 28.571380615234375, 41.064430236816406 ], [ 28.524990081787109, 41.079151153564453 ], [ 28.567770004272461, 41.023040771484375 ], [ 28.543050765991211, 40.987209320068359 ], [ 28.178600311279297, 41.076381683349609 ], [ 28.010829925537109, 41.035549163818359 ], [ 27.958049774169922, 40.971931457519531 ], [ 27.509719848632812, 40.983600616455078 ], [ 27.273609161376953, 40.691661834716797 ], [ 26.904720306396484, 40.543598175048828 ], [ 26.622489929199219, 40.392490386962891 ], [ 26.550830841064453, 40.306381225585938 ], [ 26.35137939453125, 40.205818176269531 ], [ 26.321939468383789, 40.108600616455078 ], [ 26.181110382080078, 40.045269012451172 ], [ 26.157220840454102, 40.055271148681641 ], [ 26.270830154418945, 40.246379852294922 ], [ 26.208330154418945, 40.320270538330078 ], [ 26.550830841064453, 40.484710693359375 ], [ 26.824440002441406, 40.584148406982422 ], [ 26.805269241333008, 40.637489318847656 ], [ 26.779159545898438, 40.659431457519531 ], [ 26.350549697875977, 40.607208251953125 ], [ 26.138330459594727, 40.592769622802734 ], [ 26.083049774169922, 40.606658935546875 ], [ 26.033309936523438, 40.734889984130859 ], [ 26.124710083007812, 40.749988555908203 ], [ 26.134159088134766, 40.781368255615234 ], [ 26.199989318847656, 40.828868865966797 ], [ 26.20359992980957, 40.862758636474609 ], [ 26.327220916748047, 40.941928863525391 ], [ 26.320829391479492, 41.184711456298828 ], [ 26.449440002441406, 41.285259246826172 ], [ 26.617769241333008, 41.336929321289062 ], [ 26.637210845947266, 41.378589630126953 ], [ 26.593610763549805, 41.611099243164062 ], [ 26.495819091796875, 41.6644287109375 ], [ 26.361879348754883, 41.701549530029297 ] ] ], [ [ [ 41.531200408935547, 41.523479461669922 ], [ 41.833320617675781, 41.428321838378906 ], [ 41.954990386962891, 41.516380310058594 ], [ 42.506649017333984, 41.441928863525391 ], [ 42.588039398193359, 41.576381683349609 ], [ 42.726371765136719, 41.591091156005859 ], [ 42.831928253173828, 41.583320617675781 ], [ 42.786380767822266, 41.510269165039062 ], [ 42.847209930419922, 41.473041534423828 ], [ 42.888599395751953, 41.508041381835938 ], [ 43.160808563232422, 41.312759399414062 ], [ 43.207759857177734, 41.306930541992188 ], [ 43.123600006103516, 41.255260467529297 ], [ 43.199420928955078, 41.255260467529297 ], [ 43.233039855957031, 41.178321838378906 ], [ 43.375259399414062, 41.20220947265625 ], [ 43.473041534423828, 41.143039703369141 ], [ 43.473590850830078, 41.04193115234375 ], [ 43.554149627685547, 40.998039245605469 ], [ 43.606380462646484, 40.988319396972656 ], [ 43.735820770263672, 40.782489776611328 ], [ 43.753528594970703, 40.675930023193359 ], [ 43.592758178710938, 40.440261840820312 ], [ 43.618038177490234, 40.395538330078125 ], [ 43.594429016113281, 40.337490081787109 ], [ 43.721088409423828, 40.167209625244141 ], [ 43.652759552001953, 40.134159088134766 ], [ 43.657760620117188, 40.108600616455078 ], [ 44.016929626464844, 40.008598327636719 ], [ 44.280269622802734, 40.046649932861328 ], [ 44.540271759033203, 39.919979095458984 ], [ 44.625259399414062, 39.814990997314453 ], [ 44.789989471435547, 39.698589324951172 ], [ 44.810489654541016, 39.642730712890625 ], [ 44.605819702148438, 39.780540466308594 ], [ 44.471088409423828, 39.698871612548828 ], [ 44.416088104248047, 39.425258636474609 ], [ 44.307758331298828, 39.386928558349609 ], [ 44.070270538330078, 39.411651611328125 ], [ 44.034160614013672, 39.379711151123047 ], [ 44.216648101806641, 39.129150390625 ], [ 44.159420013427734, 39.002208709716797 ], [ 44.210819244384766, 38.891101837158203 ], [ 44.291099548339844, 38.859710693359375 ], [ 44.304988861083984, 38.815540313720703 ], [ 44.260818481445312, 38.721649169921875 ], [ 44.317211151123047, 38.613040924072266 ], [ 44.303600311279297, 38.430538177490234 ], [ 44.325260162353516, 38.378040313720703 ], [ 44.440818786621094, 38.393318176269531 ], [ 44.477760314941406, 38.323040008544922 ], [ 44.222209930419922, 37.906368255615234 ], [ 44.245540618896484, 37.883869171142578 ], [ 44.344989776611328, 37.880260467529297 ], [ 44.419151306152344, 37.817760467529297 ], [ 44.538040161132812, 37.780540466308594 ], [ 44.618869781494141, 37.716091156005859 ], [ 44.558040618896484, 37.648040771484375 ], [ 44.592758178710938, 37.436931610107422 ], [ 44.801651000976562, 37.321659088134766 ], [ 44.821929931640625, 37.271099090576172 ], [ 44.773319244384766, 37.227481842041016 ], [ 44.794429779052734, 37.163871765136719 ], [ 44.786670684814453, 37.148151397705078 ], [ 44.638038635253906, 37.187480926513672 ], [ 44.529148101806641, 37.120258331298828 ], [ 44.351100921630859, 37.048320770263672 ], [ 44.317211151123047, 36.970539093017578 ], [ 44.255260467529297, 36.986648559570312 ], [ 44.197761535644531, 37.111099243164062 ], [ 44.26776123046875, 37.167488098144531 ], [ 44.261661529541016, 37.241928100585938 ], [ 44.231090545654297, 37.276371002197266 ], [ 44.116378784179688, 37.316379547119141 ], [ 44.003879547119141, 37.314990997314453 ], [ 43.903591156005859, 37.221649169921875 ], [ 43.623039245605469, 37.22998046875 ], [ 43.345821380615234, 37.331928253173828 ], [ 43.306369781494141, 37.309978485107422 ], [ 43.144428253173828, 37.378040313720703 ], [ 42.950538635253906, 37.322490692138672 ], [ 42.786098480224609, 37.384429931640625 ], [ 42.726650238037109, 37.355548858642578 ], [ 42.601100921630859, 37.186649322509766 ], [ 42.3660888671875, 37.110179901123047 ], [ 42.345260620117188, 37.238590240478516 ], [ 42.249710083007812, 37.27886962890625 ], [ 42.207870483398438, 37.322181701660156 ], [ 42.0635986328125, 37.196651458740234 ], [ 41.840259552001953, 37.129978179931641 ], [ 41.400539398193359, 37.076930999755859 ], [ 40.775539398193359, 37.118320465087891 ], [ 40.400260925292969, 36.990261077880859 ], [ 40.048320770263672, 36.835540771484375 ], [ 39.809978485107422, 36.751380920410156 ], [ 39.205818176269531, 36.665531158447266 ], [ 38.726371765136719, 36.70220947265625 ], [ 38.390819549560547, 36.896648406982422 ], [ 38.181098937988281, 36.905818939208984 ], [ 37.818599700927734, 36.760818481445312 ], [ 37.442478179931641, 36.639980316162109 ], [ 37.127479553222656, 36.659149169921875 ], [ 37.076930999755859, 36.621650695800781 ], [ 37.024429321289062, 36.658039093017578 ], [ 37.043048858642578, 36.714431762695312 ], [ 36.955539703369141, 36.771099090576172 ], [ 36.660259246826172, 36.833599090576172 ], [ 36.553600311279297, 36.498600006103516 ], [ 36.580818176269531, 36.400539398193359 ], [ 36.690261840820312, 36.286380767822266 ], [ 36.692211151123047, 36.239151000976562 ], [ 36.554988861083984, 36.223041534423828 ], [ 36.493598937988281, 36.230808258056641 ], [ 36.440818786621094, 36.206378936767578 ], [ 36.382511138916016, 36.222858428955078 ], [ 36.373889923095703, 36.013210296630859 ], [ 36.219150543212891, 35.960269927978516 ], [ 36.174160003662109, 35.821659088134766 ], [ 36.017200469970703, 35.878318786621094 ], [ 36.005821228027344, 35.930538177490234 ], [ 35.923240661621094, 35.926769256591797 ], [ 35.980258941650391, 35.995540618896484 ], [ 35.833320617675781, 36.245269775390625 ], [ 35.783329010009766, 36.296379089355469 ], [ 35.818878173828125, 36.354988098144531 ], [ 36.211101531982422, 36.640819549560547 ], [ 36.205818176269531, 36.770820617675781 ], [ 36.071380615234375, 36.908039093017578 ], [ 36.016929626464844, 36.926380157470703 ], [ 35.797771453857422, 36.767490386962891 ], [ 35.576381683349609, 36.710269927978516 ], [ 35.631649017333984, 36.694149017333984 ], [ 35.691379547119141, 36.719150543212891 ], [ 35.609710693359375, 36.593318939208984 ], [ 35.556659698486328, 36.579151153564453 ], [ 35.498878479003906, 36.611930847167969 ], [ 35.496379852294922, 36.5877685546875 ], [ 35.339988708496094, 36.539150238037109 ], [ 34.777210235595703, 36.808601379394531 ], [ 34.603870391845703, 36.785549163818359 ], [ 34.289710998535156, 36.591648101806641 ], [ 34.080539703369141, 36.408599853515625 ], [ 34.076930999755859, 36.319438934326172 ], [ 34.005550384521484, 36.289989471435547 ], [ 33.964710235595703, 36.215259552001953 ], [ 33.94110107421875, 36.262210845947266 ], [ 33.883041381835938, 36.312480926513672 ], [ 33.705268859863281, 36.179439544677734 ], [ 33.689990997314453, 36.133598327636719 ], [ 33.654430389404297, 36.187480926513672 ], [ 33.606380462646484, 36.181098937988281 ], [ 33.542758941650391, 36.131649017333984 ], [ 33.456378936767578, 36.155269622802734 ], [ 33.094150543212891, 36.074710845947266 ], [ 32.938880920410156, 36.097209930419922 ], [ 32.805538177490234, 36.021099090576172 ], [ 32.428600311279297, 36.143039703369141 ], [ 32.023880004882812, 36.539440155029297 ], [ 31.657770156860352, 36.655818939208984 ], [ 31.310829162597656, 36.811649322509766 ], [ 30.838329315185547, 36.849708557128906 ], [ 30.682769775390625, 36.885269165039062 ], [ 30.585269927978516, 36.802490234375 ], [ 30.553600311279297, 36.615821838378906 ], [ 30.586380004882812, 36.571098327636719 ], [ 30.477489471435547, 36.404991149902344 ], [ 30.484439849853516, 36.287208557128906 ], [ 30.406940460205078, 36.203601837158203 ], [ 30.357219696044922, 36.266380310058594 ], [ 30.221380233764648, 36.303600311279297 ], [ 30.145830154418945, 36.289710998535156 ], [ 30.095830917358398, 36.236930847167969 ], [ 29.893329620361328, 36.203041076660156 ], [ 29.670549392700195, 36.131378173828125 ], [ 29.618610382080078, 36.199989318847656 ], [ 29.415550231933594, 36.228599548339844 ], [ 29.394720077514648, 36.263320922851562 ], [ 29.320270538330078, 36.246379852294922 ], [ 29.124439239501953, 36.414440155029297 ], [ 29.104440689086914, 36.548870086669922 ], [ 29.019990921020508, 36.541370391845703 ], [ 29.074710845947266, 36.639430999755859 ], [ 29.116100311279297, 36.628318786621094 ], [ 29.046379089355469, 36.685260772705078 ], [ 28.929159164428711, 36.752490997314453 ], [ 28.868330001831055, 36.600818634033203 ], [ 28.835269927978516, 36.591381072998047 ], [ 28.794990539550781, 36.669158935546875 ], [ 28.63916015625, 36.719150543212891 ], [ 28.622350692749023, 36.698780059814453 ], [ 28.562770843505859, 36.823040008544922 ], [ 28.466379165649414, 36.810821533203125 ], [ 28.458610534667969, 36.880260467529297 ], [ 28.376380920410156, 36.847209930419922 ], [ 28.418050765991211, 36.815540313720703 ], [ 28.398609161376953, 36.781650543212891 ], [ 28.267490386962891, 36.847488403320312 ], [ 28.234159469604492, 36.800270080566406 ], [ 28.284439086914062, 36.722759246826172 ], [ 28.223329544067383, 36.695541381835938 ], [ 28.116659164428711, 36.613040924072266 ], [ 27.98805046081543, 36.554149627685547 ], [ 27.958879470825195, 36.596931457519531 ], [ 28.050830841064453, 36.597759246826172 ], [ 28.086660385131836, 36.638320922851562 ], [ 28.044719696044922, 36.687770843505859 ], [ 27.981660842895508, 36.685821533203125 ], [ 28.121940612792969, 36.719440460205078 ], [ 28.104440689086914, 36.765819549560547 ], [ 28.123329162597656, 36.794990539550781 ], [ 27.964439392089844, 36.746379852294922 ], [ 27.731939315795898, 36.756938934326172 ], [ 27.674440383911133, 36.699428558349609 ], [ 27.671939849853516, 36.658329010009766 ], [ 27.511940002441406, 36.674430847167969 ], [ 27.405830383300781, 36.661651611328125 ], [ 27.358600616455078, 36.703319549560547 ], [ 27.672769546508789, 36.794990539550781 ], [ 27.759159088134766, 36.781101226806641 ], [ 27.898880004882812, 36.809429168701172 ], [ 28.050270080566406, 36.799991607666016 ], [ 28.020269393920898, 36.855819702148438 ], [ 28.042770385742188, 36.889148712158203 ], [ 28.041660308837891, 36.933319091796875 ], [ 28.184160232543945, 36.937480926513672 ], [ 28.267219543457031, 37.014430999755859 ], [ 28.327499389648438, 37.025539398193359 ], [ 28.323600769042969, 37.044990539550781 ], [ 27.558879852294922, 36.990261077880859 ], [ 27.338329315185547, 36.995269775390625 ], [ 27.272220611572266, 36.955818176269531 ], [ 27.225549697875977, 37.051929473876953 ], [ 27.325830459594727, 37.154148101806641 ], [ 27.468879699707031, 37.078319549560547 ], [ 27.613609313964844, 37.263320922851562 ], [ 27.563880920410156, 37.273601531982422 ], [ 27.468610763549805, 37.248878479003906 ], [ 27.496379852294922, 37.324989318847656 ], [ 27.417219161987305, 37.300819396972656 ], [ 27.385549545288086, 37.339431762695312 ], [ 27.434440612792969, 37.389991760253906 ], [ 27.414440155029297, 37.410549163818359 ], [ 27.324710845947266, 37.369430541992188 ], [ 27.201940536499023, 37.348880767822266 ], [ 27.194719314575195, 37.601650238037109 ], [ 27.005830764770508, 37.655269622802734 ], [ 27.043050765991211, 37.683601379394531 ], [ 27.213600158691406, 37.708049774169922 ], [ 27.248600006103516, 37.739990234375 ], [ 27.269439697265625, 37.947490692138672 ], [ 27.211669921875, 37.984989166259766 ], [ 27.07805061340332, 38.010540008544922 ], [ 26.985269546508789, 38.065269470214844 ], [ 26.871110916137695, 38.030818939208984 ], [ 26.772220611572266, 38.208881378173828 ], [ 26.643329620361328, 38.202770233154297 ], [ 26.610830307006836, 38.103321075439453 ], [ 26.51416015625, 38.158039093017578 ], [ 26.233329772949219, 38.267208099365234 ], [ 26.319719314575195, 38.342208862304688 ], [ 26.369440078735352, 38.306098937988281 ], [ 26.47389030456543, 38.365821838378906 ], [ 26.510829925537109, 38.428050994873047 ], [ 26.429159164428711, 38.470268249511719 ], [ 26.369159698486328, 38.547489166259766 ], [ 26.347219467163086, 38.629989624023438 ], [ 26.407770156860352, 38.673320770263672 ], [ 26.524990081787109, 38.644161224365234 ], [ 26.634159088134766, 38.505550384521484 ], [ 26.604999542236328, 38.4658203125 ], [ 26.644439697265625, 38.337490081787109 ], [ 26.682220458984375, 38.307491302490234 ], [ 26.679990768432617, 38.407489776611328 ], [ 26.738609313964844, 38.416660308837891 ], [ 26.789159774780273, 38.354988098144531 ], [ 27.16193962097168, 38.443878173828125 ], [ 26.908599853515625, 38.460819244384766 ], [ 26.917770385742188, 38.472209930419922 ], [ 26.834159851074219, 38.551380157470703 ], [ 26.846939086914062, 38.595268249511719 ], [ 26.723329544067383, 38.648880004882812 ], [ 26.732219696044922, 38.730258941650391 ], [ 26.931940078735352, 38.753879547119141 ], [ 26.898880004882812, 38.814159393310547 ], [ 27.059719085693359, 38.868881225585938 ], [ 27.055830001831055, 38.926658630371094 ], [ 26.802770614624023, 38.954429626464844 ], [ 26.797489166259766, 39.024150848388672 ], [ 26.885829925537109, 39.069438934326172 ], [ 26.820550918579102, 39.151100158691406 ], [ 26.731380462646484, 39.203601837158203 ], [ 26.726110458374023, 39.249988555908203 ], [ 26.61305046081543, 39.268039703369141 ], [ 26.636100769042969, 39.298870086669922 ], [ 26.68943977355957, 39.309429168701172 ], [ 26.858600616455078, 39.470539093017578 ], [ 26.936660766601562, 39.482490539550781 ], [ 26.95166015625, 39.552761077880859 ], [ 26.928609848022461, 39.581100463867188 ], [ 26.489719390869141, 39.523880004882812 ], [ 26.133880615234375, 39.453041076660156 ], [ 26.073049545288086, 39.470268249511719 ], [ 26.10137939453125, 39.581661224365234 ], [ 26.154989242553711, 39.632209777832031 ], [ 26.169719696044922, 39.969440460205078 ], [ 26.200279235839844, 40.005821228027344 ], [ 26.316940307617188, 40.016380310058594 ], [ 26.403890609741211, 40.154430389404297 ], [ 26.408609390258789, 40.193321228027344 ], [ 26.510829925537109, 40.214160919189453 ], [ 26.789709091186523, 40.398880004882812 ], [ 27.026660919189453, 40.391101837158203 ], [ 27.084720611572266, 40.446929931640625 ], [ 27.277219772338867, 40.472488403320312 ], [ 27.326940536499023, 40.412208557128906 ], [ 27.305269241333008, 40.386379241943359 ], [ 27.508880615234375, 40.305820465087891 ], [ 27.777490615844727, 40.313880920410156 ], [ 27.879999160766602, 40.373321533203125 ], [ 27.68889045715332, 40.482208251953125 ], [ 27.720830917358398, 40.521648406982422 ], [ 27.778329849243164, 40.527488708496094 ], [ 28.014999389648438, 40.491649627685547 ], [ 28.030830383300781, 40.467491149902344 ], [ 27.898330688476562, 40.395820617675781 ], [ 27.917499542236328, 40.366939544677734 ], [ 28.388050079345703, 40.392768859863281 ], [ 28.747219085693359, 40.388599395751953 ], [ 29.040279388427734, 40.363880157470703 ], [ 29.146659851074219, 40.429439544677734 ], [ 29.084440231323242, 40.47637939453125 ], [ 28.794719696044922, 40.516651153564453 ], [ 28.795270919799805, 40.551380157470703 ], [ 28.986379623413086, 40.641929626464844 ], [ 29.412220001220703, 40.686939239501953 ], [ 29.510549545288086, 40.732769012451172 ], [ 29.551109313964844, 40.686100006103516 ], [ 29.923049926757812, 40.761379241943359 ], [ 29.466939926147461, 40.774150848388672 ], [ 29.356109619140625, 40.758880615234375 ], [ 29.330549240112305, 40.8135986328125 ], [ 29.017770767211914, 41.007209777832031 ], [ 29.124160766601562, 41.203601837158203 ], [ 29.245830535888672, 41.235820770263672 ], [ 29.720270156860352, 41.158870697021484 ], [ 30.198049545288086, 41.153598785400391 ], [ 30.280550003051758, 41.211929321289062 ], [ 30.730829238891602, 41.099151611328125 ], [ 30.879709243774414, 41.076930999755859 ], [ 31.276939392089844, 41.108318328857422 ], [ 31.402769088745117, 41.196659088134766 ], [ 31.395830154418945, 41.306098937988281 ], [ 32.149429321289062, 41.604709625244141 ], [ 32.282211303710938, 41.722759246826172 ], [ 32.656101226806641, 41.832489013671875 ], [ 33.070541381835938, 41.9385986328125 ], [ 33.517768859863281, 42.006938934326172 ], [ 34.715549468994141, 41.942489624023438 ], [ 34.832489013671875, 41.968318939208984 ], [ 35.022869110107422, 42.088188171386719 ], [ 35.066379547119141, 42.029148101806641 ], [ 35.211380004882812, 42.020549774169922 ], [ 35.101650238037109, 41.972759246826172 ], [ 35.093318939208984, 41.923038482666016 ], [ 35.265270233154297, 41.725818634033203 ], [ 35.576648712158203, 41.627208709716797 ], [ 35.944438934326172, 41.710269927978516 ], [ 35.973049163818359, 41.732208251953125 ], [ 36.130821228027344, 41.599151611328125 ], [ 36.116939544677734, 41.489429473876953 ], [ 36.273601531982422, 41.338871002197266 ], [ 36.429149627685547, 41.242771148681641 ], [ 36.485271453857422, 41.244430541992188 ], [ 36.612491607666016, 41.347488403320312 ], [ 36.781379699707031, 41.356929779052734 ], [ 36.918880462646484, 41.321098327636719 ], [ 37.023319244384766, 41.267490386962891 ], [ 37.040821075439453, 41.178050994873047 ], [ 37.232208251953125, 41.141651153564453 ], [ 37.472488403320312, 41.067211151123047 ], [ 37.531101226806641, 41.028881072998047 ], [ 37.638599395751953, 41.085269927978516 ], [ 37.683040618896484, 41.136100769042969 ], [ 37.804149627685547, 41.039150238037109 ], [ 38.071929931640625, 40.965259552001953 ], [ 38.489429473876953, 40.918319702148438 ], [ 39.163051605224609, 41.082489013671875 ], [ 39.263050079345703, 41.049160003662109 ], [ 39.421100616455078, 41.109439849853516 ], [ 39.816661834716797, 40.984710693359375 ], [ 39.85443115234375, 40.957500457763672 ], [ 39.996349334716797, 40.974311828613281 ], [ 40.110538482666016, 40.916660308837891 ], [ 40.187480926513672, 40.931930541992188 ], [ 40.398319244384766, 41.020549774169922 ], [ 40.543319702148438, 41.029148101806641 ], [ 40.779148101806641, 41.168319702148438 ], [ 40.931098937988281, 41.187480926513672 ], [ 41.10137939453125, 41.274711608886719 ], [ 41.391929626464844, 41.376380920410156 ], [ 41.531200408935547, 41.523479461669922 ] ] ] ] } },
{ "type": "Feature", "properties": { }, "geometry": { "type": "Polygon", "coordinates": [ [ [ 56.081211090087891, 26.066440582275391 ], [ 56.158870697021484, 26.083599090576172 ], [ 56.185539245605469, 26.014720916748047 ], [ 56.143600463867188, 25.67609977722168 ], [ 56.214710235595703, 25.615270614624023 ], [ 56.271900177001953, 25.634899139404297 ], [ 56.345829010009766, 25.596939086914062 ], [ 56.369159698486328, 25.513050079345703 ], [ 56.375820159912109, 24.964439392089844 ], [ 56.024620056152344, 25.039220809936523 ], [ 56.024620056152344, 24.206100463867188 ], [ 55.694011688232422, 23.796150207519531 ], [ 55.694011688232422, 22.288589477539062 ], [ 55.50225830078125, 22.057159423828125 ], [ 52.090408325195312, 22.520009994506836 ], [ 51.495319366455078, 23.604389190673828 ], [ 50.847339630126953, 24.25238037109375 ], [ 50.827640533447266, 24.753860473632812 ], [ 50.969429016113281, 24.577770233154297 ], [ 51.108619689941406, 24.55558967590332 ], [ 51.216030120849609, 24.619029998779297 ], [ 51.275539398193359, 24.61638069152832 ], [ 51.304988861083984, 24.509990692138672 ], [ 51.342491149902344, 24.537490844726562 ], [ 51.396389007568359, 24.618249893188477 ], [ 51.492771148681641, 24.571939468383789 ], [ 51.314159393310547, 24.419439315795898 ], [ 51.291370391845703, 24.339990615844727 ], [ 51.47943115234375, 24.308610916137695 ], [ 51.543319702148438, 24.25193977355957 ], [ 51.590259552001953, 24.267770767211914 ], [ 51.591381072998047, 24.378330230712891 ], [ 51.622211456298828, 24.344720840454102 ], [ 51.635540008544922, 24.209720611572266 ], [ 51.720829010009766, 24.217769622802734 ], [ 51.743881225585938, 24.28639030456543 ], [ 51.780818939208984, 24.266670227050781 ], [ 51.771099090576172, 24.14055061340332 ], [ 51.807769775390625, 24.002500534057617 ], [ 51.854160308837891, 23.98805046081543 ], [ 51.956928253173828, 23.993610382080078 ], [ 52.080539703369141, 23.955549240112305 ], [ 52.254428863525391, 23.979999542236328 ], [ 52.489158630371094, 24.090829849243164 ], [ 52.581661224365234, 24.194440841674805 ], [ 52.630550384521484, 24.196380615234375 ], [ 52.681930541992188, 24.136390686035156 ], [ 53.161930084228516, 24.123050689697266 ], [ 53.145820617675781, 24.161659240722656 ], [ 53.165271759033203, 24.166389465332031 ], [ 53.255260467529297, 24.096660614013672 ], [ 53.340549468994141, 24.10222053527832 ], [ 53.761928558349609, 24.055830001831055 ], [ 54.128879547119141, 24.143880844116211 ], [ 54.193050384521484, 24.200830459594727 ], [ 54.081100463867188, 24.272499084472656 ], [ 54.086650848388672, 24.30055046081543 ], [ 54.151931762695312, 24.328609466552734 ], [ 54.194709777832031, 24.238880157470703 ], [ 54.245819091796875, 24.217769622802734 ], [ 54.295269012451172, 24.249439239501953 ], [ 54.381938934326172, 24.252220153808594 ], [ 54.494430541992188, 24.436100006103516 ], [ 54.570270538330078, 24.43804931640625 ], [ 54.583881378173828, 24.463329315185547 ], [ 54.526660919189453, 24.509719848632812 ], [ 54.598049163818359, 24.523880004882812 ], [ 54.645820617675781, 24.628879547119141 ], [ 54.653049468994141, 24.708879470825195 ], [ 54.707759857177734, 24.801380157470703 ], [ 54.767490386962891, 24.789440155029297 ], [ 54.764991760253906, 24.831939697265625 ], [ 55.016929626464844, 24.983049392700195 ], [ 55.279148101806641, 25.257499694824219 ], [ 55.329708099365234, 25.247219085693359 ], [ 55.296649932861328, 25.272499084472656 ], [ 55.559711456298828, 25.581659317016602 ], [ 55.549991607666016, 25.519439697265625 ], [ 55.628318786621094, 25.532779693603516 ], [ 55.652488708496094, 25.589160919189453 ], [ 55.954708099365234, 25.823049545288086 ], [ 55.947769165039062, 25.76555061340332 ], [ 56.081211090087891, 26.066440582275391 ] ] ] } },
{ "type": "Feature", "properties": { }, "geometry": { "type": "Polygon", "coordinates": [ [ [ 51.999149322509766, 18.998880386352539 ], [ 51.904148101806641, 18.545280456542969 ], [ 52.746379852294922, 17.336940765380859 ], [ 52.710269927978516, 17.080270767211914 ], [ 53.078250885009766, 16.64385986328125 ], [ 52.687210083007812, 16.50054931640625 ], [ 52.451099395751953, 16.393890380859375 ], [ 52.267208099365234, 16.225559234619141 ], [ 52.156379699707031, 15.976110458374023 ], [ 52.237209320068359, 15.666110038757324 ], [ 51.671939849853516, 15.394720077514648 ], [ 51.675270080566406, 15.332220077514648 ], [ 51.514148712158203, 15.306940078735352 ], [ 51.471660614013672, 15.266389846801758 ], [ 50.975818634033203, 15.128330230712891 ], [ 50.450820922851562, 15.005279541015625 ], [ 50.345539093017578, 14.915829658508301 ], [ 50.044429779052734, 14.816109657287598 ], [ 50.01470947265625, 14.845829963684082 ], [ 49.638599395751953, 14.750269889831543 ], [ 49.179988861083984, 14.540550231933594 ], [ 49.184940338134766, 14.510549545288086 ], [ 49.138599395751953, 14.533049583435059 ], [ 49.074989318847656, 14.50139045715332 ], [ 49.000820159912109, 14.314999580383301 ], [ 48.698040008544922, 14.039999961853027 ], [ 48.549430847167969, 14.038610458374023 ], [ 48.499710083007812, 14.000829696655273 ], [ 48.445541381835938, 14.016670227050781 ], [ 48.269428253173828, 13.983610153198242 ], [ 48.137489318847656, 14.024169921875 ], [ 47.984989166259766, 14.045559883117676 ], [ 47.387210845947266, 13.643610000610352 ], [ 47.113601684570312, 13.583330154418945 ], [ 46.833320617675781, 13.482769966125488 ], [ 46.574989318847656, 13.430000305175781 ], [ 46.027759552001953, 13.406669616699219 ], [ 45.629989624023438, 13.32388973236084 ], [ 45.392768859863281, 13.057220458984375 ], [ 45.160820007324219, 12.992779731750488 ], [ 45.072208404541016, 12.87306022644043 ], [ 45.061378479003906, 12.756389617919922 ], [ 45.034431457519531, 12.752220153808594 ], [ 44.976650238037109, 12.784999847412109 ], [ 45.042758941650391, 12.814999580383301 ], [ 45.006378173828125, 12.853610038757324 ], [ 44.889148712158203, 12.782779693603516 ], [ 44.915821075439453, 12.743330001831055 ], [ 44.773601531982422, 12.769720077514648 ], [ 44.728321075439453, 12.742219924926758 ], [ 44.697208404541016, 12.795559883117676 ], [ 44.605258941650391, 12.818610191345215 ], [ 44.544429779052734, 12.798890113830566 ], [ 44.459709167480469, 12.718050003051758 ], [ 44.28887939453125, 12.634719848632812 ], [ 44.137210845947266, 12.629719734191895 ], [ 44.16387939453125, 12.653889656066895 ], [ 44.062210083007812, 12.605830192565918 ], [ 43.934711456298828, 12.599720001220703 ], [ 43.898319244384766, 12.651670455932617 ], [ 43.598880767822266, 12.75 ], [ 43.534431457519531, 12.690830230712891 ], [ 43.459991455078125, 12.684439659118652 ], [ 43.483879089355469, 12.817219734191895 ], [ 43.228038787841797, 13.277770042419434 ], [ 43.293048858642578, 13.591110229492188 ], [ 43.237770080566406, 13.829999923706055 ], [ 43.086650848388672, 13.993330001831055 ], [ 43.102210998535156, 14.176389694213867 ], [ 42.990821838378906, 14.443889617919922 ], [ 43.021930694580078, 14.445549964904785 ], [ 43.027210235595703, 14.555549621582031 ], [ 42.960540771484375, 14.700830459594727 ], [ 42.936649322509766, 14.81110954284668 ], [ 42.948318481445312, 14.826109886169434 ], [ 42.853321075439453, 15.143050193786621 ], [ 42.719440460205078, 15.210280418395996 ], [ 42.632770538330078, 15.184169769287109 ], [ 42.613880157470703, 15.247500419616699 ], [ 42.684429168701172, 15.238889694213867 ], [ 42.709991455078125, 15.361390113830566 ], [ 42.781379699707031, 15.245829582214355 ], [ 42.785259246826172, 15.466939926147461 ], [ 42.714710235595703, 15.562219619750977 ], [ 42.700820922851562, 15.721940040588379 ], [ 42.836380004882812, 15.890830039978027 ], [ 42.811939239501953, 16.317499160766602 ], [ 42.790271759033203, 16.377220153808594 ], [ 43.066661834716797, 16.549440383911133 ], [ 43.102489471435547, 16.679439544677734 ], [ 43.206089019775391, 16.672210693359375 ], [ 43.185260772705078, 16.752220153808594 ], [ 43.230541229248047, 16.776660919189453 ], [ 43.228031158447266, 16.809719085693359 ], [ 43.153591156005859, 16.848600387573242 ], [ 43.173038482666016, 17.211099624633789 ], [ 43.273868560791016, 17.26361083984375 ], [ 43.256099700927734, 17.307220458984375 ], [ 43.180538177490234, 17.332500457763672 ], [ 43.270820617675781, 17.42555046081543 ], [ 43.449150085449219, 17.527500152587891 ], [ 43.526371002197266, 17.516670227050781 ], [ 43.792209625244141, 17.346099853515625 ], [ 43.909709930419922, 17.358879089355469 ], [ 43.909709930419922, 17.313329696655273 ], [ 43.956928253173828, 17.308050155639648 ], [ 44.023868560791016, 17.374990463256836 ], [ 44.114711761474609, 17.343050003051758 ], [ 44.173320770263672, 17.41193962097168 ], [ 44.340541839599609, 17.41387939453125 ], [ 44.498870849609375, 17.395820617675781 ], [ 45.5908203125, 15.105549812316895 ], [ 47.461940765380859, 17.574150085449219 ], [ 51.999149322509766, 18.998880386352539 ] ] ] } }
]
}
